2018.04.20 06:00:00.399,10.38771,10.38978,1.00,1.00
2018.04.20 06:00:02.227,10.38764,10.3897,1.00,1.00
2018.04.20 06:00:08.366,10.38754,10.38961,1.00,1.00
2018.04.20 06:00:08.417,10.38769,10.38969,1.00,1.00
2018.04.20 06:00:10.270,10.38758,10.38965,1.00,1.00
2018.04.20 06:00:10.953,10.38758,10.38964,1.00,1.00
2018.04.20 06:00:16.256,10.3875,10.38957,1.00,1.00
2018.04.20 06:00:16.307,10.38745,10.38943,1.00,1.00
2018.04.20 06:00:16.468,10.38745,10.38953,1.00,1.00
2018.04.20 06:00:16.519,10.38745,10.38943,1.00,1.00
2018.04.20 06:00:16.622,10.38745,10.38952,1.50,1.00
2018.04.20 06:00:30.149,10.3875,10.38952,1.00,1.00
2018.04.20 06:00:30.220,10.3875,10.38955,1.00,1.00
2018.04.20 06:00:30.271,10.3875,10.38947,1.00,1.00
2018.04.20 06:00:31.089,10.38749,10.38947,1.00,1.00
2018.04.20 06:00:31.246,10.38747,10.38946,1.00,1.00
2018.04.20 06:00:31.297,10.38751,10.38946,1.00,1.00
2018.04.20 06:00:32.079,10.38751,10.38945,1.00,1.00
2018.04.20 06:00:32.512,10.38749,10.38946,1.00,1.00
2018.04.20 06:00:33.531,10.38749,10.38955,1.00,1.00
2018.04.20 06:00:33.583,10.38753,10.38946,1.00,1.00
2018.04.20 06:00:39.521,10.38753,10.38923,1.00,1.00
2018.04.20 06:00:39.573,10.38743,10.38923,1.00,1.00
2018.04.20 06:00:39.625,10.38722,10.38906,1.00,1.00
2018.04.20 06:00:41.641,10.3871,10.38906,1.00,1.00
2018.04.20 06:00:48.286,10.3871,10.38895,1.00,1.00
2018.04.20 06:00:48.390,10.38699,10.38888,1.00,1.00
2018.04.20 06:00:48.519,10.38699,10.38877,1.00,1.00
2018.04.20 06:00:50.241,10.38686,10.3888,1.00,1.00
2018.04.20 06:00:51.761,10.38674,10.38849,1.00,1.00
2018.04.20 06:00:51.812,10.38669,10.38849,1.00,1.00
2018.04.20 06:00:51.864,10.38667,10.38841,1.00,1.00
2018.04.20 06:00:52.018,10.38647,10.38833,1.00,1.00
2018.04.20 06:00:52.070,10.38647,10.38823,1.00,1.00
2018.04.20 06:00:52.172,10.38616,10.38794,1.00,1.00
2018.04.20 06:00:52.224,10.38616,10.38786,1.00,1.00
2018.04.20 06:00:52.530,10.38605,10.38768,1.00,1.00
2018.04.20 06:00:56.662,10.38604,10.38768,1.00,1.00
2018.04.20 06:01:10.080,10.38604,10.38755,1.00,1.00
2018.04.20 06:01:10.131,10.38602,10.38755,1.00,1.00
2018.04.20 06:01:11.652,10.38598,10.38755,1.00,1.00
2018.04.20 06:01:14.444,10.38598,10.38745,1.00,1.00
2018.04.20 06:01:15.862,10.38593,10.38745,1.00,1.00
2018.04.20 06:01:26.279,10.3859,10.38733,1.00,1.00
2018.04.20 06:01:26.654,10.3859,10.38741,1.00,1.00
2018.04.20 06:01:26.740,10.3859,10.38749,1.00,1.00
2018.04.20 06:01:27.734,10.3859,10.3874,1.00,1.00
2018.04.20 06:01:27.786,10.3859,10.38748,1.00,1.00
2018.04.20 06:01:28.961,10.3859,10.3874,1.00,1.00
2018.04.20 06:01:30.271,10.3859,10.38744,1.00,1.00
2018.04.20 06:01:30.888,10.38592,10.38744,1.00,1.00
2018.04.20 06:01:37.049,10.38592,10.38753,1.00,1.00
2018.04.20 06:01:37.201,10.38594,10.38753,1.00,1.00
2018.04.20 06:01:37.535,10.38594,10.3876,1.00,1.00
2018.04.20 06:01:41.711,10.38595,10.3876,1.00,1.00
2018.04.20 06:01:43.826,10.3861,10.3876,1.00,1.00
2018.04.20 06:01:44.130,10.38598,10.3876,1.00,1.00
2018.04.20 06:01:45.869,10.38597,10.3876,1.00,1.00
2018.04.20 06:01:56.752,10.38601,10.3876,1.00,1.00
2018.04.20 06:01:57.962,10.38572,10.3875,1.00,1.00
2018.04.20 06:01:58.014,10.3856,10.38742,1.00,1.00
2018.04.20 06:01:58.066,10.38536,10.38723,1.00,1.00
2018.04.20 06:01:58.118,10.3851,10.38689,1.00,1.00
2018.04.20 06:01:58.169,10.38484,10.38676,1.00,1.00
2018.04.20 06:01:58.221,10.38457,10.38636,1.00,1.00
2018.04.20 06:01:58.323,10.38387,10.3858,1.00,1.50
2018.04.20 06:01:58.405,10.38376,10.38554,1.00,1.00
2018.04.20 06:01:58.457,10.38311,10.38516,1.00,1.00
2018.04.20 06:01:58.510,10.38289,10.38487,1.00,1.00
2018.04.20 06:01:58.821,10.38288,10.38466,1.00,1.00
2018.04.20 06:01:58.873,10.38276,10.38457,1.00,1.00
2018.04.20 06:01:58.975,10.38276,10.38465,1.00,1.00
2018.04.20 06:01:59.180,10.38276,10.38456,1.00,1.00
2018.04.20 06:02:00.172,10.38276,10.38463,1.00,1.00
2018.04.20 06:02:00.758,10.38299,10.38463,1.00,1.00
2018.04.20 06:02:01.706,10.38299,10.38455,1.00,1.00
2018.04.20 06:02:04.281,10.38288,10.38455,1.00,1.00
2018.04.20 06:02:04.333,10.38288,10.38447,1.00,1.00
2018.04.20 06:02:05.738,10.38288,10.38439,1.00,1.00
2018.04.20 06:02:10.272,10.38288,10.38444,1.00,1.00
2018.04.20 06:02:11.070,10.38288,10.38434,1.00,1.00
2018.04.20 06:02:11.409,10.38299,10.38442,1.00,1.00
2018.04.20 06:02:11.644,10.38287,10.38442,1.00,1.00
2018.04.20 06:02:11.747,10.38287,10.3845,1.00,1.00
2018.04.20 06:02:11.798,10.38289,10.3846,1.00,1.00
2018.04.20 06:02:11.850,10.38289,10.38467,1.00,1.00
2018.04.20 06:02:11.901,10.38299,10.38475,1.00,1.00
2018.04.20 06:02:12.223,10.38299,10.38465,1.00,1.00
2018.04.20 06:02:12.384,10.38299,10.38467,1.00,1.00
2018.04.20 06:02:12.867,10.38299,10.38458,1.00,1.00
2018.04.20 06:02:12.969,10.38299,10.38469,1.00,1.00
2018.04.20 06:02:13.071,10.38299,10.38482,1.00,1.00
2018.04.20 06:02:13.122,10.38299,10.38468,1.00,1.00
2018.04.20 06:02:14.004,10.38299,10.38476,1.00,1.00
2018.04.20 06:02:14.159,10.38299,10.38468,1.00,1.00
2018.04.20 06:02:14.416,10.38312,10.38482,1.00,1.00
2018.04.20 06:02:14.468,10.38312,10.38491,1.00,1.00
2018.04.20 06:02:15.741,10.38312,10.38483,1.00,1.00
2018.04.20 06:02:15.948,10.38309,10.38483,1.00,1.00
2018.04.20 06:02:22.185,10.38309,10.38491,1.00,1.00
2018.04.20 06:02:22.292,10.38301,10.38482,1.00,1.00
2018.04.20 06:02:22.396,10.38301,10.38491,1.00,1.00
2018.04.20 06:02:22.499,10.3831,10.38501,1.00,1.00
2018.04.20 06:02:22.550,10.38313,10.38501,1.00,1.00
2018.04.20 06:02:24.073,10.38325,10.38516,1.00,1.00
2018.04.20 06:02:24.597,10.38325,10.38517,1.00,1.00
2018.04.20 06:02:25.329,10.38317,10.38507,1.00,1.00
2018.04.20 06:02:30.241,10.38315,10.38507,1.00,1.00
2018.04.20 06:02:31.006,10.38313,10.38505,1.50,1.00
2018.04.20 06:02:35.430,10.38313,10.3852,1.00,1.00
2018.04.20 06:02:50.270,10.38312,10.38519,1.00,1.00
2018.04.20 06:02:53.126,10.3832,10.38527,1.00,1.00
2018.04.20 06:02:53.611,10.38318,10.38527,1.00,1.00
2018.04.20 06:02:54.044,10.38311,10.38518,1.50,1.00
2018.04.20 06:02:56.429,10.38319,10.38526,1.00,1.00
2018.04.20 06:02:56.754,10.38311,10.38518,1.50,1.00
2018.04.20 06:02:57.370,10.38312,10.38518,1.00,1.00
2018.04.20 06:03:00.165,10.38358,10.38529,1.00,1.00
2018.04.20 06:03:00.292,10.3838,10.3857,1.00,1.00
2018.04.20 06:03:00.343,10.38389,10.3857,1.00,1.00
2018.04.20 06:03:00.449,10.3838,10.3857,1.00,1.00
2018.04.20 06:03:00.687,10.38388,10.3858,1.00,1.00
2018.04.20 06:03:11.963,10.38382,10.3858,1.00,1.00
2018.04.20 06:03:12.424,10.38388,10.3858,1.00,1.00
2018.04.20 06:03:16.096,10.38389,10.38581,1.00,1.00
2018.04.20 06:03:26.957,10.38387,10.38579,1.00,1.00
2018.04.20 06:03:31.097,10.38389,10.38581,1.00,1.00
2018.04.20 06:03:37.392,10.38389,10.3858,1.00,1.00
2018.04.20 06:03:37.950,10.38389,10.38581,1.00,1.00
2018.04.20 06:03:40.352,10.38397,10.3859,1.00,1.00
2018.04.20 06:03:41.991,10.38397,10.38589,1.00,1.00
2018.04.20 06:03:46.161,10.38399,10.38591,1.00,1.00
2018.04.20 06:03:57.031,10.38397,10.38589,1.00,1.00
2018.04.20 06:03:59.101,10.38387,10.38579,1.00,1.00
2018.04.20 06:04:01.185,10.38389,10.38581,1.00,1.00
2018.04.20 06:04:08.008,10.38365,10.38557,1.00,1.00
2018.04.20 06:04:08.162,10.38361,10.38562,1.00,1.00
2018.04.20 06:04:08.315,10.38363,10.3857,1.00,1.00
2018.04.20 06:04:08.366,10.38366,10.38558,1.00,1.00
2018.04.20 06:04:08.729,10.38371,10.38561,1.00,1.00
2018.04.20 06:04:10.241,10.38369,10.38561,1.00,1.00
2018.04.20 06:04:12.017,10.38371,10.38563,1.00,1.00
2018.04.20 06:04:26.296,10.38374,10.38563,1.00,1.00
2018.04.20 06:04:27.041,10.38374,10.38565,1.00,1.00
2018.04.20 06:04:27.575,10.38373,10.38565,1.00,1.00
2018.04.20 06:04:31.199,10.38365,10.38557,1.00,1.00
2018.04.20 06:04:42.071,10.38363,10.38555,1.00,1.00
2018.04.20 06:04:46.228,10.38365,10.38557,1.00,1.00
2018.04.20 06:04:48.015,10.38376,10.38568,1.00,1.00
2018.04.20 06:04:48.437,10.38383,10.38575,1.00,1.00
2018.04.20 06:04:48.798,10.38387,10.38579,1.00,1.00
2018.04.20 06:04:57.101,10.38391,10.38583,1.00,1.00
2018.04.20 06:05:00.706,10.3842,10.386,1.00,1.00
2018.04.20 06:05:00.809,10.38428,10.3862,1.00,1.00
2018.04.20 06:05:01.211,10.3844,10.3862,1.00,1.00
2018.04.20 06:05:01.262,10.38426,10.3862,1.00,1.00
2018.04.20 06:05:01.954,10.38439,10.3862,1.00,1.00
2018.04.20 06:05:02.005,10.38429,10.3862,1.00,1.00
2018.04.20 06:05:07.457,10.38439,10.38637,1.00,1.00
2018.04.20 06:05:07.509,10.38446,10.38637,1.00,1.00
2018.04.20 06:05:12.181,10.38446,10.3864,1.00,1.00
2018.04.20 06:05:23.922,10.38453,10.3864,1.00,1.00
2018.04.20 06:05:27.209,10.38453,10.38651,1.00,1.00
2018.04.20 06:05:27.658,10.38444,10.38651,1.00,1.50
2018.04.20 06:05:27.903,10.38436,10.38637,1.00,1.00
2018.04.20 06:05:28.415,10.3844,10.38633,1.00,1.00
2018.04.20 06:05:31.368,10.38436,10.38631,1.00,1.00
2018.04.20 06:05:31.581,10.38438,10.38631,1.00,1.00
2018.04.20 06:05:31.704,10.38436,10.38631,1.00,1.00
2018.04.20 06:05:36.651,10.38438,10.38631,1.00,1.00
2018.04.20 06:05:42.191,10.38439,10.38632,1.00,1.00
2018.04.20 06:05:43.853,10.38439,10.38619,1.00,1.00
2018.04.20 06:05:43.905,10.38401,10.3861,1.00,1.00
2018.04.20 06:05:43.957,10.384,10.3859,1.00,1.00
2018.04.20 06:05:44.009,10.38378,10.38579,1.00,1.00
2018.04.20 06:05:46.398,10.38372,10.38579,1.50,1.00
2018.04.20 06:05:50.289,10.38372,10.38576,1.00,1.00
2018.04.20 06:05:51.059,10.38369,10.38576,1.00,1.00
2018.04.20 06:06:10.357,10.38372,10.38579,1.00,1.00
2018.04.20 06:06:14.950,10.38372,10.38559,1.00,1.00
2018.04.20 06:06:20.008,10.38367,10.38559,1.00,1.00
2018.04.20 06:06:20.161,10.38364,10.38571,1.00,1.00
2018.04.20 06:06:20.346,10.38361,10.38563,1.00,1.00
2018.04.20 06:06:20.551,10.38364,10.38573,1.00,1.00
2018.04.20 06:06:20.704,10.38364,10.38555,1.00,1.00
2018.04.20 06:06:21.302,10.38363,10.38555,1.00,1.00
2018.04.20 06:06:21.354,10.38361,10.38561,1.00,1.00
2018.04.20 06:06:25.727,10.38362,10.38555,1.00,1.00
2018.04.20 06:06:25.778,10.38357,10.38561,1.00,1.00
2018.04.20 06:06:26.949,10.38357,10.38553,1.00,1.00
2018.04.20 06:06:27.327,10.38352,10.38553,1.00,1.00
2018.04.20 06:06:35.834,10.38351,10.38545,1.00,1.00
2018.04.20 06:06:35.988,10.38339,10.38546,1.00,1.00
2018.04.20 06:06:36.236,10.38351,10.38554,1.00,1.00
2018.04.20 06:06:36.565,10.38351,10.38543,1.00,1.00
2018.04.20 06:06:36.617,10.3835,10.38547,1.00,1.00
2018.04.20 06:06:36.873,10.3835,10.38557,1.50,1.00
2018.04.20 06:06:37.379,10.3835,10.38543,1.50,1.00
2018.04.20 06:06:41.445,10.38346,10.3855,1.00,1.00
2018.04.20 06:06:41.965,10.38345,10.3855,1.00,1.00
2018.04.20 06:06:42.016,10.38351,10.38543,1.00,1.00
2018.04.20 06:06:45.719,10.38352,10.38543,1.00,1.00
2018.04.20 06:06:46.514,10.38354,10.38546,1.00,1.00
2018.04.20 06:06:56.756,10.3836,10.38546,1.00,1.00
2018.04.20 06:06:57.003,10.38354,10.38546,1.00,1.00
2018.04.20 06:06:57.320,10.3836,10.38546,1.00,1.00
2018.04.20 06:06:57.372,10.3836,10.38551,1.00,1.00
2018.04.20 06:06:59.798,10.38359,10.38551,1.00,1.00
2018.04.20 06:07:01.511,10.38352,10.38544,1.00,1.00
2018.04.20 06:07:03.123,10.3835,10.38544,1.00,1.00
2018.04.20 06:07:03.174,10.38348,10.38541,1.00,1.00
2018.04.20 06:07:11.563,10.3836,10.38552,1.00,1.00
2018.04.20 06:07:12.444,10.38353,10.38545,1.00,1.00
2018.04.20 06:07:13.366,10.38354,10.38545,1.00,1.00
2018.04.20 06:07:13.911,10.38353,10.38545,1.00,1.00
2018.04.20 06:07:15.720,10.38354,10.38545,1.00,1.00
2018.04.20 06:07:16.577,10.38356,10.38548,1.00,1.00
2018.04.20 06:07:27.425,10.38354,10.38546,1.50,1.00
2018.04.20 06:07:29.170,10.38363,10.38546,1.00,1.00
2018.04.20 06:07:30.037,10.38363,10.38553,1.00,1.00
2018.04.20 06:07:31.593,10.38363,10.38555,1.50,1.00
2018.04.20 06:07:31.694,10.38371,10.38563,1.00,1.00
2018.04.20 06:07:33.089,10.38363,10.38553,1.00,1.00
2018.04.20 06:07:33.140,10.38361,10.38553,1.00,1.00
2018.04.20 06:07:34.437,10.38352,10.38544,1.50,1.00
2018.04.20 06:07:35.400,10.3835,10.38542,1.00,1.00
2018.04.20 06:07:36.188,10.3835,10.38534,1.00,1.00
2018.04.20 06:07:39.909,10.38351,10.38534,1.00,1.00
2018.04.20 06:07:40.466,10.3835,10.38534,1.00,1.00
2018.04.20 06:07:41.030,10.3835,10.38542,1.50,1.00
2018.04.20 06:07:41.082,10.3835,10.38534,1.00,1.00
2018.04.20 06:07:42.481,10.38347,10.38541,1.00,1.00
2018.04.20 06:07:42.533,10.3835,10.38541,1.00,1.00
2018.04.20 06:07:42.988,10.38359,10.38551,1.00,1.00
2018.04.20 06:07:43.252,10.38355,10.38541,1.00,1.00
2018.04.20 06:07:43.304,10.38349,10.38541,1.00,1.00
2018.04.20 06:07:43.566,10.38353,10.38541,1.00,1.00
2018.04.20 06:07:43.773,10.38349,10.38541,1.00,1.00
2018.04.20 06:07:43.875,10.38353,10.38541,1.00,1.00
2018.04.20 06:07:43.978,10.38349,10.38541,1.00,1.00
2018.04.20 06:07:44.080,10.38353,10.38541,1.00,1.00
2018.04.20 06:07:44.182,10.38349,10.38541,1.00,1.00
2018.04.20 06:07:44.233,10.38353,10.38541,1.00,1.00
2018.04.20 06:07:44.444,10.38349,10.38541,1.00,1.00
2018.04.20 06:07:44.647,10.38353,10.38541,1.00,1.00
2018.04.20 06:07:44.952,10.38349,10.38541,1.00,1.00
2018.04.20 06:07:45.307,10.38353,10.38541,1.00,1.00
2018.04.20 06:07:46.433,10.38349,10.38541,1.00,1.00
2018.04.20 06:07:46.536,10.38356,10.38541,1.00,1.00
2018.04.20 06:07:46.639,10.38355,10.38547,1.00,1.00
2018.04.20 06:07:46.945,10.38357,10.38547,1.00,1.00
2018.04.20 06:07:46.996,10.38355,10.38547,1.00,1.00
2018.04.20 06:07:47.761,10.38356,10.38547,1.00,1.00
2018.04.20 06:07:48.268,10.38355,10.38547,1.00,1.00
2018.04.20 06:07:48.375,10.3836,10.38547,1.00,1.00
2018.04.20 06:07:48.740,10.38355,10.38547,1.00,1.00
2018.04.20 06:07:50.437,10.38355,10.38542,1.00,1.00
2018.04.20 06:07:50.539,10.38345,10.38537,1.00,1.00
2018.04.20 06:07:51.506,10.38351,10.38537,1.00,1.00
2018.04.20 06:07:51.747,10.38355,10.38547,1.00,1.00
2018.04.20 06:07:52.377,10.38359,10.38547,1.00,1.00
2018.04.20 06:07:52.524,10.38355,10.38547,1.00,1.00
2018.04.20 06:07:52.575,10.38357,10.38547,1.00,1.00
2018.04.20 06:07:52.627,10.38355,10.38547,1.00,1.00
2018.04.20 06:07:53.088,10.3836,10.38552,1.00,1.00
2018.04.20 06:07:56.101,10.38371,10.38564,1.00,1.00
2018.04.20 06:07:57.509,10.38369,10.38561,1.00,1.00
2018.04.20 06:07:58.126,10.38369,10.38557,1.00,1.00
2018.04.20 06:07:59.984,10.38369,10.38561,1.00,1.00
2018.04.20 06:08:01.501,10.38374,10.38561,1.00,1.00
2018.04.20 06:08:01.619,10.38374,10.38564,1.00,1.00
2018.04.20 06:08:01.875,10.38372,10.38564,1.00,1.00
2018.04.20 06:08:03.555,10.38365,10.38554,1.00,1.00
2018.04.20 06:08:03.993,10.38365,10.3855,1.00,1.00
2018.04.20 06:08:04.300,10.38361,10.3855,1.00,1.00
2018.04.20 06:08:04.352,10.38368,10.3856,1.00,1.00
2018.04.20 06:08:05.065,10.38358,10.38549,1.00,1.00
2018.04.20 06:08:05.459,10.38366,10.38549,1.00,1.00
2018.04.20 06:08:05.644,10.38358,10.38549,1.00,1.00
2018.04.20 06:08:05.811,10.38358,10.38543,1.00,1.00
2018.04.20 06:08:05.867,10.38351,10.38543,1.00,1.00
2018.04.20 06:08:05.990,10.3835,10.38539,1.00,1.00
2018.04.20 06:08:07.755,10.3835,10.38534,1.00,1.00
2018.04.20 06:08:09.495,10.3835,10.38539,1.00,1.00
2018.04.20 06:08:10.574,10.38347,10.38539,1.00,1.00
2018.04.20 06:08:10.676,10.38353,10.38539,1.00,1.00
2018.04.20 06:08:11.194,10.38347,10.38539,1.00,1.00
2018.04.20 06:08:11.850,10.38354,10.38539,1.00,1.00
2018.04.20 06:08:11.955,10.38358,10.3855,1.00,1.00
2018.04.20 06:08:12.542,10.38353,10.38545,1.00,1.00
2018.04.20 06:08:13.317,10.38362,10.38554,1.00,1.00
2018.04.20 06:08:16.700,10.3836,10.38549,1.00,1.00
2018.04.20 06:08:17.271,10.38361,10.38549,1.00,1.00
2018.04.20 06:08:17.853,10.3836,10.38549,1.00,1.00
2018.04.20 06:08:18.861,10.38357,10.38549,1.00,1.00
2018.04.20 06:08:22.706,10.38366,10.38558,1.00,1.00
2018.04.20 06:08:23.626,10.38366,10.38557,1.00,1.00
2018.04.20 06:08:23.934,10.38367,10.38559,1.00,1.00
2018.04.20 06:08:24.229,10.38368,10.38557,1.00,1.00
2018.04.20 06:08:24.281,10.38368,10.38559,1.00,1.00
2018.04.20 06:08:24.586,10.38371,10.38559,1.00,1.00
2018.04.20 06:08:24.637,10.38367,10.38557,1.00,1.00
2018.04.20 06:08:24.739,10.38367,10.38559,1.00,1.00
2018.04.20 06:08:24.790,10.38371,10.38559,1.00,1.00
2018.04.20 06:08:24.841,10.38367,10.38559,1.00,1.00
2018.04.20 06:08:25.047,10.38367,10.38557,1.00,1.00
2018.04.20 06:08:25.150,10.38367,10.38559,1.00,1.00
2018.04.20 06:08:25.201,10.38367,10.38557,1.00,1.00
2018.04.20 06:08:25.316,10.38367,10.38559,1.00,1.00
2018.04.20 06:08:25.367,10.38367,10.38557,1.00,1.00
2018.04.20 06:08:25.469,10.38367,10.38559,1.00,1.00
2018.04.20 06:08:25.571,10.38369,10.38557,1.00,1.00
2018.04.20 06:08:25.622,10.38369,10.38559,1.00,1.00
2018.04.20 06:08:27.521,10.38369,10.3856,1.00,1.00
2018.04.20 06:08:29.263,10.38379,10.3856,1.00,1.00
2018.04.20 06:08:29.418,10.38379,10.38571,1.00,1.00
2018.04.20 06:08:30.929,10.38372,10.38571,1.00,1.00
2018.04.20 06:08:31.191,10.38384,10.38571,1.00,1.00
2018.04.20 06:08:31.699,10.38384,10.38576,1.00,1.00
2018.04.20 06:08:32.475,10.38384,10.38572,1.00,1.00
2018.04.20 06:08:32.862,10.3838,10.38572,1.00,1.00
2018.04.20 06:08:33.920,10.38373,10.38562,1.00,1.00
2018.04.20 06:08:42.602,10.38373,10.38561,1.00,1.00
2018.04.20 06:08:42.857,10.38369,10.38561,1.00,1.00
2018.04.20 06:08:43.222,10.38366,10.38551,1.00,1.00
2018.04.20 06:08:43.375,10.38369,10.38561,1.00,1.00
2018.04.20 06:08:43.923,10.38359,10.38551,1.50,1.00
2018.04.20 06:08:44.382,10.38366,10.38551,1.00,1.00
2018.04.20 06:08:44.433,10.38359,10.38551,1.00,1.00
2018.04.20 06:08:44.626,10.38365,10.38551,1.00,1.00
2018.04.20 06:08:44.677,10.38359,10.38551,1.00,1.00
2018.04.20 06:08:44.779,10.38367,10.38551,1.00,1.00
2018.04.20 06:08:44.881,10.38359,10.38551,1.50,1.00
2018.04.20 06:08:44.985,10.38367,10.38551,1.00,1.00
2018.04.20 06:08:45.187,10.38359,10.38551,1.50,1.00
2018.04.20 06:08:45.289,10.38366,10.38551,1.00,1.00
2018.04.20 06:08:45.493,10.3837,10.38562,1.00,1.00
2018.04.20 06:08:45.645,10.38359,10.38551,1.00,1.00
2018.04.20 06:08:46.030,10.38367,10.38551,1.00,1.00
2018.04.20 06:08:46.081,10.38359,10.38551,1.50,1.00
2018.04.20 06:08:46.420,10.38367,10.38551,1.00,1.00
2018.04.20 06:08:46.707,10.38367,10.38553,1.00,1.00
2018.04.20 06:08:46.870,10.38361,10.38553,1.00,1.00
2018.04.20 06:08:47.465,10.38367,10.38553,1.00,1.00
2018.04.20 06:08:47.516,10.38361,10.38553,1.00,1.00
2018.04.20 06:08:47.567,10.3837,10.38562,1.00,1.00
2018.04.20 06:08:48.074,10.38376,10.38562,1.00,1.00
2018.04.20 06:08:48.176,10.3837,10.38562,1.00,1.00
2018.04.20 06:08:48.227,10.38376,10.38562,1.00,1.00
2018.04.20 06:08:48.380,10.3837,10.38562,1.00,1.00
2018.04.20 06:08:48.483,10.38374,10.38562,1.00,1.00
2018.04.20 06:08:48.817,10.3837,10.38562,1.00,1.00
2018.04.20 06:08:48.919,10.38376,10.38562,1.00,1.00
2018.04.20 06:08:48.971,10.3837,10.38562,1.00,1.00
2018.04.20 06:08:49.430,10.3837,10.38554,1.00,1.00
2018.04.20 06:08:49.533,10.38376,10.38562,1.00,1.00
2018.04.20 06:08:49.635,10.38376,10.38554,1.00,1.00
2018.04.20 06:08:49.737,10.3837,10.38562,1.00,1.00
2018.04.20 06:08:49.789,10.38375,10.38554,1.00,1.00
2018.04.20 06:08:49.919,10.3837,10.38554,1.00,1.00
2018.04.20 06:08:50.659,10.38372,10.38554,1.00,1.00
2018.04.20 06:08:50.812,10.3837,10.38554,1.00,1.00
2018.04.20 06:08:50.914,10.38364,10.38552,1.00,1.00
2018.04.20 06:08:51.017,10.38372,10.38552,1.00,1.00
2018.04.20 06:08:51.068,10.38364,10.38552,1.00,1.00
2018.04.20 06:08:51.589,10.38371,10.38552,1.00,1.00
2018.04.20 06:08:51.700,10.38364,10.38552,1.00,1.00
2018.04.20 06:08:52.007,10.38372,10.38552,1.00,1.00
2018.04.20 06:08:52.211,10.38362,10.38552,1.00,1.00
2018.04.20 06:08:52.314,10.38371,10.38552,1.00,1.00
2018.04.20 06:08:52.366,10.38362,10.38552,1.00,1.00
2018.04.20 06:08:52.417,10.3837,10.38552,1.00,1.00
2018.04.20 06:08:52.630,10.3836,10.38552,1.50,1.00
2018.04.20 06:08:52.682,10.3837,10.38552,1.00,1.00
2018.04.20 06:08:52.734,10.38362,10.38552,1.00,1.00
2018.04.20 06:08:52.887,10.38369,10.38552,1.00,1.00
2018.04.20 06:08:53.048,10.38361,10.38552,1.00,1.00
2018.04.20 06:08:53.099,10.38371,10.38552,1.00,1.00
2018.04.20 06:08:53.151,10.38363,10.38552,1.00,1.00
2018.04.20 06:08:53.254,10.38371,10.38552,1.00,1.00
2018.04.20 06:08:54.509,10.38371,10.38563,1.50,1.00
2018.04.20 06:08:55.172,10.38377,10.38563,1.00,1.00
2018.04.20 06:08:55.223,10.38371,10.38563,1.00,1.00
2018.04.20 06:08:55.608,10.38378,10.38563,1.00,1.00
2018.04.20 06:08:55.660,10.38371,10.38563,1.00,1.00
2018.04.20 06:08:55.711,10.38374,10.38563,1.00,1.00
2018.04.20 06:08:56.116,10.38371,10.38563,1.00,1.00
2018.04.20 06:08:56.736,10.38361,10.38553,1.50,1.00
2018.04.20 06:08:57.093,10.38371,10.38553,1.00,1.00
2018.04.20 06:08:57.196,10.38361,10.38553,1.00,1.00
2018.04.20 06:08:57.247,10.38368,10.38553,1.00,1.00
2018.04.20 06:08:57.447,10.38361,10.38553,1.00,1.00
2018.04.20 06:08:57.499,10.38371,10.38553,1.00,1.00
2018.04.20 06:08:57.724,10.38363,10.38554,1.00,1.00
2018.04.20 06:08:57.826,10.3837,10.38555,1.00,1.00
2018.04.20 06:08:57.929,10.38363,10.38555,1.00,1.00
2018.04.20 06:08:58.082,10.38372,10.38555,1.00,1.00
2018.04.20 06:08:58.134,10.38364,10.38555,1.00,1.00
2018.04.20 06:08:58.287,10.38371,10.38555,1.00,1.00
2018.04.20 06:08:58.407,10.38364,10.38555,1.00,1.00
2018.04.20 06:08:58.538,10.38371,10.38555,1.00,1.00
2018.04.20 06:08:58.591,10.38364,10.38555,1.00,1.00
2018.04.20 06:08:59.051,10.38372,10.38555,1.00,1.00
2018.04.20 06:08:59.153,10.38363,10.38555,1.00,1.00
2018.04.20 06:08:59.256,10.38372,10.38555,1.00,1.00
2018.04.20 06:08:59.307,10.38363,10.38555,1.50,1.00
2018.04.20 06:08:59.461,10.38372,10.38555,1.00,1.00
2018.04.20 06:08:59.512,10.38364,10.38555,1.00,1.00
2018.04.20 06:08:59.708,10.38372,10.38555,1.00,1.00
2018.04.20 06:08:59.760,10.38363,10.38555,1.50,1.00
2018.04.20 06:09:01.788,10.38363,10.38551,1.00,1.00
2018.04.20 06:09:02.712,10.38371,10.38551,1.00,1.00
2018.04.20 06:09:02.847,10.3838,10.38572,1.00,1.00
2018.04.20 06:09:04.393,10.38371,10.38558,1.00,1.00
2018.04.20 06:09:05.048,10.38379,10.38558,1.00,1.00
2018.04.20 06:09:05.280,10.3837,10.38558,1.00,1.00
2018.04.20 06:09:10.244,10.38374,10.38558,1.00,1.00
2018.04.20 06:09:12.659,10.38374,10.38563,1.00,1.00
2018.04.20 06:09:23.306,10.38371,10.38563,1.00,1.00
2018.04.20 06:09:23.855,10.38373,10.38563,1.00,1.00
2018.04.20 06:09:25.426,10.38371,10.38563,1.00,1.00
2018.04.20 06:09:26.301,10.38374,10.38563,1.00,1.00
2018.04.20 06:09:26.404,10.38371,10.38563,1.00,1.00
2018.04.20 06:09:27.686,10.38366,10.38554,1.00,1.00
2018.04.20 06:09:28.726,10.38361,10.38553,1.00,1.00
2018.04.20 06:09:28.828,10.38365,10.38553,1.00,1.00
2018.04.20 06:09:29.273,10.38361,10.38553,1.50,1.00
2018.04.20 06:09:29.375,10.38368,10.38553,1.00,1.00
2018.04.20 06:09:29.493,10.38361,10.38553,1.50,1.00
2018.04.20 06:09:29.606,10.38368,10.38553,1.00,1.00
2018.04.20 06:09:29.658,10.38361,10.38553,1.50,1.00
2018.04.20 06:09:30.191,10.38362,10.38553,1.00,1.00
2018.04.20 06:09:31.799,10.38362,10.38551,1.00,1.00
2018.04.20 06:09:32.825,10.3837,10.38562,1.00,1.00
2018.04.20 06:09:41.246,10.38362,10.38552,1.00,1.00
2018.04.20 06:09:41.675,10.3837,10.38562,1.00,1.00
2018.04.20 06:09:41.727,10.38373,10.38565,1.00,1.00
2018.04.20 06:09:42.303,10.38377,10.38555,1.00,1.00
2018.04.20 06:09:42.685,10.38377,10.38563,1.00,1.00
2018.04.20 06:09:42.991,10.38371,10.38563,1.00,1.00
2018.04.20 06:09:46.878,10.38369,10.38561,1.50,1.00
2018.04.20 06:09:50.250,10.38376,10.38561,1.00,1.00
2018.04.20 06:09:51.669,10.38369,10.38561,1.00,1.00
2018.04.20 06:09:57.710,10.3837,10.38562,1.00,1.00
2018.04.20 06:10:00.991,10.38358,10.3855,1.00,1.00
2018.04.20 06:10:01.858,10.38351,10.38545,1.50,1.00
2018.04.20 06:10:02.650,10.38361,10.38545,1.00,1.00
2018.04.20 06:10:02.701,10.38353,10.38545,1.00,1.00
2018.04.20 06:10:12.782,10.38356,10.38548,1.00,1.00
2018.04.20 06:10:14.279,10.3836,10.38548,1.00,1.00
2018.04.20 06:10:14.708,10.38362,10.38554,1.00,1.00
2018.04.20 06:10:14.760,10.3837,10.38576,1.00,1.00
2018.04.20 06:10:14.811,10.3838,10.38577,1.00,1.00
2018.04.20 06:10:15.685,10.38382,10.38575,1.00,1.00
2018.04.20 06:10:16.126,10.38384,10.38575,1.00,1.00
2018.04.20 06:10:16.289,10.38382,10.38575,1.00,1.00
2018.04.20 06:10:16.939,10.38374,10.38566,1.00,1.00
2018.04.20 06:10:17.840,10.38372,10.38561,1.00,1.00
2018.04.20 06:10:27.508,10.38369,10.38561,1.00,1.00
2018.04.20 06:10:27.761,10.38367,10.38559,1.00,1.00
2018.04.20 06:10:30.191,10.38364,10.38553,1.00,1.00
2018.04.20 06:10:30.242,10.38362,10.38553,1.00,1.00
2018.04.20 06:10:31.948,10.38362,10.38556,1.50,1.00
2018.04.20 06:10:42.806,10.38362,10.38554,1.00,1.00
2018.04.20 06:10:46.560,10.38361,10.38554,1.00,1.00
2018.04.20 06:10:46.999,10.38357,10.38549,1.00,1.00
2018.04.20 06:10:50.222,10.38359,10.38549,1.00,1.00
2018.04.20 06:10:51.824,10.38357,10.38549,1.00,1.00
2018.04.20 06:10:53.470,10.38358,10.38549,1.00,1.00
2018.04.20 06:10:54.067,10.38357,10.38549,1.00,1.50
2018.04.20 06:10:54.168,10.3835,10.38542,1.00,1.00
2018.04.20 06:10:55.504,10.38353,10.38542,1.00,1.00
2018.04.20 06:10:57.686,10.3835,10.38542,1.00,1.00
2018.04.20 06:10:58.306,10.38351,10.38543,1.00,1.00
2018.04.20 06:10:58.499,10.38354,10.38543,1.00,1.00
2018.04.20 06:10:59.018,10.38351,10.38543,1.00,1.00
2018.04.20 06:10:59.424,10.38355,10.38543,1.00,1.00
2018.04.20 06:10:59.476,10.38351,10.38543,1.00,1.00
2018.04.20 06:10:59.527,10.3834,10.38541,1.00,1.00
2018.04.20 06:10:59.578,10.3834,10.3853,1.00,1.00
2018.04.20 06:11:00.125,10.3834,10.38534,1.00,1.00
2018.04.20 06:11:01.049,10.38341,10.38535,1.00,1.00
2018.04.20 06:11:02.029,10.38345,10.38537,1.00,1.00
2018.04.20 06:11:11.654,10.38353,10.38545,1.00,1.00
2018.04.20 06:11:12.432,10.38353,10.38544,1.00,1.00
2018.04.20 06:11:12.619,10.38339,10.38531,1.00,1.00
2018.04.20 06:11:12.937,10.38337,10.38534,1.00,1.00
2018.04.20 06:11:13.871,10.38339,10.38528,1.00,1.00
2018.04.20 06:11:13.974,10.38348,10.3854,1.00,1.00
2018.04.20 06:11:14.027,10.38363,10.38555,1.00,1.00
2018.04.20 06:11:15.552,10.38355,10.38544,1.00,1.00
2018.04.20 06:11:17.025,10.38352,10.38544,1.00,1.00
2018.04.20 06:11:17.328,10.38354,10.38544,1.00,1.00
2018.04.20 06:11:19.953,10.38352,10.38544,1.00,1.00
2018.04.20 06:11:20.153,10.38354,10.38544,1.00,1.00
2018.04.20 06:11:21.876,10.38352,10.38544,1.00,1.00
2018.04.20 06:11:22.817,10.38339,10.38531,1.00,1.00
2018.04.20 06:11:22.869,10.38333,10.38533,1.00,1.00
2018.04.20 06:11:24.397,10.38332,10.38533,1.00,1.00
2018.04.20 06:11:25.901,10.38338,10.38531,1.00,1.00
2018.04.20 06:11:27.929,10.38334,10.38527,1.50,1.00
2018.04.20 06:11:30.909,10.38308,10.38514,1.00,1.00
2018.04.20 06:11:31.276,10.38308,10.38512,1.00,1.00
2018.04.20 06:11:32.083,10.38307,10.38512,1.00,1.00
2018.04.20 06:11:32.421,10.38315,10.38512,1.00,1.00
2018.04.20 06:11:33.593,10.38316,10.38522,1.00,1.00
2018.04.20 06:11:33.943,10.38333,10.38525,1.00,1.00
2018.04.20 06:11:33.995,10.38324,10.38533,1.00,1.00
2018.04.20 06:11:34.767,10.38316,10.38525,2.25,1.00
2018.04.20 06:11:36.285,10.38326,10.38518,1.50,1.00
2018.04.20 06:11:36.697,10.38316,10.38523,2.25,1.00
2018.04.20 06:11:37.687,10.38324,10.38531,1.00,1.00
2018.04.20 06:11:38.162,10.38333,10.38523,1.00,1.00
2018.04.20 06:11:38.266,10.38333,10.38525,1.00,1.00
2018.04.20 06:11:39.391,10.38334,10.38525,1.00,1.00
2018.04.20 06:11:39.545,10.38364,10.38535,1.00,1.00
2018.04.20 06:11:39.597,10.38364,10.38553,1.00,1.00
2018.04.20 06:11:39.802,10.38371,10.38553,1.00,1.00
2018.04.20 06:11:39.904,10.38363,10.38553,1.00,1.00
2018.04.20 06:11:39.956,10.38374,10.38553,1.00,1.00
2018.04.20 06:11:40.007,10.38363,10.38553,1.00,1.00
2018.04.20 06:11:40.212,10.38375,10.38553,1.00,1.00
2018.04.20 06:11:40.418,10.38368,10.38553,1.00,1.00
2018.04.20 06:11:40.470,10.38377,10.38553,1.00,1.00
2018.04.20 06:11:40.572,10.38368,10.38553,1.00,1.00
2018.04.20 06:11:40.675,10.38359,10.38536,1.00,1.00
2018.04.20 06:11:40.727,10.38356,10.38548,1.00,1.00
2018.04.20 06:11:40.829,10.38345,10.38537,1.00,1.00
2018.04.20 06:11:41.052,10.38355,10.38548,1.00,1.00
2018.04.20 06:11:41.255,10.38358,10.38548,1.00,1.00
2018.04.20 06:11:41.306,10.38355,10.38548,1.00,1.00
2018.04.20 06:11:41.357,10.38354,10.38546,1.00,1.00
2018.04.20 06:11:42.022,10.38344,10.38536,1.00,1.00
2018.04.20 06:11:42.124,10.38324,10.38531,1.00,1.00
2018.04.20 06:11:42.716,10.38332,10.38519,1.00,1.00
2018.04.20 06:11:43.135,10.38322,10.38531,1.00,1.00
2018.04.20 06:11:43.312,10.38324,10.38516,1.00,1.00
2018.04.20 06:11:43.444,10.38322,10.38531,1.00,1.00
2018.04.20 06:11:43.620,10.38339,10.38526,1.00,1.00
2018.04.20 06:11:43.672,10.38344,10.38539,1.00,1.00
2018.04.20 06:11:43.724,10.38339,10.38526,1.50,1.00
2018.04.20 06:11:44.095,10.38346,10.38538,1.00,1.00
2018.04.20 06:11:44.202,10.38347,10.38526,1.00,1.00
2018.04.20 06:11:44.711,10.38347,10.38539,1.50,1.00
2018.04.20 06:11:44.763,10.38356,10.38539,1.00,1.00
2018.04.20 06:11:45.257,10.38378,10.38551,1.00,1.00
2018.04.20 06:11:45.309,10.38386,10.38575,1.00,1.00
2018.04.20 06:11:45.433,10.38406,10.38575,1.00,1.00
2018.04.20 06:11:46.438,10.38395,10.38575,1.00,1.00
2018.04.20 06:11:46.490,10.38376,10.38575,1.00,1.00
2018.04.20 06:11:47.068,10.38376,10.38567,1.00,1.00
2018.04.20 06:11:48.403,10.38368,10.38567,1.00,1.00
2018.04.20 06:11:48.585,10.38368,10.38559,1.00,1.00
2018.04.20 06:11:50.190,10.38368,10.38556,1.00,1.00
2018.04.20 06:11:50.241,10.38364,10.38556,1.50,1.00
2018.04.20 06:11:52.492,10.38375,10.38556,1.00,1.00
2018.04.20 06:11:54.419,10.38383,10.38557,1.00,1.00
2018.04.20 06:11:54.943,10.38383,10.38563,1.00,1.00
2018.04.20 06:11:57.941,10.38383,10.38561,1.00,1.00
2018.04.20 06:11:58.638,10.38383,10.3856,1.00,1.00
2018.04.20 06:12:02.148,10.38383,10.38559,1.00,1.00
2018.04.20 06:12:03.224,10.38383,10.38573,1.00,1.00
2018.04.20 06:12:03.326,10.38383,10.38562,1.00,1.00
2018.04.20 06:12:10.272,10.38386,10.38562,1.00,1.00
2018.04.20 06:12:12.980,10.38386,10.38566,1.00,1.00
2018.04.20 06:12:20.626,10.38394,10.38566,1.00,1.00
2018.04.20 06:12:22.099,10.38385,10.38566,1.00,1.00
2018.04.20 06:12:23.412,10.38395,10.38566,1.00,1.00
2018.04.20 06:12:23.689,10.38387,10.38566,1.00,1.00
2018.04.20 06:12:23.744,10.38395,10.38566,1.00,1.00
2018.04.20 06:12:28.001,10.38395,10.3857,1.00,1.00
2018.04.20 06:12:30.245,10.38391,10.3857,1.00,1.00
2018.04.20 06:12:40.199,10.384,10.38585,1.00,1.00
2018.04.20 06:12:40.251,10.38391,10.38579,1.00,1.00
2018.04.20 06:12:40.493,10.38399,10.38579,1.00,1.00
2018.04.20 06:12:40.859,10.3839,10.38579,1.00,1.00
2018.04.20 06:12:41.203,10.38399,10.38579,1.00,1.00
2018.04.20 06:12:41.705,10.38391,10.38579,1.00,1.00
2018.04.20 06:12:43.083,10.38391,10.38574,1.00,1.00
2018.04.20 06:12:47.238,10.38391,10.38572,1.00,1.00
2018.04.20 06:12:59.392,10.38384,10.38572,1.00,1.00
2018.04.20 06:12:59.494,10.38376,10.38561,1.00,1.00
2018.04.20 06:12:59.546,10.38363,10.38566,1.00,1.00
2018.04.20 06:12:59.598,10.38355,10.38562,1.00,1.00
2018.04.20 06:12:59.909,10.38353,10.38552,1.00,1.00
2018.04.20 06:13:00.291,10.38345,10.38552,1.00,1.00
2018.04.20 06:13:00.871,10.38345,10.38537,1.00,1.00
2018.04.20 06:13:01.099,10.38355,10.38548,1.00,1.00
2018.04.20 06:13:01.150,10.38367,10.38559,1.00,1.00
2018.04.20 06:13:01.456,10.38378,10.38559,1.00,1.00
2018.04.20 06:13:02.218,10.38378,10.3856,1.00,1.00
2018.04.20 06:13:04.630,10.3837,10.3856,1.00,1.00
2018.04.20 06:13:05.513,10.38368,10.3856,1.00,1.00
2018.04.20 06:13:05.635,10.38364,10.38547,1.00,1.00
2018.04.20 06:13:05.686,10.38362,10.38547,1.00,1.00
2018.04.20 06:13:05.737,10.38362,10.38564,1.00,1.00
2018.04.20 06:13:05.939,10.38362,10.38559,1.00,1.00
2018.04.20 06:13:06.475,10.38354,10.38556,1.00,1.00
2018.04.20 06:13:07.744,10.38352,10.38553,1.00,1.00
2018.04.20 06:13:07.898,10.38331,10.38538,1.00,1.00
2018.04.20 06:13:08.432,10.38331,10.38534,1.00,1.00
2018.04.20 06:13:10.220,10.38334,10.38534,1.00,1.00
2018.04.20 06:13:13.158,10.38336,10.38541,1.00,1.00
2018.04.20 06:13:13.382,10.38339,10.38541,1.00,1.00
2018.04.20 06:13:14.300,10.38336,10.38533,1.00,1.00
2018.04.20 06:13:17.299,10.38337,10.38533,1.00,1.00
2018.04.20 06:13:21.979,10.38334,10.38534,1.50,1.00
2018.04.20 06:13:22.030,10.38346,10.38541,1.00,1.00
2018.04.20 06:13:22.359,10.38345,10.38534,1.00,1.00
2018.04.20 06:13:23.169,10.38345,10.38537,1.00,1.00
2018.04.20 06:13:23.220,10.38345,10.38534,1.00,1.00
2018.04.20 06:13:23.271,10.38335,10.38531,1.00,1.00
2018.04.20 06:13:28.207,10.38325,10.38531,1.00,1.00
2018.04.20 06:13:30.270,10.38327,10.38534,1.00,1.50
2018.04.20 06:13:32.279,10.3833,10.38534,1.00,1.50
2018.04.20 06:13:33.757,10.3833,10.38522,1.00,1.00
2018.04.20 06:13:33.910,10.38327,10.38534,1.00,1.50
2018.04.20 06:13:35.052,10.38335,10.38527,1.00,1.00
2018.04.20 06:13:35.154,10.3835,10.38543,1.00,1.00
2018.04.20 06:13:35.205,10.38363,10.38555,1.00,1.00
2018.04.20 06:13:35.358,10.3835,10.38544,1.00,1.00
2018.04.20 06:13:36.573,10.3835,10.38534,1.00,1.00
2018.04.20 06:13:36.660,10.38338,10.3853,1.00,1.00
2018.04.20 06:13:37.078,10.3832,10.38525,1.00,1.00
2018.04.20 06:13:39.136,10.3832,10.38512,1.00,1.00
2018.04.20 06:13:40.082,10.3832,10.38525,1.00,1.00
2018.04.20 06:13:42.972,10.38309,10.38516,1.00,1.00
2018.04.20 06:13:43.024,10.38282,10.3847,1.00,1.00
2018.04.20 06:13:43.178,10.38264,10.38457,1.00,1.00
2018.04.20 06:13:43.334,10.38271,10.38457,1.00,1.00
2018.04.20 06:13:43.472,10.38275,10.38467,1.00,1.00
2018.04.20 06:13:43.575,10.38291,10.38478,1.00,1.00
2018.04.20 06:13:44.845,10.38291,10.38491,1.00,1.00
2018.04.20 06:13:45.085,10.38306,10.385,1.00,1.00
2018.04.20 06:13:45.137,10.38306,10.38509,1.00,1.50
2018.04.20 06:13:45.188,10.3831,10.38509,1.00,1.00
2018.04.20 06:13:45.346,10.3831,10.38517,1.00,1.00
2018.04.20 06:13:45.402,10.38314,10.38517,1.00,1.00
2018.04.20 06:13:46.756,10.3831,10.38509,1.00,1.00
2018.04.20 06:13:47.921,10.38313,10.38517,1.00,1.00
2018.04.20 06:13:48.064,10.38335,10.38527,1.00,1.00
2018.04.20 06:13:48.116,10.3834,10.38547,1.00,1.00
2018.04.20 06:13:48.167,10.38347,10.38539,1.00,1.00
2018.04.20 06:13:50.275,10.38347,10.38533,1.00,1.00
2018.04.20 06:13:51.806,10.38347,10.38539,1.00,1.00
2018.04.20 06:13:58.200,10.38349,10.38541,1.00,1.00
2018.04.20 06:14:02.388,10.38339,10.38531,1.00,1.00
2018.04.20 06:14:09.577,10.38337,10.38529,1.00,1.00
2018.04.20 06:14:09.629,10.38324,10.38517,1.00,1.00
2018.04.20 06:14:10.258,10.38322,10.38517,1.00,1.00
2018.04.20 06:14:10.428,10.38317,10.38524,1.50,1.00
2018.04.20 06:14:13.261,10.38318,10.38524,1.00,1.00
2018.04.20 06:14:13.857,10.38318,10.38516,1.00,1.00
2018.04.20 06:14:14.184,10.38318,10.38509,1.00,1.00
2018.04.20 06:14:17.115,10.38298,10.38489,1.00,1.00
2018.04.20 06:14:17.622,10.38298,10.38487,1.00,1.00
2018.04.20 06:14:20.043,10.38298,10.38497,1.00,1.00
2018.04.20 06:14:20.145,10.38299,10.38506,1.00,1.00
2018.04.20 06:14:24.761,10.38298,10.38498,1.00,1.00
2018.04.20 06:14:26.294,10.38299,10.38506,1.00,1.00
2018.04.20 06:14:28.242,10.38301,10.38506,1.00,1.00
2018.04.20 06:14:28.674,10.38306,10.3851,1.00,1.00
2018.04.20 06:14:29.022,10.3832,10.38512,1.00,1.00
2018.04.20 06:14:31.656,10.38318,10.38502,1.00,1.00
2018.04.20 06:14:31.709,10.383,10.38506,1.00,1.00
2018.04.20 06:14:31.760,10.383,10.38493,1.00,1.00
2018.04.20 06:14:32.094,10.383,10.38502,1.00,1.00
2018.04.20 06:14:32.419,10.38295,10.38502,1.00,1.00
2018.04.20 06:14:32.522,10.38295,10.38493,1.00,1.00
2018.04.20 06:14:32.778,10.38295,10.38501,1.00,1.00
2018.04.20 06:14:32.991,10.38295,10.38493,1.00,1.00
2018.04.20 06:14:33.315,10.38295,10.38502,1.50,1.00
2018.04.20 06:14:34.001,10.38295,10.38494,1.00,1.00
2018.04.20 06:14:34.343,10.38252,10.38444,1.00,1.00
2018.04.20 06:14:34.662,10.38254,10.38444,1.00,1.00
2018.04.20 06:14:35.779,10.38263,10.38454,1.00,1.00
2018.04.20 06:14:35.831,10.38263,10.38464,1.50,1.00
2018.04.20 06:14:36.919,10.38272,10.38479,1.00,1.00
2018.04.20 06:14:37.279,10.38281,10.38479,1.00,1.00
2018.04.20 06:14:37.330,10.38281,10.38487,1.50,1.00
2018.04.20 06:14:39.168,10.38281,10.38475,1.50,1.20
2018.04.20 06:14:39.476,10.38281,10.38441,1.50,1.20
2018.04.20 06:14:39.579,10.38281,10.38443,1.00,1.20
2018.04.20 06:14:39.939,10.38269,10.38441,1.00,1.20
2018.04.20 06:14:40.194,10.38269,10.3846,1.00,1.20
2018.04.20 06:14:40.298,10.38269,10.38455,1.00,1.20
2018.04.20 06:14:40.635,10.38269,10.38438,1.00,1.20
2018.04.20 06:14:40.789,10.38269,10.38449,1.00,1.20
2018.04.20 06:14:41.275,10.38269,10.38455,1.00,1.20
2018.04.20 06:14:41.763,10.38269,10.38447,1.00,1.20
2018.04.20 06:14:42.993,10.38269,10.38455,1.00,1.20
2018.04.20 06:14:43.069,10.38269,10.38438,1.00,1.20
2018.04.20 06:14:43.376,10.3828,10.38444,1.00,1.20
2018.04.20 06:14:44.622,10.3828,10.38445,1.00,1.20
2018.04.20 06:14:44.724,10.3828,10.38447,1.00,1.20
2018.04.20 06:14:44.778,10.3828,10.38443,1.00,1.20
2018.04.20 06:14:44.924,10.3828,10.38445,1.00,1.20
2018.04.20 06:14:45.027,10.3828,10.38447,1.00,1.20
2018.04.20 06:14:45.078,10.3828,10.38445,1.00,1.20
2018.04.20 06:14:46.145,10.3828,10.38458,1.00,1.20
2018.04.20 06:14:46.196,10.3828,10.38444,1.00,1.20
2018.04.20 06:14:46.505,10.3828,10.38448,1.00,1.20
2018.04.20 06:14:46.608,10.3828,10.38459,1.00,1.20
2018.04.20 06:14:46.660,10.38285,10.38459,1.00,1.20
2018.04.20 06:14:46.965,10.38275,10.38444,1.00,1.20
2018.04.20 06:14:47.068,10.38278,10.38452,1.00,1.20
2018.04.20 06:14:47.170,10.38278,10.38447,1.00,1.20
2018.04.20 06:14:47.378,10.38283,10.3846,1.00,1.20
2018.04.20 06:14:47.481,10.38289,10.38455,1.00,1.20
2018.04.20 06:14:47.533,10.38279,10.38447,1.00,1.20
2018.04.20 06:14:47.639,10.38279,10.38443,1.00,1.20
2018.04.20 06:14:47.802,10.38279,10.38446,1.00,1.20
2018.04.20 06:14:48.039,10.38279,10.38443,1.00,1.20
2018.04.20 06:14:48.141,10.38279,10.38447,1.00,1.20
2018.04.20 06:14:48.393,10.38279,10.38443,1.00,1.20
2018.04.20 06:14:48.498,10.38279,10.38446,1.00,1.20
2018.04.20 06:14:49.049,10.38296,10.38464,1.00,1.20
2018.04.20 06:14:49.100,10.38296,10.38471,1.00,1.20
2018.04.20 06:14:49.203,10.38296,10.38469,1.00,1.20
2018.04.20 06:14:49.313,10.38285,10.38469,1.00,1.20
2018.04.20 06:14:49.364,10.38291,10.38469,1.00,1.20
2018.04.20 06:14:49.569,10.38285,10.38469,1.00,1.20
2018.04.20 06:14:50.622,10.38285,10.38437,1.00,1.00
2018.04.20 06:14:50.993,10.38283,10.38437,1.00,1.00
2018.04.20 06:14:51.090,10.38274,10.38437,1.00,1.00
2018.04.20 06:14:51.142,10.38284,10.38437,1.00,1.00
2018.04.20 06:14:51.645,10.38291,10.38437,1.00,1.00
2018.04.20 06:14:51.797,10.38284,10.38437,1.00,1.00
2018.04.20 06:14:52.602,10.38291,10.38437,1.00,1.00
2018.04.20 06:14:53.014,10.38284,10.38437,1.00,1.00
2018.04.20 06:14:53.358,10.38291,10.38437,1.00,1.00
2018.04.20 06:14:53.409,10.38284,10.38437,1.00,1.00
2018.04.20 06:14:55.475,10.38291,10.38437,1.00,1.00
2018.04.20 06:14:56.872,10.38284,10.38437,1.00,1.00
2018.04.20 06:14:57.438,10.38283,10.38437,1.00,1.00
2018.04.20 06:14:57.768,10.38275,10.38437,1.00,1.00
2018.04.20 06:14:57.820,10.38279,10.38437,1.00,1.00
2018.04.20 06:14:57.923,10.38289,10.38463,1.00,1.20
2018.04.20 06:14:58.026,10.38299,10.38464,1.00,1.20
2018.04.20 06:14:58.334,10.38303,10.38437,1.00,1.00
2018.04.20 06:14:58.385,10.38288,10.38437,1.00,1.00
2018.04.20 06:14:58.591,10.3828,10.38437,1.00,1.00
2018.04.20 06:14:59.996,10.38282,10.38437,1.00,1.00
2018.04.20 06:15:00.337,10.38289,10.38437,1.00,1.00
2018.04.20 06:15:00.604,10.38296,10.38452,1.00,1.20
2018.04.20 06:15:00.907,10.38294,10.3846,1.00,1.00
2018.04.20 06:15:01.403,10.38288,10.38437,1.00,1.00
2018.04.20 06:15:01.455,10.38285,10.38437,1.00,1.00
2018.04.20 06:15:02.459,10.3828,10.38437,1.00,1.00
2018.04.20 06:15:07.447,10.38287,10.38437,1.00,1.00
2018.04.20 06:15:13.381,10.38284,10.38437,1.00,1.00
2018.04.20 06:15:17.822,10.38292,10.38437,1.00,1.00
2018.04.20 06:15:18.040,10.38284,10.38437,1.00,1.00
2018.04.20 06:15:20.243,10.38291,10.38437,1.00,1.00
2018.04.20 06:15:25.100,10.38284,10.38437,1.00,1.00
2018.04.20 06:15:25.315,10.38291,10.38437,1.00,1.00
2018.04.20 06:15:25.467,10.38284,10.38437,1.00,1.00
2018.04.20 06:15:28.361,10.38288,10.38437,1.00,1.00
2018.04.20 06:15:29.182,10.38275,10.38437,1.50,1.00
2018.04.20 06:15:29.285,10.38273,10.38437,1.00,1.00
2018.04.20 06:15:30.193,10.38276,10.38437,1.00,1.00
2018.04.20 06:15:30.244,10.38273,10.38437,1.00,1.00
2018.04.20 06:15:30.693,10.38282,10.38437,1.00,1.00
2018.04.20 06:15:32.888,10.38286,10.38437,1.00,1.00
2018.04.20 06:15:38.499,10.38262,10.3843,1.00,1.00
2018.04.20 06:15:38.826,10.38262,10.38415,1.00,1.00
2018.04.20 06:15:52.447,10.38261,10.38415,1.00,1.00
2018.04.20 06:15:58.421,10.38262,10.38415,1.00,1.00
2018.04.20 06:16:06.725,10.38263,10.38415,1.00,1.00
2018.04.20 06:16:08.464,10.38262,10.38415,1.00,1.00
2018.04.20 06:16:09.026,10.38263,10.38415,1.00,1.00
2018.04.20 06:16:10.220,10.38262,10.38415,1.00,1.00
2018.04.20 06:16:28.532,10.38261,10.38415,1.00,1.00
2018.04.20 06:16:32.574,10.38262,10.38415,1.00,1.00
2018.04.20 06:16:34.288,10.38261,10.38415,1.00,1.00
2018.04.20 06:16:38.877,10.38261,10.38453,1.00,1.00
2018.04.20 06:16:39.448,10.38262,10.38453,1.00,1.00
2018.04.20 06:16:40.362,10.38261,10.38453,1.00,1.00
2018.04.20 06:16:41.056,10.38262,10.38453,1.00,1.00
2018.04.20 06:16:41.598,10.38261,10.38453,1.00,1.00
2018.04.20 06:16:43.730,10.38262,10.38453,1.00,1.00
2018.04.20 06:16:47.668,10.38262,10.3845,1.00,1.00
2018.04.20 06:16:49.998,10.38258,10.3845,1.00,1.00
2018.04.20 06:16:50.289,10.38263,10.3845,1.00,1.00
2018.04.20 06:16:50.879,10.38258,10.3845,1.00,1.00
2018.04.20 06:16:51.325,10.38262,10.3845,1.00,1.00
2018.04.20 06:16:53.656,10.38258,10.3845,1.00,1.00
2018.04.20 06:16:54.210,10.38258,10.38449,1.00,1.20
2018.04.20 06:16:54.456,10.38262,10.3845,1.00,1.00
2018.04.20 06:16:54.772,10.38258,10.3845,1.00,1.00
2018.04.20 06:16:55.301,10.3827,10.3845,1.00,1.00
2018.04.20 06:17:02.715,10.3827,10.38458,1.00,1.00
2018.04.20 06:17:21.200,10.38278,10.38458,1.00,1.00
2018.04.20 06:17:28.601,10.38278,10.38459,1.00,1.00
2018.04.20 06:17:29.372,10.3827,10.38459,1.00,1.00
2018.04.20 06:17:47.838,10.3827,10.38458,1.00,1.00
2018.04.20 06:17:50.238,10.38269,10.38458,1.00,1.00
2018.04.20 06:17:59.686,10.38277,10.38458,1.00,1.00
2018.04.20 06:17:59.993,10.38288,10.3846,1.00,1.00
2018.04.20 06:18:00.146,10.38276,10.3846,1.00,1.00
2018.04.20 06:18:00.198,10.38294,10.38466,1.00,1.00
2018.04.20 06:18:00.250,10.38284,10.38466,1.00,1.00
2018.04.20 06:18:00.353,10.38274,10.38466,1.00,1.00
2018.04.20 06:18:00.405,10.38274,10.38463,1.00,1.20
2018.04.20 06:18:00.722,10.38274,10.38457,1.00,1.20
2018.04.20 06:18:02.869,10.38272,10.38457,1.00,1.20
2018.04.20 06:18:03.086,10.38272,10.38461,1.00,1.00
2018.04.20 06:18:07.972,10.38272,10.38457,1.00,1.20
2018.04.20 06:18:08.124,10.38272,10.38461,1.00,1.00
2018.04.20 06:18:08.175,10.38281,10.38461,1.00,1.00
2018.04.20 06:18:08.860,10.38293,10.38461,1.00,1.00
2018.04.20 06:18:09.098,10.38284,10.38461,1.00,1.00
2018.04.20 06:18:09.798,10.38274,10.38461,1.00,1.00
2018.04.20 06:18:10.053,10.38282,10.38461,1.00,1.00
2018.04.20 06:18:10.959,10.38274,10.38461,1.00,1.00
2018.04.20 06:18:11.163,10.38282,10.38461,1.00,1.00
2018.04.20 06:18:11.316,10.38272,10.38461,1.00,1.00
2018.04.20 06:18:11.493,10.38281,10.38461,1.00,1.00
2018.04.20 06:18:12.339,10.38281,10.3846,1.00,1.20
2018.04.20 06:18:12.950,10.38281,10.38461,1.00,1.00
2018.04.20 06:18:13.691,10.38281,10.38463,1.00,1.95
2018.04.20 06:18:14.145,10.38281,10.38461,1.00,1.20
2018.04.20 06:18:14.197,10.38281,10.38463,1.00,1.95
2018.04.20 06:18:15.189,10.38289,10.38463,1.00,1.00
2018.04.20 06:18:15.393,10.38279,10.38463,1.00,1.00
2018.04.20 06:18:15.724,10.38279,10.38454,1.00,1.20
2018.04.20 06:18:16.083,10.38279,10.38439,1.00,1.20
2018.04.20 06:18:16.215,10.38279,10.38463,1.00,1.00
2018.04.20 06:18:16.317,10.38279,10.3844,1.00,1.20
2018.04.20 06:18:16.420,10.38279,10.38463,1.00,1.00
2018.04.20 06:18:16.582,10.38279,10.38454,1.00,1.20
2018.04.20 06:18:17.788,10.38279,10.38453,1.00,1.20
2018.04.20 06:18:17.839,10.38279,10.38463,1.00,1.00
2018.04.20 06:18:17.958,10.38279,10.38461,1.00,1.00
2018.04.20 06:18:19.294,10.38279,10.3846,1.00,1.20
2018.04.20 06:18:19.903,10.38279,10.38461,1.00,1.00
2018.04.20 06:18:20.886,10.38279,10.3846,1.00,1.20
2018.04.20 06:18:32.718,10.38279,10.38455,1.00,1.20
2018.04.20 06:18:32.820,10.38279,10.3846,1.00,1.20
2018.04.20 06:18:33.037,10.38279,10.38455,1.00,1.20
2018.04.20 06:18:33.463,10.38287,10.38459,1.00,1.00
2018.04.20 06:18:33.795,10.38279,10.38459,1.00,1.00
2018.04.20 06:18:42.618,10.38288,10.38476,1.00,1.00
2018.04.20 06:18:42.669,10.38288,10.38465,1.00,1.00
2018.04.20 06:18:43.487,10.38288,10.38466,1.00,1.00
2018.04.20 06:18:44.093,10.38279,10.38466,1.00,1.00
2018.04.20 06:18:44.148,10.38279,10.38459,1.00,1.00
2018.04.20 06:18:58.849,10.38279,10.38462,1.00,1.00
2018.04.20 06:18:59.056,10.38272,10.38462,1.00,1.00
2018.04.20 06:19:00.192,10.38284,10.38462,1.00,1.00
2018.04.20 06:19:01.696,10.38284,10.38452,1.00,1.00
2018.04.20 06:19:01.798,10.38277,10.38452,1.00,1.00
2018.04.20 06:19:02.687,10.38286,10.38452,1.00,1.00
2018.04.20 06:19:03.000,10.38286,10.38454,1.00,1.00
2018.04.20 06:19:03.316,10.38278,10.38454,1.00,1.00
2018.04.20 06:19:03.624,10.38285,10.38454,1.00,1.00
2018.04.20 06:19:06.866,10.38285,10.38449,1.00,1.20
2018.04.20 06:19:06.918,10.38285,10.38454,1.00,1.00
2018.04.20 06:19:06.970,10.38285,10.38449,1.00,1.20
2018.04.20 06:19:07.072,10.38285,10.38454,1.00,1.00
2018.04.20 06:19:09.011,10.38293,10.38454,1.00,1.00
2018.04.20 06:19:10.235,10.38288,10.38454,1.00,1.00
2018.04.20 06:19:13.873,10.38288,10.38456,1.00,1.00
2018.04.20 06:19:15.031,10.38288,10.38464,1.00,1.00
2018.04.20 06:19:15.542,10.38288,10.38463,1.00,1.20
2018.04.20 06:19:15.849,10.38288,10.3846,1.00,1.20
2018.04.20 06:19:16.316,10.38288,10.38457,1.00,1.00
2018.04.20 06:19:18.019,10.38288,10.38458,1.00,1.00
2018.04.20 06:19:20.864,10.38288,10.38464,1.00,1.00
2018.04.20 06:19:20.915,10.38288,10.3846,1.00,1.20
2018.04.20 06:19:20.966,10.38288,10.38464,1.00,1.00
2018.04.20 06:19:21.097,10.38288,10.3846,1.00,1.20
2018.04.20 06:19:21.371,10.38288,10.38464,1.00,1.00
2018.04.20 06:19:21.422,10.38297,10.38464,1.00,1.00
2018.04.20 06:19:21.574,10.38297,10.3847,1.00,1.00
2018.04.20 06:19:21.625,10.38297,10.38464,1.00,1.00
2018.04.20 06:19:21.676,10.38297,10.3847,1.00,1.00
2018.04.20 06:19:21.726,10.38297,10.38464,1.00,1.00
2018.04.20 06:19:21.777,10.38297,10.3847,1.00,1.00
2018.04.20 06:19:21.828,10.38297,10.38464,1.00,1.00
2018.04.20 06:19:22.725,10.38288,10.38464,1.00,1.00
2018.04.20 06:19:25.088,10.38297,10.3847,1.00,1.00
2018.04.20 06:19:25.139,10.38287,10.3847,1.00,1.00
2018.04.20 06:19:25.576,10.38287,10.38465,1.00,1.20
2018.04.20 06:19:25.959,10.38287,10.38459,1.00,1.00
2018.04.20 06:19:27.364,10.38287,10.3846,1.00,1.20
2018.04.20 06:19:27.517,10.38287,10.38469,1.00,1.20
2018.04.20 06:19:27.568,10.38287,10.38457,1.00,1.00
2018.04.20 06:19:27.619,10.38287,10.3846,1.00,1.20
2018.04.20 06:19:27.670,10.38287,10.38457,1.00,1.00
2018.04.20 06:19:27.772,10.38287,10.38465,1.00,1.20
2018.04.20 06:19:27.823,10.38287,10.38456,1.00,1.00
2018.04.20 06:19:27.874,10.38287,10.3846,1.00,1.20
2018.04.20 06:19:28.036,10.38287,10.38465,1.00,1.20
2018.04.20 06:19:28.087,10.38287,10.38469,1.00,1.95
2018.04.20 06:19:28.159,10.38287,10.38465,1.00,1.20
2018.04.20 06:19:28.841,10.38287,10.38463,1.00,1.00
2018.04.20 06:19:29.193,10.38287,10.38456,1.00,1.00
2018.04.20 06:19:30.283,10.38292,10.38456,1.00,1.00
2018.04.20 06:19:30.335,10.38292,10.38465,1.00,1.20
2018.04.20 06:19:30.466,10.38292,10.38454,1.00,1.00
2018.04.20 06:19:30.892,10.38292,10.38469,1.00,1.95
2018.04.20 06:19:30.943,10.38292,10.3846,1.00,1.20
2018.04.20 06:19:31.146,10.38292,10.38464,1.00,1.00
2018.04.20 06:19:31.197,10.38292,10.38458,1.00,1.00
2018.04.20 06:19:31.248,10.38292,10.38464,1.00,1.00
2018.04.20 06:19:31.299,10.38292,10.38457,1.00,1.00
2018.04.20 06:19:31.461,10.38283,10.38457,1.00,1.00
2018.04.20 06:19:31.624,10.38293,10.38457,1.00,1.00
2018.04.20 06:19:31.982,10.38293,10.38464,1.00,1.00
2018.04.20 06:19:32.085,10.38293,10.38458,1.00,1.00
2018.04.20 06:19:32.293,10.38293,10.38464,1.00,1.00
2018.04.20 06:19:32.345,10.38293,10.38458,1.00,1.00
2018.04.20 06:19:32.856,10.38293,10.38457,1.00,1.20
2018.04.20 06:19:32.957,10.38293,10.38463,1.00,1.20
2018.04.20 06:19:33.008,10.38293,10.38456,1.00,1.20
2018.04.20 06:19:33.059,10.38293,10.38459,1.00,1.00
2018.04.20 06:19:33.161,10.38293,10.38456,1.00,1.20
2018.04.20 06:19:33.212,10.38293,10.38459,1.00,1.00
2018.04.20 06:19:33.263,10.38293,10.38456,1.00,1.20
2018.04.20 06:19:33.314,10.38293,10.38459,1.00,1.00
2018.04.20 06:19:33.415,10.38293,10.38456,1.00,1.20
2018.04.20 06:19:33.466,10.38293,10.38459,1.00,1.00
2018.04.20 06:19:33.517,10.38293,10.38456,1.00,1.20
2018.04.20 06:19:33.619,10.38293,10.38459,1.00,1.00
2018.04.20 06:19:33.670,10.38293,10.38456,1.00,1.20
2018.04.20 06:19:33.721,10.38293,10.38459,1.00,1.00
2018.04.20 06:19:34.078,10.38283,10.38459,1.00,1.00
2018.04.20 06:19:34.231,10.38268,10.38419,1.00,1.20
2018.04.20 06:19:34.384,10.38263,10.38429,1.00,1.20
2018.04.20 06:19:34.488,10.3827,10.38419,1.00,1.20
2018.04.20 06:19:34.539,10.3826,10.38419,1.00,1.20
2018.04.20 06:19:34.590,10.3826,10.38423,1.00,1.20
2018.04.20 06:19:34.809,10.3826,10.38429,1.00,1.20
2018.04.20 06:19:35.278,10.38267,10.38429,1.00,1.20
2018.04.20 06:19:35.524,10.38259,10.38428,1.00,1.20
2018.04.20 06:19:39.508,10.38267,10.38424,1.00,1.20
2018.04.20 06:19:39.722,10.38258,10.38424,1.00,1.20
2018.04.20 06:19:39.773,10.38258,10.38428,1.00,1.20
2018.04.20 06:19:39.825,10.38258,10.38447,1.00,1.00
2018.04.20 06:19:41.071,10.38258,10.3832,1.00,1.20
2018.04.20 06:19:41.123,10.38247,10.38343,1.00,1.20
2018.04.20 06:19:41.221,10.38197,10.38343,1.50,1.20
2018.04.20 06:19:41.273,10.38186,10.38305,1.00,1.20
2018.04.20 06:19:41.324,10.38159,10.38305,1.00,1.20
2018.04.20 06:19:41.376,10.38159,10.38293,1.00,1.20
2018.04.20 06:19:41.684,10.38151,10.3828,1.00,1.20
2018.04.20 06:19:41.736,10.38145,10.3828,1.00,1.20
2018.04.20 06:19:41.788,10.38124,10.38275,1.00,1.20
2018.04.20 06:19:41.891,10.38113,10.38257,1.50,1.20
2018.04.20 06:19:41.995,10.3809,10.38235,1.00,1.20
2018.04.20 06:19:42.047,10.3809,10.38231,1.00,1.20
2018.04.20 06:19:42.098,10.3809,10.38252,1.00,1.20
2018.04.20 06:19:42.151,10.38082,10.38267,1.00,1.20
2018.04.20 06:19:42.202,10.38074,10.38218,1.00,1.20
2018.04.20 06:19:42.253,10.38074,10.3826,1.00,1.20
2018.04.20 06:19:42.304,10.38074,10.38255,1.00,1.20
2018.04.20 06:19:42.608,10.38045,10.38208,1.00,1.20
2018.04.20 06:19:42.733,10.38034,10.38208,1.00,1.20
2018.04.20 06:19:42.784,10.38034,10.38216,1.00,1.20
2018.04.20 06:19:42.905,10.38034,10.38205,1.00,1.20
2018.04.20 06:19:42.957,10.38027,10.38205,1.00,1.20
2018.04.20 06:19:43.009,10.38018,10.38177,1.00,1.20
2018.04.20 06:19:43.111,10.38027,10.38205,1.00,1.20
2018.04.20 06:19:43.162,10.38018,10.38205,1.00,1.20
2018.04.20 06:19:43.213,10.38018,10.38177,1.00,1.20
2018.04.20 06:19:43.315,10.38018,10.38206,1.00,1.20
2018.04.20 06:19:43.418,10.38018,10.38215,1.00,1.20
2018.04.20 06:19:43.472,10.38018,10.38177,1.00,1.20
2018.04.20 06:19:43.524,10.38018,10.38215,1.00,1.20
2018.04.20 06:19:43.627,10.38018,10.38212,1.00,1.20
2018.04.20 06:19:44.747,10.38018,10.38174,1.00,1.20
2018.04.20 06:19:44.855,10.3801,10.38174,1.00,1.20
2018.04.20 06:19:44.911,10.3801,10.38179,1.00,1.20
2018.04.20 06:19:44.962,10.3801,10.38174,1.00,1.20
2018.04.20 06:19:45.064,10.3801,10.38179,1.00,1.20
2018.04.20 06:19:45.750,10.3801,10.38174,1.00,1.20
2018.04.20 06:19:45.946,10.3801,10.38177,1.00,1.20
2018.04.20 06:19:45.997,10.3801,10.38179,1.00,1.20
2018.04.20 06:19:46.451,10.3801,10.38173,1.00,1.20
2018.04.20 06:19:46.553,10.3801,10.38177,1.00,1.20
2018.04.20 06:19:46.856,10.38002,10.38176,1.00,1.20
2018.04.20 06:19:49.036,10.38002,10.38192,1.00,1.00
2018.04.20 06:19:49.087,10.38002,10.38192,1.45,1.00
2018.04.20 06:19:49.553,10.38002,10.38192,1.45,1.00
2018.04.20 06:19:49.605,10.38002,10.38192,1.45,1.00
2018.04.20 06:19:49.703,10.38002,10.38192,1.45,1.00
2018.04.20 06:19:53.192,10.38008,10.38192,1.45,1.00
2018.04.20 06:19:53.243,10.38008,10.38192,1.45,1.00
2018.04.20 06:19:53.752,10.38015,10.38206,1.45,1.00
2018.04.20 06:19:54.283,10.38015,10.38206,1.00,1.00
2018.04.20 06:19:54.418,10.38015,10.38206,1.45,1.00
2018.04.20 06:19:54.656,10.38015,10.38206,1.45,1.00
2018.04.20 06:19:54.759,10.38014,10.38206,1.45,1.00
2018.04.20 06:19:55.413,10.38014,10.38206,1.45,1.00
2018.04.20 06:19:55.584,10.38014,10.38206,1.45,1.00
2018.04.20 06:19:56.180,10.38014,10.38206,1.45,1.00
2018.04.20 06:19:56.715,10.38007,10.38196,1.45,1.00
2018.04.20 06:19:57.661,10.38007,10.38196,1.45,1.00
2018.04.20 06:19:57.865,10.38007,10.38196,1.45,1.00
2018.04.20 06:19:58.416,10.38007,10.38196,1.45,1.00
2018.04.20 06:19:58.523,10.38007,10.38196,1.45,1.00
2018.04.20 06:19:58.708,10.38007,10.38196,1.45,1.00
2018.04.20 06:19:58.760,10.38007,10.38196,1.45,1.00
2018.04.20 06:19:58.812,10.38016,10.38208,1.00,1.00
2018.04.20 06:19:58.865,10.38016,10.38208,1.45,1.00
2018.04.20 06:19:58.968,10.38016,10.38208,1.00,1.00
2018.04.20 06:19:59.071,10.38016,10.38208,1.45,1.00
2018.04.20 06:19:59.173,10.38016,10.38208,1.45,1.00
2018.04.20 06:19:59.407,10.38016,10.38208,1.45,1.00
2018.04.20 06:19:59.459,10.38028,10.3822,1.45,1.00
2018.04.20 06:20:00.779,10.38039,10.38231,1.45,1.00
2018.04.20 06:20:02.105,10.38041,10.38231,1.00,1.00
2018.04.20 06:20:02.156,10.38039,10.38231,1.45,1.00
2018.04.20 06:20:02.431,10.3804,10.38231,1.45,1.00
2018.04.20 06:20:02.937,10.38039,10.38231,1.45,1.00
2018.04.20 06:20:02.992,10.38039,10.38231,1.45,1.00
2018.04.20 06:20:03.094,10.38043,10.38235,1.45,1.00
2018.04.20 06:20:03.146,10.38043,10.38235,1.45,1.00
2018.04.20 06:20:03.372,10.38043,10.38235,1.45,1.00
2018.04.20 06:20:04.562,10.38043,10.38235,1.45,1.00
2018.04.20 06:20:04.613,10.38043,10.38235,1.45,1.00
2018.04.20 06:20:05.683,10.38043,10.38235,1.00,1.00
2018.04.20 06:20:05.917,10.38043,10.38235,1.45,1.00
2018.04.20 06:20:06.124,10.38043,10.38235,1.00,1.00
2018.04.20 06:20:06.176,10.38043,10.38235,1.45,1.00
2018.04.20 06:20:06.504,10.38043,10.38235,1.45,1.00
2018.04.20 06:20:06.770,10.38043,10.38235,1.45,1.00
2018.04.20 06:20:06.821,10.38043,10.38235,1.45,1.00
2018.04.20 06:20:07.056,10.38043,10.38235,1.00,1.00
2018.04.20 06:20:07.157,10.38043,10.38235,1.45,1.00
2018.04.20 06:20:07.607,10.38043,10.38235,1.45,1.00
2018.04.20 06:20:07.761,10.38043,10.38235,1.45,1.00
2018.04.20 06:20:07.884,10.38043,10.38235,1.45,1.00
2018.04.20 06:20:08.221,10.38043,10.38235,1.45,1.00
2018.04.20 06:20:09.292,10.38043,10.38235,1.45,1.00
2018.04.20 06:20:09.344,10.38043,10.38235,1.45,1.00
2018.04.20 06:20:09.504,10.38038,10.3823,1.45,1.00
2018.04.20 06:20:09.606,10.38038,10.3823,1.45,1.00
2018.04.20 06:20:09.658,10.38038,10.38228,1.45,1.00
2018.04.20 06:20:09.984,10.38038,10.3823,1.45,1.00
2018.04.20 06:20:10.202,10.38038,10.3823,1.45,1.00
2018.04.20 06:20:10.355,10.38038,10.3823,1.45,1.00
2018.04.20 06:20:10.896,10.38038,10.3823,1.45,1.00
2018.04.20 06:20:11.396,10.38038,10.3823,1.45,1.00
2018.04.20 06:20:11.947,10.38038,10.3823,1.45,1.00
2018.04.20 06:20:12.508,10.38038,10.3823,1.45,1.00
2018.04.20 06:20:12.560,10.38038,10.3823,1.45,1.00
2018.04.20 06:20:13.115,10.38038,10.3823,1.45,1.00
2018.04.20 06:20:13.932,10.38039,10.38231,1.45,1.00
2018.04.20 06:20:14.097,10.38039,10.38231,1.45,1.00
2018.04.20 06:20:17.165,10.38039,10.38231,1.00,1.00
2018.04.20 06:20:17.217,10.38039,10.38231,1.45,1.00
2018.04.20 06:20:17.834,10.38039,10.38231,1.45,1.00
2018.04.20 06:20:18.045,10.38039,10.38231,1.45,1.00
2018.04.20 06:20:18.096,10.38042,10.38234,1.45,1.00
2018.04.20 06:20:18.393,10.38042,10.38234,1.45,1.00
2018.04.20 06:20:18.699,10.38042,10.38234,1.45,1.00
2018.04.20 06:20:18.877,10.3803,10.38222,1.45,1.00
2018.04.20 06:20:19.357,10.3803,10.38222,1.45,1.00
2018.04.20 06:20:19.508,10.3803,10.38222,1.45,1.00
2018.04.20 06:20:19.559,10.3803,10.38222,1.45,1.00
2018.04.20 06:20:19.673,10.3803,10.38222,1.45,1.00
2018.04.20 06:20:19.773,10.3803,10.38222,1.45,1.00
2018.04.20 06:20:20.160,10.3803,10.38222,1.45,1.00
2018.04.20 06:20:20.314,10.3803,10.38222,1.45,1.00
2018.04.20 06:20:21.719,10.38058,10.3825,1.45,1.00
2018.04.20 06:20:21.822,10.38064,10.3825,1.00,1.00
2018.04.20 06:20:21.874,10.38079,10.38272,1.00,1.00
2018.04.20 06:20:21.926,10.38073,10.38251,1.00,1.00
2018.04.20 06:20:22.234,10.38056,10.38249,1.45,1.00
2018.04.20 06:20:22.286,10.38074,10.38269,1.00,1.00
2018.04.20 06:20:22.338,10.38074,10.38269,1.45,1.00
2018.04.20 06:20:22.527,10.38074,10.38269,1.00,1.00
2018.04.20 06:20:25.964,10.38058,10.3825,1.00,1.00
2018.04.20 06:20:26.192,10.38074,10.38269,1.00,1.00
2018.04.20 06:20:26.295,10.38074,10.38269,1.45,1.00
2018.04.20 06:20:26.381,10.38074,10.38269,1.00,1.00
2018.04.20 06:20:26.493,10.38074,10.38265,1.45,1.00
2018.04.20 06:20:27.444,10.38074,10.38269,1.45,1.00
2018.04.20 06:20:27.495,10.38074,10.38269,1.00,1.00
2018.04.20 06:20:27.731,10.38074,10.38265,1.45,1.00
2018.04.20 06:20:28.686,10.38077,10.38265,1.00,1.00
2018.04.20 06:20:29.019,10.38077,10.38269,1.00,1.00
2018.04.20 06:20:31.978,10.38077,10.38269,1.45,1.00
2018.04.20 06:20:33.078,10.38077,10.38268,1.45,1.00
2018.04.20 06:20:33.179,10.38076,10.38268,1.45,1.50
2018.04.20 06:20:35.701,10.38076,10.38268,1.45,1.50
2018.04.20 06:20:35.804,10.38076,10.38268,1.45,1.50
2018.04.20 06:20:35.996,10.38076,10.38268,1.45,1.50
2018.04.20 06:20:36.047,10.38076,10.38268,1.45,1.00
2018.04.20 06:20:36.148,10.38076,10.38268,1.45,1.00
2018.04.20 06:20:37.593,10.38076,10.38268,1.45,1.00
2018.04.20 06:20:37.646,10.38076,10.38268,1.00,1.00
2018.04.20 06:20:38.153,10.38086,10.38278,1.00,1.00
2018.04.20 06:20:38.256,10.38087,10.38294,1.00,1.00
2018.04.20 06:20:38.382,10.38087,10.38272,1.00,1.00
2018.04.20 06:20:39.197,10.38087,10.38272,1.45,1.00
2018.04.20 06:20:39.556,10.38087,10.38272,1.45,1.00
2018.04.20 06:20:39.670,10.38087,10.38272,1.45,1.00
2018.04.20 06:20:39.733,10.38087,10.38272,1.00,1.00
2018.04.20 06:20:44.041,10.38087,10.3827,1.00,1.00
2018.04.20 06:20:45.650,10.38079,10.3827,1.00,1.00
2018.04.20 06:20:46.205,10.38079,10.38266,1.00,1.00
2018.04.20 06:20:46.734,10.38088,10.38266,1.00,1.00
2018.04.20 06:20:48.156,10.38088,10.38271,1.00,1.00
2018.04.20 06:20:50.245,10.38081,10.38271,1.00,1.00
2018.04.20 06:20:50.296,10.38081,10.38269,1.00,1.00
2018.04.20 06:20:52.383,10.38089,10.38296,1.00,1.50
2018.04.20 06:20:52.435,10.38109,10.38296,1.00,1.00
2018.04.20 06:20:54.438,10.38089,10.38276,1.00,1.00
2018.04.20 06:20:56.267,10.38089,10.38279,1.00,1.00
2018.04.20 06:20:59.021,10.38089,10.38275,1.00,1.00
2018.04.20 06:20:59.909,10.3808,10.38268,1.00,1.00
2018.04.20 06:20:59.961,10.38099,10.38287,1.00,1.00
2018.04.20 06:21:00.283,10.38186,10.38359,1.00,1.00
2018.04.20 06:21:00.335,10.38186,10.38372,1.00,1.00
2018.04.20 06:21:00.387,10.38194,10.38372,1.00,1.00
2018.04.20 06:21:00.651,10.38194,10.3838,1.00,1.00
2018.04.20 06:21:00.754,10.38202,10.3839,1.00,1.00
2018.04.20 06:21:00.856,10.38213,10.38405,1.00,1.00
2018.04.20 06:21:00.959,10.38218,10.38405,1.00,1.00
2018.04.20 06:21:01.267,10.38218,10.38395,1.00,1.00
2018.04.20 06:21:02.020,10.38227,10.38408,1.00,1.00
2018.04.20 06:21:02.071,10.38219,10.38408,1.00,1.00
2018.04.20 06:21:02.525,10.3821,10.38395,1.00,1.00
2018.04.20 06:21:02.576,10.38218,10.38409,1.00,1.00
2018.04.20 06:21:02.628,10.38226,10.38409,1.00,1.00
2018.04.20 06:21:03.101,10.38226,10.38397,1.00,1.00
2018.04.20 06:21:03.581,10.38226,10.3841,1.00,1.00
2018.04.20 06:21:03.735,10.38235,10.3841,1.00,1.00
2018.04.20 06:21:03.860,10.38226,10.3841,1.00,1.00
2018.04.20 06:21:04.064,10.38235,10.3841,1.00,1.00
2018.04.20 06:21:04.115,10.38218,10.3841,1.00,1.00
2018.04.20 06:21:04.464,10.38226,10.3841,1.00,1.00
2018.04.20 06:21:04.727,10.38218,10.38408,1.00,1.00
2018.04.20 06:21:04.778,10.38216,10.38408,1.00,1.00
2018.04.20 06:21:05.362,10.3821,10.38398,1.00,1.00
2018.04.20 06:21:06.617,10.38217,10.38398,1.00,1.00
2018.04.20 06:21:08.705,10.38231,10.38412,1.00,1.00
2018.04.20 06:21:09.044,10.3824,10.38412,1.00,1.00
2018.04.20 06:21:10.828,10.38232,10.38412,1.00,1.00
2018.04.20 06:21:11.634,10.38224,10.38412,1.00,1.00
2018.04.20 06:21:11.901,10.38236,10.38412,1.00,1.00
2018.04.20 06:21:13.502,10.38227,10.38412,1.00,1.00
2018.04.20 06:21:14.085,10.38227,10.38419,1.50,1.00
2018.04.20 06:21:14.137,10.38235,10.38419,1.00,1.00
2018.04.20 06:21:14.376,10.38227,10.38419,1.00,1.00
2018.04.20 06:21:14.428,10.38229,10.38422,1.00,1.00
2018.04.20 06:21:14.481,10.38235,10.38422,1.00,1.00
2018.04.20 06:21:14.700,10.38229,10.38422,1.00,1.00
2018.04.20 06:21:14.755,10.38235,10.38422,1.00,1.00
2018.04.20 06:21:14.860,10.38229,10.38422,1.00,1.00
2018.04.20 06:21:16.888,10.38234,10.38422,1.00,1.00
2018.04.20 06:21:18.257,10.38234,10.38417,1.00,1.00
2018.04.20 06:21:19.343,10.38226,10.38417,1.00,1.00
2018.04.20 06:21:29.081,10.38226,10.38412,1.00,1.00
2018.04.20 06:21:31.269,10.38226,10.38413,1.00,1.00
2018.04.20 06:21:32.846,10.38234,10.38416,1.00,1.00
2018.04.20 06:21:33.263,10.38225,10.38416,1.00,1.00
2018.04.20 06:21:33.314,10.38233,10.38414,1.00,1.00
2018.04.20 06:21:33.366,10.3822,10.38414,1.00,1.00
2018.04.20 06:21:33.418,10.38227,10.38414,1.00,1.00
2018.04.20 06:21:33.942,10.38237,10.38419,1.00,1.00
2018.04.20 06:21:34.082,10.38228,10.38415,1.00,1.00
2018.04.20 06:21:34.134,10.38226,10.38418,1.00,1.00
2018.04.20 06:21:34.186,10.38229,10.38419,1.00,1.00
2018.04.20 06:21:34.602,10.3824,10.3842,1.00,1.00
2018.04.20 06:21:37.419,10.3824,10.38425,1.00,1.00
2018.04.20 06:21:37.470,10.3824,10.3842,1.00,1.00
2018.04.20 06:21:37.693,10.3824,10.38422,1.00,1.00
2018.04.20 06:21:44.111,10.3824,10.38421,1.00,1.00
2018.04.20 06:21:50.260,10.38239,10.38421,1.00,1.00
2018.04.20 06:21:50.693,10.38246,10.38421,1.00,1.00
2018.04.20 06:21:52.510,10.38238,10.38421,1.00,1.00
2018.04.20 06:21:54.198,10.38247,10.38421,1.00,1.00
2018.04.20 06:21:55.678,10.38256,10.38428,1.00,1.00
2018.04.20 06:21:56.151,10.3824,10.38428,1.00,1.00
2018.04.20 06:21:59.165,10.3824,10.38419,1.00,1.00
2018.04.20 06:22:00.805,10.38227,10.38419,1.00,1.00
2018.04.20 06:22:00.856,10.38223,10.38415,1.00,1.00
2018.04.20 06:22:03.348,10.38218,10.38408,1.00,1.00
2018.04.20 06:22:07.874,10.38218,10.38408,1.45,1.00
2018.04.20 06:22:08.292,10.38218,10.38408,1.00,1.00
2018.04.20 06:22:08.444,10.38218,10.38408,1.45,1.00
2018.04.20 06:22:08.496,10.38218,10.38408,1.00,1.00
2018.04.20 06:22:09.121,10.38218,10.38408,1.45,1.00
2018.04.20 06:22:09.454,10.38226,10.38408,1.00,1.00
2018.04.20 06:22:09.699,10.38217,10.38408,1.45,1.00
2018.04.20 06:22:09.752,10.38217,10.38408,1.45,1.00
2018.04.20 06:22:10.269,10.38224,10.38408,1.00,1.00
2018.04.20 06:22:10.593,10.38232,10.38423,1.00,1.00
2018.04.20 06:22:10.746,10.38232,10.38423,1.45,1.00
2018.04.20 06:22:11.514,10.38232,10.38423,1.00,1.00
2018.04.20 06:22:12.261,10.38224,10.38407,1.45,1.00
2018.04.20 06:22:12.313,10.38224,10.38407,1.00,1.00
2018.04.20 06:22:12.765,10.38224,10.38407,1.45,1.00
2018.04.20 06:22:13.628,10.38224,10.38407,1.45,1.00
2018.04.20 06:22:13.730,10.38224,10.38407,1.00,1.00
2018.04.20 06:22:14.278,10.38224,10.38408,1.00,1.00
2018.04.20 06:22:14.785,10.38225,10.38417,1.45,1.00
2018.04.20 06:22:15.185,10.38225,10.38417,1.00,1.00
2018.04.20 06:22:16.749,10.38225,10.38417,1.45,1.00
2018.04.20 06:22:17.167,10.3823,10.38417,1.00,1.00
2018.04.20 06:22:18.262,10.3823,10.38419,1.00,1.00
2018.04.20 06:22:18.807,10.3823,10.3842,1.00,1.00
2018.04.20 06:22:21.213,10.38221,10.38407,1.00,1.00
2018.04.20 06:22:22.563,10.3823,10.38419,1.00,1.00
2018.04.20 06:22:23.537,10.38225,10.38419,1.00,1.00
2018.04.20 06:22:23.693,10.38225,10.38419,1.45,1.00
2018.04.20 06:22:24.097,10.3823,10.38419,1.00,1.00
2018.04.20 06:22:27.794,10.38225,10.38419,1.45,1.00
2018.04.20 06:22:28.106,10.38231,10.38419,1.00,1.00
2018.04.20 06:22:28.245,10.38225,10.38419,1.00,1.00
2018.04.20 06:22:29.201,10.38222,10.38412,1.00,1.00
2018.04.20 06:22:30.242,10.38224,10.38412,1.00,1.00
2018.04.20 06:22:30.748,10.3822,10.38412,1.00,1.00
2018.04.20 06:22:31.012,10.38225,10.38412,1.00,1.00
2018.04.20 06:22:33.408,10.38225,10.38415,1.00,1.00
2018.04.20 06:22:44.161,10.38223,10.38415,1.00,1.00
2018.04.20 06:22:44.263,10.38221,10.38413,1.00,1.00
2018.04.20 06:22:44.969,10.38222,10.38413,1.00,1.00
2018.04.20 06:22:45.496,10.38221,10.38413,1.00,1.00
2018.04.20 06:22:46.287,10.38222,10.38413,1.00,1.00
2018.04.20 06:22:48.388,10.38223,10.38415,1.00,1.00
2018.04.20 06:22:58.118,10.38212,10.38393,1.00,1.00
2018.04.20 06:22:58.169,10.38203,10.38393,1.00,1.00
2018.04.20 06:22:59.303,10.38205,10.38397,1.00,1.00
2018.04.20 06:22:59.707,10.38211,10.38403,1.50,1.00
2018.04.20 06:22:59.965,10.38215,10.38409,1.00,1.00
2018.04.20 06:23:00.186,10.3822,10.38427,1.37,1.00
2018.04.20 06:23:00.237,10.38258,10.38431,1.00,1.00
2018.04.20 06:23:01.264,10.3825,10.38431,1.00,1.00
2018.04.20 06:23:01.842,10.3826,10.38431,1.00,1.00
2018.04.20 06:23:03.419,10.3826,10.38436,1.00,1.00
2018.04.20 06:23:10.270,10.38254,10.38436,1.00,1.00
2018.04.20 06:23:11.289,10.38254,10.38434,1.00,1.00
2018.04.20 06:23:18.478,10.38254,10.38436,1.00,1.00
2018.04.20 06:23:23.418,10.38237,10.38425,1.20,1.00
2018.04.20 06:23:23.522,10.38221,10.38414,1.45,1.00
2018.04.20 06:23:23.854,10.38221,10.38414,1.45,1.00
2018.04.20 06:23:23.906,10.38224,10.38414,1.45,1.00
2018.04.20 06:23:24.009,10.38224,10.38414,1.45,1.00
2018.04.20 06:23:24.569,10.38224,10.38414,1.45,1.00
2018.04.20 06:23:25.003,10.38224,10.38414,1.45,1.00
2018.04.20 06:23:25.177,10.38224,10.38414,1.45,1.00
2018.04.20 06:23:26.371,10.38232,10.38424,1.45,1.00
2018.04.20 06:23:27.833,10.38232,10.38424,1.45,1.00
2018.04.20 06:23:27.936,10.38232,10.38424,1.45,1.00
2018.04.20 06:23:29.248,10.38232,10.38424,1.45,1.00
2018.04.20 06:23:29.299,10.38232,10.38424,1.45,1.00
2018.04.20 06:23:29.350,10.38228,10.3842,1.45,1.00
2018.04.20 06:23:29.702,10.3822,10.38412,1.45,1.00
2018.04.20 06:23:30.269,10.38221,10.38412,1.45,1.00
2018.04.20 06:23:32.073,10.3822,10.38412,1.45,1.00
2018.04.20 06:23:32.175,10.3822,10.38412,1.45,1.00
2018.04.20 06:23:33.527,10.38218,10.3841,1.45,1.00
2018.04.20 06:23:35.736,10.38227,10.3842,1.45,1.00
2018.04.20 06:23:35.839,10.38227,10.3842,1.45,1.00
2018.04.20 06:23:36.430,10.38231,10.38423,1.45,1.00
2018.04.20 06:23:36.572,10.38231,10.38423,1.45,1.00
2018.04.20 06:23:37.503,10.38231,10.38423,1.45,1.00
2018.04.20 06:23:37.655,10.38231,10.38423,1.45,1.00
2018.04.20 06:23:37.769,10.38231,10.38423,1.45,1.00
2018.04.20 06:23:37.930,10.38231,10.38423,1.45,1.00
2018.04.20 06:23:38.032,10.38231,10.38423,1.45,1.00
2018.04.20 06:23:44.401,10.38225,10.38418,1.45,1.00
2018.04.20 06:23:44.971,10.38226,10.38418,1.45,1.00
2018.04.20 06:23:45.290,10.38226,10.38418,1.45,1.00
2018.04.20 06:23:46.766,10.38225,10.38413,1.00,1.00
2018.04.20 06:23:46.818,10.38198,10.38405,1.00,1.00
2018.04.20 06:23:46.942,10.38195,10.38396,1.00,1.00
2018.04.20 06:23:47.867,10.38195,10.38387,1.00,1.00
2018.04.20 06:23:48.362,10.38195,10.38395,1.00,1.00
2018.04.20 06:23:48.516,10.38186,10.38387,1.00,1.00
2018.04.20 06:23:49.480,10.38178,10.38381,1.00,1.00
2018.04.20 06:23:49.531,10.38192,10.38372,1.45,1.00
2018.04.20 06:23:49.650,10.38204,10.38398,1.45,1.00
2018.04.20 06:23:49.752,10.38182,10.38384,1.45,1.00
2018.04.20 06:23:49.854,10.38209,10.38395,1.45,1.00
2018.04.20 06:23:49.905,10.38226,10.38409,1.00,1.00
2018.04.20 06:23:49.956,10.38237,10.38427,1.00,1.00
2018.04.20 06:23:51.458,10.38237,10.38419,1.00,1.00
2018.04.20 06:23:52.981,10.38226,10.38419,1.00,1.50
2018.04.20 06:23:54.882,10.38226,10.38411,1.00,1.00
2018.04.20 06:23:57.531,10.38226,10.38419,1.00,1.50
2018.04.20 06:23:59.382,10.38225,10.38417,1.00,1.00
2018.04.20 06:23:59.708,10.38225,10.38409,1.00,1.00
2018.04.20 06:24:01.050,10.38214,10.38406,1.00,1.00
2018.04.20 06:24:03.568,10.38222,10.38414,1.00,1.00
2018.04.20 06:24:04.626,10.38222,10.38407,1.00,1.00
2018.04.20 06:24:05.489,10.38211,10.38403,1.00,1.00
2018.04.20 06:24:06.993,10.38191,10.38398,1.00,1.00
2018.04.20 06:24:07.046,10.38238,10.38387,1.37,1.00
2018.04.20 06:24:07.097,10.38229,10.38435,1.00,1.00
2018.04.20 06:24:07.149,10.38242,10.38427,1.00,1.00
2018.04.20 06:24:07.200,10.38212,10.38404,1.45,1.00
2018.04.20 06:24:07.252,10.38212,10.38404,1.45,1.00
2018.04.20 06:24:07.903,10.38212,10.38404,1.45,1.00
2018.04.20 06:24:08.639,10.38212,10.38404,1.45,1.00
2018.04.20 06:24:08.742,10.38212,10.38404,1.45,1.50
2018.04.20 06:24:08.794,10.38202,10.38394,1.45,1.00
2018.04.20 06:24:10.190,10.38202,10.38403,1.45,1.00
2018.04.20 06:24:10.242,10.38202,10.38405,1.45,1.00
2018.04.20 06:24:10.293,10.38202,10.38405,1.45,1.00
2018.04.20 06:24:10.652,10.38207,10.38397,1.00,1.00
2018.04.20 06:24:10.754,10.38207,10.38397,1.45,1.00
2018.04.20 06:24:10.971,10.38207,10.38399,1.45,1.00
2018.04.20 06:24:11.106,10.38207,10.38399,1.45,1.00
2018.04.20 06:24:11.656,10.38207,10.38396,1.45,1.00
2018.04.20 06:24:14.459,10.38203,10.38395,1.45,1.00
2018.04.20 06:24:17.422,10.38203,10.38395,1.45,1.00
2018.04.20 06:24:17.524,10.38203,10.38395,1.45,1.00
2018.04.20 06:24:18.088,10.38203,10.38395,1.45,1.00
2018.04.20 06:24:18.590,10.38207,10.38396,1.45,1.00
2018.04.20 06:24:18.886,10.38207,10.38396,1.45,1.00
2018.04.20 06:24:19.785,10.38207,10.38399,1.45,1.00
2018.04.20 06:24:20.093,10.38207,10.38399,1.45,1.00
2018.04.20 06:24:21.296,10.38207,10.38399,1.00,1.00
2018.04.20 06:24:21.348,10.38207,10.38396,1.00,1.00
2018.04.20 06:24:21.485,10.38194,10.38386,1.00,1.00
2018.04.20 06:24:21.537,10.38194,10.38374,1.20,1.00
2018.04.20 06:24:21.588,10.38194,10.38382,1.20,1.00
2018.04.20 06:24:21.640,10.38194,10.38382,1.45,1.00
2018.04.20 06:24:21.991,10.38194,10.38374,1.45,1.00
2018.04.20 06:24:22.868,10.38194,10.38382,1.45,1.00
2018.04.20 06:24:22.948,10.38194,10.38382,1.00,1.00
2018.04.20 06:24:23.290,10.38194,10.38382,1.45,1.00
2018.04.20 06:24:23.443,10.38194,10.38393,1.45,1.00
2018.04.20 06:24:23.495,10.38194,10.38401,1.95,1.00
2018.04.20 06:24:23.864,10.38215,10.38404,1.45,1.00
2018.04.20 06:24:24.482,10.38215,10.38404,1.45,1.00
2018.04.20 06:24:24.534,10.38223,10.38415,1.45,1.00
2018.04.20 06:24:25.047,10.38223,10.38415,1.45,1.00
2018.04.20 06:24:25.100,10.38223,10.38415,1.45,1.00
2018.04.20 06:24:25.203,10.38223,10.38414,1.45,1.00
2018.04.20 06:24:25.347,10.38223,10.38415,1.45,1.00
2018.04.20 06:24:25.667,10.38212,10.38404,1.45,1.00
2018.04.20 06:24:26.173,10.38218,10.38404,1.45,1.00
2018.04.20 06:24:26.607,10.38218,10.38404,1.45,1.00
2018.04.20 06:24:26.659,10.38212,10.38404,1.45,1.00
2018.04.20 06:24:26.762,10.38212,10.38404,1.45,1.00
2018.04.20 06:24:29.492,10.38208,10.384,1.95,1.00
2018.04.20 06:24:30.187,10.38208,10.384,1.50,1.00
2018.04.20 06:24:30.272,10.38208,10.384,1.95,1.00
2018.04.20 06:24:31.838,10.38208,10.384,1.00,1.00
2018.04.20 06:24:31.890,10.38208,10.384,1.45,1.00
2018.04.20 06:24:32.956,10.38208,10.384,1.45,1.00
2018.04.20 06:24:33.161,10.38206,10.38391,1.45,1.00
2018.04.20 06:24:33.373,10.38199,10.38391,1.45,1.00
2018.04.20 06:24:33.431,10.38198,10.3839,1.20,1.00
2018.04.20 06:24:34.721,10.38198,10.3839,1.45,1.00
2018.04.20 06:24:34.826,10.38197,10.3839,1.45,1.00
2018.04.20 06:24:34.878,10.38197,10.3839,1.45,1.00
2018.04.20 06:24:35.205,10.38191,10.38398,1.45,1.00
2018.04.20 06:24:35.699,10.38203,10.38395,1.45,1.00
2018.04.20 06:24:36.481,10.38203,10.38395,1.00,1.00
2018.04.20 06:24:36.583,10.38203,10.38395,1.45,1.00
2018.04.20 06:24:38.098,10.38203,10.38395,1.45,1.00
2018.04.20 06:24:42.046,10.38204,10.38396,1.45,1.00
2018.04.20 06:24:42.268,10.38206,10.38396,1.45,1.00
2018.04.20 06:24:42.371,10.38206,10.38396,1.45,1.00
2018.04.20 06:24:42.774,10.38204,10.38396,1.45,1.00
2018.04.20 06:24:43.751,10.38204,10.38396,1.00,1.00
2018.04.20 06:24:43.802,10.38204,10.38396,1.45,1.00
2018.04.20 06:24:43.905,10.38206,10.38396,1.00,1.00
2018.04.20 06:24:44.011,10.38206,10.38396,1.45,1.00
2018.04.20 06:24:44.477,10.38213,10.38405,1.45,1.00
2018.04.20 06:24:44.705,10.38213,10.38405,1.45,1.00
2018.04.20 06:24:44.908,10.38214,10.38408,1.45,1.00
2018.04.20 06:24:45.867,10.38214,10.38408,1.45,1.00
2018.04.20 06:24:46.357,10.38214,10.38408,1.00,1.00
2018.04.20 06:24:46.441,10.38224,10.38418,1.00,1.00
2018.04.20 06:24:46.777,10.38224,10.38418,1.45,1.00
2018.04.20 06:24:47.931,10.38212,10.38404,1.00,1.00
2018.04.20 06:24:47.983,10.38216,10.38408,1.00,1.00
2018.04.20 06:24:48.308,10.38219,10.38408,1.00,1.00
2018.04.20 06:24:48.667,10.38224,10.38416,1.00,1.00
2018.04.20 06:24:48.719,10.38214,10.38406,1.45,1.00
2018.04.20 06:24:49.088,10.38214,10.38406,1.45,1.00
2018.04.20 06:24:50.357,10.38214,10.38406,1.45,1.00
2018.04.20 06:24:50.586,10.38231,10.38423,1.00,1.00
2018.04.20 06:24:50.897,10.38222,10.38423,1.00,1.00
2018.04.20 06:24:51.001,10.38229,10.38423,1.45,1.00
2018.04.20 06:24:51.323,10.38219,10.38423,1.45,1.00
2018.04.20 06:24:51.728,10.38227,10.38419,1.45,1.00
2018.04.20 06:24:52.133,10.38227,10.38419,1.00,1.00
2018.04.20 06:24:52.239,10.38225,10.38418,1.00,1.00
2018.04.20 06:24:52.291,10.38214,10.38406,1.45,1.00
2018.04.20 06:24:53.816,10.3821,10.38402,1.45,1.00
2018.04.20 06:24:55.152,10.38211,10.38403,1.00,1.00
2018.04.20 06:24:55.203,10.38214,10.38403,1.45,1.00
2018.04.20 06:24:55.688,10.38214,10.38403,1.45,1.00
2018.04.20 06:24:55.740,10.38224,10.38416,1.45,1.00
2018.04.20 06:24:56.145,10.38224,10.38416,1.45,1.00
2018.04.20 06:24:56.661,10.38227,10.38416,1.00,1.00
2018.04.20 06:24:56.712,10.38224,10.38416,1.00,1.00
2018.04.20 06:24:56.764,10.38218,10.38423,1.00,1.00
2018.04.20 06:24:56.917,10.38227,10.38423,1.00,1.00
2018.04.20 06:24:58.510,10.3822,10.38423,1.45,1.00
2018.04.20 06:24:58.833,10.38223,10.38415,1.45,1.00
2018.04.20 06:24:59.447,10.38223,10.38415,1.00,1.00
2018.04.20 06:24:59.549,10.38221,10.38414,1.00,1.00
2018.04.20 06:25:02.380,10.38221,10.38414,1.45,1.00
2018.04.20 06:25:02.534,10.38221,10.38414,1.00,1.00
2018.04.20 06:25:02.644,10.38221,10.38414,1.45,1.00
2018.04.20 06:25:03.321,10.38221,10.38414,1.45,1.00
2018.04.20 06:25:03.708,10.38225,10.38417,1.45,1.00
2018.04.20 06:25:04.266,10.38225,10.38417,1.45,1.00
2018.04.20 06:25:04.369,10.38218,10.38425,1.45,1.00
2018.04.20 06:25:04.420,10.38226,10.3842,1.45,1.00
2018.04.20 06:25:04.676,10.38229,10.3842,1.00,1.00
2018.04.20 06:25:04.727,10.38229,10.38429,1.00,1.00
2018.04.20 06:25:06.805,10.38238,10.38429,1.45,1.00
2018.04.20 06:25:07.061,10.38238,10.38429,1.00,1.00
2018.04.20 06:25:08.342,10.38229,10.38429,1.00,1.00
2018.04.20 06:25:08.546,10.38241,10.38429,1.00,1.00
2018.04.20 06:25:09.930,10.38233,10.38425,1.00,1.00
2018.04.20 06:25:12.865,10.38234,10.38426,1.00,1.00
2018.04.20 06:25:12.917,10.38223,10.38415,1.00,1.00
2018.04.20 06:25:13.225,10.3823,10.38415,1.20,1.00
2018.04.20 06:25:13.571,10.3823,10.38415,1.45,1.00
2018.04.20 06:25:14.047,10.3823,10.38415,1.45,1.00
2018.04.20 06:25:14.098,10.3823,10.38415,1.45,1.00
2018.04.20 06:25:14.342,10.38222,10.38415,1.95,1.00
2018.04.20 06:25:14.546,10.38229,10.38423,1.45,1.00
2018.04.20 06:25:16.633,10.3822,10.38412,1.45,1.00
2018.04.20 06:25:18.646,10.38209,10.38401,1.45,1.00
2018.04.20 06:25:18.698,10.38209,10.38401,1.00,1.00
2018.04.20 06:25:18.950,10.38209,10.38401,1.45,1.00
2018.04.20 06:25:19.412,10.38209,10.38401,1.45,1.00
2018.04.20 06:25:27.903,10.38209,10.38401,1.00,1.00
2018.04.20 06:25:27.954,10.38195,10.38386,1.00,1.00
2018.04.20 06:25:28.213,10.38208,10.384,1.00,1.00
2018.04.20 06:25:29.354,10.38213,10.38403,1.00,1.00
2018.04.20 06:25:29.739,10.38211,10.38403,1.00,1.00
2018.04.20 06:25:29.896,10.38211,10.38402,1.45,1.00
2018.04.20 06:25:30.153,10.38199,10.38391,1.00,1.00
2018.04.20 06:25:30.206,10.38203,10.38395,1.95,1.00
2018.04.20 06:25:30.462,10.38195,10.38402,1.45,1.00
2018.04.20 06:25:32.705,10.38199,10.38391,1.00,1.00
2018.04.20 06:25:33.085,10.382,10.38392,1.45,1.00
2018.04.20 06:25:33.413,10.382,10.38392,1.45,1.00
2018.04.20 06:25:34.234,10.382,10.38392,1.45,1.00
2018.04.20 06:25:34.686,10.382,10.38392,1.00,1.00
2018.04.20 06:25:34.865,10.382,10.38392,1.45,1.00
2018.04.20 06:25:36.291,10.382,10.38392,1.00,1.00
2018.04.20 06:25:36.342,10.382,10.38392,1.45,1.00
2018.04.20 06:25:38.336,10.382,10.38392,1.00,1.00
2018.04.20 06:25:38.438,10.382,10.38392,1.45,1.00
2018.04.20 06:25:38.697,10.38215,10.38406,1.00,1.00
2018.04.20 06:25:38.749,10.38223,10.38406,1.00,1.00
2018.04.20 06:25:39.097,10.38223,10.38416,1.95,1.00
2018.04.20 06:25:39.459,10.38223,10.38416,1.95,1.00
2018.04.20 06:25:40.208,10.38223,10.38416,1.95,1.00
2018.04.20 06:25:40.715,10.38223,10.38416,1.45,1.00
2018.04.20 06:25:40.765,10.38223,10.38416,1.95,1.00
2018.04.20 06:25:41.722,10.38223,10.38416,1.95,1.00
2018.04.20 06:25:41.825,10.38223,10.38416,1.95,1.00
2018.04.20 06:25:42.247,10.38223,10.38416,1.45,1.00
2018.04.20 06:25:43.270,10.38223,10.38416,1.45,1.00
2018.04.20 06:25:43.372,10.38223,10.38416,1.45,1.00
2018.04.20 06:25:44.591,10.38218,10.3841,1.45,1.00
2018.04.20 06:25:44.773,10.38218,10.3841,1.45,1.00
2018.04.20 06:25:46.376,10.38212,10.38404,1.45,1.00
2018.04.20 06:25:46.567,10.38212,10.38404,1.00,1.00
2018.04.20 06:25:46.669,10.38212,10.38404,1.45,1.00
2018.04.20 06:25:47.176,10.38212,10.38404,1.45,1.00
2018.04.20 06:25:47.887,10.38212,10.38404,1.45,1.00
2018.04.20 06:25:48.058,10.38212,10.38404,1.45,1.00
2018.04.20 06:25:48.797,10.38217,10.38409,1.45,1.00
2018.04.20 06:25:49.434,10.38217,10.38409,1.00,1.00
2018.04.20 06:25:49.866,10.38208,10.384,1.00,1.00
2018.04.20 06:25:50.220,10.38207,10.38394,1.20,1.00
2018.04.20 06:25:50.323,10.38189,10.38384,1.00,1.00
2018.04.20 06:25:50.375,10.38162,10.38355,1.00,1.00
2018.04.20 06:25:50.687,10.38267,10.38452,1.00,1.00
2018.04.20 06:25:52.243,10.38259,10.38452,1.45,1.00
2018.04.20 06:25:52.804,10.38259,10.38452,1.00,1.00
2018.04.20 06:25:53.751,10.38259,10.38435,1.00,1.00
2018.04.20 06:25:53.855,10.38251,10.38435,1.00,1.00
2018.04.20 06:25:54.593,10.38251,10.38435,1.45,1.00
2018.04.20 06:25:55.119,10.38251,10.38435,1.00,1.00
2018.04.20 06:25:55.170,10.38251,10.38435,1.45,1.00
2018.04.20 06:25:55.222,10.38251,10.38435,1.00,1.00
2018.04.20 06:25:55.273,10.38251,10.38435,1.45,1.00
2018.04.20 06:25:55.427,10.38251,10.38435,1.00,1.00
2018.04.20 06:25:56.336,10.38251,10.38432,1.00,1.00
2018.04.20 06:25:56.773,10.38251,10.38427,1.00,1.00
2018.04.20 06:25:58.346,10.38243,10.38427,1.45,1.00
2018.04.20 06:25:58.451,10.38243,10.38427,1.00,1.00
2018.04.20 06:25:58.502,10.38243,10.38427,1.45,1.00
2018.04.20 06:25:59.621,10.38243,10.38426,1.45,1.00
2018.04.20 06:26:00.832,10.38243,10.38426,1.00,1.00
2018.04.20 06:26:07.451,10.38227,10.38415,1.00,1.00
2018.04.20 06:26:10.242,10.38223,10.38415,1.00,1.00
2018.04.20 06:26:14.690,10.38221,10.38412,1.00,1.00
2018.04.20 06:26:15.017,10.38249,10.38423,1.00,1.00
2018.04.20 06:26:16.395,10.38241,10.38423,1.45,1.00
2018.04.20 06:26:17.891,10.38241,10.38423,1.00,1.00
2018.04.20 06:26:18.473,10.38233,10.38423,1.45,1.00
2018.04.20 06:26:18.524,10.38233,10.38423,1.45,1.00
2018.04.20 06:26:18.860,10.38233,10.3842,1.45,1.00
2018.04.20 06:26:19.423,10.38233,10.3842,1.00,1.00
2018.04.20 06:26:21.060,10.38233,10.38412,1.00,1.00
2018.04.20 06:26:25.999,10.38249,10.38422,1.00,1.00
2018.04.20 06:26:27.505,10.38235,10.38422,1.45,1.00
2018.04.20 06:26:27.761,10.38235,10.38422,1.00,1.00
2018.04.20 06:26:27.813,10.38226,10.38411,1.00,1.00
2018.04.20 06:26:29.454,10.38226,10.38411,1.45,1.00
2018.04.20 06:26:29.506,10.38226,10.38411,1.00,1.00
2018.04.20 06:26:30.140,10.38226,10.3841,1.00,1.00
2018.04.20 06:26:30.243,10.38223,10.3841,1.00,1.00
2018.04.20 06:26:33.839,10.38223,10.38408,1.00,1.00
2018.04.20 06:26:47.808,10.38231,10.38408,1.00,1.00
2018.04.20 06:26:48.022,10.38232,10.38418,1.00,1.00
2018.04.20 06:26:48.868,10.38232,10.38414,1.00,1.00
2018.04.20 06:26:49.441,10.38223,10.38414,1.45,1.00
2018.04.20 06:26:50.271,10.3823,10.38414,1.45,1.00
2018.04.20 06:26:50.891,10.3823,10.38414,1.00,1.00
2018.04.20 06:26:56.561,10.3824,10.38414,1.00,1.00
2018.04.20 06:26:59.754,10.3824,10.3842,1.20,1.00
2018.04.20 06:27:00.715,10.38232,10.3842,1.00,1.00
2018.04.20 06:27:00.766,10.38224,10.3841,1.00,1.00
2018.04.20 06:27:00.818,10.38218,10.3841,1.00,1.00
2018.04.20 06:27:02.474,10.38218,10.3841,1.45,1.00
2018.04.20 06:27:03.505,10.38218,10.3841,1.00,1.00
2018.04.20 06:27:03.949,10.38216,10.38406,1.20,1.00
2018.04.20 06:27:04.293,10.38216,10.38406,1.45,1.00
2018.04.20 06:27:04.625,10.38224,10.38406,1.00,1.00
2018.04.20 06:27:05.865,10.38224,10.38406,1.45,1.00
2018.04.20 06:27:06.357,10.38224,10.38406,1.45,1.00
2018.04.20 06:27:08.419,10.38224,10.38406,1.45,1.00
2018.04.20 06:27:08.521,10.38224,10.38406,1.00,1.00
2018.04.20 06:27:08.997,10.38232,10.38419,1.00,1.00
2018.04.20 06:27:10.069,10.38223,10.38406,1.00,1.00
2018.04.20 06:27:10.223,10.38216,10.38406,1.00,1.00
2018.04.20 06:27:10.278,10.38224,10.38406,1.00,1.00
2018.04.20 06:27:12.709,10.38215,10.38406,1.45,1.00
2018.04.20 06:27:12.760,10.38223,10.38406,1.00,1.00
2018.04.20 06:27:13.104,10.38215,10.38406,1.00,1.00
2018.04.20 06:27:13.282,10.38215,10.38399,1.00,1.00
2018.04.20 06:27:14.820,10.38215,10.38401,1.00,1.00
2018.04.20 06:27:18.928,10.38215,10.38398,1.00,1.00
2018.04.20 06:27:20.715,10.38225,10.38413,1.00,1.00
2018.04.20 06:27:20.767,10.38233,10.38423,1.00,1.00
2018.04.20 06:27:22.138,10.38231,10.38423,1.00,1.00
2018.04.20 06:27:22.401,10.38233,10.38423,1.00,1.00
2018.04.20 06:27:24.155,10.38242,10.38429,1.00,1.00
2018.04.20 06:27:25.693,10.38242,10.38427,1.00,1.00
2018.04.20 06:27:27.178,10.38235,10.38427,1.50,1.00
2018.04.20 06:27:27.312,10.38235,10.38427,1.95,1.00
2018.04.20 06:27:29.849,10.38235,10.38422,1.45,1.00
2018.04.20 06:27:30.190,10.38235,10.38422,1.00,1.00
2018.04.20 06:27:30.242,10.38232,10.38422,1.00,1.00
2018.04.20 06:27:34.002,10.38232,10.38417,1.00,1.00
2018.04.20 06:27:34.053,10.38225,10.38417,1.00,1.00
2018.04.20 06:27:34.718,10.38224,10.38411,1.00,1.00
2018.04.20 06:27:34.821,10.38219,10.38411,1.00,1.00
2018.04.20 06:27:36.360,10.38224,10.38411,1.00,1.00
2018.04.20 06:27:44.491,10.38219,10.38411,1.00,1.00
2018.04.20 06:27:44.834,10.38216,10.38408,1.50,1.00
2018.04.20 06:27:50.170,10.38224,10.38408,1.00,1.00
2018.04.20 06:27:50.829,10.38216,10.38408,1.50,1.00
2018.04.20 06:27:51.061,10.38216,10.38406,1.00,1.00
2018.04.20 06:27:51.495,10.38216,10.38404,1.00,1.00
2018.04.20 06:27:52.810,10.38216,10.38406,1.00,1.00
2018.04.20 06:27:52.861,10.38216,10.38404,1.00,1.00
2018.04.20 06:27:54.318,10.38216,10.38406,1.00,1.00
2018.04.20 06:27:54.788,10.38235,10.38427,1.00,1.00
2018.04.20 06:27:54.839,10.38246,10.38427,1.00,1.00
2018.04.20 06:27:54.891,10.38246,10.38431,1.00,1.00
2018.04.20 06:27:55.783,10.38246,10.38428,1.00,1.00
2018.04.20 06:27:56.293,10.38237,10.38428,1.00,1.00
2018.04.20 06:27:57.803,10.38229,10.38415,1.00,1.00
2018.04.20 06:27:59.861,10.38229,10.38418,1.20,1.00
2018.04.20 06:28:02.568,10.38226,10.38418,1.00,1.00
2018.04.20 06:28:02.789,10.38229,10.38418,1.00,1.00
2018.04.20 06:28:07.669,10.38224,10.38416,1.00,1.00
2018.04.20 06:28:14.941,10.38218,10.3841,1.00,1.00
2018.04.20 06:28:16.262,10.38212,10.38404,1.00,1.00
2018.04.20 06:28:19.100,10.38218,10.3841,1.00,1.00
2018.04.20 06:28:22.695,10.38235,10.38422,1.00,1.00
2018.04.20 06:28:22.849,10.38218,10.3841,1.00,1.00
2018.04.20 06:28:23.090,10.38218,10.38404,1.00,1.00
2018.04.20 06:28:25.807,10.38218,10.3841,1.00,1.00
2018.04.20 06:28:27.779,10.38229,10.38421,1.00,1.00
2018.04.20 06:28:28.230,10.38238,10.38421,1.00,1.00
2018.04.20 06:28:29.252,10.38229,10.38421,1.50,1.00
2018.04.20 06:28:29.964,10.38223,10.38415,1.45,1.00
2018.04.20 06:28:30.279,10.38223,10.38415,1.45,1.00
2018.04.20 06:28:31.612,10.38223,10.38415,1.45,1.00
2018.04.20 06:28:32.214,10.38223,10.38415,1.45,1.00
2018.04.20 06:28:33.032,10.38223,10.38415,1.45,1.00
2018.04.20 06:28:33.343,10.38214,10.38406,1.45,1.00
2018.04.20 06:28:33.700,10.38227,10.3842,1.00,1.00
2018.04.20 06:28:35.292,10.38227,10.3842,1.45,1.00
2018.04.20 06:28:36.077,10.38227,10.3842,1.45,1.00
2018.04.20 06:28:36.585,10.38227,10.3842,1.45,1.00
2018.04.20 06:28:37.211,10.38227,10.3842,1.45,1.00
2018.04.20 06:28:37.560,10.38234,10.3842,1.45,1.00
2018.04.20 06:28:38.418,10.38227,10.3842,1.95,1.00
2018.04.20 06:28:38.851,10.38227,10.3842,1.50,1.00
2018.04.20 06:28:39.350,10.38227,10.3842,1.95,1.00
2018.04.20 06:28:39.860,10.38228,10.3842,1.45,1.00
2018.04.20 06:28:40.085,10.38228,10.3842,1.45,1.00
2018.04.20 06:28:40.355,10.38228,10.3842,1.45,1.00
2018.04.20 06:28:40.407,10.38223,10.38415,1.45,1.00
2018.04.20 06:28:40.683,10.38215,10.38407,1.00,1.00
2018.04.20 06:28:44.903,10.38215,10.38407,1.45,1.00
2018.04.20 06:28:44.954,10.38214,10.38406,1.00,1.00
2018.04.20 06:28:49.157,10.38214,10.38408,1.00,1.00
2018.04.20 06:28:51.555,10.38214,10.38408,1.95,1.00
2018.04.20 06:29:00.680,10.38216,10.38408,1.45,1.00
2018.04.20 06:29:00.731,10.38223,10.3843,1.45,1.50
2018.04.20 06:29:00.783,10.38245,10.3843,1.00,1.00
2018.04.20 06:29:02.245,10.38237,10.38425,1.45,1.00
2018.04.20 06:29:02.846,10.38233,10.38425,1.45,1.00
2018.04.20 06:29:04.189,10.38229,10.38421,1.45,1.00
2018.04.20 06:29:05.291,10.38229,10.38421,1.45,1.00
2018.04.20 06:29:06.968,10.38229,10.38421,1.00,1.00
2018.04.20 06:29:11.074,10.38225,10.38415,1.00,1.00
2018.04.20 06:29:11.126,10.38222,10.38415,1.00,1.00
2018.04.20 06:29:11.508,10.38226,10.38415,1.00,1.00
2018.04.20 06:29:12.936,10.38226,10.38415,1.45,1.00
2018.04.20 06:29:13.140,10.38233,10.38422,1.00,1.00
2018.04.20 06:29:13.487,10.38236,10.38422,1.00,1.00
2018.04.20 06:29:14.475,10.38233,10.38422,1.00,1.00
2018.04.20 06:29:14.969,10.38233,10.38422,1.45,1.00
2018.04.20 06:29:15.134,10.38233,10.3842,1.00,1.00
2018.04.20 06:29:15.918,10.38233,10.3842,1.45,1.00
2018.04.20 06:29:16.670,10.38224,10.38411,1.00,1.00
2018.04.20 06:29:16.722,10.38217,10.38409,1.00,1.00
2018.04.20 06:29:16.876,10.38209,10.38401,1.00,1.00
2018.04.20 06:29:17.193,10.38209,10.38401,1.45,1.00
2018.04.20 06:29:17.579,10.38209,10.38401,1.00,1.00
2018.04.20 06:29:17.630,10.38212,10.38401,1.45,1.00
2018.04.20 06:29:18.981,10.3822,10.38401,1.00,1.00
2018.04.20 06:29:19.033,10.3821,10.38398,1.45,1.00
2018.04.20 06:29:19.135,10.3821,10.38398,1.45,1.00
2018.04.20 06:29:19.187,10.3821,10.38401,1.45,1.00
2018.04.20 06:29:19.583,10.3821,10.38401,1.00,1.00
2018.04.20 06:29:19.634,10.38226,10.38419,1.00,1.00
2018.04.20 06:29:20.494,10.38225,10.38408,1.00,1.00
2018.04.20 06:29:20.809,10.38216,10.38403,1.45,1.00
2018.04.20 06:29:21.041,10.38226,10.38418,1.45,1.00
2018.04.20 06:29:21.759,10.38225,10.38408,1.00,1.00
2018.04.20 06:29:21.810,10.38216,10.38408,1.50,1.00
2018.04.20 06:29:21.862,10.38208,10.38401,1.45,1.00
2018.04.20 06:29:22.108,10.38208,10.38401,1.45,1.00
2018.04.20 06:29:22.251,10.38208,10.38404,1.00,1.00
2018.04.20 06:29:22.303,10.38208,10.38399,1.00,1.00
2018.04.20 06:29:22.767,10.38199,10.38404,1.00,1.00
2018.04.20 06:29:23.164,10.38209,10.38399,1.00,1.00
2018.04.20 06:29:23.360,10.38198,10.38404,1.00,1.00
2018.04.20 06:29:23.462,10.38205,10.38397,1.00,1.00
2018.04.20 06:29:24.939,10.38195,10.38397,1.00,1.00
2018.04.20 06:29:25.245,10.382,10.38404,1.00,1.00
2018.04.20 06:29:25.701,10.38203,10.38395,1.00,1.00
2018.04.20 06:29:30.056,10.38201,10.38394,1.00,1.00
2018.04.20 06:29:34.198,10.382,10.38394,1.00,1.00
2018.04.20 06:29:36.669,10.38224,10.38416,1.00,1.00
2018.04.20 06:29:36.720,10.38231,10.38427,1.00,1.00
2018.04.20 06:29:36.822,10.38239,10.38427,1.00,1.00
2018.04.20 06:29:37.126,10.38251,10.38427,1.00,1.00
2018.04.20 06:29:37.624,10.3824,10.38427,1.20,1.00
2018.04.20 06:29:38.044,10.3824,10.38427,1.45,1.00
2018.04.20 06:29:38.141,10.3824,10.38427,1.20,1.00
2018.04.20 06:29:39.870,10.38233,10.38425,1.00,1.00
2018.04.20 06:29:40.032,10.38233,10.38425,1.45,1.00
2018.04.20 06:29:41.431,10.38264,10.38452,1.00,1.00
2018.04.20 06:29:42.860,10.38255,10.38452,1.00,1.00
2018.04.20 06:29:44.426,10.38238,10.38428,1.00,1.00
2018.04.20 06:29:44.743,10.38246,10.38432,1.00,1.00
2018.04.20 06:29:45.339,10.38246,10.38433,1.45,1.00
2018.04.20 06:29:46.050,10.38237,10.3843,1.45,1.00
2018.04.20 06:29:46.613,10.38237,10.3843,1.00,1.00
2018.04.20 06:29:48.225,10.38237,10.3843,1.45,1.00
2018.04.20 06:29:48.823,10.38245,10.3843,1.00,1.00
2018.04.20 06:29:49.400,10.38245,10.38431,1.00,1.00
2018.04.20 06:29:49.679,10.38237,10.38421,1.00,1.00
2018.04.20 06:29:49.732,10.38218,10.3841,1.20,1.00
2018.04.20 06:29:49.888,10.38217,10.38409,1.45,1.00
2018.04.20 06:29:50.040,10.38217,10.38409,1.45,1.00
2018.04.20 06:29:50.159,10.38217,10.38409,1.45,1.00
2018.04.20 06:29:50.777,10.38219,10.38409,1.45,1.00
2018.04.20 06:29:51.769,10.38219,10.38409,1.45,1.00
2018.04.20 06:29:51.884,10.38219,10.38409,1.00,1.00
2018.04.20 06:29:52.100,10.38217,10.38409,1.00,1.00
2018.04.20 06:29:52.768,10.38206,10.38398,1.00,1.00
2018.04.20 06:29:55.303,10.38206,10.38398,1.45,1.00
2018.04.20 06:29:55.559,10.38198,10.38402,1.00,1.00
2018.04.20 06:29:55.610,10.38235,10.38442,1.00,1.00
2018.04.20 06:29:55.662,10.38267,10.38446,1.00,1.00
2018.04.20 06:29:55.713,10.38236,10.38421,1.00,1.00
2018.04.20 06:29:55.764,10.38227,10.38418,1.20,1.00
2018.04.20 06:29:57.228,10.38215,10.38407,1.45,1.00
2018.04.20 06:29:57.432,10.38215,10.38407,1.00,1.00
2018.04.20 06:29:59.786,10.38215,10.38407,1.45,1.00
2018.04.20 06:30:00.114,10.38214,10.38403,1.45,1.00
2018.04.20 06:30:00.417,10.38221,10.38389,1.45,1.00
2018.04.20 06:30:00.896,10.38221,10.38389,1.45,1.00
2018.04.20 06:30:00.974,10.38221,10.38389,1.20,1.00
2018.04.20 06:30:01.026,10.38226,10.38389,1.00,1.00
2018.04.20 06:30:01.280,10.38203,10.38367,1.00,1.00
2018.04.20 06:30:02.300,10.38199,10.38367,1.00,1.00
2018.04.20 06:30:03.942,10.38199,10.38367,1.45,1.00
2018.04.20 06:30:03.993,10.38199,10.38367,1.45,1.00
2018.04.20 06:30:04.260,10.38199,10.38367,1.45,1.00
2018.04.20 06:30:04.362,10.38199,10.38367,1.45,1.00
2018.04.20 06:30:04.656,10.38206,10.38367,1.45,1.00
2018.04.20 06:30:04.960,10.38215,10.38367,1.45,1.00
2018.04.20 06:30:06.135,10.38215,10.38367,1.00,1.00
2018.04.20 06:30:06.187,10.38205,10.38367,1.45,1.00
2018.04.20 06:30:06.239,10.38205,10.38367,1.45,1.00
2018.04.20 06:30:07.600,10.38205,10.38367,1.00,1.00
2018.04.20 06:30:07.737,10.38199,10.38367,1.45,1.00
2018.04.20 06:30:08.110,10.38199,10.38367,1.45,1.00
2018.04.20 06:30:10.229,10.38199,10.38367,1.95,1.00
2018.04.20 06:30:10.796,10.38199,10.38367,1.95,1.00
2018.04.20 06:30:12.015,10.38214,10.38367,1.00,1.00
2018.04.20 06:30:13.472,10.38205,10.38367,1.00,1.00
2018.04.20 06:30:13.524,10.38203,10.38367,1.00,1.00
2018.04.20 06:30:13.576,10.38199,10.38367,1.00,1.00
2018.04.20 06:30:13.782,10.38199,10.38367,1.45,1.00
2018.04.20 06:30:13.839,10.38206,10.38367,1.00,1.00
2018.04.20 06:30:14.116,10.38206,10.38367,1.45,1.00
2018.04.20 06:30:14.783,10.38206,10.38367,1.45,1.00
2018.04.20 06:30:14.834,10.38206,10.38367,1.00,1.00
2018.04.20 06:30:14.937,10.38199,10.38367,1.00,1.00
2018.04.20 06:30:15.039,10.38189,10.38362,1.00,1.00
2018.04.20 06:30:15.669,10.38171,10.38339,1.50,1.00
2018.04.20 06:30:16.182,10.38171,10.38339,1.45,1.00
2018.04.20 06:30:18.395,10.38172,10.38348,1.45,1.00
2018.04.20 06:30:18.448,10.38186,10.38378,1.45,1.00
2018.04.20 06:30:18.501,10.38209,10.38401,1.00,1.00
2018.04.20 06:30:18.618,10.38215,10.38405,1.00,1.00
2018.04.20 06:30:18.926,10.38261,10.38443,1.00,1.00
2018.04.20 06:30:19.307,10.38261,10.38438,1.00,1.00
2018.04.20 06:30:20.348,10.38261,10.38412,1.00,1.00
2018.04.20 06:30:21.743,10.3825,10.38412,1.00,1.00
2018.04.20 06:30:21.795,10.38241,10.3839,1.00,1.00
2018.04.20 06:30:22.117,10.3825,10.3839,1.00,1.00
2018.04.20 06:30:27.620,10.38242,10.3839,1.00,1.00
2018.04.20 06:30:30.241,10.38245,10.3839,1.00,1.00
2018.04.20 06:30:35.355,10.38237,10.3839,1.00,1.00
2018.04.20 06:30:36.853,10.38226,10.3839,1.00,1.00
2018.04.20 06:30:36.905,10.3822,10.3839,1.00,1.00
2018.04.20 06:30:36.957,10.38217,10.38385,1.00,1.00
2018.04.20 06:30:37.260,10.38217,10.38367,1.00,1.00
2018.04.20 06:30:46.574,10.38225,10.38367,1.00,1.00
2018.04.20 06:30:47.244,10.38225,10.38402,1.00,1.00
2018.04.20 06:30:47.570,10.38225,10.38389,1.00,1.00
2018.04.20 06:30:48.530,10.38232,10.38389,1.00,1.00
2018.04.20 06:30:50.040,10.38224,10.38389,1.00,1.00
2018.04.20 06:30:50.269,10.38226,10.38389,1.00,1.00
2018.04.20 06:30:51.213,10.38234,10.38389,1.00,1.00
2018.04.20 06:30:52.721,10.38223,10.38389,1.00,1.00
2018.04.20 06:30:52.996,10.38231,10.38389,1.00,1.00
2018.04.20 06:30:57.473,10.38239,10.38389,1.00,1.00
2018.04.20 06:30:57.524,10.38271,10.3843,1.00,1.00
2018.04.20 06:30:57.627,10.38248,10.3843,1.00,1.00
2018.04.20 06:30:57.680,10.38248,10.38389,1.00,1.00
2018.04.20 06:30:57.731,10.3824,10.38389,1.00,1.00
2018.04.20 06:31:00.557,10.38231,10.38389,1.00,1.00
2018.04.20 06:31:00.608,10.38223,10.38389,1.00,1.00
2018.04.20 06:31:00.660,10.38213,10.38386,1.00,1.00
2018.04.20 06:31:00.711,10.38205,10.38386,1.00,1.00
2018.04.20 06:31:00.982,10.38205,10.38367,1.00,1.00
2018.04.20 06:31:02.284,10.38199,10.38367,1.00,1.00
2018.04.20 06:31:04.314,10.38205,10.38367,1.00,1.00
2018.04.20 06:31:04.429,10.38199,10.38367,1.00,1.00
2018.04.20 06:31:04.560,10.38189,10.38364,1.00,1.00
2018.04.20 06:31:04.866,10.38199,10.38364,1.00,1.00
2018.04.20 06:31:05.033,10.38192,10.38359,1.00,1.00
2018.04.20 06:31:05.097,10.38192,10.38343,1.00,1.00
2018.04.20 06:31:05.733,10.38183,10.38343,1.00,1.00
2018.04.20 06:31:10.144,10.38175,10.38343,1.00,1.00
2018.04.20 06:31:10.481,10.38182,10.38343,1.00,1.00
2018.04.20 06:31:14.420,10.38173,10.38343,1.50,1.00
2018.04.20 06:31:15.132,10.38163,10.38337,1.45,1.00
2018.04.20 06:31:15.425,10.38163,10.38337,1.00,1.00
2018.04.20 06:31:15.495,10.38163,10.38319,1.00,1.00
2018.04.20 06:31:16.380,10.38155,10.38319,1.00,1.00
2018.04.20 06:31:16.431,10.38155,10.38319,1.45,1.00
2018.04.20 06:31:16.756,10.38155,10.38319,1.45,1.00
2018.04.20 06:31:16.808,10.38155,10.38319,1.45,1.00
2018.04.20 06:31:16.911,10.38155,10.38319,1.45,1.00
2018.04.20 06:31:17.013,10.38155,10.38319,1.45,1.00
2018.04.20 06:31:17.144,10.38172,10.3834,1.45,1.00
2018.04.20 06:31:17.306,10.38172,10.3834,1.45,1.00
2018.04.20 06:31:18.589,10.38172,10.3834,1.45,1.00
2018.04.20 06:31:18.640,10.38172,10.3834,1.00,1.00
2018.04.20 06:31:18.692,10.38172,10.3834,1.45,1.00
2018.04.20 06:31:19.039,10.38172,10.3834,1.45,1.00
2018.04.20 06:31:19.434,10.38172,10.3834,1.45,1.00
2018.04.20 06:31:19.536,10.38172,10.3834,1.00,1.00
2018.04.20 06:31:19.638,10.38172,10.3834,1.45,1.00
2018.04.20 06:31:19.690,10.38172,10.3834,1.95,1.00
2018.04.20 06:31:20.759,10.38172,10.3834,1.95,1.00
2018.04.20 06:31:20.998,10.38172,10.3834,1.00,1.00
2018.04.20 06:31:21.049,10.38172,10.3834,1.45,1.00
2018.04.20 06:31:21.363,10.38172,10.3834,1.00,1.00
2018.04.20 06:31:21.414,10.38172,10.3834,1.45,1.00
2018.04.20 06:31:21.517,10.38178,10.3834,1.00,1.00
2018.04.20 06:31:21.849,10.38178,10.3834,1.45,1.00
2018.04.20 06:31:22.180,10.38178,10.3834,1.45,1.00
2018.04.20 06:31:22.671,10.38178,10.3834,1.45,1.00
2018.04.20 06:31:22.976,10.38178,10.3834,1.45,1.00
2018.04.20 06:31:23.078,10.38178,10.3834,1.45,1.00
2018.04.20 06:31:23.221,10.38178,10.3834,1.45,1.00
2018.04.20 06:31:23.323,10.38178,10.3834,1.45,1.00
2018.04.20 06:31:23.427,10.38192,10.3834,1.00,1.00
2018.04.20 06:31:23.785,10.38196,10.3834,1.00,1.00
2018.04.20 06:31:23.836,10.38186,10.3834,1.00,1.00
2018.04.20 06:31:24.752,10.38181,10.3834,1.45,1.00
2018.04.20 06:31:24.803,10.38172,10.3834,1.00,1.00
2018.04.20 06:31:24.855,10.38172,10.3834,1.45,1.00
2018.04.20 06:31:24.959,10.38135,10.38327,1.45,1.00
2018.04.20 06:31:25.118,10.38135,10.38327,1.45,1.00
2018.04.20 06:31:25.222,10.38135,10.38327,1.45,1.00
2018.04.20 06:31:25.325,10.38135,10.38327,1.45,1.00
2018.04.20 06:31:25.377,10.3815,10.38318,1.45,1.00
2018.04.20 06:31:25.428,10.3815,10.38318,1.00,1.00
2018.04.20 06:31:25.978,10.38135,10.38319,1.45,1.00
2018.04.20 06:31:26.029,10.38135,10.38319,1.45,1.00
2018.04.20 06:31:26.132,10.38135,10.38319,1.45,1.00
2018.04.20 06:31:26.421,10.38135,10.38319,1.45,1.00
2018.04.20 06:31:26.883,10.38135,10.38295,1.45,1.00
2018.04.20 06:31:26.957,10.38135,10.38295,1.45,1.00
2018.04.20 06:31:30.320,10.38133,10.38295,1.45,1.00
2018.04.20 06:31:30.371,10.38133,10.38295,1.45,1.00
2018.04.20 06:31:37.849,10.38135,10.38332,1.45,1.00
2018.04.20 06:31:37.901,10.38135,10.38336,1.45,1.00
2018.04.20 06:31:37.952,10.38135,10.38336,1.45,1.00
2018.04.20 06:31:38.345,10.3815,10.38318,1.45,1.00
2018.04.20 06:31:38.396,10.3815,10.38318,1.00,1.00
2018.04.20 06:31:39.555,10.3815,10.38318,1.45,1.00
2018.04.20 06:31:39.874,10.3815,10.38318,1.45,1.00
2018.04.20 06:31:39.926,10.38143,10.3835,1.45,1.00
2018.04.20 06:31:39.978,10.38165,10.38318,1.45,1.00
2018.04.20 06:31:40.030,10.38175,10.38362,1.00,1.00
2018.04.20 06:31:40.082,10.38175,10.38367,1.00,1.00
2018.04.20 06:31:40.288,10.38182,10.38367,1.00,1.00
2018.04.20 06:31:40.482,10.38182,10.38389,1.00,1.00
2018.04.20 06:31:40.919,10.38182,10.38389,1.45,1.50
2018.04.20 06:31:41.073,10.38184,10.38377,1.00,1.00
2018.04.20 06:31:41.125,10.38184,10.3834,1.00,1.00
2018.04.20 06:31:41.276,10.38165,10.38337,1.00,1.00
2018.04.20 06:31:41.327,10.38154,10.38337,1.45,1.00
2018.04.20 06:31:41.429,10.38154,10.38337,1.45,1.00
2018.04.20 06:31:41.595,10.38154,10.38319,1.45,1.00
2018.04.20 06:31:44.297,10.38149,10.38319,1.00,1.00
2018.04.20 06:31:44.728,10.38149,10.38319,1.45,1.00
2018.04.20 06:31:44.944,10.38144,10.38315,1.20,1.00
2018.04.20 06:31:45.112,10.38144,10.38315,1.45,1.00
2018.04.20 06:31:45.430,10.38127,10.38295,1.45,1.00
2018.04.20 06:31:45.886,10.38127,10.38295,1.45,1.00
2018.04.20 06:31:46.430,10.38129,10.38295,1.45,1.00
2018.04.20 06:31:47.436,10.38129,10.38295,1.45,1.00
2018.04.20 06:31:47.613,10.38129,10.38333,1.95,1.00
2018.04.20 06:31:47.664,10.3815,10.38318,1.45,1.00
2018.04.20 06:31:47.767,10.3815,10.38318,1.45,1.00
2018.04.20 06:31:49.104,10.3815,10.38318,1.45,1.00
2018.04.20 06:31:49.155,10.3815,10.38318,1.45,1.00
2018.04.20 06:31:51.703,10.3815,10.38318,1.45,1.00
2018.04.20 06:31:51.858,10.3815,10.38318,1.45,1.00
2018.04.20 06:31:52.638,10.3815,10.38318,1.45,1.00
2018.04.20 06:31:53.275,10.3815,10.38318,1.45,1.00
2018.04.20 06:31:53.326,10.3815,10.38318,1.45,1.00
2018.04.20 06:31:53.964,10.38149,10.38344,1.45,1.00
2018.04.20 06:31:54.015,10.38149,10.38344,1.45,1.00
2018.04.20 06:31:54.310,10.38175,10.38343,1.00,1.00
2018.04.20 06:31:55.565,10.38152,10.3832,1.45,1.00
2018.04.20 06:31:55.620,10.38186,10.38343,1.00,1.00
2018.04.20 06:31:55.672,10.3818,10.38373,1.45,1.00
2018.04.20 06:31:55.725,10.3821,10.3839,1.00,1.00
2018.04.20 06:31:55.880,10.3821,10.38398,1.45,1.00
2018.04.20 06:31:55.982,10.3821,10.38398,1.45,1.00
2018.04.20 06:31:56.303,10.38198,10.38365,1.45,1.00
2018.04.20 06:31:56.992,10.38176,10.38343,1.00,1.00
2018.04.20 06:31:57.095,10.38176,10.38343,1.45,1.00
2018.04.20 06:31:57.413,10.38176,10.38343,1.45,1.00
2018.04.20 06:31:57.464,10.38176,10.38343,1.45,1.00
2018.04.20 06:31:57.830,10.38175,10.38343,1.45,1.00
2018.04.20 06:31:58.302,10.38175,10.38343,1.45,1.00
2018.04.20 06:31:59.493,10.38175,10.38343,1.45,1.00
2018.04.20 06:32:01.710,10.38175,10.38343,1.00,1.00
2018.04.20 06:32:01.763,10.38161,10.38341,1.00,1.00
2018.04.20 06:32:01.815,10.38161,10.38341,1.45,1.00
2018.04.20 06:32:02.209,10.38175,10.38341,1.45,1.00
2018.04.20 06:32:02.364,10.38152,10.3832,1.45,1.00
2018.04.20 06:32:02.588,10.38152,10.3832,1.45,1.00
2018.04.20 06:32:02.640,10.38174,10.38344,1.45,1.00
2018.04.20 06:32:02.743,10.38174,10.38344,1.45,1.00
2018.04.20 06:32:02.886,10.38174,10.38344,1.45,1.00
2018.04.20 06:32:03.055,10.38174,10.38344,1.45,1.00
2018.04.20 06:32:03.105,10.38174,10.38344,1.45,1.00
2018.04.20 06:32:03.207,10.38174,10.38344,1.45,1.00
2018.04.20 06:32:03.552,10.38174,10.38344,1.45,1.00
2018.04.20 06:32:03.604,10.38153,10.3832,1.00,1.00
2018.04.20 06:32:03.706,10.38152,10.3832,1.45,1.00
2018.04.20 06:32:03.758,10.38139,10.38324,1.45,1.00
2018.04.20 06:32:03.912,10.38139,10.38324,1.45,1.00
2018.04.20 06:32:04.415,10.38139,10.38324,1.45,1.00
2018.04.20 06:32:04.480,10.38139,10.38317,1.45,1.00
2018.04.20 06:32:04.803,10.3813,10.38298,1.45,1.00
2018.04.20 06:32:05.092,10.3813,10.38298,1.45,1.00
2018.04.20 06:32:05.144,10.38151,10.38321,1.00,1.00
2018.04.20 06:32:05.196,10.38151,10.38321,1.45,1.00
2018.04.20 06:32:05.324,10.38193,10.38367,1.45,1.00
2018.04.20 06:32:05.376,10.38181,10.38367,1.45,1.00
2018.04.20 06:32:05.428,10.38181,10.38373,1.45,1.00
2018.04.20 06:32:05.479,10.38181,10.38373,1.45,1.00
2018.04.20 06:32:05.581,10.38227,10.38389,1.00,1.00
2018.04.20 06:32:05.632,10.38238,10.38415,1.00,1.00
2018.04.20 06:32:05.683,10.38238,10.3843,1.00,1.00
2018.04.20 06:32:05.784,10.38238,10.3843,1.45,1.00
2018.04.20 06:32:06.092,10.38238,10.38423,1.45,1.00
2018.04.20 06:32:06.500,10.38238,10.38418,1.45,1.00
2018.04.20 06:32:07.112,10.38238,10.38418,1.45,1.00
2018.04.20 06:32:07.164,10.38207,10.38368,1.45,1.00
2018.04.20 06:32:07.217,10.38183,10.38365,1.45,1.00
2018.04.20 06:32:07.372,10.382,10.38368,1.45,1.00
2018.04.20 06:32:07.424,10.38169,10.38361,1.45,1.00
2018.04.20 06:32:07.753,10.38177,10.38345,1.45,1.00
2018.04.20 06:32:10.271,10.38177,10.38345,1.45,1.00
2018.04.20 06:32:10.374,10.38177,10.38345,1.45,1.00
2018.04.20 06:32:11.887,10.38177,10.38345,1.45,1.00
2018.04.20 06:32:12.042,10.38177,10.38345,1.45,1.00
2018.04.20 06:32:12.159,10.38173,10.3834,1.20,1.50
2018.04.20 06:32:12.210,10.38143,10.38326,1.45,1.00
2018.04.20 06:32:12.261,10.38143,10.38326,1.45,1.00
2018.04.20 06:32:12.312,10.38143,10.38318,1.00,1.00
2018.04.20 06:32:12.363,10.38121,10.38309,1.45,1.00
2018.04.20 06:32:12.466,10.38121,10.38309,1.45,1.00
2018.04.20 06:32:12.568,10.38114,10.38309,1.45,1.00
2018.04.20 06:32:12.670,10.38119,10.38317,1.45,1.00
2018.04.20 06:32:12.721,10.38119,10.38303,1.45,1.00
2018.04.20 06:32:13.595,10.3813,10.38298,1.45,1.00
2018.04.20 06:32:13.936,10.3813,10.38298,1.00,1.00
2018.04.20 06:32:14.195,10.38111,10.38303,1.45,1.50
2018.04.20 06:32:14.364,10.38119,10.38299,1.00,1.00
2018.04.20 06:32:14.467,10.38112,10.38299,1.45,1.00
2018.04.20 06:32:14.776,10.38127,10.38295,1.00,1.00
2018.04.20 06:32:14.878,10.38127,10.38295,1.45,1.00
2018.04.20 06:32:14.981,10.38127,10.38295,1.00,1.00
2018.04.20 06:32:15.822,10.38127,10.38295,1.45,1.00
2018.04.20 06:32:16.178,10.38127,10.38295,1.45,1.00
2018.04.20 06:32:16.230,10.38127,10.38295,1.20,1.00
2018.04.20 06:32:16.281,10.38113,10.38291,1.45,1.00
2018.04.20 06:32:16.384,10.38113,10.38291,1.45,1.00
2018.04.20 06:32:16.731,10.38113,10.38273,1.45,1.00
2018.04.20 06:32:17.103,10.38127,10.38291,1.45,1.00
2018.04.20 06:32:17.257,10.38127,10.38295,1.45,1.00
2018.04.20 06:32:17.308,10.38127,10.38295,1.45,1.00
2018.04.20 06:32:17.424,10.38127,10.38295,1.00,1.00
2018.04.20 06:32:17.475,10.38127,10.38295,1.45,1.00
2018.04.20 06:32:17.577,10.38127,10.38295,1.00,1.00
2018.04.20 06:32:17.966,10.38127,10.38295,1.45,1.00
2018.04.20 06:32:18.018,10.38127,10.38295,1.00,1.00
2018.04.20 06:32:18.322,10.38127,10.38295,1.45,1.00
2018.04.20 06:32:18.424,10.38127,10.38295,1.45,1.00
2018.04.20 06:32:18.527,10.38127,10.38295,1.45,1.00
2018.04.20 06:32:18.578,10.38121,10.38318,1.45,1.00
2018.04.20 06:32:18.630,10.38127,10.38295,1.45,1.00
2018.04.20 06:32:18.681,10.38127,10.38295,1.00,1.00
2018.04.20 06:32:18.733,10.38131,10.38295,1.45,1.00
2018.04.20 06:32:18.784,10.38131,10.38295,1.45,1.00
2018.04.20 06:32:18.960,10.38127,10.38295,1.45,1.00
2018.04.20 06:32:19.113,10.38127,10.38295,1.45,1.00
2018.04.20 06:32:19.164,10.38127,10.38295,1.45,1.00
2018.04.20 06:32:19.266,10.38127,10.38295,1.45,1.00
2018.04.20 06:32:19.772,10.38127,10.38295,1.45,1.00
2018.04.20 06:32:19.824,10.38127,10.38295,1.45,1.00
2018.04.20 06:32:19.875,10.38127,10.38295,1.45,1.00
2018.04.20 06:32:19.985,10.38127,10.38295,1.45,1.00
2018.04.20 06:32:20.543,10.38127,10.38295,1.45,1.00
2018.04.20 06:32:20.646,10.38127,10.38295,1.45,1.00
2018.04.20 06:32:20.697,10.38124,10.38311,1.45,1.00
2018.04.20 06:32:20.749,10.38129,10.38293,1.45,1.00
2018.04.20 06:32:20.801,10.38129,10.38321,1.45,1.00
2018.04.20 06:32:20.904,10.38129,10.38312,1.45,1.00
2018.04.20 06:32:20.956,10.38131,10.38327,1.45,1.00
2018.04.20 06:32:21.007,10.38131,10.38312,1.45,1.00
2018.04.20 06:32:21.354,10.38131,10.38295,1.45,1.00
2018.04.20 06:32:21.405,10.38131,10.38295,1.45,1.00
2018.04.20 06:32:21.456,10.38131,10.38312,1.45,1.00
2018.04.20 06:32:21.507,10.3815,10.38318,1.45,1.00
2018.04.20 06:32:21.558,10.3815,10.38318,1.20,1.00
2018.04.20 06:32:21.964,10.3815,10.38318,1.45,1.00
2018.04.20 06:32:22.296,10.3815,10.38318,1.45,1.00
2018.04.20 06:32:22.476,10.3815,10.38318,1.45,1.00
2018.04.20 06:32:22.659,10.3815,10.38318,1.45,1.00
2018.04.20 06:32:22.839,10.3815,10.38318,1.45,1.00
2018.04.20 06:32:23.505,10.3815,10.38318,1.00,1.00
2018.04.20 06:32:24.178,10.3815,10.38318,1.45,1.00
2018.04.20 06:32:24.282,10.3815,10.38318,1.00,1.50
2018.04.20 06:32:24.462,10.38129,10.38312,1.45,1.50
2018.04.20 06:32:24.521,10.38129,10.38295,1.45,1.00
2018.04.20 06:32:24.674,10.3815,10.38318,1.45,1.00
2018.04.20 06:32:24.725,10.3815,10.38318,1.45,1.00
2018.04.20 06:32:24.777,10.3815,10.38318,1.45,1.00
2018.04.20 06:32:24.881,10.3815,10.38318,1.00,1.00
2018.04.20 06:32:24.984,10.3815,10.38318,1.45,1.00
2018.04.20 06:32:25.089,10.3815,10.38318,1.45,1.00
2018.04.20 06:32:25.141,10.3815,10.38318,1.45,1.00
2018.04.20 06:32:25.347,10.3815,10.38316,1.45,1.00
2018.04.20 06:32:25.469,10.3815,10.38318,1.45,1.50
2018.04.20 06:32:25.521,10.3815,10.38318,1.00,1.50
2018.04.20 06:32:25.573,10.3815,10.38318,1.45,1.00
2018.04.20 06:32:25.625,10.3815,10.38316,1.00,1.00
2018.04.20 06:32:25.676,10.3815,10.38318,1.00,1.00
2018.04.20 06:32:25.780,10.3815,10.38318,1.45,1.00
2018.04.20 06:32:25.831,10.3815,10.38318,1.00,1.00
2018.04.20 06:32:25.934,10.3815,10.38313,1.45,1.00
2018.04.20 06:32:26.036,10.3815,10.38313,1.00,1.00
2018.04.20 06:32:26.853,10.3815,10.38305,1.45,1.00
2018.04.20 06:32:26.905,10.38125,10.38305,1.45,1.00
2018.04.20 06:32:27.007,10.38127,10.38295,1.45,1.00
2018.04.20 06:32:27.109,10.38127,10.38295,1.45,1.00
2018.04.20 06:32:27.212,10.38127,10.38295,1.45,1.00
2018.04.20 06:32:27.315,10.38127,10.38295,1.45,1.00
2018.04.20 06:32:27.366,10.38127,10.38295,1.45,1.00
2018.04.20 06:32:27.417,10.3815,10.38318,1.45,1.00
2018.04.20 06:32:27.469,10.3815,10.38318,1.45,1.00
2018.04.20 06:32:27.774,10.38127,10.38295,1.45,1.00
2018.04.20 06:32:27.825,10.38127,10.38295,1.45,1.00
2018.04.20 06:32:27.876,10.38127,10.38295,1.45,1.00
2018.04.20 06:32:27.927,10.38127,10.38295,1.45,1.00
2018.04.20 06:32:27.978,10.38127,10.38295,1.45,1.00
2018.04.20 06:32:28.029,10.38127,10.38295,1.45,1.00
2018.04.20 06:32:28.181,10.38127,10.38295,1.45,1.00
2018.04.20 06:32:28.487,10.38127,10.38295,1.45,1.00
2018.04.20 06:32:28.590,10.38131,10.38295,1.45,1.00
2018.04.20 06:32:28.758,10.38127,10.38295,1.45,1.00
2018.04.20 06:32:28.860,10.38131,10.38295,1.45,1.00
2018.04.20 06:32:29.528,10.38127,10.38295,1.45,1.00
2018.04.20 06:32:29.580,10.3813,10.38295,1.45,1.00
2018.04.20 06:32:29.683,10.38127,10.38295,1.45,1.00
2018.04.20 06:32:29.734,10.3813,10.38298,1.45,1.00
2018.04.20 06:32:29.786,10.38131,10.38322,1.45,1.00
2018.04.20 06:32:29.838,10.38143,10.38322,1.45,1.00
2018.04.20 06:32:29.940,10.38152,10.3832,1.45,1.00
2018.04.20 06:32:30.234,10.38152,10.3832,1.45,1.00
2018.04.20 06:32:30.502,10.38152,10.3832,1.45,1.00
2018.04.20 06:32:30.554,10.38152,10.3832,1.45,1.00
2018.04.20 06:32:31.398,10.38152,10.3832,1.45,1.00
2018.04.20 06:32:31.853,10.38152,10.3832,1.45,1.00
2018.04.20 06:32:32.934,10.38152,10.3832,1.45,1.00
2018.04.20 06:32:32.985,10.38152,10.38317,1.45,1.00
2018.04.20 06:32:33.136,10.38152,10.38317,1.45,1.00
2018.04.20 06:32:33.459,10.38132,10.38309,1.45,1.00
2018.04.20 06:32:33.511,10.38132,10.38309,1.45,1.00
2018.04.20 06:32:33.670,10.38132,10.38298,1.45,1.00
2018.04.20 06:32:34.072,10.3813,10.38298,1.45,1.00
2018.04.20 06:32:34.123,10.3813,10.38298,1.45,1.00
2018.04.20 06:32:34.949,10.3813,10.38298,1.45,1.00
2018.04.20 06:32:35.650,10.3813,10.38298,1.45,1.00
2018.04.20 06:32:35.792,10.3813,10.38298,1.20,1.00
2018.04.20 06:32:35.844,10.3813,10.38298,1.45,1.00
2018.04.20 06:32:36.153,10.3813,10.38298,1.45,1.00
2018.04.20 06:32:36.678,10.38139,10.38298,1.45,1.00
2018.04.20 06:32:37.331,10.38139,10.38298,1.45,1.00
2018.04.20 06:32:37.449,10.38139,10.38298,1.45,1.00
2018.04.20 06:32:37.831,10.38139,10.38298,1.45,1.00
2018.04.20 06:32:38.327,10.38139,10.38298,1.45,1.00
2018.04.20 06:32:39.347,10.38139,10.38298,1.45,1.00
2018.04.20 06:32:40.464,10.38139,10.38298,1.45,1.00
2018.04.20 06:32:40.605,10.38128,10.38318,1.45,1.00
2018.04.20 06:32:40.709,10.38129,10.38299,1.45,1.00
2018.04.20 06:32:40.760,10.38129,10.38317,1.45,1.00
2018.04.20 06:32:41.268,10.38152,10.38319,1.45,1.00
2018.04.20 06:32:41.655,10.38152,10.38319,1.45,1.00
2018.04.20 06:32:41.759,10.38154,10.38344,1.45,1.00
2018.04.20 06:32:41.810,10.38164,10.38356,1.45,1.00
2018.04.20 06:32:41.912,10.38192,10.38369,1.45,1.00
2018.04.20 06:32:41.963,10.38181,10.38372,1.45,1.00
2018.04.20 06:32:42.015,10.38191,10.38378,1.45,1.00
2018.04.20 06:32:42.066,10.38213,10.38393,1.00,1.00
2018.04.20 06:32:42.117,10.38213,10.38404,1.45,1.00
2018.04.20 06:32:42.169,10.38213,10.38396,1.45,1.00
2018.04.20 06:32:42.919,10.38213,10.38396,1.45,1.00
2018.04.20 06:32:42.971,10.38213,10.38396,1.45,1.00
2018.04.20 06:32:43.204,10.38213,10.38404,1.45,1.00
2018.04.20 06:32:43.522,10.38213,10.38404,1.45,1.00
2018.04.20 06:32:43.574,10.38213,10.38404,1.45,1.00
2018.04.20 06:32:43.626,10.38213,10.38368,1.45,1.00
2018.04.20 06:32:43.678,10.38213,10.38368,1.45,1.00
2018.04.20 06:32:45.200,10.38189,10.38364,1.45,1.00
2018.04.20 06:32:45.252,10.382,10.38368,1.45,1.00
2018.04.20 06:32:45.303,10.382,10.38368,1.45,1.00
2018.04.20 06:32:45.724,10.382,10.38368,1.45,1.00
2018.04.20 06:32:46.032,10.38168,10.3835,1.45,1.00
2018.04.20 06:32:46.084,10.38147,10.38339,1.45,1.00
2018.04.20 06:32:46.136,10.38128,10.38324,1.45,1.00
2018.04.20 06:32:46.188,10.38127,10.38315,1.45,1.00
2018.04.20 06:32:46.270,10.38127,10.38303,1.00,1.00
2018.04.20 06:32:46.423,10.38127,10.38303,1.45,1.00
2018.04.20 06:32:46.525,10.38127,10.38311,1.45,1.00
2018.04.20 06:32:46.576,10.38127,10.38303,1.45,1.00
2018.04.20 06:32:46.627,10.38127,10.38303,1.45,1.00
2018.04.20 06:32:46.729,10.38127,10.38303,1.45,1.00
2018.04.20 06:32:46.830,10.38127,10.38303,1.45,1.00
2018.04.20 06:32:46.932,10.38127,10.38319,1.45,1.00
2018.04.20 06:32:46.983,10.38127,10.38308,1.45,1.00
2018.04.20 06:32:47.333,10.38127,10.38308,1.45,1.00
2018.04.20 06:32:47.384,10.38127,10.38299,1.45,1.00
2018.04.20 06:32:47.689,10.38128,10.38315,1.45,1.00
2018.04.20 06:32:47.741,10.38127,10.38294,1.45,1.00
2018.04.20 06:32:47.945,10.38127,10.38306,1.45,1.00
2018.04.20 06:32:47.997,10.38127,10.38298,1.45,1.00
2018.04.20 06:32:48.316,10.38127,10.38295,1.95,1.00
2018.04.20 06:32:48.367,10.38127,10.38295,1.95,1.00
2018.04.20 06:32:48.419,10.38127,10.38295,1.95,1.00
2018.04.20 06:32:49.131,10.38127,10.38295,1.95,1.00
2018.04.20 06:32:49.281,10.38127,10.38295,1.95,1.00
2018.04.20 06:32:49.435,10.38108,10.38289,1.45,1.00
2018.04.20 06:32:49.933,10.38108,10.38289,1.45,1.00
2018.04.20 06:32:50.036,10.38108,10.38289,1.45,1.00
2018.04.20 06:32:50.139,10.38108,10.38289,1.20,1.00
2018.04.20 06:32:50.190,10.38108,10.38289,1.45,1.00
2018.04.20 06:32:50.241,10.38108,10.38295,1.45,1.00
2018.04.20 06:32:50.293,10.38126,10.38295,1.45,1.00
2018.04.20 06:32:50.345,10.38126,10.38296,1.45,1.00
2018.04.20 06:32:50.398,10.38108,10.38285,1.45,1.00
2018.04.20 06:32:50.449,10.38108,10.38285,1.45,1.00
2018.04.20 06:32:50.552,10.38108,10.38273,1.45,1.00
2018.04.20 06:32:50.603,10.38108,10.38273,1.00,1.00
2018.04.20 06:32:50.654,10.38108,10.38273,1.45,1.00
2018.04.20 06:32:50.706,10.38127,10.38295,1.45,1.00
2018.04.20 06:32:50.757,10.38108,10.38273,1.45,1.00
2018.04.20 06:32:50.809,10.38108,10.38273,1.20,1.00
2018.04.20 06:32:50.860,10.38108,10.38273,1.45,1.00
2018.04.20 06:32:50.962,10.38127,10.38295,1.45,1.50
2018.04.20 06:32:51.014,10.38127,10.38285,1.45,1.00
2018.04.20 06:32:51.065,10.38127,10.38295,1.45,1.00
2018.04.20 06:32:51.218,10.38127,10.38293,1.45,1.00
2018.04.20 06:32:51.559,10.38127,10.38285,1.45,1.00
2018.04.20 06:32:51.610,10.38127,10.38295,1.45,1.50
2018.04.20 06:32:52.149,10.38127,10.38295,1.45,1.50
2018.04.20 06:32:52.696,10.38127,10.38295,1.45,1.50
2018.04.20 06:32:53.061,10.38108,10.38273,1.45,1.00
2018.04.20 06:32:53.264,10.38127,10.38287,1.45,1.00
2018.04.20 06:32:53.315,10.38108,10.38273,1.45,1.00
2018.04.20 06:32:53.366,10.38127,10.38287,1.00,1.00
2018.04.20 06:32:53.417,10.38127,10.38295,1.00,1.00
2018.04.20 06:32:53.469,10.38127,10.38295,1.45,1.00
2018.04.20 06:32:53.572,10.38127,10.38295,1.45,1.00
2018.04.20 06:32:53.829,10.38127,10.38295,1.45,1.00
2018.04.20 06:32:53.931,10.38127,10.38295,1.45,1.00
2018.04.20 06:32:54.034,10.38127,10.38295,1.45,1.00
2018.04.20 06:32:54.709,10.38127,10.38295,1.45,1.00
2018.04.20 06:32:55.721,10.38138,10.38295,1.45,1.00
2018.04.20 06:32:57.174,10.38137,10.38295,1.45,1.00
2018.04.20 06:32:57.226,10.38127,10.38295,1.45,1.00
2018.04.20 06:32:57.457,10.38127,10.38295,1.45,1.00
2018.04.20 06:32:57.508,10.38127,10.38295,1.45,1.00
2018.04.20 06:32:57.696,10.38127,10.38295,1.45,1.00
2018.04.20 06:32:57.799,10.38127,10.38295,1.95,1.00
2018.04.20 06:32:57.901,10.38127,10.38295,1.95,1.00
2018.04.20 06:32:58.004,10.38127,10.38295,1.95,1.00
2018.04.20 06:32:58.106,10.38127,10.38295,1.95,1.00
2018.04.20 06:32:58.157,10.38127,10.38295,1.45,1.00
2018.04.20 06:32:58.208,10.38126,10.38309,1.45,1.00
2018.04.20 06:32:58.259,10.38126,10.38315,1.45,1.00
2018.04.20 06:32:58.361,10.38136,10.38317,1.45,1.00
2018.04.20 06:32:58.412,10.38136,10.38317,1.45,1.00
2018.04.20 06:32:58.515,10.3815,10.38318,1.00,1.00
2018.04.20 06:32:59.091,10.3815,10.38318,1.45,1.00
2018.04.20 06:32:59.193,10.3815,10.38318,1.45,1.00
2018.04.20 06:32:59.762,10.3815,10.38318,1.45,1.00
2018.04.20 06:33:00.473,10.38157,10.38318,1.45,1.00
2018.04.20 06:33:00.963,10.38153,10.38318,1.45,1.00
2018.04.20 06:33:02.644,10.38153,10.38318,1.45,1.00
2018.04.20 06:33:02.746,10.38153,10.38318,1.45,1.00
2018.04.20 06:33:02.797,10.3815,10.38318,1.45,1.00
2018.04.20 06:33:03.885,10.3815,10.38318,1.45,1.00
2018.04.20 06:33:04.192,10.38158,10.38318,1.45,1.00
2018.04.20 06:33:04.244,10.3815,10.38318,1.45,1.00
2018.04.20 06:33:04.296,10.38154,10.38318,1.45,1.00
2018.04.20 06:33:04.598,10.38155,10.38318,1.45,1.00
2018.04.20 06:33:04.751,10.38155,10.38318,1.45,1.00
2018.04.20 06:33:04.855,10.38155,10.38318,1.45,1.00
2018.04.20 06:33:05.094,10.38155,10.38318,1.45,1.00
2018.04.20 06:33:05.648,10.38155,10.38318,1.45,1.00
2018.04.20 06:33:05.820,10.38155,10.38318,1.45,1.00
2018.04.20 06:33:06.032,10.38155,10.38347,1.45,1.00
2018.04.20 06:33:06.084,10.38164,10.38355,1.45,1.00
2018.04.20 06:33:06.485,10.38172,10.3834,1.45,1.00
2018.04.20 06:33:07.099,10.38172,10.3834,1.45,1.00
2018.04.20 06:33:07.595,10.38172,10.38333,1.45,1.00
2018.04.20 06:33:07.647,10.3815,10.38318,1.45,1.00
2018.04.20 06:33:07.699,10.38141,10.3832,1.45,1.00
2018.04.20 06:33:08.091,10.38141,10.38327,1.45,1.50
2018.04.20 06:33:08.143,10.38141,10.38327,1.45,1.50
2018.04.20 06:33:08.478,10.38141,10.38315,1.45,1.00
2018.04.20 06:33:08.664,10.38141,10.38315,1.45,1.00
2018.04.20 06:33:08.767,10.38141,10.38295,1.45,1.00
2018.04.20 06:33:09.593,10.38141,10.38295,1.45,1.00
2018.04.20 06:33:09.644,10.38141,10.38295,1.45,1.00
2018.04.20 06:33:09.696,10.3815,10.38318,1.45,1.00
2018.04.20 06:33:09.747,10.3815,10.38318,1.45,1.00
2018.04.20 06:33:09.799,10.3815,10.38318,1.45,1.00
2018.04.20 06:33:10.292,10.38152,10.38318,1.45,1.00
2018.04.20 06:33:10.729,10.38152,10.38318,1.45,1.00
2018.04.20 06:33:10.781,10.38157,10.38342,1.45,1.00
2018.04.20 06:33:10.832,10.38157,10.38344,1.45,1.00
2018.04.20 06:33:10.883,10.38162,10.38318,1.45,1.00
2018.04.20 06:33:11.644,10.3815,10.38318,1.45,1.00
2018.04.20 06:33:12.840,10.38128,10.38313,1.45,1.00
2018.04.20 06:33:12.892,10.38119,10.38255,1.45,1.00
2018.04.20 06:33:12.943,10.3812,10.3828,1.45,1.00
2018.04.20 06:33:12.995,10.3813,10.38312,1.45,1.00
2018.04.20 06:33:13.047,10.38142,10.38335,1.45,1.00
2018.04.20 06:33:13.155,10.38186,10.38378,1.45,1.00
2018.04.20 06:33:13.207,10.38213,10.38406,1.45,1.00
2018.04.20 06:33:13.259,10.38235,10.38427,1.45,1.00
2018.04.20 06:33:13.495,10.38266,10.38458,1.00,1.00
2018.04.20 06:33:13.547,10.38256,10.38446,1.45,1.00
2018.04.20 06:33:13.701,10.38242,10.38435,1.45,1.50
2018.04.20 06:33:13.803,10.38242,10.38426,1.45,1.00
2018.04.20 06:33:13.906,10.38232,10.38424,1.45,1.00
2018.04.20 06:33:13.958,10.38232,10.38424,1.45,1.00
2018.04.20 06:33:14.530,10.38222,10.38371,1.00,1.00
2018.04.20 06:33:14.582,10.38176,10.38358,1.45,1.00
2018.04.20 06:33:14.635,10.38146,10.38338,1.45,1.00
2018.04.20 06:33:14.687,10.38109,10.38316,1.45,1.00
2018.04.20 06:33:14.740,10.38148,10.38325,1.45,1.00
2018.04.20 06:33:14.792,10.38138,10.3833,1.45,1.00
2018.04.20 06:33:14.844,10.38149,10.38341,1.45,1.00
2018.04.20 06:33:14.947,10.38156,10.38341,1.45,1.00
2018.04.20 06:33:15.050,10.3816,10.38347,1.45,1.00
2018.04.20 06:33:15.152,10.3816,10.38347,1.45,1.00
2018.04.20 06:33:15.394,10.3816,10.38347,1.45,1.00
2018.04.20 06:33:15.530,10.3816,10.38347,1.45,1.00
2018.04.20 06:33:15.632,10.3816,10.38347,1.45,1.00
2018.04.20 06:33:15.735,10.3816,10.38323,1.45,1.00
2018.04.20 06:33:16.081,10.38155,10.38323,1.45,1.00
2018.04.20 06:33:16.429,10.38155,10.38323,1.45,1.00
2018.04.20 06:33:16.750,10.38155,10.38323,1.45,1.00
2018.04.20 06:33:19.766,10.38155,10.38323,1.45,1.00
2018.04.20 06:33:24.843,10.38155,10.38323,1.45,1.00
2018.04.20 06:33:25.206,10.38155,10.38323,1.45,1.00
2018.04.20 06:33:25.308,10.38155,10.38323,1.45,1.00
2018.04.20 06:33:25.410,10.38155,10.38323,1.45,1.00
2018.04.20 06:33:25.659,10.38155,10.38323,1.45,1.00
2018.04.20 06:33:25.811,10.38155,10.38323,1.45,1.00
2018.04.20 06:33:26.803,10.38155,10.38323,1.45,1.00
2018.04.20 06:33:27.901,10.38155,10.38323,1.45,1.00
2018.04.20 06:33:29.649,10.38155,10.38323,1.45,1.00
2018.04.20 06:33:30.140,10.38155,10.38323,1.45,1.00
2018.04.20 06:33:30.272,10.38155,10.38323,1.45,1.00
2018.04.20 06:33:32.371,10.38155,10.38323,1.45,1.00
2018.04.20 06:33:32.626,10.38155,10.38323,1.45,1.00
2018.04.20 06:33:32.778,10.38155,10.38323,1.45,1.00
2018.04.20 06:33:33.207,10.38156,10.38323,1.45,1.00
2018.04.20 06:33:33.258,10.38156,10.38323,1.45,1.00
2018.04.20 06:33:33.309,10.38156,10.38346,1.45,1.00
2018.04.20 06:33:33.513,10.38166,10.3836,1.45,1.00
2018.04.20 06:33:33.565,10.38177,10.38345,1.45,1.00
2018.04.20 06:33:33.701,10.38177,10.38345,1.45,1.00
2018.04.20 06:33:34.365,10.38177,10.38345,1.00,1.00
2018.04.20 06:33:34.469,10.38155,10.38323,1.45,1.00
2018.04.20 06:33:34.520,10.38155,10.38323,1.45,1.00
2018.04.20 06:33:34.675,10.38155,10.38323,1.45,1.00
2018.04.20 06:33:34.726,10.38155,10.38323,1.45,1.00
2018.04.20 06:33:35.047,10.38155,10.38323,1.00,1.00
2018.04.20 06:33:35.099,10.38155,10.38323,1.45,1.00
2018.04.20 06:33:35.303,10.38132,10.38325,1.45,1.50
2018.04.20 06:33:35.355,10.38154,10.38324,1.00,1.00
2018.04.20 06:33:35.407,10.38154,10.38324,1.45,1.00
2018.04.20 06:33:35.459,10.38154,10.38324,1.45,1.00
2018.04.20 06:33:35.511,10.38154,10.38324,1.45,1.00
2018.04.20 06:33:35.665,10.38137,10.38319,1.45,1.00
2018.04.20 06:33:35.717,10.38155,10.38323,1.00,1.00
2018.04.20 06:33:36.001,10.38126,10.38319,1.45,1.00
2018.04.20 06:33:36.053,10.38155,10.38323,1.00,1.00
2018.04.20 06:33:36.425,10.38138,10.38317,1.45,1.00
2018.04.20 06:33:36.477,10.38127,10.38317,1.45,1.00
2018.04.20 06:33:36.580,10.38155,10.38317,1.00,1.00
2018.04.20 06:33:36.631,10.38132,10.383,1.45,1.00
2018.04.20 06:33:36.837,10.38155,10.38323,1.00,1.00
2018.04.20 06:33:36.888,10.38132,10.383,1.45,1.00
2018.04.20 06:33:37.074,10.38155,10.38323,1.00,1.00
2018.04.20 06:33:37.125,10.38131,10.38301,1.45,1.00
2018.04.20 06:33:37.177,10.38131,10.38301,1.45,1.00
2018.04.20 06:33:37.614,10.38131,10.38301,1.45,1.00
2018.04.20 06:33:37.717,10.38131,10.38301,1.45,1.00
2018.04.20 06:33:37.820,10.38131,10.38301,1.45,1.00
2018.04.20 06:33:38.117,10.38131,10.38301,1.45,1.00
2018.04.20 06:33:38.981,10.38131,10.38301,1.45,1.00
2018.04.20 06:33:40.412,10.38131,10.38301,1.45,1.00
2018.04.20 06:33:40.465,10.38131,10.38301,1.45,1.00
2018.04.20 06:33:40.813,10.38131,10.38301,1.45,1.00
2018.04.20 06:33:41.328,10.38131,10.38301,1.45,1.00
2018.04.20 06:33:42.341,10.38148,10.38317,1.00,1.00
2018.04.20 06:33:42.444,10.38149,10.38324,1.45,1.00
2018.04.20 06:33:42.496,10.38156,10.38336,1.45,1.00
2018.04.20 06:33:42.549,10.38193,10.38369,1.45,1.00
2018.04.20 06:33:42.600,10.38193,10.38386,1.45,1.00
2018.04.20 06:33:42.652,10.38205,10.38397,1.45,1.00
2018.04.20 06:33:42.704,10.38235,10.38427,1.00,1.00
2018.04.20 06:33:42.755,10.38235,10.38427,1.45,1.00
2018.04.20 06:33:43.076,10.38251,10.38437,1.45,1.00
2018.04.20 06:33:43.178,10.38251,10.38437,1.45,1.00
2018.04.20 06:33:43.759,10.38251,10.38437,1.45,1.00
2018.04.20 06:33:44.554,10.38251,10.38437,1.45,1.00
2018.04.20 06:33:44.709,10.38245,10.38435,1.45,1.00
2018.04.20 06:33:44.884,10.38245,10.38435,1.45,1.00
2018.04.20 06:33:44.936,10.38245,10.38435,1.45,1.00
2018.04.20 06:33:45.319,10.38245,10.38437,1.45,1.00
2018.04.20 06:33:45.370,10.38245,10.38437,1.45,1.00
2018.04.20 06:33:45.980,10.38244,10.38436,1.95,1.00
2018.04.20 06:33:46.032,10.38244,10.38436,1.95,1.00
2018.04.20 06:33:46.134,10.38244,10.38436,1.45,1.00
2018.04.20 06:33:46.237,10.38244,10.38434,1.45,1.00
2018.04.20 06:33:46.466,10.38244,10.38434,1.45,1.00
2018.04.20 06:33:46.672,10.38244,10.38434,1.45,1.00
2018.04.20 06:33:47.226,10.38244,10.38434,1.45,1.00
2018.04.20 06:33:49.174,10.38244,10.38434,1.45,1.00
2018.04.20 06:33:49.708,10.38239,10.38431,1.45,1.00
2018.04.20 06:33:50.246,10.38239,10.38431,1.95,1.00
2018.04.20 06:33:52.605,10.38239,10.38431,2.70,1.00
2018.04.20 06:33:55.186,10.38239,10.38431,2.70,1.00
2018.04.20 06:33:57.446,10.38239,10.38431,2.70,1.00
2018.04.20 06:33:58.594,10.38239,10.38431,2.70,1.00
2018.04.20 06:33:59.087,10.38239,10.38423,1.45,1.00
2018.04.20 06:34:00.565,10.38231,10.38423,1.45,1.00
2018.04.20 06:34:00.616,10.38233,10.38425,1.45,1.00
2018.04.20 06:34:01.346,10.38233,10.38425,1.45,1.00
2018.04.20 06:34:01.902,10.38233,10.38425,1.45,1.00
2018.04.20 06:34:02.436,10.38233,10.38425,1.45,1.00
2018.04.20 06:34:02.764,10.38241,10.38425,1.45,1.00
2018.04.20 06:34:03.143,10.38248,10.38425,1.45,1.00
2018.04.20 06:34:04.517,10.38239,10.38425,1.45,1.00
2018.04.20 06:34:04.738,10.38239,10.38433,1.45,1.00
2018.04.20 06:34:04.981,10.38239,10.38433,1.45,1.00
2018.04.20 06:34:05.084,10.38247,10.38433,1.45,1.00
2018.04.20 06:34:05.188,10.38247,10.38433,1.45,1.00
2018.04.20 06:34:05.926,10.38239,10.38433,1.45,1.00
2018.04.20 06:34:05.978,10.38239,10.38433,1.45,1.00
2018.04.20 06:34:07.496,10.38239,10.38433,1.45,1.00
2018.04.20 06:34:09.093,10.38239,10.38433,1.45,1.00
2018.04.20 06:34:09.195,10.38238,10.38433,1.45,1.00
2018.04.20 06:34:09.864,10.38239,10.38433,1.45,1.00
2018.04.20 06:34:10.171,10.38239,10.38433,1.95,1.00
2018.04.20 06:34:10.657,10.38239,10.38433,1.95,1.00
2018.04.20 06:34:12.852,10.38239,10.38433,1.95,1.00
2018.04.20 06:34:13.227,10.38239,10.38433,1.95,1.00
2018.04.20 06:34:13.732,10.38238,10.38433,1.45,1.00
2018.04.20 06:34:13.834,10.38261,10.38445,1.45,1.00
2018.04.20 06:34:14.139,10.38246,10.38438,1.95,1.00
2018.04.20 06:34:15.611,10.38247,10.38439,1.45,1.00
2018.04.20 06:34:17.648,10.38247,10.38439,1.45,1.00
2018.04.20 06:34:17.699,10.38247,10.38439,1.45,1.00
2018.04.20 06:34:17.911,10.38266,10.38455,1.45,1.00
2018.04.20 06:34:17.963,10.38248,10.3844,1.45,1.00
2018.04.20 06:34:18.016,10.38248,10.3844,1.45,1.00
2018.04.20 06:34:18.497,10.38265,10.38454,1.45,1.00
2018.04.20 06:34:18.693,10.38265,10.38446,1.45,1.00
2018.04.20 06:34:18.952,10.38208,10.384,1.00,1.00
2018.04.20 06:34:19.152,10.38214,10.384,1.00,1.00
2018.04.20 06:34:19.323,10.38208,10.384,1.00,1.00
2018.04.20 06:34:19.772,10.38209,10.38402,1.00,1.00
2018.04.20 06:34:20.579,10.38212,10.38402,1.00,1.00
2018.04.20 06:34:21.436,10.38209,10.38402,1.00,1.00
2018.04.20 06:34:24.769,10.38212,10.38402,1.00,1.00
2018.04.20 06:34:24.975,10.38209,10.38402,1.00,1.00
2018.04.20 06:34:29.100,10.38212,10.38402,1.00,1.00
2018.04.20 06:34:30.270,10.38209,10.38402,1.00,1.00
2018.04.20 06:34:30.691,10.38213,10.38406,1.00,1.00
2018.04.20 06:34:45.565,10.38223,10.38412,1.00,1.00
2018.04.20 06:34:45.722,10.38235,10.38427,1.00,1.00
2018.04.20 06:34:46.645,10.38237,10.38427,1.00,1.00
2018.04.20 06:34:47.060,10.38235,10.38427,1.00,1.00
2018.04.20 06:34:47.263,10.38239,10.38427,1.00,1.00
2018.04.20 06:34:47.597,10.38235,10.38427,1.00,1.00
2018.04.20 06:34:49.362,10.38239,10.38427,1.00,1.00
2018.04.20 06:34:50.193,10.38235,10.38427,1.00,1.00
2018.04.20 06:34:50.831,10.38237,10.38427,1.00,1.00
2018.04.20 06:34:54.530,10.38245,10.38427,1.00,1.00
2018.04.20 06:34:54.582,10.38246,10.38438,1.00,1.00
2018.04.20 06:34:56.066,10.38236,10.38427,1.00,1.00
2018.04.20 06:35:10.161,10.38235,10.38427,1.00,1.00
2018.04.20 06:35:15.673,10.38238,10.38427,1.00,1.00
2018.04.20 06:35:15.831,10.38238,10.3843,1.50,1.00
2018.04.20 06:35:16.726,10.3824,10.3843,1.00,1.00
2018.04.20 06:35:17.267,10.3825,10.3843,1.00,1.00
2018.04.20 06:35:17.319,10.3825,10.38438,1.00,1.00
2018.04.20 06:35:19.039,10.38246,10.38438,1.00,1.00
2018.04.20 06:35:19.141,10.38246,10.38435,1.00,1.00
2018.04.20 06:35:19.584,10.38235,10.38427,1.00,1.00
2018.04.20 06:35:27.147,10.38233,10.38425,1.00,1.00
2018.04.20 06:35:28.797,10.38223,10.38415,1.00,1.00
2018.04.20 06:35:29.985,10.38223,10.38412,1.00,1.00
2018.04.20 06:35:30.088,10.38212,10.38405,1.00,1.00
2018.04.20 06:35:30.373,10.38212,10.38396,1.00,1.00
2018.04.20 06:35:31.743,10.38189,10.38396,1.00,1.00
2018.04.20 06:35:31.795,10.38174,10.38366,1.37,1.00
2018.04.20 06:35:31.847,10.38163,10.38355,1.00,1.00
2018.04.20 06:35:31.899,10.38155,10.38349,1.00,1.00
2018.04.20 06:35:32.009,10.38154,10.38345,1.12,1.00
2018.04.20 06:35:33.073,10.38163,10.38355,1.50,1.00
2018.04.20 06:35:33.124,10.3817,10.38362,1.00,1.00
2018.04.20 06:35:33.432,10.38159,10.38351,1.00,1.00
2018.04.20 06:35:33.485,10.38169,10.38363,1.00,1.00
2018.04.20 06:35:33.987,10.38174,10.3837,1.00,1.00
2018.04.20 06:35:34.039,10.38174,10.38374,1.00,1.00
2018.04.20 06:35:34.090,10.3818,10.38387,1.00,1.37
2018.04.20 06:35:34.492,10.382,10.38374,1.00,1.00
2018.04.20 06:35:37.677,10.38192,10.38369,1.00,1.00
2018.04.20 06:35:37.830,10.38192,10.38352,1.00,1.00
2018.04.20 06:35:38.368,10.38178,10.38352,1.00,1.00
2018.04.20 06:35:51.187,10.3818,10.38352,1.00,1.00
2018.04.20 06:35:51.239,10.38198,10.38387,1.00,1.37
2018.04.20 06:35:51.392,10.38195,10.38387,1.00,1.37
2018.04.20 06:35:51.562,10.38202,10.38372,1.00,1.00
2018.04.20 06:35:52.525,10.38195,10.3835,1.00,1.00
2018.04.20 06:35:52.628,10.3818,10.3835,1.00,1.00
2018.04.20 06:36:02.892,10.38181,10.3835,1.00,1.00
2018.04.20 06:36:04.186,10.3818,10.3835,1.50,1.00
2018.04.20 06:36:25.642,10.38158,10.38347,1.00,1.00
2018.04.20 06:36:25.975,10.38158,10.38327,1.00,1.00
2018.04.20 06:36:30.932,10.38157,10.38327,1.00,1.00
2018.04.20 06:36:46.013,10.3816,10.38327,1.00,1.00
2018.04.20 06:36:47.543,10.38157,10.38327,1.00,1.00
2018.04.20 06:36:48.122,10.3816,10.38327,1.00,1.00
2018.04.20 06:36:49.044,10.38157,10.38327,1.00,1.00
2018.04.20 06:36:50.048,10.3816,10.38327,1.00,1.00
2018.04.20 06:36:52.022,10.38159,10.38327,1.00,1.00
2018.04.20 06:36:52.841,10.3816,10.38327,1.00,1.00
2018.04.20 06:36:53.474,10.38159,10.38327,1.00,1.00
2018.04.20 06:37:00.941,10.38157,10.38327,1.00,1.00
2018.04.20 06:37:01.242,10.38157,10.38346,1.00,1.00
2018.04.20 06:37:01.534,10.3818,10.38346,1.00,1.00
2018.04.20 06:37:03.605,10.38154,10.38344,1.00,1.00
2018.04.20 06:37:03.656,10.38157,10.38327,1.00,1.00
2018.04.20 06:37:26.175,10.3816,10.38327,1.00,1.00
2018.04.20 06:37:27.691,10.38157,10.38327,1.00,1.00
2018.04.20 06:37:34.239,10.3816,10.38327,1.00,1.00
2018.04.20 06:37:34.876,10.38157,10.38327,1.00,1.00
2018.04.20 06:37:38.048,10.38156,10.38335,1.00,1.00
2018.04.20 06:37:38.100,10.38157,10.38327,1.00,1.00
2018.04.20 06:37:42.924,10.38138,10.38324,1.00,1.00
2018.04.20 06:37:43.159,10.38157,10.38327,1.00,1.00
2018.04.20 06:37:43.319,10.38138,10.38322,1.00,1.00
2018.04.20 06:37:43.473,10.38138,10.38305,1.00,1.00
2018.04.20 06:37:46.082,10.38135,10.38305,1.50,1.00
2018.04.20 06:38:00.793,10.38141,10.38335,1.00,1.00
2018.04.20 06:38:00.896,10.38141,10.38327,1.00,1.00
2018.04.20 06:38:01.201,10.38157,10.38327,1.00,1.50
2018.04.20 06:38:01.814,10.38141,10.38305,1.00,1.00
2018.04.20 06:38:02.195,10.38135,10.38305,1.00,1.00
2018.04.20 06:38:05.527,10.38134,10.38321,1.00,1.00
2018.04.20 06:38:05.754,10.38136,10.38304,1.00,1.00
2018.04.20 06:38:06.919,10.3814,10.38333,1.00,1.00
2018.04.20 06:38:07.021,10.3815,10.38336,1.00,1.00
2018.04.20 06:38:07.332,10.38156,10.38328,1.00,1.00
2018.04.20 06:38:10.191,10.38156,10.3832,1.00,1.00
2018.04.20 06:38:11.009,10.38156,10.38318,1.00,1.00
2018.04.20 06:38:11.187,10.38126,10.38318,1.00,1.00
2018.04.20 06:38:11.238,10.38126,10.38312,1.00,1.00
2018.04.20 06:38:11.444,10.38126,10.38314,1.00,1.00
2018.04.20 06:38:11.547,10.38136,10.38304,1.00,1.00
2018.04.20 06:38:11.873,10.38126,10.3829,1.00,1.00
2018.04.20 06:38:12.452,10.38126,10.38277,1.00,1.00
2018.04.20 06:38:12.766,10.38119,10.38277,1.00,1.00
2018.04.20 06:38:12.919,10.38099,10.38277,1.00,1.00
2018.04.20 06:38:13.686,10.38099,10.38254,1.00,1.00
2018.04.20 06:38:16.136,10.381,10.38254,1.00,1.00
2018.04.20 06:38:18.623,10.381,10.38287,1.00,1.00
2018.04.20 06:38:18.675,10.381,10.38279,1.00,1.00
2018.04.20 06:38:18.991,10.38127,10.38277,1.00,1.00
2018.04.20 06:38:20.248,10.3812,10.38277,1.00,1.00
2018.04.20 06:38:21.334,10.38116,10.38277,1.00,1.00
2018.04.20 06:38:21.998,10.3811,10.38277,1.00,1.00
2018.04.20 06:38:25.954,10.3811,10.3827,1.00,1.00
2018.04.20 06:38:26.259,10.3811,10.38254,1.00,1.00
2018.04.20 06:38:28.232,10.3811,10.38277,1.00,1.00
2018.04.20 06:38:29.816,10.3811,10.38254,1.00,1.00
2018.04.20 06:38:29.868,10.38109,10.38277,1.50,1.00
2018.04.20 06:38:33.460,10.38108,10.38276,1.00,1.00
2018.04.20 06:38:34.086,10.38102,10.38268,1.00,1.00
2018.04.20 06:38:34.137,10.38073,10.38259,1.00,1.00
2018.04.20 06:38:34.189,10.38074,10.3825,1.00,1.00
2018.04.20 06:38:34.541,10.38073,10.3824,1.00,1.00
2018.04.20 06:38:34.643,10.38061,10.3824,1.00,1.00
2018.04.20 06:38:34.904,10.38061,10.38233,1.00,1.00
2018.04.20 06:38:35.159,10.3805,10.38229,1.00,1.00
2018.04.20 06:38:35.677,10.3805,10.3822,1.00,1.00
2018.04.20 06:38:36.158,10.3805,10.38203,1.00,1.00
2018.04.20 06:38:37.357,10.38019,10.38202,1.37,1.00
2018.04.20 06:38:37.408,10.38019,10.38209,1.00,1.00
2018.04.20 06:38:37.460,10.38008,10.38198,1.00,1.00
2018.04.20 06:38:37.768,10.37932,10.3811,1.00,1.00
2018.04.20 06:38:37.894,10.37922,10.38103,1.00,1.00
2018.04.20 06:38:40.304,10.37922,10.38094,1.00,1.00
2018.04.20 06:38:40.459,10.37801,10.3801,1.52,1.00
2018.04.20 06:38:40.511,10.37772,10.37979,1.53,1.00
2018.04.20 06:38:40.562,10.37778,10.37979,1.00,1.00
2018.04.20 06:38:40.614,10.37765,10.37966,1.00,1.00
2018.04.20 06:38:40.665,10.37742,10.37949,1.00,1.00
2018.04.20 06:38:40.717,10.37727,10.37934,1.00,1.00
2018.04.20 06:38:40.923,10.37677,10.37886,1.00,1.00
2018.04.20 06:38:40.975,10.3767,10.37877,1.00,1.00
2018.04.20 06:38:41.077,10.37647,10.37856,1.00,1.00
2018.04.20 06:38:41.128,10.3764,10.37847,1.00,1.00
2018.04.20 06:38:41.471,10.37631,10.3784,1.37,1.00
2018.04.20 06:38:42.584,10.37636,10.3784,1.00,1.00
2018.04.20 06:38:42.989,10.37638,10.3784,1.00,1.00
2018.04.20 06:38:44.491,10.37636,10.3784,1.00,1.00
2018.04.20 06:38:46.164,10.37644,10.3784,1.00,1.00
2018.04.20 06:38:46.512,10.37654,10.37847,1.00,1.00
2018.04.20 06:38:46.613,10.37669,10.37874,1.00,1.00
2018.04.20 06:38:46.765,10.37683,10.37874,1.00,1.00
2018.04.20 06:38:46.816,10.37683,10.37883,1.00,1.00
2018.04.20 06:38:47.126,10.37698,10.37899,1.00,1.37
2018.04.20 06:38:48.297,10.37698,10.37899,1.00,1.00
2018.04.20 06:38:48.576,10.37698,10.37886,1.00,1.00
2018.04.20 06:38:49.801,10.37689,10.37886,1.00,1.00
2018.04.20 06:38:49.985,10.37679,10.37878,1.00,1.00
2018.04.20 06:38:50.036,10.37679,10.37886,1.50,1.00
2018.04.20 06:38:50.138,10.37689,10.37896,1.00,1.00
2018.04.20 06:38:50.583,10.37697,10.37904,1.00,1.00
2018.04.20 06:38:51.736,10.3769,10.37897,1.00,1.00
2018.04.20 06:38:54.006,10.37681,10.37888,1.00,1.00
2018.04.20 06:38:54.342,10.37657,10.37857,1.00,1.00
2018.04.20 06:38:54.445,10.37658,10.37865,1.00,1.00
2018.04.20 06:38:55.302,10.37648,10.37857,1.00,1.00
2018.04.20 06:38:55.404,10.37645,10.37846,1.00,1.00
2018.04.20 06:38:55.607,10.37649,10.37856,1.00,1.00
2018.04.20 06:38:55.659,10.37658,10.37865,1.00,1.37
2018.04.20 06:38:56.861,10.37673,10.37865,1.00,1.37
2018.04.20 06:38:57.480,10.37673,10.37865,1.00,1.00
2018.04.20 06:39:00.900,10.37673,10.37866,1.00,1.00
2018.04.20 06:39:01.207,10.37688,10.3788,1.00,1.00
2018.04.20 06:39:04.859,10.37688,10.37874,1.00,1.00
2018.04.20 06:39:05.387,10.37682,10.37874,1.00,1.50
2018.04.20 06:39:05.766,10.37682,10.37866,1.00,1.00
2018.04.20 06:39:05.818,10.37671,10.37863,1.00,1.00
2018.04.20 06:39:13.862,10.37682,10.37874,1.00,1.37
2018.04.20 06:39:14.184,10.37686,10.37871,1.00,1.37
2018.04.20 06:39:14.658,10.37686,10.37878,1.00,1.00
2018.04.20 06:39:14.709,10.37686,10.3787,1.00,1.00
2018.04.20 06:39:14.895,10.37686,10.37878,1.00,1.00
2018.04.20 06:39:15.513,10.37686,10.37872,1.00,1.00
2018.04.20 06:39:16.215,10.37679,10.37871,1.00,1.00
2018.04.20 06:39:16.950,10.37679,10.37865,1.00,1.00
2018.04.20 06:39:17.001,10.37679,10.37871,1.00,1.00
2018.04.20 06:39:18.440,10.37679,10.37867,1.00,1.00
2018.04.20 06:39:18.490,10.37672,10.37864,1.00,1.00
2018.04.20 06:39:18.541,10.37669,10.37858,1.00,1.00
2018.04.20 06:39:20.089,10.37658,10.37849,1.00,1.00
2018.04.20 06:39:20.343,10.37658,10.3784,1.00,1.00
2018.04.20 06:39:20.748,10.37646,10.37824,1.00,1.00
2018.04.20 06:39:31.297,10.37643,10.37824,1.00,1.00
2018.04.20 06:39:45.082,10.37643,10.37831,1.00,1.00
2018.04.20 06:39:45.923,10.37643,10.37823,1.00,1.00
2018.04.20 06:39:46.201,10.37643,10.37831,1.00,1.00
2018.04.20 06:39:46.303,10.37646,10.37831,1.00,1.00
2018.04.20 06:39:50.193,10.37646,10.37823,1.00,1.00
2018.04.20 06:39:50.437,10.37643,10.37823,1.00,1.00
2018.04.20 06:39:52.482,10.37643,10.37831,1.00,1.00
2018.04.20 06:39:52.751,10.37643,10.37822,1.00,1.00
2018.04.20 06:39:52.802,10.37643,10.37831,1.00,1.00
2018.04.20 06:39:53.778,10.37643,10.37821,1.00,1.00
2018.04.20 06:39:54.092,10.37643,10.37831,1.00,1.00
2018.04.20 06:39:54.296,10.37643,10.3782,1.00,1.00
2018.04.20 06:39:57.334,10.37643,10.37831,1.00,1.37
2018.04.20 06:39:57.433,10.37643,10.37831,1.00,1.37
2018.04.20 06:39:57.816,10.37643,10.37822,1.00,1.00
2018.04.20 06:39:58.254,10.37643,10.3783,1.00,1.37
2018.04.20 06:39:58.462,10.37643,10.37821,1.00,1.00
2018.04.20 06:39:59.251,10.37643,10.3783,1.00,1.37
2018.04.20 06:39:59.937,10.37643,10.37821,1.00,1.00
2018.04.20 06:40:00.679,10.37643,10.37832,1.00,1.37
2018.04.20 06:40:00.977,10.37643,10.37822,1.00,1.00
2018.04.20 06:40:01.675,10.37642,10.37822,1.00,1.00
2018.04.20 06:40:02.267,10.37642,10.37831,1.00,1.37
2018.04.20 06:40:02.376,10.37642,10.37823,1.00,1.37
2018.04.20 06:40:05.458,10.37644,10.3783,1.00,1.37
2018.04.20 06:40:07.927,10.37644,10.3783,1.00,1.37
2018.04.20 06:40:09.442,10.37644,10.3783,1.00,1.37
2018.04.20 06:40:14.289,10.37644,10.3783,1.00,1.00
2018.04.20 06:40:14.579,10.37644,10.37821,1.00,1.00
2018.04.20 06:40:14.766,10.37644,10.37831,1.00,1.12
2018.04.20 06:40:16.383,10.37646,10.37831,1.00,1.12
2018.04.20 06:40:17.064,10.37646,10.37831,1.00,1.37
2018.04.20 06:40:20.284,10.37646,10.37838,1.00,1.50
2018.04.20 06:40:20.445,10.37646,10.37838,1.00,1.87
2018.04.20 06:40:20.784,10.37648,10.3783,1.00,1.37
2018.04.20 06:40:21.841,10.37648,10.37829,1.00,1.37
2018.04.20 06:40:23.397,10.37648,10.37829,1.00,1.37
2018.04.20 06:40:28.616,10.37648,10.37829,1.00,1.37
2018.04.20 06:40:30.142,10.37648,10.37829,1.00,1.37
2018.04.20 06:40:31.361,10.37642,10.37833,1.00,1.37
2018.04.20 06:40:32.020,10.37642,10.37825,1.00,1.37
2018.04.20 06:40:35.518,10.37645,10.37833,1.00,1.37
2018.04.20 06:40:40.699,10.37645,10.37833,1.00,1.37
2018.04.20 06:40:41.713,10.37645,10.37825,1.00,1.00
2018.04.20 06:40:43.220,10.37645,10.37825,1.00,1.37
2018.04.20 06:40:44.537,10.37646,10.37817,1.00,1.00
2018.04.20 06:40:45.070,10.37646,10.37834,1.00,1.37
2018.04.20 06:40:46.195,10.37646,10.37834,1.00,1.37
2018.04.20 06:40:47.996,10.37646,10.37824,1.00,1.37
2018.04.20 06:40:49.561,10.37646,10.37824,1.00,1.37
2018.04.20 06:40:50.548,10.37641,10.37827,1.00,1.37
2018.04.20 06:40:52.148,10.37641,10.37833,1.00,1.37
2018.04.20 06:40:58.891,10.37641,10.37826,1.00,1.37
2018.04.20 06:41:00.246,10.37641,10.37833,1.00,1.37
2018.04.20 06:41:01.471,10.37644,10.37834,1.00,1.37
2018.04.20 06:41:01.745,10.37644,10.37826,1.00,1.37
2018.04.20 06:41:05.628,10.37641,10.37827,1.00,1.37
2018.04.20 06:41:07.218,10.37641,10.37827,1.00,1.37
2018.04.20 06:41:09.754,10.37641,10.37834,1.00,1.37
2018.04.20 06:41:13.352,10.37641,10.37834,1.00,1.37
2018.04.20 06:41:14.896,10.37641,10.37827,1.00,1.37
2018.04.20 06:41:16.466,10.37641,10.37827,1.00,1.37
2018.04.20 06:41:17.920,10.37641,10.37827,1.00,1.37
2018.04.20 06:41:20.619,10.37646,10.37836,1.00,1.37
2018.04.20 06:41:23.047,10.37646,10.37827,1.00,1.37
2018.04.20 06:41:24.603,10.37646,10.37836,1.00,1.37
2018.04.20 06:41:29.065,10.37646,10.37829,1.00,1.37
2018.04.20 06:41:29.326,10.37646,10.37823,1.00,1.00
2018.04.20 06:41:29.378,10.37646,10.37828,1.00,1.37
2018.04.20 06:41:30.230,10.37646,10.37828,1.00,1.37
2018.04.20 06:41:31.363,10.37646,10.37837,1.00,1.37
2018.04.20 06:41:32.021,10.37645,10.37837,1.00,1.87
2018.04.20 06:41:32.693,10.37645,10.37837,1.00,1.87
2018.04.20 06:41:35.618,10.37645,10.37829,1.00,1.37
2018.04.20 06:41:35.669,10.37643,10.37829,1.00,1.37
2018.04.20 06:41:36.803,10.37643,10.37835,1.00,1.37
2018.04.20 06:41:36.910,10.37643,10.37822,1.00,1.00
2018.04.20 06:41:38.340,10.37643,10.3783,1.00,1.37
2018.04.20 06:41:38.391,10.37643,10.3783,1.00,1.37
2018.04.20 06:41:40.518,10.37643,10.3783,1.00,1.37
2018.04.20 06:41:42.145,10.37643,10.37832,1.00,1.37
2018.04.20 06:41:46.690,10.37643,10.37835,1.00,1.37
2018.04.20 06:41:48.366,10.37643,10.37832,1.00,1.00
2018.04.20 06:41:48.508,10.37643,10.37826,1.00,1.00
2018.04.20 06:41:48.746,10.37643,10.37835,1.00,1.50
2018.04.20 06:41:48.854,10.37643,10.37835,1.00,1.87
2018.04.20 06:41:50.206,10.37643,10.37835,1.00,1.87
2018.04.20 06:41:50.668,10.37641,10.37832,1.00,1.37
2018.04.20 06:41:51.782,10.37641,10.37833,1.00,1.37
2018.04.20 06:41:55.991,10.37641,10.3783,1.00,1.37
2018.04.20 06:41:57.515,10.37641,10.3783,1.00,1.37
2018.04.20 06:41:59.173,10.37641,10.3783,1.00,1.37
2018.04.20 06:42:00.517,10.37641,10.3783,1.00,1.37
2018.04.20 06:42:02.310,10.37641,10.37822,1.00,1.12
2018.04.20 06:42:03.835,10.37641,10.37833,1.00,1.37
2018.04.20 06:42:05.358,10.37641,10.37826,1.00,1.37
2018.04.20 06:42:10.159,10.37641,10.37826,1.00,1.37
2018.04.20 06:42:10.475,10.37641,10.37813,1.00,1.00
2018.04.20 06:42:10.527,10.37641,10.37833,1.00,1.87
2018.04.20 06:42:11.317,10.37641,10.37833,1.50,1.37
2018.04.20 06:42:13.212,10.37641,10.37833,1.00,1.37
2018.04.20 06:42:15.603,10.37641,10.37833,1.00,1.37
2018.04.20 06:42:16.574,10.37644,10.37836,1.00,1.37
2018.04.20 06:42:20.728,10.37648,10.37837,1.00,1.37
2018.04.20 06:42:21.804,10.37648,10.37837,1.00,1.37
2018.04.20 06:42:22.046,10.37663,10.37858,1.00,1.37
2018.04.20 06:42:22.200,10.37694,10.37877,1.00,1.75
2018.04.20 06:42:23.268,10.3767,10.37877,1.00,1.75
2018.04.20 06:42:23.547,10.3767,10.37877,1.00,1.37
2018.04.20 06:42:23.650,10.37659,10.37866,1.00,1.00
2018.04.20 06:42:24.612,10.37666,10.37873,1.00,1.37
2018.04.20 06:42:25.094,10.37649,10.37853,1.00,1.37
2018.04.20 06:42:25.402,10.37649,10.37844,1.00,1.37
2018.04.20 06:42:25.969,10.37649,10.37844,1.00,1.37
2018.04.20 06:42:30.146,10.37649,10.37841,1.00,1.37
2018.04.20 06:42:30.197,10.37649,10.37841,1.00,1.37
2018.04.20 06:42:31.355,10.37649,10.37847,1.00,1.37
2018.04.20 06:42:31.612,10.37655,10.37847,1.00,1.87
2018.04.20 06:42:32.247,10.37655,10.37847,1.00,1.87
2018.04.20 06:42:33.094,10.37655,10.37847,1.00,1.37
2018.04.20 06:42:34.523,10.37655,10.37847,1.00,1.37
2018.04.20 06:42:34.575,10.37655,10.37847,1.00,1.37
2018.04.20 06:42:35.087,10.37655,10.37847,1.00,1.37
2018.04.20 06:42:35.138,10.37655,10.37847,1.00,1.37
2018.04.20 06:42:35.190,10.37655,10.37847,1.00,1.37
2018.04.20 06:42:35.241,10.37655,10.37847,1.00,1.37
2018.04.20 06:42:35.490,10.37655,10.37847,1.00,1.37
2018.04.20 06:42:35.541,10.37655,10.37847,1.00,1.37
2018.04.20 06:42:35.592,10.37655,10.37847,1.00,1.37
2018.04.20 06:42:35.744,10.37655,10.37847,1.00,1.37
2018.04.20 06:42:35.796,10.3766,10.37854,1.00,1.37
2018.04.20 06:42:35.948,10.3766,10.37854,1.00,1.37
2018.04.20 06:42:36.049,10.3766,10.37848,1.00,1.37
2018.04.20 06:42:36.426,10.3766,10.37848,1.00,1.37
2018.04.20 06:42:39.112,10.3766,10.37848,1.00,1.37
2018.04.20 06:42:42.396,10.37649,10.37841,1.00,1.37
2018.04.20 06:42:46.631,10.37648,10.3783,1.00,1.37
2018.04.20 06:42:47.921,10.37648,10.3783,1.00,1.37
2018.04.20 06:42:48.238,10.37637,10.3783,1.00,1.37
2018.04.20 06:42:49.735,10.37637,10.3783,1.00,1.37
2018.04.20 06:42:50.791,10.37636,10.37828,1.00,1.37
2018.04.20 06:42:51.155,10.37636,10.37828,1.00,1.37
2018.04.20 06:42:52.357,10.37636,10.37828,1.00,1.37
2018.04.20 06:42:56.520,10.37636,10.37828,1.00,1.37
2018.04.20 06:43:00.020,10.37645,10.37813,1.00,1.00
2018.04.20 06:43:00.376,10.37666,10.37828,1.00,1.37
2018.04.20 06:43:01.349,10.37666,10.37834,1.00,1.37
2018.04.20 06:43:02.866,10.37666,10.37834,1.00,1.37
2018.04.20 06:43:07.021,10.37666,10.37834,1.00,1.37
2018.04.20 06:43:10.192,10.37666,10.37834,1.00,1.37
2018.04.20 06:43:14.656,10.37666,10.37834,1.00,1.37
2018.04.20 06:43:15.166,10.3761,10.37806,1.00,1.00
2018.04.20 06:43:15.422,10.37641,10.37806,1.00,1.00
2018.04.20 06:43:15.825,10.37641,10.37809,1.00,1.37
2018.04.20 06:43:17.262,10.37641,10.37809,1.00,1.37
2018.04.20 06:43:22.178,10.37641,10.37809,1.00,1.37
2018.04.20 06:43:26.125,10.37641,10.37809,1.00,1.37
2018.04.20 06:43:27.848,10.37641,10.37809,1.00,1.00
2018.04.20 06:43:29.187,10.37606,10.37808,1.00,1.37
2018.04.20 06:43:29.238,10.37606,10.37804,1.00,1.00
2018.04.20 06:43:29.546,10.37619,10.37787,1.00,1.00
2018.04.20 06:43:33.136,10.37619,10.37811,1.00,1.37
2018.04.20 06:43:33.237,10.37619,10.37811,1.00,1.37
2018.04.20 06:43:33.299,10.3764,10.3781,1.00,1.37
2018.04.20 06:43:34.404,10.37632,10.37819,1.00,1.37
2018.04.20 06:43:34.619,10.37641,10.37809,1.00,1.37
2018.04.20 06:43:35.927,10.37641,10.37809,1.00,1.37
2018.04.20 06:43:37.067,10.37641,10.37807,1.00,1.37
2018.04.20 06:43:37.661,10.37708,10.37854,1.00,1.00
2018.04.20 06:43:37.713,10.37718,10.37908,1.00,1.75
2018.04.20 06:43:37.765,10.37718,10.37912,1.00,1.37
2018.04.20 06:43:37.817,10.3773,10.37916,1.00,1.37
2018.04.20 06:43:38.073,10.3774,10.37931,1.00,1.00
2018.04.20 06:43:38.701,10.3774,10.37932,1.00,1.00
2018.04.20 06:43:39.100,10.3773,10.37922,1.00,1.00
2018.04.20 06:43:39.408,10.37734,10.37902,1.00,1.00
2018.04.20 06:43:48.086,10.37733,10.37902,1.00,1.00
2018.04.20 06:43:48.451,10.37755,10.37902,1.00,1.00
2018.04.20 06:43:50.908,10.37755,10.3791,1.00,1.00
2018.04.20 06:43:52.992,10.37755,10.37904,1.00,1.00
2018.04.20 06:43:53.096,10.37713,10.37904,1.00,1.00
2018.04.20 06:43:53.148,10.37755,10.37905,1.00,1.00
2018.04.20 06:43:53.748,10.37714,10.37906,1.00,1.00
2018.04.20 06:43:53.851,10.37712,10.37906,1.00,1.00
2018.04.20 06:43:54.023,10.37681,10.37873,1.00,1.00
2018.04.20 06:43:54.331,10.37669,10.3786,1.00,1.00
2018.04.20 06:43:54.688,10.37677,10.3786,1.00,1.00
2018.04.20 06:43:54.774,10.37668,10.3786,1.50,1.00
2018.04.20 06:43:55.740,10.37689,10.37857,1.00,1.00
2018.04.20 06:43:57.780,10.37663,10.3785,1.00,1.00
2018.04.20 06:43:57.831,10.37658,10.3785,1.00,1.00
2018.04.20 06:43:58.384,10.37666,10.37834,1.00,1.00
2018.04.20 06:44:02.863,10.3767,10.37834,1.00,1.00
2018.04.20 06:44:02.914,10.3767,10.37847,1.00,1.00
2018.04.20 06:44:03.119,10.37689,10.37847,1.00,1.00
2018.04.20 06:44:04.099,10.37689,10.37856,1.00,1.00
2018.04.20 06:44:04.457,10.37688,10.37876,1.00,1.00
2018.04.20 06:44:05.319,10.37713,10.37876,1.00,1.00
2018.04.20 06:44:05.975,10.37713,10.37883,1.00,1.00
2018.04.20 06:44:10.090,10.37714,10.37895,1.00,1.00
2018.04.20 06:44:10.366,10.37735,10.37895,1.00,1.00
2018.04.20 06:44:11.815,10.37713,10.37883,1.00,1.00
2018.04.20 06:44:58.026,10.37706,10.37898,1.00,1.00
2018.04.20 06:44:58.078,10.37716,10.37898,1.00,1.00
2018.04.20 06:44:58.130,10.37728,10.3792,1.50,1.37
2018.04.20 06:44:58.182,10.37736,10.3792,1.00,1.00
2018.04.20 06:44:58.286,10.37748,10.37941,1.00,1.00
2018.04.20 06:45:01.952,10.3775,10.37943,1.00,1.00
2018.04.20 06:45:06.108,10.3775,10.37942,1.00,1.00
2018.04.20 06:45:06.626,10.37753,10.37942,1.00,1.00
2018.04.20 06:45:10.270,10.3775,10.37942,1.50,1.00
2018.04.20 06:45:16.971,10.3775,10.37944,1.50,1.00
2018.04.20 06:45:28.721,10.37742,10.37933,1.00,1.00
2018.04.20 06:45:28.824,10.37753,10.37945,1.00,1.00
2018.04.20 06:45:29.795,10.3776,10.37945,1.00,1.00
2018.04.20 06:45:30.197,10.37768,10.37966,1.00,1.00
2018.04.20 06:45:30.300,10.3776,10.37966,1.00,1.00
2018.04.20 06:45:30.791,10.3777,10.37966,1.00,1.00
2018.04.20 06:45:31.961,10.3777,10.37968,1.00,1.12
2018.04.20 06:45:33.333,10.3778,10.37968,1.00,1.00
2018.04.20 06:45:33.436,10.37799,10.37991,1.50,1.00
2018.04.20 06:45:33.792,10.3781,10.38002,1.00,1.00
2018.04.20 06:45:34.420,10.37814,10.38004,1.00,1.00
2018.04.20 06:45:34.952,10.37824,10.38012,1.00,1.00
2018.04.20 06:45:36.142,10.37826,10.38018,1.00,1.00
2018.04.20 06:45:47.040,10.37824,10.38015,1.00,1.00
2018.04.20 06:45:48.696,10.37824,10.38008,1.00,1.00
2018.04.20 06:45:50.265,10.3783,10.38017,1.00,1.00
2018.04.20 06:45:50.847,10.3783,10.38018,1.00,1.00
2018.04.20 06:45:54.314,10.37838,10.38018,1.00,1.00
2018.04.20 06:45:54.674,10.37828,10.38018,1.00,1.00
2018.04.20 06:45:55.370,10.37836,10.38018,1.00,1.00
2018.04.20 06:45:57.775,10.37824,10.38018,1.00,1.00
2018.04.20 06:45:57.876,10.37832,10.38018,1.00,1.00
2018.04.20 06:45:59.491,10.37839,10.38027,1.00,1.00
2018.04.20 06:45:59.999,10.37831,10.38023,1.00,1.75
2018.04.20 06:46:00.051,10.37831,10.38027,1.00,1.00
2018.04.20 06:46:01.320,10.37806,10.38013,1.00,1.00
2018.04.20 06:46:01.373,10.37812,10.38009,1.00,1.00
2018.04.20 06:46:01.819,10.3783,10.38009,1.00,1.00
2018.04.20 06:46:02.350,10.3783,10.3801,1.00,1.50
2018.04.20 06:46:03.563,10.37834,10.3801,1.00,1.50
2018.04.20 06:46:06.738,10.37834,10.38022,1.00,1.00
2018.04.20 06:46:06.790,10.37843,10.38022,1.00,1.00
2018.04.20 06:46:06.943,10.37843,10.38031,1.00,1.00
2018.04.20 06:46:07.517,10.37858,10.3805,1.00,1.00
2018.04.20 06:46:07.568,10.37864,10.3805,1.00,1.00
2018.04.20 06:46:07.620,10.37872,10.38064,1.00,1.00
2018.04.20 06:46:08.944,10.37875,10.38064,1.00,1.00
2018.04.20 06:46:10.016,10.37894,10.38086,1.00,1.00
2018.04.20 06:46:10.901,10.37898,10.38086,1.00,1.00
2018.04.20 06:46:12.452,10.37894,10.38086,1.00,1.00
2018.04.20 06:46:12.504,10.37902,10.38086,1.00,1.00
2018.04.20 06:46:13.673,10.37894,10.38086,1.50,1.00
2018.04.20 06:46:17.100,10.37894,10.38079,1.00,1.00
2018.04.20 06:46:21.208,10.37894,10.38082,1.00,1.00
2018.04.20 06:46:22.573,10.37899,10.38091,1.00,1.00
2018.04.20 06:46:22.990,10.37909,10.38102,1.00,1.12
2018.04.20 06:46:23.042,10.37911,10.38103,1.50,1.37
2018.04.20 06:46:24.009,10.37911,10.38103,1.00,1.00
2018.04.20 06:46:25.470,10.37917,10.38103,1.00,1.00
2018.04.20 06:46:25.920,10.37921,10.38114,1.00,1.00
2018.04.20 06:46:26.394,10.37928,10.38114,1.00,1.00
2018.04.20 06:46:26.445,10.37915,10.38103,1.00,1.00
2018.04.20 06:46:26.496,10.37925,10.38103,1.00,1.00
2018.04.20 06:46:27.387,10.37917,10.38103,1.00,1.00
2018.04.20 06:46:29.132,10.37911,10.38103,1.00,1.00
2018.04.20 06:46:31.221,10.37911,10.38101,1.00,1.00
2018.04.20 06:46:31.322,10.37911,10.38103,1.00,1.00
2018.04.20 06:46:32.096,10.37912,10.38104,1.00,1.00
2018.04.20 06:46:36.004,10.37916,10.38104,1.00,1.00
2018.04.20 06:46:36.440,10.37916,10.38108,1.50,1.00
2018.04.20 06:46:40.549,10.37916,10.3811,1.00,1.00
2018.04.20 06:46:41.417,10.37908,10.38108,1.00,1.00
2018.04.20 06:46:41.469,10.37901,10.3809,1.00,1.00
2018.04.20 06:46:41.524,10.37891,10.3809,1.00,1.00
2018.04.20 06:46:41.718,10.37904,10.3809,1.00,1.00
2018.04.20 06:46:42.175,10.37912,10.3809,1.00,1.00
2018.04.20 06:46:42.226,10.37904,10.3809,1.00,1.00
2018.04.20 06:46:46.585,10.37894,10.3809,1.00,1.00
2018.04.20 06:46:46.838,10.37902,10.3809,1.00,1.00
2018.04.20 06:46:47.160,10.37902,10.38099,1.00,1.00
2018.04.20 06:46:50.192,10.37902,10.38102,1.00,1.00
2018.04.20 06:46:50.250,10.37908,10.38102,1.00,1.00
2018.04.20 06:46:51.376,10.37908,10.38103,1.00,1.00
2018.04.20 06:46:54.342,10.37908,10.38092,1.00,1.00
2018.04.20 06:46:55.328,10.37908,10.38102,1.00,1.00
2018.04.20 06:46:56.417,10.37897,10.38102,1.00,1.00
2018.04.20 06:46:56.860,10.37903,10.38102,1.00,1.00
2018.04.20 06:46:57.681,10.37894,10.38101,1.00,1.00
2018.04.20 06:46:57.733,10.37885,10.38092,1.00,1.00
2018.04.20 06:46:58.038,10.37898,10.38101,1.00,1.00
2018.04.20 06:46:58.900,10.37902,10.38093,1.00,1.00
2018.04.20 06:46:59.054,10.37892,10.38084,1.00,1.00
2018.04.20 06:46:59.208,10.37902,10.38094,1.00,1.00
2018.04.20 06:46:59.260,10.37898,10.38102,1.00,1.00
2018.04.20 06:46:59.311,10.37898,10.38102,1.00,1.75
2018.04.20 06:46:59.413,10.37898,10.38102,1.00,1.00
2018.04.20 06:46:59.464,10.3789,10.38097,1.00,1.00
2018.04.20 06:47:00.919,10.37899,10.38102,1.00,1.00
2018.04.20 06:47:02.140,10.37899,10.38105,1.00,1.50
2018.04.20 06:47:02.295,10.37906,10.38105,1.00,1.50
2018.04.20 06:47:04.243,10.37913,10.38105,1.00,1.50
2018.04.20 06:47:04.698,10.37905,10.38105,1.00,1.50
2018.04.20 06:47:05.606,10.37914,10.38105,1.00,1.50
2018.04.20 06:47:06.349,10.37914,10.38114,1.00,1.00
2018.04.20 06:47:07.032,10.37914,10.38105,1.00,1.00
2018.04.20 06:47:07.193,10.37914,10.38114,1.00,1.00
2018.04.20 06:47:07.759,10.3791,10.38102,1.00,1.00
2018.04.20 06:47:08.206,10.37913,10.3811,1.00,1.00
2018.04.20 06:47:09.571,10.37913,10.38105,1.00,1.00
2018.04.20 06:47:09.949,10.37911,10.38105,1.00,1.00
2018.04.20 06:47:10.001,10.37889,10.38074,1.00,1.00
2018.04.20 06:47:10.053,10.37874,10.38063,1.00,1.00
2018.04.20 06:47:10.105,10.37864,10.38052,1.00,1.00
2018.04.20 06:47:10.215,10.3786,10.38052,1.00,1.00
2018.04.20 06:47:10.523,10.37844,10.38031,1.00,1.00
2018.04.20 06:47:10.626,10.37838,10.38031,1.00,1.00
2018.04.20 06:47:10.780,10.37842,10.38031,1.00,1.00
2018.04.20 06:47:11.129,10.37853,10.38041,1.00,1.00
2018.04.20 06:47:12.825,10.37849,10.38041,1.00,1.00
2018.04.20 06:47:13.235,10.37838,10.3803,1.00,1.00
2018.04.20 06:47:13.752,10.37827,10.38019,1.00,1.00
2018.04.20 06:47:14.124,10.37816,10.38008,1.00,1.00
2018.04.20 06:47:14.866,10.37804,10.37995,1.00,1.00
2018.04.20 06:47:15.177,10.37788,10.37977,1.00,1.00
2018.04.20 06:47:15.519,10.37779,10.37971,1.00,1.00
2018.04.20 06:47:15.863,10.37767,10.37959,1.00,1.00
2018.04.20 06:47:16.170,10.37763,10.37948,1.00,1.00
2018.04.20 06:47:16.324,10.37756,10.37948,1.00,1.00
2018.04.20 06:47:17.221,10.37755,10.37943,1.00,1.00
2018.04.20 06:47:17.815,10.37751,10.37943,1.00,1.00
2018.04.20 06:47:17.867,10.37746,10.37938,1.00,1.00
2018.04.20 06:47:18.178,10.37745,10.37933,1.00,1.00
2018.04.20 06:47:18.229,10.37736,10.37928,1.50,1.00
2018.04.20 06:47:18.331,10.37747,10.37939,1.00,1.00
2018.04.20 06:47:18.637,10.37755,10.37946,1.00,1.00
2018.04.20 06:47:19.161,10.37746,10.37936,1.00,1.00
2018.04.20 06:47:27.377,10.37751,10.37936,1.00,1.00
2018.04.20 06:47:27.429,10.37746,10.37936,1.00,1.00
2018.04.20 06:47:32.249,10.37746,10.37935,1.00,1.00
2018.04.20 06:47:34.537,10.37753,10.37946,1.00,1.00
2018.04.20 06:47:35.521,10.37746,10.37935,1.00,1.00
2018.04.20 06:47:45.557,10.37743,10.37935,1.00,1.00
2018.04.20 06:47:46.306,10.37761,10.37935,1.00,1.00
2018.04.20 06:47:46.469,10.37743,10.37923,1.00,1.50
2018.04.20 06:47:48.496,10.37765,10.37935,1.00,1.00
2018.04.20 06:47:48.816,10.37744,10.37912,1.00,1.00
2018.04.20 06:47:49.391,10.37766,10.37934,1.00,1.00
2018.04.20 06:48:38.825,10.37768,10.37934,1.00,1.00
2018.04.20 06:48:38.929,10.37766,10.37934,1.00,1.00
2018.04.20 06:48:38.981,10.37768,10.37934,1.00,1.00
2018.04.20 06:48:39.104,10.37766,10.37934,1.00,1.00
2018.04.20 06:48:39.324,10.37768,10.37934,1.00,1.00
2018.04.20 06:48:39.706,10.37766,10.37934,1.00,1.00
2018.04.20 06:48:49.371,10.37753,10.37945,1.00,1.00
2018.04.20 06:48:49.424,10.37765,10.37945,1.00,1.00
2018.04.20 06:48:50.192,10.37757,10.37945,1.00,1.00
2018.04.20 06:48:50.932,10.37753,10.37945,1.00,1.00
2018.04.20 06:48:51.034,10.37759,10.37945,1.00,1.00
2018.04.20 06:48:51.425,10.37767,10.37945,1.00,1.00
2018.04.20 06:48:51.527,10.37767,10.37947,1.00,1.00
2018.04.20 06:48:52.629,10.37757,10.37947,1.00,1.00
2018.04.20 06:48:53.331,10.37765,10.37947,1.00,1.00
2018.04.20 06:48:57.205,10.37773,10.37955,1.00,1.00
2018.04.20 06:48:57.467,10.37765,10.37955,1.00,1.00
2018.04.20 06:48:57.774,10.37773,10.37956,1.00,1.00
2018.04.20 06:48:58.151,10.37764,10.37956,1.50,1.00
2018.04.20 06:48:58.706,10.37764,10.37946,1.00,1.00
2018.04.20 06:48:58.757,10.37757,10.37946,1.00,1.00
2018.04.20 06:48:59.328,10.37765,10.37946,1.00,1.00
2018.04.20 06:48:59.438,10.37765,10.37957,1.00,1.00
2018.04.20 06:49:00.038,10.37764,10.37957,1.00,1.00
2018.04.20 06:49:02.489,10.37757,10.37948,1.00,1.00
2018.04.20 06:49:10.270,10.37761,10.37948,1.00,1.00
2018.04.20 06:49:12.690,10.37756,10.37948,1.00,1.00
2018.04.20 06:49:14.156,10.37759,10.37948,1.00,1.00
2018.04.20 06:49:15.024,10.37756,10.37948,1.00,1.00
2018.04.20 06:49:17.416,10.37751,10.37941,1.00,1.00
2018.04.20 06:49:18.639,10.37743,10.37933,1.00,1.00
2018.04.20 06:49:18.692,10.37732,10.37933,1.00,1.00
2018.04.20 06:49:18.962,10.37744,10.37912,1.00,1.00
2018.04.20 06:49:20.154,10.37766,10.37934,1.50,1.00
2018.04.20 06:49:30.269,10.37747,10.37933,1.00,1.00
2018.04.20 06:49:30.540,10.37747,10.37912,1.00,1.00
2018.04.20 06:49:31.758,10.37744,10.37912,1.00,1.00
2018.04.20 06:49:39.907,10.37752,10.37912,1.00,1.00
2018.04.20 06:49:40.010,10.37751,10.37934,1.00,1.00
2018.04.20 06:49:40.061,10.37758,10.37946,1.00,1.00
2018.04.20 06:49:40.177,10.37756,10.37946,1.00,1.00
2018.04.20 06:49:40.280,10.37754,10.37946,1.00,1.00
2018.04.20 06:49:40.331,10.37754,10.37912,1.00,1.00
2018.04.20 06:49:41.123,10.37754,10.37946,1.50,1.00
2018.04.20 06:49:41.279,10.37766,10.37934,1.00,1.00
2018.04.20 06:49:47.069,10.37746,10.37933,1.00,1.00
2018.04.20 06:49:47.303,10.37746,10.37912,1.00,1.00
2018.04.20 06:49:49.505,10.37757,10.37912,1.00,1.00
2018.04.20 06:49:49.556,10.37766,10.37934,1.00,1.00
2018.04.20 06:50:16.097,10.37753,10.37933,1.00,1.00
2018.04.20 06:50:16.293,10.37743,10.37933,1.00,1.00
2018.04.20 06:50:16.396,10.37744,10.37912,1.00,1.00
2018.04.20 06:50:17.864,10.37785,10.37943,1.00,1.00
2018.04.20 06:50:17.916,10.37785,10.37953,1.00,1.00
2018.04.20 06:50:18.121,10.37789,10.37964,1.00,1.37
2018.04.20 06:50:18.172,10.37792,10.37956,1.00,1.00
2018.04.20 06:50:21.739,10.37792,10.37952,1.00,1.00
2018.04.20 06:50:28.093,10.37758,10.37952,1.00,1.00
2018.04.20 06:50:28.195,10.37758,10.37947,1.00,1.00
2018.04.20 06:50:28.512,10.3777,10.37938,1.00,1.00
2018.04.20 06:50:34.786,10.37776,10.37951,1.00,1.00
2018.04.20 06:50:35.184,10.37795,10.37951,1.00,1.00
2018.04.20 06:50:35.388,10.37789,10.37961,1.00,1.00
2018.04.20 06:50:35.904,10.37789,10.37968,1.00,1.00
2018.04.20 06:50:36.121,10.378,10.37968,1.00,1.00
2018.04.20 06:50:36.223,10.378,10.3797,1.00,1.00
2018.04.20 06:50:36.490,10.37818,10.3797,1.00,1.00
2018.04.20 06:50:43.302,10.37818,10.37969,1.00,1.00
2018.04.20 06:50:44.460,10.37778,10.37974,1.00,1.00
2018.04.20 06:50:44.817,10.37795,10.37963,1.00,1.00
2018.04.20 06:50:49.437,10.37803,10.37976,1.00,1.00
2018.04.20 06:50:49.540,10.37818,10.37976,1.00,1.00
2018.04.20 06:50:50.027,10.37818,10.37972,1.00,1.00
2018.04.20 06:50:51.748,10.37818,10.37975,1.00,1.00
2018.04.20 06:50:55.204,10.37779,10.37975,1.00,1.00
2018.04.20 06:50:55.408,10.37795,10.37963,1.00,1.00
2018.04.20 06:51:00.356,10.37802,10.37975,1.00,1.00
2018.04.20 06:51:00.528,10.37818,10.37975,1.00,1.00
2018.04.20 06:51:01.649,10.37818,10.37977,1.00,1.00
2018.04.20 06:51:02.636,10.37818,10.37973,1.00,1.00
2018.04.20 06:51:05.447,10.37818,10.37984,1.00,1.00
2018.04.20 06:51:06.812,10.37818,10.37986,1.00,1.00
2018.04.20 06:51:07.116,10.37823,10.37993,1.00,1.00
2018.04.20 06:51:07.606,10.3784,10.37993,1.00,1.00
2018.04.20 06:51:08.605,10.3784,10.37986,1.00,1.00
2018.04.20 06:51:08.754,10.3784,10.37993,1.00,1.50
2018.04.20 06:51:20.716,10.3784,10.37987,1.00,1.00
2018.04.20 06:51:21.857,10.3784,10.37988,1.00,1.00
2018.04.20 06:51:22.921,10.3784,10.38,1.00,1.00
2018.04.20 06:51:22.973,10.37846,10.38007,1.00,1.37
2018.04.20 06:51:23.060,10.37846,10.38007,1.00,1.00
2018.04.20 06:51:23.112,10.37846,10.38021,1.00,1.00
2018.04.20 06:51:23.264,10.37847,10.38028,1.00,1.00
2018.04.20 06:51:23.315,10.37856,10.38037,1.00,1.37
2018.04.20 06:51:23.367,10.37856,10.38039,1.00,1.00
2018.04.20 06:51:23.418,10.37857,10.38049,1.00,1.00
2018.04.20 06:51:23.469,10.37869,10.38061,1.00,1.00
2018.04.20 06:51:23.789,10.37875,10.38061,1.00,1.00
2018.04.20 06:51:24.162,10.37885,10.38061,1.00,1.00
2018.04.20 06:51:24.792,10.37896,10.38061,1.00,1.00
2018.04.20 06:51:25.303,10.37915,10.38061,1.00,1.00
2018.04.20 06:51:25.962,10.37915,10.38072,1.00,1.00
2018.04.20 06:51:29.873,10.37915,10.38082,1.00,1.00
2018.04.20 06:51:30.385,10.37915,10.38081,1.00,1.00
2018.04.20 06:51:32.681,10.37915,10.38072,1.00,1.00
2018.04.20 06:51:33.436,10.37921,10.38083,1.00,1.00
2018.04.20 06:51:33.784,10.37938,10.38083,1.00,1.00
2018.04.20 06:51:36.887,10.37938,10.38087,1.00,1.00
2018.04.20 06:51:37.136,10.37902,10.37967,1.00,1.87
2018.04.20 06:51:37.187,10.37902,10.38006,1.00,1.00
2018.04.20 06:51:37.239,10.37817,10.37981,1.00,1.00
2018.04.20 06:51:37.291,10.37799,10.38008,1.00,1.00
2018.04.20 06:51:37.343,10.37797,10.37995,1.00,1.00
2018.04.20 06:51:37.395,10.37788,10.37991,1.00,1.00
2018.04.20 06:51:37.447,10.37781,10.37988,1.00,1.00
2018.04.20 06:51:37.567,10.37772,10.37962,1.00,1.00
2018.04.20 06:51:37.914,10.37747,10.37939,1.37,1.00
2018.04.20 06:51:38.557,10.37771,10.37965,1.00,1.00
2018.04.20 06:51:38.609,10.37774,10.37961,1.00,1.00
2018.04.20 06:51:38.661,10.37774,10.37965,1.00,1.00
2018.04.20 06:51:38.887,10.37774,10.37959,1.00,1.00
2018.04.20 06:51:39.103,10.37774,10.37965,1.00,1.00
2018.04.20 06:51:39.413,10.37774,10.37951,1.00,1.00
2018.04.20 06:51:39.670,10.37755,10.37944,1.37,1.00
2018.04.20 06:51:39.722,10.37755,10.37944,1.00,1.00
2018.04.20 06:51:40.474,10.37755,10.37931,1.50,1.00
2018.04.20 06:51:40.826,10.37755,10.37914,1.50,1.00
2018.04.20 06:51:40.971,10.37748,10.37914,1.00,1.00
2018.04.20 06:51:41.332,10.37746,10.37914,1.00,1.00
2018.04.20 06:51:42.239,10.37748,10.37914,1.00,1.00
2018.04.20 06:51:42.578,10.37746,10.37914,1.00,1.00
2018.04.20 06:51:44.735,10.37738,10.3791,1.00,1.00
2018.04.20 06:51:44.786,10.37746,10.37914,1.00,1.00
2018.04.20 06:51:44.910,10.37738,10.37911,1.00,1.00
2018.04.20 06:51:45.169,10.37738,10.37892,1.00,1.00
2018.04.20 06:51:45.857,10.37746,10.37892,1.00,1.00
2018.04.20 06:51:49.757,10.37763,10.37892,1.00,1.00
2018.04.20 06:51:49.809,10.37751,10.37947,1.00,1.00
2018.04.20 06:51:49.964,10.37771,10.37939,1.00,1.00
2018.04.20 06:51:57.238,10.37798,10.37978,1.00,1.00
2018.04.20 06:51:57.289,10.37786,10.37978,1.00,1.00
2018.04.20 06:51:57.494,10.37786,10.37974,1.00,1.00
2018.04.20 06:51:57.908,10.37794,10.37962,1.00,1.00
2018.04.20 06:52:09.501,10.37796,10.37985,1.00,1.00
2018.04.20 06:52:09.604,10.37796,10.37988,1.00,1.00
2018.04.20 06:52:09.815,10.37816,10.37984,1.00,1.00
2018.04.20 06:52:10.990,10.37796,10.37962,1.00,1.00
2018.04.20 06:52:15.916,10.37796,10.37987,1.00,1.00
2018.04.20 06:52:16.084,10.37816,10.37984,1.00,1.00
2018.04.20 06:52:19.821,10.37818,10.37984,1.00,1.00
2018.04.20 06:52:19.924,10.37848,10.38019,1.00,1.00
2018.04.20 06:52:19.976,10.37848,10.38029,1.00,1.00
2018.04.20 06:52:20.028,10.37859,10.38046,1.00,1.00
2018.04.20 06:52:20.080,10.37882,10.38073,1.00,1.00
2018.04.20 06:52:20.132,10.37882,10.38085,1.00,1.37
2018.04.20 06:52:20.234,10.37892,10.38085,1.00,1.37
2018.04.20 06:52:21.543,10.37892,10.38077,1.00,1.00
2018.04.20 06:52:22.039,10.37889,10.38057,1.00,1.00
2018.04.20 06:52:24.691,10.37931,10.38087,1.00,1.00
2018.04.20 06:52:24.742,10.3794,10.3812,1.00,1.37
2018.04.20 06:52:24.794,10.37909,10.38111,2.23,1.00
2018.04.20 06:52:24.846,10.37889,10.38091,1.30,1.00
2018.04.20 06:52:24.900,10.37901,10.38091,1.00,1.00
2018.04.20 06:52:25.003,10.37911,10.38103,1.00,1.00
2018.04.20 06:52:25.055,10.37911,10.38115,1.00,1.00
2018.04.20 06:52:25.107,10.37922,10.38123,1.00,1.00
2018.04.20 06:52:25.160,10.37939,10.38141,1.00,1.00
2018.04.20 06:52:25.263,10.37934,10.38133,1.00,1.00
2018.04.20 06:52:25.571,10.37945,10.3814,1.00,1.00
2018.04.20 06:52:26.173,10.37945,10.3815,1.00,1.00
2018.04.20 06:52:26.225,10.37956,10.3815,1.00,1.00
2018.04.20 06:52:26.276,10.37956,10.38157,1.00,1.00
2018.04.20 06:52:26.328,10.37984,10.38181,1.00,1.37
2018.04.20 06:52:26.379,10.37984,10.38181,1.00,1.00
2018.04.20 06:52:26.430,10.37984,10.38189,1.00,1.00
2018.04.20 06:52:26.684,10.38,10.38189,1.00,1.00
2018.04.20 06:52:29.133,10.38,10.38198,1.00,1.00
2018.04.20 06:52:31.403,10.38011,10.38205,1.00,1.00
2018.04.20 06:52:31.505,10.37999,10.38198,1.00,1.00
2018.04.20 06:52:31.557,10.3801,10.38189,1.00,1.00
2018.04.20 06:52:31.608,10.3801,10.382,1.00,1.00
2018.04.20 06:52:31.924,10.3801,10.38209,1.00,1.00
2018.04.20 06:52:32.848,10.38012,10.38209,1.00,1.00
2018.04.20 06:52:33.203,10.38012,10.382,1.00,1.00
2018.04.20 06:52:35.172,10.37998,10.38185,1.00,1.00
2018.04.20 06:52:35.224,10.37998,10.38199,1.00,1.00
2018.04.20 06:52:35.846,10.37999,10.38205,1.00,1.00
2018.04.20 06:52:35.899,10.37998,10.38191,1.00,1.00
2018.04.20 06:52:36.053,10.37984,10.38183,1.00,1.00
2018.04.20 06:52:36.736,10.37989,10.38191,1.00,1.00
2018.04.20 06:52:36.787,10.37989,10.38184,1.00,1.00
2018.04.20 06:52:37.195,10.37991,10.38184,1.00,1.00
2018.04.20 06:52:37.592,10.37991,10.38192,1.00,1.00
2018.04.20 06:52:37.797,10.37995,10.38184,1.00,1.00
2018.04.20 06:52:38.319,10.37995,10.38193,1.00,1.00
2018.04.20 06:52:38.370,10.37995,10.38178,1.00,1.00
2018.04.20 06:52:38.544,10.37982,10.38178,1.00,1.00
2018.04.20 06:52:38.954,10.37991,10.38187,1.00,1.00
2018.04.20 06:52:41.056,10.37991,10.38196,1.00,1.00
2018.04.20 06:52:41.312,10.37991,10.38187,1.00,1.00
2018.04.20 06:52:42.263,10.37991,10.38195,1.00,1.00
2018.04.20 06:52:44.675,10.37991,10.38184,1.00,1.00
2018.04.20 06:52:45.023,10.37991,10.38176,1.00,1.00
2018.04.20 06:52:45.124,10.3798,10.38176,1.00,1.00
2018.04.20 06:52:45.510,10.3798,10.38167,1.00,1.00
2018.04.20 06:52:45.612,10.37991,10.38182,1.00,1.00
2018.04.20 06:52:45.714,10.37991,10.38191,1.00,1.00
2018.04.20 06:52:46.109,10.37991,10.38184,1.00,1.00
2018.04.20 06:52:46.602,10.37991,10.38191,1.00,1.00
2018.04.20 06:52:47.049,10.37991,10.38183,1.00,1.00
2018.04.20 06:52:47.422,10.37991,10.3819,1.00,1.00
2018.04.20 06:52:47.880,10.37995,10.3819,1.00,1.00
2018.04.20 06:52:48.244,10.37995,10.38182,1.00,1.00
2018.04.20 06:52:48.648,10.38004,10.38204,1.00,1.00
2018.04.20 06:52:48.750,10.38004,10.38192,1.00,1.00
2018.04.20 06:52:49.744,10.38004,10.38204,1.00,1.00
2018.04.20 06:52:49.898,10.38004,10.3821,1.50,1.00
2018.04.20 06:52:50.275,10.38015,10.38209,1.00,1.00
2018.04.20 06:52:50.710,10.38015,10.38199,1.00,1.00
2018.04.20 06:52:50.762,10.38015,10.38209,1.00,1.00
2018.04.20 06:52:51.051,10.38015,10.38201,1.00,1.00
2018.04.20 06:52:52.036,10.38007,10.38201,1.00,1.00
2018.04.20 06:52:53.597,10.38021,10.382,1.00,1.00
2018.04.20 06:52:53.648,10.3801,10.382,1.00,1.00
2018.04.20 06:52:55.292,10.3801,10.38207,1.00,1.00
2018.04.20 06:52:57.772,10.38,10.38198,1.00,1.00
2018.04.20 06:53:00.325,10.38001,10.38206,1.00,1.00
2018.04.20 06:53:00.377,10.38011,10.38208,1.00,1.00
2018.04.20 06:53:01.770,10.38011,10.38201,1.00,1.00
2018.04.20 06:53:01.872,10.38,10.38201,1.00,1.00
2018.04.20 06:53:02.854,10.38,10.38192,1.00,1.00
2018.04.20 06:53:02.905,10.37997,10.38192,1.00,1.00
2018.04.20 06:53:03.057,10.37997,10.382,1.00,1.00
2018.04.20 06:53:03.638,10.38011,10.38215,1.00,1.00
2018.04.20 06:53:03.690,10.38018,10.38218,1.00,1.00
2018.04.20 06:53:03.935,10.37997,10.38203,1.00,1.50
2018.04.20 06:53:03.987,10.37997,10.3819,1.00,1.00
2018.04.20 06:53:04.121,10.37997,10.38199,1.00,1.00
2018.04.20 06:53:04.172,10.37997,10.3819,1.00,1.00
2018.04.20 06:53:04.326,10.37997,10.38199,1.00,1.00
2018.04.20 06:53:05.741,10.3801,10.38207,1.00,1.00
2018.04.20 06:53:05.793,10.37999,10.38199,1.00,1.00
2018.04.20 06:53:07.018,10.38001,10.38199,1.00,1.00
2018.04.20 06:53:08.260,10.38001,10.38207,1.00,1.50
2018.04.20 06:53:08.362,10.38001,10.38196,1.00,1.00
2018.04.20 06:53:08.414,10.38001,10.38204,1.00,1.00
2018.04.20 06:53:08.614,10.38011,10.38204,1.00,1.00
2018.04.20 06:53:09.408,10.37999,10.38195,1.00,1.00
2018.04.20 06:53:09.993,10.37999,10.38204,1.00,1.00
2018.04.20 06:53:10.045,10.38011,10.38204,1.00,1.00
2018.04.20 06:53:10.180,10.38017,10.38218,1.00,1.00
2018.04.20 06:53:10.340,10.38015,10.38214,1.00,1.00
2018.04.20 06:53:10.666,10.38015,10.38205,1.00,1.00
2018.04.20 06:53:11.359,10.38015,10.38218,1.00,1.00
2018.04.20 06:53:11.410,10.38015,10.38215,1.00,1.00
2018.04.20 06:53:12.574,10.38015,10.38206,1.00,1.00
2018.04.20 06:53:12.922,10.38015,10.38202,1.00,1.00
2018.04.20 06:53:13.380,10.38008,10.38212,1.00,1.00
2018.04.20 06:53:13.431,10.38016,10.38212,1.00,1.00
2018.04.20 06:53:13.756,10.38016,10.38204,1.00,1.00
2018.04.20 06:53:16.632,10.38016,10.38212,1.00,1.00
2018.04.20 06:53:16.734,10.38016,10.38204,1.00,1.00
2018.04.20 06:53:16.903,10.38021,10.38214,1.00,1.00
2018.04.20 06:53:17.006,10.38021,10.38205,1.00,1.00
2018.04.20 06:53:17.200,10.38001,10.38199,1.00,1.00
2018.04.20 06:53:17.940,10.38,10.38199,1.00,1.00
2018.04.20 06:53:18.542,10.38021,10.38207,1.00,1.50
2018.04.20 06:53:19.523,10.37999,10.382,1.00,1.00
2018.04.20 06:53:19.574,10.38016,10.38184,1.00,1.00
2018.04.20 06:53:19.906,10.38039,10.38206,1.00,1.00
2018.04.20 06:53:20.440,10.38039,10.38207,1.00,1.00
2018.04.20 06:53:21.354,10.38039,10.38198,1.00,1.00
2018.04.20 06:53:21.407,10.38002,10.38198,1.00,1.00
2018.04.20 06:53:21.459,10.38016,10.38184,1.00,1.00
2018.04.20 06:53:21.960,10.38015,10.38185,1.00,1.00
2018.04.20 06:53:23.962,10.38039,10.38207,1.00,1.00
2018.04.20 06:53:24.283,10.38016,10.38184,1.00,1.00
2018.04.20 06:53:30.347,10.38016,10.38181,1.00,1.00
2018.04.20 06:53:30.888,10.38016,10.38184,1.00,1.00
2018.04.20 06:53:31.630,10.38017,10.38218,1.00,1.00
2018.04.20 06:53:31.732,10.38019,10.38225,1.00,1.37
2018.04.20 06:53:32.173,10.38016,10.38184,1.00,1.00
2018.04.20 06:53:32.598,10.38019,10.38211,1.00,1.00
2018.04.20 06:53:32.649,10.38016,10.38184,1.00,1.00
2018.04.20 06:53:34.201,10.38018,10.38208,1.00,1.00
2018.04.20 06:53:34.252,10.38016,10.38184,1.00,1.00
2018.04.20 06:53:37.132,10.38017,10.38214,1.00,1.00
2018.04.20 06:53:37.484,10.38038,10.38208,1.00,1.00
2018.04.20 06:53:43.666,10.38004,10.38205,1.00,1.50
2018.04.20 06:53:43.954,10.38016,10.38184,1.00,1.37
2018.04.20 06:53:44.006,10.37992,10.38197,1.00,1.75
2018.04.20 06:53:44.058,10.37968,10.38164,1.00,1.00
2018.04.20 06:53:44.513,10.37976,10.38164,1.00,1.00
2018.04.20 06:53:44.564,10.37966,10.38164,1.00,1.00
2018.04.20 06:53:45.259,10.37989,10.38157,1.00,1.00
2018.04.20 06:53:48.050,10.38,10.38192,1.00,1.37
2018.04.20 06:53:48.152,10.37992,10.38192,1.00,1.00
2018.04.20 06:53:48.253,10.37994,10.38162,1.00,1.00
2018.04.20 06:53:48.628,10.37994,10.38194,1.00,1.00
2018.04.20 06:53:48.680,10.37994,10.38196,1.50,1.00
2018.04.20 06:53:48.835,10.37994,10.38194,1.00,1.00
2018.04.20 06:53:49.144,10.38016,10.38184,1.00,1.00
2018.04.20 06:53:50.306,10.38016,10.38182,1.00,1.00
2018.04.20 06:53:50.409,10.38016,10.38184,1.00,1.00
2018.04.20 06:53:50.861,10.37994,10.38162,1.00,1.00
2018.04.20 06:53:51.192,10.38016,10.38184,1.00,1.00
2018.04.20 06:53:55.062,10.37991,10.38179,1.00,1.37
2018.04.20 06:53:55.113,10.37966,10.38167,1.00,1.00
2018.04.20 06:53:55.216,10.37966,10.38159,1.00,1.00
2018.04.20 06:53:55.377,10.37966,10.38167,1.00,1.00
2018.04.20 06:53:55.774,10.37967,10.38165,1.00,1.00
2018.04.20 06:53:56.258,10.37967,10.38157,1.00,1.00
2018.04.20 06:53:56.572,10.37967,10.38134,1.00,1.00
2018.04.20 06:54:00.211,10.3797,10.38134,1.00,1.00
2018.04.20 06:54:00.262,10.37971,10.38167,1.00,1.00
2018.04.20 06:54:00.314,10.37981,10.38177,1.00,1.50
2018.04.20 06:54:00.804,10.37989,10.38177,1.00,1.00
2018.04.20 06:54:00.856,10.37992,10.38196,1.00,1.00
2018.04.20 06:54:01.115,10.37992,10.38187,1.00,1.00
2018.04.20 06:54:01.376,10.37991,10.38194,1.00,1.00
2018.04.20 06:54:01.529,10.37991,10.38186,1.00,1.00
2018.04.20 06:54:02.069,10.38016,10.38184,1.00,1.00
2018.04.20 06:54:15.784,10.38016,10.38212,1.00,1.00
2018.04.20 06:54:15.836,10.38019,10.38212,1.00,1.00
2018.04.20 06:54:16.166,10.38039,10.38207,1.00,1.00
2018.04.20 06:54:17.584,10.38016,10.38184,1.00,1.00
2018.04.20 06:54:23.750,10.38017,10.38213,1.00,1.00
2018.04.20 06:54:23.802,10.38017,10.38215,1.00,1.00
2018.04.20 06:54:23.902,10.38018,10.38223,1.00,1.00
2018.04.20 06:54:23.954,10.38018,10.38216,1.00,1.00
2018.04.20 06:54:24.256,10.38039,10.38207,1.00,1.00
2018.04.20 06:54:25.107,10.38016,10.38184,1.00,1.00
2018.04.20 06:54:25.364,10.38057,10.38242,1.00,1.00
2018.04.20 06:54:25.417,10.38103,10.38277,1.00,1.00
2018.04.20 06:54:25.468,10.38126,10.38304,1.00,1.00
2018.04.20 06:54:25.519,10.38155,10.38323,1.00,1.00
2018.04.20 06:54:25.685,10.38061,10.38254,1.00,1.00
2018.04.20 06:54:25.736,10.38056,10.38254,1.00,1.00
2018.04.20 06:54:25.787,10.38045,10.38248,1.00,1.00
2018.04.20 06:54:25.838,10.38045,10.38238,1.00,1.00
2018.04.20 06:54:26.163,10.38065,10.38235,1.00,1.00
2018.04.20 06:54:29.342,10.38072,10.38235,1.00,1.00
2018.04.20 06:54:29.393,10.38066,10.38235,1.00,1.00
2018.04.20 06:54:29.445,10.38079,10.3828,1.00,1.37
2018.04.20 06:54:30.105,10.38094,10.38262,1.00,1.00
2018.04.20 06:54:30.930,10.38074,10.38239,1.50,1.00
2018.04.20 06:54:31.625,10.38094,10.38262,1.00,1.00
2018.04.20 06:54:31.676,10.38071,10.38239,1.00,1.00
2018.04.20 06:54:31.982,10.38071,10.38225,1.00,1.00
2018.04.20 06:54:32.220,10.38071,10.38233,1.00,1.00
2018.04.20 06:54:32.272,10.38071,10.38239,1.00,1.00
2018.04.20 06:54:32.644,10.38041,10.38233,1.00,1.00
2018.04.20 06:54:32.746,10.38041,10.38241,1.00,1.50
2018.04.20 06:54:32.797,10.38066,10.38234,1.00,1.00
2018.04.20 06:54:33.916,10.38068,10.38234,1.00,1.00
2018.04.20 06:54:37.214,10.38076,10.38234,1.00,1.00
2018.04.20 06:54:38.066,10.3809,10.38234,1.00,1.00
2018.04.20 06:54:38.118,10.38097,10.38284,1.00,1.00
2018.04.20 06:54:38.273,10.38102,10.38283,1.00,1.00
2018.04.20 06:54:38.613,10.38135,10.38262,1.00,1.00
2018.04.20 06:54:38.665,10.38106,10.38262,1.00,1.00
2018.04.20 06:54:38.716,10.38094,10.38262,1.00,1.00
2018.04.20 06:54:38.768,10.38071,10.38239,1.00,1.00
2018.04.20 06:54:44.322,10.38071,10.38238,1.00,1.00
2018.04.20 06:54:44.476,10.38043,10.38239,1.50,1.00
2018.04.20 06:54:44.579,10.38033,10.38239,1.00,2.25
2018.04.20 06:54:44.630,10.38033,10.38227,1.00,1.00
2018.04.20 06:54:44.733,10.38033,10.38235,1.00,1.00
2018.04.20 06:54:44.837,10.38043,10.38239,1.00,1.50
2018.04.20 06:54:45.162,10.38048,10.38218,1.00,1.00
2018.04.20 06:54:45.479,10.38051,10.38218,1.00,1.00
2018.04.20 06:54:45.532,10.38071,10.38239,1.00,1.00
2018.04.20 06:54:53.495,10.38071,10.38237,1.00,1.00
2018.04.20 06:54:55.957,10.38071,10.38229,1.00,1.00
2018.04.20 06:54:56.200,10.38071,10.38238,1.00,1.00
2018.04.20 06:54:57.964,10.38071,10.38239,1.00,1.00
2018.04.20 06:54:59.113,10.38071,10.38236,1.00,1.00
2018.04.20 06:54:59.216,10.38071,10.38239,1.00,1.00
2018.04.20 06:55:01.293,10.38071,10.38232,1.00,1.00
2018.04.20 06:55:03.803,10.38031,10.38224,1.00,1.00
2018.04.20 06:55:03.855,10.38031,10.38237,1.00,1.00
2018.04.20 06:55:03.959,10.38039,10.38237,1.00,1.00
2018.04.20 06:55:04.133,10.38031,10.38237,1.50,1.00
2018.04.20 06:55:04.184,10.38049,10.38217,1.00,1.00
2018.04.20 06:55:04.942,10.38071,10.38239,1.00,1.50
2018.04.20 06:55:13.128,10.38041,10.38238,1.50,1.00
2018.04.20 06:55:13.398,10.38034,10.38238,1.00,1.00
2018.04.20 06:55:13.449,10.38049,10.38217,1.00,1.00
2018.04.20 06:55:15.574,10.3807,10.3824,1.00,1.00
2018.04.20 06:55:16.674,10.3807,10.38238,1.00,1.00
2018.04.20 06:55:16.990,10.38049,10.38217,1.00,1.00
2018.04.20 06:55:22.914,10.38049,10.38247,1.00,1.00
2018.04.20 06:55:23.286,10.3807,10.3824,1.00,1.00
2018.04.20 06:55:26.383,10.38036,10.38237,1.50,1.00
2018.04.20 06:55:26.484,10.38049,10.38217,1.00,1.00
2018.04.20 06:55:26.900,10.38071,10.38239,1.00,1.00
2018.04.20 06:55:27.526,10.38049,10.38217,1.00,1.00
2018.04.20 06:55:27.765,10.3807,10.3824,1.00,1.00
2018.04.20 06:55:30.088,10.38048,10.38237,1.00,1.00
2018.04.20 06:55:30.177,10.3804,10.38224,1.00,1.00
2018.04.20 06:55:30.229,10.38031,10.38222,1.00,1.00
2018.04.20 06:55:30.331,10.38049,10.38217,1.00,1.00
2018.04.20 06:55:52.951,10.38039,10.38231,1.00,1.00
2018.04.20 06:55:53.003,10.3803,10.38213,1.00,1.00
2018.04.20 06:55:53.054,10.3801,10.3821,1.00,1.00
2018.04.20 06:55:53.105,10.3801,10.38199,1.00,1.00
2018.04.20 06:55:53.409,10.3798,10.38164,1.37,1.00
2018.04.20 06:55:53.511,10.37982,10.38174,1.37,1.00
2018.04.20 06:55:54.030,10.37969,10.38161,1.37,1.00
2018.04.20 06:55:54.185,10.37969,10.38161,1.00,1.00
2018.04.20 06:55:54.686,10.37994,10.38161,1.00,1.00
2018.04.20 06:55:56.407,10.37994,10.38162,1.00,1.00
2018.04.20 06:55:58.349,10.37996,10.38195,1.00,1.00
2018.04.20 06:55:58.605,10.38016,10.38184,1.00,1.00
2018.04.20 06:55:59.838,10.37994,10.38162,1.00,1.00
2018.04.20 06:56:01.396,10.38016,10.38184,1.00,1.00
2018.04.20 06:56:02.354,10.37994,10.38162,1.00,1.00
2018.04.20 06:56:17.759,10.37994,10.38195,1.00,1.00
2018.04.20 06:56:18.090,10.38016,10.38184,1.00,1.00
2018.04.20 06:56:18.552,10.38016,10.38181,1.00,1.00
2018.04.20 06:56:18.706,10.37994,10.38162,1.00,1.00
2018.04.20 06:56:20.073,10.37998,10.38181,1.00,1.00
2018.04.20 06:56:20.226,10.38016,10.38181,1.00,1.00
2018.04.20 06:56:21.352,10.37994,10.38162,1.00,1.00
2018.04.20 06:56:49.778,10.37979,10.3816,1.00,1.00
2018.04.20 06:56:49.829,10.37994,10.38162,1.00,1.00
2018.04.20 06:56:51.478,10.37973,10.38161,1.00,1.00
2018.04.20 06:56:51.705,10.37973,10.3814,1.00,1.00
2018.04.20 06:56:51.888,10.37994,10.38162,1.00,1.00
2018.04.20 06:56:52.210,10.37973,10.38139,1.00,1.00
2018.04.20 06:56:52.720,10.37972,10.38139,1.00,1.00
2018.04.20 06:56:53.424,10.37971,10.38139,1.50,1.00
2018.04.20 06:56:53.828,10.37971,10.38139,2.25,1.00
2018.04.20 06:56:53.930,10.37973,10.38139,1.00,1.00
2018.04.20 06:56:54.526,10.37975,10.38163,1.00,1.00
2018.04.20 06:56:54.577,10.37994,10.38162,1.00,1.00
2018.04.20 06:57:43.582,10.37994,10.38181,1.00,1.00
2018.04.20 06:57:44.013,10.38016,10.38181,1.00,1.00
2018.04.20 06:57:45.224,10.37994,10.38162,1.00,1.00
2018.04.20 06:57:45.699,10.38016,10.38181,1.00,1.00
2018.04.20 06:57:48.431,10.38016,10.38178,1.00,1.00
2018.04.20 06:57:49.392,10.37986,10.38178,1.00,1.00
2018.04.20 06:57:49.595,10.37993,10.38163,1.00,1.00
2018.04.20 06:57:50.598,10.37994,10.38163,1.00,1.00
2018.04.20 06:57:51.152,10.38016,10.38178,1.00,1.00
2018.04.20 06:57:52.638,10.38016,10.38183,1.00,1.00
2018.04.20 06:57:54.342,10.37991,10.38181,1.00,1.00
2018.04.20 06:57:54.426,10.37994,10.38162,1.00,1.00
2018.04.20 06:57:55.192,10.38016,10.38183,1.00,1.00
2018.04.20 06:57:56.990,10.37991,10.38181,1.00,1.00
2018.04.20 06:57:57.205,10.37994,10.38162,1.00,1.00
2018.04.20 06:57:57.577,10.38016,10.38183,1.00,1.00
2018.04.20 06:57:58.832,10.37974,10.38167,2.25,1.00
2018.04.20 06:57:58.935,10.37974,10.38167,1.50,1.00
2018.04.20 06:57:58.986,10.37993,10.38163,1.00,1.00
2018.04.20 06:58:00.984,10.37959,10.38147,1.00,1.00
2018.04.20 06:58:01.352,10.37949,10.38156,1.37,1.00
2018.04.20 06:58:01.506,10.37971,10.38139,1.00,1.00
2018.04.20 06:58:04.002,10.37965,10.38153,1.00,1.00
2018.04.20 06:58:04.054,10.37982,10.3815,1.00,1.00
2018.04.20 06:58:04.951,10.37965,10.38127,1.00,1.00
2018.04.20 06:58:05.003,10.37959,10.38127,1.00,1.00
2018.04.20 06:58:06.145,10.37963,10.38127,1.00,1.00
2018.04.20 06:58:06.245,10.37982,10.3815,1.00,1.00
2018.04.20 06:58:07.657,10.3796,10.38127,1.00,1.00
2018.04.20 06:58:08.495,10.37959,10.38127,1.00,1.00
2018.04.20 06:58:10.618,10.37967,10.38127,1.00,1.00
2018.04.20 06:58:10.874,10.37959,10.38127,1.00,1.00
2018.04.20 06:58:11.704,10.37966,10.38127,1.00,1.00
2018.04.20 06:58:11.980,10.37966,10.3815,1.00,1.00
2018.04.20 06:58:12.202,10.37981,10.3815,1.00,1.00
2018.04.20 06:58:12.782,10.37981,10.38151,1.00,1.00
2018.04.20 06:58:16.351,10.37958,10.38146,1.37,1.00
2018.04.20 06:58:16.585,10.37959,10.38127,1.12,1.00
2018.04.20 06:58:16.895,10.37971,10.38127,1.00,1.00
2018.04.20 06:58:16.998,10.37963,10.38127,1.00,1.00
2018.04.20 06:58:17.505,10.37972,10.38127,1.00,1.00
2018.04.20 06:58:17.901,10.37982,10.3815,1.00,1.50
2018.04.20 06:58:25.512,10.37964,10.38147,1.00,1.00
2018.04.20 06:58:25.887,10.37964,10.38127,1.00,1.00
2018.04.20 06:58:26.966,10.37982,10.3815,1.00,1.00
2018.04.20 06:58:29.363,10.37964,10.38144,1.00,1.00
2018.04.20 06:58:29.415,10.37982,10.3815,1.00,1.00
2018.04.20 06:58:29.511,10.37947,10.38144,1.37,1.00
2018.04.20 06:58:29.563,10.37958,10.38128,1.00,1.00
2018.04.20 06:58:35.493,10.37964,10.38128,1.00,1.00
2018.04.20 06:58:35.545,10.3797,10.38156,1.00,1.00
2018.04.20 06:58:35.596,10.37969,10.38161,1.00,1.00
2018.04.20 06:58:35.648,10.37971,10.38161,1.00,1.00
2018.04.20 06:58:36.046,10.37959,10.38127,1.00,1.00
2018.04.20 06:58:41.961,10.37951,10.38124,1.00,1.00
2018.04.20 06:58:42.013,10.37939,10.38124,1.00,1.00
2018.04.20 06:58:42.603,10.37939,10.381,1.00,1.00
2018.04.20 06:58:42.801,10.37932,10.381,1.00,1.00
2018.04.20 06:58:44.738,10.37913,10.38087,1.00,1.00
2018.04.20 06:58:44.789,10.37904,10.38095,1.00,1.00
2018.04.20 06:58:44.841,10.37883,10.38075,1.00,1.00
2018.04.20 06:58:44.943,10.37883,10.38061,1.00,1.00
2018.04.20 06:58:44.995,10.37883,10.38075,1.00,1.00
2018.04.20 06:58:45.046,10.37883,10.38064,1.00,1.00
2018.04.20 06:58:45.097,10.37883,10.38072,1.00,1.00
2018.04.20 06:58:45.149,10.37883,10.38075,1.00,1.00
2018.04.20 06:58:46.383,10.37883,10.3805,1.00,1.00
2018.04.20 06:58:46.435,10.37883,10.38064,1.00,1.00
2018.04.20 06:58:46.487,10.37873,10.38064,1.50,1.00
2018.04.20 06:58:46.764,10.37884,10.3805,1.00,1.00
2018.04.20 06:58:48.551,10.37882,10.3805,1.00,1.00
2018.04.20 06:59:29.765,10.3786,10.38046,1.00,1.00
2018.04.20 06:59:30.102,10.3786,10.38028,1.00,1.00
2018.04.20 06:59:31.302,10.37861,10.38027,1.00,1.00
2018.04.20 06:59:31.843,10.3786,10.38027,1.00,1.00
2018.04.20 06:59:33.745,10.37871,10.38027,1.00,1.00
2018.04.20 06:59:34.326,10.37871,10.38061,1.00,1.00
2018.04.20 06:59:34.517,10.37882,10.3805,1.00,1.00
2018.04.20 06:59:49.835,10.37864,10.38046,1.00,1.00
2018.04.20 06:59:50.172,10.37864,10.38027,1.00,1.00
2018.04.20 06:59:50.607,10.37859,10.38027,1.00,1.00
2018.04.20 06:59:57.663,10.37862,10.38027,1.00,1.00
2018.04.20 06:59:57.914,10.37859,10.38027,1.50,1.00
2018.04.20 06:59:58.265,10.37864,10.38027,1.00,1.00
2018.04.20 06:59:58.850,10.37859,10.38027,1.50,1.00
