2018.04.19 03:00:00.297,10.39365,10.39683,1.37,1.00
2018.04.19 03:00:01.388,10.39365,10.39683,1.37,1.00
2018.04.19 03:00:02.626,10.39365,10.39683,1.37,1.00
2018.04.19 03:00:04.250,10.39365,10.39683,1.37,1.00
2018.04.19 03:00:06.633,10.39366,10.39683,1.37,1.00
2018.04.19 03:00:07.731,10.39366,10.39683,1.37,1.00
2018.04.19 03:00:08.938,10.39363,10.39675,1.37,1.00
2018.04.19 03:00:08.990,10.39364,10.39683,1.37,1.00
2018.04.19 03:00:10.193,10.39364,10.39683,1.37,1.00
2018.04.19 03:00:12.460,10.39367,10.39683,1.37,1.00
2018.04.19 03:00:13.518,10.39367,10.39683,1.37,1.00
2018.04.19 03:00:16.393,10.39367,10.39683,1.37,1.00
2018.04.19 03:00:29.107,10.3937,10.39683,1.37,1.00
2018.04.19 03:00:31.226,10.3937,10.39683,1.37,1.00
2018.04.19 03:00:40.713,10.39368,10.39683,1.37,1.00
2018.04.19 03:00:41.321,10.39368,10.39712,1.37,1.00
2018.04.19 03:00:41.930,10.39368,10.39712,1.37,1.00
2018.04.19 03:00:43.397,10.39368,10.39712,1.37,1.00
2018.04.19 03:00:43.848,10.39372,10.39718,1.37,1.00
2018.04.19 03:00:46.953,10.39372,10.39718,1.37,1.00
2018.04.19 03:00:54.503,10.39372,10.39716,1.37,1.00
2018.04.19 03:00:55.387,10.39372,10.39716,1.00,1.00
2018.04.19 03:00:55.439,10.39372,10.39716,1.37,1.00
2018.04.19 03:00:55.773,10.39372,10.39716,1.37,1.00
2018.04.19 03:00:56.703,10.39372,10.39716,1.37,1.00
2018.04.19 03:00:58.928,10.3937,10.39714,1.37,1.00
2018.04.19 03:00:59.537,10.3937,10.39714,1.37,1.00
2018.04.19 03:00:59.872,10.39361,10.39705,1.37,1.00
2018.04.19 03:01:00.498,10.39361,10.39705,1.37,1.00
2018.04.19 03:01:01.670,10.39361,10.39705,1.37,1.00
2018.04.19 03:01:02.422,10.39361,10.39705,1.37,1.00
2018.04.19 03:01:02.825,10.39361,10.39705,1.37,1.00
2018.04.19 03:01:04.782,10.39361,10.39705,1.37,1.00
2018.04.19 03:01:06.817,10.39361,10.39705,1.37,1.00
2018.04.19 03:01:06.960,10.39363,10.39709,1.37,1.00
2018.04.19 03:01:08.442,10.39363,10.39709,1.37,1.00
2018.04.19 03:01:08.759,10.39363,10.39709,1.37,1.00
2018.04.19 03:01:09.785,10.39363,10.39709,1.37,1.00
2018.04.19 03:01:10.901,10.39363,10.39709,1.37,1.00
2018.04.19 03:01:12.068,10.39363,10.39709,1.37,1.00
2018.04.19 03:01:13.764,10.39363,10.39709,1.37,1.00
2018.04.19 03:01:13.958,10.39368,10.39712,1.37,1.00
2018.04.19 03:01:18.126,10.39368,10.39712,1.37,1.00
2018.04.19 03:01:19.194,10.39368,10.39712,1.37,1.00
2018.04.19 03:01:19.246,10.39383,10.39727,1.37,1.00
2018.04.19 03:01:19.855,10.39383,10.39727,1.37,1.00
2018.04.19 03:01:21.060,10.39383,10.39727,1.37,1.00
2018.04.19 03:01:22.956,10.39383,10.39727,1.37,1.00
2018.04.19 03:01:23.319,10.39384,10.39706,1.37,1.00
2018.04.19 03:01:24.631,10.39387,10.39706,1.37,1.00
2018.04.19 03:01:25.735,10.39387,10.39706,1.37,1.00
2018.04.19 03:01:27.047,10.39387,10.39706,1.37,1.00
2018.04.19 03:01:29.233,10.39384,10.39706,1.37,1.00
2018.04.19 03:01:29.542,10.39368,10.39702,1.37,1.00
2018.04.19 03:01:30.054,10.39368,10.39683,1.37,1.00
2018.04.19 03:01:30.318,10.39368,10.39683,1.37,1.00
2018.04.19 03:01:33.867,10.39368,10.39683,1.37,1.00
2018.04.19 03:01:33.918,10.39368,10.39683,1.37,1.00
2018.04.19 03:01:35.181,10.39368,10.39683,1.37,1.00
2018.04.19 03:01:38.611,10.39368,10.39683,1.37,1.00
2018.04.19 03:01:40.071,10.39372,10.39683,1.37,1.00
2018.04.19 03:01:41.204,10.39369,10.39683,1.37,1.00
2018.04.19 03:01:43.046,10.39369,10.39683,1.00,1.00
2018.04.19 03:01:43.098,10.39363,10.39683,1.37,1.00
2018.04.19 03:01:43.251,10.39358,10.3968,1.37,1.00
2018.04.19 03:01:43.473,10.39362,10.39684,1.37,1.00
2018.04.19 03:01:44.299,10.39362,10.39684,1.12,1.00
2018.04.19 03:01:44.351,10.39356,10.39679,1.37,1.00
2018.04.19 03:01:44.504,10.39363,10.39683,1.00,1.00
2018.04.19 03:01:45.827,10.39363,10.39683,1.37,1.00
2018.04.19 03:01:46.298,10.39356,10.39678,1.37,1.00
2018.04.19 03:01:46.352,10.39363,10.39683,1.37,1.00
2018.04.19 03:01:46.812,10.39356,10.39677,1.37,1.00
2018.04.19 03:01:46.864,10.39363,10.39683,1.37,1.00
2018.04.19 03:01:46.915,10.39356,10.3966,1.37,1.00
2018.04.19 03:01:46.969,10.39363,10.39683,1.37,1.00
2018.04.19 03:01:47.173,10.39363,10.39683,1.37,1.00
2018.04.19 03:01:47.275,10.39363,10.39683,1.37,1.00
2018.04.19 03:01:47.742,10.39356,10.39702,1.37,1.00
2018.04.19 03:01:48.010,10.39356,10.39702,1.37,1.00
2018.04.19 03:01:49.432,10.39356,10.39702,1.37,1.00
2018.04.19 03:01:54.623,10.39367,10.39704,1.37,1.00
2018.04.19 03:02:03.627,10.39367,10.39704,1.37,1.00
2018.04.19 03:02:03.729,10.39367,10.39704,1.37,1.00
2018.04.19 03:02:05.594,10.39367,10.39704,1.37,1.00
2018.04.19 03:02:06.613,10.39367,10.39704,1.37,1.00
2018.04.19 03:02:11.502,10.39364,10.39704,1.37,1.00
2018.04.19 03:02:16.350,10.39364,10.39704,1.37,1.00
2018.04.19 03:02:17.344,10.39364,10.39704,1.37,1.00
2018.04.19 03:02:17.961,10.39364,10.39704,1.37,1.00
2018.04.19 03:02:21.278,10.39364,10.39704,1.37,1.00
2018.04.19 03:02:22.426,10.39361,10.39704,1.37,1.00
2018.04.19 03:02:25.016,10.39365,10.39704,1.37,1.00
2018.04.19 03:02:26.240,10.39365,10.39704,1.37,1.00
2018.04.19 03:02:27.593,10.39369,10.39704,1.37,1.00
2018.04.19 03:02:27.644,10.39369,10.39704,1.37,1.00
2018.04.19 03:02:28.725,10.39358,10.39702,1.37,1.00
2018.04.19 03:02:28.878,10.39358,10.39702,1.37,1.00
2018.04.19 03:02:30.195,10.39358,10.39702,1.37,1.00
2018.04.19 03:02:31.046,10.39346,10.3969,1.50,1.00
2018.04.19 03:02:31.097,10.3936,10.39704,1.37,1.50
2018.04.19 03:02:31.412,10.3936,10.39703,1.37,1.00
2018.04.19 03:02:31.777,10.3936,10.39683,1.37,1.00
2018.04.19 03:02:32.700,10.39351,10.39697,1.37,1.00
2018.04.19 03:02:36.501,10.39351,10.39697,1.37,1.00
2018.04.19 03:02:39.704,10.39357,10.39701,1.37,1.00
2018.04.19 03:02:48.288,10.39357,10.39701,1.37,1.00
2018.04.19 03:02:51.132,10.39357,10.39701,1.37,1.00
2018.04.19 03:02:54.696,10.39359,10.39703,1.37,1.00
2018.04.19 03:02:56.432,10.39359,10.39703,1.37,1.00
2018.04.19 03:02:59.274,10.39359,10.39703,1.37,1.00
2018.04.19 03:03:00.409,10.39347,10.39691,1.37,1.00
2018.04.19 03:03:00.510,10.39362,10.39704,1.37,1.00
2018.04.19 03:03:02.462,10.39328,10.39671,1.75,1.00
2018.04.19 03:03:02.513,10.39338,10.39682,1.37,1.00
2018.04.19 03:03:02.592,10.39351,10.39695,1.37,1.00
2018.04.19 03:03:02.644,10.39351,10.39695,1.00,1.00
2018.04.19 03:03:02.847,10.39351,10.39682,1.00,1.00
2018.04.19 03:03:09.748,10.39343,10.39682,1.37,1.00
2018.04.19 03:03:17.672,10.39345,10.39682,1.00,1.00
2018.04.19 03:03:24.776,10.39343,10.39682,1.37,1.00
2018.04.19 03:03:26.308,10.39352,10.39682,1.00,1.00
2018.04.19 03:03:26.483,10.39344,10.39682,1.12,1.00
2018.04.19 03:03:27.216,10.39332,10.39676,1.37,1.00
2018.04.19 03:03:27.613,10.39343,10.39682,1.12,1.00
2018.04.19 03:03:27.714,10.39343,10.39682,1.37,1.00
2018.04.19 03:03:29.962,10.39342,10.39682,1.12,1.00
2018.04.19 03:03:32.384,10.39333,10.39677,1.37,1.00
2018.04.19 03:03:33.652,10.39331,10.39675,1.37,1.00
2018.04.19 03:03:33.703,10.39338,10.39682,1.37,1.50
2018.04.19 03:03:33.880,10.39306,10.39661,2.25,1.00
2018.04.19 03:03:34.353,10.39306,10.39657,2.25,1.00
2018.04.19 03:03:34.857,10.39312,10.39661,1.37,1.00
2018.04.19 03:03:34.909,10.39306,10.3965,1.37,1.00
2018.04.19 03:03:36.062,10.39306,10.3965,1.37,1.00
2018.04.19 03:03:39.801,10.39305,10.39649,1.37,1.00
2018.04.19 03:03:40.204,10.39311,10.39657,1.37,1.00
2018.04.19 03:03:40.255,10.39323,10.39667,1.00,1.00
2018.04.19 03:03:40.853,10.39323,10.39667,1.37,1.00
2018.04.19 03:03:43.091,10.39323,10.39667,1.37,1.00
2018.04.19 03:03:44.330,10.39331,10.39675,1.00,1.00
2018.04.19 03:03:45.903,10.39334,10.39678,1.00,1.00
2018.04.19 03:03:48.436,10.39312,10.39656,1.37,1.00
2018.04.19 03:03:50.192,10.39312,10.39656,1.37,1.00
2018.04.19 03:03:50.243,10.39333,10.39677,1.00,1.00
2018.04.19 03:03:51.557,10.39343,10.39689,1.00,1.00
2018.04.19 03:03:53.900,10.39343,10.39689,1.37,1.00
2018.04.19 03:03:54.356,10.39343,10.39689,1.37,1.00
2018.04.19 03:03:54.866,10.3935,10.39694,1.37,1.00
2018.04.19 03:03:55.845,10.39355,10.39699,1.00,1.00
2018.04.19 03:03:57.458,10.39355,10.39699,1.37,1.00
2018.04.19 03:03:58.717,10.39355,10.39699,1.37,1.00
2018.04.19 03:03:59.238,10.39355,10.39699,1.37,1.00
2018.04.19 03:03:59.289,10.39357,10.39701,1.37,1.00
2018.04.19 03:03:59.915,10.39357,10.39701,1.37,1.00
2018.04.19 03:04:00.302,10.39361,10.39705,1.37,1.00
2018.04.19 03:04:01.397,10.39361,10.39705,1.37,1.00
2018.04.19 03:04:04.685,10.39361,10.39705,1.12,1.00
2018.04.19 03:04:05.076,10.39361,10.39684,1.12,1.00
2018.04.19 03:04:07.069,10.39361,10.39684,1.37,1.00
2018.04.19 03:04:08.437,10.39361,10.39705,1.37,1.00
2018.04.19 03:04:09.876,10.39359,10.39703,1.37,1.00
2018.04.19 03:04:10.487,10.39359,10.39703,1.37,1.00
2018.04.19 03:04:14.292,10.39356,10.397,1.37,1.00
2018.04.19 03:04:15.718,10.39356,10.397,1.37,1.00
2018.04.19 03:04:17.699,10.39356,10.397,1.37,1.00
2018.04.19 03:04:21.725,10.39356,10.397,1.37,1.00
2018.04.19 03:04:26.379,10.3937,10.39705,1.37,1.00
2018.04.19 03:04:26.658,10.3937,10.39714,1.37,1.00
2018.04.19 03:04:27.249,10.3937,10.39705,1.37,1.00
2018.04.19 03:04:28.958,10.3937,10.39714,1.37,1.00
2018.04.19 03:04:29.317,10.39372,10.39716,1.37,1.00
2018.04.19 03:04:29.489,10.39372,10.39706,1.37,1.00
2018.04.19 03:04:29.541,10.39372,10.39716,1.37,1.00
2018.04.19 03:04:29.959,10.39372,10.39705,1.37,1.00
2018.04.19 03:04:30.232,10.39372,10.39705,1.37,1.00
2018.04.19 03:04:30.385,10.39372,10.39705,1.37,1.00
2018.04.19 03:04:30.576,10.39359,10.39703,1.37,1.00
2018.04.19 03:04:31.956,10.39359,10.39703,1.37,1.00
2018.04.19 03:04:32.451,10.39359,10.39703,1.37,1.00
2018.04.19 03:04:34.303,10.39359,10.39703,1.37,1.00
2018.04.19 03:04:35.033,10.39359,10.39703,1.37,1.00
2018.04.19 03:04:35.763,10.39359,10.39703,1.37,1.00
2018.04.19 03:04:37.699,10.39359,10.39703,1.37,1.00
2018.04.19 03:04:39.904,10.3936,10.39705,1.37,1.00
2018.04.19 03:04:40.740,10.3936,10.39705,1.37,1.00
2018.04.19 03:04:42.222,10.3936,10.39705,1.37,1.00
2018.04.19 03:04:42.274,10.39363,10.39705,1.37,1.00
2018.04.19 03:04:43.647,10.39363,10.39705,1.37,1.00
2018.04.19 03:04:44.389,10.3936,10.39704,1.37,1.00
2018.04.19 03:04:44.695,10.39351,10.39695,1.37,1.00
2018.04.19 03:04:44.886,10.39356,10.397,1.37,1.00
2018.04.19 03:04:47.335,10.39356,10.397,1.37,1.00
2018.04.19 03:04:49.108,10.39356,10.397,1.37,1.00
2018.04.19 03:04:50.534,10.39356,10.397,1.37,1.00
2018.04.19 03:04:51.378,10.39353,10.39699,1.37,1.00
2018.04.19 03:04:51.631,10.39353,10.39699,1.37,1.00
2018.04.19 03:04:53.361,10.39353,10.39699,1.37,1.00
2018.04.19 03:04:54.935,10.3936,10.39704,1.37,1.00
2018.04.19 03:04:57.833,10.3936,10.39704,1.37,1.00
2018.04.19 03:04:59.357,10.39359,10.39703,1.37,1.00
2018.04.19 03:05:01.670,10.39359,10.39703,1.37,1.00
2018.04.19 03:05:02.924,10.39359,10.39703,1.37,1.00
2018.04.19 03:05:06.434,10.39359,10.39703,1.37,1.00
2018.04.19 03:05:09.105,10.39359,10.39703,1.37,1.00
2018.04.19 03:05:10.013,10.39353,10.39697,1.37,1.00
2018.04.19 03:05:10.857,10.39353,10.39697,1.37,1.00
2018.04.19 03:05:12.038,10.39353,10.39697,1.37,1.00
2018.04.19 03:05:13.172,10.39353,10.39697,1.37,1.00
2018.04.19 03:05:14.437,10.39362,10.39705,1.37,1.00
2018.04.19 03:05:25.630,10.39364,10.39705,1.37,1.00
2018.04.19 03:05:26.846,10.39364,10.39705,1.00,1.00
2018.04.19 03:05:28.078,10.39364,10.39705,1.37,1.00
2018.04.19 03:05:30.125,10.39369,10.39713,1.37,1.00
2018.04.19 03:05:30.298,10.39369,10.39713,1.37,1.00
2018.04.19 03:05:31.788,10.39369,10.39713,1.00,1.00
2018.04.19 03:05:31.890,10.39369,10.39713,1.37,1.00
2018.04.19 03:05:33.081,10.39369,10.39713,1.37,1.00
2018.04.19 03:05:40.024,10.3937,10.39716,1.37,1.00
2018.04.19 03:05:40.905,10.3937,10.39716,1.37,1.00
2018.04.19 03:05:41.424,10.3937,10.39716,1.37,1.00
2018.04.19 03:05:43.767,10.3937,10.39705,1.37,1.00
2018.04.19 03:05:44.315,10.3937,10.39716,1.37,1.00
2018.04.19 03:05:44.583,10.39375,10.39719,1.37,1.00
2018.04.19 03:05:47.131,10.39375,10.39719,1.37,1.00
2018.04.19 03:05:47.308,10.39375,10.39704,1.37,1.00
2018.04.19 03:05:48.229,10.39356,10.397,1.37,1.00
2018.04.19 03:05:48.442,10.39367,10.39704,1.37,1.00
2018.04.19 03:05:50.283,10.39367,10.39704,1.37,1.00
2018.04.19 03:05:51.547,10.39367,10.39704,1.37,1.00
2018.04.19 03:05:52.796,10.39367,10.39704,1.37,1.00
2018.04.19 03:05:55.332,10.39375,10.39704,1.37,1.00
2018.04.19 03:05:55.383,10.39375,10.39719,1.37,1.00
2018.04.19 03:05:56.664,10.39375,10.39705,1.37,1.00
2018.04.19 03:05:59.244,10.39356,10.397,1.37,1.00
2018.04.19 03:05:59.397,10.39367,10.39705,1.37,1.00
2018.04.19 03:06:00.362,10.39372,10.39705,1.37,1.00
2018.04.19 03:06:02.244,10.39372,10.39716,1.37,1.00
2018.04.19 03:06:02.347,10.39379,10.39704,1.37,1.00
2018.04.19 03:06:02.805,10.39372,10.39704,1.37,1.00
2018.04.19 03:06:04.195,10.39372,10.39704,1.37,1.00
2018.04.19 03:06:05.514,10.39372,10.39704,1.37,1.00
2018.04.19 03:06:10.185,10.39371,10.39704,1.37,1.00
2018.04.19 03:06:11.444,10.39371,10.39704,1.37,1.00
2018.04.19 03:06:16.239,10.39376,10.3972,1.37,1.00
2018.04.19 03:06:16.443,10.39376,10.3972,1.37,1.00
2018.04.19 03:06:16.495,10.39376,10.39704,1.37,1.00
2018.04.19 03:06:17.652,10.39376,10.39704,1.37,1.00
2018.04.19 03:06:19.073,10.39395,10.39727,1.75,1.00
2018.04.19 03:06:19.128,10.39395,10.39731,1.75,1.00
2018.04.19 03:06:19.236,10.39401,10.39745,1.37,1.00
2018.04.19 03:06:19.287,10.39395,10.39731,1.75,1.00
2018.04.19 03:06:20.198,10.39406,10.39744,1.50,1.00
2018.04.19 03:06:21.365,10.39431,10.39753,1.50,1.00
2018.04.19 03:06:25.165,10.39431,10.39759,1.50,1.00
2018.04.19 03:06:28.566,10.39437,10.39749,1.00,1.00
2018.04.19 03:06:28.617,10.39431,10.39766,1.50,1.00
2018.04.19 03:06:29.538,10.39431,10.39767,1.50,1.00
2018.04.19 03:06:29.782,10.39451,10.39767,1.75,1.00
2018.04.19 03:06:31.650,10.39452,10.39767,1.75,1.00
2018.04.19 03:06:31.930,10.39452,10.39774,1.75,1.00
2018.04.19 03:06:32.592,10.39456,10.39774,1.50,1.00
2018.04.19 03:06:34.405,10.39448,10.39773,1.75,1.00
2018.04.19 03:06:35.232,10.39456,10.39772,1.50,1.00
2018.04.19 03:06:40.195,10.39456,10.3977,1.50,1.00
2018.04.19 03:06:41.316,10.39457,10.39776,1.75,1.00
2018.04.19 03:06:41.689,10.39457,10.39772,1.75,1.00
2018.04.19 03:06:43.662,10.39457,10.39776,1.75,1.00
2018.04.19 03:06:44.764,10.39457,10.39775,1.75,1.00
2018.04.19 03:06:44.866,10.39457,10.39771,1.75,1.00
2018.04.19 03:06:44.968,10.39457,10.39776,1.75,1.00
2018.04.19 03:06:45.367,10.39457,10.39771,1.75,1.00
2018.04.19 03:06:45.532,10.39457,10.39776,1.75,1.00
2018.04.19 03:06:45.787,10.39457,10.39782,1.75,1.00
2018.04.19 03:06:45.838,10.39457,10.39771,1.75,1.00
2018.04.19 03:06:45.889,10.39455,10.39783,1.75,1.00
2018.04.19 03:06:45.941,10.39455,10.39777,1.75,1.00
2018.04.19 03:06:46.802,10.39455,10.39767,1.75,1.00
2018.04.19 03:06:53.466,10.39453,10.39767,1.75,1.00
2018.04.19 03:06:55.185,10.39453,10.39768,1.75,1.00
2018.04.19 03:06:57.942,10.39453,10.39765,1.75,1.00
2018.04.19 03:06:58.045,10.39453,10.39783,1.75,1.60
2018.04.19 03:06:58.098,10.39453,10.39769,1.75,1.00
2018.04.19 03:06:58.418,10.39453,10.39765,1.75,1.00
2018.04.19 03:06:59.149,10.39453,10.39759,1.75,1.00
2018.04.19 03:06:59.443,10.39453,10.39767,1.75,1.00
2018.04.19 03:07:00.386,10.39453,10.39759,1.75,1.00
2018.04.19 03:07:00.659,10.39453,10.39775,1.75,1.00
2018.04.19 03:07:00.711,10.39453,10.39764,1.75,1.00
2018.04.19 03:07:01.683,10.3942,10.39764,1.75,1.00
2018.04.19 03:07:01.734,10.39444,10.39764,1.75,1.00
2018.04.19 03:07:01.850,10.39444,10.39777,1.75,1.00
2018.04.19 03:07:01.900,10.39444,10.39754,1.75,1.00
2018.04.19 03:07:02.958,10.3945,10.39778,1.75,1.00
2018.04.19 03:07:03.009,10.3945,10.39756,1.75,1.00
2018.04.19 03:07:04.163,10.39449,10.39756,1.75,1.00
2018.04.19 03:07:04.467,10.39449,10.39778,1.75,1.00
2018.04.19 03:07:04.520,10.39449,10.39755,1.75,1.00
2018.04.19 03:07:04.776,10.39449,10.39776,1.75,1.00
2018.04.19 03:07:04.828,10.39449,10.39754,1.75,1.00
2018.04.19 03:07:04.932,10.39449,10.39779,1.75,1.00
2018.04.19 03:07:04.984,10.39449,10.39756,1.75,1.00
2018.04.19 03:07:05.211,10.39449,10.39777,1.75,1.00
2018.04.19 03:07:05.264,10.39451,10.39768,1.75,1.00
2018.04.19 03:07:05.622,10.39451,10.39779,1.75,1.00
2018.04.19 03:07:05.674,10.39451,10.39768,1.75,1.00
2018.04.19 03:07:06.021,10.39451,10.39758,1.75,1.00
2018.04.19 03:07:06.479,10.39451,10.39781,1.75,1.50
2018.04.19 03:07:06.530,10.39451,10.39773,1.75,1.00
2018.04.19 03:07:06.955,10.39451,10.39771,1.75,1.00
2018.04.19 03:07:07.272,10.39451,10.39764,1.75,1.00
2018.04.19 03:07:07.802,10.39452,10.39764,1.75,1.00
2018.04.19 03:07:08.341,10.39452,10.39774,1.75,1.00
2018.04.19 03:07:08.445,10.39452,10.39761,1.75,1.00
2018.04.19 03:07:08.890,10.39457,10.39776,1.75,1.00
2018.04.19 03:07:08.941,10.39457,10.39762,1.75,1.00
2018.04.19 03:07:08.993,10.39457,10.39767,1.75,1.00
2018.04.19 03:07:09.147,10.39457,10.3978,1.75,1.00
2018.04.19 03:07:09.199,10.39433,10.39768,1.75,1.00
2018.04.19 03:07:09.353,10.39435,10.39779,1.50,1.60
2018.04.19 03:07:09.404,10.39433,10.39763,1.75,1.00
2018.04.19 03:07:09.704,10.39436,10.3978,1.37,1.35
2018.04.19 03:07:09.755,10.39433,10.39758,1.75,1.00
2018.04.19 03:07:09.958,10.39433,10.39776,1.75,1.00
2018.04.19 03:07:10.009,10.39433,10.39763,1.75,1.00
2018.04.19 03:07:10.395,10.39457,10.39763,1.75,1.00
2018.04.19 03:07:11.777,10.39457,10.39775,1.75,1.00
2018.04.19 03:07:14.629,10.39457,10.39766,1.75,1.00
2018.04.19 03:07:19.111,10.39457,10.39762,1.75,1.00
2018.04.19 03:07:19.335,10.39457,10.39778,1.75,1.00
2018.04.19 03:07:19.468,10.39457,10.39766,1.75,1.00
2018.04.19 03:07:20.358,10.39455,10.39781,1.75,1.50
2018.04.19 03:07:20.410,10.39455,10.39766,1.75,1.00
2018.04.19 03:07:21.488,10.39457,10.39766,1.75,1.00
2018.04.19 03:07:21.933,10.39457,10.39757,1.75,1.00
2018.04.19 03:07:22.211,10.39457,10.39781,1.75,1.00
2018.04.19 03:07:22.261,10.39457,10.39759,1.75,1.00
2018.04.19 03:07:22.464,10.39457,10.39781,1.75,1.00
2018.04.19 03:07:22.515,10.39457,10.3976,1.75,1.00
2018.04.19 03:07:22.721,10.39457,10.39772,1.75,1.00
2018.04.19 03:07:22.772,10.39457,10.39781,1.75,1.00
2018.04.19 03:07:22.823,10.39457,10.39764,1.75,1.00
2018.04.19 03:07:23.098,10.39457,10.39781,1.75,1.00
2018.04.19 03:07:23.249,10.39457,10.3976,1.75,1.00
2018.04.19 03:07:23.351,10.39456,10.39781,1.75,1.00
2018.04.19 03:07:23.402,10.39456,10.39763,1.75,1.00
2018.04.19 03:07:23.891,10.39456,10.3978,1.75,1.00
2018.04.19 03:07:23.943,10.39456,10.39762,1.75,1.00
2018.04.19 03:07:24.477,10.39456,10.39761,1.75,1.00
2018.04.19 03:07:25.000,10.39456,10.39781,1.75,1.00
2018.04.19 03:07:25.052,10.39456,10.3977,1.75,1.00
2018.04.19 03:07:25.573,10.39456,10.39764,1.75,1.00
2018.04.19 03:07:25.876,10.39456,10.39781,1.75,1.00
2018.04.19 03:07:25.927,10.39456,10.39761,1.75,1.00
2018.04.19 03:07:25.999,10.39456,10.39781,1.75,1.00
2018.04.19 03:07:26.100,10.39453,10.39781,1.75,1.00
2018.04.19 03:07:26.151,10.39453,10.3976,1.75,1.00
2018.04.19 03:07:26.933,10.39453,10.39759,1.75,1.00
2018.04.19 03:07:27.393,10.39456,10.39781,1.75,1.00
2018.04.19 03:07:27.444,10.39456,10.39761,1.75,1.00
2018.04.19 03:07:27.619,10.39456,10.39781,1.75,1.00
2018.04.19 03:07:27.670,10.39456,10.39759,1.75,1.00
2018.04.19 03:07:28.182,10.39456,10.39761,1.75,1.00
2018.04.19 03:07:28.735,10.39456,10.3976,1.75,1.00
2018.04.19 03:07:29.116,10.39456,10.39781,1.75,1.00
2018.04.19 03:07:29.168,10.39456,10.39759,1.75,1.00
2018.04.19 03:07:29.372,10.39456,10.39779,1.75,1.00
2018.04.19 03:07:29.474,10.39456,10.39762,1.75,1.00
2018.04.19 03:07:29.671,10.39456,10.39781,1.75,1.00
2018.04.19 03:07:29.722,10.39456,10.39764,1.75,1.00
2018.04.19 03:07:30.877,10.39456,10.39781,1.75,1.00
2018.04.19 03:07:31.205,10.39456,10.39772,1.75,1.00
2018.04.19 03:07:31.557,10.39456,10.39764,1.75,1.00
2018.04.19 03:07:31.609,10.39454,10.39764,1.75,1.00
2018.04.19 03:07:31.661,10.39454,10.39758,1.75,1.00
2018.04.19 03:07:31.714,10.39454,10.39777,1.75,1.00
2018.04.19 03:07:31.766,10.39454,10.39758,1.75,1.00
2018.04.19 03:07:32.002,10.39454,10.39781,1.75,1.50
2018.04.19 03:07:32.054,10.39454,10.39757,1.75,1.00
2018.04.19 03:07:32.861,10.39454,10.3976,1.75,1.00
2018.04.19 03:07:33.122,10.39454,10.39781,1.75,1.00
2018.04.19 03:07:33.173,10.39454,10.39763,1.75,1.00
2018.04.19 03:07:35.020,10.39457,10.39763,1.75,1.00
2018.04.19 03:07:36.895,10.39454,10.39763,1.75,1.00
2018.04.19 03:07:37.002,10.39454,10.39777,1.75,1.00
2018.04.19 03:07:37.053,10.39454,10.39758,1.75,1.00
2018.04.19 03:07:37.156,10.39454,10.39778,1.75,1.00
2018.04.19 03:07:37.207,10.39454,10.39763,1.75,1.00
2018.04.19 03:07:38.910,10.39458,10.39763,1.75,1.00
2018.04.19 03:07:40.265,10.39458,10.39764,1.75,1.00
2018.04.19 03:07:46.054,10.39458,10.39765,1.75,1.00
2018.04.19 03:07:47.171,10.39459,10.39765,1.75,1.00
2018.04.19 03:07:55.433,10.39459,10.39767,1.75,1.00
2018.04.19 03:07:56.001,10.3946,10.39767,1.75,1.00
2018.04.19 03:07:59.718,10.3946,10.39768,1.75,1.00
2018.04.19 03:08:04.211,10.39457,10.39768,1.75,1.00
2018.04.19 03:08:04.567,10.39457,10.39781,1.75,1.00
2018.04.19 03:08:04.618,10.39457,10.39766,1.75,1.00
2018.04.19 03:08:05.891,10.39459,10.39781,1.75,1.00
2018.04.19 03:08:05.942,10.39459,10.39765,1.75,1.00
2018.04.19 03:08:07.668,10.39459,10.39775,1.75,1.00
2018.04.19 03:08:07.720,10.39459,10.39761,1.75,1.00
2018.04.19 03:08:08.056,10.39459,10.39764,1.75,1.00
2018.04.19 03:08:09.322,10.3946,10.39764,1.75,1.00
2018.04.19 03:08:10.324,10.3946,10.39766,1.75,1.00
2018.04.19 03:08:11.647,10.3946,10.39774,1.75,1.00
2018.04.19 03:08:13.256,10.39461,10.39774,1.75,1.00
2018.04.19 03:08:14.467,10.39452,10.39774,1.75,1.00
2018.04.19 03:08:14.750,10.39452,10.39765,1.75,1.00
2018.04.19 03:08:15.708,10.39461,10.39765,1.75,1.00
2018.04.19 03:08:16.414,10.39461,10.39766,1.75,1.00
2018.04.19 03:08:24.381,10.39462,10.39771,1.75,1.00
2018.04.19 03:08:24.535,10.39462,10.39744,1.75,1.00
2018.04.19 03:08:25.151,10.39462,10.3977,1.75,1.00
2018.04.19 03:08:25.203,10.39462,10.39744,1.75,1.00
2018.04.19 03:08:26.948,10.39462,10.39766,1.75,1.00
2018.04.19 03:08:26.999,10.39462,10.3977,1.75,1.00
2018.04.19 03:08:27.050,10.39462,10.39765,1.75,1.00
2018.04.19 03:08:27.223,10.39462,10.3977,1.75,1.00
2018.04.19 03:08:27.326,10.39462,10.39744,1.75,1.00
2018.04.19 03:08:27.813,10.39462,10.3977,1.75,1.00
2018.04.19 03:08:27.865,10.39463,10.39744,1.75,1.00
2018.04.19 03:08:28.974,10.39465,10.3977,1.75,1.00
2018.04.19 03:08:29.128,10.39479,10.39767,1.37,1.00
2018.04.19 03:08:31.626,10.39463,10.39744,1.75,1.00
2018.04.19 03:08:33.150,10.39479,10.39767,1.37,1.00
2018.04.19 03:08:33.201,10.39463,10.39739,1.75,1.00
2018.04.19 03:08:34.977,10.39463,10.39773,1.75,1.00
2018.04.19 03:08:35.061,10.39473,10.39763,1.37,1.00
2018.04.19 03:08:42.729,10.39463,10.39761,1.75,1.00
2018.04.19 03:08:43.503,10.39474,10.39762,1.37,1.00
2018.04.19 03:08:49.337,10.39463,10.39763,1.75,1.00
2018.04.19 03:08:49.669,10.39463,10.3976,1.75,1.00
2018.04.19 03:08:49.779,10.39474,10.39762,1.37,1.00
2018.04.19 03:08:50.015,10.39463,10.39739,1.75,1.00
2018.04.19 03:08:50.157,10.39474,10.39762,1.37,1.00
2018.04.19 03:08:51.821,10.39463,10.39759,1.75,1.00
2018.04.19 03:08:51.923,10.39474,10.39762,1.37,1.00
2018.04.19 03:08:51.975,10.39463,10.39758,1.75,1.00
2018.04.19 03:08:52.288,10.39463,10.39739,1.75,1.00
2018.04.19 03:08:52.441,10.39474,10.39762,1.37,1.00
2018.04.19 03:08:52.493,10.39461,10.39739,1.75,1.00
2018.04.19 03:08:52.697,10.39474,10.39762,1.37,1.00
2018.04.19 03:08:52.749,10.39461,10.39739,1.75,1.00
2018.04.19 03:08:53.055,10.39474,10.39762,1.37,1.00
2018.04.19 03:08:53.106,10.39461,10.39739,1.75,1.00
2018.04.19 03:08:53.242,10.39474,10.39762,1.37,1.00
2018.04.19 03:08:53.293,10.39461,10.39739,1.75,1.00
2018.04.19 03:08:53.498,10.39474,10.39762,1.37,1.00
2018.04.19 03:08:53.550,10.39458,10.39739,1.75,1.00
2018.04.19 03:09:00.133,10.39458,10.3978,1.75,1.00
2018.04.19 03:09:00.185,10.39458,10.39739,1.75,1.00
2018.04.19 03:09:02.742,10.39458,10.39778,1.75,1.00
2018.04.19 03:09:03.056,10.39474,10.39762,1.37,1.00
2018.04.19 03:09:03.108,10.39474,10.39762,1.00,1.00
2018.04.19 03:09:16.861,10.39478,10.39762,1.75,1.00
2018.04.19 03:09:31.742,10.39474,10.39762,1.50,1.00
2018.04.19 03:09:32.735,10.39474,10.39762,1.37,1.00
2018.04.19 03:09:33.471,10.39474,10.39762,1.37,1.00
2018.04.19 03:09:38.335,10.39467,10.39766,1.75,1.00
2018.04.19 03:09:38.480,10.39478,10.39768,1.37,1.00
2018.04.19 03:09:41.747,10.39467,10.39765,1.75,1.00
2018.04.19 03:09:42.070,10.39467,10.39744,1.75,1.00
2018.04.19 03:09:42.175,10.39479,10.39767,1.37,1.00
2018.04.19 03:09:42.872,10.39479,10.39767,1.50,1.00
2018.04.19 03:10:25.544,10.39479,10.39767,1.00,1.00
2018.04.19 03:10:25.697,10.39477,10.39762,1.75,1.00
2018.04.19 03:10:25.749,10.39438,10.3976,1.75,1.00
2018.04.19 03:10:25.960,10.3945,10.3974,1.37,1.00
2018.04.19 03:10:26.267,10.39474,10.39762,1.50,1.00
2018.04.19 03:10:27.751,10.39474,10.39762,1.37,1.00
2018.04.19 03:10:32.166,10.39474,10.39762,1.50,1.00
2018.04.19 03:11:05.366,10.39474,10.39762,1.00,1.00
2018.04.19 03:11:05.418,10.39442,10.39761,1.75,1.00
2018.04.19 03:11:05.601,10.39474,10.39762,1.00,1.00
2018.04.19 03:11:05.768,10.39442,10.39759,1.75,1.00
2018.04.19 03:11:05.992,10.39451,10.39739,1.37,1.00
2018.04.19 03:11:06.114,10.39474,10.39762,1.00,1.00
2018.04.19 03:11:06.710,10.39474,10.39762,1.37,1.00
2018.04.19 03:12:06.259,10.39467,10.39781,1.75,1.00
2018.04.19 03:12:15.232,10.39467,10.3978,1.75,1.00
2018.04.19 03:12:25.885,10.39467,10.39783,1.75,1.00
2018.04.19 03:12:40.894,10.39467,10.3978,1.75,1.00
2018.04.19 03:12:45.338,10.39467,10.39782,1.75,1.00
2018.04.19 03:12:51.423,10.39436,10.39782,1.00,1.00
2018.04.19 03:12:55.893,10.39439,10.39783,1.00,1.00
2018.04.19 03:13:00.366,10.39438,10.39782,1.00,1.00
2018.04.19 03:13:11.026,10.39434,10.3978,1.00,1.00
2018.04.19 03:13:25.954,10.39438,10.39782,1.00,1.00
2018.04.19 03:13:32.588,10.39437,10.39781,1.00,1.00
2018.04.19 03:13:40.984,10.39436,10.3978,1.00,1.00
2018.04.19 03:13:41.734,10.39436,10.39762,1.00,1.00
2018.04.19 03:13:42.037,10.39474,10.39762,1.00,1.00
2018.04.19 03:13:45.107,10.39474,10.39762,1.37,1.00
2018.04.19 03:14:41.773,10.39467,10.39783,1.75,1.00
2018.04.19 03:14:45.413,10.39439,10.39783,1.00,1.00
2018.04.19 03:14:56.134,10.39438,10.39782,1.00,1.00
2018.04.19 03:15:03.963,10.39469,10.39782,1.75,1.00
2018.04.19 03:15:09.908,10.39467,10.39797,1.75,1.60
2018.04.19 03:15:09.960,10.39467,10.39785,1.75,1.00
2018.04.19 03:15:10.871,10.39469,10.39774,1.75,1.00
2018.04.19 03:15:11.872,10.39469,10.39785,1.75,1.00
2018.04.19 03:15:12.873,10.39469,10.39792,1.75,1.00
2018.04.19 03:15:12.924,10.39469,10.39774,1.75,1.00
2018.04.19 03:15:12.975,10.39469,10.39788,1.75,1.00
2018.04.19 03:15:13.857,10.39469,10.39775,1.75,1.00
2018.04.19 03:15:14.968,10.39467,10.39788,1.75,1.00
2018.04.19 03:15:15.159,10.39467,10.39774,1.75,1.00
2018.04.19 03:15:24.465,10.39467,10.39788,1.75,1.00
2018.04.19 03:15:26.194,10.39467,10.39781,1.75,1.00
2018.04.19 03:15:54.843,10.39467,10.3976,1.75,1.00
2018.04.19 03:15:54.946,10.39474,10.39762,1.37,1.00
2018.04.19 03:16:12.391,10.39466,10.39765,1.75,1.00
2018.04.19 03:16:12.442,10.39479,10.39767,1.37,1.00
2018.04.19 03:16:13.434,10.39479,10.39767,1.37,1.00
2018.04.19 03:16:26.939,10.39466,10.39765,1.75,1.00
2018.04.19 03:16:26.990,10.39479,10.39767,1.37,1.00
2018.04.19 03:16:27.041,10.39466,10.39765,1.75,1.00
2018.04.19 03:16:27.357,10.39466,10.39744,1.75,1.00
2018.04.19 03:16:27.605,10.39479,10.39767,1.37,1.00
2018.04.19 03:16:27.656,10.39466,10.39744,1.75,1.00
2018.04.19 03:16:31.858,10.39465,10.39744,1.75,1.00
2018.04.19 03:16:35.323,10.39465,10.39773,1.75,1.00
2018.04.19 03:16:35.477,10.39465,10.39745,1.75,1.00
2018.04.19 03:16:36.167,10.39465,10.39763,1.75,1.00
2018.04.19 03:16:36.426,10.39465,10.39744,1.75,1.00
2018.04.19 03:16:36.478,10.39479,10.39766,1.37,1.00
2018.04.19 03:16:36.529,10.39465,10.39745,1.75,1.00
2018.04.19 03:16:36.843,10.39479,10.39767,1.37,1.00
2018.04.19 03:16:36.956,10.39465,10.39744,1.75,1.00
2018.04.19 03:16:37.247,10.39479,10.39767,1.37,1.00
2018.04.19 03:16:37.299,10.39465,10.39744,1.75,1.00
2018.04.19 03:16:39.327,10.39468,10.39744,1.75,1.00
2018.04.19 03:16:46.342,10.39468,10.39789,1.75,1.50
2018.04.19 03:16:46.393,10.39468,10.39769,1.75,1.00
2018.04.19 03:16:46.718,10.39479,10.39767,1.37,1.00
2018.04.19 03:16:50.425,10.39479,10.39758,1.37,1.00
2018.04.19 03:16:50.477,10.39479,10.39767,1.37,1.00
2018.04.19 03:16:51.543,10.39479,10.39766,1.37,1.00
2018.04.19 03:16:52.061,10.39479,10.39767,1.37,1.00
2018.04.19 03:16:55.719,10.39468,10.39766,1.75,1.00
2018.04.19 03:16:56.328,10.39479,10.39767,1.37,1.00
2018.04.19 03:16:57.113,10.39479,10.39767,1.37,1.00
2018.04.19 03:16:59.812,10.39479,10.39767,1.37,1.00
2018.04.19 03:17:17.776,10.39479,10.39767,1.37,1.00
2018.04.19 03:17:19.278,10.39479,10.39767,1.37,1.00
2018.04.19 03:17:20.987,10.39479,10.39767,1.37,1.00
2018.04.19 03:17:29.339,10.39479,10.39767,1.37,1.00
2018.04.19 03:17:31.717,10.39479,10.39767,1.37,1.00
2018.04.19 03:17:46.536,10.39479,10.39767,1.37,1.00
2018.04.19 03:17:47.910,10.39479,10.39767,1.37,1.00
2018.04.19 03:17:50.191,10.39479,10.39767,1.37,1.00
2018.04.19 03:17:57.149,10.3947,10.39779,1.75,1.00
2018.04.19 03:18:04.569,10.3947,10.39766,1.75,1.00
2018.04.19 03:18:05.093,10.39479,10.39767,1.37,1.00
2018.04.19 03:18:08.083,10.3947,10.39766,1.75,1.00
2018.04.19 03:18:08.741,10.39479,10.39767,1.37,1.00
2018.04.19 03:18:10.555,10.3947,10.39766,1.75,1.00
2018.04.19 03:18:11.323,10.39479,10.39767,1.37,1.00
2018.04.19 03:18:11.491,10.39479,10.39767,1.37,1.00
2018.04.19 03:18:13.889,10.39479,10.39767,1.37,1.00
2018.04.19 03:18:21.248,10.39479,10.39767,1.37,1.00
2018.04.19 03:18:22.499,10.39479,10.39767,1.37,1.00
2018.04.19 03:18:23.675,10.39479,10.39767,2.25,1.00
2018.04.19 03:18:25.203,10.39479,10.39767,1.37,1.00
2018.04.19 03:18:25.758,10.39491,10.39784,1.37,1.00
2018.04.19 03:18:25.809,10.39507,10.39837,1.75,1.37
2018.04.19 03:18:25.912,10.39541,10.39844,1.75,1.06
2018.04.19 03:18:26.218,10.39613,10.39964,1.75,1.00
2018.04.19 03:18:26.270,10.39648,10.39964,1.75,1.00
2018.04.19 03:18:26.321,10.39648,10.40007,1.75,1.00
2018.04.19 03:18:26.476,10.39685,10.40052,1.75,1.00
2018.04.19 03:18:26.531,10.39719,10.40084,1.75,1.00
2018.04.19 03:18:26.582,10.39719,10.4009,1.75,1.00
2018.04.19 03:18:27.785,10.39739,10.4009,1.75,1.00
2018.04.19 03:18:29.313,10.39745,10.4009,1.75,1.00
2018.04.19 03:18:29.364,10.39745,10.40111,1.75,1.00
2018.04.19 03:18:30.224,10.39745,10.40073,1.75,1.00
2018.04.19 03:18:30.763,10.39759,10.40073,1.75,1.00
2018.04.19 03:18:30.978,10.39759,10.40077,1.75,1.00
2018.04.19 03:18:41.584,10.39759,10.40076,1.75,1.00
2018.04.19 03:18:46.007,10.39759,10.40077,1.75,1.00
2018.04.19 03:18:56.624,10.39759,10.40083,1.75,1.00
2018.04.19 03:19:01.197,10.39759,10.40079,1.75,1.00
2018.04.19 03:19:11.673,10.39759,10.40077,1.75,1.00
2018.04.19 03:19:30.794,10.39691,10.40077,1.00,1.00
2018.04.19 03:19:31.098,10.39691,10.40079,1.00,1.00
2018.04.19 03:19:41.535,10.39755,10.40079,1.75,1.00
2018.04.19 03:19:41.737,10.39755,10.40082,1.75,1.00
2018.04.19 03:19:45.253,10.39756,10.40082,1.75,1.00
2018.04.19 03:19:46.128,10.39756,10.40084,1.75,1.00
2018.04.19 03:19:46.585,10.39726,10.40084,1.50,1.00
2018.04.19 03:19:46.994,10.39716,10.40084,1.75,1.00
2018.04.19 03:19:48.321,10.39754,10.40084,1.75,1.00
2018.04.19 03:19:56.784,10.39754,10.40077,1.75,1.00
2018.04.19 03:19:58.438,10.39755,10.40077,1.75,1.00
2018.04.19 03:20:01.208,10.39755,10.40078,1.75,1.00
2018.04.19 03:20:26.794,10.39755,10.40076,1.75,1.00
2018.04.19 03:20:37.412,10.39753,10.40076,1.75,1.00
2018.04.19 03:20:41.860,10.39753,10.40073,1.75,1.00
2018.04.19 03:20:56.948,10.39753,10.4007,1.75,1.00
2018.04.19 03:21:01.327,10.39753,10.40072,1.75,1.00
2018.04.19 03:21:11.884,10.39753,10.40069,1.75,1.00
2018.04.19 03:21:16.328,10.39753,10.40072,1.75,1.00
2018.04.19 03:21:26.964,10.39753,10.40069,1.75,1.00
2018.04.19 03:21:37.613,10.39676,10.40069,1.00,1.00
2018.04.19 03:21:50.314,10.3966,10.40069,1.00,1.00
2018.04.19 03:21:56.973,10.39661,10.40069,1.00,1.00
2018.04.19 03:21:57.024,10.39661,10.40071,1.00,1.00
2018.04.19 03:21:59.983,10.39676,10.40071,1.00,1.00
2018.04.19 03:22:00.520,10.39728,10.40071,1.75,1.00
2018.04.19 03:22:01.300,10.39754,10.40071,1.75,1.00
2018.04.19 03:22:12.005,10.39754,10.40072,1.75,1.00
2018.04.19 03:22:16.428,10.39754,10.40075,1.75,1.00
2018.04.19 03:22:27.064,10.39754,10.40068,1.75,1.00
2018.04.19 03:22:31.508,10.39753,10.40066,1.75,1.00
2018.04.19 03:22:46.489,10.39753,10.40072,1.75,1.00
2018.04.19 03:22:49.047,10.39712,10.40072,1.75,1.00
2018.04.19 03:22:49.099,10.39712,10.40051,1.75,1.00
2018.04.19 03:22:54.876,10.39661,10.40051,1.50,1.00
2018.04.19 03:22:54.979,10.39657,10.40051,1.75,1.00
2018.04.19 03:22:55.423,10.39658,10.40045,1.75,1.00
2018.04.19 03:22:56.615,10.39692,10.40045,1.75,1.00
2018.04.19 03:22:57.238,10.39692,10.40041,1.75,1.00
2018.04.19 03:23:01.520,10.39697,10.40046,1.75,1.00
2018.04.19 03:23:03.860,10.39692,10.40046,1.75,1.00
2018.04.19 03:23:04.929,10.39691,10.40046,1.75,1.00
2018.04.19 03:23:12.124,10.39691,10.40035,1.75,1.00
2018.04.19 03:23:16.598,10.39691,10.40032,1.75,1.00
2018.04.19 03:23:21.324,10.39687,10.40032,1.75,1.00
2018.04.19 03:23:21.376,10.39668,10.40032,1.75,1.00
2018.04.19 03:23:23.668,10.39678,10.40032,1.75,1.00
2018.04.19 03:23:27.249,10.39678,10.40026,1.75,1.00
2018.04.19 03:23:31.423,10.39673,10.40026,1.75,1.00
2018.04.19 03:23:31.577,10.39673,10.4002,1.75,1.00
2018.04.19 03:23:34.786,10.39671,10.4002,1.75,1.00
2018.04.19 03:23:36.110,10.39674,10.4002,1.75,1.00
2018.04.19 03:23:38.037,10.3967,10.4002,1.75,1.00
2018.04.19 03:23:42.184,10.3967,10.40019,1.75,1.00
2018.04.19 03:23:43.499,10.39673,10.40019,1.75,1.00
2018.04.19 03:23:46.658,10.39673,10.4002,1.75,1.00
2018.04.19 03:24:01.741,10.39673,10.40022,1.75,1.00
2018.04.19 03:24:01.794,10.39668,10.40022,1.75,1.00
2018.04.19 03:24:12.294,10.39668,10.40019,1.75,1.00
2018.04.19 03:24:16.668,10.39668,10.4002,1.75,1.00
2018.04.19 03:24:19.083,10.39676,10.4002,1.75,1.00
2018.04.19 03:24:27.274,10.39676,10.40029,1.75,1.00
2018.04.19 03:24:31.002,10.39677,10.40029,1.75,1.00
2018.04.19 03:24:41.081,10.39675,10.40029,1.75,1.00
2018.04.19 03:24:42.355,10.39675,10.40024,1.75,1.00
2018.04.19 03:24:43.397,10.39673,10.40024,1.75,1.00
2018.04.19 03:24:45.702,10.39672,10.40024,1.75,1.00
2018.04.19 03:24:46.778,10.39672,10.40026,1.75,1.00
2018.04.19 03:24:47.901,10.39674,10.40026,1.75,1.00
2018.04.19 03:24:55.090,10.39673,10.40026,1.75,1.00
2018.04.19 03:24:57.384,10.39673,10.40025,1.75,1.00
2018.04.19 03:25:00.846,10.39672,10.40025,1.75,1.00
2018.04.19 03:25:01.234,10.39635,10.40025,1.75,1.00
2018.04.19 03:25:01.285,10.39645,10.40025,1.75,1.00
2018.04.19 03:25:01.810,10.39645,10.40021,1.75,1.00
2018.04.19 03:25:04.385,10.39671,10.40021,1.75,1.00
2018.04.19 03:25:10.191,10.39675,10.40021,1.75,1.00
2018.04.19 03:25:12.399,10.39675,10.40029,1.75,1.00
2018.04.19 03:25:13.680,10.39678,10.40029,1.75,1.00
2018.04.19 03:25:16.788,10.39678,10.4003,1.75,1.00
2018.04.19 03:25:25.909,10.39675,10.4003,1.75,1.00
2018.04.19 03:25:27.444,10.39675,10.4002,1.75,1.00
2018.04.19 03:25:28.707,10.39667,10.4002,1.75,1.00
2018.04.19 03:25:31.869,10.39667,10.40017,1.75,1.00
2018.04.19 03:25:39.051,10.39623,10.40017,1.37,1.00
2018.04.19 03:25:39.182,10.39656,10.40017,1.75,1.00
2018.04.19 03:25:42.424,10.39656,10.4001,1.75,1.00
2018.04.19 03:25:43.632,10.39661,10.4001,1.75,1.00
2018.04.19 03:25:46.848,10.39661,10.40018,1.75,1.00
2018.04.19 03:25:49.208,10.39668,10.40018,1.75,1.00
2018.04.19 03:25:50.988,10.39663,10.40018,1.75,1.00
2018.04.19 03:25:57.454,10.39663,10.40014,1.75,1.00
2018.04.19 03:26:07.177,10.39662,10.40014,1.75,1.00
2018.04.19 03:26:09.089,10.39625,10.40014,1.37,1.00
2018.04.19 03:26:09.192,10.39625,10.40014,1.75,1.00
2018.04.19 03:26:09.419,10.39663,10.40014,1.75,1.00
2018.04.19 03:26:12.484,10.39663,10.40016,1.75,1.00
2018.04.19 03:26:12.972,10.39666,10.40016,1.75,1.00
2018.04.19 03:26:15.458,10.39654,10.40016,1.75,1.00
2018.04.19 03:26:16.958,10.39654,10.40014,1.75,1.00
2018.04.19 03:26:17.860,10.3966,10.40014,1.75,1.00
2018.04.19 03:26:30.142,10.39659,10.40014,1.75,1.00
2018.04.19 03:26:31.938,10.39659,10.40012,1.75,1.00
2018.04.19 03:26:47.018,10.39659,10.40009,1.75,1.00
2018.04.19 03:26:48.882,10.39659,10.40008,1.75,1.00
2018.04.19 03:26:50.598,10.3966,10.40004,1.75,1.00
2018.04.19 03:26:51.327,10.3966,10.40004,1.37,1.00
2018.04.19 03:26:57.574,10.39658,10.40002,1.37,1.00
2018.04.19 03:27:02.484,10.39658,10.40002,1.37,1.00
2018.04.19 03:27:04.665,10.39658,10.40002,1.37,1.00
2018.04.19 03:27:05.909,10.3967,10.40014,1.37,1.00
2018.04.19 03:27:10.142,10.3967,10.40014,1.37,1.00
2018.04.19 03:27:12.698,10.39669,10.40013,1.37,1.00
2018.04.19 03:27:17.078,10.39671,10.40015,1.37,1.00
2018.04.19 03:27:18.424,10.39671,10.40015,1.37,1.00
2018.04.19 03:27:22.442,10.39671,10.40015,1.37,1.00
2018.04.19 03:27:27.633,10.39668,10.40012,1.37,1.00
2018.04.19 03:27:28.990,10.39668,10.40012,1.37,1.00
2018.04.19 03:27:30.141,10.39668,10.40012,1.37,1.00
2018.04.19 03:27:45.912,10.39668,10.40012,1.37,1.00
2018.04.19 03:27:47.093,10.39667,10.40011,1.37,1.00
2018.04.19 03:27:50.090,10.39667,10.40011,1.37,1.00
2018.04.19 03:27:50.202,10.39659,10.40002,1.75,1.00
2018.04.19 03:27:50.668,10.39659,10.39995,1.75,1.00
2018.04.19 03:27:50.964,10.39661,10.40005,1.75,1.00
2018.04.19 03:27:52.136,10.39661,10.40005,1.37,1.00
2018.04.19 03:27:57.694,10.39656,10.4,1.37,1.00
2018.04.19 03:27:59.053,10.39656,10.4,1.37,1.00
2018.04.19 03:28:00.235,10.39656,10.4,1.37,1.00
2018.04.19 03:28:02.168,10.39657,10.40001,1.37,1.00
2018.04.19 03:28:02.902,10.39657,10.40001,1.37,1.00
2018.04.19 03:28:08.531,10.39657,10.40001,1.37,1.00
2018.04.19 03:28:10.135,10.39663,10.40001,1.50,1.00
2018.04.19 03:28:12.724,10.39663,10.40004,1.50,1.00
2018.04.19 03:28:12.979,10.39668,10.40004,1.75,1.00
2018.04.19 03:28:17.148,10.39668,10.40006,1.75,1.00
2018.04.19 03:28:23.368,10.39665,10.40006,1.75,1.00
2018.04.19 03:28:25.267,10.39676,10.40015,1.75,1.00
2018.04.19 03:28:27.812,10.39676,10.40013,1.75,1.00
2018.04.19 03:28:29.074,10.39685,10.40013,1.75,1.00
2018.04.19 03:28:30.192,10.39681,10.40013,1.75,1.00
2018.04.19 03:28:31.670,10.39681,10.40006,1.75,1.00
2018.04.19 03:28:32.200,10.39681,10.40012,1.75,1.00
2018.04.19 03:28:33.759,10.39674,10.40012,1.75,1.00
2018.04.19 03:28:36.290,10.39682,10.40012,1.75,1.00
2018.04.19 03:28:37.525,10.39677,10.40012,1.75,1.00
2018.04.19 03:28:40.176,10.39676,10.40012,1.75,1.00
2018.04.19 03:28:42.784,10.39676,10.40017,1.75,1.00
2018.04.19 03:28:43.442,10.39689,10.40022,1.75,1.00
2018.04.19 03:28:50.188,10.39691,10.40022,1.75,1.00
2018.04.19 03:28:52.959,10.39691,10.40028,1.75,1.00
2018.04.19 03:28:53.473,10.39692,10.40028,1.75,1.00
2018.04.19 03:28:54.909,10.39691,10.40028,1.75,1.00
2018.04.19 03:28:57.817,10.39691,10.40027,1.75,1.00
2018.04.19 03:28:59.129,10.39692,10.40027,1.75,1.00
2018.04.19 03:29:02.238,10.39692,10.40029,1.75,1.00
2018.04.19 03:29:07.562,10.39695,10.40029,1.75,1.00
2018.04.19 03:29:10.143,10.39692,10.40029,1.75,1.00
2018.04.19 03:29:12.844,10.39692,10.40028,1.75,1.00
2018.04.19 03:29:13.520,10.39695,10.40028,1.75,1.00
2018.04.19 03:29:17.387,10.39695,10.40029,1.75,1.00
2018.04.19 03:29:21.483,10.397,10.40029,1.75,1.00
2018.04.19 03:29:27.873,10.397,10.4003,1.75,1.00
2018.04.19 03:29:47.378,10.397,10.40031,1.75,1.00
2018.04.19 03:29:49.719,10.39701,10.40031,1.75,1.00
2018.04.19 03:29:52.758,10.397,10.40031,1.75,1.00
2018.04.19 03:29:54.124,10.39698,10.40031,1.75,1.00
2018.04.19 03:29:55.472,10.39704,10.40031,1.75,1.00
2018.04.19 03:29:58.202,10.39687,10.40031,1.00,1.00
2018.04.19 03:29:58.253,10.39687,10.40031,1.37,1.00
2018.04.19 03:29:58.406,10.39687,10.40031,1.37,1.00
2018.04.19 03:29:58.748,10.39695,10.40031,1.75,1.00
2018.04.19 03:30:01.695,10.39687,10.40031,1.75,1.00
2018.04.19 03:30:02.408,10.39686,10.40027,1.75,1.00
2018.04.19 03:30:05.902,10.39695,10.40027,1.75,1.00
2018.04.19 03:30:07.248,10.39683,10.40027,1.37,1.00
2018.04.19 03:30:07.458,10.39683,10.40027,1.37,1.00
2018.04.19 03:30:07.509,10.39683,10.40027,1.37,1.00
2018.04.19 03:30:07.560,10.39683,10.40027,1.37,1.00
2018.04.19 03:30:09.556,10.39694,10.40027,1.75,1.00
2018.04.19 03:30:10.708,10.39687,10.40027,1.75,1.00
2018.04.19 03:30:13.182,10.39687,10.40024,1.75,1.00
2018.04.19 03:30:14.323,10.39684,10.40024,1.75,1.00
2018.04.19 03:30:16.864,10.3968,10.40024,1.75,1.00
2018.04.19 03:30:17.388,10.39687,10.40031,1.75,1.00
2018.04.19 03:30:18.176,10.39687,10.40031,1.50,1.00
2018.04.19 03:30:18.794,10.39684,10.40017,1.75,1.00
2018.04.19 03:30:23.570,10.39687,10.40017,1.75,1.00
2018.04.19 03:30:24.869,10.3968,10.40017,1.75,1.00
2018.04.19 03:30:24.971,10.39685,10.40029,1.75,1.00
2018.04.19 03:30:26.983,10.39686,10.40029,1.75,1.00
2018.04.19 03:30:27.770,10.39686,10.40019,1.75,1.00
2018.04.19 03:30:27.823,10.39685,10.40029,1.50,1.00
2018.04.19 03:30:28.038,10.39679,10.40021,1.75,1.00
2018.04.19 03:30:29.099,10.39679,10.40017,1.75,1.00
2018.04.19 03:30:32.467,10.39682,10.40021,1.75,1.00
2018.04.19 03:30:33.126,10.39684,10.40021,1.75,1.00
2018.04.19 03:30:43.074,10.39684,10.40022,1.75,1.00
2018.04.19 03:30:47.498,10.39684,10.4002,1.75,1.00
2018.04.19 03:30:49.869,10.39682,10.4002,1.75,1.00
2018.04.19 03:31:02.491,10.39682,10.40023,1.75,1.00
2018.04.19 03:31:03.575,10.39684,10.40023,1.75,1.00
2018.04.19 03:31:05.915,10.3969,10.40023,1.75,1.00
2018.04.19 03:31:08.886,10.39693,10.40023,1.75,1.00
2018.04.19 03:31:09.076,10.39693,10.40032,1.75,1.00
2018.04.19 03:31:12.239,10.39687,10.40031,1.75,1.00
2018.04.19 03:31:13.120,10.39688,10.40032,1.75,1.00
2018.04.19 03:31:13.353,10.39699,10.40032,1.75,1.00
2018.04.19 03:31:15.297,10.39695,10.40032,1.75,1.00
2018.04.19 03:31:17.558,10.39695,10.40028,1.75,1.00
2018.04.19 03:31:18.260,10.39691,10.40028,1.75,1.00
2018.04.19 03:31:25.302,10.39697,10.40043,1.50,1.00
2018.04.19 03:31:25.539,10.39694,10.40017,1.75,1.00
2018.04.19 03:31:26.458,10.39679,10.40006,1.75,1.00
2018.04.19 03:31:28.104,10.39679,10.40018,1.75,1.00
2018.04.19 03:31:29.475,10.39681,10.40018,1.75,1.00
2018.04.19 03:31:42.251,10.39679,10.40018,1.75,1.00
2018.04.19 03:31:43.144,10.39679,10.40016,1.75,1.00
2018.04.19 03:31:59.379,10.39679,10.40015,1.75,1.00
2018.04.19 03:32:12.938,10.39684,10.40015,1.75,1.00
2018.04.19 03:32:13.255,10.39684,10.40019,1.75,1.00
2018.04.19 03:32:15.717,10.39689,10.40019,1.75,1.00
2018.04.19 03:32:17.664,10.39689,10.40018,1.75,1.00
2018.04.19 03:32:18.882,10.39685,10.40018,1.75,1.00
2018.04.19 03:32:20.008,10.3968,10.40018,1.75,1.00
2018.04.19 03:32:21.330,10.39679,10.40018,1.75,1.00
2018.04.19 03:32:28.284,10.39679,10.40016,1.75,1.00
2018.04.19 03:32:43.314,10.39679,10.40017,1.75,1.00
2018.04.19 03:32:47.239,10.39684,10.40028,1.37,1.00
2018.04.19 03:32:47.739,10.39679,10.40013,1.75,1.00
2018.04.19 03:32:48.408,10.39676,10.40013,1.75,1.00
2018.04.19 03:32:49.719,10.39678,10.40013,1.75,1.00
2018.04.19 03:32:52.617,10.39666,10.39993,1.75,1.00
2018.04.19 03:32:55.460,10.39662,10.39993,1.75,1.00
2018.04.19 03:32:58.294,10.39662,10.4,1.75,1.00
2018.04.19 03:33:06.572,10.39665,10.4,1.75,1.00
2018.04.19 03:33:13.382,10.39665,10.40007,1.75,1.00
2018.04.19 03:33:28.404,10.39665,10.40005,1.75,1.00
2018.04.19 03:33:31.220,10.39665,10.39992,1.75,1.00
2018.04.19 03:33:31.276,10.39674,10.40018,1.37,1.00
2018.04.19 03:33:31.327,10.39674,10.40018,1.37,1.00
2018.04.19 03:33:31.378,10.39661,10.40005,1.75,1.00
2018.04.19 03:33:31.481,10.39649,10.39993,1.37,1.00
2018.04.19 03:33:31.533,10.39667,10.39993,1.75,1.00
2018.04.19 03:33:32.080,10.39666,10.39993,1.75,1.00
2018.04.19 03:33:32.828,10.39666,10.40003,1.75,1.00
2018.04.19 03:33:36.214,10.39673,10.40017,1.37,1.00
2018.04.19 03:33:36.331,10.39673,10.40017,1.50,1.00
2018.04.19 03:33:39.233,10.39681,10.40017,1.75,1.00
2018.04.19 03:33:43.435,10.39681,10.40016,1.75,1.00
2018.04.19 03:33:49.115,10.3968,10.40016,1.75,1.00
2018.04.19 03:33:50.143,10.39681,10.40016,1.75,1.00
2018.04.19 03:33:51.248,10.3968,10.40016,1.75,1.00
2018.04.19 03:33:54.104,10.39685,10.40016,1.75,1.00
2018.04.19 03:33:54.206,10.39685,10.40028,1.75,1.00
2018.04.19 03:33:55.948,10.39684,10.40028,1.75,1.00
2018.04.19 03:33:57.436,10.39688,10.40028,1.75,1.00
2018.04.19 03:33:58.413,10.39688,10.40026,1.75,1.00
2018.04.19 03:33:59.086,10.39694,10.40026,1.75,1.00
2018.04.19 03:34:02.838,10.39694,10.40031,1.75,1.00
2018.04.19 03:34:02.889,10.39696,10.40031,1.75,1.00
2018.04.19 03:34:10.142,10.39698,10.40031,1.75,1.00
2018.04.19 03:34:12.959,10.39693,10.40031,1.75,1.00
2018.04.19 03:34:13.494,10.39693,10.40028,1.75,1.00
2018.04.19 03:34:17.919,10.39693,10.40026,1.75,1.00
2018.04.19 03:34:22.957,10.3969,10.40026,1.75,1.00
2018.04.19 03:34:24.200,10.39685,10.40026,1.75,1.00
2018.04.19 03:34:25.511,10.39682,10.40009,1.75,1.00
2018.04.19 03:34:25.961,10.39669,10.40009,1.75,1.00
2018.04.19 03:34:28.489,10.39669,10.40012,1.75,1.00
2018.04.19 03:34:28.622,10.39678,10.40012,1.75,1.00
2018.04.19 03:34:32.897,10.39673,10.40012,1.75,1.00
2018.04.19 03:34:33.719,10.39673,10.40011,1.75,1.00
2018.04.19 03:34:36.540,10.39676,10.40011,1.75,1.00
2018.04.19 03:34:43.554,10.39676,10.40014,1.75,1.00
2018.04.19 03:34:44.819,10.39674,10.40014,1.75,1.00
2018.04.19 03:34:47.965,10.39674,10.4001,1.75,1.00
2018.04.19 03:34:48.725,10.39673,10.4001,1.75,1.00
2018.04.19 03:34:55.704,10.3967,10.4001,1.75,1.00
2018.04.19 03:34:58.561,10.3967,10.40006,1.75,1.00
2018.04.19 03:35:02.958,10.3967,10.40007,1.75,1.00
2018.04.19 03:35:05.914,10.39674,10.40018,1.37,1.00
2018.04.19 03:35:08.769,10.39679,10.40018,1.75,1.00
2018.04.19 03:35:08.821,10.39662,10.40006,1.00,1.00
2018.04.19 03:35:08.891,10.39665,10.40006,1.75,1.00
2018.04.19 03:35:08.994,10.39676,10.4002,1.75,1.00
2018.04.19 03:35:10.194,10.39683,10.4002,1.75,1.00
2018.04.19 03:35:24.673,10.3968,10.4002,1.75,1.00
2018.04.19 03:35:24.915,10.3968,10.40008,1.75,1.00
2018.04.19 03:35:28.640,10.39675,10.40019,1.00,1.00
2018.04.19 03:35:28.693,10.39693,10.40037,1.37,1.00
2018.04.19 03:35:29.920,10.3969,10.40029,1.75,1.00
2018.04.19 03:35:31.704,10.39706,10.40039,1.75,1.00
2018.04.19 03:35:33.030,10.39706,10.40038,1.75,1.00
2018.04.19 03:35:35.437,10.397,10.40038,1.75,1.00
2018.04.19 03:35:37.921,10.39701,10.40038,1.75,1.00
2018.04.19 03:35:41.625,10.39699,10.40038,1.75,1.00
2018.04.19 03:35:43.625,10.39699,10.40035,1.75,1.00
2018.04.19 03:35:44.940,10.397,10.40035,1.75,1.00
2018.04.19 03:35:48.099,10.397,10.40037,1.75,1.00
2018.04.19 03:35:52.219,10.39701,10.40037,1.75,1.00
2018.04.19 03:35:53.887,10.397,10.40037,1.75,1.00
2018.04.19 03:36:02.811,10.39701,10.40037,1.75,1.00
2018.04.19 03:36:10.142,10.39704,10.40037,1.75,1.00
2018.04.19 03:36:13.705,10.39704,10.40043,1.75,1.00
2018.04.19 03:36:18.108,10.39704,10.40045,1.75,1.00
2018.04.19 03:36:25.868,10.39703,10.40045,1.75,1.00
2018.04.19 03:36:28.715,10.39703,10.40046,1.75,1.00
2018.04.19 03:36:33.138,10.39703,10.40045,1.75,1.00
2018.04.19 03:36:34.770,10.39704,10.40045,1.75,1.00
2018.04.19 03:36:40.325,10.39708,10.40045,1.75,1.00
2018.04.19 03:36:42.685,10.39706,10.40045,1.75,1.00
2018.04.19 03:36:43.744,10.39706,10.40041,1.75,1.00
2018.04.19 03:36:45.010,10.39702,10.40041,1.75,1.00
2018.04.19 03:36:46.317,10.39697,10.40041,1.75,1.00
2018.04.19 03:36:48.168,10.39695,10.40037,1.75,1.00
2018.04.19 03:36:50.142,10.39696,10.40037,1.75,1.00
2018.04.19 03:36:53.655,10.39695,10.40037,1.75,1.00
2018.04.19 03:36:57.587,10.39696,10.40037,1.75,1.00
2018.04.19 03:36:58.774,10.39696,10.40035,1.75,1.00
2018.04.19 03:37:00.103,10.39691,10.40035,2.25,1.00
2018.04.19 03:37:03.248,10.39691,10.40033,1.75,1.00
2018.04.19 03:37:11.008,10.3969,10.40033,1.75,1.00
2018.04.19 03:37:13.735,10.39691,10.40033,1.75,1.00
2018.04.19 03:37:14.295,10.39691,10.40032,1.75,1.00
2018.04.19 03:37:20.569,10.39705,10.40032,1.75,1.00
2018.04.19 03:37:23.158,10.39705,10.40042,1.75,1.00
2018.04.19 03:37:23.209,10.39709,10.40042,1.75,1.00
2018.04.19 03:37:23.260,10.39709,10.40052,1.75,1.00
2018.04.19 03:37:23.867,10.39709,10.40053,2.25,1.00
2018.04.19 03:37:25.237,10.39712,10.40053,1.75,1.00
2018.04.19 03:37:28.885,10.39712,10.40047,1.75,1.00
2018.04.19 03:37:33.267,10.39712,10.40048,1.75,1.00
2018.04.19 03:37:43.865,10.39712,10.40047,1.75,1.00
2018.04.19 03:37:48.289,10.39712,10.40043,1.75,1.00
2018.04.19 03:37:50.190,10.39706,10.40043,1.75,1.00
2018.04.19 03:37:53.951,10.39699,10.40043,1.50,1.00
2018.04.19 03:37:58.944,10.39696,10.40038,1.75,1.00
2018.04.19 03:38:03.257,10.39696,10.40017,1.75,1.00
2018.04.19 03:38:03.310,10.39696,10.40028,1.75,1.00
2018.04.19 03:38:06.464,10.39689,10.40028,1.75,1.00
2018.04.19 03:38:13.924,10.39689,10.40025,1.75,1.00
2018.04.19 03:38:33.378,10.39689,10.40024,1.75,1.00
2018.04.19 03:38:43.983,10.39689,10.40025,1.75,1.00
2018.04.19 03:38:53.319,10.3969,10.40025,1.75,1.00
2018.04.19 03:38:55.413,10.39691,10.40025,1.75,1.00
2018.04.19 03:38:59.014,10.39691,10.40028,1.75,1.00
2018.04.19 03:39:14.094,10.39691,10.40027,1.75,1.00
2018.04.19 03:39:35.962,10.39681,10.40027,1.00,1.00
2018.04.19 03:39:36.064,10.39695,10.40039,1.75,1.00
2018.04.19 03:39:36.372,10.39695,10.40039,1.37,1.00
2018.04.19 03:39:39.973,10.39704,10.40039,1.75,1.00
2018.04.19 03:39:42.749,10.39704,10.40027,1.75,1.00
2018.04.19 03:39:42.803,10.39698,10.40027,1.75,1.00
2018.04.19 03:39:44.104,10.39698,10.40033,1.75,1.00
2018.04.19 03:39:45.388,10.39699,10.40033,1.75,1.00
2018.04.19 03:39:53.950,10.39694,10.40033,1.75,1.00
2018.04.19 03:39:55.172,10.39689,10.40033,1.50,1.00
2018.04.19 03:39:59.179,10.39686,10.40027,1.75,1.00
2018.04.19 03:40:09.854,10.39683,10.40027,1.37,1.00
2018.04.19 03:40:12.944,10.39686,10.40027,1.75,1.00
2018.04.19 03:40:20.001,10.39687,10.40027,1.75,1.00
2018.04.19 03:40:22.461,10.39694,10.40027,1.75,1.00
2018.04.19 03:40:23.797,10.39693,10.40027,1.75,1.00
2018.04.19 03:40:25.910,10.39694,10.40027,1.75,1.00
2018.04.19 03:40:29.245,10.39694,10.4003,1.75,1.00
2018.04.19 03:40:31.404,10.39686,10.4003,1.75,1.00
2018.04.19 03:40:31.456,10.39684,10.4003,1.75,1.00
2018.04.19 03:40:32.530,10.39684,10.4003,1.75,1.00
2018.04.19 03:40:33.669,10.39683,10.4002,1.75,1.00
2018.04.19 03:40:33.975,10.39685,10.4002,1.75,1.00
2018.04.19 03:40:38.938,10.39685,10.40018,1.75,1.00
2018.04.19 03:40:39.269,10.3968,10.40018,1.75,1.00
2018.04.19 03:40:44.270,10.3968,10.40016,1.75,1.00
2018.04.19 03:40:48.648,10.3968,10.40012,1.75,1.00
2018.04.19 03:40:56.276,10.39678,10.40012,1.75,1.00
2018.04.19 03:40:56.328,10.39659,10.40003,1.00,1.00
2018.04.19 03:40:56.380,10.39659,10.40002,1.75,1.00
2018.04.19 03:40:59.011,10.3967,10.40002,1.75,1.00
2018.04.19 03:40:59.254,10.3967,10.40008,1.75,1.00
2018.04.19 03:41:17.554,10.39673,10.40008,1.75,1.00
2018.04.19 03:41:18.758,10.39673,10.40009,1.75,1.00
2018.04.19 03:41:19.506,10.39674,10.40009,1.75,1.00
2018.04.19 03:41:29.364,10.39674,10.40008,1.75,1.00
2018.04.19 03:41:33.788,10.39674,10.40009,1.75,1.00
2018.04.19 03:41:44.344,10.39674,10.40008,1.75,1.00
2018.04.19 03:41:45.651,10.3967,10.40008,1.75,1.00
2018.04.19 03:41:46.825,10.39669,10.40008,1.75,1.00
2018.04.19 03:41:53.966,10.3967,10.40008,1.75,1.00
2018.04.19 03:42:02.038,10.39669,10.40008,1.75,1.00
2018.04.19 03:42:07.238,10.3967,10.40008,1.75,1.00
2018.04.19 03:42:10.147,10.39672,10.40008,1.75,1.00
2018.04.19 03:42:11.892,10.39673,10.40008,1.75,1.00
2018.04.19 03:42:13.097,10.39672,10.40008,1.75,1.00
2018.04.19 03:42:14.455,10.39672,10.40011,1.75,1.00
2018.04.19 03:42:22.067,10.39677,10.40011,1.75,1.00
2018.04.19 03:42:23.632,10.39676,10.40011,1.75,1.00
2018.04.19 03:42:27.227,10.39675,10.40011,1.75,1.00
2018.04.19 03:42:29.485,10.39675,10.40015,1.75,1.00
2018.04.19 03:42:33.508,10.39682,10.40026,1.37,1.00
2018.04.19 03:42:33.560,10.39682,10.40026,1.37,1.00
2018.04.19 03:42:33.612,10.39689,10.40032,1.75,1.00
2018.04.19 03:42:34.010,10.39691,10.40032,1.75,1.00
2018.04.19 03:42:37.591,10.39695,10.40032,1.75,1.00
2018.04.19 03:42:39.433,10.39691,10.40032,1.75,1.00
2018.04.19 03:42:47.748,10.3969,10.40032,1.75,1.00
2018.04.19 03:42:48.939,10.3969,10.40031,1.75,1.00
2018.04.19 03:42:50.193,10.39691,10.40031,1.75,1.00
2018.04.19 03:43:14.551,10.39691,10.40028,1.75,1.00
2018.04.19 03:43:15.803,10.39689,10.40028,1.75,1.00
2018.04.19 03:43:29.554,10.39689,10.40025,1.75,1.00
2018.04.19 03:43:34.032,10.39689,10.40028,1.75,1.00
2018.04.19 03:43:49.058,10.39689,10.40026,1.75,1.00
2018.04.19 03:44:14.694,10.39689,10.40028,1.75,1.00
2018.04.19 03:44:19.093,10.39689,10.40027,1.75,1.00
2018.04.19 03:44:19.739,10.39688,10.40027,1.75,1.00
2018.04.19 03:44:20.889,10.39689,10.40027,1.75,1.00
2018.04.19 03:44:23.891,10.39686,10.40027,1.75,1.00
2018.04.19 03:44:25.017,10.39683,10.40027,1.75,1.00
2018.04.19 03:44:29.711,10.39682,10.40022,1.75,1.00
2018.04.19 03:44:34.098,10.39682,10.40019,1.75,1.00
2018.04.19 03:44:34.753,10.39679,10.40019,1.75,1.00
2018.04.19 03:44:49.178,10.39679,10.40018,1.75,1.00
2018.04.19 03:44:55.540,10.39682,10.40018,1.75,1.00
2018.04.19 03:44:59.743,10.39682,10.40019,1.75,1.00
2018.04.19 03:45:08.715,10.39683,10.40019,1.75,1.00
2018.04.19 03:45:13.327,10.39681,10.40019,1.75,1.00
2018.04.19 03:45:16.072,10.39678,10.40019,1.75,1.00
2018.04.19 03:45:29.296,10.39675,10.40019,2.25,1.00
2018.04.19 03:45:29.844,10.39675,10.40018,1.75,1.00
2018.04.19 03:45:35.419,10.39674,10.40018,2.25,1.00
2018.04.19 03:45:41.800,10.39674,10.40006,1.75,1.00
2018.04.19 03:45:45.029,10.39669,10.40006,1.75,1.00
2018.04.19 03:45:45.908,10.39673,10.40017,1.37,1.00
2018.04.19 03:45:49.248,10.3967,10.40014,1.75,1.00
2018.04.19 03:45:49.913,10.39675,10.40014,1.75,1.00
2018.04.19 03:45:50.890,10.39681,10.40025,1.37,1.00
2018.04.19 03:45:51.665,10.39681,10.40025,1.50,1.00
2018.04.19 03:45:52.804,10.39681,10.40025,2.25,1.00
2018.04.19 03:45:54.975,10.39683,10.40025,1.75,1.00
2018.04.19 03:45:59.855,10.39683,10.4002,1.75,1.00
2018.04.19 03:46:14.924,10.39683,10.40019,1.75,1.00
2018.04.19 03:46:23.877,10.39683,10.40008,1.75,1.00
2018.04.19 03:46:24.102,10.39683,10.40018,1.75,1.00
2018.04.19 03:46:29.914,10.39683,10.40019,1.75,1.00
2018.04.19 03:46:30.098,10.39679,10.40019,1.75,1.00
2018.04.19 03:46:34.338,10.39679,10.40014,1.75,1.00
2018.04.19 03:46:36.708,10.39672,10.40009,1.75,1.00
2018.04.19 03:46:36.760,10.39672,10.40003,1.75,1.00
2018.04.19 03:46:37.001,10.39673,10.40017,1.75,1.00
2018.04.19 03:46:38.032,10.39673,10.40017,1.00,1.00
2018.04.19 03:46:41.464,10.39665,10.40009,1.00,1.00
2018.04.19 03:46:44.991,10.39668,10.40012,1.00,1.00
2018.04.19 03:46:45.993,10.3966,10.40004,1.00,1.00
2018.04.19 03:46:49.419,10.39658,10.40002,1.00,1.00
2018.04.19 03:47:00.047,10.39662,10.40006,1.00,1.00
2018.04.19 03:47:15.004,10.39663,10.40007,1.00,1.00
2018.04.19 03:47:19.478,10.39658,10.40004,1.00,1.00
2018.04.19 03:47:30.034,10.39658,10.40002,1.00,1.00
2018.04.19 03:47:30.947,10.39669,10.40013,1.00,1.00
2018.04.19 03:47:31.000,10.39678,10.40024,1.00,1.00
2018.04.19 03:47:34.508,10.3968,10.40024,1.00,1.00
2018.04.19 03:47:37.817,10.39668,10.40012,1.00,1.00
2018.04.19 03:47:45.114,10.3967,10.40014,1.00,1.00
2018.04.19 03:47:45.621,10.39659,10.40003,1.00,1.00
2018.04.19 03:47:46.697,10.39672,10.40016,1.00,1.00
2018.04.19 03:47:47.059,10.39679,10.40023,1.00,1.00
2018.04.19 03:47:49.488,10.39676,10.4002,1.00,1.00
2018.04.19 03:47:52.242,10.39664,10.40008,1.00,1.00
2018.04.19 03:47:52.426,10.39675,10.40021,1.00,1.00
2018.04.19 03:47:52.567,10.39663,10.40007,1.12,1.00
2018.04.19 03:48:00.094,10.39669,10.40013,1.00,1.00
2018.04.19 03:48:04.089,10.39647,10.39991,1.37,1.00
2018.04.19 03:48:04.466,10.39642,10.39988,1.37,1.00
2018.04.19 03:48:04.571,10.39654,10.39998,1.37,1.00
2018.04.19 03:48:05.317,10.39654,10.39998,1.00,1.00
2018.04.19 03:48:10.244,10.39644,10.39988,1.00,1.00
2018.04.19 03:48:15.124,10.39645,10.39989,1.00,1.00
2018.04.19 03:48:16.978,10.39656,10.4,1.00,1.00
2018.04.19 03:48:19.599,10.39657,10.40003,1.00,1.00
2018.04.19 03:48:22.868,10.39666,10.4001,1.00,1.00
2018.04.19 03:48:25.911,10.39653,10.39997,1.00,1.00
2018.04.19 03:48:30.200,10.39657,10.40001,1.00,1.00
2018.04.19 03:48:45.234,10.39654,10.39998,1.00,1.00
2018.04.19 03:48:49.682,10.39654,10.4,1.00,1.00
2018.04.19 03:48:59.060,10.39644,10.39988,1.00,1.00
2018.04.19 03:49:04.689,10.39649,10.39993,1.00,1.00
2018.04.19 03:49:15.244,10.39651,10.39995,1.00,1.00
2018.04.19 03:49:30.194,10.3964,10.39984,1.00,1.00
2018.04.19 03:49:41.456,10.39651,10.39995,1.00,1.00
2018.04.19 03:49:41.930,10.3963,10.39974,1.00,1.00
2018.04.19 03:49:42.305,10.39617,10.39961,1.37,1.00
2018.04.19 03:49:43.300,10.39617,10.39961,1.00,1.00
2018.04.19 03:49:43.352,10.39629,10.39973,1.00,1.00
2018.04.19 03:49:45.353,10.39624,10.39968,1.00,1.00
2018.04.19 03:50:00.384,10.39623,10.39967,1.00,1.00
2018.04.19 03:50:10.264,10.39613,10.39957,1.00,1.00
2018.04.19 03:50:30.440,10.39612,10.39956,1.00,1.00
2018.04.19 03:50:34.868,10.39609,10.39953,1.00,1.00
2018.04.19 03:50:49.899,10.3961,10.39956,1.00,1.00
2018.04.19 03:51:00.504,10.39605,10.39949,1.00,1.00
2018.04.19 03:51:04.878,10.39604,10.39948,1.00,1.00
2018.04.19 03:51:15.495,10.39599,10.39943,1.00,1.00
2018.04.19 03:51:33.497,10.3961,10.39954,1.00,1.00
2018.04.19 03:51:33.964,10.39599,10.39943,1.00,1.00
2018.04.19 03:51:34.991,10.39597,10.39941,1.00,1.00
2018.04.19 03:51:52.386,10.39586,10.3993,1.00,1.00
2018.04.19 03:52:20.033,10.39583,10.39927,1.00,1.00
2018.04.19 03:52:30.196,10.3957,10.39914,1.00,1.00
2018.04.19 03:52:34.948,10.3958,10.39924,1.00,1.00
2018.04.19 03:52:35.263,10.39557,10.39901,1.00,1.00
2018.04.19 03:52:45.664,10.39553,10.39897,1.00,1.00
2018.04.19 03:52:49.876,10.39546,10.3989,1.00,1.00
2018.04.19 03:52:49.927,10.39541,10.39887,1.00,1.00
2018.04.19 03:52:49.979,10.39537,10.39918,1.00,1.37
2018.04.19 03:52:50.030,10.3954,10.39884,1.00,1.00
2018.04.19 03:52:50.221,10.39532,10.39917,1.00,1.37
2018.04.19 03:52:52.436,10.39532,10.39917,1.00,1.37
2018.04.19 03:52:54.674,10.39533,10.39877,1.00,1.00
2018.04.19 03:53:05.964,10.39522,10.39897,1.00,1.37
2018.04.19 03:53:06.015,10.39523,10.39869,1.00,1.00
2018.04.19 03:53:15.724,10.39528,10.39872,1.00,1.00
2018.04.19 03:53:30.754,10.39522,10.39866,1.00,1.00
2018.04.19 03:53:32.059,10.39518,10.39862,1.00,1.00
2018.04.19 03:53:35.228,10.39521,10.39867,1.00,1.00
2018.04.19 03:53:50.249,10.39521,10.39865,1.00,1.00
2018.04.19 03:54:05.239,10.3952,10.39864,1.00,1.00
2018.04.19 03:54:15.868,10.39515,10.39861,1.00,1.00
2018.04.19 03:54:30.897,10.39515,10.39859,1.00,1.00
2018.04.19 03:54:35.299,10.39514,10.39859,1.00,1.00
2018.04.19 03:54:45.908,10.39513,10.39859,1.00,1.00
2018.04.19 03:54:50.378,10.39507,10.39859,1.00,1.00
2018.04.19 03:55:00.983,10.39506,10.39859,1.00,1.00
2018.04.19 03:55:15.964,10.39502,10.39859,1.00,1.00
2018.04.19 03:55:31.049,10.39504,10.39859,1.00,1.00
2018.04.19 03:55:35.418,10.39503,10.39859,1.00,1.00
2018.04.19 03:55:46.024,10.39507,10.39859,1.00,1.00
2018.04.19 03:56:01.105,10.39501,10.39859,1.00,1.00
2018.04.19 03:56:16.084,10.39497,10.3986,1.00,1.00
2018.04.19 03:56:46.194,10.39503,10.39859,1.00,1.00
2018.04.19 03:56:50.658,10.39499,10.39859,1.00,1.00
2018.04.19 03:56:52.955,10.39496,10.3984,1.00,1.00
2018.04.19 03:57:01.224,10.39498,10.39844,1.00,1.00
2018.04.19 03:57:04.035,10.3951,10.39854,1.00,1.00
2018.04.19 03:57:05.649,10.39507,10.39851,1.00,1.00
2018.04.19 03:57:16.251,10.39511,10.39855,1.00,1.00
2018.04.19 03:57:20.679,10.39512,10.39856,1.00,1.00
2018.04.19 03:57:31.234,10.39511,10.39855,1.00,1.00
2018.04.19 03:57:35.658,10.39513,10.39857,1.00,1.00
2018.04.19 03:57:46.264,10.3951,10.39854,1.00,1.00
2018.04.19 03:58:01.345,10.39512,10.39856,1.00,1.00
2018.04.19 03:58:04.950,10.39521,10.39867,1.00,1.00
2018.04.19 03:58:05.769,10.39513,10.39857,1.00,1.00
2018.04.19 03:58:16.325,10.3951,10.39854,1.00,1.00
2018.04.19 03:58:20.748,10.39508,10.39852,1.00,1.00
2018.04.19 03:58:31.405,10.39504,10.39848,1.00,1.00
2018.04.19 03:58:32.890,10.39492,10.39836,1.12,1.00
2018.04.19 03:58:35.819,10.39495,10.39839,1.00,1.00
2018.04.19 03:58:36.476,10.39483,10.39827,1.12,1.00
2018.04.19 03:58:38.126,10.39493,10.39837,1.00,1.00
2018.04.19 03:58:38.433,10.39506,10.3985,1.00,1.00
2018.04.19 03:58:43.679,10.39496,10.3984,1.00,1.00
2018.04.19 03:58:46.401,10.39495,10.39839,1.00,1.00
2018.04.19 03:59:01.461,10.3949,10.39834,1.00,1.00
2018.04.19 03:59:05.889,10.39492,10.39836,1.00,1.00
2018.04.19 03:59:09.463,10.39481,10.39825,1.00,1.00
2018.04.19 03:59:09.981,10.39492,10.39836,1.00,1.00
2018.04.19 03:59:16.454,10.39491,10.39835,1.00,1.00
2018.04.19 03:59:20.869,10.39495,10.39839,1.00,1.00
2018.04.19 03:59:22.505,10.39501,10.39845,1.00,1.00
2018.04.19 03:59:22.835,10.39506,10.3985,1.00,1.00
2018.04.19 03:59:23.158,10.39491,10.39835,1.00,1.00
2018.04.19 03:59:31.476,10.39495,10.39839,1.00,1.00
2018.04.19 03:59:35.898,10.39493,10.39837,1.00,1.00
2018.04.19 03:59:50.978,10.39495,10.39839,1.00,1.00
