2011.02.01 09:00:01.889,8.80939,8.81148,1.03,1.05
2011.02.01 09:00:02.465,8.80947,8.81157,1.03,2.70
2011.02.01 09:00:03.687,8.80947,8.81157,1.03,1.13
2011.02.01 09:00:04.505,8.80947,8.81153,1.03,1.39
2011.02.01 09:00:08.861,8.80947,8.81157,1.03,1.13
2011.02.01 09:00:09.144,8.80947,8.81153,1.03,1.39
2011.02.01 09:00:09.907,8.80947,8.81157,1.03,1.13
2011.02.01 09:00:10.032,8.80947,8.81153,1.03,1.39
2011.02.01 09:00:10.592,8.80947,8.81157,1.03,1.13
2011.02.01 09:00:11.377,8.80947,8.81153,1.03,1.39
2011.02.01 09:00:11.615,8.80947,8.81157,1.03,1.13
2011.02.01 09:00:13.172,8.80947,8.81153,1.03,1.39
2011.02.01 09:00:18.155,8.80947,8.81157,1.03,1.13
2011.02.01 09:00:29.688,8.80947,8.81157,1.03,1.32
2011.02.01 09:00:29.911,8.80918,8.81124,1.41,1.13
2011.02.01 09:00:30.298,8.80897,8.8111,1.03,1.13
2011.02.01 09:00:30.410,8.80897,8.81103,1.03,1.32
2011.02.01 09:00:30.885,8.8089,8.81103,1.88,1.13
2011.02.01 09:00:37.046,8.80947,8.81152,1.03,1.20
2011.02.01 09:00:37.167,8.80947,8.8116,1.03,1.13
2011.02.01 09:00:40.739,8.80944,8.8116,2.16,1.13
2011.02.01 09:00:40.973,8.80891,8.81103,1.41,4.88
2011.02.01 09:00:41.092,8.80887,8.81095,1.03,1.13
2011.02.01 09:00:41.745,8.80927,8.81108,4.13,2.25
2011.02.01 09:00:41.975,8.80937,8.81128,4.13,3.75
2011.02.01 09:00:42.203,8.80948,8.81142,1.03,1.50
2011.02.01 09:00:42.674,8.80948,8.8116,1.03,1.13
2011.02.01 09:00:45.083,8.80944,8.81152,1.88,4.88
2011.02.01 09:00:45.200,8.80927,8.81133,1.03,1.13
2011.02.01 09:00:45.530,8.80915,8.81132,1.03,1.13
2011.02.01 09:00:46.151,8.80879,8.81102,1.22,4.50
2011.02.01 09:00:46.632,8.80914,8.81128,1.88,4.50
2011.02.01 09:00:48.755,8.80914,8.81122,1.88,1.69
2011.02.01 09:00:49.092,8.80877,8.81102,1.03,4.69
2011.02.01 09:00:50.082,8.80912,8.81132,1.88,1.13
2011.02.01 09:00:50.524,8.80942,8.81132,1.50,1.13
2011.02.01 09:00:50.753,8.80942,8.81146,2.16,1.13
2011.02.01 09:00:50.872,8.80946,8.81165,2.16,1.13
2011.02.01 09:00:54.065,8.80934,8.81154,2.16,1.13
2011.02.01 09:00:55.070,8.80947,8.81167,2.16,1.13
2011.02.01 09:01:13.221,8.80932,8.81154,2.16,1.13
2011.02.01 09:01:14.589,8.80944,8.81167,2.16,1.13
2011.02.01 09:01:19.660,8.80931,8.81154,2.16,1.13
2011.02.01 09:01:21.485,8.80944,8.81166,2.16,1.13
2011.02.01 09:01:45.238,8.80952,8.81182,2.16,1.32
2011.02.01 09:02:14.778,8.80958,8.81182,1.33,1.13
2011.02.01 09:02:15.271,8.80951,8.81182,2.16,1.13
2011.02.01 09:02:17.466,8.80958,8.81182,1.33,1.13
2011.02.01 09:02:17.581,8.80951,8.81182,2.16,1.13
2011.02.01 09:03:02.731,8.80962,8.81182,4.97,1.13
2011.02.01 09:03:02.856,8.80988,8.81197,4.13,1.50
2011.02.01 09:03:57.989,8.81013,8.81196,1.88,1.50
2011.02.01 09:04:02.700,8.81005,8.81196,1.50,1.50
2011.02.01 09:04:06.029,8.81005,8.81196,4.20,1.50
2011.02.01 09:04:06.136,8.81005,8.81196,1.50,1.50
2011.02.01 09:04:07.654,8.81007,8.81196,1.50,1.50
2011.02.01 09:04:08.119,8.81007,8.81196,1.95,1.50
2011.02.01 09:04:18.788,8.81019,8.81212,1.50,1.50
2011.02.01 09:04:18.907,8.81019,8.81236,1.50,1.50
2011.02.01 09:04:19.738,8.81019,8.81236,1.80,1.50
2011.02.01 09:04:20.179,8.81019,8.81236,1.50,1.50
2011.02.01 09:04:20.399,8.81005,8.81236,2.31,1.50
2011.02.01 09:04:20.620,8.8102,8.81236,1.50,1.50
2011.02.01 09:04:20.850,8.81005,8.81238,2.16,1.50
2011.02.01 09:04:21.263,8.81019,8.81246,1.50,1.50
2011.02.01 09:04:24.893,8.81006,8.81243,2.16,4.50
2011.02.01 09:04:25.121,8.81019,8.81249,2.16,1.50
2011.02.01 09:04:25.875,8.81019,8.81248,1.50,1.50
2011.02.01 09:04:26.220,8.81019,8.81251,2.16,1.50
2011.02.01 09:04:29.671,8.81006,8.81243,2.16,4.50
2011.02.01 09:04:29.902,8.8103,8.81264,2.16,1.50
2011.02.01 09:04:30.369,8.81028,8.81277,4.41,1.69
2011.02.01 09:04:36.878,8.81038,8.81282,2.16,5.44
2011.02.01 09:04:37.469,8.8106,8.81282,1.50,1.50
2011.02.01 09:04:37.689,8.8106,8.81298,2.16,1.50
2011.02.01 09:04:37.870,8.8107,8.81298,1.50,1.50
2011.02.01 09:04:42.319,8.81059,8.81298,2.16,1.50
2011.02.01 09:05:11.614,8.81038,8.81283,2.16,4.69
2011.02.01 09:05:12.719,8.81038,8.81273,2.16,4.50
2011.02.01 09:05:18.262,8.81032,8.81252,2.16,4.50
2011.02.01 09:05:18.612,8.81033,8.81252,1.03,4.50
2011.02.01 09:05:20.414,8.81023,8.81243,1.03,4.50
2011.02.01 09:05:20.642,8.81019,8.81225,2.16,1.13
2011.02.01 09:05:20.760,8.81037,8.81225,1.50,1.13
2011.02.01 09:05:21.198,8.81037,8.81251,1.88,1.50
2011.02.01 09:05:24.330,8.8102,8.81242,1.88,4.50
2011.02.01 09:05:24.552,8.81031,8.81223,1.50,1.13
2011.02.01 09:05:24.999,8.81031,8.81223,1.50,1.13
2011.02.01 09:05:25.422,8.81031,8.8125,1.88,1.50
2011.02.01 09:05:28.391,8.81019,8.81243,1.88,4.50
2011.02.01 09:05:28.858,8.8104,8.81222,1.50,1.13
2011.02.01 09:05:29.081,8.8104,8.81247,1.88,1.50
2011.02.01 09:05:29.201,8.8104,8.81251,1.88,1.50
2011.02.01 09:05:32.631,8.81039,8.81227,1.50,1.13
2011.02.01 09:05:33.153,8.81022,8.81228,2.16,1.13
2011.02.01 09:05:33.616,8.81036,8.81228,1.50,1.13
2011.02.01 09:05:38.036,8.81035,8.81228,1.50,1.13
2011.02.01 09:05:40.755,8.81022,8.81228,2.16,1.13
2011.02.01 09:05:40.870,8.81036,8.81228,1.50,1.13
2011.02.01 09:05:41.940,8.81037,8.81228,1.50,1.13
2011.02.01 09:05:44.410,8.81039,8.81228,1.50,1.13
2011.02.01 09:05:45.018,8.81025,8.81228,1.50,1.13
2011.02.01 09:05:45.132,8.81039,8.81228,1.50,1.13
2011.02.01 09:05:47.748,8.81026,8.81228,1.50,1.13
2011.02.01 09:05:48.770,8.81038,8.81228,1.50,1.13
2011.02.01 09:05:50.635,8.81024,8.81228,1.50,1.13
2011.02.01 09:05:51.796,8.81039,8.81228,1.50,1.13
2011.02.01 09:05:52.994,8.81024,8.81228,1.50,1.13
2011.02.01 09:05:53.468,8.81038,8.81228,1.50,1.13
2011.02.01 09:05:53.941,8.81025,8.81228,1.50,1.13
2011.02.01 09:05:54.059,8.81038,8.81228,1.50,1.13
2011.02.01 09:05:57.692,8.81025,8.81228,1.50,1.13
2011.02.01 09:05:58.138,8.81038,8.81228,1.50,1.13
2011.02.01 09:05:58.248,8.81025,8.81228,1.50,1.13
2011.02.01 09:05:58.361,8.81039,8.81228,1.50,1.13
2011.02.01 09:05:58.833,8.81024,8.81228,1.50,1.13
2011.02.01 09:05:58.953,8.81039,8.81228,1.50,1.13
2011.02.01 09:06:01.783,8.81025,8.81228,1.50,1.13
2011.02.01 09:06:02.008,8.81038,8.81228,1.50,1.13
2011.02.01 09:06:02.450,8.81011,8.81223,1.88,1.13
2011.02.01 09:06:11.791,8.81012,8.81232,1.88,5.44
2011.02.01 09:06:14.755,8.81011,8.81223,1.88,4.50
2011.02.01 09:06:14.983,8.81015,8.81227,1.88,1.50
2011.02.01 09:06:17.721,8.81019,8.81227,1.03,1.50
2011.02.01 09:06:19.455,8.81019,8.81245,1.88,1.50
2011.02.01 09:06:19.579,8.81077,8.81245,1.88,1.50
2011.02.01 09:06:19.694,8.81077,8.81251,1.88,1.50
2011.02.01 09:06:19.814,8.81077,8.81251,1.88,1.50
2011.02.01 09:06:20.725,8.81077,8.81262,1.88,1.50
2011.02.01 09:06:23.609,8.81077,8.81265,1.88,1.50
2011.02.01 09:06:24.239,8.81077,8.8127,1.88,1.50
2011.02.01 09:06:25.970,8.81077,8.81232,1.50,4.13
2011.02.01 09:06:26.089,8.81026,8.81232,2.16,4.13
2011.02.01 09:06:26.199,8.81026,8.81209,1.50,1.13
2011.02.01 09:06:27.505,8.81009,8.81209,1.50,1.13
2011.02.01 09:06:27.731,8.81026,8.81209,1.50,1.13
2011.02.01 09:06:29.079,8.81061,8.81209,1.50,1.13
2011.02.01 09:06:29.299,8.81061,8.81278,1.88,1.50
2011.02.01 09:06:31.731,8.81062,8.81233,1.88,3.75
2011.02.01 09:06:31.849,8.81062,8.81212,1.50,1.13
2011.02.01 09:06:32.129,8.81006,8.81212,2.16,1.13
2011.02.01 09:06:33.769,8.81062,8.81212,1.50,1.13
2011.02.01 09:06:33.993,8.81062,8.81277,1.88,1.50
2011.02.01 09:06:34.335,8.81061,8.8128,1.88,1.50
2011.02.01 09:06:36.099,8.81065,8.81296,1.03,1.50
2011.02.01 09:06:40.109,8.81068,8.81296,1.03,1.50
2011.02.01 09:06:47.003,8.81139,8.81299,1.50,1.50
2011.02.01 09:06:47.290,8.81139,8.81359,1.88,1.50
2011.02.01 09:07:17.389,8.8115,8.81359,2.53,1.50
2011.02.01 09:07:18.131,8.81161,8.81362,1.50,1.13
2011.02.01 09:07:18.473,8.81162,8.81364,1.50,1.13
2011.02.01 09:07:18.700,8.81158,8.81364,1.03,1.13
2011.02.01 09:07:19.170,8.81158,8.81367,1.03,1.13
2011.02.01 09:07:39.709,8.81151,8.81367,2.16,1.13
2011.02.01 09:07:40.034,8.81151,8.81363,2.16,1.13
2011.02.01 09:07:56.960,8.81159,8.81372,1.03,1.13
2011.02.01 09:07:57.321,8.81164,8.81372,1.03,1.13
2011.02.01 09:07:57.445,8.81164,8.81382,1.03,1.13
2011.02.01 09:07:58.160,8.81137,8.81363,1.03,1.13
2011.02.01 09:08:03.910,8.81217,8.81373,1.13,3.75
2011.02.01 09:08:04.142,8.81229,8.81416,1.88,1.50
2011.02.01 09:08:05.818,8.81238,8.81416,1.13,1.50
2011.02.01 09:08:06.343,8.81378,8.81492,3.75,1.13
2011.02.01 09:08:06.468,8.81378,8.81568,3.75,1.13
2011.02.01 09:08:06.585,8.81328,8.81534,1.04,1.13
2011.02.01 09:08:06.702,8.81328,8.81534,1.04,1.13
2011.02.01 09:08:08.087,8.81337,8.81511,1.44,1.13
2011.02.01 09:08:08.596,8.8128,8.81511,1.41,1.13
2011.02.01 09:08:08.939,8.81297,8.81526,4.41,1.13
2011.02.01 09:08:09.629,8.81261,8.81491,1.41,1.13
2011.02.01 09:08:09.960,8.81267,8.81491,1.03,1.13
2011.02.01 09:08:10.079,8.81267,8.81489,1.03,1.13
2011.02.01 09:08:11.291,8.81259,8.81489,1.41,1.13
2011.02.01 09:08:11.412,8.81258,8.81478,2.16,1.13
2011.02.01 09:08:15.188,8.81249,8.81478,1.41,1.13
2011.02.01 09:08:15.300,8.81248,8.81475,1.03,1.13
2011.02.01 09:08:29.316,8.81269,8.81475,1.41,1.13
2011.02.01 09:08:29.653,8.81315,8.81532,1.03,1.13
2011.02.01 09:08:30.193,8.81315,8.81532,1.03,1.32
2011.02.01 09:08:30.434,8.81278,8.815,1.03,1.13
2011.02.01 09:08:30.552,8.81287,8.815,1.03,1.13
2011.02.01 09:08:30.670,8.81274,8.81493,1.03,1.13
2011.02.01 09:08:40.030,8.81247,8.81469,4.59,1.13
2011.02.01 09:08:40.260,8.81241,8.81466,2.34,1.13
2011.02.01 09:08:40.384,8.81258,8.81466,1.03,1.13
2011.02.01 09:08:41.841,8.81241,8.81466,2.16,1.13
2011.02.01 09:08:42.276,8.81241,8.8146,2.16,1.13
2011.02.01 09:08:43.581,8.8123,8.81442,1.41,1.05
2011.02.01 09:08:43.808,8.81213,8.8144,2.34,2.55
2011.02.01 09:08:44.484,8.81188,8.81403,1.78,1.88
2011.02.01 09:08:45.081,8.81177,8.81393,1.41,4.32
2011.02.01 09:08:58.876,8.81177,8.81303,1.41,1.05
2011.02.01 09:08:59.313,8.81177,8.81292,1.41,1.20
2011.02.01 09:08:59.635,8.81177,8.81307,1.41,1.20
2011.02.01 09:08:59.940,8.81177,8.81302,1.41,1.05
2011.02.01 09:09:00.069,8.81008,8.81232,1.41,1.13
2011.02.01 09:09:00.290,8.80997,8.81232,1.03,1.13
2011.02.01 09:09:00.991,8.80997,8.81222,1.03,3.94
2011.02.01 09:09:01.333,8.80988,8.81205,1.03,1.13
2011.02.01 09:09:02.972,8.81062,8.81205,3.94,1.13
2011.02.01 09:09:03.356,8.81098,8.81232,3.75,1.13
2011.02.01 09:09:03.591,8.81098,8.81278,3.75,1.13
2011.02.01 09:09:03.959,8.81038,8.81278,2.16,1.13
2011.02.01 09:09:04.070,8.81041,8.81264,2.16,1.13
2011.02.01 09:09:04.542,8.81034,8.81254,1.41,1.13
2011.02.01 09:09:04.665,8.81028,8.81244,1.03,1.13
2011.02.01 09:09:09.650,8.80987,8.81218,1.41,1.13
2011.02.01 09:09:10.003,8.80952,8.81072,4.41,4.13
2011.02.01 09:09:10.128,8.80827,8.81097,1.03,1.50
2011.02.01 09:09:10.239,8.80827,8.81097,1.03,1.50
2011.02.01 09:09:10.353,8.80882,8.81097,1.50,1.50
2011.02.01 09:09:10.692,8.80827,8.81097,1.03,1.50
2011.02.01 09:09:12.889,8.80879,8.81097,1.03,1.05
2011.02.01 09:09:16.819,8.80879,8.81083,1.03,2.33
2011.02.01 09:09:17.037,8.80879,8.81098,1.03,1.05
2011.02.01 09:09:17.257,8.80879,8.81083,1.03,2.33
2011.02.01 09:09:32.064,8.80879,8.81097,1.03,1.05
2011.02.01 09:09:36.289,8.80887,8.81098,1.03,1.05
2011.02.01 09:09:36.851,8.80885,8.81103,1.03,5.63
2011.02.01 09:09:37.772,8.80885,8.81091,1.03,2.70
2011.02.01 09:09:38.905,8.80885,8.81082,1.03,1.20
2011.02.01 09:09:39.142,8.80892,8.81098,1.03,1.05
2011.02.01 09:09:40.031,8.80885,8.81098,1.03,1.05
2011.02.01 09:09:40.961,8.80885,8.81091,1.03,2.70
2011.02.01 09:09:41.557,8.80893,8.81103,1.03,1.13
2011.02.01 09:09:41.673,8.80893,8.81099,1.03,1.05
2011.02.01 09:09:41.899,8.80893,8.81103,1.03,1.13
2011.02.01 09:09:42.404,8.80884,8.81098,1.03,1.05
2011.02.01 09:09:43.730,8.80884,8.81088,1.03,2.70
2011.02.01 09:09:44.081,8.80884,8.81073,1.03,1.20
2011.02.01 09:09:44.200,8.80884,8.81097,1.03,1.05
2011.02.01 09:09:44.319,8.80895,8.81101,1.03,1.05
2011.02.01 09:09:44.698,8.80881,8.81097,1.03,1.05
2011.02.01 09:09:45.701,8.80881,8.81085,1.03,2.33
2011.02.01 09:09:46.411,8.80881,8.81073,1.03,1.20
2011.02.01 09:09:47.050,8.80896,8.81092,1.03,1.20
2011.02.01 09:09:48.944,8.80879,8.81098,1.03,1.05
2011.02.01 09:09:50.342,8.80897,8.81103,1.03,1.13
2011.02.01 09:09:51.023,8.80877,8.81102,1.03,5.25
2011.02.01 09:09:53.607,8.80877,8.81083,1.03,3.08
2011.02.01 09:09:54.229,8.80877,8.81083,1.03,2.33
2011.02.01 09:09:54.891,8.80877,8.81102,1.03,4.50
2011.02.01 09:09:55.752,8.80877,8.81083,1.03,1.20
2011.02.01 09:09:56.459,8.80877,8.81073,1.03,1.20
2011.02.01 09:09:56.577,8.80877,8.81083,1.03,2.33
2011.02.01 09:09:56.743,8.80877,8.81083,1.03,3.08
2011.02.01 09:10:00.643,8.80877,8.81087,1.03,1.05
2011.02.01 09:10:00.939,8.80877,8.81082,1.03,1.20
2011.02.01 09:10:01.919,8.80897,8.81073,1.13,1.20
2011.02.01 09:10:02.269,8.80899,8.81073,2.16,1.20
2011.02.01 09:10:02.579,8.80899,8.81103,2.16,1.39
2011.02.01 09:10:03.834,8.80899,8.8112,2.16,2.85
2011.02.01 09:10:03.951,8.80899,8.81118,2.16,1.20
2011.02.01 09:10:04.181,8.80897,8.81104,1.03,2.48
2011.02.01 09:10:04.885,8.80888,8.81098,1.03,1.05
2011.02.01 09:10:05.005,8.80888,8.81092,1.03,1.20
2011.02.01 09:10:05.659,8.80888,8.81094,1.03,2.48
2011.02.01 09:10:06.700,8.80888,8.81094,1.03,2.48
2011.02.01 09:10:07.577,8.80888,8.81083,1.03,1.20
2011.02.01 09:10:09.413,8.80888,8.81063,1.03,1.20
2011.02.01 09:10:10.278,8.80867,8.81063,4.59,1.20
2011.02.01 09:10:11.397,8.80867,8.81043,4.59,1.20
2011.02.01 09:10:12.257,8.80867,8.81062,4.59,1.20
2011.02.01 09:10:17.144,8.80867,8.81083,4.59,1.20
2011.02.01 09:10:17.261,8.80868,8.81094,1.59,2.33
2011.02.01 09:10:17.379,8.80868,8.81096,1.59,2.33
2011.02.01 09:10:17.751,8.80868,8.81083,1.59,1.20
2011.02.01 09:10:18.749,8.80868,8.81072,1.59,1.20
2011.02.01 09:10:19.554,8.80868,8.81083,1.59,1.20
2011.02.01 09:10:23.792,8.80868,8.81073,1.59,1.05
2011.02.01 09:10:24.034,8.80847,8.81063,1.03,1.32
2011.02.01 09:10:24.151,8.80807,8.81024,1.03,1.13
2011.02.01 09:10:24.379,8.80831,8.81024,1.50,1.13
2011.02.01 09:10:24.629,8.80807,8.81024,1.03,1.13
2011.02.01 09:10:26.804,8.80807,8.81022,1.03,1.05
2011.02.01 09:10:27.687,8.80807,8.81018,1.03,1.20
2011.02.01 09:10:33.546,8.80807,8.81022,1.03,1.05
2011.02.01 09:10:33.661,8.80803,8.81013,1.03,1.28
2011.02.01 09:10:34.701,8.80803,8.81009,1.03,1.05
2011.02.01 09:10:35.680,8.80803,8.81009,1.03,2.70
2011.02.01 09:10:36.141,8.80803,8.81013,1.03,1.28
2011.02.01 09:10:37.810,8.80803,8.81009,1.03,2.70
2011.02.01 09:10:38.314,8.80803,8.81009,1.03,2.70
2011.02.01 09:10:38.431,8.80803,8.81013,1.03,1.28
2011.02.01 09:10:39.413,8.80803,8.81009,1.03,2.70
2011.02.01 09:10:40.199,8.80803,8.81002,1.03,1.20
2011.02.01 09:10:40.531,8.80908,8.80972,3.75,1.67
2011.02.01 09:10:40.833,8.80908,8.81002,3.75,1.20
2011.02.01 09:10:40.957,8.80908,8.81121,3.75,1.13
2011.02.01 09:10:41.180,8.80908,8.81123,3.75,1.13
2011.02.01 09:10:41.414,8.80918,8.8115,4.13,1.50
2011.02.01 09:10:41.763,8.80938,8.81125,3.75,1.13
2011.02.01 09:10:41.880,8.80928,8.81125,3.75,1.13
2011.02.01 09:10:48.624,8.80937,8.81137,4.13,1.05
2011.02.01 09:10:50.586,8.80937,8.81133,4.13,1.09
2011.02.01 09:10:50.811,8.80828,8.81058,1.03,1.13
2011.02.01 09:10:50.933,8.80808,8.81058,1.78,1.13
2011.02.01 09:10:51.270,8.80808,8.81044,1.03,1.13
2011.02.01 09:10:57.660,8.80828,8.81039,1.03,2.55
2011.02.01 09:10:58.609,8.80828,8.81023,1.03,1.20
2011.02.01 09:11:04.711,8.80828,8.81037,1.03,1.20
2011.02.01 09:11:07.324,8.80828,8.81032,1.03,1.54
2011.02.01 09:11:07.447,8.80828,8.81033,1.03,1.05
2011.02.01 09:11:10.134,8.80828,8.81037,1.03,1.20
2011.02.01 09:11:10.695,8.80828,8.81032,1.03,1.54
2011.02.01 09:11:16.239,8.80828,8.81032,1.03,2.14
2011.02.01 09:11:16.670,8.80828,8.81032,1.03,2.14
2011.02.01 09:11:17.662,8.80828,8.81032,1.03,1.77
2011.02.01 09:11:19.798,8.80828,8.81032,1.03,1.77
2011.02.01 09:11:20.665,8.80828,8.81023,1.03,1.20
2011.02.01 09:11:39.917,8.80828,8.81002,1.03,1.20
2011.02.01 09:11:52.607,8.80816,8.81023,2.16,1.20
2011.02.01 09:11:56.673,8.80816,8.81002,2.16,1.20
2011.02.01 09:11:57.934,8.80816,8.81023,2.16,1.20
2011.02.01 09:12:00.963,8.80816,8.81003,2.16,1.20
2011.02.01 09:12:06.917,8.80816,8.81022,2.16,1.20
2011.02.01 09:12:09.799,8.80813,8.81038,2.16,2.70
2011.02.01 09:12:12.190,8.80813,8.81023,2.16,1.20
2011.02.01 09:12:14.847,8.80813,8.81023,2.16,1.20
2011.02.01 09:12:16.694,8.80813,8.81039,2.16,2.29
2011.02.01 09:12:22.675,8.80813,8.81022,2.16,1.20
2011.02.01 09:12:26.919,8.80813,8.81039,2.16,2.70
2011.02.01 09:12:27.486,8.80835,8.81039,1.50,2.70
2011.02.01 09:12:27.890,8.80835,8.81022,1.50,1.20
2011.02.01 09:12:28.006,8.80824,8.81022,2.16,1.20
2011.02.01 09:12:28.226,8.80824,8.81039,2.16,2.29
2011.02.01 09:12:38.449,8.80824,8.81023,2.16,1.20
2011.02.01 09:12:40.879,8.80824,8.81039,2.16,2.70
2011.02.01 09:12:43.951,8.80824,8.81039,2.16,1.05
2011.02.01 09:12:44.289,8.80824,8.81042,2.16,1.05
2011.02.01 09:12:44.737,8.80818,8.81038,4.41,1.05
2011.02.01 09:12:45.950,8.8081,8.81034,2.16,2.33
2011.02.01 09:12:46.932,8.8081,8.81048,2.16,1.05
2011.02.01 09:12:50.504,8.8081,8.81034,2.16,2.33
2011.02.01 09:12:54.675,8.8081,8.81034,2.16,2.48
2011.02.01 09:12:55.675,8.8081,8.81034,2.16,2.33
2011.02.01 09:12:55.791,8.8081,8.81022,2.16,1.20
2011.02.01 09:13:04.611,8.8081,8.81003,2.16,1.20
2011.02.01 09:13:05.228,8.80828,8.81003,1.41,1.20
2011.02.01 09:13:05.622,8.80828,8.81003,1.41,1.20
2011.02.01 09:13:05.740,8.80828,8.81002,1.41,2.70
2011.02.01 09:13:07.893,8.80824,8.81002,1.41,1.05
2011.02.01 09:13:11.482,8.80824,8.81002,1.41,2.48
2011.02.01 09:13:11.692,8.80824,8.81002,1.41,1.20
2011.02.01 09:13:13.380,8.80824,8.80993,1.41,1.20
2011.02.01 09:13:15.049,8.80824,8.80972,1.41,1.20
2011.02.01 09:13:17.941,8.80824,8.80993,1.41,1.20
2011.02.01 09:13:19.754,8.80805,8.80982,1.41,1.20
2011.02.01 09:13:20.894,8.80805,8.80973,1.41,1.20
2011.02.01 09:13:23.332,8.80805,8.80952,1.41,1.20
2011.02.01 09:13:24.111,8.80805,8.80972,1.41,1.20
2011.02.01 09:13:24.544,8.80805,8.80953,1.41,1.20
2011.02.01 09:13:25.461,8.80798,8.80953,1.13,1.20
2011.02.01 09:13:25.582,8.80798,8.80982,1.13,1.20
2011.02.01 09:13:27.000,8.80798,8.80962,1.13,1.20
2011.02.01 09:13:28.685,8.80798,8.80953,1.13,1.20
2011.02.01 09:13:33.308,8.80822,8.80992,1.50,2.48
2011.02.01 09:13:33.533,8.80822,8.81007,1.50,1.20
2011.02.01 09:13:34.376,8.80815,8.81021,1.41,2.55
2011.02.01 09:13:38.185,8.80803,8.81003,2.16,1.05
2011.02.01 09:13:38.659,8.80827,8.81003,1.50,1.05
2011.02.01 09:13:38.778,8.80827,8.81009,1.50,1.13
2011.02.01 09:13:38.888,8.80848,8.81033,1.13,1.50
2011.02.01 09:13:39.002,8.80848,8.81047,1.13,1.05
2011.02.01 09:13:42.411,8.80848,8.8103,1.13,1.05
2011.02.01 09:13:42.769,8.80848,8.81047,1.13,1.05
2011.02.01 09:13:42.961,8.80848,8.8103,1.13,1.05
2011.02.01 09:13:53.982,8.80848,8.81023,1.13,1.20
2011.02.01 09:13:54.099,8.80848,8.8103,1.13,1.05
2011.02.01 09:14:05.666,8.80848,8.81023,1.13,1.20
2011.02.01 09:14:06.922,8.80848,8.8103,1.13,1.05
2011.02.01 09:14:10.643,8.80848,8.81023,1.13,1.20
2011.02.01 09:14:12.397,8.80827,8.81023,1.13,1.20
2011.02.01 09:14:13.126,8.80827,8.81028,1.13,1.05
2011.02.01 09:14:14.040,8.80827,8.81028,1.13,2.70
2011.02.01 09:14:14.630,8.80827,8.81013,1.13,1.20
2011.02.01 09:14:15.389,8.80827,8.81012,1.13,1.20
2011.02.01 09:14:15.856,8.80827,8.81012,1.13,1.20
2011.02.01 09:14:16.336,8.80818,8.81002,1.41,1.77
2011.02.01 09:14:16.500,8.80818,8.81013,1.41,1.05
2011.02.01 09:14:16.720,8.80818,8.81002,1.41,1.77
2011.02.01 09:14:17.308,8.80818,8.80983,1.41,1.05
2011.02.01 09:14:18.149,8.80787,8.81006,1.41,1.28
2011.02.01 09:14:18.260,8.80787,8.81006,1.41,2.59
2011.02.01 09:14:18.369,8.80787,8.81002,1.41,4.47
2011.02.01 09:14:46.308,8.80792,8.81001,1.41,1.38
2011.02.01 09:14:46.424,8.80792,8.80999,1.41,2.78
2011.02.01 09:14:47.012,8.80767,8.80973,1.13,1.13
2011.02.01 09:15:41.941,8.80767,8.80973,1.13,1.13
2011.02.01 09:15:50.088,8.80767,8.80984,1.50,1.50
2011.02.01 09:15:50.308,8.80767,8.80997,1.50,1.50
2011.02.01 09:15:50.531,8.80766,8.80972,1.41,1.13
2011.02.01 09:15:50.759,8.80768,8.80972,1.13,1.13
2011.02.01 09:15:50.870,8.80768,8.80972,1.13,1.13
2011.02.01 09:15:51.199,8.80762,8.80968,1.41,1.13
2011.02.01 09:16:44.710,8.80778,8.80978,1.13,1.05
2011.02.01 09:16:44.822,8.80778,8.80978,1.13,1.05
2011.02.01 09:16:45.851,8.80778,8.80977,1.13,1.05
2011.02.01 09:16:57.208,8.80778,8.80973,1.13,1.20
2011.02.01 09:16:57.752,8.80778,8.80978,1.13,1.05
2011.02.01 09:16:59.996,8.80778,8.80978,1.13,1.05
2011.02.01 09:17:00.112,8.80778,8.80978,1.13,1.05
2011.02.01 09:17:00.636,8.80778,8.80969,1.13,1.05
2011.02.01 09:17:01.652,8.80778,8.80969,1.13,2.70
2011.02.01 09:17:04.716,8.80778,8.80977,1.13,1.05
2011.02.01 09:17:09.671,8.80778,8.80969,1.13,2.70
2011.02.01 09:17:10.194,8.80778,8.80969,1.13,2.29
2011.02.01 09:17:11.832,8.80778,8.80978,1.13,2.48
2011.02.01 09:17:12.736,8.80778,8.80973,1.13,1.20
2011.02.01 09:17:17.959,8.80778,8.80978,1.13,1.05
2011.02.01 09:17:19.701,8.80759,8.80962,1.41,4.32
2011.02.01 09:17:19.821,8.80738,8.80943,1.13,1.13
2011.02.01 09:17:20.051,8.80737,8.80943,1.41,1.13
2011.02.01 09:17:25.397,8.80758,8.80929,1.50,1.13
2011.02.01 09:17:26.512,8.80785,8.80989,1.41,1.13
2011.02.01 09:17:32.839,8.8078,8.80984,1.41,1.28
2011.02.01 09:17:33.922,8.8078,8.80984,1.41,2.59
2011.02.01 09:17:35.675,8.8078,8.80984,1.41,1.13
2011.02.01 09:17:40.170,8.80773,8.80977,2.16,1.32
2011.02.01 09:17:40.390,8.80736,8.8094,1.41,1.13
2011.02.01 09:17:41.804,8.80758,8.8094,1.50,1.13
2011.02.01 09:17:44.162,8.80773,8.80976,1.50,1.13
2011.02.01 09:17:44.713,8.80746,8.8095,1.41,1.13
2011.02.01 09:17:46.282,8.80758,8.8095,4.50,1.13
2011.02.01 09:17:46.831,8.80773,8.80963,1.41,1.05
2011.02.01 09:18:02.137,8.80782,8.80982,1.50,1.05
2011.02.01 09:18:02.740,8.80792,8.80982,1.41,1.20
2011.02.01 09:18:04.119,8.80792,8.80998,1.41,3.08
2011.02.01 09:18:05.748,8.80792,8.80993,1.41,1.54
2011.02.01 09:18:05.881,8.80792,8.80998,1.41,3.08
2011.02.01 09:18:21.495,8.80792,8.80993,1.41,1.54
2011.02.01 09:18:24.736,8.80792,8.80993,1.41,1.39
2011.02.01 09:18:34.183,8.80792,8.80983,1.41,1.20
2011.02.01 09:18:38.456,8.80792,8.80993,1.41,1.39
2011.02.01 09:18:38.740,8.80792,8.80983,1.41,1.20
2011.02.01 09:18:39.836,8.80787,8.80981,1.13,2.70
2011.02.01 09:18:39.952,8.80787,8.80988,1.13,1.05
2011.02.01 09:18:40.802,8.80787,8.80981,1.13,1.05
2011.02.01 09:18:41.391,8.80787,8.80981,1.13,2.37
2011.02.01 09:18:41.513,8.80758,8.80962,1.41,1.13
2011.02.01 09:18:43.004,8.80777,8.80962,1.50,1.13
2011.02.01 09:18:43.300,8.80797,8.80983,1.13,4.50
2011.02.01 09:18:43.422,8.80797,8.80998,1.13,1.05
2011.02.01 09:18:44.637,8.80797,8.81003,1.13,1.13
2011.02.01 09:18:45.079,8.80797,8.80994,1.13,2.33
2011.02.01 09:18:46.181,8.80797,8.81003,1.13,1.28
2011.02.01 09:18:48.780,8.80797,8.80994,1.13,2.33
2011.02.01 09:18:49.414,8.80797,8.80994,1.13,2.33
2011.02.01 09:18:49.889,8.80797,8.80987,1.13,1.05
2011.02.01 09:18:51.222,8.80797,8.80987,1.13,1.05
2011.02.01 09:18:51.561,8.80797,8.80992,1.13,1.20
2011.02.01 09:18:53.015,8.80797,8.80992,1.13,1.05
2011.02.01 09:18:53.713,8.80797,8.80992,1.13,1.20
2011.02.01 09:19:06.588,8.80797,8.80983,1.13,1.20
2011.02.01 09:19:07.885,8.80797,8.80982,1.13,1.20
2011.02.01 09:19:08.002,8.80797,8.80992,1.13,1.05
2011.02.01 09:19:08.119,8.80797,8.80983,1.13,1.20
2011.02.01 09:19:09.805,8.80797,8.80982,1.13,1.20
2011.02.01 09:19:10.526,8.80797,8.80992,1.13,1.05
2011.02.01 09:19:10.910,8.80797,8.80992,1.13,1.05
2011.02.01 09:19:11.229,8.80797,8.81003,1.13,1.47
2011.02.01 09:19:12.759,8.80797,8.80983,1.13,1.09
2011.02.01 09:19:13.329,8.80787,8.8096,1.32,1.13
2011.02.01 09:19:13.700,8.80787,8.8096,1.32,1.13
2011.02.01 09:19:13.921,8.80788,8.80988,1.32,1.05
2011.02.01 09:19:15.433,8.80788,8.80987,1.32,4.50
2011.02.01 09:19:15.554,8.80784,8.80942,1.59,1.69
2011.02.01 09:19:15.980,8.80837,8.80946,1.88,1.50
2011.02.01 09:19:16.205,8.8082,8.80946,1.03,1.50
2011.02.01 09:19:16.739,8.80798,8.80987,1.13,1.05
2011.02.01 09:19:16.852,8.80798,8.80945,1.13,1.50
2011.02.01 09:19:17.339,8.80829,8.80987,1.50,1.05
2011.02.01 09:19:17.452,8.80798,8.80987,1.13,1.05
2011.02.01 09:19:17.880,8.80798,8.80972,1.13,1.20
2011.02.01 09:19:18.782,8.80798,8.80962,1.13,1.20
2011.02.01 09:19:20.026,8.80808,8.80953,1.69,1.20
2011.02.01 09:19:21.616,8.80807,8.80987,1.69,2.48
2011.02.01 09:19:31.999,8.80807,8.80953,1.69,1.20
2011.02.01 09:19:32.124,8.80803,8.80964,1.32,2.33
2011.02.01 09:19:32.813,8.80803,8.80963,1.32,1.20
2011.02.01 09:19:33.778,8.80803,8.80962,1.32,1.20
2011.02.01 09:19:35.159,8.80803,8.80942,1.32,1.20
2011.02.01 09:19:35.731,8.80802,8.80942,1.32,1.20
2011.02.01 09:19:40.412,8.80802,8.80963,1.32,1.20
2011.02.01 09:19:41.247,8.80802,8.80942,1.32,1.20
2011.02.01 09:19:41.371,8.80802,8.80962,1.32,1.20
2011.02.01 09:19:41.605,8.80802,8.80942,1.32,1.20
2011.02.01 09:19:46.195,8.80803,8.80942,1.32,1.20
2011.02.01 09:19:46.716,8.80802,8.80942,1.32,1.20
2011.02.01 09:19:54.600,8.80802,8.80943,1.32,1.20
2011.02.01 09:19:55.850,8.80802,8.80973,1.32,2.48
2011.02.01 09:19:59.471,8.80802,8.80922,1.32,1.20
2011.02.01 09:20:00.029,8.80803,8.80922,1.32,1.20
2011.02.01 09:20:00.158,8.80802,8.80943,1.32,1.20
2011.02.01 09:20:00.691,8.80803,8.80943,1.32,1.20
2011.02.01 09:20:02.432,8.80803,8.80923,1.32,1.20
2011.02.01 09:20:03.017,8.80802,8.80933,1.32,1.20
2011.02.01 09:20:03.423,8.80803,8.80933,1.32,1.28
2011.02.01 09:20:04.546,8.80802,8.80933,1.32,1.28
2011.02.01 09:20:04.736,8.80802,8.80932,1.32,3.08
2011.02.01 09:20:05.707,8.80802,8.80923,1.32,1.20
2011.02.01 09:20:06.991,8.80802,8.80912,1.32,1.20
2011.02.01 09:20:07.600,8.80802,8.80932,1.32,2.70
2011.02.01 09:20:14.107,8.80802,8.80912,1.32,1.20
2011.02.01 09:20:19.462,8.80803,8.80913,1.69,1.20
2011.02.01 09:20:19.842,8.80812,8.80948,1.50,1.05
2011.02.01 09:20:19.967,8.80808,8.80978,1.03,1.50
2011.02.01 09:20:20.086,8.80807,8.80989,1.32,1.05
2011.02.01 09:20:21.985,8.80828,8.80989,1.88,1.05
2011.02.01 09:20:23.439,8.80828,8.81002,1.13,1.20
2011.02.01 09:20:24.660,8.80807,8.81002,1.97,1.20
2011.02.01 09:20:24.777,8.80808,8.80973,1.59,4.13
2011.02.01 09:20:25.292,8.80783,8.80953,1.32,2.63
2011.02.01 09:20:25.839,8.80747,8.80921,1.32,1.13
2011.02.01 09:20:26.135,8.80715,8.80921,1.41,1.13
2011.02.01 09:20:26.258,8.80752,8.80921,1.50,1.13
2011.02.01 09:20:26.375,8.80767,8.80945,1.13,1.50
2011.02.01 09:20:26.493,8.80768,8.80953,1.50,1.13
2011.02.01 09:20:26.616,8.80768,8.80958,1.50,1.13
2011.02.01 09:20:27.757,8.80808,8.81012,2.16,1.13
2011.02.01 09:20:27.875,8.80808,8.81012,2.53,1.13
2011.02.01 09:20:29.005,8.80808,8.81012,1.78,1.32
2011.02.01 09:20:29.123,8.80808,8.81012,1.41,1.32
2011.02.01 09:20:32.373,8.80817,8.80989,1.50,1.13
2011.02.01 09:20:32.958,8.80807,8.81014,4.13,1.50
2011.02.01 09:20:33.078,8.80818,8.8099,1.50,1.13
2011.02.01 09:20:33.526,8.80778,8.80982,1.13,1.13
2011.02.01 09:20:34.560,8.80787,8.80991,1.41,1.13
2011.02.01 09:20:34.970,8.80787,8.80991,1.41,1.13
2011.02.01 09:20:35.651,8.80778,8.80982,1.13,1.13
2011.02.01 09:20:36.183,8.80808,8.80982,1.50,1.13
2011.02.01 09:20:36.421,8.80808,8.81009,1.88,1.05
2011.02.01 09:20:37.292,8.80808,8.81012,1.88,1.13
2011.02.01 09:20:37.412,8.80792,8.80996,1.41,1.13
2011.02.01 09:20:37.781,8.80792,8.80996,1.41,1.13
2011.02.01 09:20:39.515,8.80777,8.80968,1.03,4.69
2011.02.01 09:20:39.822,8.80776,8.80928,1.50,1.13
2011.02.01 09:20:39.947,8.80724,8.80928,1.41,1.13
2011.02.01 09:20:43.170,8.80723,8.80928,1.41,1.13
2011.02.01 09:20:43.281,8.80723,8.80912,1.41,1.13
2011.02.01 09:20:44.109,8.80708,8.80912,1.88,4.88
2011.02.01 09:20:45.357,8.80708,8.80912,1.13,1.13
2011.02.01 09:20:45.473,8.80708,8.80902,1.13,1.50
2011.02.01 09:20:45.703,8.80708,8.80912,1.13,1.13
2011.02.01 09:20:46.043,8.80713,8.80912,1.50,1.13
2011.02.01 09:20:46.601,8.80713,8.80917,1.50,1.13
2011.02.01 09:20:49.970,8.80711,8.80917,1.41,1.13
2011.02.01 09:20:50.192,8.80708,8.80912,1.13,1.13
2011.02.01 09:20:50.784,8.80713,8.80917,1.50,1.13
2011.02.01 09:20:59.002,8.80711,8.80917,1.41,1.13
2011.02.01 09:20:59.800,8.80705,8.80903,2.25,1.28
2011.02.01 09:21:00.021,8.80705,8.80883,2.25,1.20
2011.02.01 09:21:00.884,8.80705,8.80883,2.25,1.20
2011.02.01 09:21:01.219,8.80705,8.80893,2.25,1.20
2011.02.01 09:21:01.341,8.80697,8.80882,1.13,1.05
2011.02.01 09:21:02.601,8.80697,8.80878,1.13,1.05
2011.02.01 09:21:02.930,8.80697,8.80888,1.13,1.05
2011.02.01 09:21:03.400,8.80698,8.80878,1.50,1.05
2011.02.01 09:21:03.731,8.80717,8.80901,1.50,2.70
2011.02.01 09:21:04.126,8.80719,8.80918,1.41,1.20
2011.02.01 09:21:04.460,8.80719,8.80922,1.41,1.05
2011.02.01 09:21:04.681,8.807,8.80906,1.41,1.13
2011.02.01 09:21:05.439,8.8067,8.80876,1.41,1.13
2011.02.01 09:21:06.716,8.80672,8.80855,1.50,1.28
2011.02.01 09:21:07.111,8.80698,8.80862,1.13,1.20
2011.02.01 09:21:10.656,8.80698,8.80863,1.13,1.20
2011.02.01 09:21:18.133,8.80698,8.80895,1.13,2.33
2011.02.01 09:21:18.745,8.80698,8.80895,1.13,2.48
2011.02.01 09:21:19.257,8.80693,8.80883,1.50,1.09
2011.02.01 09:21:19.381,8.80689,8.80895,1.41,1.28
2011.02.01 09:21:19.617,8.8067,8.80872,1.41,1.05
2011.02.01 09:21:21.165,8.80659,8.80853,1.41,1.39
2011.02.01 09:21:21.512,8.80738,8.80897,1.13,1.05
2011.02.01 09:21:22.738,8.80738,8.80913,1.13,1.20
2011.02.01 09:21:23.741,8.80738,8.80916,1.13,2.48
2011.02.01 09:21:26.412,8.80738,8.80912,1.13,1.20
2011.02.01 09:21:26.891,8.80738,8.80893,1.13,1.20
2011.02.01 09:21:27.650,8.80738,8.80882,1.13,1.20
2011.02.01 09:21:29.774,8.80728,8.80913,1.13,1.20
2011.02.01 09:21:29.896,8.80691,8.80895,1.41,1.13
2011.02.01 09:21:30.728,8.80691,8.80895,1.41,1.20
2011.02.01 09:21:30.992,8.80691,8.80893,1.41,1.54
2011.02.01 09:21:31.858,8.80691,8.80895,1.41,2.70
2011.02.01 09:21:33.164,8.80691,8.80882,1.41,1.20
2011.02.01 09:21:33.777,8.80691,8.80895,1.41,1.28
2011.02.01 09:21:33.898,8.8067,8.80876,1.41,1.13
2011.02.01 09:21:34.268,8.8067,8.80876,1.41,1.13
2011.02.01 09:21:34.963,8.80698,8.80873,1.88,1.20
2011.02.01 09:21:35.082,8.80703,8.80902,1.41,1.54
2011.02.01 09:21:35.694,8.80703,8.80883,1.41,1.20
2011.02.01 09:21:36.260,8.80703,8.80883,1.41,1.20
2011.02.01 09:21:36.376,8.80703,8.80902,1.41,1.54
2011.02.01 09:21:37.826,8.80699,8.80893,2.91,1.20
2011.02.01 09:21:38.160,8.80705,8.80902,1.41,1.54
2011.02.01 09:21:47.513,8.80728,8.80882,1.13,1.20
2011.02.01 09:21:48.016,8.80728,8.80903,1.13,1.20
2011.02.01 09:21:48.883,8.80748,8.80903,1.50,1.20
2011.02.01 09:21:50.711,8.80738,8.80943,1.41,1.09
2011.02.01 09:21:50.831,8.80728,8.80916,4.50,1.13
2011.02.01 09:21:51.693,8.80712,8.80913,1.41,1.39
2011.02.01 09:21:52.724,8.80712,8.80893,1.41,1.20
2011.02.01 09:21:53.172,8.80712,8.80913,1.41,2.14
2011.02.01 09:21:53.455,8.80712,8.80892,1.41,1.20
2011.02.01 09:21:53.906,8.80712,8.80883,1.41,1.20
2011.02.01 09:21:54.025,8.80712,8.80902,1.41,1.20
2011.02.01 09:22:16.253,8.80712,8.80883,1.41,1.20
2011.02.01 09:22:17.473,8.80712,8.80902,1.41,1.20
2011.02.01 09:22:18.444,8.80712,8.80883,1.41,1.20
2011.02.01 09:22:19.610,8.80712,8.80902,1.41,1.20
2011.02.01 09:22:25.720,8.80712,8.80909,1.41,1.15
2011.02.01 09:22:27.507,8.80704,8.80898,1.41,1.20
2011.02.01 09:22:28.014,8.80704,8.80883,1.41,2.14
2011.02.01 09:22:28.684,8.80704,8.80882,1.41,1.20
2011.02.01 09:22:29.735,8.80704,8.80883,1.41,2.14
2011.02.01 09:22:31.280,8.80704,8.8091,1.41,2.85
2011.02.01 09:22:33.706,8.80704,8.80892,1.41,1.05
2011.02.01 09:22:39.946,8.80704,8.8091,1.41,2.55
2011.02.01 09:22:43.629,8.80704,8.80892,1.41,1.05
2011.02.01 09:22:45.112,8.80704,8.8091,1.41,2.55
2011.02.01 09:22:46.950,8.80704,8.8091,1.41,2.55
2011.02.01 09:22:49.347,8.80718,8.80898,1.50,1.20
2011.02.01 09:22:49.571,8.80728,8.80922,1.13,1.20
2011.02.01 09:22:51.345,8.80728,8.80932,1.13,1.28
2011.02.01 09:22:53.208,8.80728,8.80932,1.13,1.43
2011.02.01 09:22:54.661,8.80728,8.80928,1.13,1.05
2011.02.01 09:22:57.260,8.80728,8.80922,1.13,1.20
2011.02.01 09:22:58.346,8.80727,8.80862,1.03,3.75
2011.02.01 09:22:58.463,8.80677,8.80871,3.75,1.13
2011.02.01 09:22:58.582,8.80683,8.80871,1.50,1.13
2011.02.01 09:22:58.702,8.80697,8.80903,1.13,1.28
2011.02.01 09:22:59.704,8.80697,8.80898,1.13,1.05
2011.02.01 09:23:00.747,8.80697,8.80898,1.13,2.70
2011.02.01 09:23:01.399,8.80697,8.80898,1.13,2.70
2011.02.01 09:23:01.731,8.807,8.80893,1.41,1.05
2011.02.01 09:23:06.900,8.80699,8.80902,1.41,1.05
2011.02.01 09:23:07.230,8.80687,8.80882,1.50,1.05
2011.02.01 09:23:07.561,8.80694,8.80882,1.41,1.05
2011.02.01 09:23:07.680,8.80698,8.80892,1.41,1.20
2011.02.01 09:23:09.401,8.80698,8.80892,1.41,1.20
2011.02.01 09:23:15.474,8.80701,8.80872,1.41,1.20
2011.02.01 09:23:15.987,8.80701,8.80892,1.41,1.20
2011.02.01 09:23:16.105,8.80701,8.80872,1.41,1.20
2011.02.01 09:23:20.725,8.80701,8.80903,1.41,2.14
2011.02.01 09:23:21.741,8.80697,8.80883,1.13,1.20
2011.02.01 09:23:22.870,8.80697,8.80886,1.13,2.48
2011.02.01 09:23:23.131,8.80697,8.80886,1.13,2.10
2011.02.01 09:23:23.582,8.80697,8.80873,1.13,1.20
2011.02.01 09:23:24.649,8.807,8.80903,1.41,1.54
2011.02.01 09:23:25.710,8.807,8.80903,1.41,1.54
2011.02.01 09:23:31.412,8.807,8.80893,1.41,1.20
2011.02.01 09:23:31.816,8.807,8.80872,1.41,1.20
2011.02.01 09:23:38.252,8.807,8.80903,1.41,1.54
2011.02.01 09:23:39.434,8.80697,8.80899,1.13,2.48
2011.02.01 09:23:42.696,8.80701,8.80873,1.41,1.20
2011.02.01 09:23:43.116,8.80701,8.80892,1.41,1.20
2011.02.01 09:23:44.162,8.80701,8.80872,1.41,1.20
2011.02.01 09:23:44.281,8.80701,8.80893,1.41,1.20
2011.02.01 09:23:51.894,8.80701,8.80873,1.41,1.20
2011.02.01 09:23:55.459,8.80701,8.80892,1.41,1.20
2011.02.01 09:23:56.537,8.80701,8.80872,1.41,1.20
2011.02.01 09:23:57.632,8.80701,8.80907,1.41,1.28
2011.02.01 09:23:57.749,8.80701,8.80907,1.41,1.28
2011.02.01 09:23:57.971,8.80697,8.80903,1.13,1.28
2011.02.01 09:23:58.633,8.80697,8.80892,1.13,1.09
2011.02.01 09:23:59.440,8.80697,8.80872,1.13,1.20
2011.02.01 09:23:59.835,8.80701,8.80872,1.41,1.20
2011.02.01 09:24:00.444,8.80701,8.80892,1.41,1.20
2011.02.01 09:24:01.683,8.80701,8.80893,1.41,1.20
2011.02.01 09:24:04.919,8.80701,8.80905,1.41,1.28
2011.02.01 09:24:05.251,8.80701,8.80905,1.41,1.28
2011.02.01 09:24:05.705,8.80697,8.80903,1.13,1.28
2011.02.01 09:24:06.987,8.80697,8.80887,1.13,1.05
2011.02.01 09:24:07.710,8.8068,8.80886,1.41,2.33
2011.02.01 09:24:12.468,8.80667,8.80886,2.16,2.33
2011.02.01 09:24:13.371,8.80667,8.80873,2.16,1.20
2011.02.01 09:24:13.995,8.80667,8.80886,2.16,2.33
2011.02.01 09:24:23.690,8.80667,8.80897,2.16,1.05
2011.02.01 09:24:24.219,8.80667,8.80886,2.16,2.10
2011.02.01 09:24:25.052,8.80667,8.80897,2.16,1.05
2011.02.01 09:24:27.501,8.80667,8.80886,2.16,2.33
2011.02.01 09:24:34.085,8.80667,8.80897,2.16,1.05
2011.02.01 09:24:35.091,8.80658,8.80866,4.41,1.13
2011.02.01 09:24:36.094,8.80667,8.80877,1.88,1.05
2011.02.01 09:24:36.439,8.80676,8.8088,1.03,1.05
2011.02.01 09:24:43.184,8.80676,8.80882,1.03,1.13
2011.02.01 09:25:10.684,8.80676,8.8088,1.03,1.05
2011.02.01 09:25:20.396,8.80676,8.80882,1.03,1.13
2011.02.01 09:25:22.393,8.80676,8.8088,1.03,1.05
2011.02.01 09:25:23.313,8.80676,8.80882,1.03,1.13
2011.02.01 09:25:23.653,8.80656,8.8088,2.16,1.13
2011.02.01 09:25:23.772,8.80668,8.80872,1.03,2.14
2011.02.01 09:25:23.892,8.80668,8.80872,1.03,2.14
2011.02.01 09:25:24.753,8.80668,8.80872,1.03,1.54
2011.02.01 09:25:25.535,8.80668,8.80873,1.03,1.05
2011.02.01 09:25:26.236,8.80678,8.80874,3.75,1.28
2011.02.01 09:25:26.571,8.8072,8.80924,1.03,2.33
2011.02.01 09:25:28.586,8.8072,8.80913,1.03,1.20
2011.02.01 09:25:29.696,8.8072,8.80912,1.03,1.20
2011.02.01 09:25:30.571,8.8072,8.80943,1.03,1.28
2011.02.01 09:25:30.800,8.80697,8.80924,4.78,1.13
2011.02.01 09:25:31.312,8.80697,8.80907,1.03,1.13
2011.02.01 09:25:32.673,8.80697,8.80903,1.03,1.39
2011.02.01 09:25:38.990,8.80678,8.80898,5.16,2.55
2011.02.01 09:25:39.353,8.80678,8.80853,3.75,1.13
2011.02.01 09:25:39.475,8.80672,8.80876,2.16,1.13
2011.02.01 09:25:39.591,8.80672,8.80887,2.16,1.13
2011.02.01 09:25:39.710,8.80681,8.80892,1.03,1.13
2011.02.01 09:26:27.179,8.80672,8.80887,2.16,1.13
2011.02.01 09:26:27.402,8.80674,8.80897,1.03,1.05
2011.02.01 09:26:32.961,8.80672,8.80878,2.16,1.13
2011.02.01 09:26:34.878,8.80684,8.80872,1.50,1.05
2011.02.01 09:26:34.991,8.80684,8.80878,1.88,1.05
2011.02.01 09:26:37.719,8.80687,8.80893,1.13,1.28
2011.02.01 09:26:37.835,8.80677,8.80893,1.03,1.28
2011.02.01 09:26:37.952,8.80687,8.80893,1.03,1.28
2011.02.01 09:26:38.666,8.80687,8.80893,1.03,4.02
2011.02.01 09:26:39.694,8.80687,8.80883,1.03,1.20
2011.02.01 09:26:42.705,8.80687,8.80863,1.03,1.20
2011.02.01 09:26:42.960,8.80687,8.80883,1.03,1.20
2011.02.01 09:26:47.063,8.80658,8.80862,2.16,1.05
2011.02.01 09:26:47.184,8.80658,8.80862,2.16,1.05
2011.02.01 09:26:48.771,8.80658,8.80853,2.16,2.14
2011.02.01 09:26:50.729,8.80658,8.80843,2.16,1.20
2011.02.01 09:26:53.419,8.80658,8.80822,2.16,1.20
2011.02.01 09:26:54.623,8.80658,8.80803,2.16,1.20
2011.02.01 09:26:55.369,8.80652,8.80782,2.16,1.20
2011.02.01 09:26:59.160,8.80652,8.80847,2.16,1.50
2011.02.01 09:26:59.271,8.80652,8.80803,2.16,1.69
2011.02.01 09:26:59.384,8.80613,8.80768,1.32,1.05
2011.02.01 09:26:59.501,8.80653,8.80768,1.50,1.05
2011.02.01 09:26:59.788,8.80653,8.8079,1.50,1.50
2011.02.01 09:26:59.913,8.80653,8.80822,2.16,1.20
2011.02.01 09:27:00.845,8.80653,8.80853,2.16,1.54
2011.02.01 09:27:01.992,8.80653,8.80822,2.16,1.20
2011.02.01 09:27:02.544,8.80647,8.80763,3.75,1.13
2011.02.01 09:27:02.667,8.80587,8.80763,3.75,1.13
2011.02.01 09:27:05.039,8.80587,8.80763,3.94,1.13
2011.02.01 09:27:05.397,8.80658,8.80769,3.75,1.13
2011.02.01 09:27:05.741,8.80626,8.80802,1.50,1.77
2011.02.01 09:27:05.969,8.80613,8.80802,1.50,1.77
2011.02.01 09:27:06.694,8.80613,8.80802,1.50,2.14
2011.02.01 09:27:07.733,8.80613,8.80802,1.50,1.77
2011.02.01 09:27:10.020,8.80609,8.80802,1.50,1.77
2011.02.01 09:27:11.488,8.80609,8.80814,1.50,2.70
2011.02.01 09:27:12.601,8.80598,8.80814,1.03,2.70
2011.02.01 09:27:12.712,8.80598,8.80807,1.03,1.20
2011.02.01 09:27:13.724,8.80608,8.80803,2.16,1.05
2011.02.01 09:27:15.771,8.80608,8.80792,2.16,1.20
2011.02.01 09:27:15.894,8.80608,8.80813,2.16,1.05
2011.02.01 09:27:16.713,8.80608,8.80803,2.16,1.05
2011.02.01 09:27:21.139,8.80608,8.80802,2.16,1.54
2011.02.01 09:27:21.548,8.80608,8.80803,2.16,1.05
2011.02.01 09:27:39.782,8.8061,8.80803,2.16,1.05
2011.02.01 09:27:40.120,8.80628,8.80802,3.75,2.55
2011.02.01 09:27:40.394,8.80603,8.80802,3.75,2.55
2011.02.01 09:27:40.513,8.80599,8.80802,1.50,2.55
2011.02.01 09:27:53.093,8.80584,8.80779,1.50,1.13
2011.02.01 09:27:54.741,8.80584,8.80757,1.50,1.20
2011.02.01 09:27:55.390,8.80584,8.80743,1.50,1.20
2011.02.01 09:27:56.975,8.80584,8.80753,1.50,1.05
2011.02.01 09:28:01.640,8.80555,8.80753,2.16,1.05
2011.02.01 09:28:01.791,8.80555,8.80742,2.16,1.20
2011.02.01 09:28:05.220,8.80555,8.80752,2.16,1.54
2011.02.01 09:28:07.344,8.80555,8.80743,2.16,1.20
2011.02.01 09:28:08.269,8.8055,8.80733,1.41,1.05
2011.02.01 09:28:09.147,8.80528,8.80707,2.16,1.20
2011.02.01 09:28:09.953,8.80528,8.80742,2.16,1.05
2011.02.01 09:28:25.871,8.80527,8.80731,1.50,2.55
2011.02.01 09:28:26.413,8.80539,8.80723,1.50,1.28
2011.02.01 09:28:27.622,8.80538,8.80723,1.50,1.28
2011.02.01 09:28:29.632,8.80536,8.80717,1.50,1.20
2011.02.01 09:28:30.007,8.80536,8.80703,1.50,1.05
2011.02.01 09:28:30.561,8.80536,8.80692,1.50,1.20
2011.02.01 09:28:34.170,8.80536,8.80703,1.50,1.05
2011.02.01 09:28:34.945,8.80536,8.80722,1.50,1.05
2011.02.01 09:28:37.196,8.80536,8.80713,1.50,1.09
2011.02.01 09:28:42.862,8.80535,8.80713,1.50,1.09
2011.02.01 09:28:43.231,8.80535,8.80722,1.50,1.05
2011.02.01 09:28:43.343,8.80514,8.80722,2.16,1.05
2011.02.01 09:28:43.706,8.80514,8.80708,1.50,1.13
2011.02.01 09:28:45.375,8.80527,8.80708,3.75,1.43
2011.02.01 09:28:45.715,8.80551,8.80722,1.50,1.20
2011.02.01 09:28:46.136,8.80551,8.80743,1.50,1.20
2011.02.01 09:28:46.964,8.80549,8.80745,1.50,2.48
2011.02.01 09:28:47.244,8.80549,8.80723,1.50,1.20
2011.02.01 09:28:47.903,8.80549,8.80745,1.50,2.48
2011.02.01 09:28:48.865,8.80549,8.80723,1.50,1.20
2011.02.01 09:28:52.902,8.80549,8.80745,1.50,2.48
2011.02.01 09:28:57.750,8.80533,8.8073,1.88,2.70
2011.02.01 09:28:57.971,8.80533,8.80724,1.50,2.70
2011.02.01 09:28:58.705,8.80533,8.80724,1.50,1.28
2011.02.01 09:28:58.894,8.80533,8.80722,1.50,1.77
2011.02.01 09:28:59.683,8.80533,8.80712,1.50,1.20
2011.02.01 09:29:02.697,8.80532,8.80712,1.50,1.20
2011.02.01 09:29:04.474,8.80531,8.80712,1.50,1.20
2011.02.01 09:29:06.490,8.80531,8.80724,1.50,2.59
2011.02.01 09:29:06.928,8.80511,8.80707,1.50,1.13
2011.02.01 09:29:08.013,8.80528,8.80707,3.75,1.43
2011.02.01 09:29:08.612,8.80549,8.80722,1.50,1.20
2011.02.01 09:29:09.670,8.80549,8.80743,1.50,1.20
2011.02.01 09:29:09.797,8.80549,8.80748,1.50,1.05
2011.02.01 09:29:10.177,8.80549,8.80743,1.50,1.20
2011.02.01 09:29:10.909,8.80549,8.80742,1.50,1.20
2011.02.01 09:29:11.239,8.80549,8.80702,1.50,2.14
2011.02.01 09:29:11.742,8.80528,8.80702,4.41,2.14
2011.02.01 09:29:15.215,8.80528,8.80683,4.41,1.20
2011.02.01 09:29:15.335,8.80515,8.80717,1.41,1.20
2011.02.01 09:29:15.458,8.80498,8.80709,1.03,1.43
2011.02.01 09:29:16.769,8.80498,8.80703,1.03,1.05
2011.02.01 09:29:17.538,8.80498,8.8068,4.41,2.55
2011.02.01 09:29:17.876,8.80515,8.80692,2.16,1.05
2011.02.01 09:29:18.325,8.80518,8.80702,1.03,1.20
2011.02.01 09:29:20.728,8.80518,8.80703,1.03,1.20
2011.02.01 09:29:22.983,8.80502,8.80692,2.16,1.05
2011.02.01 09:29:25.856,8.80498,8.80642,1.32,1.05
2011.02.01 09:29:25.985,8.80497,8.80663,1.32,1.05
2011.02.01 09:29:31.443,8.80497,8.80642,1.32,1.05
2011.02.01 09:29:38.561,8.80478,8.80638,4.50,1.13
2011.02.01 09:29:38.673,8.80418,8.80638,1.32,1.13
2011.02.01 09:29:39.082,8.80407,8.80613,1.32,1.13
2011.02.01 09:29:42.461,8.80407,8.80613,1.32,1.13
2011.02.01 09:29:43.826,8.80407,8.80603,1.32,1.05
2011.02.01 09:29:44.354,8.80407,8.80603,1.32,1.05
2011.02.01 09:29:44.840,8.80407,8.80613,1.32,1.28
2011.02.01 09:29:45.771,8.80407,8.80603,1.32,1.05
2011.02.01 09:29:58.828,8.80467,8.80613,1.50,1.13
2011.02.01 09:29:58.945,8.80467,8.80652,1.50,1.13
2011.02.01 09:30:06.703,8.80468,8.80652,1.50,1.13
2011.02.01 09:30:09.062,8.8047,8.80652,1.50,1.13
2011.02.01 09:30:10.451,8.80468,8.80652,1.50,1.13
2011.02.01 09:30:12.622,8.80466,8.80652,1.50,1.13
2011.02.01 09:30:17.985,8.8046,8.80652,1.50,1.13
2011.02.01 09:30:18.107,8.80474,8.80642,1.50,1.20
2011.02.01 09:30:18.715,8.80508,8.80642,3.75,1.20
2011.02.01 09:30:20.658,8.80508,8.80643,3.75,1.20
2011.02.01 09:30:23.172,8.80508,8.80652,3.75,1.77
2011.02.01 09:30:23.400,8.80508,8.80652,4.41,1.77
2011.02.01 09:30:24.691,8.80517,8.80652,4.41,2.14
2011.02.01 09:30:25.128,8.80548,8.80683,4.13,1.20
2011.02.01 09:30:25.980,8.80558,8.80702,1.03,1.20
2011.02.01 09:30:26.768,8.80558,8.80683,1.03,1.20
2011.02.01 09:30:27.632,8.80558,8.80673,1.03,1.20
2011.02.01 09:30:28.724,8.80558,8.80642,1.03,1.20
2011.02.01 09:30:32.614,8.80558,8.80663,1.03,1.20
2011.02.01 09:30:32.854,8.80558,8.80642,1.03,1.20
2011.02.01 09:30:33.345,8.80558,8.80663,1.03,1.20
2011.02.01 09:30:33.535,8.80558,8.80733,1.03,2.48
2011.02.01 09:30:36.087,8.80558,8.80673,1.03,1.20
2011.02.01 09:30:36.813,8.80516,8.80663,1.03,1.20
2011.02.01 09:30:37.886,8.80516,8.8072,1.03,2.48
2011.02.01 09:30:38.719,8.80516,8.80652,1.03,1.20
2011.02.01 09:30:39.209,8.80516,8.80633,1.03,1.20
2011.02.01 09:30:40.219,8.80516,8.80653,1.03,1.20
2011.02.01 09:30:42.608,8.80516,8.80652,1.03,1.20
2011.02.01 09:30:43.231,8.80516,8.80632,1.03,1.20
2011.02.01 09:30:43.696,8.80516,8.80652,1.03,1.20
2011.02.01 09:30:45.111,8.80515,8.80712,1.03,1.20
2011.02.01 09:30:45.332,8.80515,8.80678,1.03,3.75
2011.02.01 09:30:45.673,8.80509,8.80672,1.03,1.20
2011.02.01 09:30:46.923,8.80504,8.80652,1.03,1.20
2011.02.01 09:30:47.947,8.80504,8.80632,1.03,1.20
2011.02.01 09:30:49.133,8.80504,8.80672,1.03,1.20
2011.02.01 09:30:50.892,8.80499,8.80653,1.03,1.20
2011.02.01 09:30:51.943,8.80499,8.80643,1.03,1.20
2011.02.01 09:30:53.652,8.80499,8.80683,1.03,3.90
2011.02.01 09:30:53.770,8.80474,8.80648,1.41,4.50
2011.02.01 09:30:53.993,8.80311,8.80547,1.41,1.13
2011.02.01 09:30:54.382,8.80261,8.80522,1.88,4.50
2011.02.01 09:30:55.293,8.80292,8.80492,1.88,4.50
2011.02.01 09:31:01.808,8.80317,8.80494,4.13,1.65
2011.02.01 09:31:03.742,8.80329,8.80523,1.03,1.20
2011.02.01 09:31:04.651,8.80329,8.80502,1.03,1.20
2011.02.01 09:31:05.917,8.80329,8.80503,1.03,1.20
2011.02.01 09:31:06.032,8.80329,8.80522,1.03,1.20
2011.02.01 09:31:08.854,8.80329,8.80533,1.03,2.48
2011.02.01 09:31:10.025,8.80328,8.80533,4.41,2.85
2011.02.01 09:31:10.151,8.80298,8.80502,1.41,3.75
2011.02.01 09:31:10.270,8.80282,8.80503,1.03,1.13
2011.02.01 09:31:10.913,8.8027,8.80497,1.03,1.05
2011.02.01 09:31:11.517,8.80273,8.80477,1.03,1.05
2011.02.01 09:31:13.094,8.80268,8.80472,1.03,1.20
2011.02.01 09:31:13.848,8.80268,8.80463,1.03,1.20
2011.02.01 09:31:15.738,8.80268,8.80443,1.03,1.20
2011.02.01 09:31:16.464,8.80268,8.80463,1.03,1.20
2011.02.01 09:31:19.487,8.80268,8.80442,1.03,1.20
2011.02.01 09:31:19.610,8.80268,8.80463,1.03,1.20
2011.02.01 09:31:20.113,8.80272,8.80478,1.03,2.70
2011.02.01 09:31:20.690,8.80272,8.80478,1.03,1.05
2011.02.01 09:31:21.654,8.80272,8.80478,1.03,2.70
2011.02.01 09:31:23.227,8.80272,8.80478,1.03,2.48
2011.02.01 09:31:23.918,8.80272,8.80442,1.03,1.20
2011.02.01 09:31:25.113,8.80272,8.80463,1.03,1.20
2011.02.01 09:31:25.235,8.80272,8.80423,1.03,1.20
2011.02.01 09:31:26.422,8.80272,8.80443,1.03,1.20
2011.02.01 09:31:26.533,8.80272,8.80463,1.03,1.20
2011.02.01 09:31:27.253,8.80277,8.80481,1.03,2.70
2011.02.01 09:31:27.378,8.80277,8.80463,1.03,1.20
2011.02.01 09:31:28.045,8.80277,8.80433,1.03,1.20
2011.02.01 09:31:28.633,8.80277,8.80453,1.03,1.20
2011.02.01 09:31:28.970,8.80277,8.80432,1.03,1.20
2011.02.01 09:31:35.651,8.80277,8.80472,1.03,1.20
2011.02.01 09:31:35.949,8.80277,8.80452,1.03,1.20
2011.02.01 09:31:36.994,8.80277,8.80481,1.03,2.48
2011.02.01 09:31:37.890,8.80277,8.80473,1.03,1.20
2011.02.01 09:31:39.275,8.80277,8.80453,1.03,1.20
2011.02.01 09:31:42.000,8.80277,8.80432,1.03,1.20
2011.02.01 09:31:43.236,8.80277,8.80412,1.03,1.20
2011.02.01 09:31:46.937,8.80277,8.80432,1.03,1.20
2011.02.01 09:31:47.190,8.80277,8.80413,1.03,1.20
2011.02.01 09:31:47.971,8.80277,8.80433,1.03,1.20
2011.02.01 09:31:49.101,8.80277,8.80453,1.03,1.20
2011.02.01 09:31:49.808,8.80282,8.80473,1.03,1.20
2011.02.01 09:31:50.364,8.80282,8.80472,1.03,1.20
2011.02.01 09:31:51.084,8.80282,8.80452,1.03,1.20
2011.02.01 09:31:51.682,8.80282,8.80472,1.03,1.20
2011.02.01 09:31:52.931,8.80282,8.80433,1.03,1.20
2011.02.01 09:31:54.311,8.80277,8.80443,1.03,1.20
2011.02.01 09:31:54.909,8.80277,8.80423,1.03,1.20
2011.02.01 09:31:55.292,8.80277,8.80433,1.03,1.20
2011.02.01 09:31:55.884,8.80277,8.80412,1.03,1.20
2011.02.01 09:31:59.705,8.80277,8.80483,1.03,2.48
2011.02.01 09:32:01.047,8.80297,8.80483,1.13,2.48
2011.02.01 09:32:01.789,8.80297,8.80472,1.78,1.20
2011.02.01 09:32:02.495,8.80297,8.80501,1.78,2.48
2011.02.01 09:32:03.354,8.80297,8.80493,1.78,1.20
2011.02.01 09:32:03.695,8.80297,8.80472,1.78,1.20
2011.02.01 09:32:04.210,8.80297,8.80472,1.03,1.20
2011.02.01 09:32:07.739,8.80297,8.80492,1.03,1.20
2011.02.01 09:32:12.169,8.80279,8.80493,2.16,1.20
2011.02.01 09:32:12.281,8.80279,8.80493,2.16,1.20
2011.02.01 09:32:13.136,8.80279,8.80493,2.16,1.20
2011.02.01 09:32:14.816,8.80278,8.80492,4.41,1.20
2011.02.01 09:32:17.372,8.80278,8.80502,4.41,1.20
2011.02.01 09:32:23.962,8.80278,8.80493,4.41,1.20
2011.02.01 09:32:24.085,8.80278,8.80502,4.41,1.20
2011.02.01 09:32:24.370,8.80278,8.80493,4.41,1.20
2011.02.01 09:32:27.563,8.80278,8.80502,4.41,1.05
2011.02.01 09:32:29.632,8.80278,8.80492,4.41,1.20
2011.02.01 09:32:38.046,8.80278,8.80473,4.41,1.20
2011.02.01 09:32:44.290,8.80278,8.80502,4.41,2.48
2011.02.01 09:32:46.166,8.80217,8.80432,1.41,2.82
2011.02.01 09:32:46.287,8.80182,8.80413,1.41,4.13
2011.02.01 09:32:46.406,8.80207,8.80412,1.59,4.13
2011.02.01 09:32:46.777,8.80257,8.80413,3.75,1.13
2011.02.01 09:32:46.908,8.80229,8.80431,1.41,1.88
2011.02.01 09:33:41.872,8.80228,8.80458,1.41,2.78
2011.02.01 09:33:46.899,8.80228,8.80468,1.41,1.05
2011.02.01 09:33:50.046,8.80236,8.80443,1.03,1.13
2011.02.01 09:33:50.171,8.80256,8.80485,1.03,1.50
2011.02.01 09:33:50.514,8.80287,8.80503,1.03,1.13
2011.02.01 09:34:44.580,8.80287,8.80493,1.03,1.20
2011.02.01 09:34:47.522,8.80288,8.80503,1.03,1.28
2011.02.01 09:34:47.871,8.80288,8.80492,1.03,1.20
2011.02.01 09:34:50.159,8.80268,8.80492,5.91,1.20
2011.02.01 09:34:50.839,8.80269,8.80496,2.16,2.33
2011.02.01 09:34:51.796,8.80269,8.80496,2.16,2.33
2011.02.01 09:34:52.720,8.80269,8.80497,2.16,1.05
2011.02.01 09:34:52.944,8.80267,8.80508,4.41,1.05
2011.02.01 09:34:53.354,8.80253,8.80502,2.16,4.50
2011.02.01 09:34:59.870,8.80267,8.80508,4.41,1.05
2011.02.01 09:35:01.648,8.80268,8.80496,2.16,2.33
2011.02.01 09:35:04.312,8.80268,8.8052,2.16,1.50
2011.02.01 09:35:04.687,8.80302,8.80526,1.88,1.50
2011.02.01 09:35:04.808,8.80314,8.80538,1.03,1.05
2011.02.01 09:35:04.923,8.80313,8.80523,1.03,1.13
2011.02.01 09:35:07.764,8.80313,8.80519,1.03,2.70
2011.02.01 09:35:08.114,8.80313,8.80523,1.03,1.28
2011.02.01 09:35:09.388,8.80288,8.80516,4.59,1.88
2011.02.01 09:35:09.508,8.80268,8.80503,1.03,1.13
2011.02.01 09:35:09.624,8.80264,8.80492,1.03,1.13
2011.02.01 09:35:09.745,8.80238,8.80484,4.59,1.13
2011.02.01 09:35:10.210,8.80238,8.80478,4.59,1.13
2011.02.01 09:35:15.845,8.80194,8.80423,1.41,4.32
2011.02.01 09:35:15.967,8.80194,8.80423,1.41,4.32
2011.02.01 09:35:16.086,8.80187,8.80416,1.41,1.13
2011.02.01 09:35:40.627,8.80152,8.8035,4.50,1.13
2011.02.01 09:35:40.747,8.80152,8.8035,3.75,1.13
2011.02.01 09:35:41.216,8.80152,8.80332,3.75,1.13
2011.02.01 09:35:43.942,8.80152,8.80332,3.75,1.13
2011.02.01 09:35:44.514,8.80152,8.80323,3.75,1.69
2011.02.01 09:35:44.875,8.80152,8.80253,3.75,1.13
2011.02.01 09:35:45.361,8.80152,8.80253,3.75,1.13
2011.02.01 09:35:48.779,8.80047,8.80253,1.03,4.13
2011.02.01 09:36:03.131,8.80047,8.80257,1.03,1.43
2011.02.01 09:36:04.326,8.80047,8.80257,1.03,1.13
2011.02.01 09:36:06.347,8.80047,8.80257,1.03,1.40
2011.02.01 09:36:07.507,8.80047,8.80257,1.03,1.13
2011.02.01 09:36:14.664,8.80064,8.80293,1.03,1.13
2011.02.01 09:36:15.005,8.80168,8.80311,3.75,1.50
2011.02.01 09:36:15.373,8.80168,8.80349,3.75,1.13
2011.02.01 09:36:20.186,8.80177,8.80381,3.75,1.13
2011.02.01 09:36:33.206,8.80152,8.8038,4.41,1.13
2011.02.01 09:36:33.436,8.80152,8.8036,4.41,1.13
2011.02.01 09:36:40.551,8.80137,8.80362,4.41,1.13
2011.02.01 09:36:42.565,8.80195,8.80423,1.88,1.50
2011.02.01 09:36:42.922,8.80253,8.80442,1.03,4.50
2011.02.01 09:36:43.043,8.80253,8.80463,1.03,1.13
2011.02.01 09:36:44.729,8.80253,8.80459,1.03,1.05
2011.02.01 09:36:45.114,8.80253,8.80463,1.03,1.13
2011.02.01 09:37:00.362,8.80302,8.80463,3.75,1.13
2011.02.01 09:37:00.705,8.80337,8.80489,4.13,1.50
2011.02.01 09:37:00.823,8.80337,8.80489,4.13,1.50
2011.02.01 09:37:55.871,8.80337,8.80495,4.13,1.50
2011.02.01 09:38:00.489,8.80337,8.80495,3.75,1.50
2011.02.01 09:38:00.755,8.80293,8.80495,1.50,1.50
2011.02.01 09:38:03.995,8.80296,8.80495,1.50,1.50
2011.02.01 09:38:04.335,8.80318,8.80501,3.75,1.50
2011.02.01 09:38:05.662,8.80318,8.80506,3.75,1.50
2011.02.01 09:38:05.771,8.80337,8.80506,3.75,1.50
2011.02.01 09:38:18.511,8.80337,8.80506,3.75,1.50
2011.02.01 09:38:18.624,8.80293,8.80506,4.20,1.50
2011.02.01 09:38:18.985,8.80293,8.8051,1.50,1.50
2011.02.01 09:38:24.260,8.80293,8.8051,3.98,1.50
2011.02.01 09:38:26.857,8.80293,8.8051,1.50,1.50
2011.02.01 09:38:28.853,8.80296,8.8051,1.50,1.50
2011.02.01 09:38:29.454,8.80296,8.8051,4.20,1.50
2011.02.01 09:38:30.664,8.80296,8.8051,1.50,1.50
2011.02.01 09:38:38.942,8.80349,8.8051,1.50,1.50
2011.02.01 09:38:39.273,8.80349,8.8051,1.69,1.50
2011.02.01 09:38:39.394,8.80368,8.8058,1.50,1.50
2011.02.01 09:38:39.513,8.80368,8.80613,2.16,1.50
2011.02.01 09:39:34.380,8.8037,8.80613,2.16,1.50
2011.02.01 09:39:37.188,8.80378,8.80623,2.16,5.44
2011.02.01 09:40:21.961,8.80367,8.80619,10.71,1.50
2011.02.01 09:40:38.749,8.80388,8.80619,1.11,1.50
2011.02.01 09:40:39.028,8.80368,8.80619,1.33,1.50
2011.02.01 09:40:40.736,8.80388,8.80619,1.11,1.50
2011.02.01 09:40:43.847,8.80367,8.80619,10.71,1.50
2011.02.01 09:40:43.973,8.80387,8.80619,1.33,1.50
2011.02.01 09:40:54.179,8.80367,8.80619,10.71,1.50
2011.02.01 09:40:54.412,8.80382,8.80619,1.18,1.50
2011.02.01 09:40:56.922,8.80368,8.80619,1.33,1.50
2011.02.01 09:40:57.986,8.80388,8.80619,1.11,1.50
2011.02.01 09:40:58.371,8.80367,8.80619,10.71,1.50
2011.02.01 09:40:58.976,8.80388,8.80619,1.11,1.50
2011.02.01 09:41:04.808,8.80417,8.80619,1.20,1.50
2011.02.01 09:41:12.583,8.80427,8.80619,1.20,1.50
2011.02.01 09:41:12.708,8.80417,8.80619,1.20,1.50
2011.02.01 09:41:12.923,8.80427,8.80619,1.20,1.50
2011.02.01 09:41:13.264,8.80418,8.80619,1.20,1.50
2011.02.01 09:41:25.401,8.80383,8.80618,1.14,1.50
2011.02.01 09:41:25.762,8.80428,8.80618,1.50,1.50
2011.02.01 09:41:26.726,8.80428,8.80647,2.03,1.50
2011.02.01 09:42:20.659,8.80458,8.80647,1.05,1.50
2011.02.01 09:42:25.843,8.80448,8.80647,1.20,1.50
2011.02.01 09:43:09.420,8.80428,8.80647,1.50,1.50
2011.02.01 09:43:22.191,8.80447,8.80647,1.20,1.50
2011.02.01 09:43:29.773,8.80458,8.80647,1.20,1.50
2011.02.01 09:43:42.180,8.80457,8.80647,1.20,1.50
2011.02.01 09:43:49.456,8.80447,8.80647,1.20,1.50
2011.02.01 09:43:49.574,8.80457,8.80647,1.20,1.50
2011.02.01 09:43:56.092,8.80437,8.80647,1.20,1.50
2011.02.01 09:44:04.595,8.80438,8.80647,1.20,1.50
2011.02.01 09:44:04.942,8.80448,8.80647,1.05,1.50
2011.02.01 09:44:05.062,8.8045,8.80659,4.43,1.50
2011.02.01 09:44:08.558,8.80467,8.80669,1.05,1.50
2011.02.01 09:45:03.435,8.80454,8.80669,2.03,1.50
2011.02.01 09:45:08.480,8.80434,8.80669,1.50,1.50
2011.02.01 09:45:23.329,8.80454,8.80669,1.58,1.50
2011.02.01 09:45:23.442,8.80454,8.80669,1.50,1.50
2011.02.01 09:45:28.620,8.80454,8.80677,1.50,1.50
2011.02.01 09:45:30.582,8.80493,8.80677,1.50,1.50
2011.02.01 09:45:30.958,8.80499,8.80677,1.50,1.50
2011.02.01 09:45:31.079,8.80494,8.80737,2.16,1.50
2011.02.01 09:45:32.453,8.805,8.80737,2.34,1.50
2011.02.01 09:45:32.832,8.80528,8.80759,3.75,1.50
2011.02.01 09:45:32.945,8.80529,8.80759,2.16,1.50
2011.02.01 09:45:36.795,8.80533,8.80774,4.69,1.50
2011.02.01 09:45:37.205,8.80558,8.80774,4.13,1.50
2011.02.01 09:46:37.115,8.80558,8.80757,1.50,1.05
2011.02.01 09:46:40.392,8.80559,8.80757,1.50,1.05
2011.02.01 09:46:48.159,8.80559,8.80749,1.50,2.29
2011.02.01 09:46:48.492,8.80559,8.80757,1.50,1.05
2011.02.01 09:47:00.198,8.80563,8.80774,1.50,1.65
2011.02.01 09:47:00.554,8.80637,8.80852,1.41,4.32
2011.02.01 09:47:00.674,8.80617,8.80842,1.03,1.13
2011.02.01 09:47:01.547,8.80617,8.80823,1.03,1.13
2011.02.01 09:47:58.414,8.80618,8.80841,5.34,1.13
2011.02.01 09:47:58.753,8.80642,8.80872,1.59,4.88
2011.02.01 09:48:00.274,8.80648,8.80896,4.41,1.50
2011.02.01 09:48:13.173,8.80648,8.80877,4.41,1.17
2011.02.01 09:48:20.367,8.80648,8.80888,4.41,1.05
2011.02.01 09:48:28.424,8.80648,8.80862,4.41,1.20
2011.02.01 09:48:29.429,8.80648,8.80843,4.41,1.20
2011.02.01 09:48:29.993,8.80648,8.80872,4.41,2.48
2011.02.01 09:48:30.799,8.80648,8.80842,4.41,1.20
2011.02.01 09:48:30.907,8.80648,8.80862,4.41,1.20
2011.02.01 09:48:31.320,8.80648,8.80843,4.41,1.20
2011.02.01 09:48:31.677,8.80648,8.80862,4.41,1.20
2011.02.01 09:48:37.711,8.80648,8.80872,4.41,1.20
2011.02.01 09:48:38.734,8.80648,8.80863,4.41,1.20
2011.02.01 09:48:38.855,8.80648,8.80872,4.41,1.20
2011.02.01 09:48:39.931,8.80648,8.80872,4.41,1.50
2011.02.01 09:48:40.044,8.80633,8.80773,2.07,3.75
2011.02.01 09:48:40.433,8.80492,8.80737,1.41,1.88
2011.02.01 09:48:43.823,8.80527,8.80742,1.33,1.13
2011.02.01 09:48:44.363,8.80518,8.80742,1.56,1.13
2011.02.01 09:48:44.949,8.80528,8.80742,1.33,1.13
2011.02.01 09:48:48.643,8.80512,8.80724,1.41,1.13
2011.02.01 09:48:55.696,8.80596,8.80724,1.69,1.13
2011.02.01 09:48:55.925,8.80628,8.80847,3.75,1.13
2011.02.01 09:49:18.292,8.80638,8.80863,4.59,1.13
2011.02.01 09:49:56.695,8.80638,8.80888,10.33,1.50
2011.02.01 09:51:30.146,8.8063,8.80888,2.25,1.50
2011.02.01 09:51:30.264,8.80468,8.80636,1.98,1.88
2011.02.01 09:51:30.607,8.80563,8.80792,1.88,1.50
2011.02.01 09:51:30.726,8.80563,8.80787,2.13,1.13
2011.02.01 09:51:30.845,8.80568,8.80864,4.13,2.07
2011.02.01 09:51:30.964,8.80568,8.80864,4.13,4.35
2011.02.01 09:51:31.297,8.80588,8.80864,4.13,2.07
2011.02.01 09:51:31.646,8.80567,8.80843,3.75,4.13
2011.02.01 09:51:36.491,8.80587,8.80824,3.75,1.88
2011.02.01 09:51:36.615,8.80587,8.80843,4.13,1.88
2011.02.01 09:51:37.317,8.80567,8.80843,4.41,4.13
2011.02.01 09:51:38.696,8.80568,8.80823,1.33,4.13
2011.02.01 09:51:39.707,8.80571,8.80823,2.45,4.13
2011.02.01 09:51:45.498,8.80567,8.80823,4.56,4.13
2011.02.01 09:51:45.617,8.80571,8.80823,2.45,4.13
2011.02.01 09:51:46.885,8.80567,8.80823,4.56,4.13
2011.02.01 09:52:08.823,8.80567,8.80776,4.41,1.13
2011.02.01 09:52:32.139,8.80567,8.80775,4.41,1.13
2011.02.01 09:52:37.069,8.80546,8.8082,1.56,1.50
2011.02.01 09:52:40.173,8.80537,8.8077,1.33,1.50
2011.02.01 09:52:42.164,8.80585,8.8077,1.50,1.50
2011.02.01 09:52:42.496,8.80585,8.8078,1.88,1.50
2011.02.01 09:52:42.615,8.80585,8.8078,1.88,1.50
2011.02.01 09:52:43.401,8.80662,8.8078,3.75,1.50
2011.02.01 09:52:43.916,8.80754,8.80877,1.50,1.13
2011.02.01 09:52:44.035,8.80754,8.80902,1.50,5.25
2011.02.01 09:52:44.264,8.80667,8.80925,1.88,1.50
2011.02.01 09:52:44.385,8.80675,8.80925,1.03,1.50
2011.02.01 09:52:46.173,8.80678,8.80903,1.03,4.50
2011.02.01 09:52:46.286,8.80677,8.80884,1.03,1.13
2011.02.01 09:52:46.461,8.80678,8.80902,1.03,1.13
2011.02.01 09:53:00.062,8.80698,8.80902,1.32,1.13
2011.02.01 09:53:00.394,8.80747,8.80903,1.88,4.50
2011.02.01 09:53:00.514,8.80747,8.80903,1.88,3.75
2011.02.01 09:53:00.635,8.80747,8.80953,1.88,1.50
2011.02.01 09:53:02.619,8.80748,8.80948,1.88,1.69
2011.02.01 09:53:03.034,8.80738,8.80922,3.75,1.69
2011.02.01 09:53:03.157,8.80692,8.80922,1.03,5.44
2011.02.01 09:53:06.522,8.80692,8.80922,1.03,5.44
2011.02.01 09:53:06.803,8.80697,8.80922,1.03,5.44
2011.02.01 09:53:09.880,8.80697,8.80901,1.03,1.05
2011.02.01 09:53:10.390,8.80697,8.80918,1.03,1.05
2011.02.01 09:53:12.643,8.80697,8.80901,1.03,1.05
2011.02.01 09:53:17.657,8.80697,8.80901,1.03,2.48
2011.02.01 09:53:22.386,8.80697,8.80901,1.03,1.05
2011.02.01 09:53:26.468,8.80697,8.80918,1.03,1.05
2011.02.01 09:53:28.952,8.80697,8.80901,1.03,1.05
2011.02.01 09:53:29.584,8.80697,8.80917,1.03,1.05
2011.02.01 09:53:33.894,8.80697,8.80901,1.03,1.05
2011.02.01 09:53:34.617,8.80697,8.80917,1.03,1.05
2011.02.01 09:54:06.549,8.80677,8.80927,4.41,1.50
2011.02.01 09:54:12.231,8.80675,8.80782,2.16,1.32
2011.02.01 09:54:12.597,8.80502,8.80772,1.03,1.32
2011.02.01 09:54:20.547,8.80548,8.80732,1.32,4.50
2011.02.01 09:54:21.126,8.80556,8.80782,1.88,1.50
2011.02.01 09:54:27.097,8.80556,8.8076,1.88,1.50
2011.02.01 09:54:58.540,8.80538,8.8076,2.07,1.50
2011.02.01 09:54:58.983,8.80576,8.80787,1.88,1.50
2011.02.01 09:55:32.917,8.80699,8.80787,1.88,1.50
2011.02.01 09:55:33.041,8.80699,8.80911,1.88,1.50
2011.02.01 09:55:33.161,8.80728,8.80911,4.13,1.50
2011.02.01 09:55:33.543,8.8073,8.80954,1.03,2.33
2011.02.01 09:55:34.713,8.80732,8.80933,1.03,1.20
2011.02.01 09:55:35.608,8.80732,8.80932,1.03,1.20
2011.02.01 09:55:35.994,8.80732,8.80953,1.03,1.13
2011.02.01 09:55:36.105,8.80717,8.80902,4.13,1.69
2011.02.01 09:55:36.223,8.80717,8.80907,3.75,1.32
2011.02.01 09:55:36.443,8.80697,8.80842,1.03,3.75
2011.02.01 09:55:41.753,8.80701,8.80822,1.03,3.75
2011.02.01 09:55:42.084,8.80728,8.80913,1.03,1.20
2011.02.01 09:55:42.722,8.80728,8.80912,1.03,1.20
2011.02.01 09:55:43.770,8.80728,8.80913,1.03,1.20
2011.02.01 09:55:45.026,8.80716,8.80823,1.50,4.13
2011.02.01 09:55:45.151,8.80702,8.80823,1.13,3.75
2011.02.01 09:55:45.268,8.80647,8.80823,1.03,3.75
2011.02.01 09:55:50.193,8.80715,8.80823,1.50,3.75
2011.02.01 09:55:50.415,8.8072,8.80926,1.03,2.33
2011.02.01 09:55:51.639,8.8072,8.80926,1.03,2.33
2011.02.01 09:55:53.294,8.80721,8.80938,1.03,1.05
2011.02.01 09:55:54.434,8.80727,8.80927,4.13,1.05
2011.02.01 09:55:54.654,8.80743,8.80949,1.03,1.05
2011.02.01 09:55:55.066,8.80743,8.80963,1.03,1.09
2011.02.01 09:55:55.408,8.80697,8.80863,1.13,3.94
2011.02.01 09:55:55.770,8.80697,8.80832,1.13,3.75
2011.02.01 09:55:57.376,8.80686,8.80892,1.03,3.08
2011.02.01 09:55:57.855,8.80686,8.80897,1.03,1.05
2011.02.01 09:55:58.305,8.80686,8.80892,1.03,3.08
2011.02.01 09:55:58.432,8.80686,8.80902,1.03,1.13
2011.02.01 09:55:59.655,8.80698,8.80924,1.03,1.28
2011.02.01 09:56:04.744,8.80718,8.80937,1.03,1.05
2011.02.01 09:56:05.282,8.80744,8.8095,1.03,1.05
2011.02.01 09:56:07.717,8.80744,8.8095,1.03,1.05
2011.02.01 09:56:10.146,8.80744,8.80942,1.03,1.20
2011.02.01 09:56:10.462,8.80744,8.8095,1.03,1.05
2011.02.01 09:56:16.697,8.80744,8.80952,1.03,1.13
2011.02.01 09:56:17.384,8.80744,8.8095,1.03,1.05
2011.02.01 09:56:18.374,8.80744,8.80952,1.03,1.13
2011.02.01 09:56:23.887,8.80744,8.8095,1.03,1.05
2011.02.01 09:56:42.549,8.80744,8.8095,1.03,2.48
2011.02.01 09:56:42.773,8.80744,8.80942,1.03,1.20
2011.02.01 09:56:44.335,8.80744,8.80923,1.03,1.20
2011.02.01 09:57:00.495,8.80744,8.80902,1.03,1.20
2011.02.01 09:57:01.259,8.80744,8.80882,1.03,1.20
2011.02.01 09:57:01.380,8.80728,8.80882,3.75,1.20
2011.02.01 09:57:01.824,8.80698,8.80892,1.03,1.20
2011.02.01 09:57:02.723,8.80698,8.80872,1.41,1.20
2011.02.01 09:57:03.757,8.80698,8.80862,1.03,1.20
2011.02.01 09:57:04.311,8.80698,8.80882,1.41,1.20
2011.02.01 09:57:04.464,8.80698,8.80862,1.41,1.20
2011.02.01 09:57:12.667,8.80698,8.80873,1.03,1.20
2011.02.01 09:57:12.997,8.80717,8.80873,1.03,1.20
2011.02.01 09:57:13.561,8.80733,8.80873,1.03,1.20
2011.02.01 09:57:13.684,8.80733,8.80912,1.03,1.20
2011.02.01 09:57:13.799,8.80733,8.80923,1.03,1.20
2011.02.01 09:57:13.921,8.80737,8.80923,1.03,1.20
2011.02.01 09:57:14.707,8.80746,8.80923,1.03,1.20
2011.02.01 09:57:17.994,8.80746,8.80943,1.03,1.20
2011.02.01 09:57:39.075,8.80746,8.80923,1.03,1.20
2011.02.01 09:57:39.759,8.80746,8.80943,1.03,1.20
2011.02.01 09:57:42.921,8.80746,8.80923,1.03,1.20
2011.02.01 09:57:43.291,8.80746,8.80943,1.03,1.20
2011.02.01 09:57:49.185,8.80746,8.80922,1.03,1.20
2011.02.01 09:57:57.565,8.80746,8.80942,1.03,1.20
2011.02.01 09:58:01.377,8.80746,8.80923,1.03,1.20
2011.02.01 09:58:02.711,8.80746,8.80942,1.03,1.20
2011.02.01 09:58:03.916,8.80746,8.80923,1.03,1.20
2011.02.01 09:58:04.999,8.80746,8.80943,1.03,1.20
2011.02.01 09:58:07.300,8.80746,8.80923,1.03,1.20
2011.02.01 09:58:13.934,8.80721,8.80923,1.41,1.20
2011.02.01 09:58:14.542,8.80721,8.80943,1.41,1.20
2011.02.01 09:58:20.820,8.80721,8.80952,1.41,1.09
2011.02.01 09:58:30.183,8.80721,8.80943,1.41,1.20
2011.02.01 09:58:31.933,8.80721,8.80951,1.41,1.05
2011.02.01 09:58:35.490,8.80721,8.80968,1.41,1.05
2011.02.01 09:58:42.438,8.80721,8.80951,1.41,1.05
2011.02.01 09:58:43.651,8.80721,8.80943,1.41,1.20
2011.02.01 09:58:45.438,8.80721,8.80951,1.41,1.05
2011.02.01 09:58:48.968,8.80721,8.80967,1.41,1.05
2011.02.01 09:58:51.388,8.80721,8.80951,1.41,1.05
2011.02.01 09:58:52.257,8.80721,8.80967,1.41,1.05
2011.02.01 09:59:04.197,8.80721,8.80968,1.41,1.05
2011.02.01 09:59:26.098,8.80731,8.80976,1.41,2.25
2011.02.01 09:59:26.233,8.80922,8.80987,3.75,1.50
2011.02.01 09:59:26.471,8.80947,8.81189,3.75,1.50
2011.02.01 09:59:26.589,8.80967,8.81189,3.75,1.50
2011.02.01 09:59:30.698,8.80987,8.81144,3.75,1.13
2011.02.01 09:59:30.929,8.80927,8.81133,1.03,1.13
