2012.02.28 15:00:00.174,8.84079,8.84203,1.50,1.50
2012.02.28 15:00:00.706,8.84071,8.84195,1.50,2.25
2012.02.28 15:00:00.927,8.84031,8.84157,1.50,1.50
2012.02.28 15:00:01.038,8.84038,8.84164,1.50,1.50
2012.02.28 15:00:01.538,8.84024,8.8415,1.75,1.50
2012.02.28 15:00:02.081,8.84032,8.84158,1.50,2.25
2012.02.28 15:00:02.167,8.84032,8.84158,1.50,1.50
2012.02.28 15:00:02.282,8.84032,8.84158,1.50,2.25
2012.02.28 15:00:02.769,8.84045,8.84171,1.50,2.25
2012.02.28 15:00:03.279,8.84053,8.84179,1.50,1.50
2012.02.28 15:00:03.772,8.84052,8.84176,1.50,2.25
2012.02.28 15:00:04.295,8.84052,8.84176,1.50,1.50
2012.02.28 15:00:04.378,8.84052,8.84176,1.50,2.25
2012.02.28 15:00:04.911,8.84026,8.84143,1.50,1.26
2012.02.28 15:00:04.986,8.84011,8.84137,1.50,1.50
2012.02.28 15:00:05.683,8.84021,8.84143,1.50,1.26
2012.02.28 15:00:06.361,8.84043,8.84152,1.50,1.26
2012.02.28 15:00:06.665,8.84023,8.84149,1.50,2.01
2012.02.28 15:00:07.875,8.84035,8.84161,1.50,2.01
2012.02.28 15:00:08.029,8.84027,8.84153,1.50,2.01
2012.02.28 15:00:08.581,8.84027,8.84143,1.50,1.26
2012.02.28 15:00:09.069,8.84027,8.84153,1.50,2.01
2012.02.28 15:00:10.331,8.84036,8.84162,1.50,2.76
2012.02.28 15:00:10.687,8.84036,8.84162,2.25,2.76
2012.02.28 15:00:10.992,8.84012,8.84138,2.25,1.50
2012.02.28 15:00:11.599,8.83993,8.84119,2.25,1.50
2012.02.28 15:00:11.684,8.84004,8.8413,2.25,1.50
2012.02.28 15:00:12.828,8.83978,8.84089,1.50,1.50
2012.02.28 15:00:12.945,8.83978,8.84089,2.25,1.50
2012.02.28 15:00:13.125,8.83939,8.84064,2.25,1.50
2012.02.28 15:00:13.415,8.83918,8.84148,1.50,1.31
2012.02.28 15:00:14.489,8.83913,8.84132,2.25,1.26
2012.02.28 15:00:14.696,8.83913,8.84092,2.25,1.26
2012.02.28 15:00:15.050,8.83874,8.84084,2.25,1.26
2012.02.28 15:00:17.811,8.83879,8.84073,2.25,1.26
2012.02.28 15:00:18.886,8.83879,8.84012,2.25,1.19
2012.02.28 15:00:19.231,8.83875,8.83999,2.25,1.50
2012.02.28 15:00:19.873,8.83849,8.83975,2.25,1.50
2012.02.28 15:00:19.989,8.83861,8.83987,2.25,1.50
2012.02.28 15:00:20.614,8.83872,8.83996,2.25,2.25
2012.02.28 15:00:21.173,8.83872,8.83996,2.25,2.25
2012.02.28 15:00:23.756,8.83873,8.83999,2.25,2.25
2012.02.28 15:00:25.404,8.8388,8.84006,2.25,2.40
2012.02.28 15:00:26.702,8.83843,8.83967,2.25,2.25
2012.02.28 15:00:26.796,8.83843,8.83967,1.50,1.50
2012.02.28 15:00:27.018,8.83843,8.83967,2.25,1.50
2012.02.28 15:00:27.163,8.83856,8.8398,2.25,1.50
2012.02.28 15:00:27.242,8.83856,8.8398,2.25,2.25
2012.02.28 15:00:27.607,8.83856,8.83973,2.25,1.50
2012.02.28 15:00:28.202,8.83832,8.83958,2.25,1.50
2012.02.28 15:00:28.734,8.83844,8.83968,2.25,2.25
2012.02.28 15:00:28.961,8.83844,8.83968,2.25,1.50
2012.02.28 15:00:29.569,8.83854,8.83978,2.25,2.25
2012.02.28 15:00:30.283,8.83854,8.83978,2.25,1.50
2012.02.28 15:00:31.012,8.83854,8.83978,2.25,1.56
2012.02.28 15:00:31.550,8.83854,8.83978,2.25,1.56
2012.02.28 15:00:32.279,8.83846,8.8397,2.25,1.50
2012.02.28 15:00:32.496,8.83854,8.83978,2.25,1.50
2012.02.28 15:00:33.284,8.83848,8.83974,2.25,1.50
2012.02.28 15:00:35.224,8.83832,8.83956,2.25,1.50
2012.02.28 15:00:36.826,8.83823,8.83949,2.25,1.50
2012.02.28 15:00:36.907,8.83832,8.83958,2.25,1.50
2012.02.28 15:00:36.989,8.83832,8.83958,2.25,2.33
2012.02.28 15:00:52.729,8.83844,8.83966,1.20,2.33
2012.02.28 15:00:52.806,8.83844,8.83966,1.20,2.33
2012.02.28 15:00:53.418,8.83851,8.83975,2.25,2.33
2012.02.28 15:00:56.397,8.83844,8.83944,1.20,1.50
2012.02.28 15:00:57.117,8.83844,8.83954,1.20,1.95
2012.02.28 15:00:59.677,8.83849,8.83973,2.25,1.50
2012.02.28 15:00:59.823,8.83861,8.84043,1.35,1.26
2012.02.28 15:00:59.903,8.83861,8.8405,1.35,1.26
2012.02.28 15:01:00.279,8.83881,8.84005,2.25,1.50
2012.02.28 15:01:00.354,8.83881,8.84005,2.25,1.50
2012.02.28 15:01:01.097,8.83896,8.8402,2.25,1.50
2012.02.28 15:01:01.929,8.83887,8.84013,2.25,1.50
2012.02.28 15:01:02.151,8.83896,8.8402,2.25,1.50
2012.02.28 15:01:12.160,8.83887,8.84013,2.25,1.50
2012.02.28 15:01:13.042,8.83874,8.83998,2.25,1.50
2012.02.28 15:01:14.583,8.83883,8.84007,2.25,1.50
2012.02.28 15:01:15.674,8.83891,8.84015,2.25,1.50
2012.02.28 15:01:18.856,8.83903,8.84027,2.25,1.50
2012.02.28 15:01:22.044,8.83893,8.84017,2.25,1.50
2012.02.28 15:01:24.339,8.83884,8.8401,2.25,1.50
2012.02.28 15:01:26.322,8.83874,8.83998,2.25,1.50
2012.02.28 15:01:26.925,8.83886,8.8401,2.25,1.50
2012.02.28 15:01:28.202,8.83893,8.84019,2.25,1.50
2012.02.28 15:01:31.100,8.83907,8.84031,2.25,1.50
2012.02.28 15:01:31.423,8.83899,8.84023,2.25,1.50
2012.02.28 15:01:34.539,8.83899,8.84023,2.25,1.50
2012.02.28 15:01:35.006,8.83886,8.84012,2.25,1.50
2012.02.28 15:01:35.737,8.83879,8.84003,2.25,1.50
2012.02.28 15:01:36.443,8.83887,8.84011,2.25,1.50
2012.02.28 15:01:40.432,8.83879,8.84003,2.25,1.50
2012.02.28 15:01:42.255,8.83896,8.8402,2.25,1.50
2012.02.28 15:01:43.179,8.83886,8.84012,2.25,1.50
2012.02.28 15:01:45.044,8.83862,8.83987,2.25,1.50
2012.02.28 15:01:48.908,8.8387,8.83994,2.25,1.50
2012.02.28 15:01:52.682,8.83881,8.84005,2.25,2.25
2012.02.28 15:01:55.288,8.8387,8.83996,2.25,1.50
2012.02.28 15:01:55.420,8.8387,8.83996,2.25,1.50
2012.02.28 15:01:56.001,8.8387,8.83996,2.25,1.50
2012.02.28 15:01:57.934,8.83889,8.83996,1.20,1.95
2012.02.28 15:01:59.528,8.83885,8.83996,1.20,2.33
2012.02.28 15:02:00.220,8.83889,8.83996,1.20,1.95
2012.02.28 15:02:03.568,8.83889,8.83993,1.20,1.50
2012.02.28 15:02:06.053,8.83889,8.84002,1.20,2.33
2012.02.28 15:02:06.529,8.83889,8.83993,1.20,1.50
2012.02.28 15:02:08.228,8.83885,8.83993,1.20,1.95
2012.02.28 15:02:13.617,8.83895,8.84002,1.20,1.95
2012.02.28 15:02:14.227,8.8389,8.84002,1.20,2.33
2012.02.28 15:02:18.253,8.83906,8.8403,1.50,2.33
2012.02.28 15:02:18.739,8.83887,8.84011,2.25,2.33
2012.02.28 15:02:30.374,8.83887,8.84013,2.25,2.33
2012.02.28 15:02:57.211,8.8387,8.83993,1.20,2.33
2012.02.28 15:03:00.065,8.8387,8.83974,1.20,1.50
2012.02.28 15:03:00.702,8.8387,8.83981,1.20,2.33
2012.02.28 15:03:18.291,8.83853,8.83977,2.33,1.95
2012.02.28 15:03:31.146,8.83854,8.83976,2.33,1.20
2012.02.28 15:03:32.053,8.83839,8.83963,2.33,1.50
2012.02.28 15:03:32.129,8.83854,8.83976,2.33,1.20
2012.02.28 15:03:33.389,8.83862,8.83988,2.33,2.33
2012.02.28 15:03:33.770,8.83862,8.83976,2.33,1.20
2012.02.28 15:03:34.466,8.83857,8.83974,2.33,1.50
2012.02.28 15:03:36.474,8.83871,8.83974,1.50,1.50
2012.02.28 15:03:37.669,8.83871,8.83975,1.50,1.20
2012.02.28 15:03:37.798,8.8388,8.83975,1.50,1.20
2012.02.28 15:03:38.072,8.83874,8.83974,1.50,1.50
2012.02.28 15:03:38.694,8.83866,8.83974,1.95,1.50
2012.02.28 15:03:38.769,8.83859,8.83974,2.33,1.50
2012.02.28 15:03:39.098,8.83849,8.83974,2.33,1.50
2012.02.28 15:03:39.302,8.83849,8.83974,2.33,1.50
2012.02.28 15:03:40.675,8.83874,8.83974,1.50,1.50
2012.02.28 15:03:41.439,8.83874,8.83975,1.50,1.20
2012.02.28 15:03:41.517,8.83905,8.83975,1.50,1.20
2012.02.28 15:03:41.908,8.83915,8.83975,1.50,1.20
2012.02.28 15:03:43.045,8.83923,8.83999,1.50,1.58
2012.02.28 15:03:43.128,8.83915,8.83999,1.50,1.58
2012.02.28 15:03:43.471,8.83901,8.84003,1.50,1.58
2012.02.28 15:03:44.748,8.83893,8.84003,1.50,1.58
2012.02.28 15:03:45.697,8.83881,8.84003,1.50,1.58
2012.02.28 15:03:46.594,8.83871,8.83995,1.50,2.33
2012.02.28 15:03:46.790,8.83862,8.83988,2.33,2.33
2012.02.28 15:03:49.366,8.83839,8.83965,2.33,1.50
2012.02.28 15:03:50.642,8.83848,8.83972,2.33,1.50
2012.02.28 15:03:51.382,8.83859,8.83985,2.33,2.33
2012.02.28 15:03:56.040,8.83875,8.84001,1.50,2.33
2012.02.28 15:03:56.324,8.83855,8.83981,1.50,2.48
2012.02.28 15:03:56.407,8.83855,8.83981,1.50,2.48
2012.02.28 15:03:56.553,8.83848,8.83972,1.50,2.33
2012.02.28 15:03:57.442,8.83838,8.83964,2.25,2.33
2012.02.28 15:03:59.248,8.83838,8.83964,2.25,2.33
2012.02.28 15:03:59.329,8.83838,8.83964,2.25,2.33
2012.02.28 15:04:04.505,8.83821,8.83947,1.50,2.33
2012.02.28 15:04:04.864,8.83825,8.83917,1.20,1.50
2012.02.28 15:04:05.023,8.83831,8.83955,2.25,2.33
2012.02.28 15:04:08.954,8.83823,8.83949,2.25,2.33
2012.02.28 15:04:09.033,8.83823,8.83949,1.50,2.33
2012.02.28 15:04:09.113,8.83789,8.83913,2.25,2.33
2012.02.28 15:04:17.178,8.83783,8.83909,2.25,2.33
2012.02.28 15:04:21.984,8.83814,8.83938,1.50,2.33
2012.02.28 15:04:22.543,8.83815,8.83941,1.50,2.33
2012.02.28 15:04:23.112,8.83797,8.83921,2.25,2.33
2012.02.28 15:04:24.341,8.83812,8.83938,1.50,2.33
2012.02.28 15:04:24.420,8.83812,8.83938,1.50,2.33
2012.02.28 15:04:24.913,8.83803,8.83929,1.50,2.33
2012.02.28 15:04:26.481,8.83794,8.8392,2.25,2.33
2012.02.28 15:04:33.519,8.83799,8.83923,1.50,2.33
2012.02.28 15:04:37.177,8.83791,8.83915,2.25,2.33
2012.02.28 15:04:57.907,8.83786,8.83909,1.20,2.33
2012.02.28 15:04:57.981,8.83792,8.83916,2.25,2.33
2012.02.28 15:05:00.182,8.83802,8.83926,2.25,2.33
2012.02.28 15:05:04.615,8.83782,8.83908,2.25,2.33
2012.02.28 15:05:05.596,8.8379,8.83916,1.50,2.33
2012.02.28 15:05:09.244,8.83777,8.83901,2.25,2.33
2012.02.28 15:05:10.201,8.83793,8.8387,1.50,1.20
2012.02.28 15:05:10.348,8.83769,8.83857,1.50,1.50
2012.02.28 15:05:10.428,8.83733,8.83857,1.50,1.50
2012.02.28 15:05:10.792,8.83718,8.83844,1.50,1.50
2012.02.28 15:05:11.300,8.83718,8.83844,1.50,2.25
2012.02.28 15:05:11.372,8.8371,8.83836,1.50,1.50
2012.02.28 15:05:13.236,8.83702,8.83828,2.25,1.50
2012.02.28 15:05:13.850,8.83711,8.83837,1.50,1.50
2012.02.28 15:05:14.861,8.83711,8.83837,1.50,2.33
2012.02.28 15:05:14.930,8.83697,8.83823,2.25,2.33
2012.02.28 15:05:17.715,8.83732,8.83842,1.50,1.58
2012.02.28 15:05:17.791,8.83732,8.83858,2.25,2.33
2012.02.28 15:05:17.935,8.83732,8.83842,1.50,1.58
2012.02.28 15:05:18.739,8.83712,8.83836,2.25,2.33
2012.02.28 15:05:19.669,8.83704,8.83828,2.25,1.50
2012.02.28 15:05:19.821,8.83717,8.83843,2.25,1.50
2012.02.28 15:05:19.892,8.8373,8.83854,2.25,1.50
2012.02.28 15:05:20.037,8.83722,8.83846,2.25,1.50
2012.02.28 15:05:20.486,8.83755,8.83879,2.25,2.33
2012.02.28 15:05:21.872,8.83766,8.8389,2.25,2.33
2012.02.28 15:05:24.222,8.83762,8.83872,1.50,1.58
2012.02.28 15:05:24.291,8.83729,8.83855,2.25,2.33
2012.02.28 15:05:24.642,8.83729,8.83855,2.25,2.33
2012.02.28 15:05:27.225,8.83738,8.83848,1.58,1.50
2012.02.28 15:05:27.301,8.83755,8.83848,1.20,1.50
2012.02.28 15:05:27.376,8.83758,8.83873,2.25,2.33
2012.02.28 15:05:27.985,8.83732,8.83858,2.25,2.33
2012.02.28 15:05:34.223,8.83731,8.83846,1.20,2.33
2012.02.28 15:05:34.361,8.8374,8.83864,1.50,2.33
2012.02.28 15:05:34.678,8.8374,8.83864,2.25,2.33
2012.02.28 15:06:09.522,8.8374,8.83866,2.25,2.33
2012.02.28 15:06:12.273,8.83771,8.83897,1.50,2.33
2012.02.28 15:06:12.360,8.83761,8.83887,1.50,2.33
2012.02.28 15:06:12.522,8.83771,8.83897,1.50,2.33
2012.02.28 15:06:13.048,8.83783,8.83902,1.50,1.58
2012.02.28 15:06:14.016,8.83772,8.83898,1.50,2.33
2012.02.28 15:06:15.062,8.83765,8.83889,1.50,2.33
2012.02.28 15:06:15.142,8.83758,8.83869,1.50,2.33
2012.02.28 15:06:20.845,8.83762,8.83888,2.25,2.33
2012.02.28 15:06:22.746,8.83783,8.83902,1.50,1.58
2012.02.28 15:06:23.578,8.83783,8.83909,2.25,2.33
2012.02.28 15:06:23.682,8.83783,8.83909,2.25,2.33
2012.02.28 15:06:23.763,8.83793,8.83917,2.25,2.33
2012.02.28 15:06:23.911,8.83814,8.83933,1.50,1.58
2012.02.28 15:06:24.981,8.83795,8.83921,2.25,2.33
2012.02.28 15:06:25.444,8.83805,8.83929,2.25,2.33
2012.02.28 15:06:26.348,8.83787,8.83909,1.50,2.33
2012.02.28 15:06:26.430,8.83787,8.83909,1.50,2.33
2012.02.28 15:06:26.808,8.83787,8.83909,1.50,2.33
2012.02.28 15:06:27.010,8.83787,8.83909,1.50,2.33
2012.02.28 15:06:27.085,8.83787,8.83909,1.50,2.33
2012.02.28 15:06:27.573,8.83787,8.83909,1.50,2.33
2012.02.28 15:06:28.909,8.83787,8.83898,1.50,2.33
2012.02.28 15:06:29.016,8.83817,8.83907,1.50,1.50
2012.02.28 15:06:29.114,8.83843,8.83967,2.25,2.01
2012.02.28 15:06:29.259,8.83843,8.83967,2.25,1.50
2012.02.28 15:06:29.405,8.83852,8.83976,2.25,1.50
2012.02.28 15:06:30.262,8.83852,8.83976,2.25,1.50
2012.02.28 15:06:30.474,8.83858,8.83984,2.25,1.50
2012.02.28 15:06:31.650,8.83868,8.83992,2.25,1.50
2012.02.28 15:06:32.221,8.83876,8.84,2.25,1.50
2012.02.28 15:06:32.437,8.83884,8.84008,2.25,1.50
2012.02.28 15:06:33.451,8.83884,8.84008,2.25,1.50
2012.02.28 15:06:33.997,8.83887,8.84008,1.50,2.33
2012.02.28 15:06:34.211,8.8387,8.83996,2.25,2.33
2012.02.28 15:06:34.917,8.8385,8.83964,1.20,2.33
2012.02.28 15:06:35.201,8.8385,8.83954,1.20,1.50
2012.02.28 15:06:35.346,8.8385,8.83954,1.20,1.50
2012.02.28 15:06:36.510,8.8385,8.83961,1.20,2.33
2012.02.28 15:06:45.640,8.83869,8.83995,1.50,2.33
2012.02.28 15:06:46.099,8.83869,8.83995,2.25,2.33
2012.02.28 15:06:50.051,8.8388,8.84004,2.25,2.33
2012.02.28 15:06:52.097,8.83868,8.83982,1.50,2.33
2012.02.28 15:07:03.108,8.83868,8.83971,1.50,2.33
2012.02.28 15:07:03.700,8.8387,8.83994,2.25,2.33
2012.02.28 15:07:03.778,8.83868,8.83985,1.50,2.33
2012.02.28 15:07:03.853,8.83868,8.83985,1.50,1.50
2012.02.28 15:07:03.995,8.83887,8.83985,1.50,1.50
2012.02.28 15:07:04.275,8.83887,8.83991,1.50,1.50
2012.02.28 15:07:05.102,8.83887,8.84,1.50,1.95
2012.02.28 15:07:05.250,8.83877,8.83992,1.50,1.50
2012.02.28 15:07:07.496,8.83888,8.83984,1.50,1.50
2012.02.28 15:07:08.098,8.83888,8.83984,1.50,1.50
2012.02.28 15:07:08.176,8.83887,8.83999,1.50,1.50
2012.02.28 15:07:09.357,8.83888,8.83999,1.50,1.50
2012.02.28 15:07:10.989,8.83887,8.83999,1.50,1.50
2012.02.28 15:07:11.240,8.83888,8.83999,1.50,1.50
2012.02.28 15:07:11.946,8.83888,8.83999,1.50,1.50
2012.02.28 15:07:12.386,8.83888,8.83999,1.50,1.50
2012.02.28 15:07:12.473,8.83888,8.83999,1.50,1.50
2012.02.28 15:07:12.546,8.83888,8.83999,1.50,2.33
2012.02.28 15:07:17.000,8.83876,8.83976,1.20,1.50
2012.02.28 15:07:17.412,8.8385,8.83976,2.25,2.33
2012.02.28 15:07:19.134,8.83868,8.8394,1.58,1.50
2012.02.28 15:07:19.216,8.83876,8.8394,1.20,1.50
2012.02.28 15:07:19.291,8.83876,8.83965,1.20,1.50
2012.02.28 15:07:19.507,8.83876,8.83979,1.20,1.50
2012.02.28 15:07:20.953,8.83876,8.83977,1.20,1.50
2012.02.28 15:07:22.222,8.83876,8.83985,1.20,2.33
2012.02.28 15:07:24.832,8.83893,8.84013,1.50,1.33
2012.02.28 15:07:25.813,8.83911,8.84013,1.50,1.33
2012.02.28 15:07:26.404,8.83889,8.84013,1.50,2.83
2012.02.28 15:07:26.775,8.83887,8.84011,3.00,2.33
2012.02.28 15:07:26.944,8.83897,8.84013,1.50,1.33
2012.02.28 15:07:28.291,8.83888,8.84013,1.50,1.33
2012.02.28 15:07:29.036,8.83899,8.84013,1.50,1.33
2012.02.28 15:07:29.393,8.83889,8.84015,2.25,2.33
2012.02.28 15:07:32.705,8.8389,8.84016,2.25,2.33
2012.02.28 15:07:32.782,8.8389,8.84016,2.25,2.33
2012.02.28 15:07:34.261,8.83891,8.84015,2.25,2.33
2012.02.28 15:07:40.078,8.83887,8.8401,1.50,2.33
2012.02.28 15:07:47.207,8.83887,8.84003,1.50,2.33
2012.02.28 15:07:48.133,8.83887,8.84008,1.50,2.33
2012.02.28 15:07:57.211,8.83898,8.8399,1.50,2.33
2012.02.28 15:08:09.405,8.83959,8.84143,1.35,3.00
2012.02.28 15:08:09.507,8.84025,8.84157,1.35,1.95
2012.02.28 15:08:09.864,8.8403,8.84176,2.25,2.33
2012.02.28 15:08:12.100,8.84077,8.8418,1.50,2.33
2012.02.28 15:08:12.383,8.84058,8.8418,1.50,2.33
2012.02.28 15:08:13.376,8.84077,8.84167,1.50,2.33
2012.02.28 15:08:13.459,8.84077,8.84167,1.50,2.33
2012.02.28 15:08:14.023,8.84077,8.84167,1.50,2.33
2012.02.28 15:08:16.853,8.84077,8.84176,1.50,2.33
2012.02.28 15:08:17.165,8.84081,8.84205,2.25,2.33
2012.02.28 15:08:29.137,8.84077,8.84194,1.50,2.33
2012.02.28 15:08:29.638,8.84077,8.84194,1.50,2.33
2012.02.28 15:08:29.943,8.84077,8.84192,1.50,2.33
2012.02.28 15:08:30.028,8.84077,8.84173,1.50,2.33
2012.02.28 15:08:30.252,8.84077,8.84173,1.50,2.33
2012.02.28 15:08:30.474,8.84077,8.84173,1.50,2.33
2012.02.28 15:08:30.935,8.84077,8.8419,1.50,2.33
2012.02.28 15:08:31.227,8.84077,8.8419,1.50,2.33
2012.02.28 15:08:31.448,8.84077,8.84181,1.50,2.33
2012.02.28 15:08:34.542,8.84077,8.84187,1.50,2.33
2012.02.28 15:08:34.980,8.84077,8.84187,1.50,2.33
2012.02.28 15:08:35.386,8.84077,8.84187,1.50,2.33
2012.02.28 15:08:35.611,8.84077,8.84187,1.50,2.33
2012.02.28 15:08:36.537,8.83937,8.84037,1.50,1.50
2012.02.28 15:08:36.620,8.83871,8.84037,2.25,1.50
2012.02.28 15:08:36.768,8.83864,8.84028,2.25,1.50
2012.02.28 15:08:37.309,8.83864,8.84028,2.25,1.50
2012.02.28 15:08:38.055,8.83878,8.84001,1.50,1.50
2012.02.28 15:08:38.353,8.83878,8.83993,1.50,1.50
2012.02.28 15:08:39.099,8.83878,8.83985,1.50,1.50
2012.02.28 15:08:39.609,8.83878,8.83995,1.50,1.50
2012.02.28 15:08:40.295,8.83878,8.83995,1.50,1.50
2012.02.28 15:08:41.304,8.83881,8.84005,2.25,1.50
2012.02.28 15:08:42.722,8.83878,8.84002,1.50,1.50
2012.02.28 15:08:44.900,8.83957,8.84092,1.50,2.25
2012.02.28 15:08:45.044,8.83986,8.84102,2.10,2.25
2012.02.28 15:08:45.200,8.84009,8.84135,2.25,2.25
2012.02.28 15:08:45.279,8.84023,8.84147,2.25,2.33
2012.02.28 15:08:46.207,8.84048,8.84159,1.50,2.33
2012.02.28 15:08:46.753,8.84048,8.84159,1.50,2.33
2012.02.28 15:08:46.914,8.84048,8.84159,1.50,2.33
2012.02.28 15:08:47.431,8.84048,8.84159,1.50,2.33
2012.02.28 15:08:47.795,8.84048,8.84159,1.50,2.33
2012.02.28 15:08:48.050,8.84048,8.84159,1.50,2.33
2012.02.28 15:08:48.192,8.84048,8.84159,1.50,2.33
2012.02.28 15:08:49.614,8.84048,8.84159,1.50,2.33
2012.02.28 15:08:49.895,8.84048,8.84159,1.50,2.33
2012.02.28 15:08:51.353,8.84048,8.84159,1.50,2.33
2012.02.28 15:08:53.611,8.84048,8.84149,1.50,2.33
2012.02.28 15:09:03.765,8.84048,8.84162,1.50,2.33
2012.02.28 15:09:03.914,8.84048,8.84154,1.50,2.33
2012.02.28 15:09:04.614,8.84048,8.84166,1.50,2.33
2012.02.28 15:09:04.695,8.84032,8.84158,2.25,2.33
2012.02.28 15:09:04.847,8.84032,8.84158,1.50,2.33
2012.02.28 15:09:05.130,8.84032,8.84137,1.50,1.20
2012.02.28 15:09:05.885,8.84037,8.84137,3.00,1.20
2012.02.28 15:09:06.247,8.84037,8.84133,3.00,1.58
2012.02.28 15:09:06.780,8.84045,8.84133,1.50,1.58
2012.02.28 15:09:07.265,8.84037,8.84133,1.50,1.58
2012.02.28 15:09:07.348,8.84037,8.84133,1.50,1.58
2012.02.28 15:09:12.502,8.84049,8.84133,1.50,1.58
2012.02.28 15:09:13.237,8.84037,8.84133,1.50,1.58
2012.02.28 15:09:14.219,8.84028,8.84133,1.50,1.58
2012.02.28 15:09:14.461,8.84037,8.84133,1.50,1.58
2012.02.28 15:09:15.641,8.84027,8.84133,1.50,1.58
2012.02.28 15:09:15.963,8.84037,8.84133,1.50,1.58
2012.02.28 15:09:19.474,8.84037,8.84133,1.50,1.58
2012.02.28 15:09:22.069,8.84059,8.84133,2.25,1.20
2012.02.28 15:09:23.445,8.8405,8.84174,2.25,3.08
2012.02.28 15:09:24.393,8.8405,8.84174,2.25,3.08
2012.02.28 15:09:24.725,8.8405,8.84174,2.25,3.08
2012.02.28 15:09:26.249,8.84027,8.84143,1.50,1.58
2012.02.28 15:09:28.916,8.8404,8.84143,2.25,1.58
2012.02.28 15:09:29.098,8.8404,8.84143,2.25,1.58
2012.02.28 15:09:29.805,8.8404,8.84143,2.25,1.58
2012.02.28 15:09:30.527,8.84063,8.84183,2.25,1.58
2012.02.28 15:09:31.807,8.84048,8.84157,1.50,2.33
2012.02.28 15:09:32.236,8.84048,8.84157,1.50,2.33
2012.02.28 15:09:32.459,8.84048,8.84157,1.50,2.33
2012.02.28 15:09:32.674,8.84048,8.84153,1.50,1.58
2012.02.28 15:09:32.752,8.84048,8.84153,1.50,1.58
2012.02.28 15:09:33.288,8.84037,8.84116,1.50,1.05
2012.02.28 15:09:33.452,8.83981,8.84107,2.25,2.10
2012.02.28 15:09:33.529,8.83918,8.84042,2.50,1.50
2012.02.28 15:09:33.613,8.83918,8.84042,2.50,1.50
2012.02.28 15:09:34.632,8.83947,8.84071,1.50,1.50
2012.02.28 15:09:35.219,8.83946,8.84072,1.50,1.50
2012.02.28 15:09:36.322,8.83963,8.84084,1.50,1.50
2012.02.28 15:09:37.778,8.83971,8.84084,1.50,1.50
2012.02.28 15:09:38.503,8.83962,8.84084,1.50,1.50
2012.02.28 15:09:39.146,8.83986,8.84108,2.25,1.50
2012.02.28 15:09:39.385,8.84005,8.84114,2.25,1.50
2012.02.28 15:09:39.611,8.84005,8.84116,2.25,1.20
2012.02.28 15:09:40.568,8.8401,8.84116,1.50,1.20
2012.02.28 15:09:43.754,8.84007,8.84116,1.50,1.20
2012.02.28 15:09:44.397,8.83996,8.84116,2.25,1.20
2012.02.28 15:09:46.894,8.83987,8.84111,2.25,1.50
2012.02.28 15:09:47.586,8.84003,8.84116,2.25,1.20
2012.02.28 15:09:48.029,8.84013,8.84116,1.50,1.20
2012.02.28 15:09:48.739,8.8402,8.84116,1.50,1.20
2012.02.28 15:09:48.826,8.84012,8.84116,1.50,1.20
2012.02.28 15:09:50.668,8.84004,8.84116,2.25,1.20
2012.02.28 15:09:51.411,8.84,8.84114,2.25,1.58
2012.02.28 15:09:52.247,8.84008,8.84114,1.50,1.58
2012.02.28 15:09:53.375,8.84016,8.84114,1.50,1.58
2012.02.28 15:09:54.115,8.84002,8.84114,2.25,1.58
2012.02.28 15:09:54.191,8.84009,8.84114,1.50,1.58
2012.02.28 15:09:55.430,8.84019,8.84114,1.50,1.58
2012.02.28 15:09:57.679,8.84007,8.84114,1.50,1.58
2012.02.28 15:09:57.961,8.84003,8.84114,2.25,1.58
2012.02.28 15:09:58.752,8.84003,8.84096,2.25,1.20
2012.02.28 15:09:58.963,8.83998,8.84114,2.25,1.58
2012.02.28 15:10:05.318,8.83992,8.84096,1.20,1.20
2012.02.28 15:10:05.992,8.83992,8.84103,1.20,1.58
2012.02.28 15:10:06.292,8.83992,8.84096,1.20,1.20
2012.02.28 15:10:13.182,8.8401,8.84096,1.50,1.20
2012.02.28 15:10:13.343,8.8401,8.84102,1.50,1.58
2012.02.28 15:10:14.682,8.8401,8.84096,1.50,1.20
2012.02.28 15:10:14.967,8.83998,8.84096,2.25,1.20
2012.02.28 15:10:18.168,8.84008,8.84094,1.50,1.20
2012.02.28 15:10:18.812,8.83997,8.84094,2.25,1.20
2012.02.28 15:10:19.729,8.83997,8.84094,2.25,1.20
2012.02.28 15:10:20.234,8.83997,8.84094,2.25,1.20
2012.02.28 15:10:20.513,8.83997,8.84094,2.25,1.20
2012.02.28 15:10:20.733,8.83997,8.84094,2.25,1.20
2012.02.28 15:10:21.055,8.83997,8.84094,2.25,1.20
2012.02.28 15:10:21.487,8.83997,8.84094,2.25,1.20
2012.02.28 15:10:22.314,8.83997,8.84094,2.25,1.20
2012.02.28 15:10:23.202,8.83997,8.84094,2.25,1.20
2012.02.28 15:10:23.647,8.84006,8.84094,2.25,1.20
2012.02.28 15:10:26.895,8.83997,8.84094,2.25,1.20
2012.02.28 15:10:27.250,8.83997,8.84082,1.50,1.50
2012.02.28 15:10:27.339,8.83983,8.84073,2.25,1.20
2012.02.28 15:10:28.199,8.83983,8.84073,2.25,1.95
2012.02.28 15:10:29.529,8.83983,8.84073,2.25,1.95
2012.02.28 15:10:29.804,8.83993,8.84073,1.50,1.20
2012.02.28 15:10:31.463,8.84009,8.84073,1.50,1.20
2012.02.28 15:10:31.897,8.84022,8.84073,1.50,1.20
2012.02.28 15:10:32.915,8.84003,8.84073,1.50,1.20
2012.02.28 15:10:34.150,8.83994,8.84073,1.50,1.20
2012.02.28 15:10:35.352,8.83974,8.84073,2.25,1.20
2012.02.28 15:10:37.646,8.83982,8.84073,2.25,1.20
2012.02.28 15:10:38.232,8.83991,8.84073,1.50,1.20
2012.02.28 15:10:40.900,8.83979,8.84073,2.25,1.20
2012.02.28 15:10:42.639,8.83979,8.84073,2.25,1.95
2012.02.28 15:10:43.158,8.83969,8.84073,1.20,1.20
2012.02.28 15:10:43.234,8.83964,8.84073,1.50,1.95
2012.02.28 15:10:43.446,8.83939,8.84024,1.50,1.50
2012.02.28 15:10:43.663,8.83892,8.84016,1.50,1.50
2012.02.28 15:10:44.865,8.83899,8.84025,1.50,2.25
2012.02.28 15:10:45.933,8.83899,8.84025,2.25,1.50
2012.02.28 15:10:46.636,8.83915,8.84041,1.50,1.50
2012.02.28 15:10:53.242,8.83907,8.84033,2.25,1.50
2012.02.28 15:10:54.146,8.83899,8.84025,2.25,1.50
2012.02.28 15:10:54.609,8.83892,8.84016,2.25,1.50
2012.02.28 15:10:54.819,8.839,8.84024,2.25,1.50
2012.02.28 15:10:58.845,8.83909,8.84035,1.50,1.50
2012.02.28 15:10:59.191,8.83902,8.84026,2.25,1.50
2012.02.28 15:10:59.836,8.83908,8.84026,1.20,2.33
2012.02.28 15:11:00.171,8.83911,8.84035,1.20,2.33
2012.02.28 15:11:03.020,8.83918,8.84044,2.25,2.33
2012.02.28 15:11:03.301,8.83907,8.84003,2.25,1.58
2012.02.28 15:11:03.712,8.83892,8.83992,1.20,1.50
2012.02.28 15:11:04.038,8.83868,8.83959,1.50,1.50
2012.02.28 15:11:04.133,8.83855,8.83959,1.50,1.50
2012.02.28 15:11:06.008,8.83843,8.83959,2.25,1.50
2012.02.28 15:11:11.268,8.8385,8.83959,1.50,1.50
2012.02.28 15:11:13.423,8.83842,8.83959,2.25,1.50
2012.02.28 15:11:16.079,8.83856,8.83959,1.50,1.50
2012.02.28 15:11:17.020,8.83863,8.83959,1.50,1.50
2012.02.28 15:11:17.477,8.83855,8.83959,1.50,1.50
2012.02.28 15:11:18.766,8.83847,8.83959,2.25,1.50
2012.02.28 15:11:35.856,8.83832,8.83934,2.25,1.50
2012.02.28 15:11:36.160,8.83832,8.83932,2.25,1.50
2012.02.28 15:11:40.621,8.83856,8.83929,1.50,1.50
2012.02.28 15:11:42.097,8.83849,8.83929,1.50,1.50
2012.02.28 15:11:42.461,8.83838,8.83929,2.25,1.50
2012.02.28 15:11:44.577,8.8385,8.83929,1.50,1.50
2012.02.28 15:11:45.739,8.83843,8.83929,2.25,1.50
2012.02.28 15:11:46.452,8.83858,8.83929,1.50,1.50
2012.02.28 15:11:47.173,8.83846,8.83929,2.25,1.50
2012.02.28 15:11:47.251,8.83862,8.83929,1.50,1.50
2012.02.28 15:11:47.939,8.83852,8.83929,1.50,1.50
2012.02.28 15:11:51.769,8.83844,8.83929,2.25,1.50
2012.02.28 15:11:54.205,8.83855,8.83929,1.50,1.50
2012.02.28 15:11:54.423,8.83855,8.83934,1.50,1.50
2012.02.28 15:11:54.667,8.83855,8.83958,1.50,1.50
2012.02.28 15:11:55.049,8.83862,8.83958,1.50,1.50
2012.02.28 15:11:55.358,8.8387,8.83958,1.50,1.50
2012.02.28 15:11:55.716,8.83885,8.83958,1.50,1.50
2012.02.28 15:11:56.328,8.83885,8.83958,1.50,1.50
2012.02.28 15:11:56.545,8.8386,8.83958,1.50,1.50
2012.02.28 15:11:56.837,8.83847,8.83958,2.25,1.50
2012.02.28 15:11:57.651,8.83847,8.83959,2.25,1.50
2012.02.28 15:11:58.406,8.83851,8.83959,1.50,1.50
2012.02.28 15:12:01.290,8.83863,8.83959,1.50,1.50
2012.02.28 15:12:02.262,8.83872,8.83959,1.50,1.50
2012.02.28 15:12:03.620,8.8385,8.83959,1.50,1.50
2012.02.28 15:12:03.988,8.83838,8.83959,1.50,1.50
2012.02.28 15:12:04.065,8.83828,8.83952,1.50,2.25
2012.02.28 15:12:05.030,8.83835,8.83959,1.50,1.50
2012.02.28 15:12:07.176,8.83835,8.83948,1.50,1.50
2012.02.28 15:12:07.484,8.83843,8.83948,1.50,1.50
2012.02.28 15:12:08.054,8.83854,8.83948,1.50,1.50
2012.02.28 15:12:11.949,8.83853,8.83949,1.50,1.50
2012.02.28 15:12:12.469,8.83844,8.83949,1.50,1.50
2012.02.28 15:12:12.858,8.83833,8.83949,1.50,1.50
2012.02.28 15:12:13.644,8.83842,8.83949,1.50,1.50
2012.02.28 15:12:13.942,8.83839,8.83949,1.50,1.50
2012.02.28 15:12:14.084,8.8385,8.83949,1.50,1.50
2012.02.28 15:12:14.918,8.83841,8.83949,1.50,1.50
2012.02.28 15:12:16.808,8.83853,8.83949,1.50,1.50
2012.02.28 15:12:16.999,8.83839,8.83949,1.50,1.50
2012.02.28 15:12:17.134,8.83828,8.83949,1.50,1.50
2012.02.28 15:12:17.698,8.83838,8.83949,1.50,1.50
2012.02.28 15:12:18.043,8.83848,8.83949,1.50,1.50
2012.02.28 15:12:19.394,8.83858,8.83949,1.50,1.50
2012.02.28 15:12:20.916,8.83851,8.83949,1.50,1.50
2012.02.28 15:12:23.114,8.8384,8.83949,1.50,1.50
2012.02.28 15:12:25.560,8.83832,8.83949,1.50,1.50
2012.02.28 15:12:27.014,8.8384,8.83949,1.50,1.50
2012.02.28 15:12:28.151,8.83847,8.83949,1.50,1.50
2012.02.28 15:12:28.723,8.83838,8.83949,1.50,1.50
2012.02.28 15:12:28.795,8.83848,8.83949,1.50,1.50
2012.02.28 15:12:29.256,8.83858,8.83949,1.50,1.50
2012.02.28 15:12:29.335,8.83858,8.83953,1.50,1.50
2012.02.28 15:12:29.653,8.83847,8.83953,1.50,1.50
2012.02.28 15:12:29.783,8.83847,8.83971,1.50,2.25
2012.02.28 15:12:29.993,8.83858,8.83978,1.50,1.50
2012.02.28 15:12:30.737,8.83847,8.83971,1.50,2.25
2012.02.28 15:12:30.945,8.83862,8.83978,1.50,1.50
2012.02.28 15:12:31.213,8.83851,8.83975,1.50,2.25
2012.02.28 15:12:32.050,8.83861,8.83978,1.50,1.50
2012.02.28 15:12:32.468,8.83853,8.83977,1.50,2.25
2012.02.28 15:12:33.573,8.83861,8.83978,1.50,1.50
2012.02.28 15:12:33.655,8.83854,8.83978,1.50,3.00
2012.02.28 15:12:35.042,8.83846,8.8397,2.25,2.25
2012.02.28 15:12:37.541,8.83847,8.83966,1.50,2.25
2012.02.28 15:12:38.423,8.83858,8.83978,1.50,1.50
2012.02.28 15:12:38.813,8.83858,8.83978,2.25,1.50
2012.02.28 15:12:39.636,8.83858,8.83982,2.25,1.50
2012.02.28 15:12:39.717,8.83857,8.83967,1.50,1.50
2012.02.28 15:12:40.222,8.83857,8.83967,1.50,1.50
2012.02.28 15:12:40.533,8.83857,8.83967,1.50,1.50
2012.02.28 15:12:40.601,8.83857,8.83957,1.50,1.50
2012.02.28 15:12:41.414,8.83857,8.83945,1.50,1.50
2012.02.28 15:12:42.950,8.83857,8.83945,1.50,1.50
2012.02.28 15:12:43.020,8.83857,8.83971,1.50,1.50
2012.02.28 15:12:43.088,8.83857,8.83973,1.50,1.50
2012.02.28 15:12:43.220,8.83857,8.83973,1.50,1.50
2012.02.28 15:12:43.627,8.83857,8.83964,1.50,1.50
2012.02.28 15:12:46.277,8.83838,8.83964,3.00,1.50
2012.02.28 15:12:50.651,8.83852,8.83978,2.25,1.50
2012.02.28 15:12:53.802,8.83851,8.83975,2.25,1.50
2012.02.28 15:12:54.401,8.83857,8.83975,1.50,1.50
2012.02.28 15:12:55.117,8.83851,8.83975,2.25,1.50
2012.02.28 15:12:55.591,8.83838,8.8396,1.50,1.50
2012.02.28 15:12:56.907,8.83843,8.83969,2.25,1.50
2012.02.28 15:12:59.835,8.83851,8.83977,2.25,1.50
2012.02.28 15:13:01.255,8.83843,8.83967,2.25,2.25
2012.02.28 15:13:03.611,8.83862,8.83978,1.50,1.50
2012.02.28 15:13:04.249,8.83855,8.83978,2.25,1.50
2012.02.28 15:13:14.579,8.83832,8.83957,1.50,2.25
2012.02.28 15:13:28.059,8.83862,8.83959,1.50,1.50
2012.02.28 15:13:28.821,8.83854,8.83959,2.25,1.50
2012.02.28 15:13:30.867,8.83846,8.8397,2.25,2.25
2012.02.28 15:13:31.097,8.83846,8.8397,2.25,1.50
2012.02.28 15:13:31.347,8.83859,8.83985,1.50,2.25
2012.02.28 15:13:31.724,8.83851,8.83977,2.25,1.50
2012.02.28 15:13:32.593,8.83841,8.83967,2.25,1.50
2012.02.28 15:13:37.524,8.83841,8.83967,1.50,1.50
2012.02.28 15:13:40.632,8.83832,8.83956,1.50,1.50
2012.02.28 15:13:41.817,8.83839,8.83965,1.50,1.50
2012.02.28 15:13:44.709,8.83848,8.83972,1.50,1.50
2012.02.28 15:13:53.079,8.8385,8.83974,1.50,1.50
2012.02.28 15:13:58.008,8.8386,8.83984,1.50,2.25
2012.02.28 15:13:58.841,8.83931,8.84125,2.25,2.31
2012.02.28 15:13:58.909,8.83931,8.84112,2.25,1.50
2012.02.28 15:13:58.979,8.83948,8.84112,1.50,1.50
2012.02.28 15:13:59.320,8.83913,8.84057,2.25,1.50
2012.02.28 15:13:59.945,8.83922,8.84048,2.25,1.50
2012.02.28 15:14:01.196,8.83941,8.84067,1.50,1.50
2012.02.28 15:14:01.744,8.83941,8.84067,1.50,2.25
2012.02.28 15:14:02.280,8.83933,8.84059,1.50,1.50
2012.02.28 15:14:03.313,8.83925,8.84051,1.50,1.50
2012.02.28 15:14:03.979,8.83909,8.84033,1.50,1.50
2012.02.28 15:14:04.878,8.83909,8.84033,1.50,2.33
2012.02.28 15:14:06.683,8.83901,8.84025,2.25,2.33
2012.02.28 15:14:08.833,8.83879,8.84005,2.25,1.50
2012.02.28 15:14:09.217,8.83872,8.83996,2.25,1.50
2012.02.28 15:14:09.994,8.8388,8.84004,2.25,1.50
2012.02.28 15:14:11.221,8.83888,8.84014,2.25,2.33
2012.02.28 15:14:14.376,8.8391,8.84034,1.50,2.33
2012.02.28 15:14:15.977,8.83901,8.84027,2.25,2.33
2012.02.28 15:14:16.282,8.8391,8.84036,1.50,2.33
2012.02.28 15:14:18.477,8.83902,8.84026,2.25,2.33
2012.02.28 15:14:25.173,8.8391,8.84036,1.50,2.33
2012.02.28 15:14:27.765,8.83903,8.84027,2.25,2.33
2012.02.28 15:14:28.044,8.8388,8.84006,1.50,1.50
2012.02.28 15:14:28.126,8.8388,8.84006,1.50,2.33
2012.02.28 15:14:28.634,8.83889,8.84015,1.50,2.33
2012.02.28 15:14:28.996,8.83873,8.83997,1.50,2.33
2012.02.28 15:14:29.333,8.83873,8.83997,1.50,2.33
2012.02.28 15:14:30.042,8.83867,8.83993,2.25,2.33
2012.02.28 15:14:30.750,8.83875,8.84001,1.50,2.33
2012.02.28 15:14:31.536,8.83867,8.83993,3.00,2.33
2012.02.28 15:14:34.017,8.83878,8.84002,1.50,3.08
2012.02.28 15:14:34.536,8.83867,8.83984,1.50,2.33
2012.02.28 15:14:57.251,8.8386,8.83974,2.25,1.58
2012.02.28 15:15:03.971,8.8384,8.83964,2.25,2.33
2012.02.28 15:15:19.961,8.83873,8.83973,1.50,1.58
2012.02.28 15:15:20.718,8.83873,8.83973,2.25,1.58
2012.02.28 15:15:21.214,8.83873,8.83997,1.50,2.33
2012.02.28 15:15:21.755,8.83859,8.83983,2.25,2.33
2012.02.28 15:15:23.526,8.83868,8.83983,1.50,2.33
2012.02.28 15:15:30.067,8.83879,8.84003,1.50,1.58
2012.02.28 15:15:30.915,8.8387,8.83994,2.25,2.33
2012.02.28 15:15:30.999,8.8388,8.84004,1.50,1.58
2012.02.28 15:15:31.282,8.83876,8.84,2.25,2.33
2012.02.28 15:15:31.511,8.83868,8.83992,2.25,2.33
2012.02.28 15:15:32.287,8.83868,8.83992,2.25,2.33
2012.02.28 15:15:44.130,8.83861,8.83985,2.25,2.33
2012.02.28 15:15:47.384,8.83853,8.83977,2.25,2.33
2012.02.28 15:15:49.951,8.83842,8.83966,2.25,2.33
2012.02.28 15:15:50.377,8.83853,8.83977,2.25,2.33
2012.02.28 15:15:50.452,8.83853,8.83977,2.25,2.33
2012.02.28 15:15:51.361,8.83853,8.83977,2.25,2.33
2012.02.28 15:15:52.182,8.83878,8.83996,1.20,2.33
2012.02.28 15:15:57.570,8.83907,8.84009,1.50,2.33
2012.02.28 15:15:57.644,8.83897,8.84009,1.50,2.33
2012.02.28 15:16:14.908,8.83885,8.84004,2.25,1.58
2012.02.28 15:16:15.005,8.83885,8.84003,2.25,1.58
2012.02.28 15:16:21.581,8.83884,8.84008,2.25,2.33
2012.02.28 15:16:21.661,8.83884,8.84008,2.25,2.33
2012.02.28 15:16:35.493,8.83913,8.84014,1.50,1.58
2012.02.28 15:16:35.846,8.83937,8.84014,1.50,1.58
2012.02.28 15:16:36.943,8.83928,8.84014,1.50,1.58
2012.02.28 15:16:37.122,8.8392,8.84014,1.50,1.58
2012.02.28 15:16:37.783,8.8391,8.84014,1.50,1.58
2012.02.28 15:16:39.024,8.83895,8.84014,2.25,1.58
2012.02.28 15:16:43.721,8.83914,8.84013,1.50,1.58
2012.02.28 15:16:43.793,8.83914,8.8404,2.25,2.33
2012.02.28 15:16:44.141,8.83899,8.84023,2.25,2.33
2012.02.28 15:16:46.183,8.83901,8.84025,2.25,2.33
2012.02.28 15:16:46.255,8.83901,8.84025,1.50,2.33
2012.02.28 15:16:46.337,8.83889,8.84015,2.25,2.33
2012.02.28 15:16:52.319,8.83898,8.84003,1.50,1.58
2012.02.28 15:16:52.538,8.83909,8.84003,1.50,1.58
2012.02.28 15:16:53.631,8.839,8.84003,1.50,1.58
2012.02.28 15:16:55.949,8.8389,8.84003,2.25,1.58
2012.02.28 15:16:57.276,8.8389,8.84003,2.25,1.58
2012.02.28 15:17:46.211,8.8389,8.83983,1.50,1.58
2012.02.28 15:17:46.789,8.8389,8.83975,1.50,1.20
2012.02.28 15:17:46.968,8.83864,8.83938,1.50,1.50
2012.02.28 15:17:47.046,8.83878,8.83938,1.50,1.50
2012.02.28 15:17:47.180,8.83838,8.83938,2.25,1.50
2012.02.28 15:18:13.361,8.83802,8.83914,2.25,1.50
2012.02.28 15:18:13.855,8.8381,8.83922,2.25,1.50
2012.02.28 15:18:22.544,8.83829,8.83938,1.50,1.50
2012.02.28 15:18:24.588,8.83821,8.83938,2.25,1.50
2012.02.28 15:18:27.501,8.8383,8.83938,1.50,1.50
2012.02.28 15:18:27.903,8.83822,8.83938,2.25,1.50
2012.02.28 15:18:30.250,8.8383,8.83938,1.50,1.50
2012.02.28 15:18:30.903,8.83817,8.83923,2.25,1.50
2012.02.28 15:18:39.403,8.83815,8.83914,2.25,1.50
2012.02.28 15:18:40.773,8.83803,8.83914,2.25,1.50
2012.02.28 15:18:42.017,8.83803,8.83914,2.25,1.50
2012.02.28 15:18:42.510,8.83796,8.83914,2.25,1.50
2012.02.28 15:18:44.478,8.83803,8.83913,2.25,1.50
2012.02.28 15:18:46.065,8.83803,8.83913,2.25,1.50
2012.02.28 15:18:47.139,8.83814,8.83913,2.25,1.50
2012.02.28 15:18:47.441,8.83814,8.83913,2.25,1.50
2012.02.28 15:18:47.948,8.83814,8.83913,2.25,1.50
2012.02.28 15:18:48.992,8.83814,8.83913,2.25,1.50
2012.02.28 15:18:49.064,8.83814,8.83913,2.25,1.50
2012.02.28 15:18:49.379,8.83804,8.83913,2.25,1.50
2012.02.28 15:18:59.747,8.83836,8.83913,1.50,1.50
2012.02.28 15:19:01.126,8.83829,8.83913,1.50,1.50
2012.02.28 15:19:01.447,8.83829,8.83912,1.50,1.50
2012.02.28 15:19:01.533,8.83829,8.83912,1.50,1.50
2012.02.28 15:19:01.955,8.83791,8.83884,1.50,1.50
2012.02.28 15:19:02.036,8.83759,8.83884,2.25,1.50
2012.02.28 15:19:02.218,8.83759,8.83884,2.25,1.50
2012.02.28 15:19:03.312,8.83759,8.83884,2.25,1.50
2012.02.28 15:19:14.582,8.83743,8.83869,2.25,2.25
2012.02.28 15:19:14.711,8.83743,8.83869,2.25,2.25
2012.02.28 15:19:14.933,8.83743,8.83869,2.25,2.25
2012.02.28 15:19:16.011,8.8373,8.83835,2.25,1.50
2012.02.28 15:19:16.091,8.83707,8.8381,1.50,1.50
2012.02.28 15:19:16.163,8.83686,8.8381,2.25,1.50
2012.02.28 15:19:16.290,8.83678,8.83802,2.25,1.50
2012.02.28 15:19:16.923,8.83678,8.83802,2.25,1.50
2012.02.28 15:19:17.067,8.83719,8.83828,2.25,1.50
2012.02.28 15:19:17.140,8.83719,8.83845,2.25,2.25
2012.02.28 15:19:17.212,8.83719,8.83845,2.25,2.25
2012.02.28 15:19:17.531,8.83694,8.83818,2.50,1.50
2012.02.28 15:19:18.224,8.83692,8.83818,2.25,2.25
2012.02.28 15:19:19.648,8.83703,8.83823,2.25,1.50
2012.02.28 15:19:19.738,8.83693,8.83819,1.50,2.25
2012.02.28 15:19:20.493,8.83693,8.83813,1.50,2.25
2012.02.28 15:19:20.829,8.83693,8.83789,1.50,1.50
2012.02.28 15:19:21.170,8.83653,8.83763,1.50,1.58
2012.02.28 15:19:21.580,8.83653,8.83733,1.50,1.50
2012.02.28 15:19:21.663,8.83569,8.83695,2.25,1.50
2012.02.28 15:19:21.743,8.83569,8.83695,1.50,2.25
2012.02.28 15:19:22.028,8.83561,8.8367,1.70,1.50
2012.02.28 15:19:22.560,8.83548,8.83662,1.70,1.50
2012.02.28 15:19:24.024,8.83548,8.83671,1.70,1.50
2012.02.28 15:19:24.304,8.83548,8.83671,1.70,2.25
2012.02.28 15:19:24.730,8.83548,8.83671,1.70,1.50
2012.02.28 15:19:24.806,8.83554,8.8368,2.45,1.50
2012.02.28 15:19:25.338,8.83554,8.8368,2.45,2.25
2012.02.28 15:19:28.849,8.83572,8.83684,1.50,1.50
2012.02.28 15:19:28.925,8.83572,8.83692,1.50,1.50
2012.02.28 15:19:29.270,8.83572,8.83684,1.50,1.50
2012.02.28 15:19:29.348,8.83572,8.83692,1.50,1.50
2012.02.28 15:19:30.349,8.83564,8.83688,2.45,2.25
2012.02.28 15:19:31.754,8.83573,8.83693,2.25,1.50
2012.02.28 15:19:32.119,8.83602,8.83714,1.50,1.50
2012.02.28 15:19:32.254,8.83602,8.83722,1.50,1.50
2012.02.28 15:19:32.394,8.83602,8.83714,1.50,1.50
2012.02.28 15:19:33.104,8.83591,8.83714,1.50,1.50
2012.02.28 15:19:33.269,8.83592,8.83714,1.50,1.50
2012.02.28 15:19:33.932,8.83592,8.83693,1.50,1.58
2012.02.28 15:19:34.076,8.83564,8.83682,2.20,1.58
2012.02.28 15:19:34.413,8.83549,8.83673,1.50,2.33
2012.02.28 15:19:35.179,8.83549,8.83673,1.50,3.08
2012.02.28 15:19:35.252,8.8354,8.83666,1.50,2.33
2012.02.28 15:19:36.721,8.83536,8.83649,1.20,2.33
2012.02.28 15:19:39.709,8.83541,8.83667,1.50,2.33
2012.02.28 15:19:39.993,8.83541,8.83623,1.50,1.58
2012.02.28 15:19:40.134,8.83519,8.83623,1.50,1.58
2012.02.28 15:19:40.217,8.83519,8.83623,1.50,2.33
2012.02.28 15:19:40.365,8.8351,8.83623,1.50,2.33
2012.02.28 15:19:41.323,8.8351,8.83613,1.50,1.58
2012.02.28 15:19:41.469,8.83497,8.83613,1.50,1.58
2012.02.28 15:19:41.973,8.83505,8.83613,1.50,1.58
2012.02.28 15:19:42.247,8.83505,8.83622,1.50,1.58
2012.02.28 15:19:43.048,8.83496,8.83622,1.50,3.08
2012.02.28 15:19:43.279,8.83506,8.83622,1.50,2.33
2012.02.28 15:19:43.422,8.83498,8.83622,1.50,3.83
2012.02.28 15:19:45.024,8.8349,8.83602,1.50,1.58
2012.02.28 15:19:48.707,8.83486,8.8359,1.20,1.20
2012.02.28 15:19:49.913,8.83486,8.83599,1.20,2.33
2012.02.28 15:19:51.951,8.83494,8.83603,1.50,1.58
2012.02.28 15:19:52.293,8.83494,8.83602,1.50,1.58
2012.02.28 15:19:52.712,8.83485,8.83582,1.50,1.58
2012.02.28 15:19:52.926,8.83474,8.83582,1.50,1.58
2012.02.28 15:19:53.143,8.83474,8.83591,2.33,1.20
2012.02.28 15:19:53.510,8.83474,8.83593,2.25,1.41
2012.02.28 15:19:53.580,8.83474,8.83594,1.50,1.41
2012.02.28 15:19:53.800,8.83404,8.83528,1.75,1.50
2012.02.28 15:19:54.264,8.83396,8.8352,1.50,1.50
2012.02.28 15:20:00.084,8.83406,8.8353,1.50,1.50
2012.02.28 15:20:00.852,8.83396,8.83522,1.50,1.50
2012.02.28 15:20:01.316,8.83404,8.8353,1.50,1.50
2012.02.28 15:20:01.673,8.83136,8.8334,1.50,1.50
2012.02.28 15:20:01.815,8.83191,8.83379,1.50,1.50
2012.02.28 15:20:01.893,8.83236,8.83421,2.25,1.50
2012.02.28 15:20:02.030,8.83236,8.83421,2.25,1.50
2012.02.28 15:20:02.226,8.83294,8.83466,1.75,1.50
2012.02.28 15:20:02.301,8.8332,8.83524,1.50,1.50
2012.02.28 15:20:02.439,8.8332,8.83524,1.50,2.01
2012.02.28 15:20:02.923,8.8336,8.83435,1.50,1.50
2012.02.28 15:20:03.008,8.83286,8.8341,1.50,1.50
2012.02.28 15:20:03.144,8.8326,8.83386,2.50,1.50
2012.02.28 15:20:03.495,8.83134,8.83288,2.50,1.50
2012.02.28 15:20:04.469,8.83285,8.83312,1.50,1.50
2012.02.28 15:20:04.556,8.8329,8.83395,1.50,1.50
2012.02.28 15:20:04.638,8.83226,8.8337,1.50,1.50
2012.02.28 15:20:05.432,8.83217,8.83363,1.50,1.56
2012.02.28 15:20:05.502,8.83216,8.83342,1.50,1.50
2012.02.28 15:20:05.701,8.83307,8.83342,1.50,1.50
2012.02.28 15:20:05.775,8.83323,8.83383,1.50,3.06
2012.02.28 15:20:06.136,8.83299,8.83382,1.50,2.76
2012.02.28 15:20:06.285,8.83323,8.83382,1.50,2.31
2012.02.28 15:20:06.646,8.83269,8.83413,1.50,3.06
2012.02.28 15:20:06.804,8.83248,8.83374,1.75,1.56
2012.02.28 15:20:06.891,8.83238,8.83364,1.75,1.50
2012.02.28 15:20:06.969,8.83238,8.83364,1.50,2.01
2012.02.28 15:20:07.414,8.83181,8.83307,2.25,1.50
2012.02.28 15:20:07.487,8.83191,8.83315,1.75,1.50
2012.02.28 15:20:07.701,8.83198,8.83315,3.00,1.50
2012.02.28 15:20:07.899,8.83191,8.83315,1.50,1.50
2012.02.28 15:20:08.181,8.83224,8.83341,1.50,1.50
2012.02.28 15:20:08.262,8.83224,8.83348,1.50,1.50
2012.02.28 15:20:09.556,8.83224,8.83348,1.50,2.33
2012.02.28 15:20:09.863,8.83224,8.83263,1.50,1.58
2012.02.28 15:20:10.008,8.83224,8.83332,1.50,1.26
2012.02.28 15:20:10.437,8.83224,8.83334,1.50,1.20
2012.02.28 15:20:13.242,8.83226,8.83341,2.10,1.50
2012.02.28 15:20:13.718,8.83303,8.83429,1.50,1.50
2012.02.28 15:20:13.820,8.83302,8.83426,1.50,1.50
2012.02.28 15:20:14.177,8.83302,8.83398,1.50,1.35
2012.02.28 15:20:14.256,8.83271,8.83397,1.50,2.25
2012.02.28 15:20:14.404,8.83259,8.83383,1.50,1.50
2012.02.28 15:20:15.705,8.83236,8.8336,2.25,1.50
2012.02.28 15:20:17.155,8.83225,8.83351,2.25,1.50
2012.02.28 15:20:19.179,8.83245,8.83369,2.25,2.33
2012.02.28 15:20:19.248,8.83229,8.83353,1.95,2.33
2012.02.28 15:20:20.436,8.83253,8.83362,1.50,1.58
2012.02.28 15:20:21.358,8.83234,8.8336,1.50,2.33
2012.02.28 15:20:21.440,8.83244,8.83368,1.50,2.25
2012.02.28 15:20:21.520,8.83244,8.83344,1.50,2.25
2012.02.28 15:20:21.598,8.83194,8.8332,1.50,2.31
2012.02.28 15:20:22.650,8.83187,8.83311,1.50,2.31
2012.02.28 15:20:22.808,8.83179,8.83303,1.50,2.25
2012.02.28 15:20:24.297,8.83169,8.83293,1.50,2.25
2012.02.28 15:20:24.853,8.83158,8.83284,3.08,1.50
2012.02.28 15:20:25.951,8.83171,8.83295,1.50,2.25
2012.02.28 15:20:28.097,8.83158,8.83284,3.08,1.50
2012.02.28 15:20:31.600,8.83158,8.83276,1.58,1.50
2012.02.28 15:20:32.896,8.83158,8.83272,1.58,1.50
2012.02.28 15:20:34.032,8.83158,8.83282,1.58,1.50
2012.02.28 15:20:35.770,8.83161,8.83287,2.33,1.50
2012.02.28 15:20:35.988,8.83158,8.83277,1.58,1.50
2012.02.28 15:20:37.444,8.83161,8.83285,2.33,1.50
2012.02.28 15:20:38.611,8.83171,8.83295,1.50,2.25
2012.02.28 15:20:38.754,8.83179,8.83305,1.50,2.31
2012.02.28 15:20:39.990,8.83172,8.83296,1.50,2.25
2012.02.28 15:20:41.591,8.83161,8.83287,2.33,1.50
2012.02.28 15:20:42.508,8.83158,8.83276,1.58,1.50
2012.02.28 15:20:43.500,8.83158,8.83266,1.58,1.50
2012.02.28 15:20:43.571,8.83158,8.83274,1.58,1.50
2012.02.28 15:20:44.956,8.83158,8.83281,1.58,1.50
2012.02.28 15:20:49.246,8.83164,8.8329,1.95,1.50
2012.02.28 15:20:49.616,8.83177,8.83301,1.50,2.25
2012.02.28 15:20:51.343,8.83186,8.8331,1.50,2.25
2012.02.28 15:20:51.733,8.83178,8.83302,1.50,2.25
2012.02.28 15:20:53.297,8.83167,8.83293,1.95,2.25
2012.02.28 15:20:57.308,8.83167,8.83293,1.50,2.25
2012.02.28 15:20:58.994,8.83169,8.83293,1.50,2.25
2012.02.28 15:21:01.364,8.83176,8.83302,1.50,2.25
2012.02.28 15:21:01.700,8.83186,8.8331,1.50,2.25
2012.02.28 15:21:02.285,8.83173,8.83299,1.50,2.25
2012.02.28 15:21:05.255,8.83158,8.83284,3.08,1.50
2012.02.28 15:21:05.621,8.83167,8.83291,1.50,1.50
2012.02.28 15:21:06.769,8.83178,8.83302,1.50,2.25
2012.02.28 15:21:15.817,8.83187,8.83311,1.50,2.25
2012.02.28 15:21:16.861,8.83179,8.83303,1.50,2.25
2012.02.28 15:21:18.969,8.8317,8.83296,1.50,2.25
2012.02.28 15:21:19.387,8.83191,8.83317,1.50,2.25
2012.02.28 15:21:19.783,8.83182,8.83308,1.50,2.25
2012.02.28 15:21:20.722,8.83173,8.83299,1.50,2.25
2012.02.28 15:21:21.834,8.83161,8.83287,2.33,1.50
2012.02.28 15:21:21.916,8.8317,8.83294,1.50,1.50
2012.02.28 15:21:24.220,8.83178,8.83302,1.50,1.50
2012.02.28 15:21:25.439,8.83168,8.83294,1.50,1.50
2012.02.28 15:21:27.681,8.8318,8.83306,1.50,1.50
2012.02.28 15:21:30.712,8.83172,8.83298,1.50,1.50
2012.02.28 15:21:31.036,8.83182,8.83306,1.50,1.50
2012.02.28 15:21:33.513,8.83171,8.83297,1.50,1.50
2012.02.28 15:21:33.980,8.83162,8.83286,1.95,1.50
2012.02.28 15:21:34.332,8.8316,8.83284,2.33,1.50
2012.02.28 15:21:36.557,8.83169,8.83295,1.50,1.50
2012.02.28 15:21:36.688,8.83169,8.83295,1.50,2.25
2012.02.28 15:21:36.820,8.83162,8.83286,1.95,2.25
2012.02.28 15:21:36.891,8.83162,8.83286,1.95,1.50
2012.02.28 15:21:37.325,8.8317,8.83294,1.50,1.50
2012.02.28 15:21:39.306,8.83152,8.83278,2.33,1.50
2012.02.28 15:21:39.885,8.83142,8.83268,2.33,1.50
2012.02.28 15:21:40.552,8.83158,8.83284,2.33,1.50
2012.02.28 15:21:40.684,8.83147,8.83271,2.33,1.50
2012.02.28 15:21:40.815,8.83152,8.83278,2.33,1.50
2012.02.28 15:21:41.651,8.83167,8.83291,1.50,1.50
2012.02.28 15:21:42.012,8.83155,8.83281,2.33,1.50
2012.02.28 15:21:42.088,8.83169,8.83295,1.50,2.25
2012.02.28 15:21:43.047,8.83171,8.83297,1.50,2.25
2012.02.28 15:21:44.172,8.8318,8.83304,1.50,2.25
2012.02.28 15:21:44.724,8.8318,8.83304,1.50,1.50
2012.02.28 15:21:45.164,8.8318,8.83304,1.50,2.25
2012.02.28 15:21:46.042,8.8318,8.83304,1.50,1.50
2012.02.28 15:21:46.262,8.8318,8.83304,1.50,2.25
2012.02.28 15:21:47.827,8.83169,8.83295,1.50,2.25
2012.02.28 15:21:48.875,8.83169,8.83295,1.50,2.25
2012.02.28 15:21:49.220,8.83169,8.83295,1.50,2.25
2012.02.28 15:21:50.178,8.83169,8.83295,1.50,2.25
2012.02.28 15:21:51.790,8.8318,8.83306,1.50,2.25
2012.02.28 15:21:51.865,8.8318,8.83306,1.50,2.25
2012.02.28 15:21:53.198,8.8318,8.833,1.50,1.35
2012.02.28 15:21:53.269,8.83172,8.83298,1.50,2.25
2012.02.28 15:21:53.698,8.83172,8.83298,1.50,2.25
2012.02.28 15:21:54.286,8.83181,8.83305,1.50,2.25
2012.02.28 15:21:54.901,8.83181,8.83305,1.50,1.50
2012.02.28 15:21:54.974,8.83181,8.83305,1.50,2.25
2012.02.28 15:21:55.222,8.83169,8.83295,1.50,2.25
2012.02.28 15:21:55.975,8.8316,8.83284,2.33,1.50
2012.02.28 15:21:57.064,8.83169,8.83295,1.50,2.25
2012.02.28 15:21:58.139,8.83178,8.83302,1.50,2.25
2012.02.28 15:21:58.889,8.83165,8.83291,1.95,1.50
2012.02.28 15:22:00.218,8.83174,8.83298,1.50,2.25
2012.02.28 15:22:01.452,8.83183,8.83309,1.50,2.25
2012.02.28 15:22:02.631,8.83176,8.833,1.50,2.25
2012.02.28 15:22:04.027,8.83168,8.83292,1.50,2.25
2012.02.28 15:22:06.140,8.83175,8.83301,1.50,2.25
2012.02.28 15:22:12.879,8.83175,8.83301,1.50,1.50
2012.02.28 15:22:13.288,8.83183,8.83309,1.50,1.50
2012.02.28 15:22:13.600,8.83183,8.83309,1.50,2.25
2012.02.28 15:22:14.010,8.83174,8.833,1.50,2.25
2012.02.28 15:22:14.783,8.83183,8.83307,1.50,2.25
2012.02.28 15:22:16.172,8.83183,8.83307,1.50,1.50
2012.02.28 15:22:20.745,8.83191,8.83315,1.50,1.50
2012.02.28 15:22:21.885,8.83179,8.83303,1.50,1.50
2012.02.28 15:22:22.603,8.83171,8.83295,1.50,1.50
2012.02.28 15:22:25.984,8.83162,8.83286,2.33,1.50
2012.02.28 15:22:26.305,8.83177,8.83301,1.50,1.50
2012.02.28 15:22:26.381,8.83164,8.83288,1.95,1.50
2012.02.28 15:22:26.861,8.83171,8.83297,1.50,1.50
2012.02.28 15:22:27.722,8.83162,8.83288,2.33,1.50
2012.02.28 15:22:29.442,8.83171,8.83295,1.50,1.50
2012.02.28 15:22:30.629,8.83171,8.83295,2.25,1.50
2012.02.28 15:22:32.015,8.8319,8.83314,1.50,2.25
2012.02.28 15:22:34.171,8.83182,8.83306,1.50,1.50
2012.02.28 15:22:37.623,8.83171,8.83297,2.25,1.50
2012.02.28 15:22:41.751,8.83179,8.83305,1.50,1.50
2012.02.28 15:22:44.159,8.83172,8.83296,2.25,1.50
2012.02.28 15:22:48.730,8.83179,8.83305,1.50,1.50
2012.02.28 15:22:50.214,8.8317,8.83294,2.25,1.50
2012.02.28 15:22:50.685,8.83179,8.83303,1.50,1.50
2012.02.28 15:22:53.302,8.83179,8.83303,1.50,2.25
2012.02.28 15:22:54.248,8.8317,8.83296,2.25,2.25
2012.02.28 15:22:56.530,8.8318,8.83304,1.50,2.25
2012.02.28 15:22:58.661,8.83171,8.83297,2.25,2.25
2012.02.28 15:22:59.342,8.83171,8.83297,2.25,1.50
2012.02.28 15:22:59.588,8.83171,8.83297,2.25,2.25
2012.02.28 15:23:00.376,8.83188,8.83313,1.50,1.50
2012.02.28 15:23:00.454,8.83179,8.83303,1.50,2.25
2012.02.28 15:23:04.232,8.83169,8.83295,2.25,2.25
2012.02.28 15:23:04.862,8.83178,8.83302,1.50,2.25
2012.02.28 15:23:19.501,8.83185,8.83311,1.50,2.25
2012.02.28 15:23:19.751,8.83177,8.83303,2.25,2.25
2012.02.28 15:23:22.433,8.83189,8.83313,1.50,1.50
2012.02.28 15:23:22.502,8.83181,8.83307,1.50,2.25
2012.02.28 15:23:25.245,8.83181,8.83307,1.50,1.50
2012.02.28 15:23:25.931,8.83195,8.83313,1.50,1.50
2012.02.28 15:23:26.817,8.83188,8.83312,1.50,1.50
2012.02.28 15:23:27.122,8.83188,8.83312,1.50,2.25
2012.02.28 15:23:29.657,8.83172,8.83298,2.25,2.25
2012.02.28 15:23:30.880,8.83172,8.83298,1.50,2.25
2012.02.28 15:23:38.494,8.83191,8.83317,1.50,2.25
2012.02.28 15:23:39.114,8.83191,8.83317,1.50,2.25
2012.02.28 15:23:39.869,8.83183,8.83307,1.50,1.50
2012.02.28 15:23:39.939,8.83183,8.83307,1.50,2.25
2012.02.28 15:23:40.191,8.83174,8.83298,1.50,2.25
2012.02.28 15:23:41.559,8.83162,8.83286,2.33,1.50
2012.02.28 15:23:42.216,8.83153,8.83279,2.33,2.25
2012.02.28 15:23:44.341,8.83153,8.83279,2.33,2.25
2012.02.28 15:23:47.201,8.83169,8.83295,1.50,2.25
2012.02.28 15:23:49.274,8.83178,8.83302,1.50,2.25
2012.02.28 15:23:49.437,8.83178,8.83302,1.50,2.25
2012.02.28 15:23:50.420,8.83188,8.83312,1.50,2.25
2012.02.28 15:24:00.085,8.8318,8.83304,1.50,2.25
2012.02.28 15:24:01.365,8.83153,8.83277,2.33,2.25
2012.02.28 15:24:01.449,8.83153,8.83277,2.33,1.50
2012.02.28 15:24:01.601,8.83117,8.83229,1.71,1.50
2012.02.28 15:24:01.682,8.83116,8.83229,1.71,1.50
2012.02.28 15:24:01.821,8.83117,8.83239,1.71,1.50
2012.02.28 15:24:04.958,8.83123,8.83247,1.65,1.50
2012.02.28 15:24:06.097,8.83123,8.83247,1.65,2.25
2012.02.28 15:24:07.904,8.83123,8.83247,1.65,1.50
2012.02.28 15:24:09.114,8.8313,8.83253,1.50,1.50
2012.02.28 15:24:12.074,8.83123,8.83247,1.65,1.50
2012.02.28 15:24:13.918,8.8313,8.83256,1.50,2.25
2012.02.28 15:24:15.240,8.83122,8.83248,1.65,1.50
2012.02.28 15:24:16.322,8.83117,8.83239,1.71,1.50
2012.02.28 15:24:16.891,8.83117,8.83229,1.71,1.50
2012.02.28 15:24:17.407,8.83126,8.83252,1.65,2.25
2012.02.28 15:24:17.680,8.8314,8.83266,1.50,2.25
2012.02.28 15:24:17.987,8.83142,8.83266,1.50,2.25
2012.02.28 15:24:18.630,8.83147,8.83273,1.50,3.00
2012.02.28 15:24:18.981,8.83147,8.83273,2.25,1.50
2012.02.28 15:24:19.746,8.83184,8.83302,1.50,1.35
2012.02.28 15:24:20.243,8.83174,8.83298,1.50,1.50
2012.02.28 15:24:21.580,8.83174,8.83298,1.50,2.25
2012.02.28 15:24:22.292,8.83174,8.83298,1.50,2.25
2012.02.28 15:24:24.052,8.83174,8.83298,1.50,1.50
2012.02.28 15:24:27.209,8.83176,8.833,1.50,2.10
2012.02.28 15:24:30.443,8.83165,8.83291,2.25,1.50
2012.02.28 15:24:34.554,8.83157,8.83281,2.25,1.50
2012.02.28 15:24:37.300,8.83146,8.8327,2.25,1.50
2012.02.28 15:24:38.370,8.83136,8.83262,2.25,1.50
2012.02.28 15:24:40.650,8.83144,8.8327,2.25,1.50
2012.02.28 15:24:40.800,8.83161,8.83287,2.25,2.25
2012.02.28 15:24:42.904,8.8317,8.83294,1.50,2.25
2012.02.28 15:24:42.976,8.8317,8.83294,1.50,1.50
2012.02.28 15:24:43.049,8.8318,8.83302,1.50,2.10
2012.02.28 15:24:45.429,8.83166,8.83292,2.25,1.50
2012.02.28 15:24:45.627,8.83166,8.83292,2.25,2.25
2012.02.28 15:24:46.095,8.83156,8.8328,2.25,1.50
2012.02.28 15:24:46.453,8.83156,8.8328,3.00,1.50
2012.02.28 15:24:46.934,8.83163,8.83289,2.25,1.50
2012.02.28 15:24:48.295,8.83177,8.83301,2.25,2.10
2012.02.28 15:24:50.899,8.83169,8.83293,2.25,1.50
2012.02.28 15:24:54.153,8.83177,8.83303,2.25,2.10
2012.02.28 15:24:55.318,8.83188,8.83312,1.50,2.10
2012.02.28 15:24:56.002,8.83178,8.83304,1.50,2.10
2012.02.28 15:24:56.577,8.83187,8.83311,1.50,2.10
2012.02.28 15:24:56.967,8.83173,8.83297,2.25,1.50
2012.02.28 15:24:58.671,8.8319,8.83307,2.33,1.05
2012.02.28 15:24:58.997,8.83246,8.83351,1.20,1.50
2012.02.28 15:24:59.501,8.83246,8.83368,1.20,2.33
2012.02.28 15:25:01.792,8.83246,8.83344,1.20,1.50
2012.02.28 15:25:02.537,8.83246,8.83353,1.20,1.95
2012.02.28 15:25:05.018,8.83263,8.8337,1.50,1.43
2012.02.28 15:25:05.163,8.83263,8.83371,1.50,1.05
2012.02.28 15:25:05.232,8.83242,8.83368,1.50,2.25
2012.02.28 15:25:05.761,8.83226,8.8335,1.50,2.25
2012.02.28 15:25:06.135,8.83217,8.83341,1.50,2.25
2012.02.28 15:25:06.681,8.83217,8.83341,1.50,2.25
2012.02.28 15:25:06.870,8.83198,8.83324,1.50,2.25
2012.02.28 15:25:07.930,8.83191,8.83315,1.50,2.25
2012.02.28 15:25:10.444,8.83174,8.83298,1.50,1.50
2012.02.28 15:25:11.190,8.83182,8.83306,1.50,2.25
2012.02.28 15:25:11.331,8.83182,8.83306,1.50,1.50
2012.02.28 15:25:12.763,8.83192,8.83316,1.50,2.25
2012.02.28 15:25:13.136,8.83184,8.83308,1.50,1.50
2012.02.28 15:25:14.070,8.83172,8.83298,2.25,1.50
2012.02.28 15:25:14.519,8.83159,8.83285,2.25,2.33
2012.02.28 15:25:14.590,8.83159,8.83285,1.50,2.33
2012.02.28 15:25:14.661,8.83159,8.83285,1.50,2.33
2012.02.28 15:25:14.731,8.8315,8.83276,1.50,2.33
2012.02.28 15:25:15.477,8.83168,8.83292,1.50,1.58
2012.02.28 15:25:15.626,8.83156,8.8328,1.50,2.33
2012.02.28 15:25:16.985,8.83156,8.8328,1.50,2.33
2012.02.28 15:25:17.337,8.83148,8.83272,1.50,2.33
2012.02.28 15:25:17.688,8.8314,8.83264,1.50,2.33
2012.02.28 15:25:20.890,8.8314,8.83264,1.50,2.33
2012.02.28 15:25:21.677,8.8314,8.83264,1.50,2.33
2012.02.28 15:25:21.756,8.83151,8.83272,1.50,1.58
2012.02.28 15:25:22.481,8.83181,8.83275,1.20,1.50
2012.02.28 15:25:22.864,8.83186,8.8331,2.25,2.33
2012.02.28 15:25:23.158,8.83186,8.8331,1.50,2.33
2012.02.28 15:25:23.310,8.83152,8.83262,1.50,1.58
2012.02.28 15:25:25.245,8.83152,8.83253,1.50,1.58
2012.02.28 15:25:25.717,8.83124,8.8325,1.50,2.33
2012.02.28 15:25:25.979,8.83133,8.83259,1.50,2.33
2012.02.28 15:25:26.387,8.83133,8.83259,1.50,2.33
2012.02.28 15:25:26.594,8.83121,8.83247,1.95,2.33
2012.02.28 15:25:26.733,8.83121,8.83242,1.50,1.58
2012.02.28 15:25:26.806,8.83113,8.83239,1.50,2.33
2012.02.28 15:25:27.325,8.83113,8.83239,2.33,1.50
2012.02.28 15:25:27.460,8.83138,8.83263,1.58,3.83
2012.02.28 15:25:27.727,8.83146,8.83262,1.50,1.58
2012.02.28 15:25:27.802,8.83137,8.83262,1.50,1.58
2012.02.28 15:25:28.403,8.83137,8.83263,2.33,2.25
2012.02.28 15:25:28.743,8.83163,8.83287,1.95,2.33
2012.02.28 15:25:32.701,8.83158,8.83263,1.50,1.58
2012.02.28 15:25:32.837,8.83125,8.83249,1.95,2.33
2012.02.28 15:25:32.913,8.83125,8.83249,1.50,2.25
2012.02.28 15:25:33.045,8.83105,8.83231,1.50,2.25
2012.02.28 15:25:33.661,8.83105,8.83231,1.50,2.25
2012.02.28 15:25:34.642,8.83105,8.83231,1.50,2.25
2012.02.28 15:25:35.627,8.83105,8.83213,1.50,1.35
2012.02.28 15:25:36.120,8.83096,8.83212,1.50,2.85
2012.02.28 15:25:36.238,8.83095,8.83152,1.50,1.26
2012.02.28 15:25:37.054,8.83068,8.83152,1.50,1.26
2012.02.28 15:25:37.130,8.8299,8.83114,1.50,2.25
2012.02.28 15:25:37.444,8.82976,8.831,1.50,1.50
2012.02.28 15:25:37.709,8.82976,8.831,1.75,1.50
2012.02.28 15:25:38.230,8.83,8.831,1.50,1.50
2012.02.28 15:25:38.299,8.83026,8.8315,1.50,2.10
2012.02.28 15:25:38.431,8.83038,8.83152,1.50,2.85
2012.02.28 15:25:38.502,8.83038,8.83152,1.50,2.25
2012.02.28 15:25:41.919,8.83027,8.83152,1.50,2.25
2012.02.28 15:25:42.651,8.83037,8.83152,1.50,2.25
2012.02.28 15:25:42.999,8.83037,8.83152,1.50,3.00
2012.02.28 15:25:43.504,8.83037,8.83161,1.50,2.33
2012.02.28 15:25:43.587,8.83037,8.83161,1.50,2.33
2012.02.28 15:25:45.653,8.83037,8.83161,1.50,2.33
2012.02.28 15:25:45.902,8.83037,8.83161,1.50,2.33
2012.02.28 15:25:46.177,8.83044,8.8317,1.50,2.33
2012.02.28 15:25:46.724,8.83138,8.83266,1.50,2.25
2012.02.28 15:25:46.810,8.83086,8.83212,1.50,2.25
2012.02.28 15:25:46.882,8.83031,8.83155,1.50,1.50
2012.02.28 15:25:47.306,8.83022,8.83148,1.50,1.50
2012.02.28 15:25:48.160,8.83038,8.83164,1.50,1.50
2012.02.28 15:25:48.584,8.83038,8.83164,2.25,1.50
2012.02.28 15:25:48.947,8.83087,8.83164,1.20,1.50
2012.02.28 15:25:49.101,8.83087,8.8318,1.20,1.50
2012.02.28 15:25:49.178,8.83087,8.83163,1.20,1.50
2012.02.28 15:25:49.677,8.83097,8.83163,2.85,1.50
2012.02.28 15:25:49.750,8.83105,8.83189,2.10,1.50
2012.02.28 15:25:49.824,8.83105,8.83229,2.95,1.50
2012.02.28 15:25:50.021,8.8319,8.83314,1.50,1.50
2012.02.28 15:25:50.149,8.8314,8.83266,1.50,1.50
2012.02.28 15:25:50.952,8.83149,8.83273,1.50,1.50
2012.02.28 15:25:52.642,8.83158,8.83282,1.50,1.50
2012.02.28 15:25:53.822,8.83144,8.8327,1.50,1.50
2012.02.28 15:25:53.900,8.83133,8.83259,1.50,1.50
2012.02.28 15:25:54.384,8.83144,8.83268,1.50,1.50
2012.02.28 15:25:55.469,8.83151,8.83277,1.50,1.50
2012.02.28 15:25:55.614,8.83142,8.83268,1.50,1.50
2012.02.28 15:25:57.035,8.83163,8.83287,1.50,1.50
2012.02.28 15:25:59.041,8.83171,8.83295,1.50,1.50
2012.02.28 15:25:59.840,8.83178,8.83304,1.50,1.50
2012.02.28 15:26:00.673,8.8317,8.83296,1.50,1.50
2012.02.28 15:26:01.111,8.83158,8.83282,1.50,1.50
2012.02.28 15:26:03.043,8.83133,8.83259,1.50,1.50
2012.02.28 15:26:05.860,8.83143,8.83269,1.50,1.50
2012.02.28 15:26:06.272,8.83133,8.83259,1.50,1.50
2012.02.28 15:26:08.055,8.83143,8.83267,1.50,1.50
2012.02.28 15:26:09.064,8.83153,8.83279,1.50,1.50
2012.02.28 15:26:11.220,8.83141,8.83267,1.50,1.50
2012.02.28 15:26:14.008,8.83131,8.83255,1.50,1.50
2012.02.28 15:26:16.733,8.83144,8.83268,1.50,1.50
2012.02.28 15:26:18.525,8.83154,8.8328,2.10,1.50
2012.02.28 15:26:18.741,8.83154,8.8328,1.50,1.50
2012.02.28 15:26:19.163,8.83167,8.83293,1.50,1.50
2012.02.28 15:26:19.981,8.83184,8.8331,1.50,1.88
2012.02.28 15:26:20.523,8.83176,8.833,1.50,1.50
2012.02.28 15:26:23.340,8.83183,8.83309,1.50,1.88
2012.02.28 15:26:24.672,8.83183,8.83309,2.25,1.50
2012.02.28 15:26:25.017,8.83227,8.83309,1.58,1.50
2012.02.28 15:26:25.351,8.83228,8.83309,1.58,1.50
2012.02.28 15:26:25.764,8.83228,8.83301,1.58,1.50
2012.02.28 15:26:25.840,8.83228,8.83333,1.58,1.50
2012.02.28 15:26:25.986,8.83226,8.83333,2.10,1.50
2012.02.28 15:26:26.123,8.83238,8.83351,2.85,1.50
2012.02.28 15:26:26.193,8.83238,8.83351,2.25,1.50
2012.02.28 15:26:26.267,8.83227,8.83345,1.50,1.50
2012.02.28 15:26:26.352,8.83197,8.83319,3.00,1.50
2012.02.28 15:26:26.725,8.83203,8.83329,2.25,1.50
2012.02.28 15:26:27.402,8.83386,8.83495,1.50,1.26
2012.02.28 15:26:27.494,8.83452,8.83636,2.25,1.50
2012.02.28 15:26:27.643,8.83452,8.83636,2.25,2.01
2012.02.28 15:26:27.712,8.83426,8.83594,1.50,1.50
2012.02.28 15:26:27.782,8.83408,8.83594,2.25,1.50
2012.02.28 15:26:27.849,8.83408,8.83562,2.25,1.50
2012.02.28 15:26:27.924,8.83408,8.83562,1.50,1.50
2012.02.28 15:26:28.200,8.83351,8.83537,2.25,1.50
2012.02.28 15:26:28.510,8.83384,8.83508,2.25,1.50
2012.02.28 15:26:28.818,8.83384,8.83508,1.50,1.50
2012.02.28 15:26:32.400,8.83393,8.83519,1.50,1.50
2012.02.28 15:26:34.694,8.83374,8.83498,1.50,1.50
2012.02.28 15:26:37.714,8.83383,8.83509,1.50,1.50
2012.02.28 15:26:38.157,8.83383,8.83463,1.50,2.10
2012.02.28 15:26:38.688,8.83358,8.83442,1.50,1.26
2012.02.28 15:26:38.786,8.83296,8.83409,2.25,1.50
2012.02.28 15:26:38.870,8.83296,8.83422,2.25,2.25
2012.02.28 15:26:38.942,8.83279,8.83403,2.25,1.50
2012.02.28 15:26:39.370,8.83279,8.83403,1.50,1.50
2012.02.28 15:26:39.512,8.8327,8.83396,1.50,1.50
2012.02.28 15:26:39.581,8.83263,8.83387,1.50,2.01
2012.02.28 15:26:39.910,8.83246,8.83333,1.50,1.50
2012.02.28 15:26:40.041,8.83237,8.83333,1.50,1.50
2012.02.28 15:26:40.109,8.83201,8.83325,1.50,1.50
2012.02.28 15:26:41.150,8.83187,8.83311,1.50,1.50
2012.02.28 15:26:41.890,8.83196,8.8332,1.50,1.50
2012.02.28 15:26:43.296,8.83207,8.83333,1.50,1.50
2012.02.28 15:26:44.064,8.83218,8.83342,2.25,1.50
2012.02.28 15:26:44.487,8.83218,8.83342,1.50,1.50
2012.02.28 15:26:44.624,8.83218,8.83342,2.25,1.50
2012.02.28 15:26:45.362,8.83227,8.83353,1.50,1.50
2012.02.28 15:26:45.798,8.83225,8.83351,1.50,1.50
2012.02.28 15:26:46.875,8.83218,8.83342,2.25,1.50
2012.02.28 15:26:46.951,8.8321,8.83334,2.25,1.50
2012.02.28 15:26:47.308,8.8321,8.83334,2.25,1.50
2012.02.28 15:26:47.815,8.83205,8.83329,2.25,1.50
2012.02.28 15:26:49.490,8.83195,8.83319,2.25,1.50
2012.02.28 15:26:57.242,8.83209,8.83333,2.25,1.50
2012.02.28 15:26:58.081,8.83217,8.83341,2.25,1.50
2012.02.28 15:26:58.190,8.83209,8.83333,2.25,1.50
2012.02.28 15:27:00.886,8.83216,8.83342,2.25,1.50
2012.02.28 15:27:05.146,8.83192,8.83318,2.25,1.50
2012.02.28 15:27:05.430,8.83187,8.83308,3.00,1.50
2012.02.28 15:27:05.577,8.83192,8.83316,2.25,1.50
2012.02.28 15:27:06.528,8.832,8.83324,2.25,1.50
2012.02.28 15:27:07.016,8.83213,8.83339,2.25,1.50
2012.02.28 15:27:08.312,8.83197,8.83323,2.25,1.50
2012.02.28 15:27:08.551,8.83211,8.83335,2.25,1.50
2012.02.28 15:27:09.052,8.83224,8.8335,1.50,2.25
2012.02.28 15:27:09.719,8.83216,8.8334,1.50,1.50
2012.02.28 15:27:15.170,8.83231,8.83355,1.50,2.25
2012.02.28 15:27:15.320,8.83223,8.83347,1.50,2.25
2012.02.28 15:27:19.610,8.83212,8.83338,1.50,1.50
2012.02.28 15:27:25.212,8.83202,8.83326,1.50,1.50
2012.02.28 15:27:27.180,8.83212,8.83338,1.50,1.50
2012.02.28 15:27:29.245,8.83227,8.83351,1.50,2.25
2012.02.28 15:27:30.336,8.83237,8.83363,1.50,2.25
2012.02.28 15:27:31.090,8.83229,8.83355,1.50,2.25
2012.02.28 15:27:32.982,8.83222,8.83346,1.50,2.25
2012.02.28 15:27:36.541,8.83231,8.83355,1.50,2.25
2012.02.28 15:27:37.139,8.83223,8.83347,1.50,2.25
2012.02.28 15:27:40.972,8.83213,8.83339,1.50,1.50
2012.02.28 15:27:45.923,8.83222,8.83348,1.50,2.25
2012.02.28 15:27:47.210,8.83233,8.83357,1.50,2.25
2012.02.28 15:27:48.073,8.83245,8.83371,1.50,2.25
2012.02.28 15:27:48.630,8.83237,8.83361,1.50,2.25
2012.02.28 15:27:48.778,8.83229,8.83353,1.50,2.25
2012.02.28 15:27:49.785,8.83218,8.83342,1.50,2.25
2012.02.28 15:27:50.701,8.83225,8.83351,1.50,2.25
2012.02.28 15:27:53.473,8.83211,8.83337,1.50,1.50
2012.02.28 15:27:55.601,8.8322,8.83344,1.50,2.25
2012.02.28 15:27:55.914,8.83228,8.83352,1.50,2.25
2012.02.28 15:27:57.611,8.83224,8.8335,1.50,2.25
2012.02.28 15:27:58.270,8.83216,8.83342,1.50,2.25
2012.02.28 15:27:59.200,8.83208,8.83334,1.50,1.50
2012.02.28 15:28:00.614,8.83217,8.83341,1.50,1.50
2012.02.28 15:28:02.298,8.83204,8.8333,2.25,1.50
2012.02.28 15:28:04.059,8.83214,8.8334,1.50,1.50
2012.02.28 15:28:06.963,8.83229,8.83355,1.50,2.25
2012.02.28 15:28:07.203,8.83221,8.83347,1.50,2.25
2012.02.28 15:28:08.992,8.83221,8.83347,1.50,1.50
2012.02.28 15:28:09.212,8.83213,8.83337,1.50,1.50
2012.02.28 15:28:13.282,8.83221,8.83347,1.50,1.50
2012.02.28 15:28:16.441,8.83213,8.83337,1.50,1.50
2012.02.28 15:28:16.908,8.83204,8.8333,2.25,1.50
2012.02.28 15:28:17.137,8.83196,8.83322,1.50,1.50
2012.02.28 15:28:18.800,8.83204,8.8333,1.50,1.50
2012.02.28 15:28:19.633,8.83213,8.83337,1.50,1.50
2012.02.28 15:28:25.401,8.83233,8.83357,1.50,1.50
2012.02.28 15:28:27.650,8.83225,8.83349,1.50,1.50
2012.02.28 15:28:28.181,8.83216,8.83342,1.50,1.50
2012.02.28 15:28:28.735,8.83207,8.83333,2.25,1.50
2012.02.28 15:28:33.413,8.83207,8.83333,2.25,1.50
2012.02.28 15:28:34.090,8.83207,8.83333,1.50,1.50
2012.02.28 15:28:36.604,8.83207,8.83333,2.25,1.50
2012.02.28 15:28:37.050,8.8322,8.83344,1.50,1.50
2012.02.28 15:28:38.946,8.83221,8.83345,1.50,1.50
2012.02.28 15:28:41.797,8.83213,8.83337,1.50,1.50
2012.02.28 15:28:43.108,8.83221,8.83345,1.50,1.50
2012.02.28 15:28:44.133,8.8323,8.83356,1.50,1.50
2012.02.28 15:28:45.056,8.83222,8.83348,1.50,1.50
2012.02.28 15:28:47.346,8.83212,8.83338,1.50,1.50
2012.02.28 15:28:47.885,8.83238,8.83362,1.50,1.50
2012.02.28 15:28:47.964,8.83238,8.83364,1.50,1.50
2012.02.28 15:28:48.050,8.83202,8.83328,2.25,1.50
2012.02.28 15:28:48.697,8.83205,8.83329,2.25,1.50
2012.02.28 15:28:51.211,8.83217,8.83341,1.50,1.50
2012.02.28 15:28:53.452,8.83209,8.83333,1.50,1.50
2012.02.28 15:28:54.594,8.83217,8.83341,1.50,1.50
2012.02.28 15:28:56.029,8.83219,8.83345,1.50,1.50
2012.02.28 15:28:58.286,8.83231,8.83355,1.50,1.50
2012.02.28 15:29:00.804,8.83231,8.83355,2.25,1.50
2012.02.28 15:29:01.115,8.83262,8.8338,2.33,1.95
2012.02.28 15:29:14.621,8.83247,8.8336,1.58,1.50
2012.02.28 15:29:16.214,8.83247,8.83368,1.58,1.50
2012.02.28 15:29:17.772,8.83251,8.83377,2.33,1.95
2012.02.28 15:29:20.903,8.83278,8.83393,1.50,1.58
2012.02.28 15:29:22.044,8.8327,8.83393,1.95,1.58
2012.02.28 15:29:29.348,8.83276,8.83393,1.50,1.58
2012.02.28 15:29:30.715,8.83267,8.83393,2.33,3.08
2012.02.28 15:29:38.768,8.8325,8.83376,2.33,1.50
2012.02.28 15:29:41.114,8.83263,8.83382,2.33,1.58
2012.02.28 15:29:48.201,8.83269,8.83393,1.50,3.00
2012.02.28 15:29:50.937,8.83269,8.83393,1.50,3.00
2012.02.28 15:29:53.732,8.83269,8.83393,1.50,3.00
2012.02.28 15:29:54.005,8.83269,8.83393,1.50,3.00
2012.02.28 15:30:02.541,8.83259,8.83385,1.50,2.25
2012.02.28 15:30:03.431,8.83234,8.83358,2.25,1.50
2012.02.28 15:30:03.903,8.83244,8.83368,2.25,2.25
2012.02.28 15:30:04.482,8.83254,8.83378,1.50,2.25
2012.02.28 15:30:04.732,8.83246,8.8337,2.25,2.25
2012.02.28 15:30:05.395,8.83254,8.83378,1.50,2.25
2012.02.28 15:30:07.011,8.83262,8.83386,1.50,2.25
2012.02.28 15:30:15.670,8.83252,8.83376,1.50,2.25
2012.02.28 15:30:16.227,8.83241,8.83367,2.25,2.25
2012.02.28 15:30:16.882,8.83254,8.8338,1.50,2.25
2012.02.28 15:30:17.368,8.83243,8.83369,2.25,2.25
2012.02.28 15:30:17.682,8.83252,8.83376,1.50,2.25
2012.02.28 15:30:18.187,8.83242,8.83368,2.25,2.25
2012.02.28 15:30:18.844,8.8325,8.83376,1.50,2.25
2012.02.28 15:30:21.157,8.83259,8.83383,1.50,2.25
2012.02.28 15:30:24.257,8.83259,8.83378,2.33,1.20
2012.02.28 15:30:34.957,8.83282,8.83378,1.50,1.20
2012.02.28 15:30:36.712,8.83275,8.83378,1.50,1.20
2012.02.28 15:30:37.656,8.83262,8.83378,2.33,1.20
2012.02.28 15:30:43.202,8.83276,8.83378,1.50,1.20
2012.02.28 15:30:45.472,8.83267,8.83378,2.33,1.20
2012.02.28 15:30:47.685,8.83231,8.83357,2.33,1.50
2012.02.28 15:30:48.210,8.83242,8.83366,2.33,2.25
2012.02.28 15:30:53.965,8.83267,8.83393,2.33,2.33
2012.02.28 15:30:55.168,8.83241,8.83365,2.33,1.50
2012.02.28 15:30:55.453,8.83249,8.83373,2.33,1.50
2012.02.28 15:30:55.963,8.8324,8.83366,2.33,1.50
2012.02.28 15:30:56.052,8.8325,8.83374,2.33,1.50
2012.02.28 15:30:57.564,8.83259,8.83383,2.33,2.33
2012.02.28 15:30:58.511,8.83248,8.83372,2.33,1.50
2012.02.28 15:30:59.022,8.83256,8.8338,2.33,1.95
2012.02.28 15:31:00.522,8.83256,8.8338,2.33,2.33
2012.02.28 15:31:02.295,8.83279,8.83403,1.50,2.33
2012.02.28 15:31:03.372,8.8327,8.83396,1.50,2.33
2012.02.28 15:31:03.968,8.83268,8.83392,1.95,2.33
2012.02.28 15:31:14.932,8.83274,8.834,1.50,2.33
2012.02.28 15:31:15.776,8.83265,8.83389,1.95,2.33
2012.02.28 15:31:29.518,8.83248,8.83374,2.33,1.50
2012.02.28 15:31:30.222,8.83257,8.83381,2.33,2.33
2012.02.28 15:31:31.947,8.83273,8.83397,1.50,2.33
2012.02.28 15:31:36.567,8.83264,8.8339,2.33,2.33
2012.02.28 15:31:41.173,8.83264,8.83375,2.33,1.20
2012.02.28 15:31:41.239,8.83264,8.83375,2.33,1.20
2012.02.28 15:31:42.474,8.83273,8.83375,1.50,1.20
2012.02.28 15:31:44.419,8.83265,8.83375,1.95,1.20
2012.02.28 15:31:49.402,8.8324,8.83357,2.33,1.50
2012.02.28 15:31:49.470,8.83233,8.83357,1.50,2.33
2012.02.28 15:31:49.545,8.8322,8.83344,1.95,2.33
2012.02.28 15:31:50.060,8.8322,8.83342,1.50,1.58
2012.02.28 15:31:50.580,8.83208,8.83334,1.95,2.33
2012.02.28 15:31:51.782,8.83197,8.83315,2.33,1.20
2012.02.28 15:31:51.867,8.83197,8.83321,2.33,2.33
2012.02.28 15:32:00.725,8.83204,8.83315,2.33,1.20
2012.02.28 15:32:06.189,8.83193,8.83315,2.33,1.20
2012.02.28 15:32:08.123,8.832,8.83315,2.33,1.20
2012.02.28 15:32:09.551,8.832,8.83315,2.33,1.20
2012.02.28 15:32:09.638,8.832,8.83315,2.33,1.20
2012.02.28 15:32:09.875,8.832,8.83315,2.33,1.20
2012.02.28 15:32:10.815,8.8322,8.83315,1.50,1.20
2012.02.28 15:32:11.314,8.8322,8.83315,1.50,1.20
2012.02.28 15:32:11.728,8.8322,8.83315,1.50,1.20
2012.02.28 15:32:12.460,8.83228,8.83315,1.50,1.20
2012.02.28 15:32:12.542,8.83217,8.83315,1.50,1.20
2012.02.28 15:32:12.762,8.83217,8.83315,1.50,1.20
2012.02.28 15:32:13.043,8.83217,8.83315,1.50,1.20
2012.02.28 15:32:13.612,8.83225,8.83315,1.50,1.20
2012.02.28 15:32:16.057,8.83217,8.83315,1.50,1.20
2012.02.28 15:32:16.668,8.83226,8.83315,1.50,1.20
2012.02.28 15:32:16.750,8.83226,8.83323,1.50,1.58
2012.02.28 15:32:17.427,8.83226,8.83315,1.50,1.20
2012.02.28 15:32:18.275,8.83215,8.83315,1.50,1.20
2012.02.28 15:32:18.368,8.83197,8.83315,2.33,1.20
2012.02.28 15:32:20.757,8.83199,8.83315,2.33,1.20
2012.02.28 15:32:22.707,8.83206,8.83315,1.95,1.20
2012.02.28 15:32:23.110,8.83188,8.83314,3.08,2.25
2012.02.28 15:32:23.393,8.83188,8.83314,3.08,2.25
2012.02.28 15:32:25.079,8.83295,8.83389,2.10,2.01
2012.02.28 15:32:25.411,8.83362,8.83452,2.25,1.50
2012.02.28 15:32:26.007,8.83372,8.83518,2.25,2.25
2012.02.28 15:32:26.453,8.83392,8.83518,2.25,1.50
2012.02.28 15:32:26.670,8.83392,8.83518,2.25,2.25
2012.02.28 15:32:26.825,8.83401,8.83527,2.25,2.25
2012.02.28 15:32:27.467,8.83424,8.8355,1.50,2.25
2012.02.28 15:32:28.046,8.83405,8.83529,2.25,2.25
2012.02.28 15:32:28.176,8.83405,8.83529,2.25,2.25
2012.02.28 15:32:28.981,8.8342,8.83544,1.50,2.25
2012.02.28 15:32:29.195,8.83429,8.83553,1.50,2.25
2012.02.28 15:32:29.343,8.83429,8.83553,1.50,2.25
2012.02.28 15:32:29.488,8.83411,8.83535,2.25,2.25
2012.02.28 15:32:29.568,8.83421,8.83545,1.50,2.25
2012.02.28 15:32:31.182,8.83421,8.83545,1.50,2.25
2012.02.28 15:32:31.988,8.83421,8.8353,1.95,1.20
2012.02.28 15:32:33.703,8.8343,8.83539,2.33,1.20
2012.02.28 15:32:33.841,8.8343,8.83543,2.33,1.20
2012.02.28 15:32:34.390,8.83445,8.83562,1.50,1.58
2012.02.28 15:32:35.807,8.83445,8.83569,1.50,2.33
2012.02.28 15:32:36.029,8.83445,8.83563,1.50,1.58
2012.02.28 15:32:36.107,8.83437,8.83561,1.50,2.33
2012.02.28 15:32:36.187,8.83437,8.83561,1.95,2.33
2012.02.28 15:32:36.663,8.83447,8.83571,1.50,2.33
2012.02.28 15:32:37.162,8.83447,8.83571,1.50,2.33
2012.02.28 15:32:37.693,8.83437,8.83561,2.33,2.33
2012.02.28 15:32:40.066,8.83447,8.83571,1.50,2.33
2012.02.28 15:32:40.827,8.8346,8.83572,1.50,1.58
2012.02.28 15:32:42.029,8.83438,8.83562,2.70,2.33
2012.02.28 15:32:42.104,8.83442,8.83562,1.20,2.33
2012.02.28 15:32:42.393,8.83438,8.83562,2.70,2.33
2012.02.28 15:32:42.790,8.83442,8.83562,1.20,2.33
2012.02.28 15:32:42.990,8.83438,8.83562,2.70,2.33
2012.02.28 15:32:43.192,8.83442,8.83562,1.20,2.33
2012.02.28 15:32:43.550,8.83438,8.83562,2.70,2.33
2012.02.28 15:32:44.531,8.83452,8.83572,2.25,1.58
2012.02.28 15:32:44.963,8.83452,8.83572,1.50,1.58
2012.02.28 15:32:45.044,8.83442,8.83566,1.95,2.33
2012.02.28 15:32:45.777,8.83442,8.83566,2.70,2.33
2012.02.28 15:32:48.719,8.83461,8.83572,1.50,1.58
2012.02.28 15:32:50.255,8.83444,8.83568,2.25,2.33
2012.02.28 15:32:51.103,8.83436,8.83562,1.95,2.33
2012.02.28 15:32:52.960,8.83428,8.83539,1.58,1.50
2012.02.28 15:32:53.316,8.83428,8.8353,1.58,1.50
2012.02.28 15:32:54.791,8.83443,8.83567,1.50,2.33
2012.02.28 15:32:55.201,8.83453,8.83572,1.50,1.58
2012.02.28 15:32:59.238,8.83444,8.83562,1.50,1.58
2012.02.28 15:32:59.331,8.83435,8.83559,1.95,2.33
2012.02.28 15:32:59.409,8.83442,8.83562,1.50,1.58
2012.02.28 15:33:00.081,8.83457,8.83562,1.50,1.58
2012.02.28 15:33:00.968,8.83467,8.83572,1.50,1.58
2012.02.28 15:33:03.220,8.8346,8.83563,1.50,1.58
2012.02.28 15:33:05.504,8.83449,8.83572,1.50,1.58
2012.02.28 15:33:06.382,8.8344,8.83563,1.50,1.58
2012.02.28 15:33:06.524,8.83433,8.83557,2.33,2.33
2012.02.28 15:33:07.021,8.83442,8.83563,1.50,1.58
2012.02.28 15:33:08.035,8.83433,8.83559,2.33,2.33
2012.02.28 15:33:09.886,8.83442,8.83563,1.50,1.58
2012.02.28 15:33:11.412,8.8345,8.83572,1.50,1.58
2012.02.28 15:33:12.661,8.83439,8.83563,1.50,3.08
2012.02.28 15:33:14.700,8.8345,8.83572,1.50,1.58
2012.02.28 15:33:16.546,8.8344,8.83564,1.50,2.33
2012.02.28 15:33:18.460,8.83431,8.83557,2.33,2.33
2012.02.28 15:33:22.281,8.83446,8.83572,1.50,3.08
2012.02.28 15:33:23.910,8.83444,8.8357,1.50,2.33
2012.02.28 15:33:23.991,8.83428,8.83548,1.58,2.33
2012.02.28 15:33:27.794,8.83441,8.83565,1.50,2.33
2012.02.28 15:33:28.329,8.83442,8.83568,1.50,2.33
2012.02.28 15:33:28.727,8.83428,8.83562,1.58,1.58
2012.02.28 15:33:29.180,8.83428,8.83535,1.58,1.50
2012.02.28 15:33:29.230,8.83428,8.83529,1.58,1.50
2012.02.28 15:33:30.845,8.83428,8.8352,1.58,1.50
2012.02.28 15:33:31.832,8.83428,8.83528,1.58,1.50
2012.02.28 15:33:32.414,8.83428,8.83538,1.58,1.50
2012.02.28 15:33:34.782,8.83428,8.83548,1.58,2.33
2012.02.28 15:33:36.380,8.83428,8.83541,1.58,1.50
2012.02.28 15:33:37.836,8.83427,8.83543,1.58,1.20
2012.02.28 15:33:39.085,8.83427,8.83535,1.58,1.50
2012.02.28 15:33:39.732,8.83427,8.83543,1.58,2.70
2012.02.28 15:33:41.849,8.83427,8.83535,1.58,1.50
2012.02.28 15:33:42.268,8.83427,8.83543,1.58,1.20
2012.02.28 15:33:44.130,8.83433,8.83557,1.50,2.33
2012.02.28 15:33:44.276,8.83387,8.83511,2.70,2.33
2012.02.28 15:33:44.353,8.83387,8.83511,1.95,2.33
2012.02.28 15:33:44.495,8.83387,8.83511,2.33,1.95
2012.02.28 15:33:44.947,8.83381,8.83507,1.95,2.33
2012.02.28 15:33:50.432,8.83366,8.83487,2.33,1.20
2012.02.28 15:33:50.848,8.83357,8.83461,1.58,1.50
2012.02.28 15:33:51.524,8.83357,8.83469,1.58,1.50
2012.02.28 15:33:54.268,8.83357,8.83481,1.58,1.50
2012.02.28 15:33:54.414,8.83383,8.83481,1.20,1.50
2012.02.28 15:33:54.488,8.83393,8.83493,2.25,1.33
2012.02.28 15:33:54.567,8.83393,8.83503,2.25,1.26
2012.02.28 15:33:54.720,8.83393,8.83519,2.25,2.25
2012.02.28 15:33:54.870,8.83393,8.83519,2.25,2.25
2012.02.28 15:33:55.522,8.83416,8.8354,1.50,2.25
2012.02.28 15:33:56.213,8.83416,8.8354,1.50,2.25
2012.02.28 15:33:57.365,8.83425,8.83543,1.50,1.50
2012.02.28 15:33:57.832,8.83425,8.83543,1.50,1.50
2012.02.28 15:33:57.980,8.83405,8.83529,2.25,2.25
2012.02.28 15:33:58.968,8.83416,8.8354,1.50,2.25
2012.02.28 15:33:59.987,8.83406,8.8353,2.25,2.25
2012.02.28 15:34:03.211,8.83415,8.83541,1.50,2.25
2012.02.28 15:34:04.626,8.83423,8.83543,1.50,1.50
2012.02.28 15:34:04.776,8.83423,8.83543,1.50,1.50
2012.02.28 15:34:05.417,8.83435,8.83543,1.50,1.50
2012.02.28 15:34:05.502,8.83414,8.83538,1.50,2.25
2012.02.28 15:34:06.284,8.83414,8.83538,1.50,2.25
2012.02.28 15:34:06.892,8.83405,8.83529,2.25,1.50
2012.02.28 15:34:06.969,8.83405,8.83529,2.25,2.25
2012.02.28 15:34:07.468,8.83405,8.83529,2.25,1.50
2012.02.28 15:34:07.548,8.83415,8.83539,1.50,2.25
2012.02.28 15:34:07.925,8.83415,8.83539,1.50,2.25
2012.02.28 15:34:08.006,8.83415,8.83539,1.50,2.25
2012.02.28 15:34:08.438,8.83406,8.8353,2.25,1.50
2012.02.28 15:34:08.588,8.83406,8.8353,2.25,2.25
2012.02.28 15:34:09.793,8.83406,8.8353,2.25,2.25
2012.02.28 15:34:10.329,8.83406,8.8353,2.25,2.25
2012.02.28 15:34:10.685,8.83406,8.8353,2.25,2.25
2012.02.28 15:34:11.168,8.83397,8.83523,2.25,2.25
2012.02.28 15:34:13.453,8.83405,8.83531,2.25,2.25
2012.02.28 15:34:13.714,8.83405,8.83531,2.25,1.50
2012.02.28 15:34:13.784,8.83405,8.83523,2.25,1.50
2012.02.28 15:34:14.148,8.83373,8.83497,2.25,1.50
2012.02.28 15:34:14.240,8.83372,8.83498,1.50,2.25
2012.02.28 15:34:15.532,8.83364,8.8349,1.50,1.50
2012.02.28 15:34:16.602,8.83368,8.83492,1.50,2.25
2012.02.28 15:34:16.933,8.83368,8.83492,2.50,1.50
2012.02.28 15:34:17.409,8.83379,8.83505,2.50,1.50
2012.02.28 15:34:17.763,8.83388,8.83505,1.83,2.33
2012.02.28 15:34:18.227,8.83388,8.83496,1.83,1.50
2012.02.28 15:34:18.540,8.83388,8.83503,1.83,1.50
2012.02.28 15:34:19.879,8.83388,8.83511,1.83,1.95
2012.02.28 15:34:24.780,8.83408,8.83532,1.50,2.33
2012.02.28 15:34:25.382,8.83407,8.83533,1.50,3.08
2012.02.28 15:34:25.516,8.83397,8.83521,1.58,2.33
2012.02.28 15:34:27.312,8.83403,8.83529,1.50,2.33
2012.02.28 15:34:28.189,8.83416,8.83533,1.50,1.58
2012.02.28 15:34:29.824,8.8342,8.83533,1.50,1.58
2012.02.28 15:34:31.465,8.83401,8.83527,1.95,2.33
2012.02.28 15:34:32.717,8.83433,8.83552,1.50,1.50
2012.02.28 15:34:33.044,8.83455,8.83552,1.50,1.50
2012.02.28 15:34:33.181,8.83455,8.83581,1.50,1.50
2012.02.28 15:34:33.317,8.83444,8.83568,1.50,1.50
2012.02.28 15:34:33.977,8.83448,8.83568,2.10,1.50
2012.02.28 15:34:34.241,8.83486,8.83722,1.75,1.50
2012.02.28 15:34:34.851,8.83556,8.837,2.25,1.50
2012.02.28 15:34:35.412,8.83556,8.8368,1.50,1.50
2012.02.28 15:34:36.402,8.83546,8.83672,1.50,1.50
2012.02.28 15:34:36.965,8.83547,8.83671,1.50,1.50
2012.02.28 15:34:38.108,8.83539,8.83663,1.50,1.50
2012.02.28 15:34:38.522,8.83542,8.83666,1.50,1.50
2012.02.28 15:34:39.722,8.83552,8.83676,1.50,1.50
2012.02.28 15:34:40.053,8.8356,8.83684,1.50,2.10
2012.02.28 15:34:40.382,8.83572,8.83698,1.75,1.50
2012.02.28 15:34:40.817,8.8365,8.83722,1.50,1.50
2012.02.28 15:34:40.921,8.83491,8.83614,2.25,1.50
2012.02.28 15:34:40.993,8.83448,8.83614,2.25,1.50
2012.02.28 15:34:41.070,8.83448,8.83614,2.25,1.50
2012.02.28 15:34:41.428,8.83531,8.83638,1.50,1.50
2012.02.28 15:34:41.514,8.83531,8.83697,1.50,1.50
2012.02.28 15:34:41.593,8.83548,8.83712,1.50,1.50
2012.02.28 15:34:42.103,8.83559,8.83683,1.50,1.50
2012.02.28 15:34:42.657,8.83547,8.83673,1.50,1.50
2012.02.28 15:34:44.749,8.83564,8.8369,1.50,1.50
2012.02.28 15:34:45.638,8.83546,8.8367,1.50,1.50
2012.02.28 15:34:45.936,8.83558,8.83684,1.50,1.50
2012.02.28 15:34:47.188,8.83549,8.83675,1.50,1.50
2012.02.28 15:34:47.533,8.83559,8.83683,1.50,1.50
2012.02.28 15:34:49.123,8.83578,8.83702,1.50,1.50
2012.02.28 15:34:49.567,8.83566,8.8369,1.50,1.50
2012.02.28 15:34:51.103,8.83564,8.83688,1.50,1.50
2012.02.28 15:34:51.627,8.83574,8.83698,1.50,1.50
2012.02.28 15:34:52.082,8.83565,8.83689,1.50,1.50
2012.02.28 15:34:54.354,8.83556,8.8368,1.50,1.50
2012.02.28 15:34:55.569,8.83568,8.83692,1.50,1.50
2012.02.28 15:34:56.693,8.83552,8.83678,1.50,1.50
2012.02.28 15:35:00.876,8.83543,8.83667,1.50,1.50
2012.02.28 15:35:01.854,8.83551,8.83675,1.50,1.50
2012.02.28 15:35:03.271,8.8354,8.83664,1.50,1.50
2012.02.28 15:35:03.698,8.83547,8.83673,1.50,1.50
2012.02.28 15:35:04.220,8.83557,8.83681,1.50,1.50
2012.02.28 15:35:05.346,8.83547,8.83671,1.50,1.50
2012.02.28 15:35:05.651,8.83555,8.83679,1.50,1.50
2012.02.28 15:35:09.403,8.83546,8.83672,1.50,1.50
2012.02.28 15:35:10.217,8.83554,8.8368,1.50,1.50
2012.02.28 15:35:13.968,8.83529,8.8368,1.50,2.01
2012.02.28 15:35:14.061,8.83383,8.83547,1.50,2.25
2012.02.28 15:35:14.488,8.83391,8.83555,1.50,2.25
2012.02.28 15:35:14.570,8.83391,8.83555,2.25,1.50
2012.02.28 15:35:14.646,8.83399,8.83563,1.50,1.50
2012.02.28 15:35:14.726,8.83449,8.83589,1.50,1.50
2012.02.28 15:35:14.808,8.83449,8.83612,1.50,1.50
2012.02.28 15:35:14.883,8.83449,8.83615,1.50,2.25
2012.02.28 15:35:14.953,8.83449,8.83615,1.50,1.50
2012.02.28 15:35:17.894,8.83461,8.83587,1.50,1.50
2012.02.28 15:35:20.323,8.83445,8.83571,1.50,1.50
2012.02.28 15:35:22.433,8.83434,8.8356,1.50,1.50
2012.02.28 15:35:24.059,8.83424,8.83548,1.50,1.50
2012.02.28 15:35:24.133,8.83431,8.83557,1.50,1.50
2012.02.28 15:35:25.452,8.83462,8.83586,1.50,1.50
2012.02.28 15:35:25.825,8.83452,8.83578,1.50,1.50
2012.02.28 15:35:25.903,8.83456,8.83582,1.50,1.50
2012.02.28 15:35:26.943,8.83449,8.83573,1.50,1.50
2012.02.28 15:35:27.312,8.83456,8.83582,1.50,1.50
2012.02.28 15:35:31.651,8.83448,8.83574,1.50,1.50
2012.02.28 15:35:32.042,8.83439,8.83563,1.50,1.50
2012.02.28 15:35:34.454,8.83439,8.83563,1.75,1.50
2012.02.28 15:35:34.785,8.83508,8.83589,2.25,1.50
2012.02.28 15:35:34.861,8.83508,8.83632,2.25,1.50
2012.02.28 15:35:35.971,8.83491,8.83615,2.25,1.50
2012.02.28 15:35:36.205,8.83498,8.83624,2.25,1.50
2012.02.28 15:35:39.311,8.83508,8.83632,2.25,1.50
2012.02.28 15:35:44.384,8.8351,8.83634,2.25,1.50
2012.02.28 15:35:46.068,8.83518,8.83644,2.25,1.50
2012.02.28 15:35:47.167,8.83506,8.83632,2.25,1.50
2012.02.28 15:35:48.038,8.83498,8.83622,2.25,1.50
2012.02.28 15:35:51.121,8.83508,8.83632,2.25,1.50
2012.02.28 15:35:55.491,8.83493,8.83617,2.25,1.50
2012.02.28 15:35:55.754,8.83504,8.83628,2.25,1.50
2012.02.28 15:35:59.502,8.83496,8.8362,2.25,1.50
2012.02.28 15:36:01.928,8.83507,8.83631,2.25,1.50
2012.02.28 15:36:12.223,8.83494,8.8362,2.25,1.50
2012.02.28 15:36:14.181,8.83506,8.8363,2.25,1.50
2012.02.28 15:36:17.816,8.83514,8.8364,2.25,1.50
2012.02.28 15:36:21.563,8.83505,8.83629,2.25,1.50
2012.02.28 15:36:22.612,8.83489,8.83613,2.25,1.50
2012.02.28 15:36:24.155,8.83498,8.83624,2.25,1.50
2012.02.28 15:36:34.545,8.83509,8.83635,1.50,1.50
2012.02.28 15:36:36.037,8.83499,8.83625,1.50,1.50
2012.02.28 15:36:41.455,8.83516,8.83642,1.50,1.50
2012.02.28 15:36:44.079,8.83507,8.83633,1.50,1.50
2012.02.28 15:36:46.352,8.835,8.83624,1.50,1.50
2012.02.28 15:36:46.554,8.83491,8.83617,1.50,1.50
2012.02.28 15:36:48.587,8.83503,8.83627,1.50,1.50
2012.02.28 15:36:50.614,8.835,8.83624,1.50,1.50
2012.02.28 15:36:52.463,8.83508,8.83632,1.50,1.50
2012.02.28 15:36:54.002,8.83493,8.83617,1.50,1.50
2012.02.28 15:36:54.380,8.83501,8.83625,1.50,1.50
2012.02.28 15:36:58.702,8.83501,8.83609,1.50,1.35
2012.02.28 15:36:58.773,8.83437,8.83561,2.25,1.50
2012.02.28 15:36:58.966,8.83392,8.83518,1.50,2.25
2012.02.28 15:36:59.121,8.83384,8.8351,2.25,2.25
2012.02.28 15:36:59.194,8.83384,8.8351,1.50,2.25
2012.02.28 15:36:59.402,8.83374,8.83498,1.50,2.25
2012.02.28 15:36:59.777,8.83374,8.83498,2.25,1.50
2012.02.28 15:37:00.281,8.83381,8.83498,1.35,1.50
2012.02.28 15:37:00.646,8.83394,8.83515,2.25,1.50
2012.02.28 15:37:01.064,8.83394,8.83518,2.25,1.50
2012.02.28 15:37:02.089,8.83404,8.83528,2.25,1.50
2012.02.28 15:37:03.167,8.83411,8.83537,2.25,1.50
2012.02.28 15:37:04.326,8.83399,8.83523,2.25,1.50
2012.02.28 15:37:05.491,8.83399,8.83523,1.50,1.50
2012.02.28 15:37:05.640,8.83407,8.83531,1.50,1.50
2012.02.28 15:37:09.634,8.83416,8.83542,1.50,1.50
2012.02.28 15:37:10.467,8.83407,8.83533,1.50,1.50
2012.02.28 15:37:11.244,8.834,8.83524,1.50,1.50
2012.02.28 15:37:11.893,8.83389,8.83515,2.25,1.50
2012.02.28 15:37:11.963,8.83389,8.83515,1.50,2.25
2012.02.28 15:37:14.703,8.83389,8.83513,1.50,1.58
2012.02.28 15:37:14.776,8.83375,8.83492,1.50,1.58
2012.02.28 15:37:15.262,8.83364,8.8349,1.50,2.33
2012.02.28 15:37:17.987,8.83364,8.8349,2.10,2.33
2012.02.28 15:37:18.333,8.83364,8.8349,2.25,1.50
2012.02.28 15:37:18.536,8.83394,8.83514,1.50,2.25
2012.02.28 15:37:20.323,8.83384,8.8351,1.50,1.50
2012.02.28 15:37:20.452,8.83394,8.8352,1.50,2.25
2012.02.28 15:37:20.851,8.83394,8.8352,1.50,2.25
2012.02.28 15:37:20.919,8.83378,8.83504,1.50,2.25
2012.02.28 15:37:21.122,8.8337,8.83492,1.50,2.25
2012.02.28 15:37:21.374,8.83366,8.83492,1.50,2.25
2012.02.28 15:37:21.562,8.83379,8.83505,1.50,2.25
2012.02.28 15:37:22.436,8.83379,8.83492,1.50,1.58
2012.02.28 15:37:25.762,8.83368,8.83492,1.50,1.58
2012.02.28 15:37:26.764,8.83361,8.83485,1.95,2.33
2012.02.28 15:37:27.740,8.83337,8.8346,1.20,2.33
2012.02.28 15:37:27.815,8.83336,8.8346,1.95,2.33
2012.02.28 15:37:28.015,8.83336,8.8346,2.33,1.50
2012.02.28 15:37:28.432,8.83351,8.83477,2.33,2.33
2012.02.28 15:37:35.432,8.83348,8.83465,1.58,1.50
2012.02.28 15:37:35.821,8.83341,8.83465,2.33,2.25
2012.02.28 15:37:36.014,8.8332,8.83443,1.50,1.58
2012.02.28 15:37:36.080,8.83306,8.8343,2.33,2.33
2012.02.28 15:37:39.129,8.83297,8.8341,1.58,1.50
2012.02.28 15:37:40.464,8.83317,8.83419,1.43,1.50
2012.02.28 15:37:40.889,8.83327,8.83419,1.20,1.50
2012.02.28 15:37:40.971,8.83365,8.83489,2.25,2.25
2012.02.28 15:37:42.261,8.83374,8.835,2.25,2.25
2012.02.28 15:37:43.905,8.83351,8.83477,1.50,2.25
2012.02.28 15:37:44.043,8.83351,8.83477,1.50,1.50
2012.02.28 15:37:44.113,8.8335,8.83469,1.50,1.50
2012.02.28 15:37:44.373,8.83343,8.83469,2.25,1.50
2012.02.28 15:37:45.214,8.83343,8.83469,2.25,2.25
2012.02.28 15:37:45.693,8.83357,8.83481,1.50,1.50
2012.02.28 15:37:46.721,8.83349,8.83473,1.50,1.50
2012.02.28 15:37:47.557,8.83349,8.83473,1.50,2.25
2012.02.28 15:37:49.498,8.83349,8.83473,1.50,1.50
2012.02.28 15:37:49.995,8.83356,8.83482,1.50,1.50
2012.02.28 15:37:50.713,8.83346,8.83472,2.25,1.50
2012.02.28 15:37:55.612,8.83355,8.83479,1.50,1.50
2012.02.28 15:37:56.580,8.83347,8.83471,2.25,1.50
2012.02.28 15:38:03.533,8.83354,8.8348,1.50,1.50
2012.02.28 15:38:03.606,8.83347,8.83471,2.25,1.50
2012.02.28 15:38:05.313,8.83339,8.83463,2.25,1.50
2012.02.28 15:38:09.752,8.83339,8.83463,2.50,1.50
2012.02.28 15:38:10.421,8.83388,8.83512,2.25,1.50
2012.02.28 15:38:10.501,8.83397,8.83523,2.25,1.50
2012.02.28 15:38:12.026,8.83408,8.83532,1.50,1.50
2012.02.28 15:38:13.233,8.834,8.83524,1.50,1.50
2012.02.28 15:38:17.171,8.83411,8.83535,1.50,1.50
2012.02.28 15:38:17.723,8.83399,8.83525,1.50,1.50
2012.02.28 15:38:18.305,8.83392,8.83516,2.25,1.50
2012.02.28 15:38:18.631,8.83427,8.83542,1.58,1.50
2012.02.28 15:38:19.872,8.83427,8.83551,1.58,1.50
2012.02.28 15:38:22.769,8.83434,8.83558,2.33,2.33
2012.02.28 15:38:26.490,8.83443,8.83567,2.33,2.33
2012.02.28 15:38:38.275,8.83437,8.83557,1.58,1.50
2012.02.28 15:38:45.276,8.83447,8.83573,2.33,2.33
2012.02.28 15:38:46.420,8.83456,8.83582,1.50,2.33
2012.02.28 15:38:46.942,8.83448,8.83574,1.95,2.33
2012.02.28 15:38:53.631,8.83437,8.83546,1.58,1.50
2012.02.28 15:38:54.242,8.83437,8.83554,1.58,1.50
2012.02.28 15:38:55.195,8.83438,8.83562,2.33,1.95
2012.02.28 15:39:02.423,8.83437,8.83552,1.58,1.50
2012.02.28 15:39:04.216,8.83437,8.8356,1.58,1.95
2012.02.28 15:39:08.652,8.83437,8.83546,1.58,1.50
2012.02.28 15:39:09.549,8.83487,8.83584,1.58,1.50
2012.02.28 15:39:09.691,8.83487,8.83596,1.58,1.50
2012.02.28 15:39:10.409,8.83487,8.83587,1.58,1.50
2012.02.28 15:39:10.795,8.83487,8.83587,1.58,2.25
2012.02.28 15:39:11.423,8.83487,8.83587,1.58,1.50
2012.02.28 15:39:11.718,8.83487,8.83596,1.58,1.50
2012.02.28 15:39:12.380,8.83487,8.83596,1.58,2.25
2012.02.28 15:39:14.850,8.83497,8.83605,1.05,1.95
2012.02.28 15:39:14.921,8.83498,8.83605,1.30,1.50
2012.02.28 15:39:15.231,8.83559,8.83685,2.25,2.25
2012.02.28 15:39:16.323,8.83568,8.83692,2.25,2.25
2012.02.28 15:39:17.115,8.83568,8.83692,2.25,2.25
2012.02.28 15:39:22.944,8.83569,8.83695,2.25,2.25
2012.02.28 15:39:23.801,8.83569,8.83695,2.25,2.25
2012.02.28 15:39:28.778,8.83587,8.83702,2.25,1.20
2012.02.28 15:39:35.386,8.83578,8.83702,2.25,1.20
2012.02.28 15:39:39.812,8.83569,8.83693,2.25,2.25
2012.02.28 15:39:40.720,8.83569,8.83681,1.50,2.25
2012.02.28 15:39:40.800,8.83537,8.83655,1.50,1.50
2012.02.28 15:39:41.797,8.83546,8.83672,1.50,1.50
2012.02.28 15:39:42.543,8.83539,8.83663,1.50,1.50
2012.02.28 15:39:43.571,8.83539,8.83663,2.33,1.95
2012.02.28 15:39:44.080,8.83548,8.83663,1.58,2.70
2012.02.28 15:39:44.807,8.83548,8.83655,1.58,1.50
2012.02.28 15:39:46.008,8.83551,8.83663,2.33,1.20
2012.02.28 15:39:51.128,8.83548,8.83659,1.58,1.50
2012.02.28 15:39:58.950,8.83548,8.83663,1.58,1.20
2012.02.28 15:40:03.850,8.83548,8.83669,1.58,2.33
2012.02.28 15:40:03.920,8.83545,8.83669,2.33,2.33
2012.02.28 15:40:17.242,8.83537,8.83649,1.58,1.50
2012.02.28 15:40:17.736,8.83542,8.83662,2.33,1.58
2012.02.28 15:42:08.564,8.83523,8.83649,2.33,1.50
2012.02.28 15:42:09.074,8.83519,8.83645,2.33,1.50
2012.02.28 15:42:09.206,8.83527,8.83653,2.33,1.50
2012.02.28 15:42:09.823,8.83536,8.83662,2.33,2.33
2012.02.28 15:42:21.942,8.83521,8.8364,2.33,1.50
2012.02.28 15:42:22.029,8.83537,8.83662,1.58,1.95
2012.02.28 15:42:32.922,8.83543,8.83669,1.50,2.33
2012.02.28 15:42:32.993,8.83537,8.8366,1.20,2.33
2012.02.28 15:42:33.426,8.83528,8.83652,2.33,2.33
2012.02.28 15:42:34.892,8.83528,8.83652,1.50,1.50
2012.02.28 15:42:34.962,8.83528,8.83652,2.85,1.50
2012.02.28 15:42:35.211,8.83576,8.83677,2.50,1.50
2012.02.28 15:42:35.284,8.83576,8.837,2.50,1.50
2012.02.28 15:42:36.189,8.83599,8.83725,1.50,1.50
2012.02.28 15:42:38.415,8.83608,8.83732,1.50,1.50
2012.02.28 15:42:38.764,8.83616,8.8374,1.50,2.25
2012.02.28 15:42:40.298,8.83603,8.83729,1.50,1.50
2012.02.28 15:42:51.064,8.83616,8.8374,1.50,2.25
2012.02.28 15:42:51.267,8.83607,8.83731,1.50,1.50
2012.02.28 15:42:56.195,8.83596,8.83722,2.25,1.50
2012.02.28 15:42:57.152,8.83596,8.83722,2.25,1.50
2012.02.28 15:42:57.279,8.83639,8.83746,2.25,1.50
2012.02.28 15:42:57.413,8.83639,8.83763,2.25,1.50
2012.02.28 15:42:58.285,8.8365,8.83774,1.50,1.50
2012.02.28 15:43:00.234,8.83657,8.83783,1.50,3.00
2012.02.28 15:43:08.569,8.83669,8.83793,1.50,2.25
2012.02.28 15:43:10.255,8.8366,8.83786,1.50,2.25
2012.02.28 15:43:11.863,8.83698,8.83786,1.58,1.50
2012.02.28 15:43:12.052,8.83698,8.83817,1.58,2.25
2012.02.28 15:43:12.123,8.83698,8.83817,1.58,1.50
2012.02.28 15:43:12.255,8.83718,8.83817,1.58,1.50
2012.02.28 15:43:12.622,8.83718,8.83829,1.58,1.50
2012.02.28 15:43:12.851,8.83718,8.8384,1.58,1.50
2012.02.28 15:43:14.362,8.83725,8.83851,2.33,2.33
2012.02.28 15:43:16.139,8.83725,8.83812,1.50,1.58
2012.02.28 15:43:16.496,8.83725,8.83792,1.50,1.58
2012.02.28 15:43:16.969,8.837,8.83792,1.50,1.58
2012.02.28 15:43:17.050,8.83668,8.83792,1.95,1.58
2012.02.28 15:43:19.531,8.8368,8.83792,1.50,1.58
2012.02.28 15:43:19.720,8.8368,8.83792,1.50,1.58
2012.02.28 15:43:20.197,8.83671,8.83792,2.33,1.58
2012.02.28 15:43:20.282,8.8368,8.83792,1.50,1.58
2012.02.28 15:43:20.497,8.83667,8.83792,2.33,1.58
2012.02.28 15:43:46.971,8.83664,8.83788,2.33,2.33
2012.02.28 15:43:47.261,8.83651,8.83775,2.33,1.50
2012.02.28 15:43:48.146,8.83661,8.83785,2.33,2.33
2012.02.28 15:43:48.699,8.83651,8.83777,2.33,1.50
2012.02.28 15:43:49.465,8.83659,8.83785,2.33,2.33
2012.02.28 15:43:50.134,8.8365,8.83774,2.33,1.50
2012.02.28 15:43:50.273,8.83659,8.83783,2.33,2.33
2012.02.28 15:43:54.166,8.83677,8.83792,1.50,1.58
2012.02.28 15:43:55.142,8.83667,8.83791,2.33,2.33
2012.02.28 15:43:59.884,8.83649,8.83775,2.33,1.50
2012.02.28 15:44:02.188,8.83658,8.83782,2.33,2.70
2012.02.28 15:44:05.356,8.83648,8.8377,1.58,2.25
2012.02.28 15:44:06.327,8.83648,8.8377,1.58,2.25
2012.02.28 15:44:09.989,8.83615,8.83727,2.33,1.20
2012.02.28 15:44:10.183,8.83603,8.83722,2.33,1.20
2012.02.28 15:44:10.491,8.8359,8.83714,2.33,1.50
2012.02.28 15:44:11.054,8.83588,8.83706,1.58,1.50
2012.02.28 15:44:11.160,8.83567,8.83693,3.08,1.50
2012.02.28 15:44:11.918,8.83576,8.837,2.33,1.95
2012.02.28 15:44:12.604,8.83588,8.837,1.58,1.50
2012.02.28 15:44:12.930,8.83588,8.837,1.58,1.50
2012.02.28 15:44:13.266,8.83588,8.83709,1.58,1.50
2012.02.28 15:44:13.344,8.83597,8.83721,3.08,1.50
2012.02.28 15:44:14.551,8.83606,8.83732,2.33,2.33
2012.02.28 15:44:19.744,8.83624,8.83743,1.50,1.58
2012.02.28 15:44:20.248,8.83616,8.8374,2.33,2.33
2012.02.28 15:44:23.253,8.83597,8.8372,1.58,1.50
2012.02.28 15:44:23.616,8.83597,8.8371,1.58,1.50
2012.02.28 15:44:23.922,8.83597,8.83697,1.58,1.50
2012.02.28 15:44:24.414,8.83597,8.83707,1.58,1.50
2012.02.28 15:44:24.996,8.83597,8.83718,1.58,1.50
2012.02.28 15:44:28.751,8.83608,8.83734,2.33,2.33
2012.02.28 15:44:44.936,8.83612,8.83738,2.33,2.33
2012.02.28 15:44:45.291,8.83612,8.83733,1.95,1.58
2012.02.28 15:44:45.439,8.83603,8.83729,1.95,2.33
2012.02.28 15:44:49.088,8.83611,8.83733,1.50,1.58
2012.02.28 15:44:51.800,8.83604,8.83728,1.95,2.33
2012.02.28 15:44:52.141,8.83604,8.83713,1.95,1.20
2012.02.28 15:44:52.218,8.83562,8.83688,1.50,2.25
2012.02.28 15:44:54.633,8.83555,8.83679,1.50,2.25
2012.02.28 15:44:55.721,8.83547,8.83671,1.95,2.25
2012.02.28 15:44:57.139,8.83532,8.83656,2.33,1.50
2012.02.28 15:44:58.540,8.8354,8.83666,2.33,2.25
2012.02.28 15:45:00.124,8.83551,8.83675,1.50,2.25
2012.02.28 15:45:00.567,8.83559,8.83683,1.50,2.25
2012.02.28 15:45:02.730,8.83551,8.83675,1.50,2.25
2012.02.28 15:45:07.726,8.83543,8.83667,1.95,2.25
2012.02.28 15:45:10.192,8.83547,8.83667,1.20,2.25
2012.02.28 15:45:10.720,8.83638,8.83723,1.35,1.26
2012.02.28 15:45:10.805,8.83681,8.83805,2.25,1.50
2012.02.28 15:45:11.649,8.83681,8.83805,1.50,2.25
2012.02.28 15:45:11.975,8.83656,8.8374,2.33,1.50
2012.02.28 15:45:12.602,8.83641,8.83767,2.33,1.50
2012.02.28 15:45:14.160,8.83655,8.83773,2.33,1.33
2012.02.28 15:45:14.879,8.83639,8.83763,2.33,1.50
2012.02.28 15:45:18.340,8.8365,8.83773,2.33,1.33
2012.02.28 15:45:18.496,8.83658,8.83776,1.58,2.01
2012.02.28 15:45:18.847,8.83663,8.83787,2.33,1.95
2012.02.28 15:45:25.237,8.83679,8.83798,2.33,1.20
2012.02.28 15:45:25.314,8.83679,8.83803,2.33,2.33
2012.02.28 15:45:33.393,8.83672,8.83796,2.33,1.50
2012.02.28 15:45:36.108,8.83667,8.83789,1.58,1.50
2012.02.28 15:45:36.530,8.83674,8.83798,2.33,1.95
2012.02.28 15:45:44.841,8.83697,8.83813,1.50,1.58
2012.02.28 15:45:45.871,8.83689,8.83813,1.95,3.08
2012.02.28 15:45:47.706,8.83717,8.83813,1.58,1.50
2012.02.28 15:45:49.112,8.83717,8.83843,3.08,1.50
2012.02.28 15:45:49.188,8.83717,8.83833,1.58,1.50
2012.02.28 15:45:50.226,8.83717,8.83842,1.58,1.50
2012.02.28 15:45:54.331,8.83724,8.8385,2.33,1.95
2012.02.28 15:45:56.183,8.83744,8.83853,1.50,1.58
2012.02.28 15:45:56.371,8.83744,8.83863,1.95,1.58
2012.02.28 15:45:56.572,8.83751,8.83863,1.50,1.58
2012.02.28 15:45:56.641,8.83738,8.83862,2.33,2.33
2012.02.28 15:45:57.755,8.83738,8.83862,2.33,2.33
2012.02.28 15:45:59.430,8.83735,8.83859,2.33,2.33
2012.02.28 15:46:00.352,8.83735,8.83859,2.33,2.33
2012.02.28 15:46:01.691,8.83765,8.83863,2.33,1.50
2012.02.28 15:46:01.763,8.83768,8.83891,1.58,2.25
2012.02.28 15:46:01.901,8.83765,8.83863,1.50,1.58
2012.02.28 15:46:01.971,8.83748,8.83863,1.50,1.58
2012.02.28 15:46:02.106,8.83748,8.83863,1.50,1.58
2012.02.28 15:46:03.459,8.83741,8.83863,1.95,1.58
2012.02.28 15:46:03.846,8.83757,8.83863,1.50,1.58
2012.02.28 15:46:05.532,8.8375,8.83863,1.50,1.58
2012.02.28 15:46:06.220,8.8375,8.83863,1.50,1.58
2012.02.28 15:46:08.102,8.83742,8.83863,2.33,1.58
2012.02.28 15:46:08.244,8.83753,8.83877,2.33,1.95
2012.02.28 15:46:08.570,8.83761,8.83883,2.33,1.58
2012.02.28 15:46:16.852,8.83747,8.83869,1.58,1.50
2012.02.28 15:46:17.004,8.83754,8.83878,2.33,1.95
2012.02.28 15:46:27.291,8.8378,8.83883,1.50,1.58
2012.02.28 15:46:27.816,8.8378,8.83883,1.50,1.58
2012.02.28 15:46:28.164,8.83772,8.83883,1.50,1.58
2012.02.28 15:46:28.238,8.83782,8.83883,1.50,1.58
2012.02.28 15:46:28.556,8.83782,8.83883,1.50,1.58
2012.02.28 15:46:29.017,8.83774,8.83883,1.50,1.58
2012.02.28 15:46:29.561,8.83766,8.83883,2.33,1.58
2012.02.28 15:46:32.715,8.83766,8.83877,2.33,1.20
2012.02.28 15:46:33.031,8.83756,8.83872,1.50,1.58
2012.02.28 15:46:33.292,8.83746,8.83872,1.95,3.08
2012.02.28 15:46:39.134,8.83751,8.83872,1.50,1.58
2012.02.28 15:46:40.934,8.83739,8.83865,2.33,2.33
2012.02.28 15:46:41.481,8.83739,8.83865,2.33,2.33
2012.02.28 15:46:42.105,8.83757,8.83874,1.20,2.33
2012.02.28 15:46:42.582,8.83758,8.83874,1.58,1.50
2012.02.28 15:46:42.777,8.83797,8.83904,1.58,1.50
2012.02.28 15:46:42.917,8.83797,8.83916,1.58,2.33
2012.02.28 15:46:43.138,8.83809,8.83933,1.50,1.58
2012.02.28 15:46:44.411,8.83821,8.83933,1.50,1.58
2012.02.28 15:46:45.425,8.83811,8.83933,1.50,1.58
2012.02.28 15:46:45.898,8.83803,8.83927,1.95,2.33
2012.02.28 15:46:50.943,8.83803,8.83927,1.50,2.25
2012.02.28 15:46:51.269,8.83811,8.83923,2.25,1.26
2012.02.28 15:46:51.425,8.83811,8.83935,2.25,1.50
2012.02.28 15:46:51.491,8.83828,8.83954,2.25,1.50
2012.02.28 15:46:53.871,8.83828,8.83954,1.50,2.25
2012.02.28 15:46:54.003,8.83796,8.8392,2.25,2.25
2012.02.28 15:46:54.133,8.83806,8.83922,1.50,1.26
2012.02.28 15:46:54.204,8.83781,8.83903,1.50,2.25
2012.02.28 15:46:54.273,8.83777,8.83903,1.50,2.25
2012.02.28 15:46:54.721,8.83769,8.83895,1.50,1.50
2012.02.28 15:46:54.921,8.83769,8.83895,1.50,2.25
2012.02.28 15:46:55.621,8.83759,8.83883,1.50,1.50
2012.02.28 15:46:55.952,8.83759,8.83873,1.50,1.58
2012.02.28 15:46:56.206,8.83744,8.83863,2.33,1.58
2012.02.28 15:46:56.278,8.83735,8.83859,1.95,2.33
2012.02.28 15:46:56.618,8.83735,8.83859,1.50,2.33
2012.02.28 15:46:57.499,8.83733,8.83857,1.50,2.33
2012.02.28 15:47:01.173,8.83733,8.83803,1.50,1.58
2012.02.28 15:47:01.551,8.83691,8.83803,1.50,1.58
2012.02.28 15:47:01.628,8.83691,8.83803,1.50,1.58
2012.02.28 15:47:01.842,8.83679,8.83803,1.50,3.08
2012.02.28 15:47:03.348,8.83669,8.83793,2.33,2.33
2012.02.28 15:47:03.856,8.83669,8.83793,1.95,3.08
2012.02.28 15:47:04.169,8.83669,8.83783,1.50,1.58
2012.02.28 15:47:04.496,8.83669,8.83783,1.50,1.58
2012.02.28 15:47:04.575,8.8366,8.83783,1.95,1.58
2012.02.28 15:47:04.642,8.8366,8.83783,1.50,2.33
2012.02.28 15:47:04.850,8.8364,8.83752,1.50,1.58
2012.02.28 15:47:04.928,8.83629,8.83744,1.50,1.58
2012.02.28 15:47:05.309,8.8362,8.83744,1.95,1.58
2012.02.28 15:47:05.405,8.83633,8.83744,1.50,1.58
2012.02.28 15:47:06.007,8.83625,8.83744,1.50,1.58
2012.02.28 15:47:06.212,8.83615,8.83739,2.33,2.33
2012.02.28 15:47:08.360,8.83615,8.83739,2.33,2.33
2012.02.28 15:47:09.064,8.83615,8.83733,2.33,1.20
2012.02.28 15:47:09.646,8.83615,8.83739,2.33,2.33
2012.02.28 15:47:12.643,8.83615,8.83733,2.33,1.20
2012.02.28 15:47:13.325,8.83648,8.83744,2.25,1.58
2012.02.28 15:47:13.410,8.83648,8.83774,2.25,1.50
2012.02.28 15:47:14.065,8.83658,8.83784,2.25,1.50
2012.02.28 15:47:14.678,8.83667,8.83793,2.25,1.50
2012.02.28 15:47:18.574,8.83693,8.83793,1.50,1.50
2012.02.28 15:47:18.902,8.83725,8.83851,2.25,2.25
2012.02.28 15:47:19.265,8.83734,8.8386,2.25,2.25
2012.02.28 15:47:20.399,8.83734,8.8386,2.25,2.25
2012.02.28 15:47:20.941,8.83743,8.83867,2.25,2.25
2012.02.28 15:47:21.159,8.83743,8.83867,2.25,2.25
2012.02.28 15:47:21.720,8.83743,8.83867,2.25,2.25
2012.02.28 15:47:22.869,8.83743,8.83867,2.25,1.50
2012.02.28 15:47:22.949,8.83743,8.83867,2.25,1.50
2012.02.28 15:47:25.404,8.8375,8.83876,2.25,1.95
2012.02.28 15:47:26.995,8.83807,8.83901,1.20,2.25
2012.02.28 15:47:27.328,8.83828,8.83932,1.58,1.50
2012.02.28 15:47:27.402,8.83812,8.83932,1.20,2.33
2012.02.28 15:47:27.531,8.83807,8.83932,1.58,2.33
2012.02.28 15:47:28.507,8.83828,8.83921,1.58,1.50
2012.02.28 15:47:30.375,8.83827,8.83921,1.20,1.50
2012.02.28 15:47:30.445,8.83827,8.83929,1.20,1.50
2012.02.28 15:47:30.727,8.83808,8.83929,1.58,1.95
2012.02.28 15:47:30.923,8.83808,8.83929,1.58,2.33
2012.02.28 15:47:33.987,8.83808,8.83921,1.58,1.50
2012.02.28 15:47:34.534,8.83798,8.83921,1.58,1.95
2012.02.28 15:47:34.853,8.83807,8.83933,2.33,1.95
2012.02.28 15:47:35.182,8.83828,8.83933,1.58,1.50
2012.02.28 15:47:35.577,8.83828,8.83943,1.58,1.95
2012.02.28 15:47:47.275,8.83828,8.83941,1.58,1.50
2012.02.28 15:47:47.735,8.83848,8.83962,1.50,1.58
2012.02.28 15:47:48.075,8.83829,8.83953,2.33,2.33
2012.02.28 15:47:49.945,8.83828,8.83934,1.58,1.50
2012.02.28 15:47:50.091,8.83828,8.83941,1.58,1.50
2012.02.28 15:47:52.409,8.83828,8.83949,1.58,2.33
2012.02.28 15:48:00.635,8.83832,8.83958,2.33,2.33
2012.02.28 15:48:05.322,8.83849,8.83962,1.50,1.58
2012.02.28 15:48:05.409,8.8384,8.83962,1.95,1.58
2012.02.28 15:48:09.242,8.83828,8.8395,1.58,2.33
2012.02.28 15:48:10.385,8.83828,8.83943,1.20,1.58
2012.02.28 15:48:10.912,8.83832,8.83953,1.50,1.58
2012.02.28 15:48:11.207,8.83832,8.83953,1.95,1.58
2012.02.28 15:48:11.428,8.8384,8.83953,1.50,1.58
2012.02.28 15:48:13.128,8.83828,8.83952,2.33,2.33
2012.02.28 15:48:13.273,8.83838,8.83953,1.50,1.58
2012.02.28 15:48:15.823,8.83826,8.8395,2.33,2.33
2012.02.28 15:48:20.808,8.83825,8.83951,2.33,1.95
2012.02.28 15:48:28.798,8.83823,8.83949,1.50,2.33
2012.02.28 15:48:30.922,8.83831,8.83952,1.50,1.58
2012.02.28 15:48:31.977,8.83823,8.83949,1.50,2.33
2012.02.28 15:48:33.564,8.83815,8.83941,2.33,2.33
2012.02.28 15:48:41.018,8.83808,8.83932,1.50,2.33
2012.02.28 15:48:41.171,8.83796,8.83922,2.33,2.33
2012.02.28 15:48:41.253,8.83788,8.83912,2.33,2.33
2012.02.28 15:48:42.222,8.83787,8.83906,1.58,1.50
2012.02.28 15:48:42.574,8.83787,8.83906,1.58,2.25
2012.02.28 15:48:42.712,8.83787,8.83906,1.58,1.50
2012.02.28 15:48:44.514,8.83787,8.83906,1.58,1.50
2012.02.28 15:48:45.547,8.83796,8.83913,2.33,1.20
2012.02.28 15:48:46.941,8.83796,8.83912,2.33,1.58
2012.02.28 15:48:48.433,8.83796,8.83913,2.33,1.20
2012.02.28 15:48:48.761,8.83796,8.8392,2.33,2.33
2012.02.28 15:48:49.489,8.83796,8.83907,2.33,1.20
2012.02.28 15:48:49.696,8.83796,8.83913,2.33,1.58
2012.02.28 15:48:50.439,8.83796,8.83913,2.33,1.20
2012.02.28 15:48:50.643,8.83796,8.83913,1.95,1.58
2012.02.28 15:48:51.624,8.83796,8.83913,2.33,1.20
2012.02.28 15:48:51.884,8.83796,8.83913,1.95,1.58
2012.02.28 15:48:52.851,8.83796,8.83913,2.33,1.20
2012.02.28 15:48:53.263,8.83796,8.83913,1.95,1.58
2012.02.28 15:48:54.062,8.83796,8.83913,2.33,1.20
2012.02.28 15:48:54.430,8.83796,8.83913,1.95,1.58
2012.02.28 15:48:55.393,8.83796,8.83913,2.33,1.20
2012.02.28 15:48:55.701,8.83797,8.83913,1.20,1.58
2012.02.28 15:48:56.655,8.83797,8.83918,1.58,1.20
2012.02.28 15:48:57.091,8.83807,8.83922,1.58,1.20
2012.02.28 15:48:57.675,8.83807,8.83918,1.58,1.20
2012.02.28 15:48:58.232,8.83807,8.83918,1.58,1.20
2012.02.28 15:48:59.408,8.83807,8.8392,1.58,1.95
2012.02.28 15:49:01.055,8.83807,8.83918,1.58,1.20
2012.02.28 15:49:07.503,8.83807,8.8392,1.58,1.95
2012.02.28 15:49:34.213,8.83817,8.83941,1.50,2.33
2012.02.28 15:49:35.701,8.83807,8.8393,1.58,2.33
2012.02.28 15:49:35.989,8.83824,8.83943,1.50,1.58
2012.02.28 15:49:37.089,8.83814,8.8394,1.50,2.33
2012.02.28 15:49:38.536,8.83807,8.83932,1.58,2.33
2012.02.28 15:49:51.715,8.83818,8.83944,1.50,2.33
2012.02.28 15:49:52.482,8.8381,8.83936,1.95,2.33
2012.02.28 15:50:00.959,8.83789,8.83915,2.33,1.50
2012.02.28 15:50:02.052,8.838,8.83924,2.33,2.33
2012.02.28 15:50:09.785,8.83791,8.83917,2.33,1.50
2012.02.28 15:50:13.350,8.83801,8.83925,2.33,2.33
2012.02.28 15:50:18.457,8.83793,8.83917,2.33,1.50
2012.02.28 15:50:20.107,8.83782,8.83908,2.33,1.50
2012.02.28 15:50:20.305,8.8379,8.83916,2.33,1.50
2012.02.28 15:50:21.189,8.83801,8.83927,2.33,2.33
2012.02.28 15:50:34.262,8.83793,8.83917,2.33,1.50
2012.02.28 15:50:35.281,8.838,8.83926,2.33,2.33
2012.02.28 15:50:37.062,8.83787,8.83913,2.33,1.50
2012.02.28 15:50:39.582,8.83795,8.83921,2.33,1.95
2012.02.28 15:50:51.430,8.83812,8.83926,1.20,2.33
2012.02.28 15:50:51.635,8.83818,8.83935,1.58,2.33
2012.02.28 15:50:52.583,8.83829,8.83953,1.50,2.33
2012.02.28 15:50:53.424,8.83821,8.83945,1.95,2.33
2012.02.28 15:50:54.430,8.83818,8.83923,1.58,1.50
2012.02.28 15:50:55.292,8.83818,8.83932,1.58,2.33
2012.02.28 15:50:59.152,8.83818,8.83932,1.58,1.50
2012.02.28 15:51:02.356,8.83818,8.83939,1.58,2.33
2012.02.28 15:51:19.719,8.83818,8.8393,1.58,1.50
2012.02.28 15:51:20.906,8.83818,8.83941,1.58,2.33
2012.02.28 15:51:33.484,8.83836,8.8396,1.50,2.33
2012.02.28 15:51:34.736,8.83828,8.83952,1.50,2.33
2012.02.28 15:51:35.614,8.83818,8.8394,1.58,2.33
2012.02.28 15:51:38.804,8.83818,8.83929,1.58,1.50
2012.02.28 15:51:39.063,8.83818,8.83938,1.58,2.33
2012.02.28 15:51:40.611,8.83821,8.83933,2.33,1.05
2012.02.28 15:51:40.945,8.83753,8.83861,1.50,1.50
2012.02.28 15:51:41.015,8.83793,8.83919,1.50,2.25
2012.02.28 15:51:41.153,8.83793,8.83919,1.50,1.50
2012.02.28 15:51:41.224,8.83783,8.83909,2.25,1.50
2012.02.28 15:51:42.335,8.83793,8.83917,1.50,2.25
2012.02.28 15:51:42.497,8.83785,8.83909,2.25,1.50
2012.02.28 15:51:43.434,8.838,8.83926,1.50,2.25
2012.02.28 15:51:44.106,8.83793,8.83917,1.50,1.50
2012.02.28 15:51:45.436,8.83782,8.83908,2.25,1.50
2012.02.28 15:51:48.520,8.83771,8.83897,2.25,1.50
2012.02.28 15:51:51.543,8.83779,8.83905,2.25,1.50
2012.02.28 15:51:53.539,8.83789,8.83915,1.50,1.50
2012.02.28 15:51:57.044,8.83782,8.83906,2.25,1.50
2012.02.28 15:51:58.708,8.83784,8.83908,2.25,1.50
2012.02.28 15:51:58.993,8.83794,8.83918,1.50,1.50
2012.02.28 15:51:59.208,8.83782,8.83906,2.25,1.50
2012.02.28 15:51:59.568,8.83773,8.83897,2.25,1.50
2012.02.28 15:52:02.249,8.83781,8.83905,2.25,1.50
2012.02.28 15:52:04.310,8.83794,8.83918,1.50,1.50
2012.02.28 15:52:05.920,8.83784,8.8391,2.25,1.50
2012.02.28 15:52:10.327,8.83776,8.839,2.25,1.50
2012.02.28 15:52:10.777,8.83784,8.83908,2.25,1.50
2012.02.28 15:52:25.822,8.83794,8.83918,1.50,1.50
2012.02.28 15:52:26.131,8.83794,8.83918,1.50,2.33
2012.02.28 15:52:26.324,8.83794,8.83918,1.95,2.33
2012.02.28 15:52:39.807,8.83788,8.83902,1.58,1.50
2012.02.28 15:52:41.325,8.83796,8.83922,1.95,2.33
2012.02.28 15:52:57.406,8.83776,8.83902,2.33,1.50
2012.02.28 15:52:58.300,8.83766,8.83888,1.58,1.50
2012.02.28 15:52:59.826,8.83771,8.83897,2.33,1.50
2012.02.28 15:53:00.421,8.83781,8.83907,2.33,1.95
2012.02.28 15:53:03.115,8.83796,8.83919,2.33,1.50
2012.02.28 15:53:03.187,8.83838,8.83946,1.20,2.25
2012.02.28 15:53:03.555,8.83838,8.83946,1.20,1.50
2012.02.28 15:53:03.630,8.83838,8.83946,1.58,1.50
2012.02.28 15:53:03.765,8.83838,8.83955,1.58,1.95
2012.02.28 15:53:15.514,8.83838,8.83946,1.58,1.50
2012.02.28 15:53:15.795,8.83838,8.83958,1.58,2.33
2012.02.28 15:53:29.233,8.83838,8.8395,1.58,1.50
2012.02.28 15:53:30.043,8.83838,8.83958,1.58,2.33
2012.02.28 15:53:37.390,8.83845,8.83971,1.50,2.33
2012.02.28 15:53:37.584,8.83829,8.83952,1.50,1.58
2012.02.28 15:53:38.656,8.83829,8.83952,1.50,1.58
2012.02.28 15:53:38.801,8.8381,8.83932,1.50,1.58
2012.02.28 15:53:39.412,8.8381,8.83932,2.33,1.58
2012.02.28 15:53:40.067,8.83829,8.83953,1.50,3.08
2012.02.28 15:53:41.210,8.83817,8.83938,1.58,2.33
2012.02.28 15:53:48.731,8.83833,8.83953,1.50,1.58
2012.02.28 15:53:50.174,8.83825,8.83949,1.50,2.33
2012.02.28 15:54:00.535,8.83817,8.83937,1.58,2.33
2012.02.28 15:54:18.416,8.83812,8.83932,1.50,1.58
2012.02.28 15:54:18.614,8.838,8.83924,1.50,2.33
2012.02.28 15:54:18.749,8.83792,8.83916,2.33,2.33
2012.02.28 15:54:22.497,8.838,8.83924,1.50,2.33
2012.02.28 15:54:25.110,8.83788,8.83914,3.08,2.33
2012.02.28 15:54:27.768,8.83788,8.83914,3.08,2.33
2012.02.28 15:54:33.196,8.83809,8.83932,1.50,1.58
2012.02.28 15:54:33.338,8.83795,8.83921,2.33,2.33
2012.02.28 15:54:33.866,8.83804,8.83928,1.50,2.33
2012.02.28 15:54:36.709,8.83795,8.83921,2.33,2.33
2012.02.28 15:54:49.641,8.83788,8.83898,1.58,1.50
2012.02.28 15:54:50.808,8.83788,8.83895,1.58,1.50
2012.02.28 15:54:52.509,8.83788,8.83903,1.58,1.50
2012.02.28 15:54:55.852,8.8379,8.83914,2.33,2.33
2012.02.28 15:55:01.499,8.83809,8.83932,1.50,1.58
2012.02.28 15:55:02.119,8.838,8.83926,1.95,2.33
2012.02.28 15:55:23.513,8.83809,8.83933,1.50,2.33
2012.02.28 15:55:23.942,8.838,8.83926,1.95,2.33
2012.02.28 15:55:37.509,8.83809,8.83935,1.50,2.33
2012.02.28 15:55:38.289,8.83801,8.83925,1.95,2.33
2012.02.28 15:55:41.565,8.8381,8.83934,1.50,2.33
2012.02.28 15:55:42.702,8.83802,8.83926,1.95,2.33
2012.02.28 15:55:48.923,8.83786,8.83902,2.25,1.20
2012.02.28 15:55:49.234,8.83786,8.83892,1.50,2.25
2012.02.28 15:55:49.366,8.83723,8.83847,2.25,1.50
2012.02.28 15:55:49.493,8.83742,8.83868,1.50,1.50
2012.02.28 15:55:50.723,8.83755,8.83879,1.50,1.50
2012.02.28 15:55:53.020,8.83746,8.83872,1.50,1.50
2012.02.28 15:55:55.165,8.83746,8.83872,1.50,2.25
2012.02.28 15:55:55.373,8.83686,8.83812,2.25,1.50
2012.02.28 15:55:55.447,8.83711,8.83837,2.25,1.50
2012.02.28 15:55:55.644,8.8372,8.83844,1.50,1.50
2012.02.28 15:55:55.893,8.8372,8.83844,2.25,1.50
2012.02.28 15:55:58.866,8.83728,8.83844,1.58,1.50
2012.02.28 15:55:59.134,8.83758,8.83869,1.58,1.50
2012.02.28 15:55:59.457,8.83759,8.83885,2.33,1.95
2012.02.28 15:56:03.174,8.83767,8.83893,2.25,2.33
2012.02.28 15:56:03.504,8.83755,8.83881,1.50,2.33
2012.02.28 15:56:03.896,8.83745,8.83871,1.95,2.33
2012.02.28 15:56:05.988,8.83706,8.83827,1.50,2.33
2012.02.28 15:56:06.136,8.83693,8.83817,1.95,2.33
2012.02.28 15:56:06.204,8.83693,8.83817,2.33,2.33
2012.02.28 15:56:07.226,8.837,8.83826,1.50,2.33
2012.02.28 15:56:07.910,8.83693,8.83817,1.95,2.33
2012.02.28 15:56:08.151,8.83693,8.83817,1.50,2.33
2012.02.28 15:56:09.058,8.83668,8.8378,1.58,1.95
2012.02.28 15:56:14.361,8.83664,8.83788,1.50,2.33
2012.02.28 15:56:14.553,8.83654,8.8378,2.25,2.33
2012.02.28 15:56:14.683,8.83654,8.83763,1.50,1.58
2012.02.28 15:56:18.672,8.83647,8.83762,1.95,1.58
2012.02.28 15:56:20.739,8.83647,8.83744,1.50,2.25
2012.02.28 15:56:20.817,8.83594,8.83718,2.25,2.25
2012.02.28 15:56:20.897,8.83594,8.83718,1.50,2.25
2012.02.28 15:56:21.033,8.83594,8.83718,1.50,2.25
2012.02.28 15:56:21.461,8.83594,8.83718,1.50,2.25
2012.02.28 15:56:21.594,8.83584,8.83708,1.50,2.25
2012.02.28 15:56:21.964,8.83584,8.83662,1.50,1.20
2012.02.28 15:56:22.036,8.83569,8.83662,1.50,1.20
2012.02.28 15:56:22.809,8.83569,8.83662,1.50,1.58
2012.02.28 15:56:23.377,8.83561,8.83652,1.50,1.20
2012.02.28 15:56:24.018,8.83561,8.83652,1.50,1.20
2012.02.28 15:56:25.247,8.83551,8.83652,1.50,1.20
2012.02.28 15:56:27.326,8.8356,8.83652,1.50,1.20
2012.02.28 15:56:28.041,8.8356,8.83652,1.50,1.20
2012.02.28 15:56:28.119,8.83551,8.83652,1.50,1.20
2012.02.28 15:56:31.923,8.83551,8.83652,1.50,1.20
2012.02.28 15:56:34.367,8.83543,8.83644,1.95,1.50
2012.02.28 15:56:34.931,8.83553,8.83644,1.50,1.50
2012.02.28 15:56:35.536,8.83544,8.83644,1.50,1.50
2012.02.28 15:56:36.082,8.83544,8.83644,1.50,1.50
2012.02.28 15:56:37.182,8.83544,8.83612,1.50,1.58
2012.02.28 15:56:37.590,8.8351,8.83603,1.50,1.20
2012.02.28 15:56:38.005,8.83502,8.83603,1.50,1.20
2012.02.28 15:56:39.434,8.83502,8.83607,1.95,1.20
2012.02.28 15:56:39.622,8.83528,8.83614,2.33,1.50
2012.02.28 15:56:39.821,8.83538,8.83613,1.95,1.50
2012.02.28 15:56:40.146,8.83525,8.83643,2.33,1.20
2012.02.28 15:56:40.675,8.83525,8.83643,2.33,1.20
2012.02.28 15:56:44.578,8.83536,8.83643,1.95,1.20
2012.02.28 15:56:44.924,8.83536,8.83608,1.50,1.20
2012.02.28 15:56:45.059,8.83513,8.83608,1.50,1.20
2012.02.28 15:56:45.283,8.83501,8.83608,1.95,1.20
2012.02.28 15:56:47.255,8.83487,8.83602,2.33,1.20
2012.02.28 15:56:47.973,8.835,8.83602,1.50,1.20
2012.02.28 15:56:48.319,8.835,8.83602,1.50,1.20
2012.02.28 15:56:48.543,8.83487,8.83602,2.33,1.20
2012.02.28 15:56:51.083,8.83495,8.83594,1.50,1.50
2012.02.28 15:56:51.492,8.83476,8.83593,2.33,1.20
2012.02.28 15:56:52.062,8.83476,8.83563,2.33,1.50
2012.02.28 15:56:54.483,8.83417,8.83543,2.25,2.25
2012.02.28 15:56:54.556,8.83417,8.83543,1.50,2.25
2012.02.28 15:56:55.737,8.83406,8.8353,1.50,2.25
2012.02.28 15:56:56.351,8.83427,8.83551,1.50,2.25
2012.02.28 15:56:56.499,8.83427,8.83551,1.50,2.25
2012.02.28 15:56:56.648,8.83427,8.83551,1.50,2.25
2012.02.28 15:56:57.184,8.83429,8.83552,1.50,1.50
2012.02.28 15:56:58.412,8.83378,8.83542,1.08,1.50
2012.02.28 15:56:59.055,8.83403,8.83523,1.50,1.50
2012.02.28 15:57:01.204,8.83395,8.83519,1.95,2.25
2012.02.28 15:57:04.251,8.83386,8.83497,2.33,1.20
2012.02.28 15:57:04.326,8.83386,8.83497,2.33,1.20
2012.02.28 15:57:06.567,8.8337,8.83464,2.33,1.50
2012.02.28 15:57:08.486,8.8336,8.83462,2.33,1.50
2012.02.28 15:57:08.625,8.83344,8.83462,2.33,1.50
2012.02.28 15:57:08.769,8.83331,8.83455,2.33,2.25
2012.02.28 15:57:09.416,8.83323,8.83447,1.50,2.25
2012.02.28 15:57:09.487,8.83287,8.83445,1.75,1.35
2012.02.28 15:57:09.804,8.83312,8.83438,1.50,1.50
2012.02.28 15:57:11.174,8.83124,8.83438,1.50,2.25
2012.02.28 15:57:11.244,8.83157,8.83323,1.50,2.25
2012.02.28 15:57:11.314,8.8315,8.83314,1.50,2.25
2012.02.28 15:57:11.692,8.83124,8.83314,1.50,3.00
2012.02.28 15:57:12.188,8.83161,8.83307,1.50,2.25
2012.02.28 15:57:12.627,8.83173,8.83264,1.50,1.50
2012.02.28 15:57:13.439,8.83156,8.83263,1.50,1.50
2012.02.28 15:57:14.897,8.83149,8.83263,1.50,1.50
2012.02.28 15:57:15.026,8.8314,8.83263,1.50,1.50
2012.02.28 15:57:16.018,8.8315,8.83263,1.50,1.50
2012.02.28 15:57:16.364,8.83164,8.83262,1.50,1.20
2012.02.28 15:57:17.441,8.83155,8.83268,2.33,1.20
2012.02.28 15:57:17.515,8.83155,8.83257,1.50,1.20
2012.02.28 15:57:18.075,8.83144,8.83257,2.33,1.20
2012.02.28 15:57:18.415,8.83144,8.83268,2.33,2.70
2012.02.28 15:57:18.484,8.83144,8.83268,2.33,2.70
2012.02.28 15:57:18.675,8.83144,8.83258,2.33,1.20
2012.02.28 15:57:18.744,8.83152,8.83258,1.95,1.20
2012.02.28 15:57:27.254,8.83131,8.83203,1.50,1.26
2012.02.28 15:57:27.324,8.83038,8.83203,2.25,1.26
2012.02.28 15:57:27.470,8.83033,8.83218,1.23,1.50
2012.02.28 15:57:27.547,8.83023,8.83242,1.73,1.26
2012.02.28 15:57:27.623,8.83104,8.8323,1.50,2.25
2012.02.28 15:57:28.291,8.83115,8.83241,1.50,2.25
2012.02.28 15:57:28.367,8.831,8.83226,1.50,2.25
2012.02.28 15:57:32.414,8.8309,8.83216,1.50,2.25
2012.02.28 15:57:34.506,8.83026,8.83216,1.13,2.25
2012.02.28 15:57:34.839,8.83048,8.83172,1.50,2.25
2012.02.28 15:57:38.832,8.83057,8.83182,1.50,1.50
2012.02.28 15:57:41.205,8.83043,8.83167,1.50,2.25
2012.02.28 15:57:47.245,8.83051,8.83157,1.95,1.20
2012.02.28 15:57:47.434,8.83051,8.83157,1.95,1.20
2012.02.28 15:57:48.236,8.83051,8.83153,1.50,1.20
2012.02.28 15:57:48.495,8.83051,8.83153,1.50,1.20
2012.02.28 15:57:49.176,8.83059,8.83153,1.50,1.20
2012.02.28 15:57:49.576,8.83068,8.83153,1.50,1.20
2012.02.28 15:57:50.314,8.83059,8.83153,1.50,1.20
2012.02.28 15:57:52.298,8.83051,8.83153,1.50,1.20
2012.02.28 15:57:52.966,8.83032,8.83153,2.33,1.20
2012.02.28 15:57:57.904,8.83031,8.83127,1.50,1.20
2012.02.28 15:57:57.973,8.8302,8.83127,1.95,1.20
2012.02.28 15:58:05.672,8.83026,8.83127,1.50,1.20
2012.02.28 15:58:05.745,8.83026,8.8315,2.33,2.25
2012.02.28 15:58:24.184,8.83035,8.83159,2.33,1.50
2012.02.28 15:58:24.253,8.83035,8.83159,2.33,2.25
2012.02.28 15:58:29.850,8.83054,8.8318,2.33,1.50
2012.02.28 15:58:29.929,8.83054,8.8318,2.33,1.50
2012.02.28 15:58:30.010,8.83118,8.83203,1.50,1.50
2012.02.28 15:58:30.356,8.83129,8.83242,2.25,1.50
2012.02.28 15:58:30.668,8.83144,8.83242,1.50,1.50
2012.02.28 15:58:31.815,8.83166,8.83282,1.50,1.50
2012.02.28 15:58:32.265,8.83157,8.83263,1.50,1.50
2012.02.28 15:58:32.335,8.83157,8.83263,1.50,1.50
2012.02.28 15:58:33.365,8.83157,8.83262,1.50,1.50
2012.02.28 15:58:33.577,8.83157,8.83283,1.50,3.00
2012.02.28 15:58:33.928,8.83149,8.83273,2.33,2.25
2012.02.28 15:58:34.007,8.83149,8.83263,2.33,1.50
2012.02.28 15:58:35.770,8.83177,8.83263,1.20,1.50
2012.02.28 15:58:37.600,8.83177,8.83282,1.20,1.20
2012.02.28 15:58:39.172,8.83179,8.83282,1.50,1.20
2012.02.28 15:58:39.812,8.83177,8.83282,1.20,1.20
2012.02.28 15:58:40.555,8.83177,8.83282,1.20,1.20
2012.02.28 15:58:41.938,8.83206,8.83293,1.50,2.25
2012.02.28 15:58:42.017,8.83206,8.83302,1.75,1.50
2012.02.28 15:58:42.084,8.83285,8.83431,1.50,2.31
2012.02.28 15:58:42.272,8.83285,8.83431,1.50,2.31
2012.02.28 15:58:42.714,8.83285,8.83431,1.50,2.25
2012.02.28 15:58:43.758,8.83294,8.83418,1.50,2.25
2012.02.28 15:58:44.132,8.83294,8.83418,1.50,2.25
2012.02.28 15:58:44.582,8.83294,8.83367,1.50,1.50
2012.02.28 15:58:46.814,8.8326,8.83383,1.50,1.50
2012.02.28 15:58:46.887,8.83256,8.83382,1.50,2.25
2012.02.28 15:58:47.689,8.83274,8.83389,1.50,1.50
2012.02.28 15:58:47.765,8.83258,8.83384,1.50,2.25
2012.02.28 15:58:47.870,8.83258,8.83384,1.50,2.25
2012.02.28 15:58:48.459,8.83265,8.83384,1.50,2.25
2012.02.28 15:58:48.816,8.8329,8.83393,1.50,1.50
2012.02.28 15:58:49.153,8.833,8.83393,1.50,1.50
2012.02.28 15:58:50.577,8.83292,8.83393,1.50,1.50
2012.02.28 15:58:50.940,8.83283,8.83393,1.50,1.50
2012.02.28 15:58:53.844,8.83292,8.83393,1.50,1.50
2012.02.28 15:58:54.352,8.83304,8.83393,1.50,1.50
2012.02.28 15:58:56.734,8.83176,8.83393,1.50,1.50
2012.02.28 15:58:56.805,8.83151,8.83363,1.50,2.25
2012.02.28 15:58:56.994,8.83176,8.8341,1.50,1.50
2012.02.28 15:58:57.065,8.8319,8.83409,1.50,2.25
2012.02.28 15:58:58.755,8.83168,8.83353,1.50,1.26
2012.02.28 15:58:58.825,8.83167,8.83353,1.50,1.26
2012.02.28 15:59:01.690,8.83148,8.83336,1.50,2.25
2012.02.28 15:59:05.185,8.83137,8.83299,1.50,2.25
2012.02.28 15:59:05.270,8.83143,8.83339,2.25,1.50
2012.02.28 15:59:05.347,8.83166,8.83339,1.35,1.50
2012.02.28 15:59:05.490,8.83166,8.83342,1.35,2.25
2012.02.28 15:59:05.755,8.83202,8.83342,1.50,2.25
2012.02.28 15:59:07.452,8.83201,8.83317,1.58,1.20
2012.02.28 15:59:07.535,8.83172,8.83278,1.20,1.20
2012.02.28 15:59:07.673,8.83176,8.83292,1.58,1.20
2012.02.28 15:59:07.744,8.83176,8.83292,1.58,1.20
2012.02.28 15:59:12.279,8.83151,8.83242,1.50,1.20
2012.02.28 15:59:12.356,8.83147,8.83242,2.25,1.20
2012.02.28 15:59:12.500,8.83147,8.83302,2.33,1.20
2012.02.28 15:59:12.777,8.83198,8.83302,1.50,1.20
2012.02.28 15:59:13.852,8.83192,8.83303,1.50,1.20
2012.02.28 15:59:14.226,8.83185,8.83303,1.50,1.20
2012.02.28 15:59:15.509,8.83175,8.83301,1.50,2.25
2012.02.28 15:59:16.954,8.83168,8.83292,1.50,2.25
2012.02.28 15:59:17.825,8.83168,8.83252,1.50,1.20
2012.02.28 15:59:17.909,8.83132,8.83243,2.33,1.20
2012.02.28 15:59:18.885,8.83132,8.83228,1.50,1.20
2012.02.28 15:59:18.954,8.83123,8.83228,1.50,1.20
2012.02.28 15:59:19.027,8.83123,8.83228,1.50,1.20
2012.02.28 15:59:19.826,8.83115,8.83228,2.33,1.20
2012.02.28 15:59:21.841,8.83095,8.83203,1.95,1.95
2012.02.28 15:59:21.924,8.83087,8.83197,2.33,1.20
2012.02.28 15:59:23.852,8.83098,8.83197,1.50,1.20
2012.02.28 15:59:24.454,8.83085,8.83197,2.33,1.20
2012.02.28 15:59:26.923,8.83085,8.83197,2.33,1.20
2012.02.28 15:59:27.000,8.83085,8.83202,2.33,1.50
2012.02.28 15:59:27.365,8.83047,8.83152,1.45,2.25
2012.02.28 15:59:27.510,8.83042,8.83141,1.08,2.25
2012.02.28 15:59:27.592,8.83017,8.83141,2.33,2.25
2012.02.28 15:59:28.129,8.83017,8.83141,2.33,2.25
2012.02.28 15:59:29.913,8.83,8.83124,2.33,2.25
2012.02.28 15:59:30.131,8.83,8.83122,2.33,1.50
2012.02.28 15:59:30.479,8.83,8.83093,2.33,1.50
2012.02.28 15:59:31.257,8.82958,8.83073,1.08,1.50
2012.02.28 15:59:31.346,8.82959,8.83083,2.33,2.25
2012.02.28 15:59:32.220,8.82967,8.83091,2.33,2.25
2012.02.28 15:59:33.001,8.82958,8.83078,1.08,2.25
2012.02.28 15:59:33.222,8.82977,8.83078,1.58,1.50
2012.02.28 15:59:33.586,8.8298,8.83104,2.33,3.75
2012.02.28 15:59:33.733,8.82957,8.83042,1.75,1.50
2012.02.28 15:59:34.172,8.82968,8.83049,2.25,1.50
2012.02.28 15:59:34.257,8.82968,8.83092,2.25,2.25
2012.02.28 15:59:34.821,8.82978,8.83103,1.50,1.20
2012.02.28 15:59:35.803,8.82968,8.83094,2.25,2.25
2012.02.28 15:59:36.045,8.82991,8.83103,1.50,1.20
2012.02.28 15:59:36.216,8.82982,8.83103,1.50,1.20
2012.02.28 15:59:37.155,8.82982,8.83103,1.50,1.20
2012.02.28 15:59:37.233,8.82994,8.83103,1.50,1.20
2012.02.28 15:59:37.456,8.82986,8.83103,1.50,1.95
2012.02.28 15:59:37.672,8.82976,8.831,2.25,2.25
2012.02.28 15:59:37.897,8.82984,8.83103,1.50,1.95
2012.02.28 15:59:38.646,8.82985,8.83093,1.50,1.50
2012.02.28 15:59:38.747,8.82985,8.83082,1.50,1.20
2012.02.28 15:59:39.086,8.82985,8.83082,1.50,1.20
2012.02.28 15:59:39.448,8.82973,8.83082,2.33,1.20
2012.02.28 15:59:40.136,8.82949,8.83043,2.33,1.50
2012.02.28 15:59:40.710,8.82949,8.83024,2.33,1.50
2012.02.28 15:59:41.328,8.82949,8.83024,1.50,1.50
2012.02.28 15:59:41.882,8.82898,8.83022,2.33,2.25
2012.02.28 15:59:42.619,8.82891,8.83015,2.33,1.50
2012.02.28 15:59:42.916,8.82894,8.83018,2.33,2.25
2012.02.28 15:59:43.839,8.82885,8.82994,2.33,1.50
2012.02.28 15:59:44.211,8.82862,8.82988,2.33,1.50
2012.02.28 15:59:45.137,8.82874,8.82994,2.33,1.50
2012.02.28 15:59:45.223,8.82874,8.82969,2.33,1.50
2012.02.28 15:59:46.661,8.82876,8.82912,1.95,2.10
2012.02.28 15:59:46.744,8.82853,8.82912,1.50,2.10
2012.02.28 15:59:47.300,8.82826,8.82912,1.50,2.10
2012.02.28 15:59:47.466,8.82826,8.82944,1.50,1.50
2012.02.28 15:59:47.911,8.82816,8.82942,1.95,2.25
2012.02.28 15:59:48.543,8.8282,8.82923,1.50,1.50
2012.02.28 15:59:49.207,8.82811,8.82937,2.33,2.25
2012.02.28 15:59:50.425,8.82785,8.82861,2.25,2.25
2012.02.28 15:59:50.513,8.82747,8.82852,1.58,1.35
2012.02.28 15:59:51.428,8.82767,8.82884,1.20,1.35
2012.02.28 15:59:52.809,8.82748,8.82857,2.33,1.50
2012.02.28 15:59:53.375,8.82847,8.82857,1.50,1.50
2012.02.28 15:59:53.457,8.82847,8.82901,1.50,2.25
2012.02.28 15:59:53.535,8.82769,8.82893,1.50,2.25
2012.02.28 15:59:54.229,8.82757,8.82881,2.33,1.50
2012.02.28 15:59:54.755,8.82757,8.82881,2.33,2.25
2012.02.28 15:59:55.152,8.82757,8.82881,2.33,1.50
2012.02.28 15:59:55.231,8.82757,8.82881,2.33,1.50
2012.02.28 15:59:55.316,8.82767,8.82891,2.33,1.50
2012.02.28 15:59:55.465,8.8278,8.82899,2.33,2.25
2012.02.28 15:59:55.546,8.82806,8.8293,2.33,1.50
2012.02.28 15:59:55.951,8.82806,8.8293,2.33,1.50
2012.02.28 15:59:56.052,8.82806,8.8293,2.33,1.50
2012.02.28 15:59:56.203,8.82823,8.82937,2.33,1.20
2012.02.28 15:59:56.743,8.82823,8.82943,2.33,1.50
2012.02.28 15:59:57.435,8.82823,8.82947,2.33,2.25
2012.02.28 15:59:57.744,8.82833,8.82959,2.33,2.25
2012.02.28 15:59:57.816,8.82833,8.82959,2.33,1.50
2012.02.28 15:59:58.397,8.82842,8.82968,2.33,2.25
2012.02.28 15:59:59.977,8.82856,8.82972,1.58,1.20
