2012.02.23 10:00:01.295,8.81454,8.8158,1.50,2.25
2012.02.23 10:00:01.549,8.81454,8.8158,1.50,2.25
2012.02.23 10:00:01.762,8.81454,8.8158,1.50,2.25
2012.02.23 10:00:03.350,8.81463,8.81587,1.50,2.25
2012.02.23 10:00:03.437,8.81452,8.81576,1.50,2.25
2012.02.23 10:00:05.466,8.81436,8.8156,1.74,2.25
2012.02.23 10:00:08.106,8.81445,8.81569,1.50,2.25
2012.02.23 10:00:08.495,8.81452,8.81578,1.50,2.25
2012.02.23 10:00:08.764,8.81444,8.8157,1.50,2.25
2012.02.23 10:00:15.105,8.81452,8.8157,1.50,2.25
2012.02.23 10:00:15.788,8.81478,8.81602,1.50,1.50
2012.02.23 10:00:17.722,8.81486,8.81612,1.50,2.25
2012.02.23 10:00:19.748,8.81486,8.81612,2.25,2.25
2012.02.23 10:00:20.063,8.81501,8.81625,1.50,2.25
2012.02.23 10:00:20.268,8.81493,8.81617,2.25,2.25
2012.02.23 10:00:21.331,8.81508,8.81632,1.50,1.04
2012.02.23 10:00:21.703,8.81514,8.81632,1.50,1.04
2012.02.23 10:00:22.204,8.81514,8.81632,2.25,1.04
2012.02.23 10:00:22.977,8.81484,8.8161,1.50,2.25
2012.02.23 10:00:23.055,8.81457,8.81581,1.50,2.25
2012.02.23 10:00:23.293,8.81466,8.8159,1.50,2.25
2012.02.23 10:00:24.041,8.81458,8.81582,1.50,2.25
2012.02.23 10:00:24.738,8.81497,8.81621,1.50,1.50
2012.02.23 10:00:25.120,8.81509,8.81635,1.50,2.25
2012.02.23 10:00:25.493,8.81509,8.81635,1.50,2.25
2012.02.23 10:00:25.571,8.81423,8.81549,2.49,1.50
2012.02.23 10:00:25.723,8.81423,8.81549,2.10,1.50
2012.02.23 10:00:26.359,8.81494,8.8162,1.50,1.50
2012.02.23 10:00:26.460,8.81501,8.81627,1.50,1.50
2012.02.23 10:00:28.682,8.81491,8.81617,1.50,1.50
2012.02.23 10:00:29.025,8.81424,8.81548,2.25,1.50
2012.02.23 10:00:29.165,8.81424,8.81548,1.50,1.50
2012.02.23 10:00:29.238,8.8148,8.81604,1.50,2.25
2012.02.23 10:00:29.312,8.8148,8.81604,2.25,1.50
2012.02.23 10:00:29.443,8.81492,8.81616,1.50,1.50
2012.02.23 10:00:31.818,8.81492,8.81573,1.50,1.50
2012.02.23 10:00:31.901,8.81492,8.81616,1.50,2.25
2012.02.23 10:00:31.978,8.81418,8.8158,1.50,1.50
2012.02.23 10:00:32.249,8.81327,8.81465,1.50,1.50
2012.02.23 10:00:32.930,8.81319,8.81465,2.25,1.50
2012.02.23 10:00:33.004,8.8135,8.81483,1.50,1.13
2012.02.23 10:00:33.517,8.8135,8.81463,1.50,1.13
2012.02.23 10:00:34.029,8.8135,8.81463,1.50,1.13
2012.02.23 10:00:34.765,8.81342,8.81463,2.25,1.13
2012.02.23 10:00:35.096,8.81342,8.81463,2.25,1.13
2012.02.23 10:00:35.936,8.81352,8.81478,2.25,2.33
2012.02.23 10:00:36.650,8.81352,8.81478,2.25,2.33
2012.02.23 10:00:36.732,8.81341,8.81465,2.25,2.25
2012.02.23 10:00:36.874,8.81353,8.81479,2.25,2.33
2012.02.23 10:00:37.696,8.81353,8.81479,2.25,2.33
2012.02.23 10:00:38.021,8.81345,8.81471,2.25,2.33
2012.02.23 10:00:39.566,8.81345,8.81471,2.25,2.33
2012.02.23 10:00:41.924,8.81354,8.81478,2.25,2.33
2012.02.23 10:00:43.501,8.81363,8.81487,2.25,2.33
2012.02.23 10:00:44.049,8.81363,8.81487,2.25,2.33
2012.02.23 10:00:56.691,8.81356,8.8148,2.25,2.25
2012.02.23 10:01:00.665,8.81356,8.8148,2.25,2.25
2012.02.23 10:01:00.933,8.81364,8.8149,2.25,2.25
2012.02.23 10:01:01.301,8.81364,8.8149,2.25,1.50
2012.02.23 10:01:01.371,8.81373,8.81499,2.25,2.25
2012.02.23 10:01:02.415,8.81362,8.81488,2.25,1.50
2012.02.23 10:01:03.981,8.81362,8.81488,2.25,1.50
2012.02.23 10:01:04.985,8.81362,8.81488,2.25,1.50
2012.02.23 10:01:05.063,8.81362,8.81488,2.25,1.50
2012.02.23 10:01:05.140,8.81371,8.81495,2.25,2.25
2012.02.23 10:01:05.273,8.81371,8.81495,2.25,2.25
2012.02.23 10:01:05.869,8.81362,8.81488,2.25,1.50
2012.02.23 10:01:06.949,8.81362,8.81488,2.25,1.50
2012.02.23 10:01:08.636,8.8137,8.81496,2.25,2.25
2012.02.23 10:01:09.488,8.8137,8.81496,2.25,2.25
2012.02.23 10:01:10.055,8.81362,8.81488,2.25,1.50
2012.02.23 10:01:10.305,8.81362,8.81488,1.50,2.25
2012.02.23 10:01:11.471,8.81362,8.81488,1.50,2.25
2012.02.23 10:01:11.701,8.81353,8.81477,1.50,2.25
2012.02.23 10:01:12.141,8.81368,8.81492,1.50,2.25
2012.02.23 10:01:13.198,8.81359,8.81485,1.50,2.25
2012.02.23 10:01:14.923,8.81352,8.81476,2.25,2.25
2012.02.23 10:01:15.263,8.81352,8.81476,2.25,1.50
2012.02.23 10:01:15.603,8.81362,8.81486,2.25,1.50
2012.02.23 10:01:15.731,8.81362,8.81486,2.25,1.50
2012.02.23 10:01:16.217,8.81362,8.81481,2.25,1.20
2012.02.23 10:01:16.295,8.81362,8.8148,2.25,1.20
2012.02.23 10:01:18.078,8.81362,8.81476,1.50,1.20
2012.02.23 10:01:18.218,8.81362,8.81476,2.25,1.20
2012.02.23 10:01:19.219,8.81362,8.81476,1.50,1.20
2012.02.23 10:01:19.293,8.81362,8.81476,1.65,1.20
2012.02.23 10:01:19.622,8.8138,8.81481,2.25,1.20
2012.02.23 10:01:19.691,8.8138,8.81482,2.25,1.20
2012.02.23 10:01:20.355,8.8138,8.81506,2.25,2.33
2012.02.23 10:01:20.494,8.8138,8.81506,2.25,2.33
2012.02.23 10:01:21.256,8.81367,8.8149,1.50,2.33
2012.02.23 10:01:21.688,8.81377,8.81501,2.25,2.33
2012.02.23 10:01:22.397,8.81377,8.81501,2.25,2.33
2012.02.23 10:01:22.702,8.81368,8.81494,2.25,2.33
2012.02.23 10:01:23.650,8.81368,8.81494,2.25,2.33
2012.02.23 10:01:23.727,8.81367,8.81486,1.50,2.33
2012.02.23 10:01:24.098,8.81367,8.81486,1.50,2.33
2012.02.23 10:01:26.686,8.81367,8.81459,1.50,1.50
2012.02.23 10:01:26.755,8.81367,8.8145,1.50,1.50
2012.02.23 10:01:26.971,8.81367,8.81439,1.50,1.50
2012.02.23 10:01:27.257,8.81327,8.81439,1.50,1.50
2012.02.23 10:01:29.077,8.81358,8.81443,1.50,1.50
2012.02.23 10:01:29.153,8.81358,8.81452,1.50,1.50
2012.02.23 10:01:29.227,8.81358,8.81436,1.50,1.50
2012.02.23 10:01:30.283,8.81358,8.81443,1.50,1.50
2012.02.23 10:01:31.373,8.81358,8.81427,1.50,1.50
2012.02.23 10:01:31.941,8.81358,8.81427,1.50,1.50
2012.02.23 10:01:32.384,8.81358,8.81441,1.50,1.50
2012.02.23 10:01:33.099,8.81338,8.81459,1.50,1.50
2012.02.23 10:01:33.245,8.81342,8.81468,2.25,1.95
2012.02.23 10:01:34.837,8.81342,8.81468,2.25,1.95
2012.02.23 10:01:34.983,8.81359,8.81485,2.25,2.33
2012.02.23 10:01:35.126,8.81339,8.81463,2.25,1.50
2012.02.23 10:01:36.455,8.81339,8.81463,2.25,1.50
2012.02.23 10:01:38.753,8.81346,8.81472,2.25,2.33
2012.02.23 10:01:39.070,8.81346,8.81472,2.25,2.33
2012.02.23 10:01:40.023,8.8138,8.81502,2.25,1.58
2012.02.23 10:01:42.472,8.81372,8.81496,2.25,2.33
2012.02.23 10:01:43.266,8.81347,8.81463,1.50,1.50
2012.02.23 10:01:44.057,8.81347,8.81465,1.50,1.50
2012.02.23 10:01:47.971,8.81347,8.81465,1.50,1.50
2012.02.23 10:01:48.982,8.81361,8.81485,2.25,2.33
2012.02.23 10:01:49.548,8.81347,8.81463,1.50,1.50
2012.02.23 10:01:51.186,8.81347,8.81453,1.50,1.50
2012.02.23 10:01:51.261,8.81347,8.81463,1.50,1.50
2012.02.23 10:01:51.409,8.81347,8.81463,1.50,1.50
2012.02.23 10:01:51.634,8.81347,8.81432,1.50,1.50
2012.02.23 10:01:52.329,8.81347,8.81423,1.50,1.50
2012.02.23 10:01:53.037,8.81347,8.81431,1.50,1.50
2012.02.23 10:01:53.557,8.81347,8.81442,1.50,1.50
2012.02.23 10:01:53.843,8.81347,8.81451,1.50,1.50
2012.02.23 10:01:55.024,8.81347,8.8146,1.50,1.50
2012.02.23 10:01:57.456,8.81347,8.8147,1.50,1.95
2012.02.23 10:01:59.462,8.81347,8.81446,1.50,1.50
2012.02.23 10:02:00.025,8.81347,8.81461,1.50,1.50
2012.02.23 10:02:04.500,8.81347,8.81448,1.50,1.50
2012.02.23 10:02:09.091,8.81347,8.81439,1.50,1.50
2012.02.23 10:02:11.061,8.81347,8.81449,1.50,1.50
2012.02.23 10:02:12.526,8.81347,8.81458,1.50,1.50
2012.02.23 10:02:12.600,8.81347,8.81445,1.50,1.50
2012.02.23 10:02:15.593,8.81347,8.81437,1.50,1.50
2012.02.23 10:02:20.178,8.81347,8.81447,1.50,1.50
2012.02.23 10:02:22.806,8.81347,8.81436,1.50,1.50
2012.02.23 10:02:23.399,8.81347,8.81436,1.50,1.50
2012.02.23 10:02:23.726,8.81347,8.81427,1.50,1.50
2012.02.23 10:02:24.932,8.81347,8.81427,1.50,1.50
2012.02.23 10:02:25.001,8.81347,8.81437,1.50,1.50
2012.02.23 10:02:25.167,8.81347,8.81453,1.50,1.50
2012.02.23 10:02:26.034,8.81347,8.81438,1.50,1.50
2012.02.23 10:02:27.856,8.81347,8.8145,1.50,1.50
2012.02.23 10:02:29.144,8.81347,8.81432,1.50,1.50
2012.02.23 10:02:29.218,8.81347,8.81432,1.50,1.50
2012.02.23 10:02:29.298,8.81347,8.81441,1.50,1.50
2012.02.23 10:02:33.000,8.81347,8.8145,1.50,1.50
2012.02.23 10:02:34.142,8.81347,8.8145,1.50,1.50
2012.02.23 10:02:34.777,8.81347,8.81439,1.50,1.50
2012.02.23 10:02:35.903,8.81347,8.81439,1.50,1.50
2012.02.23 10:02:36.092,8.81347,8.81453,1.50,1.50
2012.02.23 10:02:37.858,8.81347,8.81461,1.50,1.50
2012.02.23 10:02:39.696,8.81347,8.81461,1.50,1.50
2012.02.23 10:02:39.831,8.81347,8.81443,1.50,1.50
2012.02.23 10:02:50.742,8.81335,8.81455,1.20,1.50
2012.02.23 10:02:51.655,8.81335,8.81448,1.20,1.50
2012.02.23 10:02:51.732,8.81337,8.81448,1.20,1.50
2012.02.23 10:02:53.025,8.81341,8.81448,1.20,1.50
2012.02.23 10:02:53.346,8.81328,8.81448,1.58,1.50
2012.02.23 10:02:53.577,8.81328,8.81437,1.58,1.50
2012.02.23 10:02:53.904,8.81341,8.81437,1.20,1.50
2012.02.23 10:02:56.067,8.81336,8.81444,1.20,1.50
2012.02.23 10:02:56.402,8.81336,8.81455,1.20,1.50
2012.02.23 10:02:57.896,8.81336,8.81442,1.20,1.50
2012.02.23 10:02:59.294,8.81318,8.81442,2.25,2.33
2012.02.23 10:02:59.372,8.81297,8.81412,1.50,1.50
2012.02.23 10:03:01.250,8.81297,8.81404,1.50,1.50
2012.02.23 10:03:01.321,8.81297,8.81415,1.50,1.95
2012.02.23 10:03:01.640,8.81297,8.81415,1.50,1.95
2012.02.23 10:03:01.774,8.81297,8.81405,1.50,1.50
2012.02.23 10:03:02.364,8.81297,8.81405,1.50,1.50
2012.02.23 10:03:02.509,8.81297,8.81415,1.50,1.95
2012.02.23 10:03:04.398,8.81291,8.81415,1.50,1.95
2012.02.23 10:03:04.475,8.81288,8.81398,1.50,2.33
2012.02.23 10:03:04.783,8.81272,8.81398,1.50,2.33
2012.02.23 10:03:05.441,8.81264,8.81388,2.25,1.50
2012.02.23 10:03:05.630,8.81268,8.81388,1.50,1.50
2012.02.23 10:03:05.763,8.81308,8.81419,1.20,1.50
2012.02.23 10:03:07.038,8.81308,8.81402,1.20,1.50
2012.02.23 10:03:09.654,8.81308,8.81417,1.20,1.50
2012.02.23 10:03:11.433,8.81308,8.81432,2.70,1.50
2012.02.23 10:03:17.295,8.81308,8.81424,1.20,1.50
2012.02.23 10:03:30.117,8.8131,8.81434,1.95,1.50
2012.02.23 10:03:32.139,8.81308,8.81426,1.20,1.50
2012.02.23 10:03:33.748,8.81308,8.81418,1.20,1.50
2012.02.23 10:03:36.200,8.81308,8.81431,1.20,1.50
2012.02.23 10:03:38.916,8.81308,8.81422,1.20,1.50
2012.02.23 10:03:42.245,8.81308,8.81414,1.20,1.50
2012.02.23 10:03:45.097,8.81308,8.8143,1.20,1.50
2012.02.23 10:03:46.496,8.81312,8.81438,1.50,1.50
2012.02.23 10:03:48.163,8.81308,8.81427,1.20,1.50
2012.02.23 10:03:49.142,8.81277,8.81364,1.50,2.10
2012.02.23 10:03:49.287,8.81277,8.81383,1.50,1.50
2012.02.23 10:03:49.360,8.81233,8.81359,2.25,1.50
2012.02.23 10:03:49.439,8.81262,8.81383,1.50,1.50
2012.02.23 10:03:49.523,8.81262,8.81388,1.50,1.50
2012.02.23 10:03:54.618,8.81255,8.81379,1.50,1.50
2012.02.23 10:03:54.924,8.81245,8.81371,2.25,1.50
2012.02.23 10:03:55.283,8.81084,8.8125,2.25,1.50
2012.02.23 10:03:55.625,8.81051,8.81215,2.25,1.50
2012.02.23 10:03:56.576,8.81071,8.81195,2.25,1.50
2012.02.23 10:03:57.202,8.81063,8.81187,2.25,1.50
2012.02.23 10:03:59.501,8.81066,8.81192,2.25,1.50
2012.02.23 10:04:02.146,8.81053,8.81177,2.25,1.50
2012.02.23 10:04:03.178,8.81061,8.81185,2.25,1.50
2012.02.23 10:04:04.467,8.81073,8.81199,2.25,1.50
2012.02.23 10:04:11.339,8.81065,8.81191,2.25,1.50
2012.02.23 10:04:11.660,8.81056,8.8118,2.25,1.50
2012.02.23 10:04:12.503,8.81063,8.81189,2.25,1.50
2012.02.23 10:04:12.571,8.81054,8.8118,2.25,1.50
2012.02.23 10:04:12.981,8.81066,8.8119,2.25,1.50
2012.02.23 10:04:13.543,8.81073,8.81199,2.25,1.50
2012.02.23 10:04:17.668,8.81057,8.81181,2.25,1.50
2012.02.23 10:04:19.817,8.81071,8.81195,2.25,1.50
2012.02.23 10:04:19.946,8.81059,8.81185,2.25,1.50
2012.02.23 10:04:20.336,8.81059,8.81185,2.25,2.32
2012.02.23 10:04:21.075,8.81052,8.81122,1.50,1.50
2012.02.23 10:04:21.156,8.81052,8.81176,2.25,1.50
2012.02.23 10:04:23.609,8.81034,8.81158,2.25,1.50
2012.02.23 10:04:24.032,8.81045,8.81171,2.25,1.50
2012.02.23 10:04:25.228,8.81034,8.81158,2.25,1.50
2012.02.23 10:04:26.273,8.81052,8.81178,2.25,1.50
2012.02.23 10:04:28.891,8.81039,8.81165,2.25,1.50
2012.02.23 10:04:29.456,8.81029,8.81153,2.25,1.50
2012.02.23 10:04:31.135,8.81037,8.81161,2.25,1.50
2012.02.23 10:04:31.711,8.81046,8.8117,2.25,1.50
2012.02.23 10:04:34.591,8.81037,8.81163,2.25,1.50
2012.02.23 10:04:37.140,8.81053,8.81188,2.25,1.50
2012.02.23 10:04:37.213,8.81053,8.81195,2.25,1.50
2012.02.23 10:04:37.895,8.81056,8.81202,2.25,1.50
2012.02.23 10:04:41.286,8.81064,8.81212,2.25,1.50
2012.02.23 10:04:42.561,8.8108,8.81226,2.25,1.50
2012.02.23 10:04:43.267,8.81071,8.81219,2.25,1.50
2012.02.23 10:04:45.461,8.81057,8.81203,2.25,1.50
2012.02.23 10:04:46.229,8.81046,8.81194,2.25,1.50
2012.02.23 10:04:46.886,8.81054,8.81202,2.25,1.50
2012.02.23 10:04:47.612,8.81064,8.8121,2.25,1.50
2012.02.23 10:04:49.913,8.81064,8.8121,2.49,1.50
2012.02.23 10:04:50.652,8.8116,8.81286,1.50,1.50
2012.02.23 10:04:51.844,8.81168,8.81294,1.50,1.50
2012.02.23 10:04:53.611,8.81178,8.81302,1.50,1.50
2012.02.23 10:05:00.612,8.8117,8.81294,1.50,1.50
2012.02.23 10:05:03.408,8.81184,8.81308,1.50,1.50
2012.02.23 10:05:03.694,8.81194,8.81318,1.50,1.50
2012.02.23 10:05:03.768,8.81184,8.8131,1.50,1.50
2012.02.23 10:05:04.495,8.81184,8.8131,2.25,1.50
2012.02.23 10:05:05.311,8.81263,8.81389,2.25,1.50
2012.02.23 10:05:07.510,8.81271,8.81397,2.25,2.25
2012.02.23 10:05:08.245,8.81263,8.81389,1.50,2.10
2012.02.23 10:05:08.574,8.81246,8.8137,1.50,2.10
2012.02.23 10:05:08.642,8.81187,8.81313,1.50,1.50
2012.02.23 10:05:10.047,8.8118,8.81304,1.50,1.50
2012.02.23 10:05:11.037,8.81171,8.81297,1.50,1.50
2012.02.23 10:05:14.549,8.81184,8.81308,1.50,1.50
2012.02.23 10:05:17.317,8.81175,8.81301,1.50,1.50
2012.02.23 10:05:19.295,8.81175,8.81297,1.50,1.50
2012.02.23 10:05:19.742,8.81137,8.81263,1.50,1.50
2012.02.23 10:05:20.235,8.81145,8.81271,1.50,1.50
2012.02.23 10:05:21.693,8.8116,8.81286,1.50,1.50
2012.02.23 10:05:29.403,8.81177,8.81286,2.25,1.50
2012.02.23 10:05:29.732,8.81167,8.81249,1.82,1.50
2012.02.23 10:05:29.804,8.81125,8.81249,2.25,1.50
2012.02.23 10:05:29.874,8.81125,8.81249,1.50,1.50
2012.02.23 10:05:30.233,8.81099,8.81224,1.74,1.50
2012.02.23 10:05:30.382,8.81107,8.81231,1.74,1.50
2012.02.23 10:05:30.715,8.81148,8.81272,1.50,2.25
2012.02.23 10:05:31.340,8.81156,8.81272,1.50,2.25
2012.02.23 10:05:31.422,8.81182,8.81306,1.50,1.50
2012.02.23 10:05:34.134,8.81182,8.81272,1.50,1.58
2012.02.23 10:05:34.322,8.81114,8.81238,1.50,1.50
2012.02.23 10:05:35.044,8.81114,8.81238,1.74,1.50
2012.02.23 10:05:35.768,8.81184,8.81308,1.50,1.50
2012.02.23 10:05:38.331,8.81184,8.81308,1.50,2.25
2012.02.23 10:05:38.645,8.81112,8.81238,1.50,1.50
2012.02.23 10:05:39.925,8.81112,8.81238,1.74,1.50
2012.02.23 10:05:40.058,8.81178,8.81262,1.74,1.50
2012.02.23 10:05:40.136,8.81178,8.81293,1.74,1.20
2012.02.23 10:05:40.203,8.81178,8.81295,1.74,1.58
2012.02.23 10:05:42.128,8.81178,8.81295,1.74,1.58
2012.02.23 10:05:42.704,8.81152,8.8124,1.50,1.50
2012.02.23 10:05:42.776,8.81116,8.8124,1.50,1.50
2012.02.23 10:05:43.965,8.81116,8.8124,2.25,1.50
2012.02.23 10:05:45.091,8.81126,8.81252,1.50,1.50
2012.02.23 10:05:45.165,8.81119,8.81243,1.50,1.50
2012.02.23 10:05:51.213,8.8111,8.81236,2.25,1.50
2012.02.23 10:05:52.382,8.81102,8.81228,2.25,1.50
2012.02.23 10:05:57.100,8.81089,8.81213,1.20,1.50
2012.02.23 10:05:58.947,8.81096,8.8122,2.25,1.50
2012.02.23 10:05:59.114,8.81096,8.8122,1.50,2.25
2012.02.23 10:05:59.184,8.81051,8.81175,1.50,1.50
2012.02.23 10:05:59.312,8.81043,8.81167,1.50,1.50
2012.02.23 10:05:59.466,8.8105,8.81176,1.50,1.50
2012.02.23 10:05:59.838,8.81039,8.81163,1.50,1.50
2012.02.23 10:06:26.206,8.81014,8.81138,3.00,1.50
2012.02.23 10:06:27.026,8.81003,8.81127,1.50,1.50
2012.02.23 10:06:27.657,8.81026,8.8115,1.50,1.50
2012.02.23 10:06:27.972,8.81031,8.8115,1.20,1.50
2012.02.23 10:06:29.183,8.81057,8.81181,1.50,2.33
2012.02.23 10:06:29.258,8.81065,8.81191,2.33,2.25
2012.02.23 10:06:29.335,8.81076,8.81191,1.20,2.25
2012.02.23 10:06:30.027,8.81076,8.81113,1.20,1.50
2012.02.23 10:06:30.107,8.80987,8.81113,1.50,1.50
2012.02.23 10:06:30.234,8.80977,8.81102,1.50,1.50
2012.02.23 10:06:30.761,8.80976,8.81102,2.70,1.50
2012.02.23 10:06:31.078,8.80976,8.81091,1.20,1.50
2012.02.23 10:06:32.872,8.80973,8.81091,1.20,1.50
2012.02.23 10:06:33.003,8.81014,8.81115,2.25,1.50
2012.02.23 10:06:33.072,8.81014,8.8114,2.25,2.25
2012.02.23 10:06:35.486,8.81035,8.81142,2.25,1.17
2012.02.23 10:06:36.004,8.81053,8.81143,2.25,1.62
2012.02.23 10:06:41.301,8.81044,8.81142,2.25,1.08
2012.02.23 10:06:42.483,8.81052,8.81142,1.50,1.08
2012.02.23 10:06:42.579,8.8106,8.81142,1.50,1.08
2012.02.23 10:06:43.505,8.81049,8.81142,1.50,1.08
2012.02.23 10:06:43.654,8.81049,8.81142,2.33,1.08
2012.02.23 10:06:43.782,8.8108,8.81172,1.20,1.02
2012.02.23 10:06:44.445,8.81077,8.81188,1.20,1.50
2012.02.23 10:06:44.990,8.81077,8.81195,1.20,1.50
2012.02.23 10:06:56.674,8.81079,8.81203,1.95,2.25
2012.02.23 10:06:57.281,8.81079,8.81203,1.95,1.50
2012.02.23 10:07:05.890,8.81089,8.81213,1.50,1.95
2012.02.23 10:07:07.468,8.8108,8.81206,1.95,1.50
2012.02.23 10:07:11.356,8.8108,8.81206,1.50,2.33
2012.02.23 10:07:11.544,8.81063,8.81187,1.50,1.95
2012.02.23 10:07:14.564,8.81087,8.81213,1.50,2.33
2012.02.23 10:07:15.184,8.81071,8.81197,1.50,2.33
2012.02.23 10:07:17.331,8.81064,8.81188,1.50,1.95
2012.02.23 10:07:18.921,8.81064,8.81188,2.25,1.95
2012.02.23 10:07:19.724,8.81073,8.81197,1.50,2.33
2012.02.23 10:07:21.089,8.8108,8.81206,1.50,2.33
2012.02.23 10:07:22.119,8.81072,8.81198,1.50,2.33
2012.02.23 10:07:27.283,8.81064,8.8119,2.25,1.95
2012.02.23 10:07:27.357,8.81058,8.81182,1.50,1.50
2012.02.23 10:07:30.067,8.8107,8.81194,1.50,2.33
2012.02.23 10:07:33.880,8.81058,8.81184,3.00,1.50
2012.02.23 10:07:34.945,8.81076,8.81202,1.50,2.33
2012.02.23 10:07:35.618,8.81076,8.81202,2.25,2.33
2012.02.23 10:07:43.833,8.81095,8.81219,1.50,1.50
2012.02.23 10:07:45.101,8.81095,8.81219,2.25,1.50
2012.02.23 10:07:47.017,8.81095,8.81219,2.25,1.50
2012.02.23 10:07:51.751,8.8109,8.8121,1.20,1.50
2012.02.23 10:07:55.157,8.81098,8.81222,2.25,1.95
2012.02.23 10:07:55.861,8.8109,8.81208,1.20,1.50
2012.02.23 10:07:56.576,8.81092,8.81216,2.25,1.50
2012.02.23 10:07:57.032,8.8109,8.81208,1.20,1.50
2012.02.23 10:08:08.924,8.81091,8.81217,2.25,1.50
2012.02.23 10:08:11.060,8.8109,8.81208,1.20,1.50
2012.02.23 10:08:19.494,8.81093,8.81217,2.25,1.50
2012.02.23 10:08:21.420,8.8109,8.81209,1.20,1.50
2012.02.23 10:08:21.611,8.8109,8.81209,1.20,1.50
2012.02.23 10:08:22.588,8.8109,8.81202,1.20,1.50
2012.02.23 10:08:23.848,8.8109,8.81211,1.20,1.50
2012.02.23 10:08:26.358,8.81193,8.81357,2.25,1.50
2012.02.23 10:08:26.433,8.812,8.81366,2.25,1.50
2012.02.23 10:08:26.504,8.81217,8.81383,2.25,1.50
2012.02.23 10:08:26.753,8.81207,8.81373,2.25,1.50
2012.02.23 10:08:27.074,8.81207,8.81373,2.25,1.50
2012.02.23 10:08:27.545,8.81204,8.81328,2.25,1.50
2012.02.23 10:08:28.175,8.81231,8.81353,2.25,1.50
2012.02.23 10:08:28.318,8.81231,8.81357,2.25,1.50
2012.02.23 10:08:35.455,8.8125,8.81374,1.50,1.50
2012.02.23 10:08:36.191,8.81258,8.81384,1.50,1.50
2012.02.23 10:08:36.596,8.8125,8.81376,1.50,1.50
2012.02.23 10:08:36.955,8.81298,8.81398,1.20,2.02
2012.02.23 10:08:37.084,8.81298,8.81398,1.20,1.50
2012.02.23 10:08:37.156,8.81298,8.81398,1.58,1.50
2012.02.23 10:08:37.226,8.81298,8.81409,1.58,1.50
2012.02.23 10:08:37.364,8.81307,8.81417,1.20,1.50
2012.02.23 10:08:40.724,8.81307,8.81424,1.20,1.50
2012.02.23 10:08:43.305,8.81307,8.814,1.20,1.50
2012.02.23 10:08:46.263,8.81307,8.81407,1.20,1.50
2012.02.23 10:08:46.901,8.81275,8.81386,1.20,1.50
2012.02.23 10:08:47.363,8.81271,8.81378,1.20,1.50
2012.02.23 10:08:48.417,8.81271,8.81363,1.20,1.50
2012.02.23 10:08:49.507,8.81271,8.81371,1.20,1.50
2012.02.23 10:08:50.859,8.81276,8.8138,1.20,1.50
2012.02.23 10:08:51.404,8.81276,8.81388,1.20,1.50
2012.02.23 10:08:53.985,8.81276,8.81395,1.20,1.50
2012.02.23 10:08:54.493,8.81276,8.81387,1.20,1.50
2012.02.23 10:08:54.708,8.81276,8.81395,1.20,1.50
2012.02.23 10:08:54.859,8.81276,8.81385,1.20,1.50
2012.02.23 10:08:59.635,8.81276,8.81393,1.20,1.50
2012.02.23 10:09:00.648,8.81277,8.81401,2.25,1.50
2012.02.23 10:09:01.745,8.81276,8.81393,1.20,1.50
2012.02.23 10:09:02.188,8.81267,8.81393,2.49,1.50
2012.02.23 10:09:02.327,8.81363,8.81521,2.25,1.35
2012.02.23 10:09:02.519,8.81363,8.8152,1.50,1.35
2012.02.23 10:09:02.659,8.81308,8.81437,2.25,1.50
2012.02.23 10:09:02.734,8.81277,8.81437,1.50,1.50
2012.02.23 10:09:03.343,8.81277,8.81393,1.50,1.50
2012.02.23 10:09:03.487,8.81298,8.81412,1.50,1.50
2012.02.23 10:09:04.170,8.81298,8.81421,1.74,1.50
2012.02.23 10:09:04.363,8.8132,8.81444,1.50,1.50
2012.02.23 10:09:04.434,8.8132,8.81444,2.25,1.50
2012.02.23 10:09:05.994,8.81337,8.81452,1.50,1.50
2012.02.23 10:09:07.486,8.81308,8.81434,2.25,2.33
2012.02.23 10:09:08.047,8.81297,8.81414,1.50,1.50
2012.02.23 10:09:09.103,8.81297,8.81414,1.50,1.50
2012.02.23 10:09:09.956,8.81297,8.81414,1.50,1.50
2012.02.23 10:09:13.691,8.81297,8.81423,3.00,1.50
2012.02.23 10:09:25.981,8.81308,8.81432,2.25,2.33
2012.02.23 10:09:27.438,8.81298,8.81424,2.25,1.50
2012.02.23 10:09:32.291,8.81307,8.81431,2.25,2.33
2012.02.23 10:09:34.112,8.81307,8.81431,1.50,2.33
2012.02.23 10:09:34.183,8.81307,8.81431,2.70,1.50
2012.02.23 10:09:37.024,8.8131,8.81431,1.20,1.50
2012.02.23 10:09:38.560,8.81324,8.81448,1.50,2.33
2012.02.23 10:09:39.927,8.81315,8.81441,2.25,1.95
2012.02.23 10:09:42.609,8.81323,8.81449,1.50,2.33
2012.02.23 10:09:43.991,8.81323,8.81449,2.25,2.33
2012.02.23 10:09:47.881,8.81315,8.81441,2.25,1.95
2012.02.23 10:09:47.953,8.81335,8.81441,1.20,1.50
2012.02.23 10:09:48.826,8.81335,8.81451,1.20,1.50
2012.02.23 10:09:48.903,8.81336,8.81462,2.25,1.50
2012.02.23 10:09:50.048,8.81338,8.81462,1.50,1.50
2012.02.23 10:09:50.394,8.81338,8.81462,1.50,1.50
2012.02.23 10:09:51.183,8.81387,8.81487,1.50,1.50
2012.02.23 10:09:51.254,8.81387,8.81513,1.50,2.25
2012.02.23 10:09:51.325,8.81387,8.81513,2.25,1.50
2012.02.23 10:09:51.453,8.81388,8.81474,1.50,1.50
2012.02.23 10:09:51.764,8.81338,8.81461,1.50,1.50
2012.02.23 10:09:53.403,8.81338,8.81451,1.50,1.50
2012.02.23 10:09:53.481,8.81338,8.81451,1.50,1.50
2012.02.23 10:09:53.562,8.81338,8.81461,1.50,1.50
2012.02.23 10:09:54.221,8.81338,8.81461,1.50,1.50
2012.02.23 10:09:54.366,8.81338,8.81452,1.50,1.50
2012.02.23 10:09:59.594,8.81338,8.8146,1.50,1.50
2012.02.23 10:10:03.485,8.81338,8.8146,1.50,1.50
2012.02.23 10:10:03.564,8.81355,8.81481,1.50,1.50
2012.02.23 10:10:03.712,8.81338,8.81453,1.50,1.50
2012.02.23 10:10:04.227,8.81338,8.81445,1.50,1.50
2012.02.23 10:10:05.838,8.81338,8.81432,1.50,1.50
2012.02.23 10:10:08.596,8.81308,8.81432,2.25,1.50
2012.02.23 10:10:08.663,8.81308,8.81432,2.25,1.50
2012.02.23 10:10:08.734,8.81299,8.81423,2.25,1.50
2012.02.23 10:10:08.936,8.81311,8.81435,2.25,1.50
2012.02.23 10:10:10.621,8.81311,8.81435,1.50,1.50
2012.02.23 10:10:10.872,8.81311,8.81435,2.25,1.50
2012.02.23 10:10:12.019,8.81311,8.81435,2.25,1.50
2012.02.23 10:10:13.055,8.81311,8.81435,2.25,1.50
2012.02.23 10:10:13.240,8.81324,8.81448,2.25,1.50
2012.02.23 10:10:13.826,8.81315,8.81439,2.25,1.50
2012.02.23 10:10:14.982,8.81325,8.81451,2.25,1.50
2012.02.23 10:10:17.090,8.81318,8.81442,2.25,1.50
2012.02.23 10:10:19.043,8.81326,8.8145,2.25,1.50
2012.02.23 10:10:22.578,8.81315,8.81441,2.25,1.50
2012.02.23 10:10:24.597,8.81323,8.81449,2.25,1.50
2012.02.23 10:10:24.667,8.81323,8.81449,2.25,1.50
2012.02.23 10:10:27.868,8.81312,8.81438,2.25,1.50
2012.02.23 10:10:31.388,8.81328,8.81452,2.25,1.50
2012.02.23 10:10:31.696,8.81315,8.81441,2.25,1.50
2012.02.23 10:10:34.742,8.81308,8.81432,3.00,1.50
2012.02.23 10:10:36.475,8.81316,8.8144,2.25,1.50
2012.02.23 10:10:36.545,8.81316,8.8144,2.25,1.50
2012.02.23 10:10:37.612,8.81324,8.81448,2.25,1.50
2012.02.23 10:10:40.435,8.81347,8.81439,1.50,1.50
2012.02.23 10:10:44.576,8.81322,8.81439,1.50,1.50
2012.02.23 10:10:44.717,8.81322,8.81414,1.50,2.33
2012.02.23 10:10:45.053,8.81187,8.81333,2.25,1.50
2012.02.23 10:10:45.123,8.81218,8.81333,1.35,1.50
2012.02.23 10:10:45.457,8.81248,8.81392,2.25,1.50
2012.02.23 10:10:45.663,8.81248,8.81392,1.50,2.25
2012.02.23 10:10:45.793,8.81238,8.81382,1.50,2.25
2012.02.23 10:10:45.864,8.81223,8.81369,1.50,1.50
2012.02.23 10:10:45.993,8.81236,8.81382,1.50,2.25
2012.02.23 10:10:47.338,8.81237,8.81363,1.50,1.50
2012.02.23 10:10:48.948,8.81228,8.81352,2.25,1.50
2012.02.23 10:10:50.643,8.81228,8.81352,2.25,1.50
2012.02.23 10:10:50.714,8.81269,8.81393,2.25,1.50
2012.02.23 10:10:51.202,8.81269,8.81393,1.50,1.50
2012.02.23 10:10:52.405,8.81278,8.81402,1.50,1.50
2012.02.23 10:10:56.921,8.81268,8.81392,2.25,1.50
2012.02.23 10:10:59.563,8.81277,8.81403,1.50,1.50
2012.02.23 10:11:02.136,8.81289,8.81403,2.33,1.50
2012.02.23 10:11:02.203,8.81318,8.8144,1.58,1.50
2012.02.23 10:11:02.276,8.81325,8.81451,2.33,1.50
2012.02.23 10:11:02.343,8.81325,8.81445,1.50,2.33
2012.02.23 10:11:02.413,8.81295,8.81421,2.25,2.33
2012.02.23 10:11:02.484,8.81295,8.81421,1.50,2.33
2012.02.23 10:11:02.624,8.81307,8.81431,1.50,2.33
2012.02.23 10:11:03.194,8.81276,8.81402,1.50,1.95
2012.02.23 10:11:04.516,8.81276,8.81402,1.95,1.50
2012.02.23 10:11:04.591,8.81287,8.81413,1.50,1.95
2012.02.23 10:11:06.607,8.81277,8.81403,1.95,1.50
2012.02.23 10:11:07.018,8.81302,8.81423,1.50,1.58
2012.02.23 10:11:07.212,8.81302,8.81428,1.50,2.33
2012.02.23 10:11:09.068,8.81295,8.81419,1.50,1.95
2012.02.23 10:11:11.971,8.81295,8.81396,1.50,1.20
2012.02.23 10:11:12.824,8.81275,8.81393,1.50,1.58
2012.02.23 10:11:13.144,8.81275,8.81382,1.50,1.58
2012.02.23 10:11:13.456,8.81275,8.81361,1.50,1.34
2012.02.23 10:11:13.525,8.81263,8.81361,1.50,1.34
2012.02.23 10:11:14.565,8.81254,8.81361,1.50,1.34
2012.02.23 10:11:14.759,8.81244,8.81361,1.50,1.34
2012.02.23 10:11:14.977,8.81235,8.81361,1.50,2.84
2012.02.23 10:11:15.832,8.81259,8.81383,1.50,2.47
2012.02.23 10:11:15.916,8.81271,8.81397,1.50,2.33
2012.02.23 10:11:16.256,8.8126,8.81386,1.50,2.33
2012.02.23 10:11:16.324,8.81253,8.81377,1.50,1.50
2012.02.23 10:11:16.957,8.81243,8.81369,1.95,1.50
2012.02.23 10:11:20.175,8.81243,8.81369,2.33,1.50
2012.02.23 10:11:20.243,8.81252,8.81376,1.50,1.50
2012.02.23 10:11:20.386,8.81262,8.81388,1.50,1.50
2012.02.23 10:11:20.694,8.81274,8.81398,1.50,2.33
2012.02.23 10:11:22.748,8.81277,8.81403,1.50,2.33
2012.02.23 10:11:23.602,8.81289,8.81415,1.50,2.33
2012.02.23 10:11:24.421,8.81266,8.81392,1.50,2.33
2012.02.23 10:11:25.150,8.81311,8.81392,2.10,2.33
2012.02.23 10:11:25.303,8.81407,8.81525,1.50,1.13
2012.02.23 10:11:25.378,8.81407,8.81551,1.50,2.33
2012.02.23 10:11:25.651,8.81407,8.81551,1.50,1.50
2012.02.23 10:11:26.528,8.81396,8.81522,2.25,1.50
2012.02.23 10:11:27.184,8.81404,8.8153,1.50,1.50
2012.02.23 10:11:30.258,8.81413,8.81537,1.50,1.50
2012.02.23 10:11:33.935,8.81434,8.81558,2.25,2.33
2012.02.23 10:11:34.006,8.81434,8.81558,1.50,2.33
2012.02.23 10:11:34.076,8.81443,8.81569,1.50,2.33
2012.02.23 10:11:35.683,8.81443,8.81569,2.10,2.33
2012.02.23 10:11:35.905,8.81443,8.81569,1.50,2.33
2012.02.23 10:11:36.017,8.81443,8.81569,2.25,2.33
2012.02.23 10:11:36.474,8.8142,8.81546,2.25,1.50
2012.02.23 10:11:36.677,8.8142,8.81546,2.25,1.50
2012.02.23 10:11:37.325,8.8142,8.81546,2.25,1.50
2012.02.23 10:11:37.704,8.8142,8.81546,1.50,1.50
2012.02.23 10:11:37.877,8.8142,8.81546,2.25,1.50
2012.02.23 10:11:39.375,8.81415,8.81536,1.35,1.50
2012.02.23 10:11:40.422,8.8142,8.81544,2.25,1.50
2012.02.23 10:11:42.396,8.81415,8.81526,1.35,1.50
2012.02.23 10:11:43.031,8.81415,8.81527,1.35,1.50
2012.02.23 10:11:46.341,8.81415,8.81537,1.35,1.50
2012.02.23 10:11:47.471,8.81413,8.81537,2.10,1.50
2012.02.23 10:11:47.602,8.81397,8.81515,1.50,1.50
2012.02.23 10:11:47.932,8.81397,8.81521,1.50,1.50
2012.02.23 10:11:48.092,8.81406,8.81532,2.25,1.50
2012.02.23 10:11:54.424,8.81436,8.81542,1.35,1.50
2012.02.23 10:11:55.282,8.81436,8.81551,1.35,1.95
2012.02.23 10:11:57.491,8.81436,8.8156,2.85,2.33
2012.02.23 10:11:57.977,8.81436,8.8156,2.85,2.33
2012.02.23 10:11:59.793,8.81436,8.81552,1.35,1.95
2012.02.23 10:12:03.461,8.81436,8.81541,1.35,1.50
2012.02.23 10:12:09.538,8.81436,8.8155,1.35,1.50
2012.02.23 10:12:17.403,8.81436,8.81559,1.35,2.33
2012.02.23 10:12:17.679,8.81436,8.81549,1.35,1.50
2012.02.23 10:12:25.147,8.81436,8.81549,1.35,1.50
2012.02.23 10:12:25.213,8.81436,8.81534,1.35,1.50
2012.02.23 10:12:25.413,8.81427,8.81534,1.35,1.50
2012.02.23 10:12:25.481,8.81427,8.81525,1.35,1.50
2012.02.23 10:12:26.913,8.81427,8.81552,1.35,1.95
2012.02.23 10:12:26.983,8.81436,8.81552,1.35,1.95
2012.02.23 10:12:27.896,8.81436,8.81544,1.35,1.50
2012.02.23 10:12:30.525,8.81436,8.81529,1.35,1.50
2012.02.23 10:12:31.144,8.81427,8.81529,1.35,1.50
2012.02.23 10:12:31.959,8.81436,8.81529,1.35,1.50
2012.02.23 10:12:37.063,8.81448,8.81529,1.35,1.50
2012.02.23 10:12:38.162,8.81415,8.81529,1.35,1.50
2012.02.23 10:12:38.693,8.81419,8.81545,2.25,1.50
2012.02.23 10:12:38.913,8.81415,8.81535,1.35,1.50
2012.02.23 10:12:40.214,8.81409,8.81535,2.10,1.50
2012.02.23 10:12:40.914,8.81373,8.81547,1.50,1.50
2012.02.23 10:12:41.145,8.81373,8.81547,2.25,1.50
2012.02.23 10:12:41.484,8.81409,8.81523,2.10,1.50
2012.02.23 10:12:41.722,8.81427,8.81547,2.10,1.50
2012.02.23 10:12:41.802,8.81427,8.81551,2.10,1.95
2012.02.23 10:12:42.447,8.81414,8.8154,2.10,1.50
2012.02.23 10:12:44.721,8.81409,8.81527,2.10,1.50
2012.02.23 10:12:47.206,8.81441,8.81527,1.35,1.50
2012.02.23 10:12:47.348,8.81441,8.81546,1.35,1.50
2012.02.23 10:12:47.989,8.81441,8.81555,1.35,1.95
2012.02.23 10:12:48.365,8.81441,8.81547,1.35,1.50
2012.02.23 10:12:50.117,8.81441,8.81516,1.35,1.50
2012.02.23 10:12:50.184,8.81409,8.81516,2.10,1.50
2012.02.23 10:12:52.903,8.81409,8.81523,2.10,1.50
2012.02.23 10:12:53.833,8.81409,8.81515,2.10,1.50
2012.02.23 10:12:55.384,8.81409,8.81524,2.10,1.50
2012.02.23 10:12:56.466,8.81415,8.81541,2.10,1.50
2012.02.23 10:12:56.873,8.81409,8.8153,2.10,1.50
2012.02.23 10:12:57.434,8.81409,8.81519,2.10,1.50
2012.02.23 10:13:01.176,8.81409,8.81529,2.10,1.50
2012.02.23 10:13:06.128,8.81414,8.81538,2.10,1.50
2012.02.23 10:13:06.805,8.81409,8.81528,2.10,1.50
2012.02.23 10:13:08.371,8.81412,8.81536,2.10,1.50
2012.02.23 10:13:09.066,8.81409,8.81524,2.10,1.50
2012.02.23 10:13:09.898,8.81409,8.81514,2.10,1.50
2012.02.23 10:13:10.603,8.81415,8.81541,2.10,1.50
2012.02.23 10:13:12.382,8.81409,8.81529,2.10,1.50
2012.02.23 10:13:12.845,8.81413,8.81537,2.10,1.50
2012.02.23 10:13:18.591,8.81409,8.81529,2.10,1.50
2012.02.23 10:13:20.224,8.81413,8.81539,2.10,1.50
2012.02.23 10:13:24.175,8.81421,8.81547,2.10,1.50
2012.02.23 10:13:24.741,8.81421,8.81547,2.10,2.25
2012.02.23 10:13:27.413,8.81421,8.81547,2.10,1.50
2012.02.23 10:13:39.237,8.81429,8.81555,2.10,1.95
2012.02.23 10:13:41.259,8.81429,8.81555,1.50,1.95
2012.02.23 10:13:41.761,8.81441,8.81565,1.50,2.33
2012.02.23 10:13:43.079,8.81433,8.81557,1.50,2.33
2012.02.23 10:13:44.475,8.8141,8.81534,1.50,1.50
2012.02.23 10:13:45.270,8.81417,8.81543,1.50,1.50
2012.02.23 10:13:48.493,8.81425,8.81551,1.50,1.95
2012.02.23 10:14:02.467,8.81433,8.81559,1.50,2.33
2012.02.23 10:14:05.092,8.81423,8.81549,1.50,1.50
2012.02.23 10:14:09.686,8.81437,8.81563,1.50,2.33
2012.02.23 10:14:10.628,8.8143,8.81554,1.50,1.95
2012.02.23 10:14:12.744,8.81421,8.81547,1.50,1.50
2012.02.23 10:14:14.907,8.81434,8.8156,1.50,2.33
2012.02.23 10:14:14.972,8.81423,8.81549,1.50,1.50
2012.02.23 10:14:17.652,8.81423,8.81549,1.74,1.50
2012.02.23 10:14:17.903,8.81483,8.81607,2.25,1.50
2012.02.23 10:14:19.100,8.81506,8.8163,1.50,1.50
2012.02.23 10:14:19.314,8.81506,8.8163,2.25,1.50
2012.02.23 10:14:19.722,8.81517,8.8163,1.58,1.50
2012.02.23 10:14:19.912,8.81517,8.8163,1.20,1.50
2012.02.23 10:14:20.047,8.81514,8.81638,2.33,1.50
2012.02.23 10:14:20.113,8.81507,8.81628,1.58,1.50
2012.02.23 10:14:23.957,8.81504,8.81628,2.33,1.50
2012.02.23 10:14:24.216,8.81531,8.81657,2.33,1.50
2012.02.23 10:14:25.687,8.81539,8.81665,2.33,1.50
2012.02.23 10:14:25.885,8.81539,8.81665,2.33,1.50
2012.02.23 10:14:26.832,8.81539,8.81665,2.33,1.50
2012.02.23 10:14:27.025,8.81577,8.81695,1.58,1.50
2012.02.23 10:14:27.094,8.81583,8.81707,2.33,1.50
2012.02.23 10:14:27.227,8.81594,8.8172,2.33,1.50
2012.02.23 10:14:27.509,8.81609,8.81735,1.95,1.50
2012.02.23 10:14:28.641,8.816,8.81726,2.33,1.50
2012.02.23 10:14:30.026,8.8161,8.81734,1.95,1.50
2012.02.23 10:14:32.514,8.81601,8.81727,2.33,1.50
2012.02.23 10:14:33.756,8.8159,8.81716,2.33,1.50
2012.02.23 10:14:35.080,8.81602,8.81726,2.33,1.50
2012.02.23 10:14:39.681,8.81611,8.81737,1.95,1.50
2012.02.23 10:14:40.448,8.81598,8.81722,2.33,1.50
2012.02.23 10:14:50.145,8.81607,8.81731,1.95,1.50
2012.02.23 10:14:53.653,8.81619,8.81745,1.50,2.33
2012.02.23 10:14:54.373,8.81628,8.81752,1.50,2.33
2012.02.23 10:14:55.346,8.8162,8.81744,1.50,1.95
2012.02.23 10:14:57.919,8.8162,8.81744,2.25,1.95
2012.02.23 10:15:01.743,8.81611,8.81737,2.70,1.50
2012.02.23 10:15:06.894,8.81611,8.81737,2.70,1.50
2012.02.23 10:15:07.026,8.81611,8.81737,2.25,1.95
2012.02.23 10:15:07.525,8.81606,8.81729,1.20,1.50
2012.02.23 10:15:09.035,8.81606,8.81713,1.20,1.50
2012.02.23 10:15:09.706,8.81606,8.81722,1.20,1.50
2012.02.23 10:15:12.252,8.81606,8.81731,1.20,1.50
2012.02.23 10:15:15.082,8.81615,8.81741,2.25,2.33
2012.02.23 10:15:15.168,8.81615,8.81741,2.25,2.33
2012.02.23 10:15:15.366,8.81615,8.81741,1.50,2.33
2012.02.23 10:15:15.436,8.81615,8.81741,1.50,2.33
2012.02.23 10:15:16.225,8.816,8.81723,2.25,1.58
2012.02.23 10:15:17.135,8.81586,8.81712,2.25,1.95
2012.02.23 10:15:19.403,8.81586,8.81712,2.25,1.95
2012.02.23 10:15:19.779,8.81586,8.81712,2.25,1.95
2012.02.23 10:15:20.223,8.81586,8.81712,2.25,1.95
2012.02.23 10:15:20.497,8.81586,8.81712,2.25,1.95
2012.02.23 10:15:20.697,8.81586,8.81712,2.25,1.95
2012.02.23 10:15:21.417,8.8158,8.81702,1.20,1.50
2012.02.23 10:15:21.966,8.81606,8.81724,1.20,2.25
2012.02.23 10:15:22.154,8.81598,8.81724,2.33,1.50
2012.02.23 10:15:23.081,8.81606,8.81724,1.20,1.50
2012.02.23 10:15:23.908,8.81619,8.81743,1.50,2.33
2012.02.23 10:15:24.945,8.8161,8.81736,2.25,1.95
2012.02.23 10:15:27.934,8.81623,8.81749,2.25,2.33
2012.02.23 10:15:29.174,8.81615,8.81741,2.25,2.33
2012.02.23 10:15:30.194,8.81607,8.81731,2.25,1.50
2012.02.23 10:15:30.699,8.81607,8.81731,2.25,1.50
2012.02.23 10:15:31.499,8.81625,8.81751,2.25,2.33
2012.02.23 10:15:36.538,8.81606,8.8173,1.20,1.50
2012.02.23 10:15:36.889,8.81606,8.81708,1.20,1.50
2012.02.23 10:15:37.569,8.81606,8.81716,1.20,1.50
2012.02.23 10:15:39.094,8.81606,8.81724,1.20,1.50
2012.02.23 10:15:40.614,8.81606,8.81724,1.20,1.50
2012.02.23 10:15:40.926,8.8161,8.81734,2.25,1.50
2012.02.23 10:15:44.853,8.8162,8.81746,2.25,2.33
2012.02.23 10:15:44.975,8.8162,8.81746,2.25,2.33
2012.02.23 10:15:45.794,8.8161,8.81736,2.25,1.95
2012.02.23 10:15:47.642,8.81606,8.81728,1.20,1.50
2012.02.23 10:15:48.582,8.81615,8.81739,2.25,1.95
2012.02.23 10:15:49.784,8.81606,8.8173,1.20,1.50
2012.02.23 10:15:52.003,8.81613,8.81737,2.25,1.95
2012.02.23 10:15:52.083,8.81613,8.81737,2.25,1.95
2012.02.23 10:15:52.718,8.81613,8.81737,2.25,1.95
2012.02.23 10:15:52.847,8.81613,8.81737,2.25,1.95
2012.02.23 10:15:54.953,8.81613,8.81737,2.25,1.95
2012.02.23 10:15:55.569,8.81606,8.81728,1.20,1.50
2012.02.23 10:15:59.445,8.81606,8.81722,1.20,1.50
2012.02.23 10:15:59.858,8.81606,8.81719,1.20,1.50
2012.02.23 10:16:00.024,8.81606,8.8173,2.70,1.50
2012.02.23 10:16:01.247,8.81606,8.81721,1.20,1.50
2012.02.23 10:16:01.911,8.81606,8.81732,2.70,1.50
2012.02.23 10:16:03.489,8.81606,8.8173,2.70,1.50
2012.02.23 10:16:03.852,8.81626,8.81735,1.20,1.50
2012.02.23 10:16:04.596,8.81626,8.81744,1.20,1.50
2012.02.23 10:16:04.666,8.8162,8.81744,2.25,2.33
2012.02.23 10:16:04.994,8.81606,8.81728,1.20,1.50
2012.02.23 10:16:06.637,8.8162,8.81719,1.20,1.50
2012.02.23 10:16:06.717,8.81625,8.81733,1.20,1.50
2012.02.23 10:16:06.917,8.8163,8.8174,1.20,1.50
2012.02.23 10:16:07.057,8.8163,8.8174,1.20,1.50
2012.02.23 10:16:07.884,8.8163,8.8175,1.20,1.50
2012.02.23 10:16:08.765,8.81641,8.81765,2.25,1.95
2012.02.23 10:16:09.104,8.81641,8.81765,2.25,1.95
2012.02.23 10:16:11.099,8.81615,8.81739,2.25,1.95
2012.02.23 10:16:13.302,8.81626,8.8175,1.50,2.33
2012.02.23 10:16:13.698,8.81615,8.81741,1.50,2.33
2012.02.23 10:16:14.608,8.81607,8.81733,2.25,1.50
2012.02.23 10:16:16.218,8.81607,8.81733,2.25,1.50
2012.02.23 10:16:17.001,8.81607,8.81733,2.25,1.50
2012.02.23 10:16:17.998,8.81663,8.81757,1.50,1.50
2012.02.23 10:16:18.077,8.81671,8.81797,1.50,1.50
2012.02.23 10:16:18.335,8.8168,8.81804,1.50,1.50
2012.02.23 10:16:19.317,8.8168,8.81804,2.25,1.50
2012.02.23 10:16:20.077,8.8167,8.81796,2.25,1.50
2012.02.23 10:16:20.148,8.81685,8.81809,2.25,1.50
2012.02.23 10:16:24.824,8.81693,8.81817,2.25,1.50
2012.02.23 10:16:25.020,8.81708,8.81832,1.50,1.50
2012.02.23 10:16:25.654,8.81692,8.81816,2.25,1.50
2012.02.23 10:16:26.000,8.81684,8.81808,2.25,1.50
2012.02.23 10:16:27.705,8.81694,8.81818,2.25,1.50
2012.02.23 10:16:29.937,8.81685,8.81811,2.25,1.50
2012.02.23 10:16:31.561,8.81702,8.81826,1.50,1.50
2012.02.23 10:16:32.428,8.81693,8.81819,2.25,1.50
2012.02.23 10:16:43.070,8.81684,8.81808,2.25,1.50
2012.02.23 10:16:43.695,8.81697,8.81808,1.58,1.50
2012.02.23 10:16:43.824,8.81745,8.81869,2.33,2.25
2012.02.23 10:16:43.895,8.81745,8.81869,2.33,1.50
2012.02.23 10:16:43.966,8.81745,8.81869,2.33,1.50
2012.02.23 10:16:46.003,8.81753,8.81877,2.33,1.50
2012.02.23 10:16:47.682,8.81755,8.82001,1.07,1.50
2012.02.23 10:16:47.765,8.81963,8.82147,1.50,1.50
2012.02.23 10:16:47.836,8.81945,8.82129,2.25,1.50
2012.02.23 10:16:48.594,8.81945,8.82129,2.25,1.50
2012.02.23 10:16:48.664,8.81964,8.8215,2.25,1.50
2012.02.23 10:16:50.429,8.82013,8.82137,2.25,1.50
2012.02.23 10:16:51.009,8.81859,8.82043,1.74,2.25
2012.02.23 10:16:51.207,8.81935,8.82073,1.50,2.25
2012.02.23 10:16:51.273,8.81935,8.82073,1.50,2.77
2012.02.23 10:16:51.408,8.81828,8.81994,1.50,1.50
2012.02.23 10:16:51.603,8.81811,8.81977,1.50,1.50
2012.02.23 10:16:52.203,8.81811,8.81957,1.74,1.50
2012.02.23 10:16:52.272,8.81884,8.82022,1.50,2.25
2012.02.23 10:16:53.513,8.81913,8.82022,1.50,2.25
2012.02.23 10:16:54.695,8.81905,8.82022,1.50,2.25
2012.02.23 10:16:55.120,8.81895,8.82021,1.50,1.50
2012.02.23 10:16:55.271,8.81906,8.8203,1.50,2.25
2012.02.23 10:16:55.960,8.81889,8.82015,1.50,1.50
2012.02.23 10:16:58.138,8.81906,8.82032,1.50,2.25
2012.02.23 10:16:58.598,8.81895,8.82019,1.50,1.50
2012.02.23 10:16:59.944,8.81887,8.82011,1.50,1.50
2012.02.23 10:17:01.612,8.81978,8.82011,2.25,1.50
2012.02.23 10:17:02.320,8.82039,8.82103,1.50,1.50
2012.02.23 10:17:02.408,8.82052,8.82176,2.25,1.58
2012.02.23 10:17:02.545,8.82052,8.82176,2.25,1.58
2012.02.23 10:17:02.686,8.82052,8.82124,1.50,1.35
2012.02.23 10:17:02.761,8.82033,8.82124,1.50,1.35
2012.02.23 10:17:02.978,8.82033,8.82112,1.50,1.27
2012.02.23 10:17:03.186,8.82033,8.82078,1.50,1.50
2012.02.23 10:17:03.258,8.82033,8.82124,1.50,1.35
2012.02.23 10:17:03.505,8.82022,8.82146,1.50,3.75
2012.02.23 10:17:05.597,8.82035,8.8216,1.50,2.25
2012.02.23 10:17:05.665,8.82009,8.82135,1.50,2.25
2012.02.23 10:17:05.734,8.82011,8.82135,1.50,2.25
2012.02.23 10:17:05.864,8.82002,8.82128,1.50,2.25
2012.02.23 10:17:05.934,8.82011,8.82128,1.50,2.25
2012.02.23 10:17:06.274,8.82044,8.8217,1.50,2.33
2012.02.23 10:17:06.872,8.82043,8.82169,1.50,2.33
2012.02.23 10:17:07.088,8.81987,8.82111,1.50,1.50
2012.02.23 10:17:07.226,8.82029,8.82111,1.50,1.50
2012.02.23 10:17:07.366,8.82055,8.82179,1.50,1.58
2012.02.23 10:17:07.496,8.82065,8.82189,1.50,1.58
2012.02.23 10:17:07.831,8.82072,8.82198,1.50,1.58
2012.02.23 10:17:08.797,8.82067,8.82193,1.50,2.33
2012.02.23 10:17:09.405,8.82059,8.82183,1.50,1.58
2012.02.23 10:17:09.961,8.82059,8.82183,1.50,1.58
2012.02.23 10:17:11.369,8.82067,8.82191,1.50,1.58
2012.02.23 10:17:11.930,8.82067,8.82191,1.50,1.58
2012.02.23 10:17:12.620,8.82067,8.82191,2.25,1.58
2012.02.23 10:17:12.693,8.82067,8.82191,2.25,1.50
2012.02.23 10:17:13.205,8.82068,8.82192,2.25,2.25
2012.02.23 10:17:14.883,8.82056,8.82182,2.25,1.50
2012.02.23 10:17:15.019,8.82056,8.82182,2.25,1.50
2012.02.23 10:17:16.584,8.82047,8.82171,2.25,1.50
2012.02.23 10:17:17.416,8.82054,8.82178,2.25,1.50
2012.02.23 10:17:18.025,8.82061,8.82187,1.50,1.58
2012.02.23 10:17:20.247,8.8207,8.82194,1.50,2.33
2012.02.23 10:17:20.965,8.82059,8.82185,1.50,1.58
2012.02.23 10:17:21.256,8.8205,8.82174,1.50,1.50
2012.02.23 10:17:21.935,8.8205,8.82174,2.25,1.50
2012.02.23 10:17:22.260,8.82064,8.8219,1.50,1.58
2012.02.23 10:17:23.120,8.82074,8.82198,1.50,2.33
2012.02.23 10:17:23.282,8.82065,8.82191,1.50,1.58
2012.02.23 10:17:24.189,8.82053,8.82179,2.25,1.50
2012.02.23 10:17:24.441,8.8223,8.82256,1.50,1.58
2012.02.23 10:17:25.040,8.8224,8.82265,1.50,1.13
2012.02.23 10:17:25.123,8.82203,8.82349,1.50,1.50
2012.02.23 10:17:25.685,8.82206,8.82332,2.25,1.50
2012.02.23 10:17:26.039,8.8219,8.82316,1.50,2.25
2012.02.23 10:17:26.114,8.82147,8.82271,1.50,1.50
2012.02.23 10:17:26.644,8.82147,8.82263,1.50,1.50
2012.02.23 10:17:27.341,8.82137,8.82263,2.25,1.50
2012.02.23 10:17:27.415,8.82137,8.82263,2.25,1.50
2012.02.23 10:17:27.544,8.82137,8.82263,2.25,1.50
2012.02.23 10:17:28.925,8.82137,8.82263,2.25,1.50
2012.02.23 10:17:29.208,8.82137,8.82252,1.50,2.10
2012.02.23 10:17:29.528,8.82113,8.82219,1.50,2.25
2012.02.23 10:17:29.597,8.82028,8.82181,3.00,1.50
2012.02.23 10:17:29.666,8.82109,8.82193,1.50,1.27
2012.02.23 10:17:30.290,8.82028,8.82186,3.00,2.25
2012.02.23 10:17:30.370,8.82042,8.82168,2.25,1.50
2012.02.23 10:17:30.514,8.8204,8.82166,1.50,2.02
2012.02.23 10:17:30.586,8.82032,8.82158,1.50,2.02
2012.02.23 10:17:30.730,8.81979,8.82103,2.25,1.50
2012.02.23 10:17:31.076,8.81979,8.82103,2.25,1.50
2012.02.23 10:17:32.083,8.81988,8.82114,2.25,1.50
2012.02.23 10:17:32.363,8.8198,8.82106,2.25,1.50
2012.02.23 10:17:33.065,8.81971,8.82097,2.25,1.50
2012.02.23 10:17:34.183,8.81954,8.82078,2.25,1.50
2012.02.23 10:17:34.559,8.81909,8.82035,2.25,1.50
2012.02.23 10:17:35.441,8.81902,8.82026,2.25,1.50
2012.02.23 10:17:36.069,8.81912,8.82036,2.25,1.50
2012.02.23 10:17:36.175,8.81901,8.82027,2.25,1.50
2012.02.23 10:17:37.097,8.81901,8.82025,2.25,1.50
2012.02.23 10:17:37.444,8.81893,8.82017,2.25,1.50
2012.02.23 10:17:37.696,8.81912,8.82036,2.25,1.50
2012.02.23 10:17:37.910,8.82002,8.82061,1.50,1.50
2012.02.23 10:17:38.506,8.82002,8.82128,1.50,1.50
2012.02.23 10:17:41.707,8.82002,8.82128,2.25,1.50
2012.02.23 10:17:41.779,8.82042,8.82152,1.50,1.50
2012.02.23 10:17:41.862,8.82042,8.82166,1.50,1.50
2012.02.23 10:17:41.949,8.82042,8.82166,2.25,1.50
2012.02.23 10:17:42.829,8.82037,8.82158,1.50,1.50
2012.02.23 10:17:43.767,8.82041,8.82167,2.25,1.50
2012.02.23 10:17:43.909,8.82054,8.8218,2.25,1.50
2012.02.23 10:17:44.636,8.82057,8.82181,1.50,1.50
2012.02.23 10:17:45.009,8.82052,8.82176,2.25,1.50
2012.02.23 10:17:46.554,8.82044,8.82168,2.25,1.50
2012.02.23 10:17:47.180,8.82051,8.82177,2.25,1.50
2012.02.23 10:17:48.206,8.82059,8.82185,1.50,1.50
2012.02.23 10:17:54.598,8.82069,8.82193,1.50,1.50
2012.02.23 10:17:56.860,8.8206,8.82186,1.50,1.50
2012.02.23 10:17:59.543,8.82044,8.8217,2.25,1.50
2012.02.23 10:17:59.617,8.82056,8.82182,1.50,1.50
2012.02.23 10:17:59.815,8.82064,8.8219,1.50,1.50
2012.02.23 10:18:00.121,8.82054,8.82178,2.25,1.50
2012.02.23 10:18:02.984,8.82045,8.82169,2.25,1.50
2012.02.23 10:18:03.696,8.82045,8.82169,2.25,1.50
2012.02.23 10:18:05.865,8.82059,8.82169,1.58,1.50
2012.02.23 10:18:05.935,8.82059,8.8218,1.58,1.50
2012.02.23 10:18:06.066,8.82077,8.8219,1.58,1.50
2012.02.23 10:18:06.386,8.82077,8.8219,1.58,1.50
2012.02.23 10:18:08.163,8.82084,8.82199,1.58,1.50
2012.02.23 10:18:08.245,8.82086,8.8221,2.33,1.50
2012.02.23 10:18:09.945,8.82128,8.8221,2.25,1.50
2012.02.23 10:18:10.810,8.82205,8.82342,1.50,1.34
2012.02.23 10:18:10.890,8.82131,8.82275,2.25,1.50
2012.02.23 10:18:11.755,8.82138,8.82284,2.25,1.58
2012.02.23 10:18:14.553,8.82138,8.82264,2.25,1.50
2012.02.23 10:18:15.726,8.82151,8.82277,2.25,1.50
2012.02.23 10:18:16.766,8.82151,8.82277,1.50,1.50
2012.02.23 10:18:16.837,8.82175,8.82299,1.50,2.25
2012.02.23 10:18:17.689,8.82175,8.82299,1.50,2.25
2012.02.23 10:18:20.225,8.82156,8.82282,1.50,2.25
2012.02.23 10:18:20.356,8.82156,8.82282,1.50,1.50
2012.02.23 10:18:20.425,8.82156,8.82282,2.33,1.50
2012.02.23 10:18:21.152,8.82174,8.82298,1.50,1.95
2012.02.23 10:18:21.247,8.82174,8.82298,1.50,2.03
2012.02.23 10:18:23.135,8.82166,8.8229,1.50,1.58
2012.02.23 10:18:24.820,8.82173,8.82299,1.50,2.03
2012.02.23 10:18:25.580,8.82173,8.82253,1.50,1.58
2012.02.23 10:18:25.663,8.82129,8.82253,2.25,1.58
2012.02.23 10:18:26.237,8.82131,8.82255,1.58,2.25
2012.02.23 10:18:26.315,8.82151,8.82255,1.58,1.50
2012.02.23 10:18:26.527,8.82151,8.82255,1.58,1.50
2012.02.23 10:18:26.672,8.82159,8.82285,2.33,1.53
2012.02.23 10:18:29.766,8.82173,8.82297,1.50,1.98
2012.02.23 10:18:30.028,8.82162,8.82288,1.95,1.53
2012.02.23 10:18:31.184,8.82138,8.82262,1.50,1.53
2012.02.23 10:18:31.758,8.82171,8.82276,1.50,1.23
2012.02.23 10:18:31.964,8.82164,8.82276,1.50,1.23
2012.02.23 10:18:33.792,8.8219,8.82316,1.50,1.50
2012.02.23 10:18:33.934,8.8219,8.82316,1.50,2.25
2012.02.23 10:18:34.445,8.8219,8.82316,1.50,1.50
2012.02.23 10:18:36.100,8.8219,8.82316,1.50,1.95
2012.02.23 10:18:36.177,8.8219,8.82315,1.50,1.20
2012.02.23 10:18:36.514,8.8219,8.82315,1.50,1.20
2012.02.23 10:18:37.452,8.822,8.8232,1.50,1.20
2012.02.23 10:18:37.568,8.822,8.8232,1.50,1.20
2012.02.23 10:18:37.995,8.82192,8.82316,1.50,2.25
2012.02.23 10:18:39.100,8.82192,8.82316,1.50,2.25
2012.02.23 10:18:39.395,8.822,8.82324,1.50,1.50
2012.02.23 10:18:39.467,8.822,8.82324,1.50,2.25
2012.02.23 10:18:39.539,8.82157,8.82281,1.50,1.50
2012.02.23 10:18:39.609,8.82148,8.82272,2.25,1.50
2012.02.23 10:18:39.972,8.82201,8.82323,1.50,1.50
2012.02.23 10:18:40.914,8.8219,8.82314,1.50,2.25
2012.02.23 10:18:41.497,8.8219,8.82314,1.50,2.25
2012.02.23 10:18:42.009,8.8219,8.82314,1.50,2.25
2012.02.23 10:18:42.996,8.8219,8.82314,1.50,2.25
2012.02.23 10:18:45.002,8.82181,8.82307,1.50,2.25
2012.02.23 10:18:45.143,8.82172,8.82298,1.50,2.25
2012.02.23 10:18:46.828,8.82147,8.82268,2.25,1.50
2012.02.23 10:18:46.899,8.82142,8.82268,1.50,1.50
2012.02.23 10:18:46.976,8.82134,8.82258,1.50,1.50
2012.02.23 10:18:47.798,8.82134,8.82258,1.50,2.25
2012.02.23 10:18:50.017,8.82183,8.82307,1.50,2.25
2012.02.23 10:18:50.085,8.8219,8.82316,1.50,2.25
2012.02.23 10:18:50.388,8.82199,8.82325,1.50,2.25
2012.02.23 10:18:51.019,8.82199,8.82325,1.50,2.25
2012.02.23 10:18:51.613,8.82207,8.82333,1.50,2.25
2012.02.23 10:18:52.177,8.82207,8.82333,1.50,2.25
2012.02.23 10:18:53.978,8.82207,8.82333,1.50,2.25
2012.02.23 10:18:59.152,8.82207,8.82333,1.50,2.25
2012.02.23 10:19:02.787,8.82207,8.82333,1.50,2.25
2012.02.23 10:19:03.644,8.82199,8.82325,1.50,2.25
2012.02.23 10:19:04.414,8.82192,8.82316,1.50,2.25
2012.02.23 10:19:06.074,8.82224,8.82343,1.50,1.50
2012.02.23 10:19:06.286,8.82224,8.82343,1.50,1.58
2012.02.23 10:19:07.262,8.82224,8.82343,1.50,1.20
2012.02.23 10:19:08.012,8.82224,8.82343,1.50,1.58
2012.02.23 10:19:08.346,8.82225,8.82343,1.50,1.20
2012.02.23 10:19:08.624,8.82225,8.8234,1.50,1.20
2012.02.23 10:19:08.723,8.82216,8.8234,1.50,1.20
2012.02.23 10:19:08.856,8.82202,8.82326,2.33,2.25
2012.02.23 10:19:08.926,8.82202,8.82326,1.95,2.25
2012.02.23 10:19:09.054,8.82214,8.82336,1.50,1.20
2012.02.23 10:19:10.640,8.82205,8.82331,2.33,2.25
2012.02.23 10:19:11.665,8.82205,8.82331,1.50,1.95
2012.02.23 10:19:13.081,8.82205,8.8233,1.50,1.20
2012.02.23 10:19:14.156,8.82205,8.82331,1.50,1.95
2012.02.23 10:19:14.309,8.82228,8.82343,1.50,1.58
2012.02.23 10:19:14.877,8.82228,8.82343,1.50,1.20
2012.02.23 10:19:16.545,8.8222,8.82343,1.50,1.20
2012.02.23 10:19:19.602,8.82213,8.82337,1.50,1.50
2012.02.23 10:19:23.618,8.82221,8.82343,1.50,1.20
2012.02.23 10:19:24.755,8.82206,8.8233,2.33,1.50
2012.02.23 10:19:24.839,8.82206,8.8233,1.50,1.50
2012.02.23 10:19:25.986,8.82206,8.8233,1.50,2.25
2012.02.23 10:19:30.364,8.82214,8.82336,1.50,1.20
2012.02.23 10:19:30.443,8.82214,8.82338,1.50,1.95
2012.02.23 10:19:30.517,8.82228,8.82343,1.50,2.33
2012.02.23 10:19:32.053,8.8222,8.82343,1.50,2.33
2012.02.23 10:19:32.431,8.8222,8.82336,1.50,1.20
2012.02.23 10:19:32.713,8.8222,8.82342,1.50,1.58
2012.02.23 10:19:32.915,8.8222,8.82343,2.33,1.50
2012.02.23 10:19:33.055,8.82237,8.82361,1.50,1.50
2012.02.23 10:19:36.198,8.82228,8.82354,2.33,1.50
2012.02.23 10:19:43.786,8.82225,8.82344,1.58,1.50
2012.02.23 10:19:44.570,8.8222,8.82344,2.25,2.33
2012.02.23 10:19:44.719,8.82205,8.82331,1.50,2.33
2012.02.23 10:19:44.866,8.82185,8.82309,1.20,1.50
2012.02.23 10:19:44.937,8.82183,8.82309,1.95,1.50
2012.02.23 10:19:45.010,8.82182,8.823,1.20,1.50
2012.02.23 10:19:45.418,8.82174,8.823,2.49,1.95
2012.02.23 10:19:45.627,8.82171,8.8229,1.44,1.50
2012.02.23 10:19:45.698,8.82166,8.8229,2.57,1.50
2012.02.23 10:19:46.658,8.82175,8.82301,1.74,2.25
2012.02.23 10:19:46.736,8.82185,8.82311,1.50,2.70
2012.02.23 10:19:47.009,8.82178,8.82302,1.74,2.25
2012.02.23 10:19:48.544,8.82187,8.82311,1.50,2.70
2012.02.23 10:19:49.348,8.82179,8.82303,1.50,2.25
2012.02.23 10:19:53.393,8.82187,8.82311,1.50,1.20
2012.02.23 10:19:56.205,8.82203,8.82311,1.50,1.20
2012.02.23 10:19:58.006,8.82228,8.82343,1.50,1.17
2012.02.23 10:19:58.075,8.82237,8.82363,1.50,1.92
2012.02.23 10:19:58.144,8.82246,8.82372,1.50,1.99
2012.02.23 10:19:58.807,8.82246,8.82372,1.50,1.99
2012.02.23 10:19:59.554,8.82246,8.82372,1.50,1.92
2012.02.23 10:20:00.078,8.82246,8.82372,1.50,1.92
2012.02.23 10:20:00.637,8.82246,8.82372,1.50,1.92
2012.02.23 10:20:01.390,8.82246,8.82372,1.50,1.50
2012.02.23 10:20:02.544,8.82255,8.82379,1.50,1.58
2012.02.23 10:20:03.527,8.82263,8.82383,1.50,1.58
2012.02.23 10:20:05.302,8.82254,8.82378,1.50,1.58
2012.02.23 10:20:06.161,8.82262,8.82383,1.50,1.58
2012.02.23 10:20:06.994,8.82253,8.82379,1.50,1.58
2012.02.23 10:20:10.543,8.82253,8.82379,1.50,1.50
2012.02.23 10:20:15.727,8.82253,8.82379,1.50,2.25
2012.02.23 10:20:16.051,8.82246,8.8237,1.50,2.25
2012.02.23 10:20:16.200,8.82246,8.8237,1.50,1.50
2012.02.23 10:20:20.386,8.82246,8.82304,1.50,2.10
2012.02.23 10:20:20.715,8.82082,8.82218,1.50,2.25
2012.02.23 10:20:20.790,8.82027,8.82173,1.50,1.50
2012.02.23 10:20:20.865,8.82027,8.82173,2.25,2.25
2012.02.23 10:20:21.128,8.82056,8.82173,1.74,1.50
2012.02.23 10:20:21.836,8.82113,8.82237,1.50,1.50
2012.02.23 10:20:26.944,8.82166,8.82237,1.50,1.50
2012.02.23 10:20:27.015,8.82187,8.82262,1.50,1.50
2012.02.23 10:20:27.086,8.82205,8.82329,1.50,1.50
2012.02.23 10:20:27.158,8.82213,8.82333,1.50,1.50
2012.02.23 10:20:27.360,8.82206,8.8233,1.50,1.50
2012.02.23 10:20:27.945,8.82214,8.82333,1.50,1.50
2012.02.23 10:20:28.705,8.82214,8.82333,1.50,1.50
2012.02.23 10:20:29.667,8.82214,8.82333,1.50,1.50
2012.02.23 10:20:30.180,8.82214,8.82333,1.50,1.50
2012.02.23 10:20:30.975,8.82214,8.82333,1.50,1.50
2012.02.23 10:20:33.996,8.82214,8.82333,1.50,1.50
2012.02.23 10:20:37.207,8.822,8.82326,1.50,2.25
2012.02.23 10:20:37.616,8.82208,8.82333,1.50,1.50
2012.02.23 10:20:43.903,8.82217,8.82333,1.50,1.50
2012.02.23 10:20:50.696,8.82209,8.82333,1.50,3.00
2012.02.23 10:20:53.426,8.82201,8.82325,1.50,2.25
2012.02.23 10:20:53.505,8.82201,8.82325,1.50,2.25
2012.02.23 10:20:54.962,8.82212,8.82333,1.50,1.50
2012.02.23 10:20:57.425,8.82212,8.82333,1.74,1.50
2012.02.23 10:20:57.559,8.82236,8.8236,1.50,2.25
2012.02.23 10:20:58.120,8.82244,8.82368,1.50,2.25
2012.02.23 10:20:58.202,8.82244,8.82368,1.50,2.25
2012.02.23 10:20:58.435,8.82244,8.82368,1.50,1.50
2012.02.23 10:20:59.054,8.82244,8.82368,1.50,2.25
2012.02.23 10:20:59.402,8.82244,8.82368,1.50,1.50
2012.02.23 10:20:59.748,8.82262,8.82373,1.50,1.50
2012.02.23 10:21:00.386,8.82274,8.82391,1.50,1.20
2012.02.23 10:21:02.129,8.82274,8.82391,1.74,1.20
2012.02.23 10:21:02.995,8.82285,8.82411,1.50,2.25
2012.02.23 10:21:03.078,8.82272,8.82396,1.50,2.25
2012.02.23 10:21:03.204,8.82272,8.82396,1.50,2.25
2012.02.23 10:21:04.570,8.82283,8.82409,1.50,2.25
2012.02.23 10:21:05.240,8.82275,8.82401,1.50,2.25
2012.02.23 10:21:05.862,8.82284,8.82408,1.50,2.25
2012.02.23 10:21:06.076,8.82276,8.824,1.50,2.25
2012.02.23 10:21:07.243,8.82276,8.824,1.50,2.25
2012.02.23 10:21:07.320,8.82268,8.82392,1.50,2.25
2012.02.23 10:21:07.457,8.8226,8.82384,1.50,2.25
2012.02.23 10:21:09.616,8.8225,8.82374,1.50,2.25
2012.02.23 10:21:12.031,8.82227,8.82353,2.25,1.50
2012.02.23 10:21:12.297,8.82227,8.82331,2.25,1.50
2012.02.23 10:21:12.650,8.82227,8.8233,1.50,2.25
2012.02.23 10:21:13.272,8.82188,8.82314,1.50,2.25
2012.02.23 10:21:17.610,8.82198,8.82324,1.50,2.25
2012.02.23 10:21:18.858,8.8219,8.82316,1.50,2.25
2012.02.23 10:21:19.139,8.82182,8.82308,1.50,2.25
2012.02.23 10:21:22.828,8.82199,8.82323,1.50,2.25
2012.02.23 10:21:23.576,8.82186,8.8231,1.50,2.25
2012.02.23 10:21:24.177,8.82196,8.8232,1.50,2.25
2012.02.23 10:21:24.309,8.82184,8.82308,1.50,2.25
2012.02.23 10:21:24.753,8.82216,8.82333,1.50,1.50
2012.02.23 10:21:25.066,8.82225,8.82349,1.50,2.25
2012.02.23 10:21:26.721,8.82235,8.82359,1.50,2.25
2012.02.23 10:21:30.077,8.82243,8.82369,1.50,2.25
2012.02.23 10:21:31.925,8.82236,8.8236,1.50,2.25
2012.02.23 10:21:34.952,8.82222,8.82348,1.50,2.25
2012.02.23 10:21:36.235,8.82212,8.82338,1.50,1.50
2012.02.23 10:21:36.313,8.82221,8.82345,1.50,2.25
2012.02.23 10:21:43.241,8.82211,8.82335,2.33,1.50
2012.02.23 10:21:44.640,8.82219,8.82343,1.95,3.00
2012.02.23 10:21:44.717,8.82227,8.82343,1.50,1.50
2012.02.23 10:21:45.160,8.82219,8.82343,1.95,3.00
2012.02.23 10:21:47.255,8.82227,8.82343,1.50,1.50
2012.02.23 10:21:48.559,8.82237,8.82343,1.50,1.50
2012.02.23 10:21:54.844,8.82229,8.82343,1.50,1.50
2012.02.23 10:22:00.780,8.82219,8.82343,1.95,3.00
2012.02.23 10:22:01.937,8.82227,8.82343,1.50,1.50
2012.02.23 10:22:03.417,8.82227,8.82342,1.50,1.50
2012.02.23 10:22:03.607,8.82216,8.82342,2.33,3.00
2012.02.23 10:22:03.677,8.82216,8.82342,2.33,3.00
2012.02.23 10:22:04.297,8.82216,8.82342,2.33,3.00
2012.02.23 10:22:06.690,8.82225,8.82342,1.50,1.50
2012.02.23 10:22:11.616,8.82234,8.82342,1.50,1.50
2012.02.23 10:22:16.670,8.82233,8.82342,1.50,1.50
2012.02.23 10:22:38.386,8.82224,8.8235,1.50,2.70
2012.02.23 10:22:39.037,8.82216,8.82342,2.33,2.25
2012.02.23 10:22:39.108,8.82216,8.82342,2.33,2.25
2012.02.23 10:22:39.415,8.82243,8.82367,2.33,2.25
2012.02.23 10:22:39.484,8.82243,8.82367,2.33,2.25
2012.02.23 10:22:41.126,8.8225,8.82376,2.33,2.25
2012.02.23 10:22:43.111,8.8225,8.82376,2.33,2.25
2012.02.23 10:22:47.026,8.82249,8.82375,2.33,2.25
2012.02.23 10:22:51.693,8.82267,8.82382,1.50,1.50
2012.02.23 10:22:53.476,8.82255,8.82381,2.33,2.25
2012.02.23 10:22:56.866,8.82255,8.82381,2.33,2.25
2012.02.23 10:22:58.110,8.82255,8.82381,2.33,2.25
2012.02.23 10:22:58.187,8.82264,8.82382,1.50,1.50
2012.02.23 10:22:58.445,8.82264,8.82382,1.50,1.50
2012.02.23 10:23:01.665,8.82264,8.82382,1.50,1.50
2012.02.23 10:23:02.816,8.82276,8.82382,1.50,1.50
2012.02.23 10:23:04.196,8.82268,8.82382,1.50,1.50
2012.02.23 10:23:05.778,8.82268,8.82382,1.50,1.50
2012.02.23 10:23:06.428,8.82269,8.82382,1.50,1.50
2012.02.23 10:23:08.014,8.82261,8.82382,1.95,1.50
2012.02.23 10:23:09.955,8.82261,8.82382,1.95,1.50
2012.02.23 10:23:10.498,8.82254,8.8238,2.33,2.25
2012.02.23 10:23:17.174,8.82268,8.82382,1.50,1.50
2012.02.23 10:23:20.436,8.82259,8.82382,1.95,1.50
2012.02.23 10:23:23.083,8.82273,8.82382,1.50,1.50
2012.02.23 10:23:23.167,8.82264,8.82382,1.50,1.50
2012.02.23 10:23:25.010,8.82253,8.82379,2.33,2.25
2012.02.23 10:23:25.414,8.82257,8.82379,1.58,1.50
2012.02.23 10:23:25.487,8.82284,8.82403,2.33,2.25
2012.02.23 10:23:25.616,8.82284,8.82408,2.33,1.50
2012.02.23 10:23:25.685,8.8227,8.82394,2.33,1.50
2012.02.23 10:23:25.755,8.8227,8.82394,2.33,1.50
2012.02.23 10:23:26.569,8.8227,8.82394,1.95,1.50
2012.02.23 10:23:26.956,8.82287,8.82413,2.33,1.50
2012.02.23 10:23:29.332,8.82299,8.82423,1.50,2.25
2012.02.23 10:23:29.411,8.82299,8.82422,1.50,2.33
2012.02.23 10:23:29.751,8.82299,8.82401,1.50,1.20
2012.02.23 10:23:29.963,8.82281,8.82401,1.50,1.20
2012.02.23 10:23:30.637,8.82279,8.82401,1.50,1.20
2012.02.23 10:23:34.037,8.82271,8.82392,1.50,1.50
2012.02.23 10:23:34.474,8.82271,8.82392,1.50,1.50
2012.02.23 10:23:42.534,8.82271,8.82392,1.50,1.50
2012.02.23 10:23:42.605,8.82271,8.82392,1.50,1.20
2012.02.23 10:23:42.793,8.82271,8.82391,1.50,1.20
2012.02.23 10:23:44.013,8.82271,8.82383,1.50,1.50
2012.02.23 10:23:46.454,8.82271,8.82383,1.50,1.50
2012.02.23 10:23:46.640,8.82262,8.82383,1.50,1.50
2012.02.23 10:23:46.720,8.8227,8.82383,1.50,1.50
2012.02.23 10:23:46.869,8.8226,8.82383,1.95,1.50
2012.02.23 10:23:49.504,8.82267,8.82383,1.50,1.50
2012.02.23 10:24:14.049,8.82243,8.82342,2.33,1.50
2012.02.23 10:24:14.131,8.82262,8.82383,1.50,1.50
2012.02.23 10:24:15.975,8.82262,8.82383,1.50,1.50
2012.02.23 10:24:17.134,8.82262,8.82383,1.50,1.50
2012.02.23 10:24:18.359,8.82271,8.82383,1.50,1.50
2012.02.23 10:24:19.400,8.82271,8.82383,1.50,1.50
2012.02.23 10:24:20.815,8.82284,8.82383,1.50,1.50
2012.02.23 10:24:22.330,8.82277,8.82383,1.50,1.50
2012.02.23 10:24:25.133,8.82277,8.82401,1.50,2.25
2012.02.23 10:24:25.208,8.82285,8.82409,1.50,2.25
2012.02.23 10:24:25.334,8.82285,8.82409,1.50,1.50
2012.02.23 10:24:25.880,8.82296,8.82422,1.50,1.50
2012.02.23 10:24:27.171,8.8231,8.82436,1.50,2.25
2012.02.23 10:24:28.626,8.82303,8.82427,1.50,2.25
2012.02.23 10:24:34.053,8.82311,8.82437,1.50,2.25
2012.02.23 10:24:35.956,8.82318,8.82442,1.50,2.25
2012.02.23 10:24:37.600,8.82326,8.8245,1.50,2.25
2012.02.23 10:24:37.752,8.82318,8.82442,1.50,2.25
2012.02.23 10:24:41.188,8.82298,8.82424,1.50,2.25
2012.02.23 10:24:43.677,8.82279,8.82403,1.50,1.50
2012.02.23 10:24:44.111,8.82306,8.82429,1.50,2.25
2012.02.23 10:24:48.212,8.82318,8.82444,1.50,2.25
2012.02.23 10:24:49.915,8.82311,8.82435,1.50,2.25
2012.02.23 10:24:51.815,8.82311,8.82408,1.50,2.10
2012.02.23 10:24:52.005,8.82175,8.82319,2.25,2.25
2012.02.23 10:24:52.206,8.82259,8.82369,1.50,1.50
2012.02.23 10:24:52.277,8.82259,8.82373,1.50,2.02
2012.02.23 10:24:52.352,8.82259,8.82405,1.50,2.02
2012.02.23 10:24:52.429,8.82276,8.8242,1.50,2.25
2012.02.23 10:24:57.898,8.82278,8.82402,1.50,1.50
2012.02.23 10:24:59.197,8.82286,8.8241,1.50,1.50
2012.02.23 10:24:59.979,8.82295,8.82413,1.50,1.27
2012.02.23 10:25:00.665,8.82283,8.82409,1.50,1.50
2012.02.23 10:25:02.938,8.82273,8.82399,1.50,1.50
2012.02.23 10:25:03.239,8.82266,8.8239,1.50,1.50
2012.02.23 10:25:05.216,8.82274,8.824,1.50,1.50
2012.02.23 10:25:06.856,8.82283,8.82407,1.50,2.25
2012.02.23 10:25:10.959,8.82283,8.824,1.50,1.20
2012.02.23 10:25:11.285,8.82274,8.82398,1.50,2.25
2012.02.23 10:25:12.899,8.82279,8.824,1.50,1.20
2012.02.23 10:25:13.595,8.82287,8.824,1.50,1.20
2012.02.23 10:25:13.894,8.82278,8.824,1.50,1.20
2012.02.23 10:25:21.976,8.82267,8.82391,1.95,1.50
2012.02.23 10:25:22.176,8.82275,8.824,1.50,1.20
2012.02.23 10:25:23.727,8.82286,8.824,1.50,1.20
2012.02.23 10:25:24.220,8.82278,8.824,1.50,1.20
2012.02.23 10:25:28.461,8.82268,8.82394,1.95,2.25
2012.02.23 10:25:30.496,8.8226,8.82386,2.33,1.50
2012.02.23 10:25:31.996,8.82269,8.82393,1.95,2.25
2012.02.23 10:25:37.212,8.82278,8.824,1.50,1.20
2012.02.23 10:25:38.618,8.82278,8.82402,2.33,2.25
2012.02.23 10:25:38.816,8.82278,8.82402,2.33,1.50
2012.02.23 10:25:42.911,8.82286,8.82412,1.50,1.50
2012.02.23 10:25:45.926,8.82286,8.82412,1.50,1.95
2012.02.23 10:25:46.246,8.82279,8.82403,1.95,1.50
2012.02.23 10:25:48.656,8.82271,8.82395,2.33,1.50
2012.02.23 10:25:51.893,8.82257,8.82383,1.95,1.50
2012.02.23 10:25:51.968,8.82249,8.82373,2.33,1.50
2012.02.23 10:25:53.089,8.82262,8.82383,1.50,1.50
2012.02.23 10:25:53.839,8.82277,8.82401,2.33,1.50
2012.02.23 10:25:53.915,8.82277,8.82401,1.50,2.33
2012.02.23 10:25:54.065,8.82276,8.82395,1.50,1.20
2012.02.23 10:25:54.840,8.82263,8.82389,1.95,1.50
2012.02.23 10:25:55.569,8.82291,8.82415,1.95,1.50
2012.02.23 10:25:57.912,8.82275,8.82401,1.50,2.70
2012.02.23 10:26:00.035,8.8228,8.82406,1.50,1.95
2012.02.23 10:26:00.248,8.8228,8.82405,1.50,1.20
2012.02.23 10:26:01.302,8.82272,8.82398,1.95,1.50
2012.02.23 10:26:06.833,8.82272,8.82398,1.50,1.50
2012.02.23 10:26:14.370,8.82264,8.8239,2.33,1.50
2012.02.23 10:26:18.946,8.82264,8.8239,2.33,1.50
2012.02.23 10:26:19.090,8.82283,8.82409,2.33,1.50
2012.02.23 10:26:19.167,8.82283,8.82409,1.95,1.50
2012.02.23 10:26:19.236,8.82283,8.82409,1.95,2.25
2012.02.23 10:26:19.914,8.82265,8.82391,2.33,1.50
2012.02.23 10:26:20.260,8.8227,8.82396,2.33,1.50
2012.02.23 10:26:20.920,8.82259,8.82383,2.33,1.50
2012.02.23 10:26:21.422,8.82274,8.824,2.33,1.50
2012.02.23 10:26:21.571,8.82264,8.82388,2.33,1.50
2012.02.23 10:26:23.084,8.82264,8.82388,2.33,1.50
2012.02.23 10:26:25.394,8.82248,8.82372,2.33,1.50
2012.02.23 10:26:26.271,8.82238,8.82357,1.58,1.50
2012.02.23 10:26:26.537,8.8224,8.82366,2.33,1.50
2012.02.23 10:26:27.707,8.82249,8.82373,2.33,1.50
2012.02.23 10:26:29.845,8.82249,8.82373,2.33,2.25
2012.02.23 10:26:29.916,8.82249,8.82373,2.33,2.25
2012.02.23 10:26:31.088,8.82246,8.82372,2.33,2.25
2012.02.23 10:26:35.200,8.82246,8.82372,2.33,2.25
2012.02.23 10:26:35.413,8.82256,8.82382,2.33,1.50
2012.02.23 10:26:35.968,8.82268,8.82393,1.95,1.50
2012.02.23 10:26:37.046,8.8226,8.82386,2.33,2.25
2012.02.23 10:26:37.861,8.8226,8.82386,1.50,2.25
2012.02.23 10:26:37.938,8.82231,8.82357,1.50,1.50
2012.02.23 10:26:38.011,8.82222,8.82346,2.25,1.50
2012.02.23 10:26:38.085,8.82222,8.82346,1.50,1.50
2012.02.23 10:26:38.216,8.82203,8.82329,1.50,1.50
2012.02.23 10:26:38.347,8.82166,8.8229,1.50,1.50
2012.02.23 10:26:38.799,8.82158,8.82282,1.50,1.50
2012.02.23 10:26:39.635,8.82144,8.82268,1.50,1.50
2012.02.23 10:26:40.915,8.82133,8.82257,1.50,1.50
2012.02.23 10:26:44.513,8.82124,8.8225,1.50,1.50
2012.02.23 10:26:45.529,8.82143,8.82269,1.50,1.50
2012.02.23 10:26:45.994,8.82143,8.82269,1.50,2.25
2012.02.23 10:26:49.216,8.82136,8.8226,1.50,1.50
2012.02.23 10:26:50.059,8.82143,8.82269,1.50,2.25
2012.02.23 10:26:52.659,8.82124,8.8225,1.50,1.95
2012.02.23 10:26:52.724,8.82124,8.82246,1.50,1.20
2012.02.23 10:26:53.227,8.82115,8.82211,1.50,1.20
2012.02.23 10:26:54.533,8.82106,8.82201,1.50,1.20
2012.02.23 10:26:55.087,8.82097,8.82201,1.50,1.20
2012.02.23 10:26:55.371,8.82108,8.82201,1.50,1.20
2012.02.23 10:26:55.728,8.82099,8.82192,1.50,1.20
2012.02.23 10:26:56.035,8.82099,8.8219,1.50,1.20
2012.02.23 10:27:10.005,8.82092,8.8219,1.50,1.20
2012.02.23 10:27:20.377,8.82074,8.8219,1.50,1.20
2012.02.23 10:27:21.809,8.82082,8.8219,1.50,1.20
2012.02.23 10:27:23.067,8.82082,8.82202,1.50,1.58
2012.02.23 10:27:25.982,8.82073,8.82197,1.50,2.33
2012.02.23 10:27:26.607,8.82073,8.8219,1.50,1.20
2012.02.23 10:27:27.263,8.82081,8.8219,1.50,1.20
2012.02.23 10:27:28.746,8.82092,8.82203,1.50,1.58
2012.02.23 10:27:31.603,8.82092,8.8219,1.50,1.05
2012.02.23 10:27:31.740,8.82033,8.82157,1.50,1.50
2012.02.23 10:27:34.088,8.82024,8.8215,1.50,1.50
2012.02.23 10:27:35.072,8.82014,8.8214,1.50,1.50
2012.02.23 10:27:35.954,8.82022,8.82148,1.50,1.50
2012.02.23 10:27:39.263,8.82014,8.8214,1.50,1.50
2012.02.23 10:27:39.679,8.82022,8.82148,1.50,1.50
2012.02.23 10:27:40.067,8.82033,8.82159,1.50,2.25
2012.02.23 10:27:41.813,8.82024,8.8215,1.50,1.50
2012.02.23 10:27:45.510,8.82015,8.82141,1.50,1.50
2012.02.23 10:27:48.228,8.82015,8.82141,2.25,1.50
2012.02.23 10:27:49.243,8.82025,8.82149,1.50,1.50
2012.02.23 10:27:49.325,8.82035,8.82159,1.50,1.50
2012.02.23 10:27:50.130,8.82026,8.82152,1.50,1.50
2012.02.23 10:27:51.218,8.82018,8.82144,2.25,1.50
2012.02.23 10:27:52.203,8.82018,8.82144,2.25,2.25
2012.02.23 10:27:53.089,8.82008,8.82132,2.25,1.50
2012.02.23 10:27:55.352,8.82015,8.82141,2.25,1.50
2012.02.23 10:27:56.676,8.82006,8.8213,2.25,1.50
2012.02.23 10:28:00.094,8.8202,8.82144,1.50,2.25
2012.02.23 10:28:02.090,8.82016,8.82142,2.25,2.25
2012.02.23 10:28:04.957,8.82016,8.82142,2.25,2.25
2012.02.23 10:28:06.112,8.82008,8.82134,2.25,1.50
2012.02.23 10:28:06.187,8.81857,8.82006,3.24,2.10
2012.02.23 10:28:06.506,8.81791,8.82022,1.74,3.00
2012.02.23 10:28:06.575,8.81789,8.81953,1.50,1.50
2012.02.23 10:28:06.646,8.81859,8.81978,1.50,2.25
2012.02.23 10:28:06.714,8.81859,8.82025,1.50,2.25
2012.02.23 10:28:07.332,8.81821,8.81945,1.50,1.50
2012.02.23 10:28:07.530,8.81811,8.81935,1.50,1.50
2012.02.23 10:28:07.867,8.816,8.81851,2.25,1.95
2012.02.23 10:28:07.935,8.816,8.81851,2.25,2.55
2012.02.23 10:28:08.007,8.816,8.81851,2.25,2.55
2012.02.23 10:28:08.137,8.81601,8.81767,2.25,1.50
2012.02.23 10:28:08.210,8.81618,8.81784,2.25,1.50
2012.02.23 10:28:08.419,8.81623,8.81789,2.25,1.50
2012.02.23 10:28:08.547,8.81623,8.81776,2.25,1.50
2012.02.23 10:28:08.896,8.81639,8.81785,2.25,1.50
2012.02.23 10:28:09.149,8.81613,8.81737,2.25,1.50
2012.02.23 10:28:10.084,8.81602,8.81737,2.25,1.50
2012.02.23 10:28:10.566,8.81599,8.81728,2.25,1.50
2012.02.23 10:28:11.537,8.81599,8.81728,2.25,1.50
2012.02.23 10:28:12.713,8.81595,8.81719,2.25,1.50
2012.02.23 10:28:18.165,8.81587,8.81711,2.25,1.50
2012.02.23 10:28:19.594,8.81579,8.81703,2.25,1.50
2012.02.23 10:28:22.144,8.81588,8.81715,2.25,1.50
2012.02.23 10:28:22.478,8.81599,8.81726,2.25,1.50
2012.02.23 10:28:22.936,8.81599,8.81726,2.25,1.50
2012.02.23 10:28:23.139,8.81599,8.81726,2.25,1.50
2012.02.23 10:28:23.326,8.81583,8.81718,2.25,1.50
2012.02.23 10:28:24.053,8.81591,8.81718,2.25,1.50
2012.02.23 10:28:25.367,8.81578,8.81703,2.25,1.50
2012.02.23 10:28:26.564,8.81585,8.81712,2.25,1.50
2012.02.23 10:28:27.111,8.81595,8.81722,2.25,1.50
2012.02.23 10:28:28.009,8.81587,8.81714,2.25,1.50
2012.02.23 10:28:28.913,8.81596,8.8172,2.25,1.50
2012.02.23 10:28:36.305,8.81583,8.81707,2.25,1.50
2012.02.23 10:28:38.307,8.81571,8.81697,2.25,1.50
2012.02.23 10:28:40.608,8.81562,8.81686,2.25,1.50
2012.02.23 10:28:42.176,8.81708,8.81732,2.25,1.50
2012.02.23 10:28:42.376,8.81775,8.81939,1.50,2.25
2012.02.23 10:28:42.445,8.81775,8.81939,1.50,2.02
2012.02.23 10:28:42.755,8.81576,8.81747,1.35,1.50
2012.02.23 10:28:42.824,8.81576,8.81747,1.35,1.50
2012.02.23 10:28:42.969,8.81581,8.81765,2.49,1.50
2012.02.23 10:28:43.159,8.81645,8.81829,2.25,1.50
2012.02.23 10:28:43.518,8.81654,8.8184,2.25,1.50
2012.02.23 10:28:44.230,8.81548,8.81712,2.25,1.50
2012.02.23 10:28:44.568,8.81522,8.81686,1.50,1.50
2012.02.23 10:28:45.029,8.81541,8.81705,2.25,1.50
2012.02.23 10:28:46.947,8.81569,8.81693,2.25,1.50
2012.02.23 10:28:47.015,8.8156,8.81686,2.25,1.50
2012.02.23 10:28:48.855,8.81561,8.81685,2.25,1.50
2012.02.23 10:28:49.206,8.81542,8.81668,1.50,1.50
2012.02.23 10:28:50.276,8.81535,8.81659,1.50,1.50
2012.02.23 10:28:50.976,8.81553,8.81679,2.25,1.50
2012.02.23 10:28:58.799,8.81569,8.81695,2.25,1.50
2012.02.23 10:28:58.933,8.81561,8.81687,2.25,1.50
2012.02.23 10:28:59.554,8.81464,8.81625,2.25,1.50
2012.02.23 10:28:59.930,8.81464,8.81625,2.25,1.50
2012.02.23 10:29:00.120,8.81523,8.81649,2.25,1.50
2012.02.23 10:29:05.007,8.81532,8.81658,2.25,1.50
2012.02.23 10:29:05.797,8.81524,8.8165,2.25,1.50
2012.02.23 10:29:06.217,8.81538,8.81664,2.25,1.50
2012.02.23 10:29:07.716,8.81538,8.81664,2.25,1.50
2012.02.23 10:29:09.177,8.81538,8.81664,2.25,1.50
2012.02.23 10:29:11.969,8.81526,8.81652,2.25,1.50
2012.02.23 10:29:12.927,8.81524,8.8165,2.25,1.50
2012.02.23 10:29:13.427,8.81533,8.81659,2.25,1.50
2012.02.23 10:29:13.558,8.8152,8.81646,2.25,1.50
2012.02.23 10:29:13.958,8.8152,8.81646,2.25,1.50
2012.02.23 10:29:15.076,8.81532,8.81658,2.25,1.50
2012.02.23 10:29:15.156,8.81522,8.81648,2.25,1.50
2012.02.23 10:29:16.018,8.81535,8.81661,2.25,1.50
2012.02.23 10:29:16.089,8.81526,8.81652,2.25,1.50
2012.02.23 10:29:17.237,8.8153,8.81656,2.25,1.50
2012.02.23 10:29:18.817,8.8154,8.81664,2.25,1.50
2012.02.23 10:29:19.049,8.81551,8.81675,2.25,1.50
2012.02.23 10:29:20.844,8.81542,8.81668,2.25,1.50
2012.02.23 10:29:22.752,8.81534,8.81658,2.25,1.50
2012.02.23 10:29:23.005,8.81543,8.81669,2.25,1.50
2012.02.23 10:29:23.306,8.81552,8.81676,2.25,1.50
2012.02.23 10:29:23.377,8.81542,8.81668,2.25,1.50
2012.02.23 10:29:24.793,8.81542,8.81668,2.25,1.50
2012.02.23 10:29:24.865,8.81531,8.81657,2.25,1.50
2012.02.23 10:29:28.754,8.81539,8.81665,2.25,1.50
2012.02.23 10:29:29.176,8.8155,8.81674,2.25,1.50
2012.02.23 10:29:35.588,8.81541,8.81667,2.25,1.50
2012.02.23 10:29:38.575,8.8155,8.81676,2.25,1.50
2012.02.23 10:29:39.684,8.8155,8.81676,2.25,1.50
2012.02.23 10:29:39.873,8.8155,8.81676,2.25,1.50
2012.02.23 10:29:41.066,8.81559,8.81683,2.25,1.50
2012.02.23 10:29:41.310,8.8157,8.81696,2.25,1.50
2012.02.23 10:29:41.666,8.81559,8.81685,2.25,1.50
2012.02.23 10:29:44.423,8.81576,8.817,1.50,1.50
2012.02.23 10:29:47.476,8.81567,8.81691,2.25,1.50
2012.02.23 10:29:50.309,8.81556,8.8168,2.25,1.50
2012.02.23 10:29:58.909,8.81566,8.8169,2.25,1.50
2012.02.23 10:29:59.045,8.81575,8.81701,1.50,1.50
2012.02.23 10:29:59.805,8.81565,8.81689,2.25,1.50
2012.02.23 10:30:06.573,8.81543,8.81667,2.25,1.50
2012.02.23 10:30:06.648,8.81551,8.81675,2.25,1.50
2012.02.23 10:30:07.035,8.81565,8.81689,2.25,1.50
2012.02.23 10:30:07.602,8.81565,8.81689,2.25,1.50
2012.02.23 10:30:08.289,8.81649,8.81845,2.49,2.25
2012.02.23 10:30:08.560,8.81734,8.81878,2.25,1.50
2012.02.23 10:30:09.389,8.81741,8.81867,2.25,1.50
2012.02.23 10:30:10.877,8.81755,8.81879,2.25,1.50
2012.02.23 10:30:11.027,8.81768,8.81894,1.50,2.25
2012.02.23 10:30:11.488,8.81768,8.81894,1.74,1.50
2012.02.23 10:30:12.084,8.81867,8.81993,1.74,2.25
2012.02.23 10:30:12.170,8.81867,8.81993,1.74,1.50
2012.02.23 10:30:15.530,8.8195,8.82017,1.50,2.25
2012.02.23 10:30:15.787,8.8197,8.82096,2.25,2.25
2012.02.23 10:30:15.929,8.8197,8.82052,2.25,2.25
2012.02.23 10:30:16.069,8.81923,8.82044,1.50,2.02
2012.02.23 10:30:16.839,8.81923,8.81979,1.50,1.50
2012.02.23 10:30:16.926,8.81828,8.81954,2.25,1.50
2012.02.23 10:30:17.480,8.81828,8.81952,2.25,1.50
2012.02.23 10:30:17.997,8.81828,8.81952,1.50,1.50
2012.02.23 10:30:18.068,8.81757,8.81881,1.74,1.50
2012.02.23 10:30:18.257,8.81738,8.81864,1.50,1.50
2012.02.23 10:30:18.326,8.81738,8.81864,2.25,1.50
2012.02.23 10:30:19.194,8.81738,8.81864,2.25,1.50
2012.02.23 10:30:19.527,8.81731,8.81855,2.25,1.50
2012.02.23 10:30:19.872,8.81728,8.81847,1.50,1.50
2012.02.23 10:30:20.206,8.81747,8.81861,1.35,1.50
2012.02.23 10:30:20.277,8.81747,8.81861,1.35,1.50
2012.02.23 10:30:20.347,8.81747,8.81847,1.35,1.50
2012.02.23 10:30:20.418,8.81747,8.81856,1.35,1.50
2012.02.23 10:30:20.483,8.81747,8.81881,1.59,1.50
2012.02.23 10:30:20.617,8.81852,8.81881,1.74,1.50
2012.02.23 10:30:20.687,8.81852,8.82018,1.74,1.50
2012.02.23 10:30:21.751,8.81904,8.82028,1.50,2.25
2012.02.23 10:30:21.829,8.81904,8.82028,1.50,1.50
2012.02.23 10:30:22.437,8.81723,8.81887,1.50,1.50
2012.02.23 10:30:22.748,8.8171,8.81874,1.50,1.50
2012.02.23 10:30:23.697,8.81838,8.81874,2.25,2.25
2012.02.23 10:30:23.764,8.81857,8.82045,3.75,1.50
2012.02.23 10:30:23.836,8.81939,8.82103,2.25,1.50
2012.02.23 10:30:24.047,8.81939,8.82103,2.25,2.25
2012.02.23 10:30:24.883,8.82025,8.82089,2.10,1.50
2012.02.23 10:30:24.968,8.82025,8.82103,2.34,1.50
2012.02.23 10:30:25.039,8.82057,8.82248,1.59,1.50
2012.02.23 10:30:25.167,8.82081,8.82225,2.25,1.50
2012.02.23 10:30:25.268,8.82081,8.82225,1.50,1.50
2012.02.23 10:30:26.535,8.82081,8.82192,1.50,1.27
2012.02.23 10:30:26.946,8.82037,8.8214,1.35,1.50
2012.02.23 10:30:29.999,8.82037,8.8215,1.35,1.50
2012.02.23 10:30:30.142,8.82037,8.82142,1.35,1.50
2012.02.23 10:30:30.249,8.82037,8.82151,1.35,1.50
2012.02.23 10:30:32.410,8.82037,8.8216,1.35,1.50
2012.02.23 10:30:32.799,8.82037,8.8215,1.35,1.50
2012.02.23 10:30:33.953,8.82037,8.82141,1.35,1.50
2012.02.23 10:30:34.035,8.82037,8.82137,1.35,1.50
2012.02.23 10:30:34.966,8.82037,8.8215,1.35,1.50
2012.02.23 10:30:35.133,8.82037,8.8216,1.35,1.50
2012.02.23 10:30:38.891,8.82044,8.82168,2.10,1.50
2012.02.23 10:30:45.489,8.82056,8.8218,2.10,1.50
2012.02.23 10:30:46.208,8.82044,8.82168,2.10,1.50
2012.02.23 10:30:48.180,8.82037,8.8216,1.35,1.50
2012.02.23 10:30:50.761,8.82056,8.82182,2.10,1.50
2012.02.23 10:30:50.977,8.82048,8.82174,2.10,1.50
2012.02.23 10:30:52.504,8.82038,8.82162,2.10,1.50
2012.02.23 10:30:53.719,8.82051,8.82175,2.10,1.50
2012.02.23 10:30:55.014,8.82043,8.82167,2.10,1.50
2012.02.23 10:30:58.708,8.82037,8.82155,1.35,1.50
2012.02.23 10:31:01.031,8.82042,8.82166,2.10,1.50
2012.02.23 10:31:07.467,8.82037,8.82159,1.35,1.50
2012.02.23 10:31:09.840,8.82044,8.82168,2.10,1.50
2012.02.23 10:31:18.916,8.82037,8.82161,1.35,1.50
2012.02.23 10:31:21.696,8.82035,8.82161,2.25,1.50
2012.02.23 10:31:22.282,8.82082,8.82185,1.50,1.50
2012.02.23 10:31:22.911,8.82082,8.82192,1.50,1.27
2012.02.23 10:31:25.634,8.82089,8.82192,1.50,1.27
2012.02.23 10:31:26.511,8.82099,8.82202,1.50,1.50
2012.02.23 10:31:27.887,8.8209,8.82202,1.50,1.50
2012.02.23 10:31:30.943,8.82083,8.82202,1.50,1.50
2012.02.23 10:31:41.842,8.8209,8.82202,1.50,1.50
2012.02.23 10:31:45.616,8.8208,8.82202,1.50,1.50
2012.02.23 10:31:48.884,8.8208,8.82204,1.50,2.25
2012.02.23 10:31:50.436,8.82089,8.82202,1.50,1.50
2012.02.23 10:31:52.439,8.8208,8.82202,1.50,1.50
2012.02.23 10:31:56.704,8.8208,8.82206,1.50,2.25
2012.02.23 10:31:57.677,8.82088,8.82214,1.50,2.25
2012.02.23 10:31:59.653,8.82074,8.822,1.50,1.50
2012.02.23 10:31:59.739,8.82074,8.822,1.50,2.25
2012.02.23 10:31:59.884,8.82059,8.82185,1.50,2.25
2012.02.23 10:31:59.964,8.82067,8.82193,1.50,1.50
2012.02.23 10:32:00.051,8.82067,8.82193,1.50,2.25
2012.02.23 10:32:00.193,8.82059,8.82183,1.50,3.00
2012.02.23 10:32:01.366,8.82067,8.82173,1.50,1.50
2012.02.23 10:32:02.257,8.82077,8.82173,1.50,1.50
2012.02.23 10:32:05.485,8.82091,8.82183,1.50,1.50
2012.02.23 10:32:05.615,8.82091,8.82202,1.50,1.50
2012.02.23 10:32:07.827,8.82078,8.82202,1.95,3.00
2012.02.23 10:32:08.429,8.82078,8.82202,1.95,3.00
2012.02.23 10:32:08.501,8.82085,8.82202,1.50,1.50
2012.02.23 10:32:09.301,8.82096,8.82202,1.50,1.50
2012.02.23 10:32:15.072,8.82111,8.82211,1.50,1.20
2012.02.23 10:32:15.591,8.82099,8.82211,1.50,1.20
2012.02.23 10:32:16.579,8.82099,8.82192,1.50,1.50
2012.02.23 10:32:17.568,8.82092,8.82183,1.50,1.50
2012.02.23 10:32:17.878,8.82076,8.82183,1.50,1.50
2012.02.23 10:32:17.946,8.82076,8.82172,1.50,1.50
2012.02.23 10:32:19.247,8.82076,8.82183,1.50,1.50
2012.02.23 10:32:19.982,8.82087,8.82183,1.50,1.50
2012.02.23 10:32:23.646,8.82077,8.82173,1.50,1.50
2012.02.23 10:32:24.373,8.82085,8.82173,1.50,1.50
2012.02.23 10:32:24.754,8.82085,8.82172,1.50,1.50
2012.02.23 10:32:27.368,8.82085,8.82172,1.50,1.50
2012.02.23 10:32:40.840,8.82067,8.82172,1.95,1.50
2012.02.23 10:32:40.986,8.82067,8.82172,1.95,1.50
2012.02.23 10:32:41.548,8.82066,8.82173,1.95,1.50
2012.02.23 10:32:42.273,8.82066,8.82172,1.95,1.50
2012.02.23 10:32:42.915,8.82075,8.82172,1.50,1.50
2012.02.23 10:32:43.045,8.82075,8.82172,1.50,1.50
2012.02.23 10:32:45.070,8.82075,8.82172,1.50,1.50
2012.02.23 10:32:48.654,8.82082,8.82172,1.50,1.50
2012.02.23 10:32:50.673,8.8209,8.82172,1.50,1.50
2012.02.23 10:33:00.179,8.8209,8.82172,1.50,1.50
2012.02.23 10:33:02.328,8.8209,8.82172,1.50,1.50
2012.02.23 10:33:03.357,8.8209,8.82182,1.50,1.50
2012.02.23 10:33:03.428,8.82102,8.82182,1.50,1.50
2012.02.23 10:33:08.849,8.82102,8.82172,1.50,1.50
2012.02.23 10:33:09.131,8.82085,8.82172,1.50,1.50
2012.02.23 10:33:11.046,8.82093,8.82172,1.50,1.50
2012.02.23 10:33:15.550,8.82093,8.82172,1.50,1.50
2012.02.23 10:33:15.765,8.82076,8.82172,1.50,1.50
2012.02.23 10:33:16.440,8.82069,8.82163,1.50,1.50
2012.02.23 10:33:16.805,8.82078,8.82163,1.50,1.50
2012.02.23 10:33:18.212,8.82078,8.82163,1.50,1.50
2012.02.23 10:33:18.984,8.82085,8.82163,1.50,1.50
2012.02.23 10:33:26.136,8.82093,8.82163,1.50,1.50
2012.02.23 10:33:26.716,8.82093,8.82163,1.50,1.50
2012.02.23 10:33:28.952,8.82093,8.82173,1.50,1.50
2012.02.23 10:33:29.036,8.82093,8.82183,1.50,1.50
2012.02.23 10:33:29.109,8.82105,8.82183,1.50,1.50
2012.02.23 10:33:29.176,8.82105,8.82193,1.50,1.50
2012.02.23 10:33:29.249,8.82113,8.82193,1.50,1.50
2012.02.23 10:33:29.696,8.82105,8.82193,1.50,1.50
2012.02.23 10:33:32.674,8.82116,8.82183,1.50,1.50
2012.02.23 10:33:34.400,8.82105,8.82182,1.50,1.50
2012.02.23 10:33:34.697,8.82105,8.82231,2.25,1.50
2012.02.23 10:33:35.033,8.82218,8.82373,1.50,1.58
2012.02.23 10:33:35.107,8.82221,8.82384,1.50,2.25
2012.02.23 10:33:35.176,8.82245,8.82393,1.50,1.50
2012.02.23 10:33:35.829,8.82245,8.82393,1.50,1.50
2012.02.23 10:33:36.462,8.82275,8.82373,1.50,1.50
2012.02.23 10:33:36.801,8.82283,8.82373,1.50,1.50
2012.02.23 10:33:37.465,8.82283,8.82373,1.50,1.50
2012.02.23 10:33:40.178,8.82283,8.82373,1.50,1.50
2012.02.23 10:33:44.285,8.82283,8.82373,1.50,1.50
2012.02.23 10:33:44.842,8.8229,8.82373,1.50,1.50
2012.02.23 10:33:45.203,8.82301,8.82373,1.50,1.50
2012.02.23 10:33:46.272,8.82291,8.82373,1.50,1.50
2012.02.23 10:33:47.976,8.82291,8.82382,1.50,1.50
2012.02.23 10:33:49.557,8.82321,8.82417,2.10,2.25
2012.02.23 10:33:49.628,8.82321,8.82417,2.10,2.25
2012.02.23 10:33:49.699,8.82321,8.82432,2.34,1.50
2012.02.23 10:33:49.889,8.82352,8.82502,1.35,1.50
2012.02.23 10:33:49.958,8.82348,8.82502,1.35,1.50
2012.02.23 10:33:50.027,8.82352,8.82543,1.35,1.50
2012.02.23 10:33:50.099,8.82419,8.82543,1.50,3.00
2012.02.23 10:33:50.966,8.82419,8.82543,1.50,3.00
2012.02.23 10:33:51.657,8.82411,8.82535,1.50,2.25
2012.02.23 10:33:52.258,8.82411,8.82535,1.50,2.25
2012.02.23 10:33:53.697,8.82411,8.82535,1.50,2.25
2012.02.23 10:33:53.769,8.82281,8.82445,1.50,2.25
2012.02.23 10:33:59.559,8.8229,8.82416,1.50,2.25
2012.02.23 10:34:03.212,8.82268,8.82394,1.50,2.25
2012.02.23 10:34:04.116,8.82276,8.82402,1.50,2.25
2012.02.23 10:34:04.733,8.82287,8.82413,1.50,2.25
2012.02.23 10:34:05.075,8.82277,8.82403,1.50,2.25
2012.02.23 10:34:06.287,8.82286,8.8241,1.50,2.25
2012.02.23 10:34:08.136,8.82293,8.82419,1.50,2.25
2012.02.23 10:34:08.612,8.82308,8.82434,1.50,2.25
2012.02.23 10:34:12.607,8.82291,8.82417,1.50,2.25
2012.02.23 10:34:16.946,8.82305,8.82429,1.50,2.25
2012.02.23 10:34:17.579,8.82296,8.82422,1.50,2.25
2012.02.23 10:34:19.839,8.82308,8.82434,1.50,2.25
2012.02.23 10:34:24.744,8.82308,8.82393,1.50,1.43
2012.02.23 10:34:26.437,8.823,8.82393,1.50,1.43
2012.02.23 10:34:27.590,8.823,8.82393,1.50,1.43
2012.02.23 10:34:28.283,8.823,8.82393,1.50,1.43
2012.02.23 10:34:42.738,8.82293,8.82393,1.50,1.35
2012.02.23 10:34:44.888,8.82285,8.82393,1.50,1.35
2012.02.23 10:34:44.966,8.8227,8.82393,1.50,1.35
2012.02.23 10:34:45.447,8.82281,8.82393,1.50,1.35
2012.02.23 10:34:48.280,8.82288,8.82393,1.50,1.35
2012.02.23 10:34:51.333,8.82297,8.82393,1.50,1.35
2012.02.23 10:34:52.701,8.82285,8.82392,1.50,1.35
2012.02.23 10:34:52.791,8.82294,8.82393,1.50,1.35
2012.02.23 10:35:07.023,8.82304,8.82393,1.50,1.35
2012.02.23 10:35:09.161,8.82304,8.82393,1.50,1.35
2012.02.23 10:35:09.227,8.82292,8.82393,1.50,1.35
2012.02.23 10:35:15.836,8.82302,8.82393,1.50,1.35
2012.02.23 10:35:18.666,8.82289,8.82413,1.50,1.35
2012.02.23 10:35:20.118,8.82289,8.82393,1.50,1.35
2012.02.23 10:35:22.706,8.82298,8.82393,1.50,1.35
2012.02.23 10:35:23.687,8.82286,8.82393,1.50,1.35
2012.02.23 10:35:30.385,8.82254,8.8238,1.50,1.50
2012.02.23 10:35:44.924,8.82246,8.82372,1.50,1.50
2012.02.23 10:35:45.559,8.82235,8.82361,1.50,1.50
2012.02.23 10:35:45.966,8.82244,8.82368,1.50,1.50
2012.02.23 10:35:52.883,8.82244,8.82368,2.25,1.50
2012.02.23 10:35:53.149,8.82351,8.82515,1.50,2.25
2012.02.23 10:35:53.217,8.82351,8.82515,1.65,2.25
2012.02.23 10:35:53.665,8.82351,8.82515,2.40,1.50
2012.02.23 10:35:53.736,8.82508,8.82553,2.25,2.25
2012.02.23 10:35:53.813,8.82508,8.82613,2.25,2.25
2012.02.23 10:35:54.017,8.8245,8.82616,1.50,2.25
2012.02.23 10:35:54.087,8.8245,8.82616,1.50,1.50
2012.02.23 10:35:54.156,8.82435,8.82579,2.25,1.50
2012.02.23 10:35:55.478,8.82497,8.82573,2.25,1.50
2012.02.23 10:35:55.855,8.82493,8.82581,1.35,1.50
2012.02.23 10:35:55.928,8.82493,8.82588,1.35,1.50
2012.02.23 10:35:56.128,8.82464,8.82588,2.25,1.50
2012.02.23 10:35:57.707,8.82408,8.82531,1.50,1.50
2012.02.23 10:35:57.776,8.82407,8.82531,1.32,1.50
2012.02.23 10:35:57.846,8.82408,8.82522,1.32,1.50
2012.02.23 10:35:58.592,8.82389,8.82515,2.25,1.50
2012.02.23 10:35:59.656,8.82364,8.82455,2.34,1.50
2012.02.23 10:35:59.788,8.82364,8.82439,1.50,1.50
2012.02.23 10:35:59.859,8.82315,8.82439,2.25,1.50
2012.02.23 10:35:59.987,8.82315,8.82439,1.50,1.50
2012.02.23 10:36:00.370,8.82327,8.82451,1.50,2.25
2012.02.23 10:36:01.098,8.82319,8.82413,1.50,2.10
2012.02.23 10:36:01.310,8.82302,8.82394,1.74,2.10
2012.02.23 10:36:01.510,8.8228,8.82404,1.74,1.50
2012.02.23 10:36:01.580,8.8228,8.82404,1.50,1.50
2012.02.23 10:36:01.648,8.82267,8.82393,1.50,1.50
2012.02.23 10:36:02.573,8.82267,8.82393,1.50,2.25
2012.02.23 10:36:03.232,8.82259,8.82383,1.50,1.50
2012.02.23 10:36:06.449,8.82247,8.82371,1.50,1.50
2012.02.23 10:36:09.565,8.8227,8.82396,1.74,1.50
2012.02.23 10:36:15.206,8.82278,8.82404,2.49,1.50
2012.02.23 10:36:22.974,8.82301,8.82427,1.74,2.25
2012.02.23 10:36:26.628,8.82283,8.82409,2.49,1.50
2012.02.23 10:36:28.042,8.82275,8.82399,2.49,1.50
2012.02.23 10:36:29.486,8.82284,8.82408,2.49,1.50
2012.02.23 10:36:31.338,8.82275,8.82399,2.49,1.50
2012.02.23 10:36:36.218,8.82258,8.82383,1.74,1.50
2012.02.23 10:36:36.579,8.82266,8.8239,2.49,1.50
2012.02.23 10:36:38.666,8.82266,8.8239,2.25,1.50
2012.02.23 10:36:38.751,8.82254,8.82379,1.50,1.50
2012.02.23 10:36:39.023,8.82264,8.82388,1.50,1.50
2012.02.23 10:36:40.505,8.82272,8.82396,1.50,1.50
2012.02.23 10:36:42.936,8.82279,8.82405,1.50,1.50
2012.02.23 10:36:45.659,8.82271,8.82397,1.50,1.50
2012.02.23 10:36:47.439,8.82281,8.82405,1.50,1.50
2012.02.23 10:36:48.869,8.82272,8.82398,1.50,1.50
2012.02.23 10:36:51.838,8.82254,8.82373,1.50,1.50
2012.02.23 10:36:51.907,8.82247,8.82373,3.00,2.25
2012.02.23 10:36:51.977,8.82247,8.82373,2.25,2.25
2012.02.23 10:36:52.170,8.82239,8.82365,1.50,1.50
2012.02.23 10:36:52.922,8.8223,8.82356,1.50,1.50
2012.02.23 10:36:55.476,8.82221,8.82345,1.50,1.50
2012.02.23 10:37:19.836,8.82238,8.82364,1.50,2.25
2012.02.23 10:37:20.237,8.82213,8.82323,1.50,2.25
2012.02.23 10:37:20.370,8.82186,8.82312,1.50,1.50
2012.02.23 10:37:21.522,8.82179,8.82303,1.50,1.50
2012.02.23 10:37:23.470,8.8217,8.82296,1.50,1.50
2012.02.23 10:37:31.445,8.82153,8.82277,2.25,1.50
2012.02.23 10:37:32.301,8.82151,8.8227,1.50,1.50
2012.02.23 10:37:34.737,8.82153,8.82279,2.25,1.50
2012.02.23 10:37:36.196,8.82161,8.82287,1.50,1.50
2012.02.23 10:37:37.773,8.82172,8.82296,1.50,1.50
2012.02.23 10:37:53.230,8.82175,8.82299,1.50,1.50
2012.02.23 10:37:54.017,8.82189,8.82313,1.50,2.25
2012.02.23 10:37:54.732,8.8218,8.82304,1.50,1.50
2012.02.23 10:37:56.517,8.82172,8.82296,1.50,1.50
2012.02.23 10:37:57.011,8.82157,8.82281,2.25,1.50
2012.02.23 10:37:57.331,8.82165,8.82289,1.50,1.50
2012.02.23 10:37:57.653,8.82151,8.82276,1.50,1.50
2012.02.23 10:37:57.729,8.82166,8.8229,1.50,1.50
2012.02.23 10:37:58.402,8.82166,8.8229,2.25,1.50
2012.02.23 10:38:01.275,8.82176,8.82302,1.50,1.50
2012.02.23 10:38:01.357,8.82168,8.82294,1.50,1.50
2012.02.23 10:38:01.679,8.82276,8.82442,2.25,1.50
2012.02.23 10:38:05.195,8.82305,8.82429,2.25,1.50
2012.02.23 10:38:07.498,8.82312,8.82438,1.50,2.25
2012.02.23 10:38:09.318,8.82324,8.82448,1.50,1.50
2012.02.23 10:38:12.371,8.82313,8.82437,1.50,2.25
2012.02.23 10:38:12.461,8.82304,8.8243,2.25,1.50
2012.02.23 10:38:13.617,8.82314,8.82438,1.50,1.50
2012.02.23 10:38:14.332,8.82305,8.82431,2.25,1.50
2012.02.23 10:38:16.727,8.82305,8.82431,2.25,2.25
2012.02.23 10:38:16.860,8.82305,8.82431,2.25,1.50
2012.02.23 10:38:20.651,8.82313,8.82439,1.50,2.25
2012.02.23 10:38:21.706,8.82304,8.8243,2.25,1.50
2012.02.23 10:38:29.796,8.8228,8.82403,1.50,1.50
2012.02.23 10:38:29.927,8.8227,8.82396,1.50,1.50
2012.02.23 10:38:30.677,8.8227,8.82396,2.25,1.50
2012.02.23 10:38:30.747,8.82305,8.82429,2.25,1.50
2012.02.23 10:38:31.306,8.82312,8.82438,1.50,1.50
2012.02.23 10:38:31.529,8.82321,8.82445,1.50,1.50
2012.02.23 10:38:32.547,8.82321,8.82445,2.33,1.50
2012.02.23 10:38:41.210,8.82321,8.82445,2.33,2.25
2012.02.23 10:38:41.870,8.82321,8.82445,2.33,1.50
2012.02.23 10:38:45.982,8.82321,8.82445,2.33,2.25
2012.02.23 10:38:54.899,8.82333,8.82453,1.95,1.50
2012.02.23 10:38:54.988,8.82342,8.82465,1.50,1.20
2012.02.23 10:38:55.908,8.82334,8.82452,1.95,1.50
2012.02.23 10:38:57.476,8.82326,8.8245,2.33,1.50
2012.02.23 10:38:58.956,8.82317,8.82441,2.33,1.50
2012.02.23 10:39:08.601,8.82327,8.82451,2.33,1.50
2012.02.23 10:39:08.749,8.82319,8.82443,2.33,1.50
2012.02.23 10:39:17.341,8.82307,8.82433,2.33,1.50
2012.02.23 10:39:18.788,8.82315,8.82441,2.33,1.50
2012.02.23 10:39:45.584,8.823,8.82426,2.33,1.50
2012.02.23 10:39:47.117,8.82308,8.82434,2.33,1.50
2012.02.23 10:39:47.812,8.82319,8.82443,2.33,1.50
2012.02.23 10:39:50.515,8.82328,8.82452,2.33,2.25
2012.02.23 10:39:53.735,8.82338,8.82462,1.50,1.50
2012.02.23 10:39:54.850,8.8233,8.82454,2.33,1.50
2012.02.23 10:39:55.760,8.8234,8.82466,1.50,1.95
2012.02.23 10:39:55.834,8.82349,8.82473,1.50,2.33
2012.02.23 10:39:56.325,8.8234,8.82466,1.50,1.95
2012.02.23 10:39:58.340,8.8233,8.82454,2.33,1.50
2012.02.23 10:40:04.398,8.82315,8.82441,2.33,1.50
2012.02.23 10:40:05.834,8.82382,8.82441,2.10,1.50
2012.02.23 10:40:06.146,8.8245,8.82596,2.25,1.50
2012.02.23 10:40:06.405,8.8245,8.82596,1.50,1.50
2012.02.23 10:40:07.623,8.82458,8.82584,1.50,1.50
2012.02.23 10:40:08.298,8.82458,8.82584,1.50,2.25
2012.02.23 10:40:08.903,8.82458,8.82584,1.50,1.50
2012.02.23 10:40:09.335,8.8247,8.82594,1.50,1.50
2012.02.23 10:40:10.812,8.8246,8.82586,1.50,1.50
2012.02.23 10:40:10.952,8.8246,8.82586,1.50,2.25
2012.02.23 10:40:26.063,8.82451,8.82577,1.50,1.50
2012.02.23 10:40:26.145,8.82444,8.82568,2.25,2.25
2012.02.23 10:40:26.411,8.82444,8.82568,2.25,1.50
2012.02.23 10:40:26.539,8.82452,8.82576,1.50,1.50
2012.02.23 10:40:28.370,8.82485,8.82576,2.10,1.50
2012.02.23 10:40:28.707,8.82517,8.82576,1.59,1.50
2012.02.23 10:40:28.776,8.82544,8.82602,2.25,1.50
2012.02.23 10:40:28.909,8.82544,8.8267,2.25,1.50
2012.02.23 10:40:30.193,8.82552,8.82678,1.50,1.50
2012.02.23 10:40:32.637,8.82563,8.82689,1.50,2.25
2012.02.23 10:40:32.716,8.82563,8.82689,1.50,1.50
2012.02.23 10:40:34.511,8.82573,8.82699,1.50,1.50
2012.02.23 10:40:37.124,8.82561,8.82687,1.50,1.50
2012.02.23 10:40:37.426,8.82561,8.82687,1.50,2.25
2012.02.23 10:40:43.126,8.82561,8.82687,2.10,1.50
2012.02.23 10:40:43.386,8.82659,8.82825,1.50,2.25
2012.02.23 10:40:43.456,8.82635,8.82756,1.50,1.50
2012.02.23 10:40:43.525,8.8259,8.82756,1.50,1.50
2012.02.23 10:40:43.656,8.82599,8.82765,1.50,1.50
2012.02.23 10:40:43.979,8.82592,8.82756,1.50,1.50
2012.02.23 10:40:45.209,8.82621,8.82745,1.50,1.50
2012.02.23 10:40:45.537,8.82621,8.82745,1.50,2.25
2012.02.23 10:40:45.606,8.82613,8.82737,1.50,1.50
2012.02.23 10:40:46.427,8.82613,8.82737,2.33,1.50
2012.02.23 10:40:46.740,8.82613,8.82737,2.33,1.50
2012.02.23 10:40:51.033,8.82623,8.82747,2.33,2.25
2012.02.23 10:40:53.176,8.82623,8.82747,2.33,2.25
2012.02.23 10:40:54.703,8.82623,8.82655,2.33,1.50
2012.02.23 10:40:54.852,8.82487,8.82631,1.50,2.25
2012.02.23 10:40:54.928,8.82485,8.82631,2.10,2.25
2012.02.23 10:40:55.520,8.82485,8.82631,2.34,2.25
2012.02.23 10:40:55.608,8.82554,8.827,1.50,2.25
2012.02.23 10:40:55.687,8.82562,8.82708,1.50,2.25
2012.02.23 10:40:56.012,8.82593,8.82717,1.50,2.25
2012.02.23 10:40:57.010,8.82584,8.8271,1.50,2.25
2012.02.23 10:40:57.490,8.82576,8.82702,1.50,2.25
2012.02.23 10:40:58.716,8.82586,8.8271,1.50,2.25
2012.02.23 10:40:58.789,8.82577,8.82703,1.50,2.25
2012.02.23 10:41:02.933,8.82568,8.82694,1.50,2.25
2012.02.23 10:41:03.816,8.82568,8.82693,1.50,1.58
2012.02.23 10:41:04.136,8.82539,8.82665,2.33,2.25
2012.02.23 10:41:04.417,8.82539,8.82665,2.33,2.25
2012.02.23 10:41:04.698,8.82545,8.82665,1.20,2.25
2012.02.23 10:41:05.036,8.82556,8.82676,2.25,1.20
2012.02.23 10:41:07.078,8.82548,8.82674,2.25,2.25
2012.02.23 10:41:13.728,8.82545,8.82652,1.20,1.50
2012.02.23 10:41:13.957,8.82545,8.82652,1.20,1.50
2012.02.23 10:41:14.035,8.82545,8.82648,1.20,1.50
2012.02.23 10:41:15.958,8.82545,8.82656,1.20,2.25
2012.02.23 10:41:35.016,8.82545,8.82652,1.20,1.50
2012.02.23 10:41:36.847,8.82545,8.82652,1.20,1.50
2012.02.23 10:41:45.414,8.82546,8.8267,1.50,1.50
2012.02.23 10:41:45.487,8.82559,8.82685,1.50,2.25
2012.02.23 10:41:46.266,8.82531,8.82655,2.25,2.25
2012.02.23 10:41:46.487,8.82523,8.82647,1.50,2.25
2012.02.23 10:41:46.562,8.82523,8.82647,1.50,1.50
2012.02.23 10:41:46.642,8.82531,8.82655,1.50,1.50
2012.02.23 10:41:48.721,8.82542,8.82666,1.50,2.25
2012.02.23 10:42:03.361,8.82532,8.82658,1.50,1.50
2012.02.23 10:42:07.149,8.82541,8.82665,1.50,2.25
2012.02.23 10:42:11.368,8.82548,8.82674,1.50,2.25
2012.02.23 10:42:13.770,8.82559,8.82685,1.50,2.25
2012.02.23 10:42:15.014,8.82549,8.82675,1.50,2.25
2012.02.23 10:42:15.938,8.8254,8.82666,2.25,2.25
2012.02.23 10:42:17.339,8.8254,8.82666,1.50,2.25
2012.02.23 10:42:22.554,8.82549,8.82673,1.50,2.25
2012.02.23 10:42:28.873,8.82557,8.82681,1.50,2.25
2012.02.23 10:42:31.154,8.82548,8.82674,2.25,2.25
2012.02.23 10:42:35.650,8.82548,8.82674,2.25,2.25
2012.02.23 10:42:36.004,8.8257,8.82696,1.50,2.25
2012.02.23 10:42:36.150,8.82563,8.82687,2.25,2.25
2012.02.23 10:42:46.651,8.82553,8.82679,2.25,1.50
2012.02.23 10:42:50.689,8.82553,8.82679,2.25,1.50
2012.02.23 10:42:50.938,8.82553,8.82679,2.25,1.50
2012.02.23 10:42:51.130,8.82543,8.82669,2.25,1.50
2012.02.23 10:42:55.575,8.82552,8.82678,2.25,1.50
2012.02.23 10:43:02.261,8.82542,8.82668,2.25,1.50
2012.02.23 10:43:10.316,8.82542,8.82668,2.25,2.25
2012.02.23 10:43:10.446,8.82527,8.82653,1.50,2.25
2012.02.23 10:43:10.518,8.8252,8.82644,1.50,2.25
2012.02.23 10:43:15.206,8.8252,8.82644,2.33,2.25
2012.02.23 10:43:21.476,8.82513,8.82637,2.33,2.25
2012.02.23 10:43:50.104,8.82502,8.82626,2.33,1.50
2012.02.23 10:43:50.452,8.82492,8.82618,2.33,1.50
2012.02.23 10:43:51.906,8.82501,8.82625,2.33,1.50
2012.02.23 10:43:53.498,8.82508,8.82634,2.33,2.25
2012.02.23 10:44:18.502,8.82521,8.82647,2.33,1.50
2012.02.23 10:44:23.335,8.82514,8.82638,2.33,1.50
2012.02.23 10:44:29.870,8.82505,8.82631,2.33,1.50
2012.02.23 10:44:32.494,8.82516,8.8264,2.33,1.50
2012.02.23 10:44:37.083,8.82523,8.82649,2.33,1.50
2012.02.23 10:44:39.288,8.82515,8.82641,2.33,1.50
2012.02.23 10:44:54.796,8.82505,8.82629,2.33,1.50
2012.02.23 10:44:57.082,8.82521,8.82647,2.33,1.50
2012.02.23 10:44:57.890,8.82529,8.82655,2.33,1.50
2012.02.23 10:44:58.539,8.82521,8.82647,2.33,1.50
2012.02.23 10:45:02.034,8.82518,8.82638,1.58,1.50
2012.02.23 10:45:11.434,8.82504,8.8263,2.33,1.50
2012.02.23 10:45:14.872,8.82514,8.8264,2.33,1.50
2012.02.23 10:45:21.101,8.82517,8.8263,1.58,1.50
2012.02.23 10:45:21.829,8.82498,8.82612,1.58,1.50
2012.02.23 10:45:22.106,8.82481,8.82607,2.33,1.50
2012.02.23 10:45:22.830,8.8249,8.82614,2.33,1.50
2012.02.23 10:45:23.905,8.82497,8.82623,2.33,1.50
2012.02.23 10:45:24.237,8.82497,8.82623,2.33,1.50
2012.02.23 10:45:24.309,8.82484,8.82608,2.33,1.50
2012.02.23 10:45:24.652,8.82484,8.82608,2.33,1.50
2012.02.23 10:45:25.651,8.82494,8.8262,2.33,1.50
2012.02.23 10:45:25.790,8.82494,8.8262,2.33,1.50
2012.02.23 10:45:27.191,8.82503,8.82627,2.33,2.25
2012.02.23 10:45:36.915,8.82487,8.82611,2.33,1.50
2012.02.23 10:45:39.678,8.82495,8.82619,2.33,1.50
2012.02.23 10:45:41.560,8.82503,8.82629,2.33,2.25
2012.02.23 10:45:43.138,8.82496,8.8262,2.33,1.50
2012.02.23 10:45:46.919,8.82487,8.82613,2.33,1.50
2012.02.23 10:45:51.119,8.82497,8.82621,2.33,1.50
2012.02.23 10:45:51.329,8.82497,8.82621,2.33,1.50
2012.02.23 10:45:51.403,8.82507,8.82631,2.33,1.50
2012.02.23 10:45:52.985,8.82516,8.8264,2.33,2.25
2012.02.23 10:46:10.377,8.82509,8.82635,2.33,2.25
2012.02.23 10:46:10.449,8.82509,8.82615,1.50,1.20
2012.02.23 10:46:10.519,8.82479,8.82603,2.33,2.25
2012.02.23 10:46:11.289,8.82468,8.82592,3.08,2.25
2012.02.23 10:46:12.562,8.82468,8.82592,3.08,2.25
2012.02.23 10:46:12.687,8.82478,8.82592,1.82,1.50
2012.02.23 10:46:12.818,8.82501,8.82625,2.33,1.50
2012.02.23 10:46:12.948,8.82508,8.82634,2.33,2.25
2012.02.23 10:46:14.890,8.82508,8.82634,1.95,2.25
2012.02.23 10:46:15.218,8.82484,8.82608,2.33,2.25
2012.02.23 10:46:16.168,8.82484,8.82608,2.33,1.50
2012.02.23 10:46:17.215,8.82473,8.82597,2.33,1.50
2012.02.23 10:46:18.109,8.82481,8.82605,2.33,1.50
2012.02.23 10:46:18.193,8.82457,8.82583,3.08,1.50
2012.02.23 10:46:18.551,8.82457,8.82569,1.58,1.50
2012.02.23 10:46:18.712,8.82457,8.82577,1.58,1.50
2012.02.23 10:46:19.500,8.8246,8.82584,2.33,1.50
2012.02.23 10:46:19.651,8.82473,8.82599,2.33,1.50
2012.02.23 10:46:21.109,8.82482,8.82606,2.33,1.50
2012.02.23 10:46:29.902,8.82515,8.82639,1.50,2.25
2012.02.23 10:46:30.398,8.82506,8.82632,2.33,2.25
2012.02.23 10:46:56.932,8.82481,8.82605,2.33,1.50
2012.02.23 10:47:04.494,8.82468,8.82592,2.33,1.50
2012.02.23 10:47:04.983,8.82468,8.82592,2.33,1.50
2012.02.23 10:47:10.066,8.82468,8.82592,2.33,1.50
2012.02.23 10:47:10.256,8.82476,8.826,2.33,1.50
2012.02.23 10:47:18.420,8.82466,8.82592,2.33,1.50
2012.02.23 10:47:19.341,8.82478,8.82602,2.33,2.25
2012.02.23 10:47:21.225,8.82468,8.82594,2.33,1.50
2012.02.23 10:47:24.296,8.82477,8.82603,2.33,2.25
2012.02.23 10:47:31.115,8.82477,8.82603,3.08,1.50
2012.02.23 10:47:31.246,8.82495,8.82619,2.33,1.50
2012.02.23 10:47:31.500,8.82505,8.82629,2.33,1.50
2012.02.23 10:47:46.407,8.82505,8.82629,2.33,1.50
2012.02.23 10:47:46.480,8.8253,8.82654,2.33,2.25
2012.02.23 10:47:46.550,8.8253,8.82654,2.33,1.50
2012.02.23 10:47:46.619,8.8253,8.82654,2.33,1.50
2012.02.23 10:47:47.333,8.82517,8.82641,2.33,1.50
2012.02.23 10:47:56.221,8.82524,8.8265,2.33,1.50
2012.02.23 10:48:02.584,8.82515,8.82641,2.33,1.50
2012.02.23 10:48:03.280,8.82523,8.82649,2.33,1.50
2012.02.23 10:48:17.072,8.82532,8.82656,2.33,2.25
2012.02.23 10:48:17.947,8.82519,8.82645,2.33,1.50
2012.02.23 10:48:22.665,8.82528,8.82652,2.33,2.25
2012.02.23 10:48:26.321,8.82519,8.82643,2.33,1.50
2012.02.23 10:48:37.367,8.82479,8.82643,1.35,2.25
2012.02.23 10:48:37.497,8.82412,8.82603,1.20,1.27
2012.02.23 10:48:37.572,8.82417,8.82541,1.50,2.25
2012.02.23 10:48:37.648,8.82407,8.82533,2.33,2.25
2012.02.23 10:48:48.117,8.82412,8.82517,1.20,1.50
2012.02.23 10:48:48.247,8.82476,8.82602,1.50,2.25
2012.02.23 10:48:48.319,8.82491,8.82615,1.50,2.25
2012.02.23 10:48:48.388,8.82491,8.82615,1.50,1.50
2012.02.23 10:48:48.458,8.82475,8.82599,1.50,1.50
2012.02.23 10:48:49.168,8.82475,8.82599,1.50,2.25
2012.02.23 10:48:49.520,8.82496,8.82622,1.50,2.25
2012.02.23 10:48:49.708,8.82496,8.82622,1.50,2.25
2012.02.23 10:48:49.780,8.82484,8.8261,1.50,2.25
2012.02.23 10:49:08.078,8.82475,8.82599,1.50,1.50
2012.02.23 10:49:13.105,8.82496,8.8262,1.50,2.25
2012.02.23 10:49:13.710,8.82496,8.82591,1.50,1.20
2012.02.23 10:49:13.778,8.82457,8.82581,2.19,2.25
2012.02.23 10:49:13.849,8.82457,8.82581,1.95,2.25
2012.02.23 10:49:42.385,8.82426,8.8255,2.33,1.50
2012.02.23 10:49:42.807,8.82434,8.82558,2.33,1.50
2012.02.23 10:49:44.555,8.82437,8.82561,2.33,1.50
2012.02.23 10:49:44.782,8.82425,8.82551,2.33,1.50
2012.02.23 10:49:46.410,8.8243,8.82554,2.33,1.50
2012.02.23 10:49:47.991,8.82437,8.82563,2.33,2.25
2012.02.23 10:49:54.208,8.82433,8.82557,2.33,1.50
2012.02.23 10:50:04.231,8.82441,8.82565,2.33,2.25
2012.02.23 10:50:06.775,8.82441,8.82565,2.33,2.25
2012.02.23 10:50:30.874,8.82491,8.82582,1.50,1.50
2012.02.23 10:50:31.552,8.82491,8.82617,1.50,1.50
2012.02.23 10:50:31.622,8.82478,8.82604,1.50,2.25
2012.02.23 10:50:40.068,8.82444,8.8257,1.50,2.25
2012.02.23 10:50:40.512,8.82436,8.82562,1.50,2.25
2012.02.23 10:50:44.530,8.82428,8.82554,1.50,2.25
2012.02.23 10:50:45.536,8.8242,8.82544,1.65,2.25
2012.02.23 10:50:48.603,8.8242,8.82544,1.65,2.25
2012.02.23 10:50:49.916,8.8242,8.82544,1.65,2.25
2012.02.23 10:50:52.045,8.8242,8.82544,1.65,1.50
2012.02.23 10:50:52.731,8.8242,8.82544,1.65,1.50
2012.02.23 10:50:57.062,8.8242,8.82544,1.65,1.50
2012.02.23 10:51:00.876,8.82431,8.82557,1.65,1.50
2012.02.23 10:51:06.665,8.82442,8.82568,1.65,1.50
2012.02.23 10:51:07.192,8.82454,8.8258,1.65,2.25
2012.02.23 10:51:08.967,8.82439,8.82563,1.65,1.50
2012.02.23 10:51:11.267,8.82431,8.82555,1.65,1.50
2012.02.23 10:51:12.901,8.82422,8.82548,1.65,1.50
2012.02.23 10:51:13.679,8.82421,8.82545,1.65,1.50
2012.02.23 10:51:15.229,8.82432,8.82556,1.65,1.50
2012.02.23 10:51:16.027,8.82426,8.8255,1.65,1.50
2012.02.23 10:51:19.958,8.82426,8.8255,1.65,1.50
2012.02.23 10:51:21.646,8.82426,8.8255,1.65,1.50
2012.02.23 10:51:24.243,8.82438,8.82562,1.65,1.50
2012.02.23 10:51:24.326,8.8243,8.82554,1.65,1.50
2012.02.23 10:51:25.021,8.8243,8.82554,1.65,1.50
2012.02.23 10:51:26.497,8.8243,8.82554,1.65,1.50
2012.02.23 10:51:29.307,8.82422,8.82546,1.65,1.50
2012.02.23 10:51:34.466,8.8243,8.82554,1.65,1.50
2012.02.23 10:51:43.745,8.8243,8.82554,1.65,1.50
2012.02.23 10:51:55.707,8.82415,8.82539,1.65,1.50
2012.02.23 10:51:55.775,8.82415,8.82539,1.50,1.50
2012.02.23 10:51:56.475,8.82424,8.82548,1.50,1.50
2012.02.23 10:51:57.507,8.82424,8.82548,1.65,1.50
2012.02.23 10:51:59.403,8.82424,8.82548,1.65,1.50
2012.02.23 10:51:59.917,8.82424,8.82548,1.50,2.25
2012.02.23 10:52:00.047,8.82413,8.82539,1.50,2.25
2012.02.23 10:52:00.175,8.82413,8.82539,1.50,2.25
2012.02.23 10:52:00.530,8.82405,8.82529,2.33,2.25
2012.02.23 10:52:14.395,8.82413,8.82537,1.50,2.25
2012.02.23 10:52:17.253,8.82402,8.82528,2.33,2.25
2012.02.23 10:52:22.193,8.82416,8.8254,1.50,2.25
2012.02.23 10:52:22.327,8.82401,8.82522,2.33,1.50
2012.02.23 10:52:25.481,8.82418,8.82542,1.50,1.50
2012.02.23 10:52:27.148,8.82402,8.82528,2.33,2.25
2012.02.23 10:52:37.476,8.8241,8.82536,1.95,2.25
2012.02.23 10:52:40.589,8.82395,8.82519,2.33,2.25
2012.02.23 10:52:40.899,8.82404,8.8253,2.33,2.25
2012.02.23 10:53:07.982,8.82415,8.82539,2.33,2.25
2012.02.23 10:53:08.069,8.82391,8.82515,1.50,2.70
2012.02.23 10:53:08.147,8.82391,8.82515,1.50,2.70
2012.02.23 10:53:08.222,8.82381,8.82507,2.33,2.25
2012.02.23 10:53:14.137,8.82373,8.82499,2.33,2.25
2012.02.23 10:53:14.387,8.82373,8.82499,2.33,2.25
2012.02.23 10:53:15.363,8.82382,8.82506,2.33,2.25
2012.02.23 10:53:15.437,8.82382,8.82506,1.95,2.25
2012.02.23 10:53:16.993,8.82374,8.82498,2.33,2.25
2012.02.23 10:53:31.193,8.82384,8.8251,2.33,2.25
2012.02.23 10:53:31.278,8.82396,8.82511,1.95,2.25
2012.02.23 10:53:39.190,8.82385,8.82511,2.33,2.25
2012.02.23 10:53:39.966,8.8242,8.82546,2.33,2.25
2012.02.23 10:53:42.287,8.8242,8.8253,1.50,1.20
2012.02.23 10:53:42.437,8.8237,8.82496,2.33,2.25
2012.02.23 10:53:42.623,8.8237,8.82496,2.33,2.25
2012.02.23 10:53:42.819,8.82362,8.82486,2.33,2.25
2012.02.23 10:54:00.251,8.82387,8.82513,1.50,2.25
2012.02.23 10:54:01.704,8.82377,8.82503,2.33,2.25
2012.02.23 10:54:06.939,8.82369,8.82493,2.33,2.25
2012.02.23 10:54:07.016,8.82383,8.82509,2.33,2.25
2012.02.23 10:54:07.213,8.82365,8.82489,2.33,2.25
2012.02.23 10:54:07.289,8.82354,8.82479,1.58,2.25
2012.02.23 10:54:22.632,8.82352,8.82472,2.33,1.50
2012.02.23 10:54:23.307,8.82357,8.82481,2.33,2.25
2012.02.23 10:54:31.770,8.82366,8.82492,3.83,2.25
2012.02.23 10:54:31.842,8.8239,8.82513,2.33,1.50
2012.02.23 10:54:31.908,8.8239,8.82513,1.95,1.50
2012.02.23 10:54:32.288,8.82378,8.82504,2.33,2.25
2012.02.23 10:54:33.920,8.82388,8.82514,2.33,2.25
2012.02.23 10:54:34.052,8.82399,8.82525,2.33,2.25
2012.02.23 10:54:38.401,8.82389,8.82515,2.33,2.25
2012.02.23 10:54:46.071,8.82391,8.82515,2.33,2.25
2012.02.23 10:54:48.324,8.82383,8.82507,2.33,2.25
2012.02.23 10:54:48.403,8.82397,8.825,1.43,2.25
2012.02.23 10:54:48.693,8.82428,8.82554,2.33,2.25
2012.02.23 10:54:48.782,8.82453,8.82576,1.50,1.20
2012.02.23 10:54:48.925,8.82442,8.82566,1.50,2.25
2012.02.23 10:54:51.230,8.8243,8.82554,1.95,2.25
2012.02.23 10:54:51.300,8.82422,8.82546,2.33,2.25
2012.02.23 10:55:19.664,8.82434,8.8256,1.50,2.25
2012.02.23 10:55:24.610,8.82447,8.82573,1.50,2.25
2012.02.23 10:55:25.517,8.82438,8.82564,1.50,2.25
2012.02.23 10:55:27.687,8.82426,8.8255,2.33,2.25
2012.02.23 10:55:36.767,8.82438,8.82564,1.50,2.25
2012.02.23 10:55:37.241,8.82431,8.82555,1.95,2.25
2012.02.23 10:55:45.999,8.82439,8.82563,1.50,2.25
2012.02.23 10:55:46.897,8.8243,8.82556,1.95,2.25
2012.02.23 10:55:52.948,8.8244,8.82566,1.50,2.25
2012.02.23 10:55:56.580,8.82432,8.82558,1.50,2.25
2012.02.23 10:56:01.772,8.82417,8.82541,2.33,2.25
2012.02.23 10:56:10.578,8.82433,8.82553,1.50,1.50
2012.02.23 10:56:10.842,8.82424,8.8255,2.33,2.25
2012.02.23 10:56:17.250,8.82433,8.82553,1.50,1.50
2012.02.23 10:56:19.637,8.82433,8.82557,1.50,1.50
2012.02.23 10:56:21.407,8.82433,8.82557,1.50,2.25
2012.02.23 10:56:23.875,8.82433,8.82557,1.50,1.50
2012.02.23 10:56:25.278,8.82433,8.82557,1.50,2.25
2012.02.23 10:56:28.638,8.82433,8.82557,1.50,2.25
2012.02.23 10:56:28.971,8.82423,8.82549,2.33,1.50
2012.02.23 10:56:30.368,8.82431,8.82557,1.95,2.25
2012.02.23 10:56:32.370,8.82431,8.82557,1.95,1.50
2012.02.23 10:56:33.276,8.8244,8.82566,1.50,1.50
2012.02.23 10:56:34.563,8.82433,8.82557,1.50,1.50
2012.02.23 10:56:35.461,8.82433,8.82557,1.50,2.25
2012.02.23 10:56:35.861,8.8242,8.82544,2.33,1.50
2012.02.23 10:56:39.511,8.82428,8.82554,1.95,2.25
2012.02.23 10:56:40.685,8.82428,8.82554,1.95,1.50
2012.02.23 10:56:42.001,8.82439,8.82565,1.50,1.50
2012.02.23 10:56:42.823,8.82432,8.82556,1.50,1.50
2012.02.23 10:56:43.980,8.82432,8.82556,1.50,2.25
2012.02.23 10:56:44.292,8.82422,8.82546,2.33,1.50
2012.02.23 10:56:45.450,8.8243,8.82556,1.95,1.50
2012.02.23 10:56:47.228,8.82421,8.82547,2.33,1.50
2012.02.23 10:56:53.968,8.82432,8.82556,1.50,2.25
2012.02.23 10:56:59.913,8.8242,8.82546,2.33,1.50
2012.02.23 10:57:00.293,8.82411,8.82537,2.33,1.50
2012.02.23 10:57:01.204,8.82419,8.82545,2.33,1.50
2012.02.23 10:57:02.958,8.82419,8.82545,2.33,2.25
2012.02.23 10:57:10.731,8.82436,8.82553,1.50,1.50
2012.02.23 10:57:11.823,8.82428,8.82553,1.95,1.50
2012.02.23 10:58:03.359,8.82422,8.82548,2.33,1.50
2012.02.23 10:58:03.915,8.82436,8.8256,1.50,1.50
2012.02.23 10:58:05.495,8.82427,8.82553,1.95,1.50
2012.02.23 10:58:05.566,8.82436,8.8256,1.50,1.50
2012.02.23 10:58:08.317,8.82427,8.82551,1.95,1.50
2012.02.23 10:58:11.436,8.82417,8.82541,2.33,1.50
2012.02.23 10:58:16.807,8.82426,8.8255,2.33,1.50
2012.02.23 10:58:17.086,8.82418,8.82542,2.33,1.50
2012.02.23 10:58:23.442,8.82429,8.82553,1.95,1.50
2012.02.23 10:58:24.378,8.8242,8.82546,2.33,1.50
2012.02.23 10:58:29.926,8.82429,8.82553,1.95,1.50
2012.02.23 10:58:35.494,8.82419,8.82545,2.33,1.50
2012.02.23 10:58:40.044,8.82408,8.82532,2.33,1.50
2012.02.23 10:58:40.432,8.82396,8.82522,2.33,1.50
2012.02.23 10:58:40.502,8.82406,8.82532,2.33,1.50
2012.02.23 10:58:40.628,8.82398,8.82524,2.33,1.50
2012.02.23 10:58:42.372,8.82409,8.82535,2.33,1.50
2012.02.23 10:58:45.590,8.8242,8.82544,2.33,1.50
2012.02.23 10:58:55.607,8.82411,8.82537,2.33,1.50
2012.02.23 10:58:59.140,8.82425,8.82551,2.33,1.50
2012.02.23 10:59:00.458,8.82411,8.82537,2.33,1.50
2012.02.23 10:59:07.087,8.82411,8.82537,1.95,1.50
2012.02.23 10:59:07.278,8.82399,8.82525,2.33,2.25
2012.02.23 10:59:09.917,8.82417,8.8254,1.50,1.20
2012.02.23 10:59:10.577,8.82409,8.82533,1.95,2.25
2012.02.23 10:59:26.379,8.82416,8.8254,1.50,1.20
2012.02.23 10:59:26.450,8.824,8.82526,2.33,2.25
2012.02.23 10:59:26.695,8.824,8.82526,2.33,2.25
2012.02.23 10:59:29.423,8.82367,8.82488,2.33,1.50
2012.02.23 10:59:29.752,8.82367,8.82488,1.50,2.25
2012.02.23 10:59:29.889,8.82367,8.82488,2.33,2.25
2012.02.23 10:59:30.095,8.82389,8.82515,2.33,2.25
2012.02.23 10:59:37.072,8.82392,8.82518,1.50,2.25
2012.02.23 10:59:37.779,8.82392,8.82518,2.25,1.50
2012.02.23 10:59:37.871,8.82413,8.82537,2.25,2.25
2012.02.23 10:59:38.544,8.82415,8.82541,1.50,2.25
2012.02.23 10:59:39.880,8.82426,8.8255,1.50,2.25
2012.02.23 10:59:40.014,8.82426,8.8255,2.25,1.50
2012.02.23 10:59:40.280,8.8244,8.82564,1.50,2.25
2012.02.23 10:59:41.074,8.8244,8.82564,2.25,2.25
2012.02.23 10:59:42.078,8.8244,8.82566,2.25,2.25
2012.02.23 10:59:46.792,8.82438,8.82562,1.50,2.25
2012.02.23 10:59:46.862,8.82428,8.82554,1.50,2.25
2012.02.23 10:59:47.998,8.8242,8.82546,1.50,2.25
2012.02.23 10:59:49.125,8.82433,8.82559,2.25,2.25
2012.02.23 10:59:53.878,8.82426,8.8255,1.50,2.25
2012.02.23 10:59:54.018,8.82411,8.82537,2.25,2.25
2012.02.23 10:59:54.163,8.82417,8.82537,1.50,1.50
2012.02.23 10:59:54.232,8.82432,8.82558,2.33,1.50
2012.02.23 10:59:54.579,8.82432,8.82558,1.95,1.50
2012.02.23 10:59:54.717,8.82432,8.82558,1.95,2.25
2012.02.23 10:59:57.921,8.82431,8.82542,1.50,1.20
2012.02.23 10:59:57.992,8.82418,8.82541,2.25,1.20
2012.02.23 10:59:59.097,8.8241,8.82528,1.20,2.25
2012.02.23 10:59:59.429,8.82419,8.82541,2.25,1.20
