2017.03.13 19:00:00.100,9.5286,9.5309,1.37,1.50
2017.03.13 19:00:00.638,9.5287,9.53089,1.37,1.00
2017.03.13 19:00:01.296,9.5287,9.53076,1.37,1.00
2017.03.13 19:00:01.513,9.52861,9.53064,1.50,1.00
2017.03.13 19:00:03.478,9.5287,9.53074,1.12,1.00
2017.03.13 19:00:03.983,9.5287,9.53089,1.00,1.00
2017.03.13 19:00:06.311,9.52869,9.5309,1.00,1.50
2017.03.13 19:00:06.948,9.5287,9.53089,1.00,1.00
2017.03.13 19:00:09.797,9.52861,9.53076,1.37,1.00
2017.03.13 19:00:09.847,9.52861,9.53074,1.00,1.00
2017.03.13 19:00:10.038,9.52852,9.53065,1.37,1.00
2017.03.13 19:00:10.342,9.5286,9.53065,1.87,1.00
2017.03.13 19:00:10.393,9.5286,9.53082,1.87,1.00
2017.03.13 19:00:11.367,9.52852,9.53058,1.00,1.00
2017.03.13 19:00:11.622,9.5288,9.53104,1.50,1.00
2017.03.13 19:00:11.672,9.5288,9.53099,1.50,1.00
2017.03.13 19:00:11.723,9.52875,9.53099,1.75,1.00
2017.03.13 19:00:11.859,9.5288,9.53099,1.87,1.00
2017.03.13 19:00:11.910,9.52875,9.531,1.37,1.00
2017.03.13 19:00:12.466,9.52866,9.53099,2.81,1.00
2017.03.13 19:00:12.799,9.52866,9.53089,2.81,1.00
2017.03.13 19:00:12.850,9.52866,9.53089,2.62,1.00
2017.03.13 19:00:12.951,9.52866,9.53089,2.81,1.00
2017.03.13 19:00:13.204,9.5287,9.53089,1.50,1.00
2017.03.13 19:00:13.306,9.52866,9.53099,2.62,1.00
2017.03.13 19:00:13.408,9.52866,9.53099,3.19,1.00
2017.03.13 19:00:14.111,9.5287,9.53089,1.00,1.00
2017.03.13 19:00:14.616,9.52869,9.5309,1.00,1.00
2017.03.13 19:00:15.158,9.5287,9.53089,1.00,1.00
2017.03.13 19:00:23.501,9.52862,9.53065,1.00,1.00
2017.03.13 19:00:23.552,9.52852,9.53065,1.00,1.00
2017.03.13 19:00:23.653,9.52961,9.53091,1.12,1.00
2017.03.13 19:00:23.704,9.52962,9.53104,1.12,1.00
2017.03.13 19:00:23.755,9.5291,9.53104,1.00,1.00
2017.03.13 19:00:23.806,9.52888,9.53104,1.37,1.00
2017.03.13 19:00:23.857,9.52866,9.53094,1.37,1.00
2017.03.13 19:00:24.363,9.52866,9.53093,1.37,1.00
2017.03.13 19:00:24.920,9.52866,9.53094,1.50,1.12
2017.03.13 19:00:25.294,9.52866,9.5309,1.50,1.00
2017.03.13 19:00:25.345,9.52866,9.5309,1.12,1.00
2017.03.13 19:00:25.772,9.52866,9.53094,1.12,1.12
2017.03.13 19:00:26.061,9.52866,9.5309,1.12,1.00
2017.03.13 19:00:26.373,9.52866,9.53076,1.00,1.00
2017.03.13 19:00:26.626,9.5285,9.53065,1.00,1.00
2017.03.13 19:00:26.778,9.52896,9.531,1.35,1.00
2017.03.13 19:00:26.830,9.5292,9.53104,1.00,1.00
2017.03.13 19:00:26.931,9.5287,9.5309,1.00,1.00
2017.03.13 19:00:26.982,9.52872,9.5308,1.00,1.00
2017.03.13 19:00:27.084,9.52869,9.53081,1.00,1.00
2017.03.13 19:00:27.337,9.52862,9.5308,1.00,1.50
2017.03.13 19:00:27.884,9.52861,9.5308,1.00,1.50
2017.03.13 19:00:29.311,9.52853,9.53074,1.00,1.60
2017.03.13 19:00:29.564,9.5286,9.53084,1.37,1.00
2017.03.13 19:00:29.615,9.5286,9.53089,1.37,1.00
2017.03.13 19:00:30.061,9.52861,9.53089,1.37,1.60
2017.03.13 19:00:30.389,9.52861,9.5308,1.37,1.60
2017.03.13 19:00:30.942,9.52861,9.53087,1.37,1.60
2017.03.13 19:00:31.459,9.52861,9.5308,1.37,1.00
2017.03.13 19:00:34.207,9.52861,9.53072,1.00,1.00
2017.03.13 19:00:34.512,9.52861,9.5307,1.00,1.50
2017.03.13 19:00:35.801,9.5286,9.53071,1.00,1.50
2017.03.13 19:00:36.355,9.52861,9.5307,1.00,1.00
2017.03.13 19:00:38.323,9.5287,9.5308,1.00,1.00
2017.03.13 19:00:38.800,9.5287,9.53082,1.00,1.00
2017.03.13 19:00:39.003,9.5287,9.53074,1.00,1.00
2017.03.13 19:00:39.155,9.5287,9.5308,1.00,1.00
2017.03.13 19:00:39.256,9.5287,9.53074,1.00,1.00
2017.03.13 19:00:39.307,9.52861,9.53074,1.00,1.00
2017.03.13 19:00:39.358,9.5286,9.53071,1.00,1.00
2017.03.13 19:00:39.792,9.5286,9.53064,1.00,1.00
2017.03.13 19:00:39.843,9.52849,9.53064,1.00,1.00
2017.03.13 19:00:39.944,9.5291,9.53074,1.50,1.00
2017.03.13 19:00:39.995,9.52858,9.53074,1.00,1.00
2017.03.13 19:00:40.046,9.52861,9.53074,1.00,1.00
2017.03.13 19:00:40.597,9.5285,9.53074,1.87,1.00
2017.03.13 19:00:40.707,9.5285,9.53074,1.87,1.00
2017.03.13 19:00:40.758,9.52849,9.53071,1.35,1.00
2017.03.13 19:00:41.252,9.5285,9.53064,1.50,1.00
2017.03.13 19:00:41.404,9.52869,9.53101,1.97,1.00
2017.03.13 19:00:41.455,9.52869,9.53113,1.97,2.25
2017.03.13 19:00:41.506,9.52869,9.53113,1.97,2.25
2017.03.13 19:00:41.557,9.52872,9.53113,1.97,1.00
2017.03.13 19:00:41.861,9.52876,9.53113,1.16,1.19
2017.03.13 19:00:42.328,9.52876,9.53101,1.16,1.00
2017.03.13 19:00:42.876,9.52876,9.53116,1.16,1.19
2017.03.13 19:00:43.667,9.52872,9.53116,2.47,1.00
2017.03.13 19:00:43.718,9.52875,9.53116,1.16,1.19
2017.03.13 19:00:43.820,9.52875,9.53116,1.16,1.00
2017.03.13 19:00:43.921,9.52875,9.53116,1.16,1.19
2017.03.13 19:00:45.053,9.52875,9.53112,1.16,1.19
2017.03.13 19:00:45.575,9.52875,9.53112,1.16,1.19
2017.03.13 19:00:46.906,9.52876,9.53112,1.16,1.19
2017.03.13 19:00:46.957,9.52876,9.53112,1.54,1.19
2017.03.13 19:00:47.802,9.52875,9.53112,1.16,1.19
2017.03.13 19:00:48.442,9.52876,9.53112,1.16,1.19
2017.03.13 19:00:49.403,9.52875,9.53112,1.16,1.19
2017.03.13 19:00:50.010,9.5288,9.53112,1.30,1.19
2017.03.13 19:00:51.046,9.52872,9.53112,2.29,1.19
2017.03.13 19:00:51.574,9.52872,9.53112,2.29,1.19
2017.03.13 19:00:52.159,9.52872,9.53112,2.29,1.19
2017.03.13 19:00:52.210,9.52872,9.53102,1.79,1.00
2017.03.13 19:00:52.961,9.52863,9.53102,1.97,1.00
2017.03.13 19:00:53.062,9.52859,9.53058,1.00,1.00
2017.03.13 19:00:53.113,9.5288,9.53093,2.10,1.00
2017.03.13 19:00:53.164,9.52894,9.53093,2.62,1.00
2017.03.13 19:00:53.266,9.5289,9.5312,1.50,1.50
2017.03.13 19:00:53.317,9.52885,9.53121,1.50,1.00
2017.03.13 19:00:53.620,9.52882,9.5312,1.75,1.19
2017.03.13 19:00:53.823,9.52883,9.5312,1.35,1.19
2017.03.13 19:00:54.279,9.52875,9.53112,1.97,1.19
2017.03.13 19:00:54.330,9.5289,9.53112,1.12,1.19
2017.03.13 19:00:54.381,9.52877,9.53112,1.35,1.19
2017.03.13 19:00:55.277,9.52875,9.53112,2.10,1.19
2017.03.13 19:00:55.821,9.52876,9.53112,1.35,1.19
2017.03.13 19:00:57.138,9.52875,9.53112,2.47,1.19
2017.03.13 19:00:57.557,9.52875,9.53112,1.97,1.00
2017.03.13 19:00:57.608,9.52881,9.53112,1.35,1.19
2017.03.13 19:00:57.709,9.5288,9.53112,1.50,1.19
2017.03.13 19:00:57.861,9.52881,9.53112,1.35,1.19
2017.03.13 19:00:57.969,9.52881,9.53112,1.67,1.19
2017.03.13 19:00:58.070,9.52876,9.53112,1.35,1.19
2017.03.13 19:00:58.249,9.5288,9.53104,2.85,1.25
2017.03.13 19:00:58.300,9.52876,9.53104,1.35,1.25
2017.03.13 19:00:58.548,9.5288,9.53104,2.85,1.25
2017.03.13 19:00:58.663,9.52876,9.53104,1.35,1.25
2017.03.13 19:00:59.393,9.52875,9.53101,1.97,1.00
2017.03.13 19:00:59.596,9.52875,9.531,1.00,1.00
2017.03.13 19:00:59.647,9.52865,9.531,1.35,1.00
2017.03.13 19:00:59.904,9.52864,9.53092,1.75,1.00
2017.03.13 19:01:00.524,9.5288,9.53092,1.00,1.00
2017.03.13 19:01:01.837,9.52879,9.53092,1.00,1.00
2017.03.13 19:01:03.727,9.5288,9.53092,1.00,1.00
2017.03.13 19:01:04.359,9.5288,9.53101,1.00,1.00
2017.03.13 19:01:04.900,9.5288,9.531,1.00,1.00
2017.03.13 19:01:05.407,9.52879,9.53101,1.00,1.50
2017.03.13 19:01:05.918,9.5288,9.53101,1.00,1.00
2017.03.13 19:01:07.729,9.5288,9.53102,1.00,1.00
2017.03.13 19:01:08.132,9.5288,9.531,1.00,1.00
2017.03.13 19:01:08.386,9.52879,9.53102,1.00,1.50
2017.03.13 19:01:08.644,9.5288,9.531,1.00,1.00
2017.03.13 19:01:09.059,9.5288,9.53102,1.37,1.00
2017.03.13 19:01:09.211,9.5288,9.531,1.00,1.00
2017.03.13 19:01:09.312,9.5288,9.53102,1.00,1.50
2017.03.13 19:01:09.862,9.52879,9.53102,1.00,1.50
2017.03.13 19:01:09.964,9.5288,9.531,1.00,1.00
2017.03.13 19:01:10.116,9.5287,9.53091,1.00,1.00
2017.03.13 19:01:10.655,9.5288,9.531,1.00,1.00
2017.03.13 19:01:10.959,9.5287,9.5308,1.00,1.00
2017.03.13 19:01:11.010,9.52861,9.5308,1.50,1.00
2017.03.13 19:01:11.061,9.52861,9.5307,1.00,1.00
2017.03.13 19:01:11.313,9.52861,9.53073,1.00,1.00
2017.03.13 19:01:13.139,9.5287,9.5308,1.00,1.00
2017.03.13 19:01:14.476,9.52861,9.53077,1.00,1.00
2017.03.13 19:01:14.578,9.5287,9.5307,1.00,1.00
2017.03.13 19:01:14.629,9.5287,9.53077,1.00,1.00
2017.03.13 19:01:14.730,9.5287,9.5308,1.00,1.00
2017.03.13 19:01:15.409,9.5288,9.5309,1.00,1.87
2017.03.13 19:01:16.660,9.52879,9.53091,1.00,1.87
2017.03.13 19:01:17.174,9.5288,9.5309,1.00,1.87
2017.03.13 19:01:22.469,9.5288,9.53114,1.97,1.19
2017.03.13 19:01:22.520,9.52879,9.53114,1.97,1.19
2017.03.13 19:01:22.571,9.5288,9.53114,1.97,1.19
2017.03.13 19:01:22.875,9.5288,9.53098,1.00,1.00
2017.03.13 19:01:23.808,9.52879,9.53098,1.00,1.00
2017.03.13 19:01:24.113,9.5288,9.53107,1.97,1.00
2017.03.13 19:01:24.165,9.5288,9.53098,1.00,1.00
2017.03.13 19:01:24.216,9.5288,9.53098,2.25,1.00
2017.03.13 19:01:24.361,9.52879,9.53098,1.50,1.00
2017.03.13 19:01:24.413,9.5288,9.53113,1.97,1.00
2017.03.13 19:01:24.464,9.5288,9.53113,1.97,1.19
2017.03.13 19:01:24.515,9.5288,9.53113,1.97,1.00
2017.03.13 19:01:24.717,9.5288,9.53113,1.97,1.19
2017.03.13 19:01:24.877,9.52879,9.53113,2.10,1.19
2017.03.13 19:01:24.928,9.5288,9.531,2.62,1.00
2017.03.13 19:01:24.979,9.5288,9.531,1.00,1.00
2017.03.13 19:01:25.030,9.5288,9.5311,1.00,1.00
2017.03.13 19:01:25.081,9.5288,9.53098,1.00,1.00
2017.03.13 19:01:26.214,9.5288,9.53097,1.00,1.00
2017.03.13 19:01:27.460,9.52879,9.53097,1.00,1.00
2017.03.13 19:01:28.289,9.52879,9.531,1.00,1.00
2017.03.13 19:01:30.982,9.5288,9.53102,1.72,1.00
2017.03.13 19:01:31.032,9.5288,9.53102,1.72,1.00
2017.03.13 19:01:31.134,9.5288,9.53102,1.12,1.00
2017.03.13 19:01:31.978,9.52879,9.53115,2.85,1.31
2017.03.13 19:01:32.029,9.52889,9.53115,1.50,1.12
2017.03.13 19:01:32.181,9.5288,9.53115,1.97,1.19
2017.03.13 19:01:32.283,9.5288,9.53115,1.37,1.00
2017.03.13 19:01:32.391,9.5288,9.53115,3.22,1.19
2017.03.13 19:01:32.946,9.5288,9.53115,1.72,1.19
2017.03.13 19:01:33.738,9.52882,9.53115,1.35,1.19
2017.03.13 19:01:33.916,9.5288,9.53115,1.72,1.19
2017.03.13 19:01:34.175,9.5288,9.53111,3.22,1.19
2017.03.13 19:01:34.305,9.5288,9.53111,2.85,1.19
2017.03.13 19:01:34.618,9.5288,9.53111,2.62,1.19
2017.03.13 19:01:34.980,9.5288,9.531,1.00,1.00
2017.03.13 19:01:35.385,9.5288,9.53097,1.00,1.00
2017.03.13 19:01:35.638,9.5287,9.53097,1.00,1.00
2017.03.13 19:01:35.789,9.5287,9.53086,1.00,1.00
2017.03.13 19:01:36.093,9.5287,9.53086,1.00,1.37
2017.03.13 19:01:36.564,9.5287,9.53075,1.00,1.00
2017.03.13 19:01:36.766,9.52861,9.53075,1.00,1.00
2017.03.13 19:01:37.529,9.5286,9.53075,1.00,1.00
2017.03.13 19:01:37.733,9.5286,9.53087,1.00,1.37
2017.03.13 19:01:37.885,9.52861,9.53077,1.00,1.00
2017.03.13 19:01:38.051,9.52861,9.53085,1.00,1.37
2017.03.13 19:01:38.204,9.52861,9.53076,1.00,1.00
2017.03.13 19:01:38.416,9.52861,9.53085,1.00,1.37
2017.03.13 19:01:38.504,9.52861,9.53076,1.00,1.00
2017.03.13 19:01:38.706,9.52861,9.53085,1.00,1.37
2017.03.13 19:01:38.808,9.52861,9.53076,1.00,1.00
2017.03.13 19:01:39.016,9.52861,9.53085,1.00,1.37
2017.03.13 19:01:39.118,9.52861,9.53077,1.00,1.00
2017.03.13 19:01:39.368,9.5286,9.53085,1.00,1.12
2017.03.13 19:01:39.469,9.5286,9.53075,1.00,1.00
2017.03.13 19:01:39.639,9.5286,9.53085,1.00,1.87
2017.03.13 19:01:39.791,9.52861,9.53075,1.00,1.00
2017.03.13 19:01:40.006,9.52861,9.53085,1.00,1.87
2017.03.13 19:01:40.108,9.52861,9.53074,1.00,1.00
2017.03.13 19:01:40.280,9.52861,9.53084,1.00,1.12
2017.03.13 19:01:40.432,9.52861,9.53074,1.00,1.00
2017.03.13 19:01:40.598,9.52861,9.53084,1.00,1.12
2017.03.13 19:01:40.751,9.52861,9.53074,1.00,1.00
2017.03.13 19:01:40.911,9.52861,9.53085,1.00,1.87
2017.03.13 19:01:41.063,9.5286,9.53073,1.00,1.00
2017.03.13 19:01:41.246,9.5286,9.53083,1.00,1.00
2017.03.13 19:01:41.558,9.52861,9.5308,1.00,1.00
2017.03.13 19:01:41.609,9.52861,9.53083,1.00,1.00
2017.03.13 19:01:41.660,9.52861,9.53073,1.00,1.00
2017.03.13 19:01:41.877,9.52861,9.53083,1.00,1.00
2017.03.13 19:01:41.978,9.52861,9.53073,1.00,1.00
2017.03.13 19:01:42.188,9.52861,9.53083,1.00,1.00
2017.03.13 19:01:42.538,9.52869,9.53085,1.00,1.12
2017.03.13 19:01:43.516,9.5287,9.5309,1.00,1.50
2017.03.13 19:01:45.277,9.5287,9.53072,1.00,1.00
2017.03.13 19:01:45.328,9.52861,9.53072,1.00,1.00
2017.03.13 19:01:48.614,9.5286,9.53072,1.00,1.00
2017.03.13 19:01:49.301,9.52861,9.53072,1.00,1.00
2017.03.13 19:01:50.684,9.52861,9.53083,1.00,1.00
2017.03.13 19:01:52.029,9.52861,9.53085,1.50,1.37
2017.03.13 19:01:52.356,9.5287,9.5309,1.00,1.87
2017.03.13 19:01:52.660,9.5287,9.53093,1.00,1.00
2017.03.13 19:01:52.761,9.5287,9.53097,1.00,1.00
2017.03.13 19:01:52.863,9.5288,9.53097,1.00,1.00
2017.03.13 19:01:53.217,9.52879,9.53097,1.97,1.00
2017.03.13 19:01:53.470,9.5288,9.53097,1.00,1.00
2017.03.13 19:01:53.989,9.5288,9.53097,1.60,1.00
2017.03.13 19:01:54.040,9.52879,9.53097,1.35,1.00
2017.03.13 19:01:54.545,9.5288,9.53097,1.00,1.00
2017.03.13 19:01:56.138,9.52879,9.53097,1.00,1.00
2017.03.13 19:01:56.679,9.5288,9.53097,1.00,1.00
2017.03.13 19:01:57.637,9.52879,9.53097,1.35,1.00
2017.03.13 19:01:58.216,9.5288,9.53097,1.00,1.00
2017.03.13 19:01:58.373,9.5288,9.53099,1.00,1.00
2017.03.13 19:01:59.544,9.5288,9.53099,1.60,1.00
2017.03.13 19:02:00.284,9.5288,9.53099,1.35,1.00
2017.03.13 19:02:00.821,9.5288,9.53099,1.60,1.00
2017.03.13 19:02:00.973,9.5288,9.53113,2.47,1.00
2017.03.13 19:02:01.024,9.5288,9.53113,1.97,1.25
2017.03.13 19:02:01.226,9.5288,9.53113,1.60,1.19
2017.03.13 19:02:01.277,9.5288,9.53113,1.60,1.19
2017.03.13 19:02:01.851,9.5288,9.53113,2.47,1.19
2017.03.13 19:02:02.205,9.5288,9.53113,2.47,1.19
2017.03.13 19:02:02.256,9.5288,9.53097,1.60,1.00
2017.03.13 19:02:02.307,9.52879,9.53097,1.00,1.00
2017.03.13 19:02:02.825,9.5288,9.53097,1.00,1.00
2017.03.13 19:02:03.125,9.5288,9.53101,1.00,1.00
2017.03.13 19:02:03.402,9.5287,9.53091,1.50,1.00
2017.03.13 19:02:04.060,9.52869,9.53091,1.00,1.00
2017.03.13 19:02:04.565,9.5287,9.53091,1.00,1.00
2017.03.13 19:02:05.890,9.5288,9.53091,1.00,1.00
2017.03.13 19:02:05.941,9.5288,9.53097,1.60,1.00
2017.03.13 19:02:06.043,9.5288,9.53087,1.00,1.00
2017.03.13 19:02:06.094,9.5287,9.53087,1.60,1.00
2017.03.13 19:02:06.296,9.5288,9.53087,1.00,1.00
2017.03.13 19:02:07.491,9.5288,9.53097,1.35,1.00
2017.03.13 19:02:07.542,9.5287,9.53097,1.50,1.00
2017.03.13 19:02:07.645,9.5287,9.53075,1.50,1.00
2017.03.13 19:02:08.621,9.52862,9.53075,1.00,1.00
2017.03.13 19:02:10.701,9.5286,9.53075,1.00,1.12
2017.03.13 19:02:10.752,9.5286,9.53064,1.00,1.00
2017.03.13 19:02:11.441,9.52861,9.53064,1.00,1.00
2017.03.13 19:02:11.492,9.52861,9.53074,1.00,1.12
2017.03.13 19:02:11.576,9.52861,9.53064,1.00,1.00
2017.03.13 19:02:11.825,9.52861,9.53074,1.00,1.12
2017.03.13 19:02:11.927,9.52861,9.53064,1.00,1.00
2017.03.13 19:02:12.740,9.5286,9.53064,1.00,1.00
2017.03.13 19:02:13.043,9.52916,9.53107,1.35,1.00
2017.03.13 19:02:13.094,9.52906,9.53117,1.00,1.00
2017.03.13 19:02:13.145,9.52906,9.53117,1.00,1.19
2017.03.13 19:02:13.246,9.52887,9.53113,1.00,1.19
2017.03.13 19:02:13.297,9.52885,9.53113,1.00,1.19
2017.03.13 19:02:13.348,9.52876,9.53113,1.72,1.19
2017.03.13 19:02:13.551,9.52874,9.53101,1.97,1.00
2017.03.13 19:02:13.901,9.52873,9.5309,1.00,1.00
2017.03.13 19:02:13.952,9.52864,9.5309,1.60,1.00
2017.03.13 19:02:14.054,9.52865,9.5309,1.16,1.00
2017.03.13 19:02:14.155,9.52864,9.5309,1.60,1.00
2017.03.13 19:02:14.206,9.52865,9.5309,1.49,1.00
2017.03.13 19:02:14.409,9.5287,9.5309,1.00,1.00
2017.03.13 19:02:14.510,9.5287,9.5309,1.19,1.00
2017.03.13 19:02:14.561,9.5287,9.5309,1.00,1.00
2017.03.13 19:02:15.623,9.52869,9.5308,1.00,1.00
2017.03.13 19:02:16.247,9.5287,9.5308,1.00,1.00
2017.03.13 19:02:17.314,9.52846,9.53076,1.00,1.60
2017.03.13 19:02:17.366,9.52886,9.53094,1.00,1.50
2017.03.13 19:02:17.620,9.52921,9.53134,1.00,1.00
2017.03.13 19:02:17.671,9.52921,9.53159,1.37,1.57
2017.03.13 19:02:17.723,9.52921,9.53159,1.75,1.41
2017.03.13 19:02:17.774,9.52921,9.5315,1.37,1.22
2017.03.13 19:02:17.825,9.52921,9.5315,1.37,1.41
2017.03.13 19:02:18.028,9.5292,9.53137,2.10,1.00
2017.03.13 19:02:18.078,9.52916,9.53137,1.50,1.19
2017.03.13 19:02:18.129,9.52902,9.5313,1.37,1.19
2017.03.13 19:02:18.180,9.52891,9.53124,1.37,1.54
2017.03.13 19:02:18.384,9.52911,9.53127,1.00,1.79
2017.03.13 19:02:18.435,9.52911,9.53127,1.00,1.00
2017.03.13 19:02:18.637,9.52911,9.53127,1.00,1.19
2017.03.13 19:02:18.840,9.5293,9.53136,1.00,1.00
2017.03.13 19:02:18.992,9.5293,9.53136,1.12,1.19
2017.03.13 19:02:19.295,9.5293,9.53164,1.97,1.41
2017.03.13 19:02:19.346,9.5294,9.53164,2.47,1.22
2017.03.13 19:02:19.448,9.5293,9.53164,1.97,1.41
2017.03.13 19:02:19.753,9.52966,9.53154,1.00,1.91
2017.03.13 19:02:20.057,9.52966,9.53154,1.00,1.91
2017.03.13 19:02:20.108,9.52966,9.53154,1.00,1.72
2017.03.13 19:02:20.214,9.52966,9.53154,1.00,1.91
2017.03.13 19:02:20.718,9.52966,9.53154,1.00,1.91
2017.03.13 19:02:20.769,9.5293,9.53144,2.25,1.41
2017.03.13 19:02:20.870,9.5293,9.53144,2.25,2.09
2017.03.13 19:02:21.510,9.5294,9.53144,1.00,1.49
2017.03.13 19:02:21.813,9.52966,9.53149,1.00,1.22
2017.03.13 19:02:22.370,9.52966,9.53154,1.00,1.41
2017.03.13 19:02:22.725,9.52965,9.53155,1.00,1.41
2017.03.13 19:02:22.777,9.52943,9.5316,1.97,3.75
2017.03.13 19:02:22.926,9.52944,9.5317,1.37,1.00
2017.03.13 19:02:22.980,9.52966,9.53174,1.35,1.00
2017.03.13 19:02:23.031,9.52966,9.53185,1.35,1.00
2017.03.13 19:02:23.082,9.52972,9.53185,1.35,1.00
2017.03.13 19:02:23.234,9.5297,9.53185,2.25,1.00
2017.03.13 19:02:23.285,9.5296,9.53185,1.87,1.00
2017.03.13 19:02:24.114,9.5296,9.53185,2.62,1.00
2017.03.13 19:02:26.876,9.52969,9.53185,2.85,1.00
2017.03.13 19:02:27.538,9.5297,9.53185,2.25,1.00
2017.03.13 19:02:28.415,9.5297,9.53193,2.25,1.37
2017.03.13 19:02:29.172,9.52964,9.53193,1.35,1.37
2017.03.13 19:02:34.357,9.5296,9.5319,2.25,1.37
2017.03.13 19:02:34.458,9.5296,9.5319,2.25,1.37
2017.03.13 19:02:35.923,9.52965,9.5319,1.00,1.37
2017.03.13 19:02:37.040,9.5295,9.5319,2.25,3.22
2017.03.13 19:02:37.091,9.5295,9.5319,2.25,3.22
2017.03.13 19:02:37.242,9.5295,9.5318,2.25,1.00
2017.03.13 19:02:38.990,9.5295,9.53181,2.25,1.00
2017.03.13 19:02:42.773,9.5294,9.53168,3.00,1.00
2017.03.13 19:02:43.413,9.5294,9.53168,1.00,1.00
2017.03.13 19:02:43.734,9.5293,9.53168,3.00,1.00
2017.03.13 19:02:43.785,9.5293,9.53161,3.00,1.00
2017.03.13 19:02:45.070,9.5293,9.53161,1.35,1.00
2017.03.13 19:02:45.706,9.5293,9.53161,3.00,1.00
2017.03.13 19:02:46.936,9.52931,9.53163,1.35,1.00
2017.03.13 19:02:47.534,9.52929,9.53163,3.00,1.00
2017.03.13 19:02:47.838,9.5293,9.5316,3.00,1.00
2017.03.13 19:02:48.155,9.5293,9.5316,1.00,1.00
2017.03.13 19:02:48.458,9.5293,9.5315,1.00,1.00
2017.03.13 19:02:49.125,9.5292,9.5315,1.87,1.00
2017.03.13 19:02:49.176,9.52917,9.5315,1.00,1.00
2017.03.13 19:02:49.227,9.52917,9.53134,1.00,1.00
2017.03.13 19:02:49.601,9.52898,9.53125,1.00,1.00
2017.03.13 19:02:50.107,9.52898,9.53124,1.00,1.00
2017.03.13 19:02:50.613,9.52889,9.53124,1.87,1.00
2017.03.13 19:02:50.815,9.52885,9.53124,1.37,1.12
2017.03.13 19:02:50.917,9.5288,9.53104,2.62,1.00
2017.03.13 19:02:51.378,9.52879,9.53104,1.00,1.00
2017.03.13 19:02:51.944,9.5288,9.53104,1.00,1.00
2017.03.13 19:02:52.696,9.5288,9.53114,1.00,1.00
2017.03.13 19:02:54.065,9.52874,9.53104,1.75,1.00
2017.03.13 19:02:54.217,9.5288,9.53115,1.00,1.97
2017.03.13 19:02:54.268,9.5288,9.53115,1.97,1.37
2017.03.13 19:02:54.572,9.5288,9.531,1.00,1.00
2017.03.13 19:02:54.623,9.5286,9.531,1.87,1.50
2017.03.13 19:02:54.674,9.5286,9.5309,1.87,1.00
2017.03.13 19:02:54.775,9.52841,9.53074,1.75,1.00
2017.03.13 19:02:54.826,9.52841,9.53074,1.37,1.00
2017.03.13 19:02:54.877,9.52839,9.53064,2.25,1.00
2017.03.13 19:02:55.079,9.52835,9.53075,1.37,1.00
2017.03.13 19:02:55.130,9.52835,9.53075,1.75,1.00
2017.03.13 19:02:55.434,9.52833,9.53059,1.00,1.00
2017.03.13 19:02:55.737,9.5288,9.5311,3.00,1.50
2017.03.13 19:02:55.788,9.5288,9.5311,1.00,1.00
2017.03.13 19:02:56.160,9.5288,9.53124,3.37,1.12
2017.03.13 19:02:56.515,9.52883,9.5312,1.37,1.00
2017.03.13 19:02:57.091,9.52879,9.5312,3.37,1.37
2017.03.13 19:02:57.142,9.5288,9.5312,1.12,3.37
2017.03.13 19:02:57.395,9.52879,9.5312,2.62,1.00
2017.03.13 19:02:57.446,9.5288,9.5312,1.87,1.50
2017.03.13 19:02:57.701,9.5288,9.5312,1.87,1.50
2017.03.13 19:02:57.853,9.5288,9.5312,1.87,1.50
2017.03.13 19:02:58.027,9.5288,9.5312,1.87,1.50
2017.03.13 19:02:58.367,9.5288,9.5312,1.87,1.50
2017.03.13 19:02:58.725,9.5288,9.5312,1.87,1.00
2017.03.13 19:02:58.988,9.5288,9.53122,1.87,1.00
2017.03.13 19:02:59.292,9.5288,9.5312,1.87,1.00
2017.03.13 19:02:59.393,9.5288,9.5312,1.87,1.00
2017.03.13 19:02:59.601,9.5288,9.5312,1.50,1.00
2017.03.13 19:02:59.753,9.5288,9.5312,1.87,1.00
2017.03.13 19:02:59.916,9.5288,9.5312,1.50,1.00
2017.03.13 19:02:59.967,9.52879,9.53122,1.87,1.00
2017.03.13 19:03:00.018,9.5288,9.5312,1.50,1.00
2017.03.13 19:03:00.287,9.5288,9.53122,1.50,1.00
2017.03.13 19:03:00.338,9.5288,9.5312,1.50,1.00
2017.03.13 19:03:00.569,9.52879,9.53122,1.87,1.00
2017.03.13 19:03:00.620,9.5288,9.5312,1.50,1.00
2017.03.13 19:03:00.898,9.5288,9.53122,1.50,1.00
2017.03.13 19:03:00.949,9.5288,9.5312,1.50,1.00
2017.03.13 19:03:01.228,9.5288,9.53122,1.87,1.00
2017.03.13 19:03:01.279,9.5288,9.5312,1.87,1.00
2017.03.13 19:03:01.588,9.52879,9.53121,1.87,1.00
2017.03.13 19:03:01.971,9.5288,9.5312,1.87,1.00
2017.03.13 19:03:02.182,9.5288,9.53122,1.87,1.00
2017.03.13 19:03:02.284,9.5288,9.53122,1.87,1.00
2017.03.13 19:03:02.508,9.5288,9.53122,1.87,1.00
2017.03.13 19:03:02.610,9.5288,9.53122,1.87,1.00
2017.03.13 19:03:02.780,9.5288,9.53122,1.87,1.00
2017.03.13 19:03:02.932,9.5288,9.53122,1.87,1.00
2017.03.13 19:03:03.099,9.5288,9.53122,1.87,1.00
2017.03.13 19:03:03.200,9.5288,9.5312,1.87,1.00
2017.03.13 19:03:03.442,9.5288,9.53122,1.87,1.00
2017.03.13 19:03:03.543,9.5288,9.53122,1.87,1.00
2017.03.13 19:03:03.748,9.5288,9.53122,1.87,1.00
2017.03.13 19:03:03.849,9.5288,9.53122,1.87,1.00
2017.03.13 19:03:04.077,9.5288,9.53122,1.87,1.00
2017.03.13 19:03:04.178,9.5288,9.53122,1.87,1.00
2017.03.13 19:03:04.408,9.5288,9.53122,1.87,1.00
2017.03.13 19:03:04.510,9.5288,9.53122,1.87,1.00
2017.03.13 19:03:04.684,9.5288,9.53122,1.87,1.00
2017.03.13 19:03:04.836,9.5288,9.53122,1.87,1.00
2017.03.13 19:03:04.999,9.5288,9.53122,1.87,1.00
2017.03.13 19:03:05.100,9.5288,9.5312,1.87,1.00
2017.03.13 19:03:05.367,9.5288,9.53122,1.87,1.00
2017.03.13 19:03:05.418,9.5288,9.5312,1.87,1.00
2017.03.13 19:03:05.791,9.5288,9.53122,1.87,1.00
2017.03.13 19:03:05.955,9.5288,9.53122,1.87,1.00
2017.03.13 19:03:06.107,9.5288,9.53122,1.87,1.00
2017.03.13 19:03:06.267,9.5288,9.53122,1.87,1.00
2017.03.13 19:03:06.419,9.5288,9.53122,1.87,1.00
2017.03.13 19:03:06.623,9.5288,9.53122,1.87,1.00
2017.03.13 19:03:06.724,9.5288,9.53122,1.87,1.00
2017.03.13 19:03:06.947,9.5288,9.53122,1.87,1.00
2017.03.13 19:03:07.050,9.5288,9.53122,1.87,1.00
2017.03.13 19:03:07.218,9.5288,9.53122,1.87,1.00
2017.03.13 19:03:07.371,9.52879,9.53122,1.87,1.00
2017.03.13 19:03:07.537,9.52879,9.53122,1.87,1.00
2017.03.13 19:03:07.689,9.5288,9.5312,1.87,1.00
2017.03.13 19:03:07.878,9.5288,9.5312,1.87,1.00
2017.03.13 19:03:07.980,9.5288,9.5312,2.62,1.00
2017.03.13 19:03:08.169,9.5288,9.5312,2.62,1.00
2017.03.13 19:03:08.220,9.52883,9.53121,1.00,1.00
2017.03.13 19:03:08.532,9.5289,9.5313,1.50,1.00
2017.03.13 19:03:08.835,9.52888,9.5313,1.37,1.00
2017.03.13 19:03:10.076,9.52888,9.53131,1.37,1.00
2017.03.13 19:03:10.627,9.52888,9.5313,1.37,1.00
2017.03.13 19:03:10.958,9.52888,9.5313,1.56,1.00
2017.03.13 19:03:11.110,9.52896,9.5313,1.62,1.00
2017.03.13 19:03:11.363,9.52889,9.53121,2.25,1.00
2017.03.13 19:03:11.414,9.5289,9.5313,2.25,1.00
2017.03.13 19:03:11.465,9.5289,9.5312,2.25,1.00
2017.03.13 19:03:11.761,9.5289,9.5313,2.25,1.00
2017.03.13 19:03:12.064,9.5289,9.5312,2.25,1.00
2017.03.13 19:03:12.512,9.5289,9.5312,2.25,1.00
2017.03.13 19:03:12.779,9.5289,9.5313,1.87,1.00
2017.03.13 19:03:12.880,9.5289,9.5313,2.25,1.00
2017.03.13 19:03:12.982,9.52884,9.5312,1.75,1.50
2017.03.13 19:03:13.559,9.5288,9.53119,2.25,1.00
2017.03.13 19:03:13.775,9.5288,9.5312,1.87,1.00
2017.03.13 19:03:13.826,9.5288,9.5312,1.00,1.00
2017.03.13 19:03:13.877,9.52881,9.5312,1.37,1.00
2017.03.13 19:03:14.402,9.52881,9.5312,1.37,1.00
2017.03.13 19:03:14.453,9.52881,9.5312,1.37,1.00
2017.03.13 19:03:14.692,9.52881,9.5312,1.37,1.00
2017.03.13 19:03:14.995,9.5288,9.53116,1.00,1.00
2017.03.13 19:03:15.148,9.52879,9.53116,1.37,1.37
2017.03.13 19:03:15.453,9.52877,9.53104,1.00,1.00
2017.03.13 19:03:15.505,9.52877,9.53115,1.00,1.37
2017.03.13 19:03:15.606,9.52877,9.53104,1.00,1.00
2017.03.13 19:03:15.782,9.52877,9.53114,1.00,1.12
2017.03.13 19:03:15.934,9.52877,9.53103,1.00,1.00
2017.03.13 19:03:18.764,9.52865,9.53103,1.75,1.00
2017.03.13 19:03:25.820,9.52863,9.53108,1.75,1.00
2017.03.13 19:03:26.689,9.52863,9.53099,1.75,1.00
2017.03.13 19:03:26.942,9.52863,9.53099,1.37,1.00
2017.03.13 19:03:27.936,9.52863,9.53099,1.00,1.00
2017.03.13 19:03:28.090,9.52863,9.53099,1.37,1.00
2017.03.13 19:03:28.394,9.52863,9.53099,1.37,1.00
2017.03.13 19:03:28.697,9.52863,9.53099,1.00,1.00
2017.03.13 19:03:28.996,9.52863,9.53099,1.37,1.00
2017.03.13 19:03:30.934,9.52863,9.53101,1.37,1.00
2017.03.13 19:03:31.543,9.52863,9.531,1.37,1.00
2017.03.13 19:03:34.525,9.52863,9.531,1.00,1.00
2017.03.13 19:03:34.576,9.52856,9.531,1.50,1.00
2017.03.13 19:03:34.627,9.5286,9.531,1.37,1.00
2017.03.13 19:03:34.931,9.52886,9.5312,1.37,1.00
2017.03.13 19:03:35.232,9.52898,9.53131,1.37,1.00
2017.03.13 19:03:36.144,9.52898,9.53132,1.56,1.00
2017.03.13 19:03:37.998,9.52898,9.53134,1.56,1.00
2017.03.13 19:03:54.704,9.52897,9.53123,1.00,1.00
2017.03.13 19:03:55.011,9.52878,9.53123,1.37,1.50
2017.03.13 19:03:55.061,9.52878,9.53106,1.37,1.00
2017.03.13 19:03:55.310,9.52878,9.53118,1.00,1.00
2017.03.13 19:03:55.411,9.52878,9.53118,1.37,1.00
2017.03.13 19:03:55.664,9.52878,9.53118,1.00,1.00
2017.03.13 19:03:55.765,9.52878,9.53118,1.37,1.00
2017.03.13 19:03:55.938,9.52878,9.53118,1.00,1.00
2017.03.13 19:03:56.090,9.52878,9.53118,1.37,1.00
2017.03.13 19:03:56.265,9.52878,9.53118,1.00,1.00
2017.03.13 19:03:56.366,9.52878,9.53118,1.37,1.00
2017.03.13 19:03:56.572,9.52878,9.53118,1.00,1.00
2017.03.13 19:03:56.676,9.52878,9.53118,1.37,1.00
2017.03.13 19:03:56.894,9.52878,9.53118,1.00,1.00
2017.03.13 19:03:56.998,9.52878,9.53118,1.37,1.00
2017.03.13 19:03:57.214,9.52878,9.53119,1.00,1.00
2017.03.13 19:03:57.320,9.52878,9.53118,1.37,1.00
2017.03.13 19:03:57.531,9.52878,9.53118,1.00,1.00
2017.03.13 19:03:57.683,9.52878,9.53118,1.37,1.00
2017.03.13 19:03:57.885,9.52878,9.53118,1.00,1.00
2017.03.13 19:03:57.986,9.52878,9.53119,1.37,1.00
2017.03.13 19:03:58.290,9.52868,9.53105,1.37,1.00
2017.03.13 19:03:58.747,9.52863,9.53095,1.75,1.00
2017.03.13 19:03:58.798,9.52863,9.53095,1.37,1.00
2017.03.13 19:03:59.676,9.52863,9.53095,1.00,1.00
2017.03.13 19:03:59.779,9.52865,9.53095,1.37,1.00
2017.03.13 19:03:59.830,9.52865,9.53107,1.37,1.72
2017.03.13 19:03:59.882,9.5287,9.53107,2.47,1.00
2017.03.13 19:04:00.185,9.5287,9.53107,1.97,1.00
2017.03.13 19:04:00.570,9.5287,9.53105,1.97,1.00
2017.03.13 19:04:00.806,9.5287,9.531,1.37,1.00
2017.03.13 19:04:00.857,9.52854,9.53084,1.75,1.00
2017.03.13 19:04:00.908,9.52853,9.53084,1.37,1.00
2017.03.13 19:04:00.959,9.52853,9.53074,1.37,1.00
2017.03.13 19:04:01.010,9.52853,9.53074,1.00,1.00
2017.03.13 19:04:01.111,9.52853,9.53084,1.00,1.00
2017.03.13 19:04:01.791,9.52847,9.53084,1.37,1.00
2017.03.13 19:04:02.403,9.5284,9.53074,1.00,1.00
2017.03.13 19:04:05.906,9.5284,9.53085,1.50,1.37
2017.03.13 19:04:06.008,9.5284,9.53074,1.00,1.00
2017.03.13 19:04:06.177,9.5284,9.53084,1.50,1.12
2017.03.13 19:04:06.811,9.5284,9.53084,3.37,1.00
2017.03.13 19:04:06.862,9.5285,9.53089,1.00,1.00
2017.03.13 19:04:07.116,9.52843,9.53089,1.37,1.00
2017.03.13 19:04:16.104,9.52849,9.53085,1.00,1.00
2017.03.13 19:04:16.395,9.52849,9.53089,1.12,1.00
2017.03.13 19:04:16.446,9.52849,9.53089,1.37,1.00
2017.03.13 19:04:16.888,9.5285,9.53089,1.37,1.00
2017.03.13 19:04:18.973,9.5286,9.531,1.56,1.00
2017.03.13 19:04:20.780,9.5286,9.531,1.56,1.00
2017.03.13 19:04:23.102,9.5286,9.53105,2.81,1.00
2017.03.13 19:04:28.165,9.5286,9.53104,1.56,1.00
2017.03.13 19:04:28.317,9.5286,9.53105,1.56,1.00
2017.03.13 19:04:28.469,9.5286,9.53102,1.56,1.00
2017.03.13 19:04:29.624,9.5286,9.53104,1.56,1.00
2017.03.13 19:04:40.463,9.5286,9.53104,2.06,1.00
2017.03.13 19:04:40.514,9.5286,9.53104,1.56,1.00
2017.03.13 19:04:43.724,9.52866,9.53109,1.62,1.00
2017.03.13 19:04:47.501,9.52875,9.53109,1.37,1.00
2017.03.13 19:04:50.008,9.52875,9.53109,1.37,1.00
2017.03.13 19:04:53.130,9.5288,9.5311,1.37,1.00
2017.03.13 19:05:04.521,9.52867,9.53094,1.00,1.50
2017.03.13 19:05:04.572,9.52861,9.53094,1.00,1.00
2017.03.13 19:05:04.673,9.52861,9.53084,1.00,1.00
2017.03.13 19:05:05.091,9.52849,9.53084,1.00,1.00
2017.03.13 19:05:05.193,9.52849,9.53074,1.00,1.00
2017.03.13 19:05:06.084,9.5285,9.53074,1.00,1.00
2017.03.13 19:05:06.594,9.52849,9.53074,1.00,1.00
2017.03.13 19:05:07.339,9.52849,9.53085,1.00,1.37
2017.03.13 19:05:08.068,9.52849,9.53076,1.00,1.00
2017.03.13 19:05:08.628,9.5284,9.53076,1.37,1.00
2017.03.13 19:05:10.550,9.5284,9.53076,1.00,1.00
2017.03.13 19:05:10.601,9.5284,9.53086,1.00,1.37
2017.03.13 19:05:10.803,9.5285,9.53083,1.00,1.00
2017.03.13 19:05:11.115,9.5284,9.53076,1.37,1.00
2017.03.13 19:05:11.729,9.5285,9.53083,1.00,1.00
2017.03.13 19:05:13.029,9.5284,9.53083,1.37,1.00
2017.03.13 19:05:13.361,9.5284,9.53076,1.37,1.00
2017.03.13 19:05:14.520,9.5284,9.53083,1.37,1.00
2017.03.13 19:05:14.699,9.5284,9.53075,1.37,1.00
2017.03.13 19:05:15.153,9.5285,9.53075,1.00,1.00
2017.03.13 19:05:15.204,9.5284,9.53075,1.00,1.00
2017.03.13 19:05:15.509,9.52849,9.53075,1.00,1.00
2017.03.13 19:05:15.560,9.5284,9.53075,1.00,1.00
2017.03.13 19:05:15.781,9.5285,9.53075,1.00,1.00
2017.03.13 19:05:15.883,9.5284,9.53075,1.00,1.00
2017.03.13 19:05:16.102,9.5285,9.53075,1.00,1.00
2017.03.13 19:05:16.153,9.5284,9.53075,1.00,1.00
2017.03.13 19:05:16.417,9.5285,9.53075,1.00,1.00
2017.03.13 19:05:16.518,9.5284,9.53075,1.00,1.00
2017.03.13 19:05:16.737,9.52849,9.53075,1.00,1.00
2017.03.13 19:05:16.838,9.5284,9.53075,1.00,1.00
2017.03.13 19:05:17.057,9.5285,9.53075,1.00,1.00
2017.03.13 19:05:17.158,9.5284,9.53075,1.00,1.00
2017.03.13 19:05:17.378,9.5285,9.53074,1.00,1.00
2017.03.13 19:05:17.428,9.5284,9.53074,1.37,1.00
2017.03.13 19:05:18.037,9.5285,9.53074,1.00,1.00
2017.03.13 19:05:18.088,9.5284,9.53074,1.37,1.00
2017.03.13 19:05:18.368,9.5285,9.53074,1.00,1.00
2017.03.13 19:05:18.418,9.5284,9.53074,1.37,1.00
2017.03.13 19:05:18.647,9.5285,9.53074,1.00,1.00
2017.03.13 19:05:18.698,9.5285,9.53083,1.00,1.00
2017.03.13 19:05:18.900,9.5285,9.53083,1.37,1.00
2017.03.13 19:05:21.263,9.5285,9.53083,1.56,1.00
2017.03.13 19:05:21.364,9.52849,9.53094,1.56,1.00
2017.03.13 19:05:33.416,9.52849,9.5309,1.56,1.00
2017.03.13 19:05:34.133,9.52849,9.5309,1.56,1.00
2017.03.13 19:05:38.680,9.52851,9.5309,1.56,1.00
2017.03.13 19:05:39.011,9.52849,9.53081,1.19,1.00
2017.03.13 19:05:39.062,9.52839,9.5308,1.37,1.00
2017.03.13 19:05:39.163,9.52839,9.53064,1.00,1.00
2017.03.13 19:05:39.332,9.52828,9.5306,1.00,1.00
2017.03.13 19:05:39.383,9.52828,9.53045,1.00,1.00
2017.03.13 19:05:39.535,9.5288,9.53103,3.37,1.00
2017.03.13 19:05:39.637,9.52876,9.53118,1.37,1.00
2017.03.13 19:05:40.142,9.52875,9.53119,1.94,1.00
2017.03.13 19:05:40.344,9.52875,9.53119,1.94,1.37
2017.03.13 19:05:40.647,9.5287,9.53106,1.94,1.00
2017.03.13 19:05:40.850,9.5287,9.53106,1.37,1.00
2017.03.13 19:05:42.634,9.5286,9.53094,2.06,1.00
2017.03.13 19:05:42.786,9.52849,9.53083,2.25,1.00
2017.03.13 19:05:43.274,9.52849,9.53081,2.62,1.00
2017.03.13 19:05:43.376,9.52849,9.53079,1.00,1.00
2017.03.13 19:05:43.426,9.5284,9.5307,2.25,1.00
2017.03.13 19:05:43.528,9.5284,9.53079,2.25,1.00
2017.03.13 19:05:43.629,9.5284,9.5307,2.25,1.00
2017.03.13 19:05:43.852,9.52837,9.53079,1.37,1.50
2017.03.13 19:05:43.903,9.52837,9.5307,1.37,1.00
2017.03.13 19:05:43.955,9.5283,9.53064,3.00,1.00
2017.03.13 19:05:44.056,9.5283,9.53064,1.37,1.00
2017.03.13 19:05:44.158,9.5283,9.5306,1.37,1.00
2017.03.13 19:05:44.209,9.5283,9.53064,1.37,1.00
2017.03.13 19:05:44.412,9.5283,9.53062,1.37,1.00
2017.03.13 19:05:44.715,9.5283,9.53062,2.62,1.00
2017.03.13 19:05:45.735,9.5283,9.53062,2.62,1.00
2017.03.13 19:05:50.828,9.5283,9.53062,2.62,1.00
2017.03.13 19:05:50.980,9.52835,9.5308,1.75,1.00
2017.03.13 19:05:51.931,9.52835,9.5308,1.87,1.00
2017.03.13 19:05:51.982,9.52839,9.53084,1.37,1.50
2017.03.13 19:05:52.033,9.52839,9.53084,1.37,1.50
2017.03.13 19:05:52.538,9.52856,9.53091,1.37,1.00
2017.03.13 19:05:55.308,9.52863,9.53091,1.97,1.00
2017.03.13 19:05:55.359,9.5287,9.53101,1.97,1.00
2017.03.13 19:05:55.612,9.5288,9.53112,1.37,1.00
2017.03.13 19:05:58.875,9.5288,9.53107,1.72,1.00
2017.03.13 19:05:59.280,9.5289,9.53107,1.37,1.00
2017.03.13 19:05:59.331,9.5289,9.53117,1.37,1.00
2017.03.13 19:05:59.892,9.52893,9.5313,1.37,1.00
2017.03.13 19:05:59.943,9.52894,9.53137,1.37,1.00
2017.03.13 19:05:59.993,9.52894,9.53137,1.56,1.00
2017.03.13 19:06:00.527,9.52894,9.53137,1.56,1.00
2017.03.13 19:06:01.483,9.52894,9.53137,1.56,1.00
2017.03.13 19:06:02.123,9.52894,9.53137,1.56,1.00
2017.03.13 19:06:04.127,9.52894,9.53137,1.56,1.00
2017.03.13 19:06:05.038,9.52901,9.53137,1.37,1.00
2017.03.13 19:06:06.979,9.52909,9.53148,1.87,1.00
2017.03.13 19:06:07.196,9.52901,9.53137,1.37,1.00
2017.03.13 19:06:07.501,9.5291,9.53137,1.50,1.00
2017.03.13 19:06:07.603,9.52903,9.53137,1.37,1.00
2017.03.13 19:06:07.856,9.52914,9.53137,1.37,1.00
2017.03.13 19:06:08.007,9.52914,9.53137,1.37,1.00
2017.03.13 19:06:08.160,9.52914,9.53137,1.37,1.00
2017.03.13 19:06:08.312,9.52914,9.53142,1.37,1.00
2017.03.13 19:06:08.391,9.52914,9.53142,1.37,1.00
2017.03.13 19:06:08.492,9.52914,9.53142,1.37,1.00
2017.03.13 19:06:08.645,9.52914,9.53142,1.37,1.00
2017.03.13 19:06:08.746,9.52919,9.53148,1.37,1.00
2017.03.13 19:06:09.069,9.52914,9.53138,1.37,1.00
2017.03.13 19:06:09.327,9.5292,9.53156,1.50,1.00
2017.03.13 19:06:10.304,9.52918,9.53156,1.37,1.00
2017.03.13 19:06:10.405,9.52927,9.53156,1.37,1.00
2017.03.13 19:06:11.534,9.52913,9.5315,1.75,1.00
2017.03.13 19:06:11.864,9.52912,9.5315,1.37,1.12
2017.03.13 19:06:12.015,9.52912,9.5315,1.37,1.12
2017.03.13 19:06:12.220,9.52936,9.53156,1.00,1.37
2017.03.13 19:06:12.627,9.5293,9.53156,4.12,1.37
2017.03.13 19:06:12.874,9.52924,9.53156,1.00,1.37
2017.03.13 19:06:12.925,9.52924,9.53144,1.00,1.00
2017.03.13 19:06:13.027,9.52924,9.5315,1.37,1.00
2017.03.13 19:06:13.279,9.52946,9.53156,1.37,1.37
2017.03.13 19:06:13.831,9.52946,9.53156,1.37,1.00
2017.03.13 19:06:13.882,9.52946,9.53164,1.37,1.37
2017.03.13 19:06:13.933,9.52945,9.53165,1.00,1.37
2017.03.13 19:06:14.034,9.5293,9.53164,1.12,1.37
2017.03.13 19:06:14.085,9.52936,9.53164,2.62,1.37
2017.03.13 19:06:15.139,9.5294,9.53164,3.00,1.37
2017.03.13 19:06:15.190,9.52934,9.53164,1.37,1.37
2017.03.13 19:06:15.393,9.52946,9.53164,1.37,1.37
2017.03.13 19:06:15.898,9.52945,9.53161,1.37,1.37
2017.03.13 19:06:16.353,9.52929,9.5316,1.37,1.37
2017.03.13 19:06:16.605,9.5293,9.53164,1.37,1.37
2017.03.13 19:06:17.372,9.52936,9.53164,1.37,1.37
2017.03.13 19:06:17.524,9.5293,9.5315,1.37,1.00
2017.03.13 19:06:17.841,9.52935,9.5316,1.37,1.37
2017.03.13 19:06:18.600,9.52935,9.53164,1.00,1.87
2017.03.13 19:06:18.651,9.52939,9.53158,1.00,1.37
2017.03.13 19:06:18.752,9.52919,9.53158,1.87,1.37
2017.03.13 19:06:18.803,9.52932,9.5316,2.62,1.37
2017.03.13 19:06:19.473,9.52939,9.53161,3.37,1.37
2017.03.13 19:06:19.870,9.52931,9.5316,1.00,1.37
2017.03.13 19:06:19.921,9.5293,9.53153,1.37,1.00
2017.03.13 19:06:20.229,9.52966,9.53164,1.12,1.37
2017.03.13 19:06:20.810,9.52965,9.53165,1.37,1.37
2017.03.13 19:06:20.861,9.5294,9.53162,1.00,1.00
2017.03.13 19:06:20.913,9.52932,9.53165,1.37,1.37
2017.03.13 19:06:21.014,9.5293,9.53164,1.37,1.37
2017.03.13 19:06:21.065,9.52928,9.53155,1.00,1.00
2017.03.13 19:06:21.116,9.52917,9.53154,1.37,1.00
2017.03.13 19:06:21.167,9.52917,9.53154,1.37,1.37
2017.03.13 19:06:21.420,9.52909,9.5314,1.37,1.00
2017.03.13 19:06:21.521,9.52909,9.53144,1.37,1.00
2017.03.13 19:06:21.732,9.52909,9.53145,1.37,1.00
2017.03.13 19:06:21.884,9.52909,9.53144,1.00,1.00
2017.03.13 19:06:22.087,9.5291,9.5314,1.00,1.00
2017.03.13 19:06:22.238,9.52899,9.5314,1.37,1.00
2017.03.13 19:06:22.314,9.52899,9.53134,1.37,1.00
2017.03.13 19:06:22.365,9.52899,9.5314,1.37,1.00
2017.03.13 19:06:22.416,9.52899,9.5314,1.00,1.00
2017.03.13 19:06:22.467,9.52899,9.53134,1.00,1.00
2017.03.13 19:06:22.821,9.52886,9.53128,1.37,1.00
2017.03.13 19:06:23.296,9.5289,9.53128,1.37,1.00
2017.03.13 19:06:23.604,9.52893,9.53134,1.37,1.00
2017.03.13 19:06:23.958,9.5289,9.53125,1.37,1.00
2017.03.13 19:06:24.264,9.5289,9.53125,1.37,1.00
2017.03.13 19:06:24.365,9.52883,9.53125,1.75,1.00
2017.03.13 19:06:24.568,9.52886,9.53125,1.37,1.00
2017.03.13 19:06:24.619,9.52886,9.53116,1.37,1.00
2017.03.13 19:06:24.669,9.52886,9.53116,1.12,1.00
2017.03.13 19:06:24.923,9.52873,9.53115,1.37,1.00
2017.03.13 19:06:25.328,9.52871,9.53114,1.37,1.00
2017.03.13 19:06:26.309,9.52871,9.53114,1.37,1.00
2017.03.13 19:06:26.664,9.52871,9.53115,1.37,1.37
2017.03.13 19:06:27.018,9.52871,9.5311,1.37,1.00
2017.03.13 19:06:27.283,9.52871,9.5311,1.37,1.00
2017.03.13 19:06:27.486,9.52866,9.53105,1.50,1.00
2017.03.13 19:06:28.939,9.52866,9.53104,1.50,1.00
2017.03.13 19:06:30.208,9.52866,9.53104,1.50,1.00
2017.03.13 19:06:30.485,9.52866,9.53104,1.50,1.00
2017.03.13 19:06:30.865,9.52866,9.53104,1.50,1.00
2017.03.13 19:06:31.510,9.52866,9.53104,1.50,1.00
2017.03.13 19:06:31.561,9.52866,9.53104,1.50,1.00
2017.03.13 19:06:31.759,9.52866,9.53104,1.50,1.00
2017.03.13 19:06:32.143,9.52866,9.531,1.50,1.00
2017.03.13 19:06:38.613,9.52866,9.53103,1.50,1.00
2017.03.13 19:06:38.664,9.52874,9.53103,1.37,1.00
2017.03.13 19:06:39.386,9.5288,9.53115,1.56,1.00
2017.03.13 19:06:43.922,9.5288,9.53117,1.56,1.00
2017.03.13 19:06:43.973,9.5288,9.53117,1.56,1.00
2017.03.13 19:06:46.668,9.5288,9.5311,1.56,1.00
2017.03.13 19:06:46.769,9.5287,9.5311,1.37,1.00
2017.03.13 19:06:46.929,9.52867,9.53097,1.37,1.00
2017.03.13 19:06:47.021,9.5286,9.53085,1.00,1.00
2017.03.13 19:06:47.173,9.5286,9.53096,1.00,1.00
2017.03.13 19:06:48.121,9.5286,9.53096,1.37,1.00
2017.03.13 19:06:49.088,9.5286,9.53096,1.00,1.00
2017.03.13 19:06:49.139,9.5286,9.53096,1.00,1.37
2017.03.13 19:06:49.442,9.52842,9.53081,1.75,1.00
2017.03.13 19:06:50.424,9.52836,9.53067,1.50,1.00
2017.03.13 19:06:51.117,9.52836,9.53055,1.12,1.00
2017.03.13 19:06:51.420,9.5283,9.53055,1.50,1.00
2017.03.13 19:06:51.521,9.5283,9.53055,1.87,1.00
2017.03.13 19:06:51.788,9.5283,9.53069,1.37,1.50
2017.03.13 19:06:57.223,9.5283,9.53069,1.37,1.00
2017.03.13 19:06:58.013,9.52829,9.53068,1.87,1.00
2017.03.13 19:06:58.557,9.52829,9.53069,1.87,1.00
2017.03.13 19:06:58.760,9.5283,9.53068,3.37,1.00
2017.03.13 19:06:59.001,9.5284,9.53075,1.87,1.00
2017.03.13 19:06:59.103,9.52835,9.5307,1.75,1.00
2017.03.13 19:06:59.255,9.5284,9.5307,1.87,1.00
2017.03.13 19:06:59.308,9.5284,9.53075,1.87,1.00
2017.03.13 19:06:59.411,9.5284,9.53075,2.25,1.00
2017.03.13 19:06:59.535,9.5284,9.53075,1.87,1.00
2017.03.13 19:06:59.636,9.5284,9.53075,2.25,1.00
2017.03.13 19:06:59.843,9.5284,9.53075,2.25,1.00
2017.03.13 19:06:59.995,9.5284,9.53075,2.25,1.00
2017.03.13 19:07:00.197,9.5284,9.53075,1.87,1.00
2017.03.13 19:07:00.298,9.5284,9.53075,2.25,1.00
2017.03.13 19:07:00.472,9.5284,9.53075,1.87,1.00
2017.03.13 19:07:00.624,9.52839,9.53075,2.25,1.00
2017.03.13 19:07:00.794,9.52839,9.53075,1.87,1.00
2017.03.13 19:07:00.946,9.52839,9.53075,2.25,1.00
2017.03.13 19:07:01.123,9.52839,9.53075,1.87,1.00
2017.03.13 19:07:01.225,9.52839,9.53075,2.25,1.00
2017.03.13 19:07:01.454,9.52839,9.53075,2.25,1.00
2017.03.13 19:07:01.555,9.52839,9.53075,2.25,1.00
2017.03.13 19:07:01.773,9.52839,9.53075,2.25,1.00
2017.03.13 19:07:01.874,9.52839,9.53075,2.25,1.00
2017.03.13 19:07:02.058,9.52839,9.53075,2.25,1.00
2017.03.13 19:07:02.210,9.5284,9.53075,3.00,1.00
2017.03.13 19:07:02.376,9.5284,9.53075,3.00,1.00
2017.03.13 19:07:02.543,9.52839,9.53075,3.00,1.00
2017.03.13 19:07:02.690,9.52839,9.53075,3.00,1.00
2017.03.13 19:07:02.842,9.5284,9.53075,2.25,1.00
2017.03.13 19:07:03.009,9.5284,9.53075,2.25,1.00
2017.03.13 19:07:03.110,9.5284,9.53075,2.25,1.00
2017.03.13 19:07:03.349,9.5284,9.53075,2.25,1.00
2017.03.13 19:07:03.450,9.5284,9.53075,2.25,1.00
2017.03.13 19:07:03.677,9.5284,9.53075,2.25,1.00
2017.03.13 19:07:03.778,9.5284,9.53075,2.25,1.00
2017.03.13 19:07:03.972,9.5284,9.53075,2.25,1.00
2017.03.13 19:07:04.073,9.5284,9.53075,2.25,1.00
2017.03.13 19:07:04.279,9.5284,9.53075,2.25,1.00
2017.03.13 19:07:04.431,9.5284,9.53075,2.25,1.00
2017.03.13 19:07:04.597,9.5284,9.53075,2.25,1.00
2017.03.13 19:07:04.749,9.52839,9.53075,3.75,1.00
2017.03.13 19:07:04.913,9.52839,9.53075,3.75,1.00
2017.03.13 19:07:05.065,9.5284,9.53075,2.25,1.00
2017.03.13 19:07:05.272,9.5284,9.53075,2.25,1.00
2017.03.13 19:07:05.374,9.5284,9.53075,2.25,1.00
2017.03.13 19:07:05.588,9.5284,9.53075,2.25,1.00
2017.03.13 19:07:05.738,9.5284,9.53075,3.00,1.00
2017.03.13 19:07:05.875,9.5284,9.53075,3.00,1.00
2017.03.13 19:07:05.976,9.5284,9.53075,2.25,1.00
2017.03.13 19:07:06.189,9.5284,9.53075,2.25,1.00
2017.03.13 19:07:06.341,9.5284,9.53075,2.25,1.00
2017.03.13 19:07:06.537,9.5284,9.53075,2.25,1.00
2017.03.13 19:07:06.639,9.5284,9.53075,2.25,1.00
2017.03.13 19:07:06.826,9.5284,9.53075,2.25,1.00
2017.03.13 19:07:06.977,9.5284,9.53075,2.25,1.00
2017.03.13 19:07:07.173,9.5284,9.53075,2.25,1.00
2017.03.13 19:07:07.274,9.5284,9.53075,2.25,1.00
2017.03.13 19:07:07.468,9.5284,9.53075,2.25,1.00
2017.03.13 19:07:07.620,9.5284,9.53075,2.25,1.00
2017.03.13 19:07:07.786,9.5284,9.53075,2.25,1.00
2017.03.13 19:07:07.938,9.5284,9.53075,2.25,1.00
2017.03.13 19:07:08.106,9.5284,9.53075,2.25,1.00
2017.03.13 19:07:08.259,9.5284,9.53075,2.25,1.00
2017.03.13 19:07:08.452,9.5284,9.53077,1.87,1.00
2017.03.13 19:07:08.578,9.5284,9.53077,2.25,1.00
2017.03.13 19:07:08.744,9.5284,9.53077,2.25,1.00
2017.03.13 19:07:08.895,9.5284,9.53077,2.25,1.00
2017.03.13 19:07:09.099,9.5284,9.53077,2.25,1.00
2017.03.13 19:07:09.201,9.52854,9.53086,1.37,1.00
2017.03.13 19:07:09.504,9.52854,9.53086,1.87,1.00
2017.03.13 19:07:09.707,9.52854,9.53096,1.37,1.00
2017.03.13 19:07:10.517,9.52852,9.53096,1.37,1.00
2017.03.13 19:07:10.719,9.52854,9.53098,1.37,1.50
2017.03.13 19:07:10.821,9.52863,9.53098,1.37,1.00
2017.03.13 19:07:11.270,9.5286,9.53098,1.37,1.00
2017.03.13 19:07:11.320,9.5286,9.53089,1.37,1.00
2017.03.13 19:07:11.472,9.52854,9.53098,1.37,1.00
2017.03.13 19:07:11.574,9.52854,9.53093,1.37,1.00
2017.03.13 19:07:11.892,9.52854,9.53094,1.37,1.00
2017.03.13 19:07:11.994,9.52854,9.53084,1.37,1.00
2017.03.13 19:07:12.400,9.52842,9.53084,1.50,1.00
2017.03.13 19:07:12.808,9.52842,9.53085,1.75,1.00
2017.03.13 19:07:13.127,9.52842,9.53074,1.75,1.00
2017.03.13 19:07:13.178,9.52842,9.53074,1.00,1.00
2017.03.13 19:07:13.229,9.52835,9.53074,1.37,1.00
2017.03.13 19:07:13.330,9.52832,9.53074,1.75,1.00
2017.03.13 19:07:13.982,9.52832,9.53064,1.00,1.00
2017.03.13 19:07:14.033,9.5283,9.53054,1.00,1.00
2017.03.13 19:07:14.286,9.52859,9.53093,1.37,1.00
2017.03.13 19:07:14.337,9.5287,9.53093,1.37,1.00
2017.03.13 19:07:14.640,9.5289,9.53124,1.00,1.00
2017.03.13 19:07:14.792,9.52887,9.53124,1.62,1.00
2017.03.13 19:07:15.247,9.5289,9.53124,1.37,1.00
2017.03.13 19:07:16.527,9.52879,9.53119,1.56,1.00
2017.03.13 19:07:18.673,9.52879,9.53119,1.56,1.00
2017.03.13 19:07:18.724,9.52879,9.53119,1.37,1.00
2017.03.13 19:07:19.496,9.52879,9.53108,1.37,1.00
2017.03.13 19:07:19.711,9.52879,9.53118,1.37,1.00
2017.03.13 19:07:19.914,9.52879,9.53118,1.37,1.37
2017.03.13 19:07:20.116,9.52879,9.53116,1.37,1.00
2017.03.13 19:07:20.852,9.5288,9.53116,1.37,1.37
2017.03.13 19:07:21.031,9.5288,9.5312,1.37,1.00
2017.03.13 19:07:21.189,9.52879,9.53114,1.00,1.00
2017.03.13 19:07:21.519,9.5287,9.53098,1.87,1.00
2017.03.13 19:07:22.024,9.52868,9.53098,1.00,1.00
2017.03.13 19:07:22.227,9.5287,9.53098,1.00,1.00
2017.03.13 19:07:22.329,9.52868,9.53098,1.00,1.00
2017.03.13 19:07:22.380,9.5287,9.53098,1.00,1.00
2017.03.13 19:07:22.637,9.52868,9.53108,1.00,1.00
2017.03.13 19:07:22.739,9.5287,9.53108,1.37,1.00
2017.03.13 19:07:24.993,9.5288,9.53111,1.00,1.00
2017.03.13 19:07:25.520,9.5288,9.53108,1.00,1.00
2017.03.13 19:07:25.622,9.5287,9.53111,1.87,1.00
2017.03.13 19:07:25.978,9.5288,9.53111,1.00,1.00
2017.03.13 19:07:26.080,9.5287,9.5311,1.87,1.00
2017.03.13 19:07:26.686,9.5288,9.5311,1.00,1.00
2017.03.13 19:07:27.297,9.5288,9.53111,1.00,1.00
2017.03.13 19:07:27.891,9.52873,9.53111,1.56,1.00
2017.03.13 19:07:27.942,9.52873,9.53111,1.00,1.00
2017.03.13 19:07:27.993,9.5287,9.53111,1.00,1.00
2017.03.13 19:07:28.044,9.52867,9.53111,1.12,1.00
2017.03.13 19:07:28.095,9.52867,9.53111,1.37,1.00
2017.03.13 19:07:28.663,9.52867,9.53102,1.56,1.00
2017.03.13 19:07:28.825,9.52867,9.53111,1.56,1.00
2017.03.13 19:07:29.102,9.52869,9.53101,1.56,1.00
2017.03.13 19:07:29.493,9.52869,9.53113,1.56,1.50
2017.03.13 19:07:30.506,9.52869,9.53103,1.56,1.00
2017.03.13 19:07:30.759,9.5288,9.53113,1.12,1.00
2017.03.13 19:07:31.201,9.5289,9.53116,1.37,1.00
2017.03.13 19:07:31.486,9.5289,9.53122,1.37,1.00
2017.03.13 19:07:50.796,9.5288,9.53109,1.00,1.00
2017.03.13 19:07:50.847,9.52873,9.53109,1.37,1.00
2017.03.13 19:07:51.201,9.52867,9.53097,1.37,1.00
2017.03.13 19:07:51.252,9.52867,9.53097,1.00,1.00
2017.03.13 19:07:51.404,9.52867,9.53087,1.00,1.00
2017.03.13 19:07:51.505,9.52857,9.53087,1.00,1.00
2017.03.13 19:07:52.164,9.52857,9.53076,1.00,1.00
2017.03.13 19:07:53.510,9.52843,9.53076,1.75,1.00
2017.03.13 19:07:54.102,9.52843,9.53076,1.37,1.00
2017.03.13 19:07:57.337,9.52843,9.53076,1.00,1.00
2017.03.13 19:07:59.072,9.52839,9.53076,1.00,1.00
2017.03.13 19:08:00.519,9.52839,9.53077,1.37,1.00
2017.03.13 19:08:00.790,9.52839,9.53086,1.37,1.37
2017.03.13 19:08:00.891,9.52839,9.53074,1.37,1.00
2017.03.13 19:08:01.121,9.52839,9.53084,1.37,1.12
2017.03.13 19:08:01.222,9.52839,9.53074,1.37,1.00
2017.03.13 19:08:02.740,9.52839,9.53074,1.50,1.00
2017.03.13 19:08:05.563,9.52838,9.53074,1.00,1.00
2017.03.13 19:08:05.766,9.52833,9.5307,1.75,1.00
2017.03.13 19:08:06.071,9.5283,9.53064,3.75,1.00
2017.03.13 19:08:06.274,9.5283,9.53065,1.00,1.00
2017.03.13 19:08:06.375,9.5283,9.53055,1.00,1.00
2017.03.13 19:08:06.527,9.52847,9.53088,1.00,1.00
2017.03.13 19:08:06.578,9.52847,9.53074,1.00,1.00
2017.03.13 19:08:06.914,9.52847,9.53085,1.00,1.37
2017.03.13 19:08:07.236,9.52847,9.53074,1.00,1.00
2017.03.13 19:08:07.338,9.52835,9.53081,1.75,1.00
2017.03.13 19:08:07.439,9.52835,9.53074,1.75,1.00
2017.03.13 19:08:07.967,9.52835,9.53074,1.37,1.00
2017.03.13 19:08:08.338,9.5283,9.53069,2.62,1.00
2017.03.13 19:08:08.646,9.5283,9.53064,1.37,1.00
2017.03.13 19:08:08.985,9.5283,9.53054,1.00,1.00
2017.03.13 19:08:09.508,9.52829,9.53054,1.00,1.00
2017.03.13 19:08:09.711,9.5282,9.53054,1.00,1.00
2017.03.13 19:08:09.762,9.52909,9.53061,1.12,1.00
2017.03.13 19:08:09.939,9.5289,9.5308,1.00,1.00
2017.03.13 19:08:09.990,9.5286,9.5308,1.37,1.00
2017.03.13 19:08:10.041,9.52862,9.5309,1.56,1.00
2017.03.13 19:08:10.554,9.52864,9.5309,1.56,1.00
2017.03.13 19:08:10.807,9.52869,9.53106,1.37,1.00
2017.03.13 19:08:11.840,9.52872,9.53116,1.37,1.00
2017.03.13 19:08:23.563,9.5289,9.53118,1.37,1.00
2017.03.13 19:08:26.734,9.5289,9.53118,1.00,1.00
2017.03.13 19:08:26.785,9.5288,9.53118,1.37,1.00
2017.03.13 19:08:29.176,9.5288,9.53115,1.37,1.00
2017.03.13 19:08:29.788,9.5288,9.53112,1.37,1.00
2017.03.13 19:08:30.102,9.5288,9.53115,1.37,1.00
2017.03.13 19:08:31.128,9.5288,9.53115,2.25,1.00
2017.03.13 19:08:31.433,9.52882,9.53115,1.56,1.00
2017.03.13 19:08:31.817,9.52882,9.53115,1.56,1.00
2017.03.13 19:08:32.288,9.52882,9.53125,1.56,1.00
2017.03.13 19:08:33.251,9.52884,9.53128,1.56,1.00
2017.03.13 19:08:33.302,9.52884,9.5312,1.56,1.00
2017.03.13 19:08:33.406,9.5289,9.5312,1.56,1.00
2017.03.13 19:08:33.558,9.5289,9.53128,1.56,1.00
2017.03.13 19:08:34.071,9.5289,9.53128,1.56,1.00
2017.03.13 19:08:34.490,9.52884,9.53128,1.56,1.00
2017.03.13 19:08:35.147,9.52884,9.53128,1.56,1.50
2017.03.13 19:08:35.618,9.52884,9.53128,2.06,1.00
2017.03.13 19:08:35.929,9.52885,9.5312,1.56,1.00
2017.03.13 19:08:36.136,9.52884,9.5312,2.06,1.00
2017.03.13 19:08:36.287,9.52884,9.53127,1.56,1.00
2017.03.13 19:08:36.338,9.52884,9.53128,1.56,1.00
2017.03.13 19:08:37.137,9.52896,9.53128,1.62,1.00
2017.03.13 19:08:38.437,9.52891,9.53128,1.56,1.00
2017.03.13 19:08:38.596,9.52896,9.53131,1.37,1.00
2017.03.13 19:08:39.063,9.52897,9.53134,1.37,1.00
2017.03.13 19:08:39.164,9.52895,9.53134,1.56,1.00
2017.03.13 19:08:39.425,9.52895,9.53134,1.56,1.00
2017.03.13 19:08:39.779,9.52895,9.53131,1.69,1.00
2017.03.13 19:08:40.114,9.52895,9.5312,1.56,1.00
2017.03.13 19:08:40.165,9.52895,9.5312,1.56,1.00
2017.03.13 19:08:40.215,9.52895,9.53111,1.62,1.00
2017.03.13 19:08:40.266,9.52886,9.5312,1.56,1.00
2017.03.13 19:08:40.471,9.529,9.53123,1.37,1.00
2017.03.13 19:08:40.623,9.52903,9.53134,1.37,1.00
2017.03.13 19:08:41.190,9.52898,9.53134,1.37,1.00
2017.03.13 19:08:41.292,9.52893,9.5313,1.56,1.00
2017.03.13 19:08:41.600,9.52893,9.5312,1.56,1.00
2017.03.13 19:08:41.803,9.52898,9.5313,1.37,1.00
2017.03.13 19:08:42.064,9.52898,9.53134,1.37,1.00
2017.03.13 19:08:42.216,9.52898,9.53134,1.37,1.00
2017.03.13 19:08:42.267,9.52898,9.5313,1.37,1.00
2017.03.13 19:08:42.586,9.52897,9.53134,1.37,1.00
2017.03.13 19:08:42.890,9.529,9.5313,1.37,1.00
2017.03.13 19:08:43.045,9.529,9.53134,1.37,1.00
2017.03.13 19:08:43.096,9.5291,9.53138,1.87,1.00
2017.03.13 19:08:43.249,9.52897,9.53138,2.06,1.00
2017.03.13 19:08:43.553,9.5293,9.5315,1.37,1.00
2017.03.13 19:08:43.856,9.5293,9.5315,1.37,1.00
2017.03.13 19:08:44.160,9.52949,9.53158,1.37,1.00
2017.03.13 19:08:44.211,9.5295,9.53169,1.37,1.00
2017.03.13 19:08:44.557,9.52949,9.53176,2.25,1.00
2017.03.13 19:08:45.115,9.52936,9.53176,1.50,1.00
2017.03.13 19:08:45.473,9.5295,9.53176,1.37,1.00
2017.03.13 19:08:45.524,9.52951,9.5318,1.87,1.00
2017.03.13 19:08:46.037,9.52951,9.53183,2.25,1.00
2017.03.13 19:08:46.138,9.52966,9.5316,1.00,1.00
2017.03.13 19:08:46.189,9.52966,9.53184,1.00,1.00
2017.03.13 19:08:46.240,9.52966,9.53184,1.37,1.00
2017.03.13 19:08:46.543,9.52966,9.5318,1.87,1.00
2017.03.13 19:08:46.798,9.52966,9.53184,1.87,1.00
2017.03.13 19:08:47.029,9.52965,9.53186,1.87,1.00
2017.03.13 19:08:47.131,9.52956,9.5319,1.87,1.50
2017.03.13 19:08:47.272,9.52966,9.5318,1.37,1.00
2017.03.13 19:08:47.577,9.52966,9.53187,1.87,1.00
2017.03.13 19:08:47.628,9.52966,9.53187,1.87,1.00
2017.03.13 19:08:47.832,9.52972,9.53187,1.50,1.00
2017.03.13 19:08:47.883,9.52972,9.53187,1.12,1.00
2017.03.13 19:08:48.140,9.52974,9.53187,1.50,1.00
2017.03.13 19:08:48.191,9.52966,9.53187,1.00,1.00
2017.03.13 19:08:48.242,9.52966,9.5319,1.50,1.50
2017.03.13 19:08:48.293,9.52966,9.5319,1.37,1.50
2017.03.13 19:08:48.596,9.52986,9.5319,1.37,1.00
2017.03.13 19:08:49.039,9.52986,9.53197,1.87,1.12
2017.03.13 19:08:49.343,9.52974,9.5319,1.12,1.50
2017.03.13 19:08:49.394,9.52966,9.5319,1.00,1.00
2017.03.13 19:08:49.445,9.52973,9.53191,1.50,1.00
2017.03.13 19:08:49.748,9.52987,9.53192,1.50,1.00
2017.03.13 19:08:50.155,9.52987,9.53192,2.25,1.00
2017.03.13 19:08:50.205,9.52987,9.53192,1.50,1.00
2017.03.13 19:08:50.408,9.52986,9.53203,1.37,1.37
2017.03.13 19:08:50.509,9.52987,9.53203,2.25,1.37
2017.03.13 19:08:50.593,9.52975,9.53194,1.12,1.00
2017.03.13 19:08:50.695,9.5297,9.53194,1.00,1.00
2017.03.13 19:08:50.812,9.5297,9.53194,1.37,1.00
2017.03.13 19:08:51.116,9.52987,9.53194,1.50,1.00
2017.03.13 19:08:51.421,9.53006,9.532,1.00,1.00
2017.03.13 19:08:51.523,9.53006,9.53204,1.00,1.00
2017.03.13 19:08:51.624,9.5299,9.53196,1.00,1.00
2017.03.13 19:08:51.675,9.53006,9.532,1.00,1.50
2017.03.13 19:08:52.355,9.53006,9.53204,1.50,1.00
2017.03.13 19:08:52.460,9.53006,9.53204,1.37,1.00
2017.03.13 19:08:52.605,9.53006,9.53204,1.50,1.00
2017.03.13 19:08:52.656,9.53006,9.532,1.00,1.00
2017.03.13 19:08:53.076,9.53006,9.53201,2.62,1.00
2017.03.13 19:08:53.127,9.53006,9.53201,3.00,1.00
2017.03.13 19:08:53.634,9.53006,9.53204,1.87,1.00
2017.03.13 19:08:53.816,9.5301,9.53204,2.25,1.00
2017.03.13 19:08:53.867,9.5301,9.53204,1.87,1.00
2017.03.13 19:08:53.918,9.53006,9.5319,1.00,1.00
2017.03.13 19:08:53.970,9.53006,9.532,1.00,1.00
2017.03.13 19:08:54.277,9.53006,9.53204,1.00,1.00
2017.03.13 19:08:54.328,9.53008,9.53204,1.12,1.00
2017.03.13 19:08:54.480,9.53006,9.53204,1.50,1.00
2017.03.13 19:08:54.752,9.53008,9.53204,1.50,1.00
2017.03.13 19:08:54.904,9.53006,9.53204,1.50,1.00
2017.03.13 19:08:54.955,9.53046,9.532,1.00,1.00
2017.03.13 19:08:55.058,9.53046,9.53204,1.00,1.00
2017.03.13 19:08:55.934,9.53006,9.53197,1.00,1.00
2017.03.13 19:08:55.985,9.53009,9.53193,1.12,1.00
2017.03.13 19:08:56.035,9.5298,9.53193,1.00,1.60
2017.03.13 19:08:56.086,9.5298,9.53193,1.00,1.60
2017.03.13 19:08:56.137,9.5298,9.53193,1.00,1.60
2017.03.13 19:08:56.239,9.52984,9.53193,1.12,1.60
2017.03.13 19:08:56.608,9.52984,9.53179,1.50,1.50
2017.03.13 19:08:56.659,9.52975,9.53179,1.50,1.50
2017.03.13 19:08:56.803,9.52975,9.53171,1.50,1.50
2017.03.13 19:08:56.955,9.52972,9.53171,1.00,1.87
2017.03.13 19:08:57.284,9.52966,9.53169,1.87,1.87
2017.03.13 19:08:57.749,9.52956,9.53169,2.25,1.87
2017.03.13 19:08:58.259,9.5296,9.53173,1.87,1.12
2017.03.13 19:08:58.360,9.5296,9.53173,1.87,1.12
2017.03.13 19:08:58.772,9.5295,9.53173,1.37,1.12
2017.03.13 19:08:59.308,9.52949,9.5318,1.35,2.62
2017.03.13 19:08:59.409,9.5295,9.53169,1.97,1.00
2017.03.13 19:08:59.773,9.52946,9.53175,1.35,1.37
2017.03.13 19:08:59.824,9.52946,9.5317,1.35,1.00
2017.03.13 19:08:59.875,9.52946,9.53175,1.35,1.37
2017.03.13 19:09:01.712,9.52945,9.53175,1.67,1.37
2017.03.13 19:09:02.322,9.52945,9.5317,1.35,1.00
2017.03.13 19:09:02.373,9.52945,9.53175,1.35,1.37
2017.03.13 19:09:02.736,9.52941,9.53167,1.35,1.00
2017.03.13 19:09:02.840,9.52936,9.53167,1.35,1.00
2017.03.13 19:09:03.308,9.52923,9.53154,1.75,1.00
2017.03.13 19:09:03.410,9.52923,9.53154,1.00,1.00
2017.03.13 19:09:03.511,9.52923,9.53144,1.00,1.00
2017.03.13 19:09:03.612,9.52912,9.53144,1.37,1.00
2017.03.13 19:09:04.193,9.52901,9.53134,1.75,1.00
2017.03.13 19:09:04.811,9.52901,9.53134,1.75,1.00
2017.03.13 19:09:05.100,9.52901,9.53134,1.37,1.00
2017.03.13 19:09:05.555,9.52901,9.53131,1.37,1.00
2017.03.13 19:09:05.656,9.52889,9.53131,3.00,1.00
2017.03.13 19:09:05.707,9.52889,9.5313,1.37,1.00
2017.03.13 19:09:05.758,9.52889,9.53116,1.37,1.00
2017.03.13 19:09:06.112,9.5288,9.53116,1.00,1.37
2017.03.13 19:09:06.448,9.5288,9.53116,1.00,1.00
2017.03.13 19:09:06.499,9.5288,9.53116,1.00,1.37
2017.03.13 19:09:06.807,9.5288,9.53112,1.00,1.00
2017.03.13 19:09:07.157,9.5287,9.53105,1.37,1.00
2017.03.13 19:09:07.208,9.5287,9.53112,1.37,1.00
2017.03.13 19:09:07.309,9.5287,9.53104,1.37,1.00
2017.03.13 19:09:07.549,9.5287,9.53112,1.37,1.00
2017.03.13 19:09:07.651,9.5287,9.53104,1.37,1.00
2017.03.13 19:09:08.080,9.5287,9.53104,1.00,1.00
2017.03.13 19:09:10.408,9.5287,9.53109,1.00,1.00
2017.03.13 19:09:10.509,9.5287,9.53104,1.00,1.00
2017.03.13 19:09:10.644,9.5287,9.53109,1.00,1.00
2017.03.13 19:09:10.745,9.5287,9.53109,1.37,1.00
2017.03.13 19:09:11.069,9.5287,9.53104,1.37,1.00
2017.03.13 19:09:11.597,9.5287,9.53109,1.00,1.00
2017.03.13 19:09:11.749,9.5287,9.53104,1.00,1.00
2017.03.13 19:09:14.191,9.5287,9.53104,1.37,1.00
2017.03.13 19:09:14.495,9.52867,9.53104,1.37,1.00
2017.03.13 19:09:14.546,9.52867,9.531,1.37,1.00
2017.03.13 19:09:14.850,9.52864,9.53094,1.37,1.00
2017.03.13 19:09:15.458,9.52864,9.53094,1.00,1.00
2017.03.13 19:09:16.027,9.52856,9.5309,1.00,1.00
2017.03.13 19:09:16.078,9.52851,9.53085,1.75,1.00
2017.03.13 19:09:16.129,9.52851,9.53084,1.00,1.00
2017.03.13 19:09:16.180,9.52851,9.53075,1.00,1.00
2017.03.13 19:09:16.281,9.52844,9.53075,1.37,1.00
2017.03.13 19:09:16.382,9.52832,9.53075,2.25,1.00
2017.03.13 19:09:16.433,9.52832,9.53065,1.87,1.00
2017.03.13 19:09:16.485,9.52831,9.53065,1.00,1.00
2017.03.13 19:09:16.536,9.52831,9.53055,1.00,1.00
2017.03.13 19:09:16.840,9.5283,9.53064,3.37,1.00
2017.03.13 19:09:16.891,9.5283,9.53064,3.37,1.00
2017.03.13 19:09:17.447,9.5283,9.53064,1.87,1.00
2017.03.13 19:09:17.599,9.52834,9.53064,1.00,1.00
2017.03.13 19:09:17.802,9.52823,9.53054,1.00,1.00
2017.03.13 19:09:17.853,9.5286,9.5308,1.37,1.00
2017.03.13 19:09:17.955,9.52839,9.53071,2.62,1.00
2017.03.13 19:09:18.057,9.5284,9.53085,1.87,1.87
2017.03.13 19:09:18.511,9.52839,9.53081,1.37,1.00
2017.03.13 19:09:18.892,9.52839,9.53078,1.37,1.00
2017.03.13 19:09:20.137,9.52834,9.53066,1.37,1.00
2017.03.13 19:09:20.397,9.52834,9.53066,1.00,1.00
2017.03.13 19:09:23.678,9.52826,9.53066,1.50,1.00
2017.03.13 19:09:24.524,9.52826,9.53055,1.50,1.00
2017.03.13 19:09:24.842,9.52826,9.53055,1.12,1.00
2017.03.13 19:09:24.944,9.52826,9.53065,1.12,1.00
2017.03.13 19:09:25.276,9.52826,9.53066,1.50,1.00
2017.03.13 19:09:29.326,9.52825,9.53065,1.37,1.00
2017.03.13 19:09:29.478,9.52825,9.53065,1.75,1.00
2017.03.13 19:09:29.674,9.52825,9.53065,1.37,1.00
2017.03.13 19:09:30.025,9.52825,9.53066,1.75,1.00
2017.03.13 19:09:30.278,9.52825,9.53065,1.37,1.00
2017.03.13 19:09:30.430,9.52825,9.53065,1.75,1.00
2017.03.13 19:09:30.591,9.52825,9.53065,1.37,1.00
2017.03.13 19:09:32.497,9.52825,9.53054,1.37,1.00
2017.03.13 19:09:32.818,9.52825,9.53065,1.12,1.00
2017.03.13 19:09:33.320,9.52825,9.53065,1.37,1.00
2017.03.13 19:09:35.382,9.52825,9.53054,1.37,1.00
2017.03.13 19:09:35.686,9.52894,9.53118,1.12,1.00
2017.03.13 19:09:35.989,9.52883,9.5312,1.56,1.00
2017.03.13 19:09:36.509,9.52874,9.53116,1.56,1.00
2017.03.13 19:09:37.010,9.52873,9.53116,1.56,1.00
2017.03.13 19:09:37.531,9.52874,9.53116,1.94,1.00
2017.03.13 19:09:38.695,9.52871,9.53116,1.56,1.00
2017.03.13 19:09:38.796,9.52872,9.53116,1.56,1.00
2017.03.13 19:09:39.020,9.52872,9.53116,1.56,1.00
2017.03.13 19:09:40.017,9.52872,9.5311,1.56,1.00
2017.03.13 19:09:40.234,9.52872,9.53106,1.19,1.00
2017.03.13 19:09:40.386,9.52872,9.53106,1.00,1.00
2017.03.13 19:09:40.437,9.5287,9.53094,1.12,1.00
2017.03.13 19:09:45.462,9.5287,9.531,1.12,1.00
2017.03.13 19:09:45.513,9.5287,9.53105,1.12,1.00
2017.03.13 19:09:45.769,9.5287,9.531,1.12,1.00
2017.03.13 19:09:45.819,9.5287,9.53105,1.12,1.00
2017.03.13 19:09:46.103,9.5287,9.531,1.12,1.00
2017.03.13 19:09:46.228,9.5287,9.53105,1.12,1.00
2017.03.13 19:09:46.384,9.5287,9.531,1.12,1.00
2017.03.13 19:09:46.485,9.5287,9.53105,1.12,1.00
2017.03.13 19:09:46.755,9.5287,9.531,1.12,1.00
2017.03.13 19:09:46.806,9.5287,9.53105,1.12,1.00
2017.03.13 19:09:47.059,9.5287,9.531,1.12,1.00
2017.03.13 19:09:47.110,9.5287,9.53105,1.12,1.00
2017.03.13 19:09:47.344,9.52869,9.53101,1.37,1.00
2017.03.13 19:09:47.446,9.5287,9.53105,1.12,1.00
2017.03.13 19:09:47.670,9.5287,9.531,1.12,1.00
2017.03.13 19:09:47.720,9.5287,9.53105,1.12,1.00
2017.03.13 19:09:47.997,9.5287,9.531,1.12,1.00
2017.03.13 19:09:48.244,9.52862,9.53105,1.37,1.00
2017.03.13 19:09:48.345,9.5287,9.531,1.12,1.00
2017.03.13 19:09:48.396,9.5287,9.53105,1.12,1.00
2017.03.13 19:09:48.658,9.5287,9.531,1.12,1.00
2017.03.13 19:09:48.709,9.5287,9.53105,1.12,1.00
2017.03.13 19:09:48.989,9.5287,9.531,1.12,1.00
2017.03.13 19:09:49.041,9.5287,9.53105,1.12,1.00
2017.03.13 19:09:49.593,9.5287,9.531,1.12,1.00
2017.03.13 19:09:49.644,9.52862,9.53105,1.56,1.00
2017.03.13 19:09:49.940,9.52862,9.53101,1.56,1.00
2017.03.13 19:09:49.991,9.52862,9.53105,1.56,1.00
2017.03.13 19:09:50.092,9.52862,9.53096,1.56,1.00
2017.03.13 19:09:54.196,9.52851,9.53084,1.37,1.00
2017.03.13 19:09:54.297,9.52851,9.53074,1.00,1.00
2017.03.13 19:09:54.661,9.52851,9.53084,1.37,1.00
2017.03.13 19:09:55.068,9.52851,9.53084,1.00,1.00
2017.03.13 19:09:55.645,9.5285,9.53084,1.00,1.00
2017.03.13 19:09:55.747,9.5286,9.53084,1.00,1.00
2017.03.13 19:09:55.798,9.5285,9.53084,1.00,1.00
2017.03.13 19:09:56.026,9.5286,9.53084,1.00,1.00
2017.03.13 19:09:56.128,9.5285,9.53084,1.00,1.00
2017.03.13 19:09:56.453,9.5285,9.53074,1.00,1.00
2017.03.13 19:09:56.555,9.5284,9.53074,1.37,1.00
2017.03.13 19:09:56.656,9.5284,9.53074,3.00,1.00
2017.03.13 19:09:56.960,9.5285,9.53074,1.00,1.00
2017.03.13 19:09:58.003,9.5284,9.53074,3.00,1.00
2017.03.13 19:09:58.054,9.5285,9.53074,1.00,1.00
2017.03.13 19:09:58.275,9.5285,9.53083,1.00,1.00
2017.03.13 19:09:58.326,9.5285,9.53083,1.37,1.00
2017.03.13 19:10:00.989,9.5285,9.53083,2.25,1.00
2017.03.13 19:10:01.040,9.5287,9.53098,1.00,1.00
2017.03.13 19:10:01.090,9.5287,9.53098,2.47,1.00
2017.03.13 19:10:01.394,9.5288,9.53098,1.37,1.00
2017.03.13 19:10:01.496,9.52884,9.53126,1.37,1.00
2017.03.13 19:10:01.951,9.52896,9.53126,1.37,1.00
2017.03.13 19:10:08.900,9.529,9.53138,2.25,1.00
2017.03.13 19:10:09.407,9.529,9.53139,2.25,1.00
2017.03.13 19:10:11.004,9.529,9.53139,2.25,1.00
2017.03.13 19:10:12.306,9.52906,9.53135,1.00,1.00
2017.03.13 19:10:14.696,9.52888,9.53132,1.37,1.00
2017.03.13 19:10:14.847,9.52888,9.53124,1.37,1.00
2017.03.13 19:10:14.949,9.5289,9.5312,1.87,1.00
2017.03.13 19:10:15.286,9.5285,9.53075,1.00,1.00
2017.03.13 19:10:15.388,9.52844,9.53064,1.37,1.00
2017.03.13 19:10:15.540,9.5283,9.53054,1.37,1.00
2017.03.13 19:10:15.591,9.52899,9.53086,1.50,1.00
2017.03.13 19:10:15.642,9.5284,9.53075,2.25,1.00
2017.03.13 19:10:15.693,9.5284,9.53074,1.00,1.00
2017.03.13 19:10:15.744,9.52831,9.53074,1.12,1.12
2017.03.13 19:10:15.795,9.5283,9.53055,1.37,1.00
2017.03.13 19:10:15.947,9.5284,9.53069,1.00,1.00
2017.03.13 19:10:15.998,9.5283,9.53069,1.37,1.00
2017.03.13 19:10:16.049,9.5285,9.53074,1.00,1.12
2017.03.13 19:10:16.099,9.5284,9.53084,1.87,1.12
2017.03.13 19:10:16.453,9.5283,9.53084,3.37,1.12
2017.03.13 19:10:16.504,9.5283,9.53074,3.37,1.00
2017.03.13 19:10:17.481,9.5283,9.53064,2.62,1.00
2017.03.13 19:10:18.402,9.5283,9.53074,2.62,1.00
2017.03.13 19:10:26.276,9.5283,9.5307,2.62,1.00
2017.03.13 19:10:26.327,9.5283,9.5307,2.62,1.00
2017.03.13 19:10:26.378,9.5283,9.53064,1.37,1.00
2017.03.13 19:10:26.631,9.52826,9.53072,1.50,1.00
2017.03.13 19:10:26.682,9.5283,9.53072,1.37,1.00
2017.03.13 19:10:26.986,9.52836,9.53072,1.50,1.00
2017.03.13 19:10:27.138,9.52836,9.53072,1.50,1.00
2017.03.13 19:10:27.391,9.52826,9.53071,1.50,1.00
2017.03.13 19:10:27.542,9.52825,9.53067,1.75,1.00
2017.03.13 19:10:27.795,9.5282,9.53071,2.25,1.00
2017.03.13 19:10:27.897,9.5283,9.53071,1.87,1.00
2017.03.13 19:10:28.651,9.52834,9.53082,2.25,1.00
2017.03.13 19:10:32.127,9.52843,9.53082,2.25,1.00
2017.03.13 19:10:33.775,9.52843,9.53075,2.25,1.00
2017.03.13 19:10:35.360,9.52843,9.53075,2.25,1.00
2017.03.13 19:10:38.295,9.52831,9.53071,1.37,1.00
2017.03.13 19:10:38.704,9.52832,9.53071,1.87,1.00
2017.03.13 19:10:38.755,9.52842,9.53071,1.50,1.00
2017.03.13 19:10:38.806,9.52842,9.53079,2.25,1.00
2017.03.13 19:10:38.909,9.52841,9.53086,1.37,1.00
2017.03.13 19:10:38.959,9.52843,9.53091,1.37,1.00
2017.03.13 19:10:39.011,9.52843,9.5309,1.75,1.00
2017.03.13 19:10:39.062,9.52861,9.5309,1.00,1.00
2017.03.13 19:10:39.376,9.52885,9.5311,1.16,1.00
2017.03.13 19:10:41.119,9.52891,9.5311,1.50,1.00
2017.03.13 19:10:41.419,9.52882,9.5311,1.16,1.00
2017.03.13 19:10:41.520,9.52891,9.5311,1.50,1.00
2017.03.13 19:10:41.677,9.52882,9.53111,1.16,1.50
2017.03.13 19:10:42.057,9.52891,9.5311,1.50,1.00
2017.03.13 19:10:42.386,9.52884,9.5311,1.16,1.00
2017.03.13 19:10:42.769,9.52893,9.5311,1.87,1.00
2017.03.13 19:10:42.938,9.52892,9.53111,1.12,1.50
2017.03.13 19:10:43.040,9.52883,9.5311,1.16,1.00
2017.03.13 19:10:43.243,9.52892,9.53111,1.87,1.50
2017.03.13 19:10:43.295,9.52883,9.5311,1.16,1.00
2017.03.13 19:10:43.346,9.52893,9.5311,1.50,1.00
2017.03.13 19:10:43.599,9.52885,9.53111,1.16,1.00
2017.03.13 19:10:43.701,9.52896,9.53111,1.50,1.00
2017.03.13 19:10:43.954,9.52883,9.53111,1.16,1.00
2017.03.13 19:10:44.056,9.52898,9.53111,1.50,1.00
2017.03.13 19:10:44.203,9.52885,9.53111,1.16,1.00
2017.03.13 19:10:44.305,9.52898,9.53111,1.12,1.00
2017.03.13 19:10:44.557,9.52898,9.53114,1.50,1.00
2017.03.13 19:10:44.608,9.52886,9.53114,1.16,1.00
2017.03.13 19:10:44.659,9.52897,9.53114,1.87,1.00
2017.03.13 19:10:44.760,9.52898,9.53114,1.50,1.00
2017.03.13 19:10:44.912,9.52886,9.53114,1.42,1.00
2017.03.13 19:10:45.081,9.52891,9.53114,1.12,1.00
2017.03.13 19:10:45.233,9.5288,9.53114,1.56,1.00
2017.03.13 19:10:45.284,9.52891,9.53114,1.50,1.00
2017.03.13 19:10:45.335,9.52881,9.53114,1.16,1.00
2017.03.13 19:10:45.503,9.52895,9.53114,1.12,1.50
2017.03.13 19:10:45.813,9.52882,9.53114,1.16,1.00
2017.03.13 19:10:46.118,9.5288,9.53118,1.97,1.00
2017.03.13 19:10:46.579,9.52887,9.53118,1.16,1.00
2017.03.13 19:10:50.286,9.52881,9.53118,1.16,1.00
2017.03.13 19:10:50.918,9.5288,9.53118,1.91,1.00
2017.03.13 19:10:51.696,9.52881,9.53118,1.16,1.00
2017.03.13 19:10:52.243,9.52881,9.53118,1.16,1.00
2017.03.13 19:10:53.857,9.52881,9.53112,1.16,1.00
2017.03.13 19:10:54.518,9.52881,9.53112,1.16,1.00
2017.03.13 19:10:55.027,9.52881,9.53107,1.16,1.00
2017.03.13 19:10:55.294,9.5288,9.53107,1.56,1.00
2017.03.13 19:10:55.778,9.5288,9.53105,1.00,1.00
2017.03.13 19:10:56.280,9.52872,9.53105,1.87,1.00
2017.03.13 19:10:56.928,9.5287,9.53105,1.12,1.00
2017.03.13 19:10:59.895,9.5287,9.53105,1.37,1.00
2017.03.13 19:11:00.873,9.5287,9.53105,1.00,1.00
2017.03.13 19:11:02.737,9.5288,9.53107,1.37,1.00
2017.03.13 19:11:03.092,9.52887,9.53118,2.10,1.00
2017.03.13 19:11:03.974,9.52895,9.53118,1.87,1.00
2017.03.13 19:11:08.932,9.52895,9.53115,1.87,1.00
2017.03.13 19:11:14.511,9.52897,9.53118,2.25,1.00
2017.03.13 19:11:20.820,9.52894,9.53108,1.87,1.00
2017.03.13 19:11:20.871,9.52894,9.53108,1.87,1.00
2017.03.13 19:11:20.973,9.5289,9.53115,1.37,1.00
2017.03.13 19:11:21.552,9.52911,9.5312,1.37,1.00
2017.03.13 19:11:21.704,9.52911,9.53119,1.75,1.00
2017.03.13 19:11:22.112,9.52919,9.53133,2.25,1.00
2017.03.13 19:11:22.748,9.52919,9.53133,2.25,1.37
2017.03.13 19:11:22.919,9.52919,9.5312,2.25,1.00
2017.03.13 19:11:23.264,9.52911,9.53071,1.75,1.00
2017.03.13 19:11:23.517,9.5291,9.53071,1.75,1.00
2017.03.13 19:11:23.568,9.5291,9.53041,1.75,1.00
2017.03.13 19:11:23.619,9.52894,9.53041,1.87,1.00
2017.03.13 19:11:23.670,9.52882,9.53041,2.25,1.00
2017.03.13 19:11:23.721,9.5287,9.53041,3.00,1.00
2017.03.13 19:11:24.489,9.52864,9.53041,1.00,1.00
2017.03.13 19:11:24.801,9.52864,9.53041,1.37,1.00
2017.03.13 19:11:24.902,9.5287,9.53046,1.37,1.00
2017.03.13 19:11:25.363,9.52863,9.53015,1.00,1.00
2017.03.13 19:11:25.515,9.52843,9.53015,2.25,1.00
2017.03.13 19:11:27.218,9.52832,9.53015,2.25,1.00
2017.03.13 19:11:27.319,9.52829,9.53015,1.37,1.00
2017.03.13 19:11:27.421,9.52824,9.53015,1.50,1.00
2017.03.13 19:11:28.030,9.52824,9.53015,1.37,1.00
2017.03.13 19:11:29.188,9.52824,9.53015,1.37,1.00
2017.03.13 19:11:29.605,9.52824,9.53015,1.75,1.00
2017.03.13 19:11:30.269,9.52824,9.53015,1.37,1.00
2017.03.13 19:11:33.785,9.52824,9.53015,1.00,1.00
2017.03.13 19:11:34.047,9.52816,9.53015,2.25,1.00
2017.03.13 19:11:34.349,9.52818,9.53015,1.87,1.00
2017.03.13 19:11:34.909,9.52817,9.53015,1.87,1.00
2017.03.13 19:11:35.313,9.52816,9.53015,1.00,1.00
2017.03.13 19:11:35.760,9.52814,9.53015,1.75,1.00
2017.03.13 19:11:36.339,9.52814,9.53015,1.75,1.00
2017.03.13 19:11:36.862,9.52814,9.53015,1.75,1.00
2017.03.13 19:11:38.686,9.5282,9.53015,1.75,1.00
2017.03.13 19:11:39.006,9.5283,9.53015,1.00,1.00
2017.03.13 19:11:39.328,9.5283,9.53015,1.50,1.00
2017.03.13 19:11:39.430,9.52825,9.53015,1.37,1.00
2017.03.13 19:11:39.482,9.5284,9.53015,1.00,1.00
2017.03.13 19:11:39.807,9.5284,9.53015,1.37,1.00
2017.03.13 19:11:40.111,9.52839,9.53015,1.87,1.00
2017.03.13 19:11:40.213,9.5283,9.53015,1.75,1.00
2017.03.13 19:11:40.568,9.5283,9.53015,1.37,1.00
2017.03.13 19:11:40.671,9.52836,9.53015,1.87,1.00
2017.03.13 19:11:41.127,9.5284,9.53015,1.87,1.00
2017.03.13 19:11:41.582,9.52839,9.53015,2.62,1.00
2017.03.13 19:11:41.633,9.52843,9.53015,1.87,1.00
2017.03.13 19:11:42.056,9.52847,9.53015,1.87,1.00
2017.03.13 19:11:42.527,9.52861,9.53015,1.00,1.00
2017.03.13 19:11:42.578,9.52861,9.5304,1.00,1.00
2017.03.13 19:11:42.629,9.52861,9.5304,1.37,1.00
2017.03.13 19:11:42.932,9.5287,9.5304,1.00,1.00
2017.03.13 19:11:43.236,9.5287,9.5304,1.37,1.00
2017.03.13 19:11:43.539,9.52879,9.5304,1.87,1.00
2017.03.13 19:11:43.893,9.52881,9.5304,1.87,1.00
2017.03.13 19:11:44.344,9.52887,9.5304,1.87,1.00
2017.03.13 19:11:44.828,9.52889,9.5304,1.87,1.00
2017.03.13 19:11:46.647,9.52891,9.5304,1.87,1.00
2017.03.13 19:11:46.749,9.5287,9.5304,1.37,1.00
2017.03.13 19:11:46.951,9.52881,9.5304,1.50,1.00
2017.03.13 19:11:47.206,9.52846,9.53039,1.00,1.60
2017.03.13 19:11:47.257,9.5285,9.53039,1.00,1.60
2017.03.13 19:11:47.409,9.52821,9.5299,1.00,1.00
2017.03.13 19:11:47.460,9.52821,9.5299,1.00,1.60
2017.03.13 19:11:47.511,9.52809,9.5299,1.00,1.60
2017.03.13 19:11:47.562,9.52809,9.52975,1.00,1.00
2017.03.13 19:11:47.613,9.52776,9.52975,1.00,1.00
2017.03.13 19:11:47.859,9.5278,9.52985,1.12,1.00
2017.03.13 19:11:48.061,9.5278,9.5299,1.37,1.00
2017.03.13 19:11:48.859,9.5278,9.5299,1.00,1.00
2017.03.13 19:11:49.317,9.5278,9.5299,1.37,1.00
2017.03.13 19:11:49.743,9.5278,9.5299,1.12,1.00
2017.03.13 19:11:50.263,9.5278,9.5299,1.37,1.00
2017.03.13 19:11:51.207,9.52765,9.52974,1.00,1.00
2017.03.13 19:11:51.258,9.5275,9.52974,1.37,1.00
2017.03.13 19:11:52.199,9.52749,9.52974,1.12,1.00
2017.03.13 19:11:53.510,9.5275,9.52974,1.00,1.00
2017.03.13 19:11:54.628,9.5275,9.52964,1.00,1.00
2017.03.13 19:11:54.780,9.5275,9.52974,1.00,1.00
2017.03.13 19:11:56.317,9.5275,9.52964,1.00,1.00
2017.03.13 19:11:57.385,9.52741,9.52964,1.75,1.00
2017.03.13 19:11:58.397,9.5275,9.52971,1.00,1.00
2017.03.13 19:11:58.853,9.52746,9.52967,1.37,1.00
2017.03.13 19:11:59.005,9.52745,9.52971,1.37,1.00
2017.03.13 19:11:59.374,9.52745,9.52965,1.37,1.00
2017.03.13 19:11:59.836,9.52736,9.52969,1.12,1.00
2017.03.13 19:11:59.937,9.52731,9.52964,1.75,1.00
2017.03.13 19:12:00.447,9.52741,9.52969,1.75,1.00
2017.03.13 19:12:00.549,9.52736,9.52964,1.12,1.00
2017.03.13 19:12:00.675,9.52736,9.52969,1.12,1.00
2017.03.13 19:12:00.827,9.52742,9.52965,1.75,1.00
2017.03.13 19:12:01.694,9.52741,9.52969,1.75,1.00
2017.03.13 19:12:02.202,9.52741,9.52967,1.75,1.00
2017.03.13 19:12:02.400,9.52741,9.52969,1.75,1.00
2017.03.13 19:12:02.481,9.52741,9.52967,1.75,1.00
2017.03.13 19:12:02.963,9.5273,9.52954,2.25,1.00
2017.03.13 19:12:03.312,9.5273,9.52954,1.75,1.00
2017.03.13 19:12:03.672,9.52724,9.52944,1.75,1.00
2017.03.13 19:12:04.021,9.5273,9.52954,1.75,1.00
2017.03.13 19:12:04.123,9.5273,9.52963,1.75,1.00
2017.03.13 19:12:04.543,9.52729,9.52955,1.75,1.00
2017.03.13 19:12:04.858,9.5273,9.52963,1.75,1.00
2017.03.13 19:12:06.201,9.52737,9.52954,1.75,1.00
2017.03.13 19:12:08.110,9.5273,9.52954,1.75,1.00
2017.03.13 19:12:08.161,9.5272,9.52944,2.25,1.00
2017.03.13 19:12:08.625,9.52718,9.52913,1.00,1.00
2017.03.13 19:12:08.676,9.5271,9.52913,1.37,1.00
2017.03.13 19:12:09.030,9.52702,9.52913,1.50,1.00
2017.03.13 19:12:09.131,9.52702,9.52913,1.75,1.00
2017.03.13 19:12:09.283,9.5269,9.52913,1.37,1.00
2017.03.13 19:12:09.840,9.527,9.52907,1.37,1.00
2017.03.13 19:12:14.765,9.5271,9.52907,1.37,1.00
2017.03.13 19:12:15.018,9.5271,9.52913,1.37,1.00
2017.03.13 19:12:15.271,9.5272,9.52913,1.00,1.00
2017.03.13 19:12:16.430,9.5271,9.52913,1.37,1.00
2017.03.13 19:12:16.481,9.5272,9.52913,1.00,1.00
2017.03.13 19:12:16.939,9.5271,9.52913,1.37,1.00
2017.03.13 19:12:16.990,9.52719,9.52913,1.37,1.00
2017.03.13 19:12:17.192,9.52715,9.52913,1.12,1.00
2017.03.13 19:12:17.779,9.5271,9.52913,3.00,1.00
2017.03.13 19:12:18.438,9.5272,9.52913,1.00,1.00
2017.03.13 19:12:20.146,9.5272,9.52928,1.00,1.00
2017.03.13 19:12:22.102,9.5271,9.52924,1.37,1.00
2017.03.13 19:12:22.709,9.5271,9.52925,1.00,1.00
2017.03.13 19:12:24.483,9.527,9.52925,1.37,1.00
2017.03.13 19:12:24.864,9.5271,9.52925,1.00,1.00
2017.03.13 19:12:25.571,9.527,9.52925,1.37,1.00
2017.03.13 19:12:25.623,9.5271,9.52925,1.00,1.00
2017.03.13 19:12:25.945,9.5271,9.52924,1.37,1.00
2017.03.13 19:12:26.957,9.52709,9.52924,1.00,1.00
2017.03.13 19:12:27.558,9.5271,9.52924,1.00,1.00
2017.03.13 19:12:27.814,9.5271,9.52924,1.37,1.00
2017.03.13 19:12:28.693,9.5271,9.52924,1.00,1.00
2017.03.13 19:12:29.437,9.527,9.52924,1.00,1.00
2017.03.13 19:12:29.488,9.5271,9.52924,1.00,1.00
2017.03.13 19:12:29.589,9.527,9.52925,1.37,1.00
2017.03.13 19:12:29.828,9.527,9.52924,1.00,1.00
2017.03.13 19:12:30.042,9.527,9.52924,1.37,1.00
2017.03.13 19:12:30.385,9.527,9.52924,1.00,1.00
2017.03.13 19:12:30.691,9.52696,9.52924,1.00,1.00
2017.03.13 19:12:30.742,9.527,9.52924,1.00,1.00
2017.03.13 19:12:31.328,9.527,9.52924,1.37,1.00
2017.03.13 19:12:32.497,9.527,9.52924,1.00,1.00
2017.03.13 19:12:32.633,9.52695,9.52914,1.37,1.00
2017.03.13 19:12:32.988,9.527,9.52914,1.00,1.00
2017.03.13 19:12:33.526,9.5271,9.52924,1.00,1.00
2017.03.13 19:12:33.838,9.5272,9.52924,1.00,1.00
2017.03.13 19:12:34.549,9.5271,9.52924,1.00,1.00
2017.03.13 19:12:34.808,9.527,9.52914,1.37,1.00
2017.03.13 19:12:35.303,9.527,9.52922,1.37,1.00
2017.03.13 19:12:35.404,9.527,9.52915,1.37,1.00
2017.03.13 19:12:35.556,9.527,9.52922,1.37,1.00
2017.03.13 19:12:35.658,9.527,9.52914,1.37,1.00
2017.03.13 19:12:35.871,9.527,9.52914,1.00,1.00
2017.03.13 19:12:35.922,9.527,9.52922,1.00,1.00
2017.03.13 19:12:36.074,9.527,9.52914,1.00,1.00
2017.03.13 19:12:36.276,9.527,9.52922,1.00,1.00
2017.03.13 19:12:36.345,9.527,9.52914,1.00,1.00
2017.03.13 19:12:36.569,9.527,9.52922,1.37,1.00
2017.03.13 19:12:36.671,9.527,9.52915,1.37,1.00
2017.03.13 19:12:36.722,9.52695,9.52915,1.00,1.00
2017.03.13 19:12:36.777,9.52695,9.52915,1.37,1.00
2017.03.13 19:12:37.001,9.527,9.52922,1.37,1.00
2017.03.13 19:12:37.153,9.52695,9.52914,1.00,1.00
2017.03.13 19:12:37.433,9.52695,9.52922,1.37,1.00
2017.03.13 19:12:37.585,9.52695,9.52914,1.37,1.00
2017.03.13 19:12:37.802,9.52695,9.52922,1.37,1.00
2017.03.13 19:12:39.158,9.52695,9.52918,1.37,1.00
2017.03.13 19:12:39.438,9.52695,9.52922,1.37,1.00
2017.03.13 19:12:39.590,9.52695,9.5292,1.37,1.00
2017.03.13 19:12:39.756,9.52695,9.52922,1.37,1.00
2017.03.13 19:12:39.908,9.52695,9.5292,1.37,1.00
2017.03.13 19:12:40.078,9.52695,9.52922,1.37,1.00
2017.03.13 19:12:40.548,9.52695,9.5292,1.37,1.00
2017.03.13 19:12:40.717,9.52695,9.52922,1.37,1.00
2017.03.13 19:12:40.869,9.52695,9.5292,1.37,1.00
2017.03.13 19:12:41.077,9.52695,9.5293,1.37,1.00
2017.03.13 19:12:41.179,9.52695,9.5292,1.37,1.00
2017.03.13 19:12:41.351,9.52695,9.52931,1.37,1.00
2017.03.13 19:12:41.453,9.52695,9.5292,1.37,1.00
2017.03.13 19:12:41.714,9.52695,9.5293,1.37,1.00
2017.03.13 19:12:41.815,9.52695,9.52918,1.37,1.00
2017.03.13 19:12:41.993,9.52695,9.52929,1.37,1.00
2017.03.13 19:12:42.094,9.52695,9.52918,1.37,1.00
2017.03.13 19:12:42.395,9.52695,9.5293,1.37,1.00
2017.03.13 19:12:42.445,9.52695,9.52919,1.37,1.00
2017.03.13 19:12:42.611,9.52695,9.52929,1.37,1.00
2017.03.13 19:12:42.763,9.52695,9.52919,1.37,1.00
2017.03.13 19:12:42.930,9.52695,9.52929,1.37,1.00
2017.03.13 19:12:43.081,9.52695,9.52918,1.37,1.00
2017.03.13 19:12:43.280,9.52695,9.52928,1.37,1.00
2017.03.13 19:12:43.381,9.52695,9.52914,1.37,1.00
2017.03.13 19:12:44.593,9.5269,9.52914,1.00,1.00
2017.03.13 19:12:44.744,9.52681,9.52904,1.37,1.00
2017.03.13 19:12:45.076,9.52689,9.52904,1.00,1.00
2017.03.13 19:12:45.665,9.52681,9.52904,1.37,1.00
2017.03.13 19:12:46.279,9.52681,9.52904,1.37,1.00
2017.03.13 19:12:46.542,9.52681,9.52904,1.37,1.00
2017.03.13 19:12:46.644,9.5268,9.52895,1.37,1.00
2017.03.13 19:12:47.359,9.5268,9.52912,2.62,1.00
2017.03.13 19:12:48.291,9.5268,9.52921,3.00,1.00
2017.03.13 19:12:48.342,9.52693,9.52926,1.37,1.37
2017.03.13 19:12:48.393,9.52693,9.52914,1.37,1.00
2017.03.13 19:12:48.613,9.5271,9.52932,1.37,1.00
2017.03.13 19:12:48.664,9.52725,9.52942,1.00,1.00
2017.03.13 19:12:48.715,9.5273,9.52949,1.50,1.00
2017.03.13 19:12:48.766,9.5274,9.52959,1.37,1.00
2017.03.13 19:12:49.070,9.52796,9.53009,1.37,1.50
2017.03.13 19:12:49.368,9.52811,9.53027,1.37,1.00
2017.03.13 19:12:49.470,9.52811,9.53031,1.37,1.00
2017.03.13 19:12:49.521,9.52811,9.5302,1.37,1.00
2017.03.13 19:12:49.673,9.52811,9.53022,1.37,1.00
2017.03.13 19:12:49.724,9.52811,9.5302,1.37,1.00
2017.03.13 19:12:49.775,9.52806,9.5302,1.00,1.00
2017.03.13 19:12:49.876,9.5279,9.52984,1.37,1.00
2017.03.13 19:12:50.079,9.5279,9.53015,1.87,1.00
2017.03.13 19:12:50.130,9.52795,9.53015,1.37,1.00
2017.03.13 19:12:50.282,9.52811,9.53015,1.00,1.00
2017.03.13 19:12:50.586,9.52811,9.53015,1.97,1.00
2017.03.13 19:12:51.672,9.52798,9.53015,1.37,1.00
2017.03.13 19:12:51.773,9.52811,9.53015,1.37,1.00
2017.03.13 19:12:53.959,9.5282,9.53046,1.37,1.00
2017.03.13 19:12:54.010,9.5282,9.53039,1.37,1.00
2017.03.13 19:12:56.341,9.5282,9.53044,2.47,1.00
2017.03.13 19:12:56.392,9.5282,9.53044,2.47,1.00
2017.03.13 19:12:56.494,9.5282,9.53046,2.47,1.00
2017.03.13 19:12:56.747,9.52811,9.53035,1.37,1.00
2017.03.13 19:12:57.001,9.52807,9.53035,1.56,1.00
2017.03.13 19:12:57.305,9.52807,9.53024,1.56,1.00
2017.03.13 19:12:57.457,9.52807,9.53034,1.56,1.00
2017.03.13 19:12:57.609,9.52807,9.53024,1.56,1.00
2017.03.13 19:12:58.101,9.528,9.53024,1.56,1.00
2017.03.13 19:12:58.152,9.528,9.53024,1.56,1.00
2017.03.13 19:12:58.827,9.52799,9.53024,1.56,1.00
2017.03.13 19:12:59.099,9.528,9.53036,1.56,1.50
2017.03.13 19:12:59.452,9.528,9.53025,1.56,1.00
2017.03.13 19:13:00.076,9.528,9.53035,1.56,1.00
2017.03.13 19:13:00.459,9.528,9.53024,1.56,1.00
2017.03.13 19:13:00.561,9.528,9.53024,1.37,1.00
2017.03.13 19:13:00.662,9.528,9.53024,1.56,1.00
2017.03.13 19:13:01.277,9.52799,9.53024,1.56,1.00
2017.03.13 19:13:01.811,9.528,9.53024,1.56,1.00
2017.03.13 19:13:02.862,9.528,9.53036,1.37,1.50
2017.03.13 19:13:02.964,9.528,9.53025,1.56,1.00
2017.03.13 19:13:03.129,9.528,9.53036,1.56,1.50
2017.03.13 19:13:03.446,9.528,9.53024,1.56,1.00
2017.03.13 19:13:03.807,9.528,9.53035,1.56,1.00
2017.03.13 19:13:04.401,9.528,9.53025,1.56,1.00
2017.03.13 19:13:04.721,9.528,9.53036,1.56,1.00
2017.03.13 19:13:04.980,9.528,9.53029,1.56,1.00
2017.03.13 19:13:05.351,9.528,9.53029,1.19,1.00
2017.03.13 19:13:06.036,9.52799,9.53029,1.19,1.00
2017.03.13 19:13:06.297,9.528,9.53029,1.50,1.00
2017.03.13 19:13:06.348,9.528,9.53014,1.00,1.00
2017.03.13 19:13:06.657,9.52811,9.53025,1.00,1.00
2017.03.13 19:13:07.306,9.5281,9.53025,1.00,1.00
2017.03.13 19:13:07.610,9.5281,9.53015,1.50,1.00
2017.03.13 19:13:07.863,9.52811,9.53025,1.37,1.00
2017.03.13 19:13:07.914,9.52811,9.53025,1.00,1.00
2017.03.13 19:13:08.112,9.52811,9.53025,1.37,1.00
2017.03.13 19:13:08.365,9.528,9.53014,1.00,1.00
2017.03.13 19:13:08.416,9.52795,9.53014,1.00,1.00
2017.03.13 19:13:08.467,9.52799,9.53014,1.00,1.00
2017.03.13 19:13:08.771,9.5281,9.53024,1.00,1.00
2017.03.13 19:13:09.303,9.5281,9.53025,1.00,1.00
2017.03.13 19:13:09.354,9.52801,9.53024,1.12,1.00
2017.03.13 19:13:09.405,9.52801,9.53014,1.12,1.00
2017.03.13 19:13:09.658,9.52811,9.53025,1.00,1.00
2017.03.13 19:13:09.708,9.52811,9.53013,1.00,1.00
2017.03.13 19:13:09.861,9.52803,9.53013,1.12,1.00
2017.03.13 19:13:09.942,9.52803,9.53013,1.87,1.00
2017.03.13 19:13:09.993,9.528,9.53013,1.50,1.00
2017.03.13 19:13:10.044,9.52806,9.53013,1.12,1.00
2017.03.13 19:13:10.201,9.528,9.53039,1.19,1.00
2017.03.13 19:13:10.361,9.52808,9.53039,1.00,1.00
2017.03.13 19:13:10.412,9.52819,9.53044,1.00,1.00
2017.03.13 19:13:10.564,9.52811,9.53044,1.00,1.50
2017.03.13 19:13:10.716,9.5282,9.53044,1.00,1.00
2017.03.13 19:13:11.020,9.52861,9.53059,1.00,1.00
2017.03.13 19:13:11.273,9.5284,9.53044,3.00,1.00
2017.03.13 19:13:11.324,9.5283,9.53044,1.87,1.00
2017.03.13 19:13:11.375,9.52809,9.53024,1.19,1.00
2017.03.13 19:13:11.579,9.5279,9.53014,2.25,1.00
2017.03.13 19:13:11.630,9.5279,9.53004,1.00,1.00
2017.03.13 19:13:11.939,9.5279,9.53004,1.37,1.00
2017.03.13 19:13:12.040,9.5278,9.53004,1.50,1.00
2017.03.13 19:13:12.142,9.52779,9.52994,1.00,1.00
2017.03.13 19:13:12.446,9.5277,9.52974,1.00,1.00
2017.03.13 19:13:12.598,9.52761,9.52974,1.00,1.00
2017.03.13 19:13:12.801,9.52759,9.52964,1.12,1.00
2017.03.13 19:13:12.853,9.52747,9.52964,1.00,1.00
2017.03.13 19:13:12.903,9.52747,9.52954,1.00,1.00
2017.03.13 19:13:12.987,9.5274,9.52954,1.37,1.00
2017.03.13 19:13:13.038,9.52761,9.52954,1.00,1.00
2017.03.13 19:13:13.090,9.52761,9.52964,1.00,1.00
2017.03.13 19:13:13.191,9.52761,9.52976,1.00,1.00
2017.03.13 19:13:13.817,9.5275,9.52964,1.87,1.00
2017.03.13 19:13:13.969,9.52761,9.52972,1.00,1.00
2017.03.13 19:13:14.273,9.5275,9.52972,1.00,1.00
2017.03.13 19:13:14.374,9.52732,9.52944,1.00,1.00
2017.03.13 19:13:14.683,9.52731,9.52935,1.00,1.00
2017.03.13 19:13:14.835,9.52724,9.52934,1.00,1.00
2017.03.13 19:13:15.037,9.5272,9.52934,1.50,1.00
2017.03.13 19:13:15.088,9.52713,9.52934,1.00,1.00
2017.03.13 19:13:15.139,9.5272,9.52934,1.00,1.00
2017.03.13 19:13:15.190,9.52713,9.52934,1.00,1.00
2017.03.13 19:13:15.242,9.52713,9.52924,1.00,1.00
2017.03.13 19:13:15.343,9.52713,9.52933,1.00,1.00
2017.03.13 19:13:15.457,9.52713,9.52924,1.00,1.00
2017.03.13 19:13:15.581,9.52713,9.52933,1.00,1.00
2017.03.13 19:13:15.834,9.52713,9.52924,1.00,1.00
2017.03.13 19:13:15.885,9.527,9.52924,1.50,1.00
2017.03.13 19:13:15.936,9.527,9.52914,1.50,1.00
2017.03.13 19:13:16.140,9.527,9.52926,1.00,1.00
2017.03.13 19:13:16.746,9.527,9.52932,1.50,1.00
2017.03.13 19:13:16.801,9.527,9.52924,1.00,1.00
2017.03.13 19:13:16.902,9.52688,9.52915,1.00,1.00
2017.03.13 19:13:16.953,9.52681,9.52903,1.37,1.00
2017.03.13 19:13:17.004,9.52681,9.52903,1.00,1.00
2017.03.13 19:13:17.459,9.52681,9.52914,1.00,1.00
2017.03.13 19:13:17.560,9.52681,9.52904,1.00,1.00
2017.03.13 19:13:17.672,9.52681,9.52914,1.00,1.00
2017.03.13 19:13:17.880,9.5269,9.52914,1.00,1.00
2017.03.13 19:13:17.931,9.52681,9.52914,1.00,1.00
2017.03.13 19:13:18.195,9.52681,9.52903,1.00,1.00
2017.03.13 19:13:18.343,9.5269,9.52921,1.00,1.00
2017.03.13 19:13:18.397,9.52681,9.52907,1.00,1.00
2017.03.13 19:13:18.815,9.52681,9.52894,1.00,1.00
2017.03.13 19:13:19.067,9.52681,9.5291,1.00,1.00
2017.03.13 19:13:19.118,9.5269,9.5291,1.00,1.00
2017.03.13 19:13:19.169,9.52689,9.52921,1.00,1.00
2017.03.13 19:13:19.271,9.5269,9.52912,1.00,1.00
2017.03.13 19:13:19.321,9.52681,9.52912,1.00,1.00
2017.03.13 19:13:20.309,9.52681,9.52902,1.00,1.00
2017.03.13 19:13:20.530,9.52681,9.52914,1.00,1.12
2017.03.13 19:13:20.632,9.52681,9.52904,1.00,1.00
2017.03.13 19:13:20.860,9.52681,9.52916,1.00,1.37
2017.03.13 19:13:20.961,9.52681,9.52903,1.00,1.00
2017.03.13 19:13:21.194,9.52681,9.52916,1.00,1.37
2017.03.13 19:13:21.296,9.52681,9.52903,1.00,1.00
2017.03.13 19:13:21.478,9.52681,9.52917,1.00,1.37
2017.03.13 19:13:21.630,9.52681,9.52904,1.00,1.00
2017.03.13 19:13:21.800,9.52681,9.52917,1.00,1.37
2017.03.13 19:13:21.952,9.52681,9.52905,1.00,1.00
2017.03.13 19:13:22.130,9.52681,9.52918,1.00,1.37
2017.03.13 19:13:22.232,9.52681,9.52904,1.00,1.00
2017.03.13 19:13:22.460,9.52681,9.52917,1.00,1.37
2017.03.13 19:13:22.562,9.52681,9.52905,1.00,1.00
2017.03.13 19:13:23.063,9.52681,9.52918,1.00,1.37
2017.03.13 19:13:23.215,9.52681,9.52906,1.00,1.00
2017.03.13 19:13:23.378,9.52681,9.52916,1.00,1.37
2017.03.13 19:13:23.530,9.52681,9.52904,1.00,1.00
2017.03.13 19:13:23.731,9.52681,9.52915,1.00,1.37
2017.03.13 19:13:23.832,9.52681,9.52903,1.00,1.00
2017.03.13 19:13:24.015,9.52681,9.52917,1.00,1.37
2017.03.13 19:13:24.167,9.52681,9.52904,1.00,1.00
2017.03.13 19:13:24.333,9.52681,9.52916,1.00,1.87
2017.03.13 19:13:24.485,9.52681,9.52904,1.00,1.00
2017.03.13 19:13:24.652,9.52681,9.52916,1.00,1.37
2017.03.13 19:13:24.804,9.52681,9.52905,1.00,1.00
2017.03.13 19:13:24.971,9.52681,9.52917,1.00,1.37
2017.03.13 19:13:25.123,9.52681,9.52904,1.00,1.00
2017.03.13 19:13:25.298,9.52681,9.52917,1.00,1.37
2017.03.13 19:13:25.399,9.52681,9.52905,1.00,1.00
2017.03.13 19:13:25.603,9.52681,9.52918,1.00,1.37
2017.03.13 19:13:25.755,9.52681,9.52907,1.00,1.00
2017.03.13 19:13:25.921,9.52681,9.52918,1.00,1.37
2017.03.13 19:13:26.022,9.52681,9.52918,1.00,1.00
2017.03.13 19:13:26.124,9.52681,9.52919,1.00,1.37
2017.03.13 19:13:26.523,9.52681,9.52895,1.00,1.00
2017.03.13 19:13:26.752,9.52681,9.5291,1.00,1.00
2017.03.13 19:13:26.804,9.5269,9.5291,1.00,1.00
2017.03.13 19:13:26.854,9.5269,9.52925,1.00,1.37
2017.03.13 19:13:27.405,9.5269,9.52923,1.50,1.00
2017.03.13 19:13:27.578,9.527,9.52923,1.00,1.00
2017.03.13 19:13:27.882,9.5269,9.52912,1.00,1.00
2017.03.13 19:13:28.003,9.5269,9.5292,1.00,1.87
2017.03.13 19:13:28.054,9.527,9.52926,1.00,1.37
2017.03.13 19:13:28.358,9.527,9.52914,1.00,1.00
2017.03.13 19:13:28.435,9.527,9.52925,1.00,1.37
2017.03.13 19:13:28.537,9.5269,9.52925,1.00,1.37
2017.03.13 19:13:28.588,9.5269,9.52914,1.00,1.00
2017.03.13 19:13:28.914,9.527,9.52927,1.00,1.37
2017.03.13 19:13:29.312,9.527,9.52914,1.00,1.00
2017.03.13 19:13:29.517,9.527,9.52927,1.00,1.37
2017.03.13 19:13:29.619,9.52699,9.52915,1.00,1.00
2017.03.13 19:13:30.112,9.5271,9.52915,1.00,1.00
2017.03.13 19:13:30.901,9.527,9.52915,1.00,1.00
2017.03.13 19:13:31.177,9.5271,9.52915,1.00,1.00
2017.03.13 19:13:31.228,9.527,9.52915,1.00,1.00
2017.03.13 19:13:31.749,9.52699,9.52915,1.00,1.00
2017.03.13 19:13:31.976,9.5271,9.52915,1.00,1.00
2017.03.13 19:13:32.027,9.527,9.52915,1.00,1.00
2017.03.13 19:13:32.399,9.5271,9.52915,1.00,1.00
2017.03.13 19:13:32.450,9.527,9.52914,1.00,1.00
2017.03.13 19:13:32.958,9.527,9.52915,1.00,1.00
2017.03.13 19:13:33.532,9.5271,9.52915,1.00,1.00
2017.03.13 19:13:33.634,9.527,9.52915,1.00,1.00
2017.03.13 19:13:33.864,9.5271,9.52915,1.00,1.00
2017.03.13 19:13:34.016,9.527,9.52915,1.00,1.50
2017.03.13 19:13:34.530,9.527,9.52914,1.00,1.00
2017.03.13 19:13:35.077,9.527,9.52915,1.00,1.00
2017.03.13 19:13:35.397,9.5271,9.52915,1.00,1.50
2017.03.13 19:13:36.573,9.5271,9.52914,1.00,1.00
2017.03.13 19:13:37.153,9.5271,9.52915,1.00,1.00
2017.03.13 19:13:38.778,9.5272,9.52915,1.00,1.00
2017.03.13 19:13:38.829,9.5271,9.52915,1.00,1.00
2017.03.13 19:13:39.512,9.5272,9.52915,1.00,1.00
2017.03.13 19:13:39.564,9.5271,9.52915,1.00,1.00
2017.03.13 19:13:40.118,9.5271,9.52914,1.00,1.00
2017.03.13 19:13:40.169,9.5272,9.52914,1.00,1.00
2017.03.13 19:13:40.220,9.5271,9.52914,1.00,1.00
2017.03.13 19:13:41.147,9.52709,9.52914,1.00,1.00
2017.03.13 19:13:41.198,9.5272,9.52914,1.00,1.00
2017.03.13 19:13:41.868,9.5271,9.52914,1.00,1.00
2017.03.13 19:13:42.867,9.5272,9.52914,1.00,1.00
2017.03.13 19:13:42.918,9.52709,9.52914,1.00,1.00
2017.03.13 19:13:43.474,9.5272,9.52914,1.00,1.00
2017.03.13 19:13:44.130,9.52719,9.52914,1.00,1.00
2017.03.13 19:13:45.032,9.5272,9.52914,1.00,1.00
2017.03.13 19:13:45.235,9.5271,9.52914,1.00,1.00
2017.03.13 19:13:46.207,9.5272,9.52914,1.00,1.00
2017.03.13 19:13:46.359,9.5271,9.52914,1.00,1.00
2017.03.13 19:13:46.622,9.5272,9.52914,1.00,1.00
2017.03.13 19:13:46.774,9.5271,9.52914,1.00,1.00
2017.03.13 19:13:47.029,9.5271,9.52904,1.00,1.00
2017.03.13 19:13:47.943,9.5271,9.52914,1.00,1.00
2017.03.13 19:13:48.307,9.5271,9.52904,1.00,1.00
2017.03.13 19:13:48.408,9.5271,9.52915,1.00,1.50
2017.03.13 19:13:48.577,9.5271,9.52904,1.00,1.00
2017.03.13 19:13:48.730,9.52709,9.52914,1.00,1.00
2017.03.13 19:13:48.831,9.52709,9.52904,1.00,1.00
2017.03.13 19:13:48.947,9.5271,9.52915,1.00,1.50
2017.03.13 19:13:49.463,9.5271,9.52914,1.00,1.00
2017.03.13 19:13:50.250,9.5271,9.52917,1.00,1.00
2017.03.13 19:13:50.453,9.52717,9.52917,1.00,1.00
2017.03.13 19:13:50.605,9.52742,9.52962,1.00,1.50
2017.03.13 19:13:50.657,9.52746,9.52962,1.19,1.00
2017.03.13 19:13:51.062,9.5275,9.52962,1.00,1.00
2017.03.13 19:13:51.736,9.52749,9.52962,1.00,1.00
2017.03.13 19:13:52.262,9.5275,9.52962,1.00,1.00
2017.03.13 19:13:52.313,9.52745,9.52962,1.19,1.00
2017.03.13 19:13:52.364,9.52745,9.52962,1.00,1.00
2017.03.13 19:13:52.578,9.52745,9.52954,1.00,1.00
2017.03.13 19:13:52.959,9.52745,9.52962,1.00,1.00
2017.03.13 19:13:53.061,9.52745,9.52954,1.00,1.00
2017.03.13 19:13:54.622,9.52745,9.52962,1.00,1.00
2017.03.13 19:13:54.774,9.52745,9.52954,1.00,1.00
2017.03.13 19:13:54.940,9.52745,9.52962,1.00,1.00
2017.03.13 19:13:55.093,9.52745,9.52954,1.00,1.00
2017.03.13 19:13:55.255,9.52745,9.52962,1.00,1.00
2017.03.13 19:13:55.407,9.52745,9.52954,1.00,1.00
2017.03.13 19:13:55.573,9.52745,9.52962,1.00,1.00
2017.03.13 19:13:55.724,9.52745,9.52954,1.00,1.00
2017.03.13 19:13:55.896,9.52745,9.52962,1.00,1.00
2017.03.13 19:13:56.638,9.52745,9.52954,1.00,1.00
2017.03.13 19:13:56.740,9.52745,9.52962,1.00,1.00
2017.03.13 19:13:56.842,9.52745,9.52957,1.00,1.00
2017.03.13 19:13:57.069,9.52745,9.52962,1.00,1.00
2017.03.13 19:13:57.173,9.52745,9.52954,1.00,1.00
2017.03.13 19:13:57.366,9.52745,9.52962,1.00,1.00
2017.03.13 19:13:57.576,9.52745,9.52957,1.00,1.00
2017.03.13 19:13:57.798,9.52745,9.52962,1.00,1.00
2017.03.13 19:13:57.950,9.52745,9.52957,1.00,1.00
2017.03.13 19:13:58.217,9.52745,9.52962,1.00,1.00
2017.03.13 19:14:02.035,9.52745,9.52957,1.00,1.00
2017.03.13 19:14:02.232,9.52745,9.52962,1.00,1.00
2017.03.13 19:14:02.604,9.52745,9.52957,1.00,1.00
2017.03.13 19:14:02.857,9.52745,9.52962,1.00,1.00
2017.03.13 19:14:06.403,9.5275,9.52962,1.00,1.00
2017.03.13 19:14:06.455,9.52745,9.52962,1.00,1.00
2017.03.13 19:14:06.573,9.52745,9.52962,1.37,1.00
2017.03.13 19:14:06.994,9.5275,9.52962,1.00,1.00
2017.03.13 19:14:07.095,9.52745,9.52962,1.37,1.00
2017.03.13 19:14:07.308,9.5275,9.52962,1.00,1.00
2017.03.13 19:14:07.410,9.52745,9.52962,1.37,1.00
2017.03.13 19:14:07.595,9.52745,9.52962,1.37,1.00
2017.03.13 19:14:08.109,9.52747,9.52962,1.87,1.00
2017.03.13 19:14:09.725,9.52747,9.52978,1.87,1.00
2017.03.13 19:14:10.100,9.5275,9.52981,1.87,1.00
2017.03.13 19:14:10.369,9.52761,9.52981,1.00,1.00
2017.03.13 19:14:10.622,9.5279,9.53017,1.00,1.00
2017.03.13 19:14:10.673,9.5279,9.53022,1.00,1.00
2017.03.13 19:14:10.774,9.52795,9.53022,1.72,1.00
2017.03.13 19:14:11.079,9.52815,9.53034,1.00,1.00
2017.03.13 19:14:11.130,9.52811,9.53034,1.00,1.00
2017.03.13 19:14:11.231,9.52825,9.53045,1.00,1.00
2017.03.13 19:14:11.557,9.52832,9.53061,1.60,1.00
2017.03.13 19:14:11.608,9.52861,9.5306,1.00,1.00
2017.03.13 19:14:11.694,9.52861,9.53065,1.00,1.00
2017.03.13 19:14:12.048,9.5285,9.5306,1.00,1.00
2017.03.13 19:14:12.100,9.5283,9.5306,1.00,1.00
2017.03.13 19:14:12.151,9.5284,9.5305,1.00,1.00
2017.03.13 19:14:12.203,9.5283,9.53044,1.00,1.00
2017.03.13 19:14:12.405,9.5283,9.53054,1.00,1.00
2017.03.13 19:14:12.456,9.5283,9.53054,2.10,1.00
2017.03.13 19:14:12.507,9.52832,9.53065,1.60,1.00
2017.03.13 19:14:12.558,9.52832,9.53063,1.60,1.00
2017.03.13 19:14:12.710,9.52832,9.53063,1.60,1.00
2017.03.13 19:14:12.761,9.52836,9.53063,1.12,1.00
2017.03.13 19:14:12.812,9.52832,9.5306,1.00,1.00
2017.03.13 19:14:12.862,9.52832,9.53054,1.00,1.00
2017.03.13 19:14:12.964,9.5283,9.53054,1.00,1.00
2017.03.13 19:14:13.015,9.52861,9.5306,1.00,1.00
2017.03.13 19:14:13.066,9.52861,9.53063,1.00,1.00
2017.03.13 19:14:13.117,9.5286,9.53065,1.00,1.00
2017.03.13 19:14:13.342,9.52846,9.53064,1.00,1.00
2017.03.13 19:14:13.545,9.52846,9.5306,1.00,1.00
2017.03.13 19:14:13.595,9.52839,9.5306,1.50,1.00
2017.03.13 19:14:13.646,9.5283,9.5305,1.50,1.00
2017.03.13 19:14:13.849,9.52818,9.53052,1.00,1.00
2017.03.13 19:14:13.899,9.5282,9.53052,1.72,1.00
2017.03.13 19:14:13.950,9.52836,9.53064,1.00,1.50
2017.03.13 19:14:14.052,9.52848,9.53064,1.12,1.50
2017.03.13 19:14:14.102,9.52836,9.53064,1.60,1.50
2017.03.13 19:14:14.153,9.52836,9.53064,1.00,1.00
2017.03.13 19:14:14.204,9.52847,9.53064,1.12,1.00
2017.03.13 19:14:14.255,9.52836,9.53064,1.35,1.00
2017.03.13 19:14:14.306,9.52836,9.5306,1.50,1.00
2017.03.13 19:14:14.457,9.52836,9.53064,1.00,1.00
2017.03.13 19:14:14.610,9.52824,9.53054,1.00,1.00
2017.03.13 19:14:14.661,9.52835,9.53054,1.50,1.00
2017.03.13 19:14:14.712,9.5283,9.53055,1.00,1.00
2017.03.13 19:14:14.763,9.5283,9.5306,1.50,1.00
2017.03.13 19:14:14.814,9.52861,9.53064,1.00,1.00
2017.03.13 19:14:15.016,9.5285,9.53065,1.60,1.00
2017.03.13 19:14:15.117,9.52845,9.53065,1.60,1.00
2017.03.13 19:14:15.269,9.52846,9.5306,1.00,1.00
2017.03.13 19:14:15.371,9.5283,9.5305,1.87,1.00
2017.03.13 19:14:15.472,9.52817,9.53044,1.12,1.00
2017.03.13 19:14:15.523,9.52812,9.53044,1.35,1.00
2017.03.13 19:14:15.574,9.52812,9.53044,1.60,1.00
2017.03.13 19:14:15.877,9.5283,9.53056,2.85,1.00
2017.03.13 19:14:16.181,9.52831,9.53054,1.30,1.00
2017.03.13 19:14:16.489,9.5283,9.53064,1.75,1.00
2017.03.13 19:14:16.691,9.52832,9.53054,1.60,1.00
2017.03.13 19:14:16.844,9.5283,9.53054,1.00,1.00
2017.03.13 19:14:16.996,9.5283,9.5306,2.25,1.00
2017.03.13 19:14:17.047,9.52861,9.53064,1.00,1.00
2017.03.13 19:14:17.589,9.52861,9.53065,1.00,1.00
2017.03.13 19:14:18.532,9.5286,9.53065,1.00,1.00
2017.03.13 19:14:19.043,9.52861,9.53065,1.00,1.00
2017.03.13 19:14:20.061,9.5285,9.53065,1.00,1.00
2017.03.13 19:14:20.112,9.52831,9.53064,1.00,1.35
2017.03.13 19:14:20.163,9.52831,9.53064,1.00,1.60
2017.03.13 19:14:20.512,9.52861,9.53065,1.00,1.00
2017.03.13 19:14:20.815,9.5285,9.53064,1.00,1.00
2017.03.13 19:14:20.866,9.52842,9.5306,1.12,1.00
2017.03.13 19:14:20.918,9.52825,9.5306,1.87,1.00
2017.03.13 19:14:20.969,9.52825,9.53062,2.25,1.00
2017.03.13 19:14:21.121,9.5283,9.53062,1.00,1.00
2017.03.13 19:14:21.223,9.52825,9.53062,1.60,1.00
2017.03.13 19:14:21.274,9.52825,9.53062,2.47,1.00
2017.03.13 19:14:21.326,9.52825,9.53055,1.72,1.00
2017.03.13 19:14:21.377,9.52822,9.53055,1.60,1.00
2017.03.13 19:14:21.428,9.52827,9.53055,2.10,1.00
2017.03.13 19:14:21.479,9.52835,9.53062,1.00,1.00
2017.03.13 19:14:21.530,9.5286,9.53062,1.00,1.00
2017.03.13 19:14:21.632,9.52861,9.53065,1.00,1.00
2017.03.13 19:14:21.783,9.5285,9.53065,1.35,1.00
2017.03.13 19:14:21.834,9.52846,9.53065,1.00,1.00
2017.03.13 19:14:22.036,9.52847,9.53065,1.87,1.00
2017.03.13 19:14:22.087,9.5283,9.53057,1.00,1.00
2017.03.13 19:14:22.139,9.52834,9.5305,1.12,1.00
2017.03.13 19:14:22.240,9.52812,9.53044,1.00,1.00
2017.03.13 19:14:22.291,9.52817,9.53044,1.35,1.00
2017.03.13 19:14:22.343,9.52821,9.53059,1.72,1.00
2017.03.13 19:14:22.393,9.52824,9.53059,1.05,1.00
2017.03.13 19:14:22.697,9.52838,9.53064,1.00,1.00
2017.03.13 19:14:22.919,9.52823,9.53054,1.00,1.00
2017.03.13 19:14:22.970,9.5283,9.53063,1.00,1.00
2017.03.13 19:14:23.021,9.52841,9.5306,1.00,1.00
2017.03.13 19:14:23.324,9.5285,9.53064,1.00,1.00
2017.03.13 19:14:23.577,9.5282,9.5305,1.00,1.00
2017.03.13 19:14:23.628,9.5282,9.53042,1.37,1.00
2017.03.13 19:14:23.780,9.52805,9.53034,1.19,1.00
2017.03.13 19:14:23.881,9.5282,9.53042,1.00,1.00
2017.03.13 19:14:23.932,9.52815,9.53042,1.19,1.00
2017.03.13 19:14:23.983,9.5282,9.53042,1.57,1.00
2017.03.13 19:14:24.034,9.5283,9.53065,2.10,1.00
2017.03.13 19:14:24.136,9.52828,9.53065,1.35,1.00
2017.03.13 19:14:24.197,9.52834,9.53065,1.50,1.50
2017.03.13 19:14:24.248,9.52816,9.53052,1.60,1.00
2017.03.13 19:14:24.299,9.52861,9.53052,1.00,1.00
2017.03.13 19:14:24.350,9.52861,9.5306,1.00,1.00
2017.03.13 19:14:24.401,9.52861,9.53065,1.00,1.00
2017.03.13 19:14:24.553,9.52861,9.5305,1.00,1.00
2017.03.13 19:14:24.808,9.52846,9.5305,1.00,1.00
2017.03.13 19:14:24.909,9.5283,9.53045,1.50,1.00
2017.03.13 19:14:24.960,9.52822,9.53034,1.50,1.00
2017.03.13 19:14:25.012,9.52797,9.53034,1.00,1.00
2017.03.13 19:14:25.062,9.528,9.53034,1.00,1.00
2017.03.13 19:14:25.413,9.52836,9.53045,1.00,1.00
2017.03.13 19:14:25.464,9.5283,9.53045,1.60,1.00
2017.03.13 19:14:25.565,9.52859,9.53044,1.00,1.00
2017.03.13 19:14:25.616,9.52859,9.53061,1.00,1.00
2017.03.13 19:14:25.768,9.52859,9.53051,1.00,1.00
2017.03.13 19:14:26.021,9.52846,9.5305,1.00,1.00
2017.03.13 19:14:26.122,9.52829,9.53044,1.00,1.00
2017.03.13 19:14:26.173,9.5283,9.53034,1.00,1.00
2017.03.13 19:14:26.224,9.5281,9.53035,1.00,1.00
2017.03.13 19:14:26.325,9.5281,9.53035,1.19,1.00
2017.03.13 19:14:26.629,9.52811,9.53024,1.00,1.00
2017.03.13 19:14:26.731,9.52811,9.53047,1.60,1.00
2017.03.13 19:14:26.781,9.52861,9.53047,1.00,1.00
2017.03.13 19:14:26.832,9.52861,9.5306,1.00,1.00
2017.03.13 19:14:27.035,9.52861,9.5305,1.00,1.00
2017.03.13 19:14:27.288,9.52846,9.5304,1.00,1.00
2017.03.13 19:14:27.339,9.5282,9.5303,1.00,1.00
2017.03.13 19:14:27.440,9.52826,9.53035,1.00,1.00
2017.03.13 19:14:27.491,9.5281,9.53036,1.19,1.00
2017.03.13 19:14:27.592,9.5282,9.53036,1.00,1.00
2017.03.13 19:14:27.643,9.52799,9.53036,1.94,1.00
2017.03.13 19:14:27.694,9.5282,9.53046,1.00,1.00
2017.03.13 19:14:27.795,9.5283,9.53049,1.00,1.00
2017.03.13 19:14:28.124,9.52858,9.53065,1.00,1.00
2017.03.13 19:14:28.528,9.52846,9.5305,1.35,1.00
2017.03.13 19:14:28.579,9.52836,9.5305,3.22,1.00
2017.03.13 19:14:28.630,9.5283,9.53044,1.00,1.00
2017.03.13 19:14:28.731,9.5282,9.5304,1.00,1.00
2017.03.13 19:14:28.782,9.52856,9.53044,1.00,1.00
2017.03.13 19:14:28.833,9.52855,9.53056,1.00,1.00
2017.03.13 19:14:28.934,9.52856,9.53065,1.00,1.00
2017.03.13 19:14:29.036,9.52856,9.5306,1.00,1.00
2017.03.13 19:14:29.339,9.5282,9.5304,1.00,1.00
2017.03.13 19:14:29.390,9.5283,9.5304,1.00,1.50
2017.03.13 19:14:29.542,9.52798,9.53038,1.19,1.00
2017.03.13 19:14:29.593,9.52817,9.53038,1.00,1.00
2017.03.13 19:14:29.745,9.52802,9.53034,1.00,1.00
2017.03.13 19:14:29.795,9.52811,9.53034,1.00,1.00
2017.03.13 19:14:29.947,9.52811,9.53038,1.35,1.50
2017.03.13 19:14:30.099,9.52811,9.53025,1.60,1.00
2017.03.13 19:14:30.352,9.52796,9.53014,1.12,1.00
2017.03.13 19:14:30.410,9.52794,9.53014,1.00,1.00
2017.03.13 19:14:30.461,9.52794,9.53004,1.00,1.00
2017.03.13 19:14:30.562,9.5278,9.53004,3.37,1.00
2017.03.13 19:14:30.613,9.5278,9.52994,3.37,1.00
2017.03.13 19:14:30.916,9.5278,9.52984,1.00,1.00
2017.03.13 19:14:31.394,9.52778,9.52984,1.00,1.00
2017.03.13 19:14:31.445,9.52764,9.52974,1.37,1.00
2017.03.13 19:14:31.547,9.52764,9.52984,1.00,1.00
2017.03.13 19:14:32.418,9.52764,9.52996,1.00,1.00
2017.03.13 19:14:32.519,9.52764,9.52984,1.00,1.00
2017.03.13 19:14:32.732,9.52764,9.52995,1.00,1.00
2017.03.13 19:14:32.884,9.52764,9.52981,1.00,1.00
2017.03.13 19:14:32.991,9.52764,9.52991,1.00,1.00
2017.03.13 19:14:33.143,9.52764,9.52979,1.00,1.00
2017.03.13 19:14:33.327,9.5277,9.52997,1.00,1.00
2017.03.13 19:14:33.428,9.52764,9.52984,1.00,1.00
2017.03.13 19:14:33.684,9.52764,9.52994,1.00,1.00
2017.03.13 19:14:33.785,9.5277,9.52994,1.00,1.00
2017.03.13 19:14:34.494,9.52764,9.52994,1.00,1.00
2017.03.13 19:14:37.118,9.52764,9.52984,1.00,1.00
2017.03.13 19:14:37.320,9.52764,9.52993,1.00,1.00
2017.03.13 19:14:37.421,9.52764,9.5299,1.00,1.00
2017.03.13 19:14:37.618,9.52764,9.52993,1.00,1.00
2017.03.13 19:14:37.720,9.52764,9.52989,1.00,1.00
2017.03.13 19:14:37.914,9.52764,9.52993,1.00,1.00
2017.03.13 19:14:38.016,9.52764,9.52989,1.00,1.00
2017.03.13 19:14:38.228,9.52764,9.52993,1.00,1.00
2017.03.13 19:14:38.475,9.52764,9.52984,1.00,1.00
2017.03.13 19:14:38.576,9.52764,9.52993,1.00,1.00
2017.03.13 19:14:38.678,9.52764,9.52981,1.00,1.00
2017.03.13 19:14:38.785,9.5277,9.52994,1.00,1.00
2017.03.13 19:14:42.773,9.5277,9.52985,1.00,1.00
2017.03.13 19:14:43.836,9.5277,9.53003,1.00,1.00
2017.03.13 19:14:44.475,9.5277,9.52984,1.00,1.00
2017.03.13 19:14:45.412,9.5277,9.52994,1.00,1.00
2017.03.13 19:14:49.067,9.5277,9.52985,1.00,1.00
2017.03.13 19:14:54.765,9.5277,9.52984,1.00,1.00
2017.03.13 19:14:54.866,9.5276,9.52984,1.00,1.00
2017.03.13 19:14:55.120,9.52749,9.52974,1.00,1.00
2017.03.13 19:14:55.221,9.52749,9.52964,1.00,1.00
2017.03.13 19:14:55.323,9.52744,9.52964,1.00,1.00
2017.03.13 19:14:55.374,9.52742,9.52954,1.00,1.00
2017.03.13 19:14:55.847,9.52742,9.52945,1.00,1.00
2017.03.13 19:14:55.898,9.5273,9.52945,1.00,1.00
2017.03.13 19:14:58.694,9.5273,9.52944,1.00,1.00
2017.03.13 19:14:58.846,9.52724,9.52934,1.00,1.00
2017.03.13 19:14:58.947,9.52713,9.52924,1.00,1.00
2017.03.13 19:14:59.049,9.5271,9.52924,1.00,1.00
2017.03.13 19:14:59.100,9.52709,9.52915,1.00,1.00
2017.03.13 19:14:59.151,9.527,9.52914,1.00,1.00
2017.03.13 19:14:59.555,9.5269,9.52914,2.25,1.00
2017.03.13 19:14:59.606,9.5269,9.52904,1.00,1.00
2017.03.13 19:14:59.657,9.5268,9.52904,1.50,1.00
2017.03.13 19:14:59.758,9.52676,9.52894,1.00,1.00
2017.03.13 19:15:00.011,9.5268,9.52901,1.00,1.00
2017.03.13 19:15:00.062,9.52677,9.52893,1.00,1.00
2017.03.13 19:15:00.265,9.5266,9.52875,1.00,1.00
2017.03.13 19:15:00.774,9.5266,9.52874,1.00,1.00
2017.03.13 19:15:00.990,9.5266,9.52883,1.00,1.00
2017.03.13 19:15:01.142,9.5266,9.52874,1.00,1.00
2017.03.13 19:15:01.249,9.52658,9.52874,1.00,1.00
2017.03.13 19:15:01.351,9.5265,9.52864,1.00,1.00
2017.03.13 19:15:01.654,9.5265,9.52844,1.00,1.00
2017.03.13 19:15:03.107,9.5265,9.52857,1.00,1.00
2017.03.13 19:15:03.444,9.5265,9.52867,1.00,1.50
2017.03.13 19:15:03.546,9.5265,9.52857,1.00,1.00
2017.03.13 19:15:04.419,9.5265,9.52867,1.00,1.87
2017.03.13 19:15:04.520,9.5265,9.52854,1.00,1.00
2017.03.13 19:15:04.744,9.5265,9.52867,1.00,1.00
2017.03.13 19:15:04.846,9.5265,9.52854,1.00,1.00
2017.03.13 19:15:05.503,9.5265,9.52844,1.00,1.00
2017.03.13 19:15:05.733,9.5265,9.52854,1.00,1.00
2017.03.13 19:15:05.835,9.5265,9.52845,1.00,1.00
2017.03.13 19:15:06.063,9.5265,9.52854,1.00,1.00
2017.03.13 19:15:06.164,9.5265,9.52844,1.00,1.00
2017.03.13 19:15:06.394,9.5265,9.52854,1.00,1.00
2017.03.13 19:15:07.073,9.5265,9.52864,1.00,1.12
2017.03.13 19:15:07.124,9.5265,9.52854,1.00,1.00
2017.03.13 19:15:07.625,9.5265,9.52867,1.00,1.37
2017.03.13 19:15:07.727,9.5265,9.52854,1.00,1.00
2017.03.13 19:15:07.879,9.5265,9.52864,1.00,1.00
2017.03.13 19:15:08.031,9.5265,9.52867,1.00,1.00
2017.03.13 19:15:09.372,9.5265,9.52878,1.00,1.00
2017.03.13 19:15:09.474,9.5265,9.52875,1.00,1.00
2017.03.13 19:15:09.575,9.5265,9.52878,1.00,1.00
2017.03.13 19:15:09.676,9.5265,9.52871,1.00,1.00
2017.03.13 19:15:09.888,9.5265,9.52878,1.00,1.00
2017.03.13 19:15:09.989,9.5265,9.52871,1.00,1.00
2017.03.13 19:15:10.365,9.5265,9.52878,1.00,1.00
2017.03.13 19:15:10.517,9.5265,9.52871,1.00,1.00
2017.03.13 19:15:10.699,9.5265,9.52878,1.00,1.00
2017.03.13 19:15:10.750,9.5265,9.52883,1.00,1.00
2017.03.13 19:15:10.952,9.5265,9.52868,1.00,1.00
2017.03.13 19:15:11.054,9.5265,9.52871,1.00,1.00
2017.03.13 19:15:11.155,9.5265,9.52865,1.00,1.00
2017.03.13 19:15:11.446,9.5265,9.52871,1.50,1.00
2017.03.13 19:15:11.497,9.5266,9.52883,1.00,1.00
2017.03.13 19:15:11.548,9.5265,9.52883,1.50,1.00
2017.03.13 19:15:11.599,9.5265,9.52876,1.50,1.00
2017.03.13 19:15:11.935,9.5266,9.52876,1.00,1.00
2017.03.13 19:15:12.037,9.5265,9.52877,1.50,1.00
2017.03.13 19:15:12.087,9.52658,9.52877,1.00,1.00
2017.03.13 19:15:12.392,9.52656,9.52871,1.00,1.00
2017.03.13 19:15:12.698,9.52656,9.52864,1.00,1.00
2017.03.13 19:15:13.115,9.52656,9.52871,1.00,1.00
2017.03.13 19:15:13.266,9.52656,9.52864,1.00,1.00
2017.03.13 19:15:13.418,9.52656,9.52871,1.00,1.00
2017.03.13 19:15:14.359,9.52656,9.52864,1.00,1.00
2017.03.13 19:15:15.487,9.52656,9.52865,1.00,1.00
2017.03.13 19:15:16.035,9.52656,9.52864,1.00,1.00
2017.03.13 19:15:16.087,9.52656,9.52874,1.00,1.00
2017.03.13 19:15:16.614,9.52656,9.52864,1.00,1.00
2017.03.13 19:15:17.022,9.52656,9.52874,1.00,1.00
2017.03.13 19:15:17.275,9.52656,9.52868,1.00,1.00
2017.03.13 19:15:17.376,9.52656,9.52874,1.00,1.00
2017.03.13 19:15:17.629,9.52656,9.52892,1.00,1.00
2017.03.13 19:15:17.680,9.5266,9.52892,1.00,1.00
2017.03.13 19:15:18.715,9.52659,9.52892,1.00,1.00
2017.03.13 19:15:19.032,9.52661,9.52892,1.87,1.00
2017.03.13 19:15:19.083,9.52675,9.52904,1.00,1.00
2017.03.13 19:15:19.134,9.5268,9.52909,1.95,1.00
2017.03.13 19:15:19.236,9.527,9.5292,1.00,1.00
2017.03.13 19:15:19.287,9.5271,9.5292,1.95,1.00
2017.03.13 19:15:19.338,9.5272,9.52947,1.50,1.00
2017.03.13 19:15:19.389,9.5273,9.52947,1.45,1.00
2017.03.13 19:15:19.737,9.52689,9.52898,4.12,1.00
2017.03.13 19:15:19.788,9.5269,9.52908,2.25,1.00
2017.03.13 19:15:19.839,9.5268,9.52914,1.10,1.00
2017.03.13 19:15:19.940,9.52676,9.52899,1.56,1.00
2017.03.13 19:15:20.244,9.5268,9.52909,1.12,1.00
2017.03.13 19:15:20.750,9.52681,9.52909,1.00,1.00
2017.03.13 19:15:29.732,9.52681,9.5291,1.00,1.00
2017.03.13 19:15:29.984,9.52681,9.52914,1.00,1.00
2017.03.13 19:15:30.136,9.52681,9.52908,1.00,1.00
2017.03.13 19:15:30.723,9.52681,9.52907,1.00,1.00
2017.03.13 19:15:31.234,9.52681,9.52896,1.00,1.00
2017.03.13 19:15:31.538,9.52679,9.52896,1.00,1.00
2017.03.13 19:15:31.641,9.52669,9.52885,1.00,1.00
2017.03.13 19:15:32.178,9.5267,9.52885,1.00,1.00
2017.03.13 19:15:32.279,9.5267,9.52898,1.00,1.00
2017.03.13 19:15:32.381,9.5267,9.52884,1.00,1.00
2017.03.13 19:15:32.583,9.5266,9.52884,1.00,1.00
2017.03.13 19:15:33.017,9.5266,9.52874,1.00,1.00
2017.03.13 19:15:33.325,9.5265,9.52874,1.50,1.00
2017.03.13 19:15:33.376,9.5266,9.52884,1.00,1.12
2017.03.13 19:15:33.686,9.5266,9.52874,1.00,1.00
2017.03.13 19:15:34.048,9.5265,9.52874,1.50,1.00
2017.03.13 19:15:34.447,9.5266,9.52874,1.00,1.00
2017.03.13 19:15:34.498,9.5265,9.52874,1.50,1.00
2017.03.13 19:15:37.903,9.5266,9.52874,1.00,1.00
2017.03.13 19:15:38.042,9.5265,9.52874,1.50,1.00
2017.03.13 19:15:40.173,9.5265,9.52864,1.00,1.00
2017.03.13 19:15:40.695,9.5265,9.52876,1.50,1.37
2017.03.13 19:15:40.747,9.5265,9.52876,1.50,1.00
2017.03.13 19:15:41.051,9.52659,9.52876,1.00,1.00
2017.03.13 19:15:41.354,9.5267,9.52885,1.00,1.37
2017.03.13 19:15:41.658,9.5267,9.52881,1.00,1.00
2017.03.13 19:15:41.870,9.5267,9.52885,1.00,1.37
2017.03.13 19:15:41.921,9.5266,9.52885,1.00,1.37
2017.03.13 19:15:41.972,9.5266,9.52878,1.00,1.00
2017.03.13 19:15:42.680,9.5266,9.52885,1.00,1.37
2017.03.13 19:15:42.832,9.5266,9.52874,1.00,1.00
2017.03.13 19:15:43.000,9.5266,9.52885,1.00,1.37
2017.03.13 19:15:43.203,9.5267,9.52885,1.00,1.37
2017.03.13 19:15:43.607,9.52669,9.52898,1.00,1.00
2017.03.13 19:15:43.708,9.5267,9.52888,1.00,1.00
2017.03.13 19:15:44.012,9.527,9.52911,1.00,1.00
2017.03.13 19:15:45.076,9.5271,9.52911,1.00,1.00
2017.03.13 19:15:46.014,9.5271,9.52925,1.00,1.00
2017.03.13 19:15:46.550,9.52709,9.52925,1.00,1.00
2017.03.13 19:15:47.295,9.5271,9.52925,1.00,1.00
2017.03.13 19:15:48.690,9.52709,9.52925,1.00,1.00
2017.03.13 19:15:49.209,9.5271,9.52925,1.00,1.00
2017.03.13 19:15:49.782,9.5272,9.52926,1.00,1.00
2017.03.13 19:15:49.833,9.52719,9.52934,1.00,1.00
2017.03.13 19:15:49.935,9.5271,9.52934,1.00,1.00
2017.03.13 19:15:50.036,9.527,9.52934,1.00,1.00
2017.03.13 19:15:50.526,9.52711,9.52934,1.00,1.00
2017.03.13 19:15:50.640,9.52722,9.52948,1.00,1.00
2017.03.13 19:15:50.692,9.5273,9.5295,1.00,1.00
2017.03.13 19:15:50.742,9.5271,9.5295,1.00,1.00
2017.03.13 19:15:50.793,9.5271,9.5294,1.00,1.00
2017.03.13 19:15:51.097,9.5272,9.52935,1.00,1.00
2017.03.13 19:15:54.050,9.5271,9.52935,1.00,1.00
2017.03.13 19:15:54.101,9.52706,9.52935,1.00,1.00
2017.03.13 19:15:54.152,9.52706,9.52924,1.00,1.00
2017.03.13 19:15:54.455,9.52706,9.52915,1.00,1.00
2017.03.13 19:15:54.975,9.52706,9.52914,1.00,1.00
2017.03.13 19:15:55.127,9.52696,9.52914,1.00,1.00
2017.03.13 19:15:55.632,9.52696,9.52924,1.00,1.00
2017.03.13 19:15:56.406,9.52696,9.52914,1.00,1.00
2017.03.13 19:15:57.042,9.52696,9.52915,1.00,1.00
2017.03.13 19:15:57.548,9.52689,9.52915,1.00,1.00
2017.03.13 19:15:58.053,9.5269,9.52915,1.00,1.00
2017.03.13 19:15:58.587,9.52689,9.52915,1.00,1.00
2017.03.13 19:15:58.870,9.52687,9.52904,1.00,1.00
2017.03.13 19:15:59.088,9.52687,9.52914,1.00,1.00
2017.03.13 19:15:59.139,9.52694,9.52914,1.00,1.00
2017.03.13 19:15:59.393,9.52694,9.52926,1.00,1.37
2017.03.13 19:16:01.107,9.52694,9.52914,1.00,1.00
2017.03.13 19:16:01.291,9.52694,9.52927,1.00,1.37
2017.03.13 19:16:01.442,9.52694,9.52914,1.00,1.00
2017.03.13 19:16:01.609,9.52694,9.52927,1.00,1.37
2017.03.13 19:16:01.761,9.52694,9.52915,1.00,1.00
2017.03.13 19:16:01.929,9.52694,9.52927,1.00,1.37
2017.03.13 19:16:02.030,9.52694,9.52914,1.00,1.00
2017.03.13 19:16:02.247,9.52694,9.52928,1.00,1.37
2017.03.13 19:16:02.399,9.52694,9.52915,1.00,1.00
2017.03.13 19:16:03.342,9.52687,9.52915,1.00,1.00
2017.03.13 19:16:03.551,9.52687,9.52904,1.00,1.00
2017.03.13 19:16:03.602,9.52681,9.52904,1.00,1.00
2017.03.13 19:16:03.956,9.52681,9.52894,1.00,1.00
2017.03.13 19:16:04.058,9.52681,9.52904,1.00,1.00
2017.03.13 19:16:04.159,9.52681,9.52894,1.00,1.00
2017.03.13 19:16:04.650,9.52681,9.52906,1.00,1.00
2017.03.13 19:16:04.773,9.52681,9.52895,1.00,1.00
2017.03.13 19:16:04.881,9.52681,9.52904,1.00,1.00
2017.03.13 19:16:05.197,9.52681,9.52894,1.00,1.00
2017.03.13 19:16:05.519,9.52681,9.52904,1.00,1.00
2017.03.13 19:16:05.671,9.52681,9.52895,1.00,1.00
2017.03.13 19:16:05.924,9.52681,9.52905,1.00,1.00
2017.03.13 19:16:06.025,9.52681,9.52894,1.00,1.00
2017.03.13 19:16:06.242,9.52681,9.52904,1.00,1.00
2017.03.13 19:16:06.911,9.52681,9.52894,1.00,1.00
2017.03.13 19:16:07.185,9.52681,9.52908,1.00,1.00
2017.03.13 19:16:07.289,9.52681,9.52895,1.00,1.00
2017.03.13 19:16:07.456,9.52681,9.52905,1.00,1.00
2017.03.13 19:16:07.558,9.52681,9.52895,1.00,1.00
2017.03.13 19:16:07.787,9.52681,9.52905,1.00,1.00
2017.03.13 19:16:07.889,9.52681,9.52896,1.00,1.00
2017.03.13 19:16:08.117,9.52681,9.52906,1.00,1.00
2017.03.13 19:16:08.219,9.52681,9.52894,1.00,1.00
2017.03.13 19:16:09.062,9.52681,9.52904,1.00,1.00
2017.03.13 19:16:10.099,9.52681,9.52894,1.00,1.00
2017.03.13 19:16:10.304,9.52681,9.52904,1.00,1.00
2017.03.13 19:16:18.664,9.52681,9.52914,1.50,1.00
2017.03.13 19:16:19.026,9.5269,9.52914,1.00,1.00
2017.03.13 19:16:20.086,9.52692,9.52914,1.00,1.00
2017.03.13 19:16:20.137,9.52692,9.52923,1.00,1.00
2017.03.13 19:16:20.188,9.527,9.52923,1.00,1.00
2017.03.13 19:16:20.239,9.52692,9.52923,1.00,1.00
2017.03.13 19:16:20.290,9.52692,9.52928,1.00,1.00
2017.03.13 19:16:20.543,9.527,9.52934,1.00,1.00
2017.03.13 19:16:21.174,9.527,9.5293,1.00,1.00
2017.03.13 19:16:21.497,9.52699,9.52934,1.00,1.00
2017.03.13 19:16:21.548,9.52691,9.52934,1.00,1.00
2017.03.13 19:16:21.817,9.52691,9.52926,1.00,1.00
2017.03.13 19:16:22.129,9.527,9.52934,1.00,1.00
2017.03.13 19:16:22.597,9.527,9.52927,1.00,1.00
2017.03.13 19:16:22.800,9.527,9.52934,1.00,1.00
2017.03.13 19:16:22.901,9.527,9.52926,1.00,1.00
2017.03.13 19:16:23.093,9.527,9.52934,1.00,1.00
2017.03.13 19:16:23.194,9.527,9.52926,1.00,1.00
2017.03.13 19:16:23.432,9.527,9.52934,1.00,1.00
2017.03.13 19:16:23.533,9.52691,9.52927,1.00,1.00
2017.03.13 19:16:23.703,9.52691,9.52934,1.00,1.00
2017.03.13 19:16:23.753,9.527,9.52934,1.00,1.00
2017.03.13 19:16:24.181,9.527,9.52925,1.00,1.00
2017.03.13 19:16:24.715,9.5271,9.52924,1.00,1.00
2017.03.13 19:16:24.765,9.527,9.52924,1.00,1.00
2017.03.13 19:16:25.074,9.527,9.52934,1.00,1.00
2017.03.13 19:16:25.176,9.527,9.52925,1.00,1.00
2017.03.13 19:16:25.393,9.527,9.52934,1.00,1.00
2017.03.13 19:16:25.494,9.52699,9.52925,1.00,1.00
2017.03.13 19:16:25.697,9.527,9.52934,1.00,1.00
2017.03.13 19:16:25.748,9.527,9.52925,1.00,1.00
2017.03.13 19:16:25.950,9.527,9.52934,1.00,1.00
2017.03.13 19:16:26.941,9.5271,9.52934,1.00,1.00
2017.03.13 19:16:27.527,9.52709,9.52934,1.00,1.00
2017.03.13 19:16:28.032,9.5271,9.52934,1.00,1.00
2017.03.13 19:16:28.353,9.5271,9.52925,1.00,1.00
2017.03.13 19:16:28.505,9.527,9.52925,1.00,1.00
2017.03.13 19:16:28.606,9.52709,9.52925,1.00,1.00
2017.03.13 19:16:28.657,9.527,9.52925,1.00,1.00
2017.03.13 19:16:28.865,9.5271,9.52925,1.00,1.00
2017.03.13 19:16:28.917,9.5271,9.52934,1.00,1.00
2017.03.13 19:16:29.170,9.5271,9.52938,1.00,1.00
2017.03.13 19:16:29.271,9.5271,9.52936,1.00,1.00
2017.03.13 19:16:29.485,9.5271,9.52938,1.00,1.00
2017.03.13 19:16:29.805,9.5272,9.52938,1.00,1.00
2017.03.13 19:16:30.035,9.5271,9.52937,1.00,1.00
2017.03.13 19:16:30.137,9.5271,9.52945,1.00,1.00
2017.03.13 19:16:30.187,9.52709,9.52937,1.00,1.00
2017.03.13 19:16:30.693,9.5271,9.52937,1.00,1.00
2017.03.13 19:16:31.124,9.5272,9.52937,1.00,1.00
2017.03.13 19:16:31.174,9.5271,9.52937,1.00,1.00
2017.03.13 19:16:31.715,9.52709,9.52937,1.00,1.00
2017.03.13 19:16:32.546,9.5271,9.52937,1.00,1.00
2017.03.13 19:16:35.258,9.52709,9.52937,1.00,1.00
2017.03.13 19:16:35.789,9.5271,9.52937,1.00,1.00
2017.03.13 19:16:37.198,9.5271,9.52934,1.00,1.00
2017.03.13 19:16:37.802,9.52705,9.52934,1.00,1.00
2017.03.13 19:16:37.954,9.5271,9.52934,1.00,1.00
2017.03.13 19:16:38.004,9.52705,9.52934,1.00,1.00
2017.03.13 19:16:38.549,9.5271,9.52934,1.00,1.00
2017.03.13 19:16:38.600,9.52705,9.52934,1.00,1.00
2017.03.13 19:16:39.520,9.52705,9.52935,1.00,1.00
2017.03.13 19:16:40.824,9.527,9.52924,1.00,1.00
2017.03.13 19:16:41.027,9.52695,9.52924,1.00,1.00
2017.03.13 19:16:41.342,9.52694,9.52914,1.00,1.00
2017.03.13 19:16:41.646,9.52687,9.52904,1.00,1.00
2017.03.13 19:16:42.135,9.52687,9.52894,1.00,1.00
2017.03.13 19:16:42.338,9.52683,9.52894,1.00,1.00
2017.03.13 19:16:48.006,9.52675,9.52884,1.00,1.00
2017.03.13 19:16:48.121,9.52675,9.52894,1.00,1.00
2017.03.13 19:16:48.341,9.5268,9.52894,1.00,1.00
2017.03.13 19:16:48.392,9.52675,9.52894,1.00,1.00
2017.03.13 19:16:48.609,9.5268,9.52894,1.00,1.00
2017.03.13 19:16:48.711,9.52675,9.52894,1.00,1.00
2017.03.13 19:16:48.934,9.52679,9.52894,1.00,1.00
2017.03.13 19:16:49.035,9.52675,9.52894,1.00,1.00
2017.03.13 19:16:50.801,9.5268,9.52894,1.00,1.00
2017.03.13 19:16:50.851,9.52681,9.52905,1.00,1.00
2017.03.13 19:16:51.003,9.52689,9.52913,1.00,1.00
2017.03.13 19:16:51.541,9.5269,9.52913,1.00,1.00
2017.03.13 19:16:52.958,9.5269,9.52924,1.00,1.50
2017.03.13 19:16:53.009,9.527,9.52924,1.00,1.50
2017.03.13 19:16:53.110,9.52698,9.52924,1.00,1.00
2017.03.13 19:16:53.162,9.527,9.52924,1.00,1.00
2017.03.13 19:16:53.466,9.52698,9.52924,1.00,1.50
2017.03.13 19:16:53.960,9.5269,9.52915,1.00,1.00
2017.03.13 19:16:54.314,9.527,9.52914,1.00,1.00
2017.03.13 19:16:54.365,9.527,9.52924,1.00,1.00
2017.03.13 19:16:54.416,9.52696,9.52924,1.00,1.00
2017.03.13 19:16:54.467,9.527,9.52924,1.00,1.00
2017.03.13 19:16:55.062,9.5269,9.52924,1.00,1.00
2017.03.13 19:16:55.113,9.527,9.52924,1.00,1.00
2017.03.13 19:16:55.265,9.5269,9.52924,1.00,1.00
2017.03.13 19:16:55.503,9.52685,9.52914,1.37,1.00
2017.03.13 19:16:55.831,9.5269,9.52914,1.00,1.00
2017.03.13 19:16:56.162,9.527,9.52914,1.00,1.00
2017.03.13 19:16:56.476,9.52699,9.52924,1.00,1.00
2017.03.13 19:16:56.527,9.5269,9.52924,1.00,1.00
2017.03.13 19:16:56.671,9.527,9.52924,1.00,1.00
2017.03.13 19:16:56.773,9.52689,9.52924,1.00,1.00
2017.03.13 19:16:57.271,9.527,9.52924,1.00,1.00
2017.03.13 19:16:58.151,9.5269,9.52924,1.00,1.00
2017.03.13 19:16:58.201,9.52699,9.52924,1.00,1.00
2017.03.13 19:16:58.303,9.5269,9.52924,1.00,1.00
2017.03.13 19:16:58.862,9.5269,9.52925,1.00,1.00
2017.03.13 19:16:58.964,9.52703,9.52925,1.00,1.00
2017.03.13 19:16:59.227,9.527,9.52933,1.00,1.00
2017.03.13 19:16:59.679,9.527,9.52928,1.00,1.00
2017.03.13 19:16:59.780,9.52693,9.52928,1.37,1.00
2017.03.13 19:16:59.882,9.527,9.52928,1.00,1.00
2017.03.13 19:17:00.141,9.527,9.52933,1.00,1.00
2017.03.13 19:17:00.192,9.52705,9.52933,1.00,1.00
2017.03.13 19:17:00.508,9.5271,9.52933,1.00,1.00
2017.03.13 19:17:00.609,9.52705,9.52933,1.00,1.00
2017.03.13 19:17:00.812,9.52705,9.52929,1.00,1.00
2017.03.13 19:17:01.065,9.52692,9.5293,1.00,1.00
2017.03.13 19:17:01.287,9.527,9.5293,1.00,1.00
2017.03.13 19:17:01.583,9.527,9.52933,1.00,1.00
2017.03.13 19:17:01.634,9.52709,9.52933,1.00,1.00
2017.03.13 19:17:02.176,9.5271,9.52933,1.00,1.00
2017.03.13 19:17:02.227,9.527,9.52933,1.00,1.00
2017.03.13 19:17:02.328,9.52699,9.52924,1.00,1.00
2017.03.13 19:17:02.379,9.5269,9.52924,1.00,1.00
2017.03.13 19:17:02.430,9.527,9.52924,1.00,1.00
2017.03.13 19:17:02.481,9.5269,9.52924,1.50,1.00
2017.03.13 19:17:02.889,9.527,9.52933,1.00,1.00
2017.03.13 19:17:03.727,9.5271,9.52933,1.00,1.00
2017.03.13 19:17:03.778,9.527,9.52933,1.20,1.00
2017.03.13 19:17:04.064,9.5271,9.52933,1.00,1.00
2017.03.13 19:17:04.115,9.527,9.52933,1.00,1.00
2017.03.13 19:17:04.779,9.5271,9.52933,1.00,1.00
2017.03.13 19:17:04.830,9.52699,9.52933,1.00,1.00
2017.03.13 19:17:05.146,9.5271,9.52933,1.00,1.00
2017.03.13 19:17:05.197,9.527,9.52933,1.00,1.00
2017.03.13 19:17:05.311,9.5271,9.52933,1.00,1.00
2017.03.13 19:17:05.520,9.527,9.52933,1.00,1.00
2017.03.13 19:17:05.671,9.527,9.52924,1.00,1.00
2017.03.13 19:17:05.976,9.5269,9.52924,1.50,1.00
2017.03.13 19:17:06.027,9.527,9.52924,1.00,1.00
2017.03.13 19:17:06.078,9.5269,9.52924,1.50,1.00
2017.03.13 19:17:06.129,9.527,9.52924,1.00,1.00
2017.03.13 19:17:06.438,9.5269,9.52924,1.50,1.00
2017.03.13 19:17:06.539,9.527,9.52924,1.00,1.00
2017.03.13 19:17:06.842,9.527,9.52922,1.00,1.00
2017.03.13 19:17:09.604,9.527,9.52924,1.00,1.00
2017.03.13 19:17:10.380,9.52709,9.52924,1.00,1.00
2017.03.13 19:17:10.796,9.5269,9.52915,1.50,1.00
2017.03.13 19:17:11.343,9.5269,9.52914,1.00,1.00
2017.03.13 19:17:12.010,9.527,9.52914,1.00,1.00
2017.03.13 19:17:12.061,9.5269,9.52914,1.50,1.00
2017.03.13 19:17:12.675,9.5269,9.52904,1.00,1.00
2017.03.13 19:17:12.877,9.52683,9.52904,1.00,1.00
2017.03.13 19:17:12.978,9.5269,9.52904,1.00,1.00
2017.03.13 19:17:13.112,9.5268,9.52904,1.00,1.00
2017.03.13 19:17:13.265,9.5269,9.52904,1.00,1.00
2017.03.13 19:17:13.367,9.5268,9.52904,1.00,1.00
2017.03.13 19:17:13.641,9.52689,9.52904,1.00,1.00
2017.03.13 19:17:13.691,9.5268,9.52904,1.00,1.00
2017.03.13 19:17:14.276,9.5269,9.52904,1.00,1.00
2017.03.13 19:17:14.327,9.5268,9.52904,1.00,1.00
2017.03.13 19:17:18.042,9.5268,9.52895,1.00,1.00
2017.03.13 19:17:18.143,9.52675,9.52895,1.00,1.00
2017.03.13 19:17:18.989,9.5268,9.52904,1.00,1.00
2017.03.13 19:17:19.090,9.5268,9.52894,1.00,1.00
2017.03.13 19:17:20.429,9.52675,9.52894,1.00,1.00
2017.03.13 19:17:26.119,9.5268,9.52885,1.00,1.00
2017.03.13 19:17:26.170,9.52675,9.52885,1.00,1.00
2017.03.13 19:17:26.451,9.52679,9.52885,1.00,1.00
2017.03.13 19:17:26.502,9.52675,9.52885,1.00,1.00
2017.03.13 19:17:26.689,9.52675,9.52894,1.00,1.00
2017.03.13 19:17:26.740,9.5268,9.52894,1.00,1.00
2017.03.13 19:17:27.187,9.5269,9.52904,1.00,1.00
2017.03.13 19:17:27.446,9.5269,9.52914,1.00,1.00
2017.03.13 19:17:31.290,9.527,9.52914,1.00,1.00
2017.03.13 19:17:46.700,9.5269,9.52914,1.00,1.00
2017.03.13 19:17:46.751,9.5269,9.52904,1.00,1.00
2017.03.13 19:17:46.852,9.52681,9.52904,1.00,1.50
2017.03.13 19:17:46.903,9.52681,9.52894,1.00,1.00
2017.03.13 19:17:47.638,9.5268,9.52894,1.00,1.00
2017.03.13 19:17:48.155,9.52689,9.52894,1.00,1.00
2017.03.13 19:17:48.205,9.5268,9.52894,1.00,1.00
2017.03.13 19:17:48.426,9.5269,9.52894,1.00,1.00
2017.03.13 19:17:48.527,9.5268,9.52894,1.00,1.00
2017.03.13 19:17:48.752,9.5269,9.52894,1.00,1.00
2017.03.13 19:17:48.853,9.5268,9.52894,1.00,1.00
2017.03.13 19:17:49.081,9.5269,9.52894,1.00,1.00
2017.03.13 19:17:49.132,9.5268,9.52894,1.00,1.00
2017.03.13 19:17:49.420,9.5269,9.52895,1.00,1.00
2017.03.13 19:17:49.471,9.5268,9.52895,1.00,1.00
2017.03.13 19:17:49.743,9.5269,9.52895,1.00,1.00
2017.03.13 19:17:49.794,9.5268,9.52895,1.00,1.00
2017.03.13 19:17:50.402,9.52689,9.52895,1.00,1.00
2017.03.13 19:17:50.453,9.52679,9.52904,1.00,1.00
2017.03.13 19:17:50.565,9.52679,9.52894,1.00,1.00
2017.03.13 19:17:50.935,9.52675,9.52894,1.00,1.00
2017.03.13 19:17:51.202,9.5268,9.52894,1.00,1.00
2017.03.13 19:17:52.228,9.52681,9.52894,1.00,1.00
2017.03.13 19:17:52.654,9.52683,9.52894,1.00,1.00
2017.03.13 19:17:53.262,9.52689,9.52894,1.00,1.00
2017.03.13 19:17:53.313,9.52683,9.52894,1.00,1.00
2017.03.13 19:17:53.462,9.5269,9.52894,1.00,1.00
2017.03.13 19:17:53.625,9.5269,9.52904,1.00,1.00
2017.03.13 19:17:53.676,9.52679,9.52904,1.00,1.00
2017.03.13 19:17:53.727,9.5269,9.52894,1.00,1.00
2017.03.13 19:17:54.418,9.5269,9.52904,1.00,1.00
2017.03.13 19:17:54.570,9.5269,9.52894,1.00,1.00
2017.03.13 19:17:54.772,9.5269,9.52904,1.00,1.00
2017.03.13 19:17:54.873,9.5269,9.52894,1.00,1.00
2017.03.13 19:17:55.075,9.5269,9.52904,1.00,1.00
2017.03.13 19:17:55.177,9.5269,9.52894,1.00,1.00
2017.03.13 19:17:55.405,9.5269,9.52904,1.00,1.00
2017.03.13 19:17:55.506,9.5269,9.52894,1.00,1.00
2017.03.13 19:17:55.793,9.5269,9.52904,1.00,1.00
2017.03.13 19:17:55.945,9.5269,9.52895,1.00,1.00
2017.03.13 19:17:56.048,9.5269,9.52904,1.00,1.00
2017.03.13 19:17:56.249,9.5271,9.52914,1.00,1.00
2017.03.13 19:17:56.452,9.527,9.52914,1.00,1.00
2017.03.13 19:17:56.811,9.5269,9.52914,1.00,1.00
2017.03.13 19:17:56.862,9.5269,9.52904,1.00,1.00
2017.03.13 19:17:56.913,9.52686,9.52904,1.00,1.00
2017.03.13 19:17:56.964,9.5269,9.52904,1.00,1.00
2017.03.13 19:17:57.268,9.5268,9.52904,1.00,1.00
2017.03.13 19:17:57.370,9.5269,9.52894,1.00,1.00
2017.03.13 19:17:57.421,9.5268,9.52894,1.00,1.00
2017.03.13 19:17:57.522,9.52671,9.52894,1.00,1.00
2017.03.13 19:17:57.696,9.5266,9.52884,1.00,1.00
2017.03.13 19:17:57.748,9.52656,9.52874,1.00,1.00
2017.03.13 19:17:57.851,9.5266,9.52879,1.00,1.00
2017.03.13 19:17:57.902,9.5267,9.52879,1.00,1.00
2017.03.13 19:17:58.105,9.5266,9.52875,1.00,1.00
2017.03.13 19:17:58.683,9.5266,9.52874,1.00,1.00
2017.03.13 19:18:00.314,9.5267,9.52874,1.00,1.00
2017.03.13 19:18:00.665,9.5266,9.52874,1.00,1.00
2017.03.13 19:18:00.766,9.5267,9.52874,1.00,1.00
2017.03.13 19:18:01.598,9.5267,9.52884,1.00,1.00
2017.03.13 19:18:01.750,9.5267,9.52874,1.00,1.00
2017.03.13 19:18:01.914,9.5267,9.52884,1.00,1.00
2017.03.13 19:18:02.231,9.5267,9.52874,1.00,1.00
2017.03.13 19:18:02.282,9.52659,9.52874,1.00,1.00
2017.03.13 19:18:02.473,9.5266,9.52884,1.00,1.00
2017.03.13 19:18:02.574,9.5267,9.52884,1.00,1.00
2017.03.13 19:18:02.625,9.52659,9.52884,1.00,1.00
2017.03.13 19:18:03.053,9.5268,9.52884,1.00,1.00
2017.03.13 19:18:03.104,9.5268,9.52894,1.00,1.00
2017.03.13 19:18:03.511,9.5267,9.52894,1.00,1.00
2017.03.13 19:18:03.563,9.5268,9.52894,1.00,1.00
2017.03.13 19:18:03.666,9.52679,9.52896,1.00,1.00
2017.03.13 19:18:04.140,9.5268,9.52899,1.00,1.00
2017.03.13 19:18:04.689,9.52689,9.52894,1.00,1.00
2017.03.13 19:18:04.739,9.5267,9.52894,1.00,1.00
2017.03.13 19:18:04.790,9.5268,9.52894,1.00,1.00
2017.03.13 19:18:05.074,9.52674,9.52894,1.00,1.00
2017.03.13 19:18:05.320,9.5268,9.52894,1.00,1.00
2017.03.13 19:18:05.645,9.5268,9.52884,1.00,1.00
2017.03.13 19:18:06.178,9.52679,9.52884,1.00,1.00
2017.03.13 19:18:06.724,9.5268,9.52884,1.00,1.00
2017.03.13 19:18:08.219,9.52669,9.52884,1.00,1.00
2017.03.13 19:18:08.270,9.5268,9.52884,1.00,1.00
2017.03.13 19:18:08.951,9.5267,9.52884,1.00,1.00
2017.03.13 19:18:09.002,9.5268,9.52884,1.00,1.00
2017.03.13 19:18:10.793,9.5268,9.52894,1.00,1.00
2017.03.13 19:18:10.991,9.5268,9.52904,1.00,1.50
2017.03.13 19:18:11.042,9.5269,9.52904,1.00,1.50
2017.03.13 19:18:11.093,9.52679,9.52904,1.00,1.50
2017.03.13 19:18:11.144,9.52674,9.52894,1.00,1.00
2017.03.13 19:18:11.783,9.5268,9.52894,1.00,1.00
2017.03.13 19:18:12.141,9.5269,9.52894,1.00,1.50
2017.03.13 19:18:12.192,9.5268,9.52894,1.00,1.50
2017.03.13 19:18:15.403,9.52679,9.52894,1.00,1.00
2017.03.13 19:18:17.049,9.5268,9.52894,1.00,1.00
2017.03.13 19:18:17.100,9.5268,9.52904,1.00,1.00
2017.03.13 19:18:17.151,9.5269,9.52904,1.00,1.00
2017.03.13 19:18:17.716,9.5269,9.52905,1.00,1.50
2017.03.13 19:18:18.763,9.52689,9.52905,1.00,1.50
2017.03.13 19:18:18.814,9.5268,9.52905,1.00,1.50
2017.03.13 19:18:19.119,9.5269,9.52905,1.00,1.50
2017.03.13 19:18:21.387,9.52689,9.52904,1.00,1.00
2017.03.13 19:18:21.648,9.5268,9.52904,1.00,1.00
2017.03.13 19:18:22.973,9.5268,9.52893,1.00,1.00
2017.03.13 19:18:23.023,9.52675,9.52893,1.00,1.00
2017.03.13 19:18:23.125,9.52663,9.52884,1.00,1.00
2017.03.13 19:18:23.401,9.5267,9.52884,1.00,1.00
2017.03.13 19:18:23.719,9.52663,9.52885,1.00,1.00
2017.03.13 19:18:23.771,9.52663,9.52875,1.00,1.00
2017.03.13 19:18:24.301,9.52663,9.52874,1.00,1.00
2017.03.13 19:18:25.204,9.5267,9.52874,1.00,1.00
2017.03.13 19:18:25.255,9.52663,9.52874,1.00,1.00
2017.03.13 19:18:25.474,9.5267,9.52874,1.00,1.00
2017.03.13 19:18:26.014,9.52669,9.52874,1.00,1.00
2017.03.13 19:18:26.120,9.52669,9.52884,1.00,1.00
2017.03.13 19:18:26.574,9.5267,9.52874,1.00,1.00
2017.03.13 19:18:26.726,9.5267,9.52885,1.00,1.50
2017.03.13 19:18:27.131,9.5268,9.52885,1.00,1.50
2017.03.13 19:18:27.182,9.5267,9.52885,1.00,1.50
2017.03.13 19:18:27.843,9.5267,9.52884,1.00,1.00
2017.03.13 19:18:28.096,9.5266,9.52884,1.00,1.00
2017.03.13 19:18:28.197,9.5266,9.52874,1.00,1.00
2017.03.13 19:18:28.569,9.5267,9.52874,1.00,1.00
2017.03.13 19:18:28.670,9.5267,9.52884,1.00,1.00
2017.03.13 19:18:29.163,9.5267,9.52874,1.00,1.00
2017.03.13 19:18:29.386,9.5267,9.52884,1.00,1.00
2017.03.13 19:18:29.437,9.5268,9.52884,1.00,1.00
2017.03.13 19:18:29.488,9.5267,9.52885,1.00,1.50
2017.03.13 19:18:29.539,9.5267,9.52874,1.00,1.00
2017.03.13 19:18:30.597,9.5268,9.52884,1.00,1.00
2017.03.13 19:18:30.954,9.5267,9.52884,1.00,1.00
2017.03.13 19:18:31.170,9.5268,9.52884,1.00,1.00
2017.03.13 19:18:32.264,9.5268,9.52894,1.00,1.00
2017.03.13 19:18:32.365,9.5268,9.52885,1.00,1.00
2017.03.13 19:18:32.568,9.5268,9.52894,1.00,1.00
2017.03.13 19:18:32.719,9.5268,9.52884,1.00,1.00
2017.03.13 19:18:33.031,9.5268,9.52894,1.00,1.00
2017.03.13 19:18:33.133,9.5268,9.52884,1.00,1.00
2017.03.13 19:18:33.252,9.5268,9.52894,1.00,1.00
2017.03.13 19:18:33.404,9.5268,9.52884,1.00,1.00
2017.03.13 19:18:33.556,9.5268,9.52894,1.00,1.00
2017.03.13 19:18:34.075,9.5268,9.52884,1.00,1.00
2017.03.13 19:18:35.551,9.5267,9.52884,1.00,1.00
2017.03.13 19:18:36.434,9.5267,9.52874,1.00,1.00
2017.03.13 19:18:36.656,9.5267,9.52884,1.00,1.00
2017.03.13 19:18:36.707,9.5268,9.52884,1.00,1.00
2017.03.13 19:18:37.337,9.52679,9.52884,1.00,1.00
2017.03.13 19:18:38.487,9.5268,9.52884,1.00,1.00
2017.03.13 19:18:39.026,9.5268,9.52894,1.00,1.00
2017.03.13 19:18:39.635,9.52679,9.52894,1.00,1.00
2017.03.13 19:18:39.787,9.5269,9.52894,1.00,1.00
2017.03.13 19:18:39.947,9.5269,9.52896,1.00,1.00
2017.03.13 19:18:40.048,9.52689,9.52904,1.00,1.00
2017.03.13 19:18:40.612,9.5269,9.52904,1.00,1.00
2017.03.13 19:18:43.913,9.52682,9.52904,1.00,1.00
2017.03.13 19:18:44.592,9.5269,9.52904,1.00,1.00
2017.03.13 19:18:45.080,9.5269,9.52909,1.50,1.00
2017.03.13 19:18:45.232,9.5269,9.52904,1.00,1.00
2017.03.13 19:18:45.334,9.5269,9.52909,1.50,1.00
2017.03.13 19:18:45.384,9.5269,9.52904,1.00,1.00
2017.03.13 19:18:45.848,9.5269,9.52914,1.00,1.50
2017.03.13 19:18:46.000,9.5269,9.52904,1.00,1.00
2017.03.13 19:18:50.138,9.5269,9.52914,1.00,1.00
2017.03.13 19:18:51.329,9.5269,9.52915,1.00,1.50
2017.03.13 19:18:51.841,9.5269,9.52914,1.00,1.00
2017.03.13 19:18:53.824,9.5269,9.52904,1.00,1.00
2017.03.13 19:18:53.926,9.52679,9.52904,1.50,1.00
2017.03.13 19:18:54.078,9.52686,9.52904,1.00,1.00
2017.03.13 19:18:54.398,9.5269,9.52904,1.00,1.00
2017.03.13 19:18:54.639,9.52686,9.52904,1.00,1.00
2017.03.13 19:18:54.891,9.5268,9.52904,1.00,1.00
2017.03.13 19:18:55.498,9.5269,9.52904,1.00,1.00
2017.03.13 19:18:55.549,9.5268,9.52904,1.00,1.00
2017.03.13 19:18:56.257,9.52689,9.52904,1.00,1.00
2017.03.13 19:18:56.308,9.5268,9.52904,1.00,1.00
2017.03.13 19:18:56.904,9.5269,9.52904,1.00,1.00
2017.03.13 19:18:57.005,9.5268,9.52904,1.00,1.00
2017.03.13 19:18:57.305,9.5269,9.52904,1.00,1.00
2017.03.13 19:18:57.356,9.5268,9.52904,1.00,1.00
2017.03.13 19:18:58.267,9.5269,9.52904,1.00,1.00
2017.03.13 19:18:58.318,9.5268,9.52904,1.00,1.00
2017.03.13 19:18:58.993,9.5269,9.52904,1.00,1.00
2017.03.13 19:18:59.308,9.5268,9.52904,1.00,1.00
2017.03.13 19:18:59.589,9.5269,9.52904,1.00,1.00
2017.03.13 19:18:59.690,9.5268,9.52904,1.00,1.00
2017.03.13 19:18:59.919,9.5269,9.52904,1.00,1.00
2017.03.13 19:18:59.970,9.5268,9.52904,1.00,1.00
2017.03.13 19:19:00.276,9.5269,9.52904,1.00,1.00
2017.03.13 19:19:00.327,9.5268,9.52904,1.00,1.00
2017.03.13 19:19:00.545,9.5269,9.52904,1.00,1.00
2017.03.13 19:19:00.596,9.5268,9.52904,1.00,1.00
2017.03.13 19:19:00.907,9.5269,9.52904,1.00,1.00
2017.03.13 19:19:00.958,9.5268,9.52904,1.00,1.00
2017.03.13 19:19:01.179,9.5269,9.52904,1.00,1.00
2017.03.13 19:19:01.280,9.5268,9.52904,1.00,1.00
2017.03.13 19:19:01.494,9.5269,9.52904,1.00,1.00
2017.03.13 19:19:01.595,9.5268,9.52904,1.00,1.00
2017.03.13 19:19:02.129,9.5269,9.52904,1.00,1.00
2017.03.13 19:19:02.231,9.5268,9.52904,1.00,1.00
2017.03.13 19:19:03.144,9.5269,9.52904,1.00,1.00
2017.03.13 19:19:03.708,9.52679,9.52904,1.00,1.00
2017.03.13 19:19:03.759,9.5269,9.52904,1.00,1.00
2017.03.13 19:19:04.020,9.5268,9.52904,1.00,1.00
2017.03.13 19:19:04.350,9.5269,9.52904,1.00,1.00
2017.03.13 19:19:04.686,9.5268,9.52904,1.00,1.00
2017.03.13 19:19:05.174,9.5269,9.52904,1.00,1.00
2017.03.13 19:19:05.225,9.5268,9.52904,1.00,1.00
2017.03.13 19:19:05.276,9.5269,9.52904,1.00,1.00
2017.03.13 19:19:05.545,9.5268,9.52904,1.00,1.00
2017.03.13 19:19:05.595,9.5269,9.52904,1.00,1.00
2017.03.13 19:19:05.897,9.5268,9.52904,1.00,1.00
2017.03.13 19:19:06.161,9.5269,9.52904,1.00,1.00
2017.03.13 19:19:06.698,9.5269,9.52903,1.00,1.00
2017.03.13 19:19:08.720,9.5269,9.52894,1.00,1.00
2017.03.13 19:19:08.771,9.5268,9.52894,1.00,1.00
2017.03.13 19:19:09.064,9.5269,9.52894,1.00,1.00
2017.03.13 19:19:09.115,9.5268,9.52894,1.00,1.00
2017.03.13 19:19:09.330,9.5269,9.52894,1.00,1.00
2017.03.13 19:19:09.431,9.5268,9.52894,1.00,1.00
2017.03.13 19:19:09.649,9.5269,9.52894,1.00,1.00
2017.03.13 19:19:09.751,9.5268,9.52894,1.00,1.00
2017.03.13 19:19:09.990,9.5269,9.52894,1.00,1.00
2017.03.13 19:19:10.041,9.5268,9.52894,1.00,1.00
2017.03.13 19:19:10.690,9.5269,9.52894,1.00,1.00
2017.03.13 19:19:10.741,9.52689,9.52904,1.00,1.00
2017.03.13 19:19:11.821,9.5268,9.52904,1.00,1.00
2017.03.13 19:19:12.224,9.5269,9.52904,1.00,1.00
2017.03.13 19:19:13.471,9.5268,9.52894,1.00,1.00
2017.03.13 19:19:13.821,9.5268,9.52903,1.00,1.00
2017.03.13 19:19:13.873,9.52682,9.52903,1.00,1.00
2017.03.13 19:19:14.176,9.5268,9.52894,1.00,1.00
2017.03.13 19:19:14.379,9.5267,9.52894,1.00,1.00
2017.03.13 19:19:14.634,9.5268,9.52894,1.00,1.00
2017.03.13 19:19:14.958,9.5269,9.52894,1.00,1.00
2017.03.13 19:19:15.010,9.5268,9.52894,1.00,1.00
2017.03.13 19:19:15.518,9.52681,9.52894,1.00,1.00
2017.03.13 19:19:15.700,9.5269,9.52894,1.00,1.00
2017.03.13 19:19:15.750,9.52681,9.52894,1.00,1.00
2017.03.13 19:19:16.470,9.5268,9.52894,1.00,1.00
2017.03.13 19:19:17.103,9.52681,9.52894,1.00,1.00
2017.03.13 19:19:17.687,9.5268,9.52894,1.00,1.00
2017.03.13 19:19:18.802,9.52689,9.52894,1.00,1.00
2017.03.13 19:19:18.853,9.5268,9.52894,1.50,1.00
2017.03.13 19:19:19.106,9.5269,9.52894,1.00,1.00
2017.03.13 19:19:19.157,9.5268,9.52894,1.00,1.00
2017.03.13 19:19:19.458,9.52689,9.52894,1.00,1.00
2017.03.13 19:19:19.509,9.5268,9.52894,1.00,1.00
2017.03.13 19:19:19.723,9.5269,9.52894,1.00,1.00
2017.03.13 19:19:19.824,9.5268,9.52894,1.00,1.00
2017.03.13 19:19:20.090,9.5269,9.52894,1.00,1.00
2017.03.13 19:19:20.141,9.5268,9.52894,1.00,1.00
2017.03.13 19:19:20.461,9.52689,9.52894,1.00,1.00
2017.03.13 19:19:20.512,9.5268,9.52894,1.00,1.00
2017.03.13 19:19:20.868,9.5269,9.52894,1.00,1.00
2017.03.13 19:19:20.919,9.5268,9.52894,1.00,1.00
2017.03.13 19:19:21.197,9.5269,9.52894,1.00,1.00
2017.03.13 19:19:21.248,9.5268,9.52894,1.00,1.00
2017.03.13 19:19:21.848,9.5269,9.52894,1.00,1.00
2017.03.13 19:19:21.899,9.52681,9.52894,1.00,1.00
2017.03.13 19:19:22.179,9.5269,9.52894,1.00,1.00
2017.03.13 19:19:22.229,9.52681,9.52894,1.00,1.00
2017.03.13 19:19:22.508,9.5269,9.52894,1.00,1.00
2017.03.13 19:19:22.559,9.52681,9.52894,1.00,1.00
2017.03.13 19:19:22.839,9.5269,9.52894,1.00,1.00
2017.03.13 19:19:22.890,9.5268,9.52894,1.00,1.00
2017.03.13 19:19:23.168,9.5269,9.52894,1.00,1.00
2017.03.13 19:19:23.219,9.5268,9.52894,1.00,1.00
2017.03.13 19:19:23.499,9.5269,9.52894,1.00,1.00
2017.03.13 19:19:23.550,9.5268,9.52894,1.00,1.00
2017.03.13 19:19:23.879,9.5269,9.52894,1.00,1.00
2017.03.13 19:19:23.930,9.52681,9.52894,1.00,1.00
2017.03.13 19:19:24.259,9.5269,9.52894,1.00,1.00
2017.03.13 19:19:24.360,9.52681,9.52894,1.00,1.00
2017.03.13 19:19:24.624,9.5269,9.52894,1.00,1.00
2017.03.13 19:19:24.725,9.5269,9.52904,1.00,1.00
2017.03.13 19:19:25.244,9.5269,9.52903,1.00,1.00
2017.03.13 19:19:26.239,9.5269,9.52904,1.00,1.00
2017.03.13 19:19:30.760,9.52681,9.52895,1.00,1.00
2017.03.13 19:19:31.089,9.5269,9.52895,1.00,1.00
2017.03.13 19:19:31.140,9.52681,9.52895,1.00,1.00
2017.03.13 19:19:31.407,9.52689,9.52895,1.00,1.00
2017.03.13 19:19:31.458,9.52681,9.52895,1.00,1.00
2017.03.13 19:19:31.729,9.5269,9.52895,1.00,1.00
2017.03.13 19:19:31.879,9.52681,9.52895,1.00,1.00
2017.03.13 19:19:31.998,9.5269,9.52895,1.00,1.00
2017.03.13 19:19:32.099,9.52681,9.52895,1.00,1.00
2017.03.13 19:19:32.318,9.5269,9.52895,1.00,1.00
2017.03.13 19:19:32.420,9.52681,9.52895,1.00,1.00
2017.03.13 19:19:32.692,9.5269,9.52895,1.00,1.00
2017.03.13 19:19:32.743,9.52681,9.52895,1.00,1.00
2017.03.13 19:19:33.012,9.5269,9.52895,1.00,1.00
2017.03.13 19:19:33.063,9.52681,9.52895,1.00,1.00
2017.03.13 19:19:33.330,9.5269,9.52895,1.00,1.00
2017.03.13 19:19:33.381,9.52681,9.52895,1.00,1.00
2017.03.13 19:19:33.603,9.5269,9.52895,1.00,1.00
2017.03.13 19:19:33.704,9.52681,9.52895,1.00,1.00
2017.03.13 19:19:33.923,9.5269,9.52895,1.00,1.00
2017.03.13 19:19:34.024,9.52681,9.52895,1.00,1.00
2017.03.13 19:19:34.293,9.5269,9.52895,1.00,1.00
2017.03.13 19:19:34.344,9.52681,9.52895,1.00,1.00
2017.03.13 19:19:34.979,9.52681,9.52885,1.00,1.00
2017.03.13 19:19:35.307,9.5268,9.52894,1.00,1.00
2017.03.13 19:19:35.358,9.5267,9.52894,1.00,1.00
2017.03.13 19:19:35.409,9.5267,9.52885,1.00,1.00
2017.03.13 19:19:35.721,9.5268,9.52884,1.00,1.00
2017.03.13 19:19:35.772,9.5268,9.52894,1.00,1.00
2017.03.13 19:19:35.823,9.5267,9.52894,1.00,1.00
2017.03.13 19:19:35.874,9.5268,9.52884,1.00,1.00
2017.03.13 19:19:36.264,9.5267,9.52884,1.00,1.00
2017.03.13 19:19:36.314,9.5268,9.52884,1.00,1.00
2017.03.13 19:19:36.538,9.5267,9.52884,1.00,1.00
2017.03.13 19:19:36.589,9.5267,9.52894,1.00,1.00
2017.03.13 19:19:36.894,9.5268,9.52894,1.00,1.00
2017.03.13 19:19:37.197,9.5268,9.52885,1.00,1.00
2017.03.13 19:19:37.660,9.5268,9.52894,1.00,1.00
2017.03.13 19:19:37.710,9.5269,9.52894,1.00,1.00
2017.03.13 19:19:37.761,9.5268,9.52894,1.00,1.00
2017.03.13 19:19:37.990,9.5269,9.52894,1.00,1.00
2017.03.13 19:19:38.041,9.52679,9.52894,1.00,1.00
2017.03.13 19:19:38.317,9.5269,9.52894,1.00,1.00
2017.03.13 19:19:38.368,9.5268,9.52894,1.00,1.00
2017.03.13 19:19:38.613,9.5269,9.52894,1.00,1.00
2017.03.13 19:19:38.715,9.5268,9.52894,1.00,1.00
2017.03.13 19:19:38.933,9.5269,9.52894,1.00,1.00
2017.03.13 19:19:39.034,9.5268,9.52894,1.00,1.00
2017.03.13 19:19:39.253,9.5269,9.52894,1.00,1.00
2017.03.13 19:19:39.354,9.52679,9.52894,1.00,1.00
2017.03.13 19:19:39.624,9.5269,9.52894,1.00,1.00
2017.03.13 19:19:39.675,9.5268,9.52894,1.00,1.00
2017.03.13 19:19:39.943,9.5269,9.52894,1.00,1.00
2017.03.13 19:19:40.080,9.52681,9.52894,1.00,1.00
2017.03.13 19:19:40.213,9.5269,9.52894,1.00,1.00
2017.03.13 19:19:40.314,9.52679,9.52894,1.00,1.00
2017.03.13 19:19:40.547,9.5269,9.52894,1.00,1.00
2017.03.13 19:19:40.649,9.5268,9.52894,1.50,1.00
2017.03.13 19:19:40.700,9.5268,9.52884,1.50,1.00
2017.03.13 19:19:41.008,9.5269,9.52884,1.00,1.00
2017.03.13 19:19:41.059,9.5268,9.52894,1.00,1.00
2017.03.13 19:19:41.109,9.52689,9.52895,1.00,1.00
2017.03.13 19:19:41.160,9.5269,9.52899,1.00,1.00
2017.03.13 19:19:41.726,9.5268,9.52894,1.00,1.00
2017.03.13 19:19:42.325,9.5268,9.52884,1.00,1.00
2017.03.13 19:19:43.072,9.52677,9.52884,1.00,1.00
2017.03.13 19:19:43.224,9.5267,9.52884,1.00,1.00
2017.03.13 19:19:43.326,9.5268,9.52884,1.00,1.00
2017.03.13 19:19:43.377,9.5267,9.52884,1.00,1.00
2017.03.13 19:19:43.597,9.5268,9.52884,1.00,1.00
2017.03.13 19:19:43.699,9.5267,9.52884,1.00,1.00
2017.03.13 19:19:44.063,9.5268,9.52884,1.00,1.00
2017.03.13 19:19:44.114,9.52669,9.52884,1.00,1.00
2017.03.13 19:19:44.475,9.52679,9.52884,1.00,1.00
2017.03.13 19:19:44.526,9.5267,9.52884,1.00,1.00
2017.03.13 19:19:44.794,9.5268,9.52884,1.00,1.00
2017.03.13 19:19:44.845,9.5267,9.52884,1.00,1.00
2017.03.13 19:19:45.065,9.5268,9.52884,1.00,1.00
2017.03.13 19:19:45.438,9.52669,9.52884,1.00,1.00
2017.03.13 19:19:45.716,9.5268,9.52884,1.00,1.00
2017.03.13 19:19:45.767,9.52669,9.52884,1.00,1.00
2017.03.13 19:19:46.069,9.5268,9.52884,1.00,1.00
2017.03.13 19:19:46.120,9.5267,9.52884,1.00,1.00
2017.03.13 19:19:46.349,9.5268,9.52884,1.00,1.00
2017.03.13 19:19:46.400,9.5267,9.52884,1.00,1.00
2017.03.13 19:19:46.781,9.5268,9.52884,1.00,1.00
2017.03.13 19:19:46.832,9.5267,9.52884,1.00,1.00
2017.03.13 19:19:46.883,9.5268,9.52894,1.00,1.00
2017.03.13 19:19:47.558,9.52679,9.52894,1.00,1.00
2017.03.13 19:19:47.866,9.5269,9.52894,1.00,1.00
2017.03.13 19:19:47.967,9.5268,9.52904,1.00,1.00
2017.03.13 19:19:48.069,9.5269,9.52894,1.00,1.00
2017.03.13 19:19:48.120,9.5268,9.52894,1.00,1.00
2017.03.13 19:19:48.361,9.5269,9.52894,1.00,1.00
2017.03.13 19:19:49.396,9.5268,9.52894,1.00,1.00
2017.03.13 19:19:49.673,9.5269,9.52894,1.00,1.00
2017.03.13 19:19:49.941,9.52751,9.52964,1.60,1.00
2017.03.13 19:19:49.992,9.52761,9.52964,1.00,1.00
2017.03.13 19:19:50.144,9.52761,9.52984,1.60,1.00
2017.03.13 19:19:50.296,9.52761,9.52984,1.60,1.00
2017.03.13 19:19:50.398,9.52761,9.52994,1.60,1.00
2017.03.13 19:19:50.853,9.5277,9.52994,1.60,1.00
2017.03.13 19:19:51.376,9.52769,9.52994,1.60,1.00
2017.03.13 19:19:55.537,9.5277,9.52994,1.60,1.00
2017.03.13 19:19:56.972,9.5277,9.52994,1.35,1.00
2017.03.13 19:19:57.023,9.5277,9.52994,1.60,1.00
2017.03.13 19:19:57.372,9.5277,9.52994,1.60,1.00
2017.03.13 19:19:57.956,9.52769,9.52995,1.60,1.00
2017.03.13 19:19:58.007,9.5278,9.52995,1.00,1.00
2017.03.13 19:19:58.209,9.5277,9.52994,1.60,1.00
2017.03.13 19:19:58.260,9.5277,9.52994,1.60,1.00
2017.03.13 19:20:00.508,9.5277,9.52994,1.60,1.00
2017.03.13 19:20:00.785,9.5277,9.53004,1.60,1.00
2017.03.13 19:20:01.376,9.5277,9.53004,1.60,1.00
2017.03.13 19:20:03.903,9.5278,9.53004,1.00,1.00
2017.03.13 19:20:04.004,9.5277,9.53004,1.60,1.00
2017.03.13 19:20:04.055,9.5278,9.53004,1.00,1.00
2017.03.13 19:20:04.207,9.52769,9.53004,1.60,1.00
2017.03.13 19:20:04.258,9.5278,9.53004,1.00,1.00
2017.03.13 19:20:04.309,9.5277,9.53004,1.60,1.00
2017.03.13 19:20:04.360,9.5278,9.53004,1.00,1.00
2017.03.13 19:20:04.411,9.5277,9.53004,1.60,1.00
2017.03.13 19:20:04.463,9.5278,9.53004,1.00,1.00
2017.03.13 19:20:05.580,9.5277,9.53004,1.60,1.00
2017.03.13 19:20:05.631,9.5277,9.53004,1.60,1.00
2017.03.13 19:20:06.689,9.52764,9.52994,1.60,1.00
2017.03.13 19:20:06.740,9.52764,9.52994,1.60,1.00
2017.03.13 19:20:06.791,9.52764,9.52994,1.97,1.00
2017.03.13 19:20:06.842,9.5277,9.52994,1.00,1.00
2017.03.13 19:20:07.256,9.52764,9.52994,1.60,1.00
2017.03.13 19:20:07.307,9.52764,9.52994,1.00,1.00
2017.03.13 19:20:07.564,9.52764,9.52984,1.00,1.00
2017.03.13 19:20:07.665,9.52764,9.52994,1.00,1.00
2017.03.13 19:20:07.767,9.52764,9.52984,1.00,1.00
2017.03.13 19:20:08.127,9.52764,9.52994,1.00,1.00
2017.03.13 19:20:08.229,9.52764,9.52984,1.00,1.00
2017.03.13 19:20:11.105,9.52764,9.52985,1.00,1.00
2017.03.13 19:20:12.291,9.52764,9.52984,1.00,1.00
2017.03.13 19:20:15.342,9.52764,9.52974,1.00,1.00
2017.03.13 19:20:16.185,9.52761,9.52974,1.00,1.00
2017.03.13 19:20:17.157,9.52761,9.52984,1.45,1.00
2017.03.13 19:20:17.258,9.5276,9.52974,1.80,1.00
2017.03.13 19:20:17.360,9.5276,9.52984,1.45,1.00
2017.03.13 19:20:17.922,9.52761,9.52975,1.45,1.00
2017.03.13 19:20:18.023,9.52761,9.52984,1.45,1.00
2017.03.13 19:20:18.194,9.52772,9.52984,1.00,1.00
2017.03.13 19:20:18.499,9.52761,9.52974,1.00,1.00
2017.03.13 19:20:19.370,9.52761,9.52974,1.60,1.00
2017.03.13 19:20:19.420,9.52771,9.52984,1.00,1.00
2017.03.13 19:20:19.471,9.52771,9.52984,1.60,1.00
2017.03.13 19:20:19.522,9.5278,9.52994,1.45,1.00
2017.03.13 19:20:23.703,9.52774,9.53006,1.05,1.00
2017.03.13 19:20:25.035,9.5278,9.53006,1.45,1.00
2017.03.13 19:20:25.086,9.5278,9.52994,1.45,1.00
2017.03.13 19:20:25.419,9.52788,9.53015,1.05,1.00
2017.03.13 19:20:26.025,9.52811,9.53015,1.45,1.00
2017.03.13 19:20:26.127,9.52811,9.53029,1.45,1.00
2017.03.13 19:20:27.091,9.52811,9.53031,1.80,1.00
2017.03.13 19:20:32.921,9.5282,9.53041,1.45,1.00
2017.03.13 19:20:33.718,9.5282,9.53047,1.45,1.00
2017.03.13 19:20:33.820,9.5282,9.53035,1.45,1.00
2017.03.13 19:20:36.131,9.52811,9.53024,1.20,1.00
2017.03.13 19:20:36.233,9.52811,9.53024,1.45,1.00
2017.03.13 19:20:36.385,9.52792,9.53014,1.37,1.00
2017.03.13 19:20:36.436,9.52792,9.53014,1.00,1.60
2017.03.13 19:20:36.487,9.52792,9.53004,1.00,1.00
2017.03.13 19:20:36.538,9.52779,9.53004,1.57,1.00
2017.03.13 19:20:36.589,9.52779,9.53004,1.57,1.00
2017.03.13 19:20:37.146,9.5278,9.5302,1.72,1.00
2017.03.13 19:20:37.197,9.5278,9.5302,1.72,1.35
2017.03.13 19:20:37.399,9.5278,9.53013,1.72,1.00
2017.03.13 19:20:37.964,9.52777,9.53017,1.60,1.00
2017.03.13 19:20:38.066,9.5278,9.53004,1.05,1.00
2017.03.13 19:20:38.890,9.52786,9.53017,1.45,1.00
2017.03.13 19:20:38.941,9.52786,9.53019,1.45,1.00
2017.03.13 19:20:39.095,9.52802,9.53022,1.05,1.00
2017.03.13 19:20:39.247,9.52787,9.53018,1.05,1.00
2017.03.13 19:20:39.298,9.52786,9.53011,1.57,1.00
2017.03.13 19:20:39.349,9.5278,9.53011,2.32,1.00
2017.03.13 19:20:39.451,9.52777,9.53012,1.45,1.35
2017.03.13 19:20:39.603,9.52777,9.52999,1.45,1.00
2017.03.13 19:20:40.633,9.52777,9.52999,1.00,1.00
2017.03.13 19:20:40.684,9.52777,9.52985,1.00,1.00
2017.03.13 19:20:41.381,9.52777,9.52996,1.00,1.00
2017.03.13 19:20:41.482,9.52777,9.52996,1.45,1.00
2017.03.13 19:20:41.584,9.52777,9.52997,1.00,1.00
2017.03.13 19:20:41.736,9.5277,9.52997,1.45,1.00
2017.03.13 19:20:42.042,9.5277,9.52996,1.45,1.00
2017.03.13 19:20:43.003,9.5277,9.52986,1.45,1.00
2017.03.13 19:20:43.321,9.5277,9.52986,1.45,1.00
2017.03.13 19:20:49.998,9.5277,9.52986,1.00,1.00
2017.03.13 19:20:50.100,9.52762,9.52974,1.00,1.00
2017.03.13 19:20:50.822,9.52762,9.52974,1.45,1.00
2017.03.13 19:20:51.645,9.5277,9.52984,1.00,1.00
2017.03.13 19:20:53.162,9.52784,9.52994,1.05,1.00
2017.03.13 19:20:53.263,9.52786,9.53004,1.05,1.00
2017.03.13 19:20:53.365,9.52785,9.53004,1.05,1.00
2017.03.13 19:20:53.761,9.5278,9.53009,1.45,1.00
2017.03.13 19:20:53.812,9.52811,9.53009,1.00,1.00
2017.03.13 19:20:53.863,9.52811,9.53016,1.00,1.00
2017.03.13 19:20:53.914,9.52811,9.53024,1.80,1.00
2017.03.13 19:20:55.102,9.5282,9.5304,1.45,1.00
2017.03.13 19:20:59.990,9.52819,9.53041,1.45,1.50
2017.03.13 19:21:00.460,9.52819,9.53041,1.45,1.50
2017.03.13 19:21:00.985,9.5282,9.5304,1.45,1.00
2017.03.13 19:21:02.026,9.52819,9.53041,1.45,1.50
2017.03.13 19:21:02.531,9.5282,9.5303,1.45,1.00
2017.03.13 19:21:03.518,9.5281,9.5302,1.45,1.00
2017.03.13 19:21:10.088,9.5281,9.5302,1.00,1.00
2017.03.13 19:21:10.139,9.52803,9.5302,1.45,1.00
2017.03.13 19:21:11.650,9.52795,9.53004,1.82,1.00
2017.03.13 19:21:11.802,9.52795,9.53014,1.45,1.00
2017.03.13 19:21:11.903,9.52795,9.53004,1.45,1.00
2017.03.13 19:21:12.086,9.52795,9.53018,1.80,1.00
2017.03.13 19:21:12.188,9.52795,9.53004,1.45,1.00
2017.03.13 19:21:12.632,9.52795,9.53016,1.45,1.00
2017.03.13 19:21:13.166,9.52795,9.53004,1.00,1.00
2017.03.13 19:21:13.632,9.52795,9.53017,1.60,1.00
2017.03.13 19:21:13.683,9.52798,9.53017,1.05,1.00
2017.03.13 19:21:14.001,9.52797,9.53004,1.05,1.00
2017.03.13 19:21:14.313,9.52797,9.53015,1.05,1.00
2017.03.13 19:21:14.428,9.52795,9.53004,1.80,1.00
2017.03.13 19:21:14.606,9.52796,9.53018,1.05,1.00
2017.03.13 19:21:14.957,9.52795,9.53005,1.45,1.00
2017.03.13 19:21:15.328,9.52795,9.53005,1.45,1.00
2017.03.13 19:21:15.648,9.52795,9.53016,1.60,1.00
2017.03.13 19:21:15.750,9.52795,9.53005,1.80,1.00
2017.03.13 19:21:15.851,9.52796,9.53016,1.05,1.00
2017.03.13 19:21:15.952,9.52795,9.53016,1.60,1.00
2017.03.13 19:21:16.003,9.52795,9.53005,1.60,1.00
2017.03.13 19:21:16.522,9.52795,9.53005,1.35,1.00
2017.03.13 19:21:16.873,9.52795,9.52994,1.00,1.00
2017.03.13 19:21:17.123,9.52783,9.52984,1.00,1.00
2017.03.13 19:21:17.224,9.52768,9.52974,1.00,1.00
2017.03.13 19:21:19.719,9.52768,9.52965,1.00,1.00
2017.03.13 19:21:23.695,9.52768,9.52974,1.00,1.00
2017.03.13 19:21:25.251,9.52768,9.52984,1.00,1.00
2017.03.13 19:21:25.303,9.5277,9.52984,1.00,1.00
2017.03.13 19:21:26.037,9.5277,9.52984,1.60,1.00
2017.03.13 19:21:26.356,9.5278,9.52994,1.60,1.00
2017.03.13 19:21:28.013,9.5278,9.52994,1.35,1.00
2017.03.13 19:21:29.647,9.52779,9.53005,1.35,1.00
2017.03.13 19:21:29.749,9.5278,9.52997,1.00,1.00
2017.03.13 19:21:30.724,9.5278,9.52997,1.60,1.00
2017.03.13 19:21:31.264,9.5278,9.52997,1.00,1.00
2017.03.13 19:21:32.055,9.52779,9.52997,1.35,1.00
2017.03.13 19:21:33.087,9.5278,9.52997,1.00,1.00
2017.03.13 19:21:34.675,9.52779,9.52997,1.00,1.00
2017.03.13 19:21:35.378,9.5278,9.52997,1.00,1.00
2017.03.13 19:21:37.063,9.5277,9.52997,1.50,1.00
2017.03.13 19:21:38.091,9.5277,9.52997,2.10,1.00
2017.03.13 19:21:39.135,9.5277,9.52997,2.10,1.00
2017.03.13 19:21:40.141,9.5277,9.52997,2.10,1.00
2017.03.13 19:21:43.597,9.5277,9.52986,1.00,1.00
2017.03.13 19:21:43.698,9.52768,9.52986,1.12,1.00
2017.03.13 19:21:43.749,9.52768,9.52976,1.00,1.00
2017.03.13 19:21:44.052,9.52762,9.52925,1.87,1.00
2017.03.13 19:21:44.104,9.52746,9.52904,1.50,1.00
2017.03.13 19:21:44.154,9.52746,9.52901,1.50,1.00
2017.03.13 19:21:44.761,9.52746,9.529,1.50,1.00
2017.03.13 19:21:45.078,9.52746,9.52886,1.50,1.00
2017.03.13 19:21:48.029,9.52746,9.52904,1.50,1.00
2017.03.13 19:21:48.862,9.52746,9.52924,1.00,1.00
2017.03.13 19:21:48.913,9.52755,9.52924,1.12,1.00
2017.03.13 19:21:48.964,9.52755,9.52934,1.50,1.00
2017.03.13 19:21:49.197,9.52755,9.52944,1.50,1.00
2017.03.13 19:21:49.450,9.5275,9.52944,1.50,1.00
2017.03.13 19:21:49.858,9.52761,9.52944,1.87,1.00
2017.03.13 19:21:50.428,9.52761,9.52963,1.87,1.00
2017.03.13 19:21:50.901,9.52757,9.52963,1.00,1.00
2017.03.13 19:21:51.447,9.5275,9.52963,1.87,1.00
2017.03.13 19:21:51.913,9.52746,9.52963,1.50,1.00
2017.03.13 19:21:58.020,9.52746,9.52963,2.10,1.00
2017.03.13 19:21:58.543,9.52746,9.52963,1.50,1.00
2017.03.13 19:21:59.712,9.52746,9.52973,2.10,1.00
2017.03.13 19:21:59.814,9.5277,9.52984,1.60,1.00
2017.03.13 19:21:59.915,9.5277,9.52975,1.00,1.00
2017.03.13 19:22:00.017,9.5277,9.52984,1.00,1.00
2017.03.13 19:22:00.637,9.52769,9.52984,1.00,1.00
2017.03.13 19:22:00.688,9.52769,9.52992,1.60,1.00
2017.03.13 19:22:00.790,9.5277,9.52994,1.60,1.00
2017.03.13 19:22:00.992,9.5277,9.52994,1.00,1.00
2017.03.13 19:22:02.448,9.5277,9.52984,1.00,1.00
2017.03.13 19:22:06.667,9.5277,9.52984,1.60,1.00
2017.03.13 19:22:06.819,9.5277,9.52995,1.60,1.00
2017.03.13 19:22:07.547,9.5277,9.52995,1.60,1.00
2017.03.13 19:22:07.598,9.5278,9.52995,1.00,1.00
2017.03.13 19:22:08.181,9.52779,9.52995,1.00,1.00
2017.03.13 19:22:08.877,9.5278,9.52995,1.00,1.00
2017.03.13 19:22:08.928,9.5277,9.52995,3.22,1.00
2017.03.13 19:22:08.979,9.5278,9.52995,1.00,1.00
2017.03.13 19:22:09.131,9.5278,9.52997,1.00,1.00
2017.03.13 19:22:10.217,9.5278,9.53004,1.00,1.00
2017.03.13 19:22:11.605,9.5278,9.52999,1.00,1.00
2017.03.13 19:22:19.679,9.5278,9.52998,1.00,1.00
2017.03.13 19:22:19.983,9.5277,9.52964,1.00,1.00
2017.03.13 19:22:23.742,9.52756,9.52964,1.00,1.00
2017.03.13 19:22:35.699,9.52756,9.52974,1.00,1.00
2017.03.13 19:22:35.750,9.52756,9.52974,1.60,1.00
2017.03.13 19:22:36.114,9.52756,9.52974,1.00,1.00
2017.03.13 19:22:36.606,9.52758,9.52974,1.87,1.00
2017.03.13 19:22:40.665,9.5276,9.52974,1.87,1.00
2017.03.13 19:22:41.856,9.52756,9.52974,1.72,1.00
2017.03.13 19:22:42.270,9.52756,9.52974,2.62,1.00
2017.03.13 19:22:46.612,9.52756,9.52974,1.00,1.00
2017.03.13 19:22:47.048,9.52756,9.52974,2.62,1.00
2017.03.13 19:22:48.213,9.52758,9.52974,1.87,1.00
2017.03.13 19:22:48.479,9.52758,9.52985,1.87,1.00
2017.03.13 19:22:52.631,9.52758,9.52974,1.87,1.00
2017.03.13 19:22:55.750,9.52754,9.52964,1.00,1.00
2017.03.13 19:22:56.063,9.52754,9.52954,1.00,1.00
2017.03.13 19:22:56.716,9.52754,9.52964,1.00,1.00
2017.03.13 19:22:56.868,9.52754,9.52955,1.00,1.00
2017.03.13 19:22:57.021,9.52754,9.52964,1.00,1.00
2017.03.13 19:22:57.223,9.52754,9.52954,1.00,1.00
2017.03.13 19:22:57.346,9.52754,9.52964,1.00,1.00
2017.03.13 19:23:02.140,9.52754,9.52971,1.00,1.00
2017.03.13 19:23:03.052,9.52754,9.52964,1.00,1.00
2017.03.13 19:23:03.177,9.52754,9.52971,1.00,1.00
2017.03.13 19:23:05.638,9.52754,9.52964,1.00,1.00
2017.03.13 19:23:05.740,9.52754,9.52971,1.00,1.00
2017.03.13 19:23:05.791,9.52754,9.52977,1.35,1.00
2017.03.13 19:23:06.139,9.52754,9.52982,1.35,1.00
2017.03.13 19:23:06.240,9.52754,9.52976,1.00,1.00
2017.03.13 19:23:06.800,9.52754,9.52982,1.35,1.00
2017.03.13 19:23:09.020,9.52754,9.52982,1.60,1.00
2017.03.13 19:23:09.563,9.52754,9.52982,1.35,1.00
2017.03.13 19:23:10.342,9.52754,9.52981,1.35,1.00
2017.03.13 19:23:10.723,9.5276,9.52981,1.00,1.00
2017.03.13 19:23:11.026,9.5277,9.52992,1.60,1.00
2017.03.13 19:23:11.077,9.5277,9.52992,2.10,1.00
2017.03.13 19:23:12.434,9.5277,9.52992,2.10,1.00
2017.03.13 19:23:12.917,9.5277,9.52992,2.10,1.00
2017.03.13 19:23:15.950,9.5277,9.52997,2.10,1.00
2017.03.13 19:23:18.827,9.5277,9.52997,2.47,1.00
2017.03.13 19:23:19.430,9.5277,9.52997,1.87,1.00
2017.03.13 19:23:21.766,9.5277,9.52997,1.87,1.00
2017.03.13 19:23:22.890,9.5277,9.52997,2.47,1.00
2017.03.13 19:23:27.305,9.5277,9.52999,2.47,1.00
2017.03.13 19:23:30.762,9.5277,9.52986,1.00,1.00
2017.03.13 19:23:31.088,9.52765,9.52986,1.00,1.00
2017.03.13 19:23:31.235,9.52765,9.52974,1.00,1.00
2017.03.13 19:23:31.775,9.52765,9.52964,1.00,1.00
2017.03.13 19:23:32.327,9.52765,9.52974,1.00,1.12
2017.03.13 19:23:32.479,9.52765,9.52964,1.00,1.00
2017.03.13 19:23:32.700,9.52765,9.52974,1.00,1.00
2017.03.13 19:23:33.124,9.52765,9.52964,1.00,1.00
2017.03.13 19:23:33.326,9.52765,9.52976,1.00,1.00
2017.03.13 19:23:33.427,9.52765,9.52967,1.00,1.00
2017.03.13 19:23:33.850,9.52765,9.52976,1.00,1.00
2017.03.13 19:23:38.368,9.52765,9.52965,1.00,1.00
2017.03.13 19:23:38.717,9.52765,9.52977,1.00,1.00
2017.03.13 19:23:38.818,9.52765,9.52968,1.00,1.00
2017.03.13 19:23:38.993,9.52765,9.52977,1.00,1.00
2017.03.13 19:23:40.424,9.52765,9.52973,1.00,1.00
2017.03.13 19:23:42.758,9.52765,9.52985,1.00,1.00
2017.03.13 19:23:43.743,9.52765,9.52988,1.35,1.00
2017.03.13 19:23:45.961,9.52765,9.52991,1.35,1.50
2017.03.13 19:23:46.227,9.52765,9.52982,1.00,1.00
2017.03.13 19:23:52.355,9.52765,9.5299,1.00,1.00
2017.03.13 19:23:53.180,9.5277,9.5299,1.00,1.00
2017.03.13 19:23:53.332,9.5277,9.52997,1.80,1.00
2017.03.13 19:23:53.383,9.5277,9.52997,1.05,1.00
2017.03.13 19:23:53.484,9.5277,9.52997,1.80,1.00
2017.03.13 19:23:53.535,9.52773,9.52997,1.05,1.00
2017.03.13 19:23:53.586,9.5278,9.53003,1.45,1.00
2017.03.13 19:23:53.789,9.5278,9.53003,1.45,1.00
2017.03.13 19:23:54.225,9.5278,9.53005,1.80,1.00
2017.03.13 19:23:54.327,9.5278,9.53011,1.80,1.00
2017.03.13 19:23:54.857,9.5278,9.5301,1.45,1.00
2017.03.13 19:23:55.462,9.5278,9.53011,1.45,1.00
2017.03.13 19:23:56.315,9.52785,9.53015,1.05,1.00
2017.03.13 19:23:56.585,9.52783,9.53017,1.05,1.00
2017.03.13 19:23:56.637,9.52783,9.53017,1.05,1.00
2017.03.13 19:23:57.108,9.52786,9.53017,1.05,1.00
2017.03.13 19:24:01.021,9.52782,9.53017,1.05,1.00
2017.03.13 19:24:02.124,9.52783,9.53017,1.05,1.00
2017.03.13 19:24:02.377,9.52811,9.53032,1.45,1.00
2017.03.13 19:24:03.358,9.52811,9.53036,1.45,1.00
2017.03.13 19:24:03.516,9.52811,9.53036,1.00,1.00
2017.03.13 19:24:03.713,9.52798,9.53016,1.00,1.00
2017.03.13 19:24:03.764,9.52784,9.53016,1.45,1.60
2017.03.13 19:24:03.815,9.52784,9.53016,1.00,2.10
2017.03.13 19:24:04.018,9.5278,9.53016,1.20,2.10
2017.03.13 19:24:04.372,9.5278,9.53005,1.20,1.00
2017.03.13 19:24:05.609,9.52779,9.53005,1.00,1.00
2017.03.13 19:24:06.127,9.5278,9.53005,1.00,1.00
2017.03.13 19:24:06.624,9.52775,9.53002,1.00,1.00
2017.03.13 19:24:07.299,9.5278,9.53005,1.45,1.00
2017.03.13 19:24:07.969,9.52781,9.53005,1.05,1.00
2017.03.13 19:24:08.530,9.52781,9.53005,1.05,1.00
2017.03.13 19:24:10.479,9.52775,9.53006,1.45,1.00
2017.03.13 19:24:11.830,9.52775,9.53006,1.00,1.00
2017.03.13 19:24:11.881,9.52775,9.53004,1.00,1.00
2017.03.13 19:24:14.114,9.5278,9.52994,1.00,1.00
2017.03.13 19:24:14.251,9.52775,9.52994,1.00,1.00
2017.03.13 19:24:14.302,9.52775,9.52984,1.00,1.00
2017.03.13 19:24:14.353,9.52766,9.52984,1.00,1.00
2017.03.13 19:24:14.555,9.52766,9.52993,1.00,1.00
2017.03.13 19:24:14.808,9.5277,9.52994,1.60,1.00
2017.03.13 19:24:14.859,9.5278,9.53004,1.60,1.00
2017.03.13 19:24:14.911,9.5278,9.5301,1.35,1.00
2017.03.13 19:24:15.181,9.5278,9.5301,1.80,1.00
2017.03.13 19:24:15.283,9.5278,9.5301,1.80,1.00
2017.03.13 19:24:15.790,9.5278,9.5301,1.80,1.00
2017.03.13 19:24:16.310,9.5278,9.5301,1.80,1.00
2017.03.13 19:24:16.913,9.5278,9.53012,1.80,1.00
2017.03.13 19:24:21.301,9.5278,9.53012,1.20,1.00
2017.03.13 19:24:23.637,9.5278,9.53012,1.80,1.00
2017.03.13 19:24:24.120,9.5278,9.53012,1.20,1.00
2017.03.13 19:24:25.067,9.5278,9.53012,1.80,1.00
2017.03.13 19:24:25.564,9.5278,9.5301,1.80,1.00
2017.03.13 19:24:25.868,9.52789,9.53012,1.05,1.00
2017.03.13 19:24:26.565,9.52789,9.53012,1.05,1.00
2017.03.13 19:24:27.907,9.52786,9.53012,1.75,1.00
2017.03.13 19:24:27.958,9.52783,9.53012,1.42,1.00
2017.03.13 19:24:28.060,9.52782,9.5301,1.42,1.00
2017.03.13 19:24:28.312,9.52784,9.53012,1.42,1.00
2017.03.13 19:24:31.098,9.52785,9.53014,1.42,1.00
2017.03.13 19:24:34.806,9.5278,9.53014,1.80,1.00
2017.03.13 19:24:34.958,9.52777,9.52997,1.00,1.00
2017.03.13 19:24:35.262,9.52777,9.52995,1.00,1.00
2017.03.13 19:24:35.771,9.52769,9.52995,1.00,1.00
2017.03.13 19:24:37.912,9.52769,9.52984,1.00,1.00
2017.03.13 19:24:38.312,9.52769,9.52991,1.00,1.00
2017.03.13 19:24:38.413,9.52769,9.52988,1.00,1.00
2017.03.13 19:24:38.578,9.52769,9.52991,1.00,1.00
2017.03.13 19:24:38.680,9.52769,9.52998,1.00,1.97
2017.03.13 19:24:38.731,9.52769,9.52984,1.00,1.00
2017.03.13 19:24:38.936,9.52769,9.5299,1.00,1.00
2017.03.13 19:24:47.049,9.52769,9.52993,1.00,1.00
2017.03.13 19:24:47.201,9.52769,9.52991,1.00,1.00
2017.03.13 19:24:50.901,9.5277,9.52993,1.00,1.00
2017.03.13 19:24:51.486,9.52772,9.53002,1.05,1.00
2017.03.13 19:24:51.587,9.5278,9.53008,1.45,1.00
2017.03.13 19:24:51.638,9.52783,9.53011,1.05,1.00
2017.03.13 19:24:51.740,9.52782,9.53011,1.05,1.00
2017.03.13 19:24:52.563,9.52783,9.53011,1.45,1.00
2017.03.13 19:24:54.068,9.52783,9.53011,1.45,1.00
2017.03.13 19:24:55.572,9.52783,9.53012,1.45,1.00
2017.03.13 19:24:56.022,9.52783,9.53012,1.45,1.00
2017.03.13 19:24:57.679,9.52783,9.53012,1.45,1.00
2017.03.13 19:24:59.856,9.52783,9.53012,1.45,1.00
2017.03.13 19:25:00.502,9.52783,9.53012,1.45,1.00
2017.03.13 19:25:00.719,9.52783,9.53012,1.45,1.00
2017.03.13 19:25:01.160,9.52783,9.53014,1.45,1.00
2017.03.13 19:25:04.383,9.52783,9.53014,1.45,1.00
2017.03.13 19:25:10.562,9.52783,9.53012,1.45,1.00
2017.03.13 19:25:10.879,9.52783,9.53012,1.45,1.00
2017.03.13 19:25:11.082,9.52783,9.53002,1.00,1.00
2017.03.13 19:25:11.133,9.52774,9.53002,1.00,1.00
2017.03.13 19:25:11.601,9.52774,9.52998,1.00,1.00
2017.03.13 19:25:12.461,9.52774,9.52991,1.00,1.00
2017.03.13 19:25:13.051,9.52774,9.52986,1.00,1.00
2017.03.13 19:25:13.203,9.52764,9.52979,1.00,1.00
2017.03.13 19:25:14.779,9.52764,9.52987,1.00,1.00
2017.03.13 19:25:14.982,9.52764,9.52987,1.82,1.00
2017.03.13 19:25:16.189,9.52764,9.52995,2.17,1.00
2017.03.13 19:25:19.740,9.52765,9.52995,1.10,1.00
2017.03.13 19:25:20.272,9.52764,9.52995,2.17,1.00
2017.03.13 19:25:21.995,9.52765,9.52995,1.42,1.00
2017.03.13 19:25:22.584,9.52765,9.52995,1.42,1.00
2017.03.13 19:25:26.350,9.52765,9.52995,1.42,1.00
2017.03.13 19:25:26.662,9.5278,9.53006,1.45,1.00
2017.03.13 19:25:31.220,9.52783,9.53012,1.05,1.00
2017.03.13 19:25:44.961,9.52784,9.53012,1.05,1.00
2017.03.13 19:25:45.293,9.52794,9.53012,1.82,1.00
2017.03.13 19:25:45.663,9.52794,9.53012,1.45,1.00
2017.03.13 19:25:46.249,9.52794,9.53018,1.45,1.00
2017.03.13 19:25:46.351,9.52794,9.53007,1.45,1.00
2017.03.13 19:25:46.655,9.5278,9.53007,1.00,1.00
2017.03.13 19:25:46.757,9.5278,9.53001,1.00,1.00
2017.03.13 19:25:46.963,9.52772,9.53001,1.00,1.00
2017.03.13 19:25:47.733,9.52772,9.52991,1.00,1.00
2017.03.13 19:25:51.791,9.52762,9.52991,1.00,1.50
2017.03.13 19:25:55.666,9.52762,9.5299,1.00,1.00
2017.03.13 19:25:59.179,9.5277,9.5299,1.00,1.00
2017.03.13 19:25:59.605,9.5277,9.5299,1.45,1.00
2017.03.13 19:25:59.919,9.52775,9.5299,1.00,1.00
2017.03.13 19:26:01.240,9.52775,9.53,1.00,1.00
2017.03.13 19:26:03.166,9.52775,9.53001,1.00,1.00
2017.03.13 19:26:03.267,9.52775,9.53001,1.45,1.00
2017.03.13 19:26:06.320,9.52779,9.53001,1.45,1.00
2017.03.13 19:26:10.730,9.5278,9.53004,1.45,1.00
2017.03.13 19:26:13.242,9.5278,9.53012,1.45,1.00
2017.03.13 19:26:15.569,9.5278,9.53012,1.45,1.00
2017.03.13 19:26:16.272,9.5278,9.53013,1.45,1.00
2017.03.13 19:26:18.554,9.52785,9.53016,1.42,1.00
2017.03.13 19:26:19.290,9.5278,9.53016,1.45,1.60
2017.03.13 19:26:19.442,9.5278,9.53015,1.45,1.60
2017.03.13 19:26:19.493,9.52772,9.53015,1.45,1.60
2017.03.13 19:26:19.544,9.52772,9.52999,1.00,1.00
2017.03.13 19:26:20.480,9.52772,9.52999,1.00,1.60
2017.03.13 19:26:20.531,9.52772,9.52984,1.00,1.00
2017.03.13 19:26:20.987,9.52764,9.52984,1.00,1.00
2017.03.13 19:26:23.877,9.52764,9.52989,1.00,1.00
2017.03.13 19:26:25.158,9.52764,9.52989,1.45,1.00
2017.03.13 19:26:25.710,9.52764,9.52992,1.45,1.00
2017.03.13 19:26:30.879,9.52764,9.52992,1.00,1.00
2017.03.13 19:26:31.031,9.52764,9.52982,1.00,1.00
2017.03.13 19:26:31.339,9.52764,9.52989,1.00,1.00
2017.03.13 19:26:33.757,9.52764,9.52992,1.00,1.00
2017.03.13 19:26:34.270,9.52764,9.52992,1.45,1.00
2017.03.13 19:26:34.674,9.5277,9.52992,1.45,1.00
2017.03.13 19:26:35.000,9.52764,9.52992,1.00,1.00
2017.03.13 19:26:35.306,9.5277,9.53,1.45,1.00
2017.03.13 19:26:35.357,9.52771,9.53005,1.05,1.00
2017.03.13 19:26:35.509,9.52767,9.52996,1.05,1.00
2017.03.13 19:26:36.037,9.52769,9.52996,1.80,1.00
2017.03.13 19:26:40.786,9.52772,9.53002,1.05,1.00
2017.03.13 19:26:41.134,9.52778,9.53002,1.00,1.00
2017.03.13 19:26:41.337,9.5278,9.53002,1.45,1.00
2017.03.13 19:26:42.055,9.52781,9.53011,1.05,1.00
2017.03.13 19:26:42.574,9.5278,9.53011,1.80,1.00
2017.03.13 19:26:46.319,9.5278,9.53012,1.05,1.00
2017.03.13 19:26:48.408,9.5278,9.53012,1.45,1.00
2017.03.13 19:26:50.945,9.52782,9.53014,1.42,1.00
2017.03.13 19:26:54.668,9.5278,9.53004,1.45,1.00
2017.03.13 19:26:54.770,9.5278,9.53004,1.00,1.00
2017.03.13 19:26:54.871,9.52778,9.53004,1.00,1.00
2017.03.13 19:26:55.299,9.52778,9.53003,1.00,1.60
2017.03.13 19:26:55.815,9.52778,9.52994,1.00,1.00
2017.03.13 19:26:59.676,9.52778,9.52993,1.00,1.00
2017.03.13 19:27:01.425,9.52767,9.52993,1.00,1.50
2017.03.13 19:27:06.909,9.52767,9.52993,1.60,1.00
2017.03.13 19:27:07.011,9.52767,9.52993,1.45,1.00
2017.03.13 19:27:07.214,9.52767,9.52993,1.00,1.00
2017.03.13 19:27:10.818,9.52767,9.52995,1.00,1.00
2017.03.13 19:27:11.326,9.52767,9.52994,1.00,1.00
2017.03.13 19:27:12.666,9.52767,9.52996,1.00,1.00
2017.03.13 19:27:13.121,9.52767,9.52996,1.37,1.37
2017.03.13 19:27:13.444,9.52767,9.52996,1.37,1.37
2017.03.13 19:27:17.375,9.5277,9.52996,1.45,1.37
2017.03.13 19:27:18.392,9.5277,9.52996,1.45,1.00
2017.03.13 19:27:18.822,9.52768,9.52996,1.10,1.37
2017.03.13 19:27:19.237,9.5277,9.52996,1.00,1.37
2017.03.13 19:27:19.288,9.52768,9.52996,1.10,1.37
2017.03.13 19:27:19.568,9.5277,9.52996,1.37,1.37
2017.03.13 19:27:20.078,9.5277,9.52996,1.72,1.00
2017.03.13 19:27:20.129,9.5277,9.52996,1.97,1.00
2017.03.13 19:27:22.784,9.52771,9.52996,1.05,1.00
2017.03.13 19:27:23.145,9.5277,9.52996,1.00,1.00
2017.03.13 19:27:23.332,9.52772,9.52996,1.87,1.00
2017.03.13 19:27:24.246,9.52767,9.52996,1.57,1.00
2017.03.13 19:27:24.789,9.52767,9.52996,1.57,1.00
2017.03.13 19:27:24.977,9.52767,9.52996,1.57,1.00
2017.03.13 19:27:25.830,9.52767,9.52994,1.57,1.00
2017.03.13 19:27:27.675,9.52767,9.52994,1.20,1.00
2017.03.13 19:27:27.734,9.5277,9.52994,1.00,1.00
2017.03.13 19:27:28.190,9.5277,9.52994,1.37,1.00
2017.03.13 19:27:29.119,9.5277,9.52994,1.00,1.00
2017.03.13 19:27:30.026,9.5277,9.52991,1.00,1.00
2017.03.13 19:27:30.920,9.52766,9.52991,1.00,1.00
2017.03.13 19:27:32.120,9.52766,9.5299,1.00,1.00
2017.03.13 19:27:32.625,9.52766,9.52991,1.00,2.25
2017.03.13 19:27:33.030,9.52766,9.52977,1.00,1.00
2017.03.13 19:27:33.182,9.52766,9.52987,1.00,1.00
2017.03.13 19:27:34.362,9.52766,9.52988,1.00,1.00
2017.03.13 19:27:34.615,9.52766,9.5299,1.00,1.00
2017.03.13 19:27:34.665,9.52766,9.52984,1.00,1.00
2017.03.13 19:27:37.563,9.52751,9.5297,1.45,1.00
2017.03.13 19:27:37.615,9.5273,9.52964,2.62,1.00
2017.03.13 19:27:37.716,9.52721,9.5294,1.00,1.00
2017.03.13 19:27:37.817,9.52717,9.5294,1.00,1.00
2017.03.13 19:27:37.920,9.5272,9.5294,1.00,1.50
2017.03.13 19:27:38.471,9.5272,9.5294,1.37,1.00
2017.03.13 19:27:39.756,9.5272,9.5295,1.82,1.50
2017.03.13 19:27:40.141,9.52719,9.52941,1.82,1.00
2017.03.13 19:27:40.369,9.5272,9.5295,1.82,1.00
2017.03.13 19:27:43.305,9.5272,9.5296,1.82,2.25
2017.03.13 19:27:43.838,9.52719,9.52961,1.82,3.00
2017.03.13 19:27:44.382,9.5272,9.5296,1.82,2.25
2017.03.13 19:27:44.433,9.5272,9.5295,1.82,1.00
2017.03.13 19:27:45.755,9.5272,9.5296,1.82,1.00
2017.03.13 19:27:47.086,9.5272,9.5295,1.82,1.00
2017.03.13 19:27:47.136,9.5272,9.5296,1.82,2.25
2017.03.13 19:27:47.406,9.5272,9.5295,1.82,1.00
2017.03.13 19:27:47.508,9.5272,9.5296,1.82,2.25
2017.03.13 19:27:47.756,9.5272,9.5295,1.82,1.00
2017.03.13 19:27:47.807,9.5272,9.5296,1.82,2.25
2017.03.13 19:27:48.041,9.5272,9.5295,1.82,1.00
2017.03.13 19:27:48.229,9.5272,9.5296,1.82,2.25
2017.03.13 19:27:49.264,9.5272,9.52949,1.37,1.00
2017.03.13 19:27:49.568,9.5272,9.52944,1.00,1.00
2017.03.13 19:27:49.619,9.52709,9.52941,1.45,1.00
2017.03.13 19:27:49.720,9.527,9.52933,1.20,1.00
2017.03.13 19:27:50.074,9.527,9.52922,1.20,1.00
2017.03.13 19:27:53.112,9.52689,9.52922,2.62,1.00
2017.03.13 19:27:53.708,9.5269,9.52922,1.37,1.00
2017.03.13 19:27:54.416,9.5269,9.52922,1.12,1.00
2017.03.13 19:27:54.518,9.52686,9.52911,1.37,1.00
2017.03.13 19:27:55.309,9.52681,9.52906,1.37,1.00
2017.03.13 19:27:55.940,9.52681,9.52914,1.82,1.00
2017.03.13 19:27:56.121,9.5268,9.52914,1.95,1.00
2017.03.13 19:27:56.694,9.5268,9.52914,1.95,1.00
2017.03.13 19:27:57.531,9.52689,9.52914,1.00,1.00
2017.03.13 19:27:57.835,9.5269,9.52916,1.45,1.00
2017.03.13 19:27:58.475,9.5268,9.52916,1.45,1.00
2017.03.13 19:27:58.781,9.5268,9.52916,1.45,1.00
2017.03.13 19:27:59.306,9.5269,9.52916,1.45,1.00
2017.03.13 19:28:00.871,9.5269,9.52916,1.45,1.00
2017.03.13 19:28:01.495,9.5269,9.52914,1.45,1.00
2017.03.13 19:28:05.851,9.5269,9.52914,1.45,1.00
2017.03.13 19:28:07.327,9.5268,9.52914,1.20,1.00
2017.03.13 19:28:07.884,9.5268,9.52914,1.45,1.00
2017.03.13 19:28:10.291,9.5269,9.52914,1.00,1.00
2017.03.13 19:28:10.392,9.5269,9.52914,1.45,1.00
2017.03.13 19:28:10.595,9.5268,9.52914,1.45,1.00
2017.03.13 19:28:10.953,9.5268,9.52907,1.45,1.00
2017.03.13 19:28:11.236,9.5268,9.52907,1.00,1.00
2017.03.13 19:28:11.388,9.5268,9.52907,1.45,1.00
2017.03.13 19:28:11.560,9.5268,9.52907,1.00,1.00
2017.03.13 19:28:11.690,9.5268,9.52907,1.45,1.00
2017.03.13 19:28:25.987,9.5268,9.52908,1.45,1.00
2017.03.13 19:28:29.619,9.52679,9.52908,1.00,1.00
2017.03.13 19:28:29.720,9.52679,9.52908,1.45,1.00
2017.03.13 19:28:35.616,9.5268,9.52908,1.45,1.00
2017.03.13 19:28:35.667,9.5269,9.52911,1.00,1.00
2017.03.13 19:28:35.994,9.5269,9.52911,1.45,1.00
2017.03.13 19:28:37.419,9.5268,9.52911,1.95,1.00
2017.03.13 19:28:40.991,9.5268,9.52907,1.45,1.00
2017.03.13 19:28:41.303,9.5268,9.52907,1.95,1.00
2017.03.13 19:28:43.201,9.52676,9.52907,1.20,1.00
2017.03.13 19:28:45.114,9.52673,9.52907,1.20,1.00
2017.03.13 19:28:45.673,9.52673,9.52907,1.20,1.00
2017.03.13 19:28:53.340,9.52676,9.52907,1.10,1.00
2017.03.13 19:28:53.492,9.52674,9.52907,1.20,1.00
2017.03.13 19:28:53.996,9.52674,9.52907,1.20,1.00
2017.03.13 19:28:54.097,9.52674,9.52907,1.20,1.00
2017.03.13 19:28:54.296,9.52674,9.52907,1.20,1.00
2017.03.13 19:28:55.317,9.52666,9.52907,1.20,1.00
2017.03.13 19:28:55.777,9.52662,9.52896,1.82,1.00
2017.03.13 19:28:55.879,9.52662,9.52896,1.82,1.00
2017.03.13 19:28:56.130,9.52656,9.52896,1.95,1.00
2017.03.13 19:28:56.283,9.52656,9.52896,1.95,1.00
2017.03.13 19:28:56.334,9.52656,9.52885,1.37,1.00
2017.03.13 19:28:56.688,9.5265,9.52872,1.37,1.00
2017.03.13 19:28:56.740,9.5265,9.52872,1.37,1.00
2017.03.13 19:28:58.776,9.5265,9.52884,1.37,1.00
2017.03.13 19:28:59.131,9.5265,9.52884,1.82,1.00
2017.03.13 19:28:59.535,9.52656,9.52884,1.20,1.00
2017.03.13 19:28:59.586,9.52668,9.52894,1.82,1.00
2017.03.13 19:28:59.688,9.5267,9.52894,1.82,1.00
2017.03.13 19:29:00.092,9.52668,9.52894,1.82,1.00
2017.03.13 19:29:00.604,9.52668,9.52894,1.45,1.00
2017.03.13 19:29:01.616,9.52661,9.52895,1.82,1.00
2017.03.13 19:29:05.024,9.52661,9.52895,1.82,1.00
2017.03.13 19:29:06.554,9.52661,9.52895,1.82,1.00
2017.03.13 19:29:06.706,9.52661,9.52895,1.82,1.00
2017.03.13 19:29:06.909,9.52661,9.52895,1.82,1.00
2017.03.13 19:29:07.010,9.52661,9.52895,1.82,1.00
2017.03.13 19:29:07.163,9.52665,9.52895,1.00,1.00
2017.03.13 19:29:07.496,9.52657,9.52884,1.37,1.00
2017.03.13 19:29:08.114,9.52657,9.52884,1.82,1.00
2017.03.13 19:29:10.480,9.52657,9.52884,1.82,1.00
2017.03.13 19:29:10.582,9.52657,9.52895,1.82,1.00
2017.03.13 19:29:11.949,9.52666,9.52895,1.47,1.00
2017.03.13 19:29:12.252,9.52666,9.52895,1.20,1.00
2017.03.13 19:29:12.743,9.52665,9.52895,1.20,1.00
2017.03.13 19:29:12.844,9.52666,9.52895,1.20,1.00
2017.03.13 19:29:13.493,9.52666,9.52895,1.10,1.00
2017.03.13 19:29:13.724,9.52664,9.52895,1.20,1.00
2017.03.13 19:29:14.810,9.52664,9.52895,1.20,1.00
2017.03.13 19:29:15.438,9.5266,9.52884,1.82,1.00
2017.03.13 19:29:15.489,9.5266,9.52884,1.12,1.00
2017.03.13 19:29:16.018,9.52661,9.52884,1.10,1.00
2017.03.13 19:29:18.354,9.52646,9.52884,1.20,1.00
2017.03.13 19:29:26.098,9.52645,9.52875,1.37,1.00
2017.03.13 19:29:28.143,9.52656,9.52875,1.57,1.00
2017.03.13 19:29:28.845,9.5266,9.52875,1.00,1.00
2017.03.13 19:29:29.102,9.52656,9.52875,1.37,1.00
2017.03.13 19:29:29.153,9.52659,9.52875,1.00,1.00
2017.03.13 19:29:29.382,9.52656,9.52875,1.12,1.00
2017.03.13 19:29:30.391,9.52656,9.52875,1.37,1.00
2017.03.13 19:29:33.223,9.52656,9.52875,1.57,1.00
2017.03.13 19:29:34.576,9.52659,9.52875,1.00,1.00
2017.03.13 19:29:34.778,9.5266,9.52886,1.82,1.00
2017.03.13 19:29:34.829,9.5267,9.52886,1.45,1.00
2017.03.13 19:29:41.149,9.52663,9.52893,1.82,1.00
2017.03.13 19:29:41.200,9.5267,9.52893,1.00,1.00
2017.03.13 19:29:41.465,9.52663,9.52893,1.82,1.00
2017.03.13 19:29:41.516,9.52663,9.52893,1.82,1.00
2017.03.13 19:29:54.869,9.52663,9.52893,1.12,1.00
2017.03.13 19:29:56.211,9.5266,9.52888,2.32,1.00
2017.03.13 19:30:03.003,9.5266,9.52888,2.32,1.00
2017.03.13 19:30:04.788,9.52666,9.52898,1.95,1.00
2017.03.13 19:30:06.513,9.52671,9.52898,1.45,1.00
2017.03.13 19:30:07.049,9.52673,9.52898,1.45,1.00
2017.03.13 19:30:07.946,9.52674,9.52898,1.45,1.00
2017.03.13 19:30:11.022,9.52675,9.52898,1.45,1.00
2017.03.13 19:30:11.074,9.52686,9.52908,1.45,1.00
2017.03.13 19:30:11.506,9.52686,9.52908,1.57,1.00
2017.03.13 19:30:12.084,9.52686,9.52908,1.57,1.00
2017.03.13 19:30:15.510,9.52685,9.52908,1.12,1.00
2017.03.13 19:30:15.561,9.5268,9.52844,1.87,1.00
2017.03.13 19:30:15.611,9.52647,9.52829,1.50,1.00
2017.03.13 19:30:15.662,9.5264,9.52814,1.00,1.00
2017.03.13 19:30:15.713,9.5263,9.52814,1.00,1.00
2017.03.13 19:30:15.764,9.5263,9.5281,1.00,2.85
2017.03.13 19:30:15.815,9.5261,9.5281,1.00,2.85
2017.03.13 19:30:15.866,9.5261,9.52804,1.00,1.00
2017.03.13 19:30:16.019,9.52599,9.52805,1.45,1.00
2017.03.13 19:30:16.171,9.52599,9.52805,1.00,1.00
2017.03.13 19:30:16.272,9.52595,9.52805,1.00,1.60
2017.03.13 19:30:16.373,9.5257,9.52789,1.45,1.00
2017.03.13 19:30:16.526,9.5258,9.52789,1.00,1.60
2017.03.13 19:30:16.705,9.5258,9.52789,1.00,1.60
2017.03.13 19:30:16.756,9.5258,9.52789,1.00,1.00
2017.03.13 19:30:16.857,9.5257,9.52789,1.45,1.00
2017.03.13 19:30:16.959,9.5258,9.52789,1.00,1.00
2017.03.13 19:30:17.368,9.5259,9.52789,1.00,1.00
2017.03.13 19:30:17.419,9.5258,9.52789,1.45,1.00
2017.03.13 19:30:18.882,9.52579,9.5279,1.45,1.00
2017.03.13 19:30:19.139,9.5259,9.52789,1.00,1.00
2017.03.13 19:30:19.190,9.5258,9.52789,1.45,1.00
2017.03.13 19:30:23.739,9.52569,9.5279,1.45,1.00
2017.03.13 19:30:24.332,9.5257,9.52789,1.82,1.00
2017.03.13 19:30:25.158,9.5257,9.52789,1.00,1.60
2017.03.13 19:30:25.894,9.5257,9.52789,1.00,1.35
2017.03.13 19:30:26.875,9.5257,9.52789,1.45,1.00
2017.03.13 19:30:28.403,9.52569,9.5279,1.45,1.35
2017.03.13 19:30:28.947,9.52561,9.52789,1.45,1.35
2017.03.13 19:30:29.917,9.52561,9.52789,1.45,1.00
2017.03.13 19:30:29.968,9.5257,9.52789,1.00,1.00
2017.03.13 19:30:30.243,9.52561,9.52789,1.45,1.00
2017.03.13 19:30:30.344,9.5257,9.52789,1.00,1.00
2017.03.13 19:30:30.883,9.52561,9.52789,1.45,1.00
2017.03.13 19:30:30.985,9.5257,9.52789,1.00,1.00
2017.03.13 19:30:31.036,9.52561,9.52789,1.45,1.60
2017.03.13 19:30:31.306,9.5258,9.52789,1.00,1.60
2017.03.13 19:30:31.648,9.5258,9.52789,1.00,1.00
2017.03.13 19:30:32.156,9.52579,9.5279,1.00,1.00
2017.03.13 19:30:32.310,9.5257,9.52789,1.00,1.00
2017.03.13 19:30:32.963,9.5257,9.52788,1.00,1.00
2017.03.13 19:30:33.378,9.5257,9.52782,1.00,1.00
2017.03.13 19:30:33.699,9.5258,9.52789,1.00,1.00
2017.03.13 19:30:34.025,9.5258,9.52782,1.00,1.00
2017.03.13 19:30:34.549,9.52579,9.52782,1.00,1.00
2017.03.13 19:30:34.600,9.52579,9.5279,1.00,1.00
2017.03.13 19:30:34.971,9.52579,9.52782,1.00,1.00
2017.03.13 19:30:35.553,9.52579,9.5279,1.00,1.00
2017.03.13 19:30:37.526,9.5257,9.52789,1.00,1.00
2017.03.13 19:30:37.577,9.52561,9.52789,1.45,1.00
2017.03.13 19:30:38.319,9.5256,9.5279,1.45,1.00
2017.03.13 19:30:38.853,9.52561,9.52789,1.45,1.00
2017.03.13 19:30:39.833,9.52561,9.52789,1.45,1.37
2017.03.13 19:30:41.062,9.52561,9.52789,1.45,1.00
2017.03.13 19:30:41.707,9.5256,9.5279,1.45,1.00
2017.03.13 19:30:42.331,9.52561,9.52789,1.45,1.00
2017.03.13 19:30:42.861,9.5256,9.5279,1.45,1.00
2017.03.13 19:30:43.601,9.52561,9.52789,1.82,1.00
2017.03.13 19:30:46.056,9.5257,9.52789,1.45,1.00
2017.03.13 19:30:47.147,9.52569,9.5279,1.45,1.00
2017.03.13 19:30:47.496,9.5258,9.52789,1.00,1.00
2017.03.13 19:30:48.272,9.5257,9.52789,3.45,1.00
2017.03.13 19:30:48.323,9.5258,9.52789,1.00,1.00
2017.03.13 19:30:48.652,9.5257,9.52789,3.45,1.00
2017.03.13 19:30:49.246,9.5258,9.52789,1.00,1.00
2017.03.13 19:30:49.297,9.5257,9.52789,3.45,1.00
2017.03.13 19:30:50.626,9.5258,9.52789,1.00,1.00
2017.03.13 19:30:50.677,9.5257,9.52789,3.45,1.00
2017.03.13 19:30:51.421,9.5258,9.52789,1.00,1.00
2017.03.13 19:30:51.472,9.52569,9.5279,3.45,1.00
2017.03.13 19:30:53.636,9.5257,9.52789,1.95,1.00
2017.03.13 19:30:53.738,9.5258,9.52789,1.00,1.00
2017.03.13 19:30:54.042,9.5257,9.52789,1.95,1.00
2017.03.13 19:30:54.561,9.52579,9.5279,1.00,1.00
2017.03.13 19:30:55.090,9.5257,9.52789,3.82,1.00
2017.03.13 19:30:55.140,9.5258,9.52789,1.00,1.00
2017.03.13 19:30:55.354,9.5257,9.52789,3.82,1.00
2017.03.13 19:30:57.017,9.5258,9.52789,1.00,1.00
2017.03.13 19:30:57.068,9.5257,9.52789,3.82,1.00
2017.03.13 19:30:59.192,9.5258,9.52789,1.00,1.00
2017.03.13 19:30:59.243,9.5257,9.52789,3.82,1.00
2017.03.13 19:30:59.294,9.5258,9.52789,1.00,1.00
2017.03.13 19:31:00.306,9.52579,9.5279,1.00,1.00
2017.03.13 19:31:00.761,9.5259,9.52789,1.00,1.00
2017.03.13 19:31:01.118,9.5258,9.52789,1.37,1.00
2017.03.13 19:31:01.169,9.5259,9.52789,1.00,1.00
2017.03.13 19:31:01.220,9.5258,9.52789,1.37,1.00
2017.03.13 19:31:01.271,9.5259,9.52789,1.00,1.00
2017.03.13 19:31:01.322,9.5258,9.52789,1.37,1.00
2017.03.13 19:31:02.355,9.5258,9.52789,1.00,1.00
2017.03.13 19:31:02.516,9.52569,9.5279,3.07,1.00
2017.03.13 19:31:02.617,9.52569,9.5279,2.62,1.00
2017.03.13 19:31:02.770,9.5258,9.52789,1.00,1.00
2017.03.13 19:31:03.099,9.5257,9.52789,1.00,1.00
2017.03.13 19:31:07.777,9.5257,9.52789,1.00,1.37
2017.03.13 19:31:08.449,9.52561,9.52789,1.82,1.37
2017.03.13 19:31:08.500,9.5257,9.52789,1.00,1.37
2017.03.13 19:31:08.824,9.5258,9.52789,1.00,1.37
2017.03.13 19:31:08.875,9.5257,9.52789,1.00,1.37
2017.03.13 19:31:11.320,9.5256,9.5279,1.82,1.37
2017.03.13 19:31:11.371,9.5257,9.52789,1.00,1.37
2017.03.13 19:31:11.640,9.52561,9.52789,1.82,1.37
2017.03.13 19:31:11.691,9.5257,9.52789,1.00,1.37
2017.03.13 19:31:12.299,9.52561,9.52789,1.82,1.37
2017.03.13 19:31:12.350,9.5257,9.52789,1.00,1.37
2017.03.13 19:31:14.190,9.5256,9.5279,1.82,1.37
2017.03.13 19:31:14.241,9.5257,9.52789,1.00,1.37
2017.03.13 19:31:16.424,9.52561,9.52789,1.82,1.37
2017.03.13 19:31:16.475,9.5257,9.52789,1.00,1.37
2017.03.13 19:31:17.699,9.52561,9.52789,1.82,1.37
2017.03.13 19:31:17.750,9.5257,9.52789,1.50,1.00
2017.03.13 19:31:18.053,9.5258,9.52789,1.00,1.00
2017.03.13 19:31:18.219,9.5257,9.52789,1.87,1.00
2017.03.13 19:31:18.269,9.5258,9.52789,1.00,1.00
2017.03.13 19:31:18.564,9.5257,9.52789,2.32,1.00
2017.03.13 19:31:18.615,9.5258,9.52789,1.00,1.00
2017.03.13 19:31:18.943,9.5258,9.52789,1.95,1.00
2017.03.13 19:31:19.468,9.52579,9.5279,2.32,1.00
2017.03.13 19:31:19.519,9.5258,9.52795,2.32,1.00
2017.03.13 19:31:19.570,9.5259,9.52795,1.00,1.00
2017.03.13 19:31:19.722,9.52599,9.52805,1.00,2.25
2017.03.13 19:31:19.773,9.52599,9.52805,1.45,2.25
2017.03.13 19:31:20.404,9.52608,9.52804,1.12,1.50
2017.03.13 19:31:20.506,9.526,9.52804,1.95,1.50
2017.03.13 19:31:20.626,9.52607,9.52805,1.12,1.50
2017.03.13 19:31:20.727,9.526,9.52804,1.95,1.50
2017.03.13 19:31:20.778,9.52608,9.52804,1.50,1.50
2017.03.13 19:31:20.895,9.526,9.52804,1.95,1.50
2017.03.13 19:31:22.350,9.52611,9.52804,1.87,1.50
2017.03.13 19:31:22.401,9.526,9.52804,1.95,1.50
2017.03.13 19:31:22.452,9.52611,9.52804,1.50,1.50
2017.03.13 19:31:22.717,9.526,9.52804,1.95,1.50
2017.03.13 19:31:25.598,9.52613,9.52804,1.50,1.50
2017.03.13 19:31:25.876,9.526,9.52804,1.95,1.50
2017.03.13 19:31:27.270,9.526,9.52804,1.95,1.87
2017.03.13 19:31:27.889,9.52615,9.52804,1.87,1.87
2017.03.13 19:31:31.795,9.526,9.52804,1.82,1.50
2017.03.13 19:31:31.846,9.526,9.52804,1.95,1.50
2017.03.13 19:31:32.072,9.52616,9.52805,1.50,1.50
2017.03.13 19:31:32.237,9.526,9.52804,1.95,1.50
2017.03.13 19:31:32.430,9.52617,9.52804,1.50,1.50
2017.03.13 19:31:32.567,9.526,9.52804,1.95,1.50
2017.03.13 19:31:32.669,9.52617,9.52804,1.50,1.50
2017.03.13 19:31:33.177,9.52612,9.52804,1.87,1.87
2017.03.13 19:31:34.219,9.52612,9.52804,1.87,1.87
2017.03.13 19:31:35.076,9.52615,9.52804,1.87,1.87
2017.03.13 19:31:35.466,9.52615,9.52804,1.87,1.87
2017.03.13 19:31:37.758,9.52607,9.528,1.87,1.87
2017.03.13 19:31:38.087,9.52598,9.528,1.87,1.87
2017.03.13 19:31:41.363,9.52599,9.52805,2.62,1.87
2017.03.13 19:31:41.819,9.52603,9.52804,1.87,1.87
2017.03.13 19:31:44.131,9.526,9.52804,1.00,1.50
2017.03.13 19:31:44.181,9.52606,9.52804,1.50,1.50
2017.03.13 19:31:44.283,9.526,9.52804,1.00,1.50
2017.03.13 19:31:44.566,9.526,9.528,1.00,1.50
2017.03.13 19:31:44.870,9.526,9.528,1.37,1.50
2017.03.13 19:31:46.926,9.52601,9.52804,1.87,1.87
2017.03.13 19:31:47.405,9.52601,9.52803,1.87,1.87
2017.03.13 19:31:47.874,9.526,9.52801,1.87,1.50
2017.03.13 19:31:47.925,9.526,9.528,1.12,1.50
2017.03.13 19:31:48.350,9.526,9.52798,1.12,1.87
2017.03.13 19:31:48.703,9.526,9.52798,1.37,1.87
2017.03.13 19:31:49.112,9.526,9.52798,1.37,1.87
2017.03.13 19:31:49.510,9.526,9.52804,1.37,3.37
2017.03.13 19:31:50.040,9.52599,9.52803,2.62,1.87
2017.03.13 19:31:50.962,9.526,9.528,1.37,1.87
2017.03.13 19:31:51.477,9.526,9.52793,1.00,1.50
2017.03.13 19:31:51.528,9.526,9.52804,1.00,2.25
2017.03.13 19:31:51.682,9.526,9.52793,1.00,1.87
2017.03.13 19:31:51.733,9.526,9.52802,1.00,1.50
2017.03.13 19:31:52.064,9.52597,9.52802,1.12,1.50
2017.03.13 19:31:52.166,9.52597,9.52796,1.12,1.87
2017.03.13 19:31:53.390,9.52599,9.52796,1.87,1.87
2017.03.13 19:31:53.745,9.52599,9.52802,1.87,1.87
2017.03.13 19:31:53.843,9.52608,9.52801,1.87,1.87
2017.03.13 19:31:54.370,9.52609,9.52802,1.87,1.87
2017.03.13 19:31:55.483,9.52613,9.52805,1.87,1.87
2017.03.13 19:31:55.694,9.52605,9.52804,1.87,1.87
2017.03.13 19:31:55.948,9.52605,9.52798,1.87,1.50
2017.03.13 19:31:56.251,9.52611,9.52798,1.50,1.50
2017.03.13 19:31:56.653,9.52614,9.52798,1.87,1.50
2017.03.13 19:31:56.704,9.52614,9.52804,1.87,1.87
2017.03.13 19:31:57.743,9.52614,9.52804,1.87,1.87
2017.03.13 19:31:58.215,9.52614,9.52804,1.87,2.25
2017.03.13 19:31:59.055,9.52617,9.52803,1.87,1.87
2017.03.13 19:31:59.206,9.526,9.52804,1.50,1.50
2017.03.13 19:31:59.257,9.52617,9.52804,1.12,1.50
2017.03.13 19:31:59.308,9.526,9.52804,1.50,1.50
2017.03.13 19:31:59.460,9.52609,9.52804,1.12,1.50
2017.03.13 19:31:59.764,9.52609,9.52799,1.12,1.50
2017.03.13 19:32:00.068,9.52613,9.52795,1.50,1.50
2017.03.13 19:32:00.408,9.52616,9.52795,1.87,1.50
2017.03.13 19:32:04.687,9.52611,9.52793,1.87,1.87
2017.03.13 19:32:05.156,9.52614,9.52793,1.87,1.87
2017.03.13 19:32:06.004,9.52616,9.52797,1.87,1.87
2017.03.13 19:32:06.055,9.52616,9.52797,1.87,1.87
2017.03.13 19:32:06.468,9.52616,9.52795,1.87,1.87
2017.03.13 19:32:07.709,9.52612,9.52793,1.87,1.87
2017.03.13 19:32:07.760,9.52612,9.52793,1.87,1.87
2017.03.13 19:32:09.626,9.52614,9.52797,1.87,1.87
2017.03.13 19:32:13.096,9.52614,9.52795,1.87,1.87
2017.03.13 19:32:13.631,9.52616,9.52795,1.87,1.87
2017.03.13 19:32:13.880,9.52607,9.52791,1.87,1.87
2017.03.13 19:32:14.261,9.526,9.52788,1.87,1.50
2017.03.13 19:32:14.363,9.526,9.52788,1.87,1.87
2017.03.13 19:32:14.714,9.52603,9.52788,1.87,1.87
2017.03.13 19:32:21.026,9.52598,9.52786,1.87,1.87
2017.03.13 19:32:21.285,9.52598,9.52794,1.87,1.87
2017.03.13 19:32:21.487,9.52604,9.52794,1.87,1.87
2017.03.13 19:32:21.855,9.52604,9.52791,1.87,1.87
2017.03.13 19:32:22.069,9.52607,9.528,1.87,1.87
2017.03.13 19:32:22.120,9.52599,9.528,1.50,1.87
2017.03.13 19:32:22.323,9.526,9.52804,1.00,3.00
2017.03.13 19:32:22.424,9.526,9.528,1.00,1.50
2017.03.13 19:32:22.728,9.52599,9.52805,1.00,3.75
2017.03.13 19:32:22.779,9.526,9.52797,1.00,1.50
2017.03.13 19:32:22.830,9.52599,9.52805,1.00,3.75
2017.03.13 19:32:22.982,9.526,9.528,1.00,1.00
2017.03.13 19:32:23.297,9.526,9.52792,1.00,1.50
2017.03.13 19:32:24.023,9.526,9.52797,1.00,1.50
2017.03.13 19:32:24.330,9.52596,9.52797,1.87,1.50
2017.03.13 19:32:24.381,9.52599,9.52798,1.00,1.50
2017.03.13 19:32:24.702,9.526,9.52795,1.00,1.87
2017.03.13 19:32:24.753,9.52596,9.52795,1.87,1.87
2017.03.13 19:32:24.855,9.52596,9.52795,1.87,1.87
2017.03.13 19:32:25.239,9.52596,9.52792,1.87,1.87
2017.03.13 19:32:25.558,9.52597,9.52792,1.87,1.87
2017.03.13 19:32:25.710,9.52596,9.52802,1.87,1.87
2017.03.13 19:32:26.015,9.526,9.52801,2.62,1.87
2017.03.13 19:32:26.320,9.526,9.52794,2.62,1.87
2017.03.13 19:32:26.656,9.52607,9.52794,1.87,1.87
2017.03.13 19:32:26.707,9.52607,9.52803,1.87,1.87
2017.03.13 19:32:27.124,9.52607,9.52797,1.87,1.87
2017.03.13 19:32:27.489,9.52609,9.52797,1.87,1.87
2017.03.13 19:32:27.918,9.52612,9.52797,1.87,1.87
2017.03.13 19:32:27.969,9.52612,9.52804,1.87,2.62
2017.03.13 19:32:28.444,9.52612,9.52801,1.87,1.87
2017.03.13 19:32:29.897,9.52612,9.52799,1.87,1.87
2017.03.13 19:32:31.605,9.52615,9.52799,1.87,1.87
2017.03.13 19:32:32.052,9.52607,9.52797,1.87,1.87
2017.03.13 19:32:32.204,9.52607,9.52804,1.87,2.62
2017.03.13 19:32:32.407,9.52615,9.52804,1.87,2.62
2017.03.13 19:32:32.918,9.52615,9.52803,1.87,1.87
2017.03.13 19:32:34.086,9.5261,9.52803,1.87,1.87
2017.03.13 19:32:34.615,9.52616,9.52804,1.87,2.62
2017.03.13 19:32:34.868,9.5261,9.52804,1.37,2.62
2017.03.13 19:32:34.919,9.5261,9.52801,1.37,1.12
2017.03.13 19:32:35.246,9.52608,9.52801,1.50,1.50
2017.03.13 19:32:35.605,9.52611,9.52801,1.87,1.50
2017.03.13 19:32:35.925,9.52603,9.52798,1.87,1.87
2017.03.13 19:32:35.976,9.52603,9.52804,1.87,2.62
2017.03.13 19:32:36.377,9.52613,9.52804,1.12,2.62
2017.03.13 19:32:36.682,9.52613,9.52804,1.50,3.75
2017.03.13 19:32:38.400,9.52615,9.52804,1.87,2.62
2017.03.13 19:32:38.887,9.52615,9.52804,1.87,2.62
2017.03.13 19:32:40.951,9.5261,9.52804,1.87,2.62
2017.03.13 19:32:41.434,9.52613,9.52804,1.87,2.62
2017.03.13 19:32:41.783,9.52613,9.52803,1.87,1.50
2017.03.13 19:32:42.247,9.52613,9.52801,1.87,1.87
2017.03.13 19:32:43.300,9.52613,9.52804,1.87,2.62
2017.03.13 19:32:43.763,9.52613,9.52804,1.87,2.62
2017.03.13 19:32:44.231,9.52613,9.52803,1.87,1.87
2017.03.13 19:32:44.741,9.52614,9.52804,1.87,1.87
2017.03.13 19:32:44.843,9.52606,9.52799,1.87,1.87
2017.03.13 19:32:45.713,9.52596,9.52796,1.37,1.50
2017.03.13 19:32:46.652,9.52596,9.52796,1.00,1.50
2017.03.13 19:32:46.754,9.52596,9.528,1.00,1.00
2017.03.13 19:32:46.805,9.52596,9.52796,1.00,1.50
2017.03.13 19:32:46.855,9.52596,9.528,1.00,1.00
2017.03.13 19:32:47.376,9.52596,9.52799,1.00,1.00
2017.03.13 19:32:47.987,9.52595,9.528,1.00,1.00
2017.03.13 19:32:48.554,9.52596,9.52799,1.00,1.00
2017.03.13 19:32:50.087,9.526,9.52804,1.35,2.25
2017.03.13 19:32:50.189,9.52596,9.52799,1.50,1.00
2017.03.13 19:32:51.807,9.526,9.52799,1.00,1.00
2017.03.13 19:32:52.073,9.52596,9.52799,1.00,1.00
2017.03.13 19:32:52.326,9.526,9.52799,1.00,1.00
2017.03.13 19:32:52.428,9.52596,9.52799,1.00,1.00
2017.03.13 19:32:52.990,9.52595,9.528,1.00,1.00
2017.03.13 19:32:53.356,9.526,9.52799,1.00,1.00
2017.03.13 19:32:53.633,9.52595,9.528,1.00,1.00
2017.03.13 19:32:54.150,9.52596,9.52799,1.00,1.00
2017.03.13 19:32:54.269,9.5259,9.52799,3.00,1.00
2017.03.13 19:32:54.370,9.52575,9.5278,1.87,1.00
2017.03.13 19:32:54.421,9.52569,9.52781,1.00,1.00
2017.03.13 19:32:54.523,9.5258,9.5278,1.00,1.00
2017.03.13 19:33:01.713,9.5258,9.52789,1.00,1.00
2017.03.13 19:33:02.252,9.52579,9.5279,1.50,1.00
2017.03.13 19:33:02.844,9.5258,9.52789,1.50,1.00
2017.03.13 19:33:11.914,9.5256,9.52735,1.00,2.05
2017.03.13 19:33:11.965,9.5255,9.52731,1.00,1.35
2017.03.13 19:33:12.016,9.5255,9.5275,1.00,1.00
2017.03.13 19:33:12.067,9.52551,9.52777,1.00,1.00
2017.03.13 19:33:12.118,9.5256,9.52777,1.00,1.00
2017.03.13 19:33:13.875,9.5256,9.52788,1.00,1.00
2017.03.13 19:33:14.495,9.52553,9.52788,1.42,1.00
2017.03.13 19:33:16.065,9.52556,9.5278,2.70,1.00
2017.03.13 19:33:16.375,9.52556,9.52788,1.05,1.00
2017.03.13 19:33:16.426,9.52556,9.52789,3.30,1.50
2017.03.13 19:33:17.054,9.52556,9.5278,3.07,1.00
2017.03.13 19:33:17.980,9.52557,9.52788,1.42,1.00
2017.03.13 19:33:18.139,9.5258,9.52788,1.00,1.00
2017.03.13 19:33:18.189,9.52569,9.52788,1.20,1.00
2017.03.13 19:33:18.719,9.5257,9.52788,1.00,1.00
2017.03.13 19:33:21.637,9.5257,9.5278,1.00,1.00
2017.03.13 19:33:21.941,9.5257,9.5276,1.00,1.00
2017.03.13 19:33:21.992,9.5256,9.5276,1.00,1.00
2017.03.13 19:33:22.043,9.5256,9.5277,1.45,1.50
2017.03.13 19:33:22.094,9.5256,9.5276,1.45,1.00
2017.03.13 19:33:25.419,9.52549,9.52761,1.20,1.00
2017.03.13 19:33:25.723,9.5255,9.5275,1.00,1.00
2017.03.13 19:33:26.033,9.5255,9.5276,1.45,1.00
2017.03.13 19:33:26.083,9.5255,9.5276,1.45,1.00
2017.03.13 19:33:28.086,9.5255,9.5276,1.80,1.00
2017.03.13 19:33:28.424,9.5255,9.5275,1.45,1.00
2017.03.13 19:33:28.475,9.5255,9.5275,1.45,1.00
2017.03.13 19:33:29.233,9.5255,9.5275,1.00,1.00
2017.03.13 19:33:29.335,9.5255,9.5275,1.45,1.00
2017.03.13 19:33:32.035,9.52549,9.52751,1.45,1.00
2017.03.13 19:33:32.642,9.5255,9.5275,1.45,1.00
2017.03.13 19:33:32.976,9.5255,9.5275,1.45,1.00
2017.03.13 19:33:33.078,9.5255,9.5275,1.45,1.00
2017.03.13 19:33:33.587,9.52549,9.52751,1.45,1.00
2017.03.13 19:33:34.162,9.52546,9.5275,1.00,1.00
2017.03.13 19:33:34.493,9.5255,9.5275,1.00,1.00
2017.03.13 19:33:36.084,9.52545,9.52741,1.00,1.00
2017.03.13 19:33:36.135,9.52545,9.52751,1.00,1.00
2017.03.13 19:33:36.673,9.52546,9.5274,1.00,1.00
2017.03.13 19:33:36.724,9.52546,9.5275,1.00,1.00
2017.03.13 19:33:36.775,9.52546,9.5275,1.45,1.00
2017.03.13 19:33:37.263,9.52546,9.5275,1.00,1.00
2017.03.13 19:33:37.667,9.52546,9.5275,1.45,1.00
2017.03.13 19:33:37.979,9.52559,9.52761,1.20,1.00
2017.03.13 19:33:38.513,9.5256,9.5276,1.00,1.00
2017.03.13 19:33:39.021,9.52546,9.52699,1.00,1.00
2017.03.13 19:33:39.123,9.52546,9.5274,1.00,1.00
2017.03.13 19:33:39.173,9.52546,9.5275,1.95,1.37
2017.03.13 19:33:39.225,9.52545,9.52751,1.95,1.00
2017.03.13 19:33:39.732,9.5255,9.5275,1.95,1.00
2017.03.13 19:33:41.111,9.52549,9.52761,1.45,1.00
2017.03.13 19:33:41.314,9.5256,9.5276,1.00,1.00
2017.03.13 19:33:41.617,9.5256,9.5275,1.00,1.00
2017.03.13 19:33:46.331,9.5256,9.5275,1.45,1.00
2017.03.13 19:33:46.712,9.5257,9.5275,1.00,1.00
2017.03.13 19:33:47.269,9.5257,9.5276,1.45,1.00
2017.03.13 19:33:47.997,9.5257,9.5276,1.00,1.00
2017.03.13 19:33:48.048,9.52546,9.5273,1.00,1.35
2017.03.13 19:33:48.099,9.52546,9.52724,1.00,1.30
2017.03.13 19:33:48.150,9.52546,9.5276,1.45,1.37
2017.03.13 19:33:48.201,9.52549,9.5276,1.05,1.00
2017.03.13 19:33:48.252,9.5256,9.5276,1.35,1.00
2017.03.13 19:33:49.507,9.5256,9.5276,1.45,1.00
2017.03.13 19:33:49.859,9.5257,9.5276,1.00,1.00
2017.03.13 19:33:49.910,9.5256,9.5276,1.45,1.00
2017.03.13 19:33:51.431,9.5257,9.5276,1.00,1.00
2017.03.13 19:33:52.917,9.52559,9.52761,1.45,1.00
2017.03.13 19:33:53.652,9.5257,9.5276,1.00,1.00
2017.03.13 19:33:53.964,9.5256,9.5276,1.45,1.00
2017.03.13 19:33:57.331,9.5256,9.5275,1.45,1.00
2017.03.13 19:33:57.848,9.52549,9.52751,1.45,1.00
2017.03.13 19:33:58.020,9.52549,9.52751,1.00,1.00
2017.03.13 19:33:59.671,9.52546,9.5275,1.45,1.00
2017.03.13 19:33:59.989,9.5255,9.5275,1.00,1.00
2017.03.13 19:34:04.234,9.52546,9.5274,1.45,1.00
2017.03.13 19:34:04.336,9.52546,9.5275,1.45,1.00
2017.03.13 19:34:04.437,9.52546,9.5275,1.00,1.00
2017.03.13 19:34:09.910,9.52545,9.52751,1.95,1.00
2017.03.13 19:34:10.062,9.52546,9.5274,1.00,1.00
2017.03.13 19:34:10.483,9.52545,9.52751,1.00,1.00
2017.03.13 19:34:10.736,9.5255,9.5274,1.00,1.00
2017.03.13 19:34:11.833,9.52559,9.52741,1.00,1.00
2017.03.13 19:34:12.036,9.5255,9.5274,1.00,1.00
2017.03.13 19:34:12.452,9.5256,9.5274,1.00,1.00
2017.03.13 19:34:12.864,9.5255,9.5274,1.00,1.00
2017.03.13 19:34:12.915,9.5256,9.5274,1.00,1.00
2017.03.13 19:34:12.966,9.5255,9.5274,1.00,1.00
2017.03.13 19:34:13.017,9.5256,9.5274,1.00,1.00
2017.03.13 19:34:13.871,9.5255,9.5274,1.00,1.00
2017.03.13 19:34:15.147,9.52546,9.5273,1.00,1.97
2017.03.13 19:34:15.198,9.52546,9.5272,1.00,1.05
2017.03.13 19:34:15.300,9.52546,9.5271,1.00,1.00
2017.03.13 19:34:15.871,9.52545,9.52711,1.00,1.00
2017.03.13 19:34:22.362,9.52546,9.527,1.00,1.00
2017.03.13 19:34:22.778,9.52546,9.5271,1.00,1.00
2017.03.13 19:34:23.293,9.52545,9.52711,1.00,1.00
2017.03.13 19:34:23.872,9.52546,9.5271,1.00,1.00
2017.03.13 19:34:24.179,9.52546,9.5264,1.00,1.87
2017.03.13 19:34:24.231,9.5254,9.5267,1.00,1.00
2017.03.13 19:34:24.358,9.52546,9.52684,1.00,1.12
2017.03.13 19:34:24.409,9.52485,9.5268,1.45,1.00
2017.03.13 19:34:24.460,9.52485,9.5268,1.00,1.00
2017.03.13 19:34:24.511,9.52485,9.5268,1.11,1.00
2017.03.13 19:34:24.562,9.52526,9.527,1.11,1.00
2017.03.13 19:34:24.613,9.52526,9.5271,1.71,1.00
2017.03.13 19:34:24.664,9.52546,9.52714,1.00,1.00
2017.03.13 19:34:24.766,9.52546,9.52729,1.00,1.00
2017.03.13 19:34:25.221,9.52546,9.5274,1.00,1.00
2017.03.13 19:34:25.272,9.52546,9.5275,1.00,1.00
2017.03.13 19:34:25.374,9.52556,9.5275,1.45,1.00
2017.03.13 19:34:25.778,9.52556,9.5276,1.45,1.00
2017.03.13 19:34:25.829,9.52556,9.5276,1.45,1.00
2017.03.13 19:34:26.133,9.52555,9.52751,1.45,1.00
2017.03.13 19:34:26.184,9.52556,9.5276,1.45,1.00
2017.03.13 19:34:26.770,9.52555,9.52751,1.45,1.00
2017.03.13 19:34:26.821,9.52556,9.5276,1.45,1.00
2017.03.13 19:34:27.217,9.52556,9.5275,1.45,1.00
2017.03.13 19:34:29.814,9.5257,9.5276,1.45,1.00
2017.03.13 19:34:29.865,9.52556,9.5275,1.45,1.00
2017.03.13 19:34:30.611,9.52555,9.52751,1.45,1.00
2017.03.13 19:34:31.122,9.5257,9.5275,1.45,1.00
2017.03.13 19:34:33.266,9.52536,9.52703,1.45,1.00
2017.03.13 19:34:33.368,9.52536,9.5272,1.00,1.60
2017.03.13 19:34:33.469,9.52536,9.5273,1.00,1.00
2017.03.13 19:34:33.520,9.52536,9.5272,1.00,1.00
2017.03.13 19:34:33.621,9.52536,9.5273,1.45,1.00
2017.03.13 19:34:33.925,9.52536,9.5274,1.45,1.00
2017.03.13 19:34:34.026,9.52536,9.5275,1.45,1.00
2017.03.13 19:34:34.077,9.52536,9.5275,1.45,1.00
2017.03.13 19:34:34.229,9.52536,9.5275,1.45,1.00
2017.03.13 19:34:36.509,9.52536,9.5274,1.45,1.00
2017.03.13 19:34:36.611,9.52536,9.5275,1.45,1.00
2017.03.13 19:34:41.739,9.52535,9.52751,1.45,1.00
2017.03.13 19:34:42.008,9.52536,9.52733,1.45,1.00
2017.03.13 19:34:42.059,9.5254,9.5274,1.20,1.00
2017.03.13 19:34:42.211,9.52536,9.5274,1.00,1.00
2017.03.13 19:34:42.262,9.52536,9.52737,1.00,1.00
2017.03.13 19:34:43.020,9.52535,9.52737,1.00,1.00
2017.03.13 19:34:43.541,9.52536,9.52737,1.00,1.00
2017.03.13 19:34:43.964,9.52536,9.52749,1.00,1.00
2017.03.13 19:34:44.016,9.52536,9.5274,1.45,1.00
2017.03.13 19:34:44.271,9.52536,9.52749,1.45,1.00
2017.03.13 19:34:44.372,9.52536,9.5274,1.45,1.00
2017.03.13 19:34:44.591,9.52536,9.52749,1.45,1.00
2017.03.13 19:34:44.692,9.52536,9.5274,1.45,1.00
2017.03.13 19:34:44.956,9.52536,9.52749,1.45,1.00
2017.03.13 19:34:46.215,9.52536,9.52749,1.20,1.12
2017.03.13 19:34:46.316,9.52536,9.5274,1.20,1.00
2017.03.13 19:34:46.418,9.52536,9.52749,1.20,1.00
2017.03.13 19:34:46.570,9.52536,9.52746,1.20,1.00
2017.03.13 19:34:46.874,9.52536,9.52749,1.45,1.00
2017.03.13 19:34:47.430,9.52535,9.5275,1.45,1.50
2017.03.13 19:34:47.979,9.52536,9.52749,1.45,1.00
2017.03.13 19:34:51.286,9.52536,9.52749,1.45,1.00
2017.03.13 19:34:51.388,9.5254,9.52749,1.00,1.00
2017.03.13 19:34:52.768,9.5255,9.52749,1.00,1.50
2017.03.13 19:34:52.869,9.5254,9.52749,1.00,1.50
2017.03.13 19:34:53.035,9.52541,9.52754,1.45,1.00
2017.03.13 19:34:53.614,9.52549,9.52755,1.45,1.00
2017.03.13 19:34:54.151,9.5255,9.52754,1.45,1.00
2017.03.13 19:34:54.664,9.52549,9.52755,1.45,1.37
2017.03.13 19:34:55.197,9.5255,9.52754,1.45,1.50
2017.03.13 19:34:56.175,9.52549,9.52755,1.45,1.00
2017.03.13 19:34:56.732,9.5255,9.52754,1.45,1.50
2017.03.13 19:34:58.173,9.52549,9.52755,1.45,1.00
2017.03.13 19:34:58.632,9.5255,9.52754,1.45,1.37
2017.03.13 19:34:59.461,9.5255,9.52754,1.45,1.00
2017.03.13 19:35:00.552,9.52549,9.52755,1.45,1.50
2017.03.13 19:35:01.101,9.5255,9.52754,1.45,2.25
2017.03.13 19:35:03.624,9.5255,9.52754,1.45,1.37
2017.03.13 19:35:05.498,9.5255,9.52754,1.45,2.62
2017.03.13 19:35:05.549,9.5255,9.52754,1.45,1.00
2017.03.13 19:35:06.812,9.5255,9.52754,1.45,1.37
2017.03.13 19:35:08.224,9.52549,9.52755,1.45,1.37
2017.03.13 19:35:08.871,9.5255,9.52754,1.45,1.00
2017.03.13 19:35:10.495,9.52549,9.52755,1.45,1.50
2017.03.13 19:35:10.597,9.5255,9.52754,1.45,1.37
2017.03.13 19:35:10.648,9.5255,9.52754,1.45,1.00
2017.03.13 19:35:11.677,9.5255,9.52754,1.45,1.37
2017.03.13 19:35:12.558,9.5255,9.52754,1.45,1.37
2017.03.13 19:35:18.631,9.5254,9.52755,1.45,1.37
2017.03.13 19:35:18.732,9.52541,9.52754,1.00,1.37
2017.03.13 19:35:19.128,9.52541,9.52754,1.00,1.00
2017.03.13 19:35:19.658,9.52541,9.52754,1.00,1.37
2017.03.13 19:35:19.883,9.5255,9.52754,1.00,1.37
2017.03.13 19:35:20.389,9.5255,9.52754,1.00,1.00
2017.03.13 19:35:20.893,9.52549,9.52755,1.00,1.00
2017.03.13 19:35:23.571,9.52566,9.52754,1.00,1.12
2017.03.13 19:35:23.724,9.5255,9.52754,1.00,1.37
2017.03.13 19:35:23.775,9.5255,9.52754,1.00,1.00
2017.03.13 19:35:24.195,9.52566,9.52753,1.00,1.12
2017.03.13 19:35:24.627,9.52565,9.52753,1.00,1.37
2017.03.13 19:35:24.678,9.52566,9.52753,1.00,1.00
2017.03.13 19:35:24.779,9.5256,9.52753,1.00,1.00
2017.03.13 19:35:25.414,9.52559,9.52753,1.00,1.00
2017.03.13 19:35:25.984,9.5256,9.52753,1.00,1.00
2017.03.13 19:35:27.835,9.5255,9.52753,1.00,1.75
2017.03.13 19:35:28.316,9.5255,9.52753,1.00,1.00
2017.03.13 19:35:28.756,9.5256,9.52753,1.00,1.00
2017.03.13 19:35:33.656,9.5255,9.52753,1.00,1.00
2017.03.13 19:35:33.707,9.5256,9.52753,1.00,1.00
2017.03.13 19:35:36.938,9.5255,9.52753,1.00,1.00
2017.03.13 19:35:37.039,9.5256,9.52753,1.00,1.00
2017.03.13 19:35:39.882,9.5255,9.52753,1.00,1.00
2017.03.13 19:35:39.933,9.52541,9.52753,1.00,1.00
2017.03.13 19:35:52.299,9.5255,9.52753,1.00,1.00
2017.03.13 19:35:52.650,9.5256,9.52753,1.00,1.00
2017.03.13 19:35:54.140,9.52549,9.52753,1.00,1.00
2017.03.13 19:35:54.191,9.5256,9.52754,1.00,1.00
2017.03.13 19:36:01.301,9.52559,9.52755,1.00,1.00
2017.03.13 19:36:01.833,9.5256,9.52754,1.00,1.00
2017.03.13 19:36:12.289,9.5255,9.52754,1.00,1.00
2017.03.13 19:36:12.340,9.52541,9.5275,1.00,1.00
2017.03.13 19:36:12.643,9.52541,9.52743,1.00,1.00
2017.03.13 19:36:58.166,9.52541,9.52743,1.37,1.00
2017.03.13 19:36:59.299,9.52541,9.52753,1.37,1.00
2017.03.13 19:36:59.350,9.52541,9.52743,1.37,2.20
2017.03.13 19:36:59.401,9.52541,9.52753,1.37,1.00
2017.03.13 19:36:59.823,9.5255,9.52753,1.00,1.00
2017.03.13 19:37:01.018,9.5255,9.52753,1.37,1.00
2017.03.13 19:37:01.482,9.52541,9.52753,1.00,1.00
2017.03.13 19:37:13.041,9.52546,9.52725,1.00,1.00
2017.03.13 19:37:15.526,9.52546,9.52743,1.50,1.00
2017.03.13 19:37:16.082,9.52545,9.52743,1.50,1.00
2017.03.13 19:37:19.751,9.52546,9.52743,1.50,1.00
2017.03.13 19:37:28.010,9.52546,9.52714,1.50,1.00
2017.03.13 19:37:28.314,9.52546,9.52711,1.50,1.00
2017.03.13 19:37:29.770,9.52546,9.52674,1.00,1.00
2017.03.13 19:37:30.023,9.52519,9.5267,1.00,1.00
2017.03.13 19:37:30.125,9.52478,9.52671,1.00,1.00
2017.03.13 19:37:30.176,9.52478,9.52655,1.00,1.00
2017.03.13 19:37:30.277,9.52447,9.52654,1.12,1.00
2017.03.13 19:37:30.328,9.52462,9.52654,1.00,1.00
2017.03.13 19:37:30.631,9.5245,9.52655,1.50,1.00
2017.03.13 19:37:31.290,9.5245,9.52654,1.50,1.00
2017.03.13 19:37:31.795,9.52439,9.52654,2.85,1.00
2017.03.13 19:37:31.846,9.5245,9.52654,1.00,1.00
2017.03.13 19:37:32.162,9.52436,9.52644,1.50,1.00
2017.03.13 19:37:32.213,9.5244,9.52644,1.00,1.00
2017.03.13 19:37:32.264,9.52436,9.52644,1.00,1.00
2017.03.13 19:37:32.315,9.52461,9.52645,1.00,1.00
2017.03.13 19:37:32.517,9.5245,9.52644,1.00,1.00
2017.03.13 19:37:32.619,9.52427,9.52634,1.00,1.00
2017.03.13 19:37:32.721,9.52416,9.52624,1.00,1.00
2017.03.13 19:37:32.772,9.5242,9.52624,1.00,1.00
2017.03.13 19:37:32.823,9.52411,9.52624,1.00,1.00
2017.03.13 19:37:32.874,9.5242,9.52624,1.00,1.00
2017.03.13 19:37:33.177,9.5243,9.52624,1.00,1.00
2017.03.13 19:37:33.228,9.5242,9.52634,1.50,1.50
2017.03.13 19:37:33.517,9.5243,9.52634,1.00,1.50
2017.03.13 19:37:33.877,9.5244,9.52634,1.00,1.00
2017.03.13 19:37:34.276,9.5243,9.52634,1.00,1.00
2017.03.13 19:37:34.377,9.5244,9.52634,1.00,1.00
2017.03.13 19:37:34.637,9.5243,9.52634,1.00,1.00
2017.03.13 19:37:34.739,9.5244,9.52634,1.00,1.00
2017.03.13 19:37:34.790,9.5244,9.5265,1.00,1.00
2017.03.13 19:37:34.841,9.5244,9.5265,1.37,1.00
2017.03.13 19:37:35.305,9.5245,9.5265,1.00,1.00
2017.03.13 19:37:35.560,9.5244,9.5265,1.37,1.00
2017.03.13 19:37:37.481,9.5244,9.5265,1.00,1.00
2017.03.13 19:37:38.139,9.5244,9.5264,1.00,1.00
2017.03.13 19:37:44.223,9.5244,9.5265,1.00,1.00
2017.03.13 19:37:44.475,9.5244,9.52641,1.00,1.00
2017.03.13 19:37:50.331,9.5245,9.52658,1.00,1.00
2017.03.13 19:37:50.938,9.5245,9.52659,1.00,1.00
2017.03.13 19:37:51.089,9.5245,9.52648,1.00,1.00
2017.03.13 19:37:51.463,9.52446,9.52648,1.00,1.00
2017.03.13 19:37:51.701,9.5245,9.52648,1.00,1.00
2017.03.13 19:37:52.114,9.52445,9.52648,1.00,1.00
2017.03.13 19:37:52.441,9.5244,9.52648,1.00,1.00
2017.03.13 19:37:54.776,9.5243,9.52648,1.87,1.00
2017.03.13 19:37:55.598,9.5243,9.5265,1.87,1.00
2017.03.13 19:37:56.101,9.52429,9.52649,1.87,1.00
2017.03.13 19:37:57.110,9.5243,9.52634,1.87,1.00
2017.03.13 19:37:57.161,9.5242,9.52634,1.37,1.50
2017.03.13 19:37:57.262,9.5242,9.52625,1.00,1.00
2017.03.13 19:38:08.651,9.52423,9.52634,1.37,1.00
2017.03.13 19:38:12.616,9.52423,9.52634,1.37,1.00
2017.03.13 19:38:19.416,9.5242,9.52624,1.37,1.00
2017.03.13 19:38:19.618,9.52418,9.52624,1.00,1.00
2017.03.13 19:38:19.669,9.52418,9.52614,1.00,1.00
2017.03.13 19:38:19.973,9.52418,9.52605,1.00,1.00
2017.03.13 19:38:20.074,9.524,9.52605,1.00,1.00
2017.03.13 19:38:20.560,9.52406,9.52605,1.00,1.00
2017.03.13 19:38:21.310,9.5241,9.52605,1.00,1.00
2017.03.13 19:38:21.560,9.52406,9.52605,1.00,1.00
2017.03.13 19:38:23.282,9.5243,9.52605,1.00,1.00
2017.03.13 19:38:23.333,9.5243,9.52614,1.00,1.00
2017.03.13 19:38:23.810,9.5244,9.52614,1.00,1.00
2017.03.13 19:38:23.861,9.5244,9.5262,1.00,1.00
2017.03.13 19:38:25.357,9.52412,9.5262,1.37,1.00
2017.03.13 19:38:25.408,9.52412,9.52616,1.37,1.00
2017.03.13 19:38:30.824,9.52412,9.52616,1.00,1.00
2017.03.13 19:38:30.875,9.52412,9.52605,1.00,1.00
2017.03.13 19:38:31.077,9.52394,9.52605,1.37,1.00
2017.03.13 19:38:32.584,9.52381,9.52605,1.37,1.00
2017.03.13 19:38:32.890,9.5238,9.52594,1.00,1.50
2017.03.13 19:38:33.194,9.5237,9.52584,1.75,1.00
2017.03.13 19:38:35.186,9.52356,9.5252,1.37,1.00
2017.03.13 19:38:35.288,9.5234,9.52549,1.37,1.37
2017.03.13 19:38:35.452,9.5234,9.52559,1.37,1.00
2017.03.13 19:38:35.503,9.52346,9.52566,2.62,1.00
2017.03.13 19:38:35.554,9.52346,9.52566,2.62,1.00
2017.03.13 19:38:35.706,9.52329,9.52525,1.00,1.00
2017.03.13 19:38:35.757,9.52329,9.52542,1.00,1.00
2017.03.13 19:38:35.808,9.52321,9.52542,1.75,1.00
2017.03.13 19:38:35.858,9.52356,9.52572,1.12,1.00
2017.03.13 19:38:35.909,9.52356,9.52572,1.37,1.00
2017.03.13 19:38:36.213,9.52373,9.5259,1.35,1.00
2017.03.13 19:38:36.617,9.52366,9.5259,2.62,1.00
2017.03.13 19:38:36.769,9.52363,9.5259,1.12,1.00
2017.03.13 19:38:36.870,9.5237,9.5259,1.37,1.00
2017.03.13 19:38:41.292,9.5238,9.526,1.37,1.00
2017.03.13 19:38:41.343,9.5238,9.52605,1.37,1.00
2017.03.13 19:38:41.439,9.5238,9.52605,1.37,1.00
2017.03.13 19:38:41.743,9.5238,9.52605,1.37,1.00
2017.03.13 19:38:42.436,9.5238,9.526,1.37,1.00
2017.03.13 19:38:42.931,9.5238,9.526,1.37,1.00
2017.03.13 19:38:42.982,9.52379,9.52594,1.37,1.00
2017.03.13 19:38:43.349,9.5237,9.52584,1.37,1.00
2017.03.13 19:38:44.561,9.52362,9.52544,1.00,1.00
2017.03.13 19:38:44.612,9.52362,9.52567,1.00,1.00
2017.03.13 19:38:44.754,9.52356,9.52574,1.37,1.00
2017.03.13 19:38:44.856,9.52339,9.52564,1.37,1.00
2017.03.13 19:38:46.155,9.5236,9.52574,1.37,1.00
2017.03.13 19:38:48.099,9.5236,9.52579,1.37,1.00
2017.03.13 19:38:48.152,9.5237,9.52597,1.37,1.00
2017.03.13 19:38:57.218,9.5238,9.52599,1.37,1.50
2017.03.13 19:39:15.446,9.52356,9.52547,1.00,1.00
2017.03.13 19:39:15.649,9.5232,9.52543,1.37,1.00
2017.03.13 19:39:15.700,9.52319,9.52543,1.37,1.00
2017.03.13 19:39:15.751,9.5235,9.52567,1.37,1.00
2017.03.13 19:39:15.801,9.52349,9.52567,1.37,1.00
2017.03.13 19:39:15.852,9.52373,9.52576,1.37,1.00
2017.03.13 19:39:15.903,9.52354,9.52561,1.00,1.00
2017.03.13 19:39:15.954,9.52341,9.52535,1.00,1.00
2017.03.13 19:39:16.005,9.52341,9.52563,1.00,1.00
2017.03.13 19:39:16.056,9.52358,9.52563,1.37,1.00
2017.03.13 19:39:16.360,9.52374,9.52563,1.37,1.00
2017.03.13 19:39:16.461,9.52385,9.52581,1.37,1.00
2017.03.13 19:39:16.764,9.52385,9.52592,1.37,1.00
2017.03.13 19:39:17.867,9.52385,9.52598,1.37,1.00
2017.03.13 19:39:21.978,9.5237,9.52594,1.37,1.00
2017.03.13 19:39:22.029,9.5237,9.52593,1.37,1.00
2017.03.13 19:39:22.081,9.5237,9.52584,1.37,1.00
2017.03.13 19:39:22.844,9.5238,9.52609,1.37,1.00
2017.03.13 19:39:22.895,9.5238,9.52611,1.37,1.00
2017.03.13 19:39:22.946,9.52396,9.52611,1.37,1.00
2017.03.13 19:39:23.078,9.52396,9.52627,1.37,1.00
2017.03.13 19:39:23.129,9.52406,9.52627,1.37,1.00
2017.03.13 19:39:23.432,9.5239,9.52615,1.75,1.00
2017.03.13 19:39:23.736,9.52379,9.52601,1.75,1.00
2017.03.13 19:39:24.260,9.5238,9.526,1.37,1.00
2017.03.13 19:39:24.561,9.5238,9.52594,1.37,1.00
2017.03.13 19:39:26.178,9.5239,9.526,1.37,1.00
2017.03.13 19:39:28.959,9.52399,9.52604,1.00,1.00
2017.03.13 19:39:29.267,9.5241,9.52604,1.00,1.00
2017.03.13 19:39:29.546,9.5239,9.52604,1.37,1.00
2017.03.13 19:39:29.698,9.524,9.52604,1.00,1.00
2017.03.13 19:39:29.800,9.52389,9.52604,1.37,1.00
2017.03.13 19:39:30.624,9.524,9.52604,1.00,1.00
2017.03.13 19:39:30.967,9.5241,9.52604,1.00,1.00
2017.03.13 19:39:31.018,9.524,9.52604,1.00,1.00
2017.03.13 19:39:31.120,9.5241,9.52604,1.00,1.00
2017.03.13 19:39:32.442,9.524,9.52604,1.00,1.00
2017.03.13 19:39:32.544,9.5241,9.52604,1.00,1.00
2017.03.13 19:39:35.298,9.5242,9.52604,1.00,1.00
2017.03.13 19:39:35.349,9.5242,9.52618,1.00,1.00
2017.03.13 19:39:35.809,9.5241,9.52618,1.00,1.00
2017.03.13 19:39:42.782,9.5241,9.52608,1.00,1.00
2017.03.13 19:39:43.035,9.5239,9.52608,1.37,1.00
2017.03.13 19:39:43.086,9.5239,9.52596,1.37,1.00
2017.03.13 19:39:43.390,9.524,9.52596,1.00,1.00
2017.03.13 19:39:43.514,9.5239,9.52596,1.37,1.00
2017.03.13 19:39:52.918,9.524,9.52596,1.00,1.00
2017.03.13 19:39:53.488,9.5239,9.52596,1.37,1.00
2017.03.13 19:39:54.239,9.524,9.52596,1.00,1.00
2017.03.13 19:39:55.957,9.52399,9.52596,1.00,1.00
2017.03.13 19:39:56.566,9.524,9.52596,1.00,1.00
2017.03.13 19:39:58.706,9.524,9.52608,1.37,1.00
2017.03.13 19:39:58.757,9.5241,9.52608,1.00,1.00
2017.03.13 19:39:59.055,9.524,9.52608,1.37,1.00
2017.03.13 19:40:01.578,9.5239,9.52607,1.37,1.00
2017.03.13 19:40:02.270,9.524,9.52607,1.00,1.00
2017.03.13 19:40:02.566,9.5239,9.52607,1.37,1.00
2017.03.13 19:40:02.617,9.5239,9.52607,1.37,1.00
2017.03.13 19:40:03.021,9.5241,9.52607,1.00,1.00
2017.03.13 19:40:03.568,9.524,9.52607,1.37,1.00
2017.03.13 19:40:10.205,9.524,9.52625,1.87,1.50
2017.03.13 19:40:10.646,9.52413,9.52643,1.37,1.00
2017.03.13 19:40:10.748,9.52413,9.52643,1.37,1.00
2017.03.13 19:40:11.526,9.5243,9.52643,1.37,1.00
2017.03.13 19:40:11.830,9.52436,9.52643,1.37,1.00
2017.03.13 19:40:12.514,9.52436,9.52657,1.37,1.60
2017.03.13 19:40:12.565,9.52429,9.52648,1.87,1.35
2017.03.13 19:40:15.883,9.5244,9.52659,1.37,1.00
2017.03.13 19:40:16.035,9.5244,9.52659,1.37,1.60
2017.03.13 19:40:16.359,9.5244,9.52659,1.37,1.60
2017.03.13 19:40:16.736,9.5244,9.5265,1.37,1.00
2017.03.13 19:40:17.306,9.5244,9.52634,1.37,1.00
2017.03.13 19:40:17.357,9.5243,9.52625,1.37,1.00
2017.03.13 19:40:17.662,9.5244,9.52625,1.00,1.00
2017.03.13 19:40:17.814,9.52429,9.52625,1.37,1.00
2017.03.13 19:40:18.792,9.5243,9.52615,1.00,1.00
2017.03.13 19:40:18.843,9.5242,9.52615,1.00,1.00
2017.03.13 19:40:19.045,9.5242,9.52629,1.37,1.00
2017.03.13 19:40:19.372,9.5243,9.52631,1.37,1.00
2017.03.13 19:40:19.627,9.5242,9.52629,1.37,1.00
2017.03.13 19:40:21.149,9.5242,9.52629,1.12,1.00
2017.03.13 19:40:21.566,9.52409,9.52629,1.37,1.00
2017.03.13 19:40:21.617,9.5241,9.52614,1.12,1.00
2017.03.13 19:40:25.779,9.524,9.52614,1.00,1.00
2017.03.13 19:40:26.149,9.524,9.52615,1.37,1.00
2017.03.13 19:40:26.488,9.5241,9.52615,1.00,1.00
2017.03.13 19:40:29.642,9.524,9.52615,1.37,1.00
2017.03.13 19:40:29.693,9.5241,9.52615,1.00,1.00
2017.03.13 19:40:29.795,9.524,9.52615,1.37,1.00
2017.03.13 19:40:29.846,9.52399,9.52614,1.00,1.00
2017.03.13 19:40:29.897,9.52399,9.52605,1.00,1.00
2017.03.13 19:40:30.288,9.5239,9.52605,1.37,1.00
2017.03.13 19:40:30.987,9.524,9.52605,1.00,1.00
2017.03.13 19:40:31.418,9.5239,9.52605,1.37,1.00
2017.03.13 19:40:31.566,9.5239,9.52594,1.00,1.00
2017.03.13 19:40:31.820,9.5238,9.52594,1.37,1.00
2017.03.13 19:40:32.248,9.5239,9.52594,1.00,1.00
2017.03.13 19:40:32.552,9.5239,9.52584,1.00,1.00
2017.03.13 19:40:34.025,9.52379,9.52584,1.00,1.00
2017.03.13 19:40:34.075,9.5239,9.52584,1.00,1.00
2017.03.13 19:40:34.344,9.5238,9.52584,1.00,1.00
2017.03.13 19:40:34.395,9.5239,9.52584,1.00,1.00
2017.03.13 19:40:35.639,9.52389,9.52584,1.00,1.00
2017.03.13 19:40:36.193,9.5239,9.52584,1.00,1.00
2017.03.13 19:40:37.333,9.5239,9.52595,1.00,1.00
2017.03.13 19:40:38.044,9.52389,9.52595,1.00,1.00
2017.03.13 19:40:38.622,9.524,9.52595,1.00,1.00
2017.03.13 19:40:38.673,9.5239,9.52595,1.00,1.00
2017.03.13 19:40:38.724,9.5239,9.52605,1.00,1.00
2017.03.13 19:40:38.775,9.524,9.52605,1.00,1.00
2017.03.13 19:40:39.374,9.52399,9.52605,1.00,1.00
2017.03.13 19:40:39.981,9.5239,9.52605,1.00,1.00
2017.03.13 19:40:40.032,9.524,9.52605,1.00,1.00
2017.03.13 19:40:40.302,9.52389,9.52605,1.00,1.00
2017.03.13 19:40:40.352,9.524,9.52605,1.00,1.00
2017.03.13 19:40:41.261,9.5239,9.52605,1.37,1.00
2017.03.13 19:40:41.312,9.524,9.52605,1.00,1.00
2017.03.13 19:40:41.586,9.5239,9.52605,1.37,1.00
2017.03.13 19:40:41.687,9.524,9.52605,1.00,1.00
2017.03.13 19:40:42.216,9.5239,9.52605,1.37,1.00
2017.03.13 19:40:42.573,9.5239,9.52605,1.00,1.00
2017.03.13 19:40:42.692,9.5239,9.52605,1.37,1.00
2017.03.13 19:40:42.853,9.5239,9.52605,1.00,1.00
2017.03.13 19:40:42.955,9.5239,9.52605,1.37,1.00
2017.03.13 19:40:43.172,9.5239,9.52605,1.00,1.00
2017.03.13 19:40:43.326,9.5239,9.52606,1.37,1.00
2017.03.13 19:40:43.490,9.5239,9.52606,1.00,1.00
2017.03.13 19:40:43.598,9.5239,9.52605,1.37,1.00
2017.03.13 19:40:43.823,9.5239,9.52608,1.37,1.00
2017.03.13 19:40:43.874,9.524,9.52608,1.37,1.00
2017.03.13 19:40:43.976,9.5239,9.52604,1.37,1.00
2017.03.13 19:40:44.026,9.524,9.52604,1.00,1.00
2017.03.13 19:40:44.280,9.5239,9.52604,1.37,1.00
2017.03.13 19:40:45.084,9.5239,9.52604,1.00,1.00
2017.03.13 19:40:45.135,9.5239,9.526,1.00,1.00
2017.03.13 19:40:45.186,9.5238,9.52592,1.37,1.00
2017.03.13 19:40:45.802,9.52399,9.52592,1.00,1.00
2017.03.13 19:40:46.061,9.5239,9.52592,1.00,1.00
2017.03.13 19:40:46.699,9.524,9.52592,1.00,1.00
2017.03.13 19:40:46.750,9.5239,9.52592,1.00,1.00
2017.03.13 19:40:47.030,9.524,9.52592,1.00,1.00
2017.03.13 19:40:47.081,9.52389,9.52592,1.00,1.00
2017.03.13 19:40:47.360,9.524,9.52592,1.00,1.00
2017.03.13 19:40:47.411,9.5239,9.52592,1.00,1.00
2017.03.13 19:40:47.672,9.524,9.52592,1.00,1.00
2017.03.13 19:40:47.723,9.5239,9.52592,1.00,1.00
2017.03.13 19:40:47.992,9.524,9.52592,1.00,1.00
2017.03.13 19:40:48.043,9.5239,9.52592,1.00,1.00
2017.03.13 19:40:48.724,9.5239,9.52602,1.00,1.00
2017.03.13 19:40:50.669,9.5239,9.52602,1.37,1.00
2017.03.13 19:40:50.720,9.524,9.52602,1.00,1.00
2017.03.13 19:40:50.770,9.5239,9.52602,1.37,1.00
2017.03.13 19:40:50.997,9.524,9.52602,1.00,1.00
2017.03.13 19:40:51.048,9.5239,9.52602,1.37,1.00
2017.03.13 19:40:51.307,9.52399,9.52602,1.00,1.00
2017.03.13 19:40:51.409,9.5239,9.52602,1.37,1.00
2017.03.13 19:40:51.666,9.524,9.52602,1.00,1.00
2017.03.13 19:40:51.717,9.5239,9.52602,1.00,1.00
2017.03.13 19:40:51.984,9.524,9.52603,1.00,1.00
2017.03.13 19:40:52.035,9.5239,9.52603,1.00,1.00
2017.03.13 19:40:52.270,9.5238,9.52602,1.00,1.00
2017.03.13 19:40:52.321,9.5239,9.52602,1.00,1.00
2017.03.13 19:40:52.792,9.5238,9.52595,1.00,1.00
2017.03.13 19:40:52.842,9.5238,9.52584,1.00,1.00
2017.03.13 19:40:52.995,9.5238,9.52594,1.00,1.00
2017.03.13 19:40:53.096,9.5238,9.52584,1.00,1.00
2017.03.13 19:40:53.147,9.5237,9.52584,1.00,1.00
2017.03.13 19:40:53.333,9.5237,9.52574,1.00,1.00
2017.03.13 19:40:53.434,9.5237,9.52585,1.00,1.00
2017.03.13 19:40:54.071,9.5238,9.52585,1.00,1.00
2017.03.13 19:40:54.573,9.52379,9.52585,1.00,1.00
2017.03.13 19:40:54.675,9.5238,9.52595,1.00,1.87
2017.03.13 19:40:54.776,9.5238,9.52584,1.00,1.50
2017.03.13 19:40:55.080,9.5238,9.52574,1.00,1.00
2017.03.13 19:40:55.427,9.5238,9.52589,1.00,1.00
2017.03.13 19:40:55.694,9.5239,9.52589,1.00,1.00
2017.03.13 19:40:55.795,9.52379,9.52589,1.00,1.00
2017.03.13 19:40:56.409,9.5238,9.52589,1.00,1.00
2017.03.13 19:40:57.456,9.5238,9.52587,1.00,1.00
2017.03.13 19:40:59.153,9.5237,9.52587,1.37,1.00
2017.03.13 19:40:59.204,9.52369,9.52589,1.37,1.00
2017.03.13 19:40:59.420,9.5239,9.52598,1.00,1.00
2017.03.13 19:40:59.471,9.5238,9.52598,1.00,1.00
2017.03.13 19:40:59.572,9.5238,9.52589,1.00,1.00
2017.03.13 19:40:59.886,9.5239,9.52589,1.00,1.00
2017.03.13 19:41:00.272,9.5238,9.52589,1.00,1.00
2017.03.13 19:41:01.114,9.5238,9.52598,1.00,1.00
2017.03.13 19:41:01.165,9.5239,9.52598,1.00,1.00
2017.03.13 19:41:01.777,9.5238,9.52598,1.00,1.00
2017.03.13 19:41:02.102,9.52389,9.52598,1.00,1.00
2017.03.13 19:41:02.153,9.5238,9.52598,1.00,1.00
2017.03.13 19:41:02.370,9.52379,9.52588,1.00,1.00
2017.03.13 19:41:02.682,9.5238,9.52598,1.00,1.00
2017.03.13 19:41:02.733,9.5239,9.52598,1.00,1.00
2017.03.13 19:41:02.785,9.5238,9.52598,1.00,1.00
2017.03.13 19:41:02.886,9.5238,9.52584,1.00,1.00
2017.03.13 19:41:03.224,9.5238,9.52594,1.00,1.00
2017.03.13 19:41:03.328,9.5238,9.52584,1.00,1.00
2017.03.13 19:41:03.530,9.5237,9.52584,1.00,1.00
2017.03.13 19:41:03.582,9.5236,9.52574,1.37,1.00
2017.03.13 19:41:03.883,9.5235,9.52554,1.00,1.00
2017.03.13 19:41:04.035,9.5234,9.52554,1.37,1.00
2017.03.13 19:41:04.289,9.5237,9.52554,1.00,1.00
2017.03.13 19:41:04.557,9.5236,9.52564,1.00,1.00
2017.03.13 19:41:04.885,9.5236,9.52554,1.00,1.00
2017.03.13 19:41:05.290,9.5235,9.52554,1.00,1.00
2017.03.13 19:41:06.159,9.5235,9.52565,1.00,1.00
2017.03.13 19:41:06.210,9.5236,9.52578,1.37,1.00
2017.03.13 19:41:06.363,9.5239,9.52604,1.00,1.00
2017.03.13 19:41:06.414,9.5239,9.52604,1.37,1.00
2017.03.13 19:41:06.465,9.5239,9.52604,1.00,1.00
2017.03.13 19:41:06.618,9.5239,9.52594,1.00,1.00
2017.03.13 19:41:06.771,9.5238,9.52594,1.37,1.00
2017.03.13 19:41:07.024,9.5239,9.52594,1.00,1.00
2017.03.13 19:41:07.277,9.5238,9.52594,1.37,1.00
2017.03.13 19:41:07.380,9.5238,9.52584,1.00,1.00
2017.03.13 19:41:07.481,9.5238,9.52594,1.37,1.50
2017.03.13 19:41:07.785,9.5239,9.52594,1.00,1.50
2017.03.13 19:41:07.937,9.5238,9.52594,1.37,1.50
2017.03.13 19:41:08.102,9.5239,9.52594,1.00,1.00
2017.03.13 19:41:08.405,9.524,9.52594,1.00,1.50
2017.03.13 19:41:08.811,9.52389,9.52594,1.00,1.50
2017.03.13 19:41:09.343,9.5239,9.52594,1.00,1.50
2017.03.13 19:41:11.172,9.5238,9.52594,1.37,1.00
2017.03.13 19:41:11.510,9.524,9.52594,1.00,1.00
2017.03.13 19:41:11.560,9.5239,9.52594,1.37,1.00
2017.03.13 19:41:11.612,9.5239,9.52594,1.00,1.50
2017.03.13 19:41:11.814,9.5238,9.52594,1.37,1.50
2017.03.13 19:41:11.966,9.5238,9.52594,1.87,1.50
2017.03.13 19:41:12.068,9.5238,9.52594,1.37,1.50
2017.03.13 19:41:12.549,9.5238,9.52594,1.00,1.50
2017.03.13 19:41:12.601,9.5239,9.52591,1.00,1.00
2017.03.13 19:41:13.574,9.5238,9.52591,1.37,1.00
2017.03.13 19:41:13.677,9.5238,9.52591,1.00,1.00
2017.03.13 19:41:13.880,9.5238,9.52584,1.00,1.00
2017.03.13 19:41:14.561,9.5239,9.52584,1.00,1.00
2017.03.13 19:41:14.836,9.524,9.52604,1.00,1.00
2017.03.13 19:41:15.393,9.52399,9.52604,1.37,1.00
2017.03.13 19:41:15.495,9.524,9.52604,1.00,1.00
2017.03.13 19:41:15.749,9.5239,9.52604,1.37,1.00
2017.03.13 19:41:15.800,9.5239,9.52604,1.37,1.00
2017.03.13 19:41:16.072,9.5239,9.52604,1.37,1.00
2017.03.13 19:41:16.173,9.524,9.52604,1.00,1.00
2017.03.13 19:41:16.348,9.524,9.52617,1.00,1.00
2017.03.13 19:41:16.399,9.524,9.52617,1.37,1.00
2017.03.13 19:41:16.698,9.524,9.52607,1.00,1.00
2017.03.13 19:41:17.177,9.524,9.52607,1.37,1.00
2017.03.13 19:41:17.591,9.52399,9.52607,1.00,1.00
2017.03.13 19:41:18.151,9.524,9.52607,1.00,1.00
2017.03.13 19:41:18.685,9.524,9.52608,1.00,1.00
2017.03.13 19:41:18.736,9.524,9.52607,1.37,1.00
2017.03.13 19:41:19.251,9.52399,9.52608,1.00,1.00
2017.03.13 19:41:19.402,9.52399,9.52607,1.37,1.00
2017.03.13 19:41:19.942,9.52399,9.52607,1.00,1.00
2017.03.13 19:41:20.043,9.52399,9.52607,1.37,1.00
2017.03.13 19:41:20.357,9.5241,9.52607,1.00,1.00
2017.03.13 19:41:20.617,9.524,9.52607,1.37,1.00
2017.03.13 19:41:20.668,9.5241,9.52607,1.00,1.00
2017.03.13 19:41:20.891,9.524,9.52607,1.37,1.00
2017.03.13 19:41:20.993,9.5241,9.52607,1.00,1.00
2017.03.13 19:41:21.215,9.524,9.52607,1.37,1.00
2017.03.13 19:41:21.266,9.5241,9.52607,1.00,1.00
2017.03.13 19:41:21.545,9.524,9.52607,1.37,1.00
2017.03.13 19:41:21.596,9.5241,9.52607,1.00,1.00
2017.03.13 19:41:21.805,9.524,9.52618,1.37,1.00
2017.03.13 19:41:21.856,9.524,9.52629,1.37,1.00
2017.03.13 19:41:21.907,9.5242,9.52629,1.37,1.00
2017.03.13 19:41:22.157,9.5242,9.52641,1.00,1.00
2017.03.13 19:41:22.208,9.5242,9.52626,1.00,1.00
2017.03.13 19:41:22.864,9.5242,9.52626,1.37,1.00
2017.03.13 19:41:23.016,9.52419,9.52626,1.00,1.00
2017.03.13 19:41:23.067,9.5241,9.52627,1.56,1.00
2017.03.13 19:41:23.118,9.5242,9.52627,1.37,1.00
2017.03.13 19:41:23.219,9.5242,9.52625,1.00,1.00
2017.03.13 19:41:23.270,9.5241,9.52625,1.37,1.00
2017.03.13 19:41:23.524,9.5242,9.52625,1.00,1.00
2017.03.13 19:41:24.015,9.5242,9.52614,1.00,1.00
2017.03.13 19:41:24.117,9.5241,9.52614,1.00,1.00
2017.03.13 19:41:24.370,9.5241,9.52604,1.00,1.00
2017.03.13 19:41:24.623,9.5241,9.52614,1.00,1.00
2017.03.13 19:41:24.775,9.5242,9.52614,1.00,1.00
2017.03.13 19:41:25.079,9.5242,9.52624,1.00,1.12
2017.03.13 19:41:25.231,9.5243,9.52624,1.00,1.00
2017.03.13 19:41:25.282,9.5242,9.52624,1.00,1.00
2017.03.13 19:41:25.434,9.5242,9.52614,1.00,1.00
2017.03.13 19:41:25.535,9.524,9.52614,1.87,1.00
2017.03.13 19:41:25.637,9.524,9.52604,1.00,1.00
2017.03.13 19:41:25.963,9.5239,9.52594,1.00,1.00
2017.03.13 19:41:26.064,9.52379,9.52584,1.00,1.00
2017.03.13 19:41:26.366,9.52379,9.52594,1.00,1.00
2017.03.13 19:41:26.670,9.52379,9.52584,1.00,1.00
2017.03.13 19:41:26.772,9.5238,9.52594,1.00,1.00
2017.03.13 19:41:26.873,9.5238,9.52584,1.00,1.00
2017.03.13 19:41:27.181,9.5238,9.52594,1.00,1.00
2017.03.13 19:41:27.232,9.5239,9.52594,1.00,1.00
2017.03.13 19:41:27.536,9.524,9.52594,1.00,1.00
2017.03.13 19:41:27.843,9.524,9.52584,1.00,1.00
2017.03.13 19:41:27.950,9.5239,9.52594,1.00,1.00
2017.03.13 19:41:28.172,9.5239,9.52584,1.00,1.00
2017.03.13 19:41:28.852,9.5238,9.52584,1.00,1.00
2017.03.13 19:41:29.158,9.5238,9.52593,1.00,1.00
2017.03.13 19:41:29.259,9.5238,9.52584,1.00,1.00
2017.03.13 19:41:29.614,9.5238,9.52574,1.00,1.00
2017.03.13 19:41:29.917,9.5239,9.52584,1.00,1.00
2017.03.13 19:41:30.069,9.5238,9.52584,1.00,1.00
2017.03.13 19:41:30.373,9.5238,9.52574,1.00,1.00
2017.03.13 19:41:30.584,9.5237,9.52574,1.00,1.00
2017.03.13 19:41:30.874,9.5236,9.52574,1.00,1.00
2017.03.13 19:41:30.976,9.5237,9.52574,1.00,1.00
2017.03.13 19:41:31.027,9.5236,9.52574,1.00,1.00
2017.03.13 19:41:31.280,9.5237,9.52574,1.00,1.00
2017.03.13 19:41:31.773,9.5236,9.52574,1.37,1.00
2017.03.13 19:41:31.824,9.5237,9.52574,1.00,1.00
2017.03.13 19:41:31.875,9.5237,9.52584,1.00,1.00
2017.03.13 19:41:31.926,9.5237,9.52581,1.00,1.00
2017.03.13 19:41:32.229,9.5238,9.52581,1.00,1.00
2017.03.13 19:41:32.488,9.5237,9.52574,1.00,1.00
2017.03.13 19:41:32.713,9.5238,9.52574,1.00,1.00
2017.03.13 19:41:32.815,9.52359,9.52574,1.00,1.00
2017.03.13 19:41:33.316,9.5237,9.52574,1.00,1.00
2017.03.13 19:41:34.091,9.5237,9.52565,1.00,1.00
2017.03.13 19:41:34.192,9.5237,9.52574,1.00,1.00
2017.03.13 19:41:34.293,9.5238,9.52564,1.00,1.00
2017.03.13 19:41:34.395,9.52379,9.52574,1.00,1.00
2017.03.13 19:41:34.547,9.5238,9.52584,1.00,1.00
2017.03.13 19:41:34.648,9.5238,9.52575,1.00,1.00
2017.03.13 19:41:34.750,9.5238,9.52584,1.00,1.00
2017.03.13 19:41:35.094,9.5237,9.52584,1.00,1.00
2017.03.13 19:41:35.195,9.5238,9.52584,1.00,1.00
2017.03.13 19:41:35.347,9.5237,9.52581,1.00,1.00
2017.03.13 19:41:35.583,9.52379,9.52581,1.00,1.00
2017.03.13 19:41:35.684,9.5238,9.52584,1.00,1.00
2017.03.13 19:41:35.786,9.5238,9.52574,1.00,1.00
2017.03.13 19:41:36.066,9.5237,9.52574,1.00,1.00
2017.03.13 19:41:36.419,9.5238,9.52574,1.00,1.00
2017.03.13 19:41:36.520,9.5237,9.52574,1.00,1.00
2017.03.13 19:41:40.121,9.5237,9.52588,1.00,1.00
2017.03.13 19:41:40.388,9.5237,9.52574,1.00,1.00
2017.03.13 19:41:40.893,9.5236,9.52564,1.00,1.00
2017.03.13 19:41:44.946,9.5236,9.52574,1.12,1.00
2017.03.13 19:41:45.098,9.5236,9.52565,1.00,1.00
2017.03.13 19:41:45.392,9.5236,9.52574,1.12,1.00
2017.03.13 19:41:45.544,9.5237,9.52574,1.00,1.00
2017.03.13 19:41:45.786,9.52359,9.52574,1.37,1.00
2017.03.13 19:41:48.431,9.52359,9.52575,1.37,1.00
2017.03.13 19:41:48.985,9.5236,9.52575,1.37,1.50
2017.03.13 19:41:49.368,9.5236,9.52574,1.00,1.00
2017.03.13 19:41:49.469,9.5236,9.52564,1.00,1.00
2017.03.13 19:41:49.763,9.52359,9.52574,1.00,1.00
2017.03.13 19:41:49.915,9.52359,9.52564,1.00,1.00
2017.03.13 19:41:50.489,9.5236,9.52564,1.00,1.00
2017.03.13 19:41:50.815,9.5237,9.52564,1.00,1.00
2017.03.13 19:41:50.866,9.52369,9.52574,1.00,1.00
2017.03.13 19:41:51.316,9.5236,9.52574,1.00,1.00
2017.03.13 19:42:03.154,9.5236,9.52572,1.00,1.00
2017.03.13 19:42:03.844,9.5235,9.52572,1.37,1.00
2017.03.13 19:42:04.127,9.5236,9.52572,1.00,1.00
2017.03.13 19:42:04.714,9.5235,9.52572,1.37,1.00
2017.03.13 19:42:04.917,9.5236,9.52572,1.00,1.00
2017.03.13 19:42:05.221,9.5236,9.52564,1.00,1.00
2017.03.13 19:42:05.608,9.5235,9.52564,1.37,1.00
2017.03.13 19:42:05.660,9.5237,9.52577,1.37,1.50
2017.03.13 19:42:06.681,9.5237,9.52584,1.37,1.00
2017.03.13 19:42:06.927,9.5237,9.52584,1.00,1.00
2017.03.13 19:42:07.029,9.5237,9.52578,1.00,1.00
2017.03.13 19:42:07.330,9.5236,9.52578,1.37,1.00
2017.03.13 19:42:07.432,9.5236,9.52578,1.37,1.00
2017.03.13 19:42:07.799,9.5237,9.52578,1.00,1.00
2017.03.13 19:42:09.207,9.52369,9.52578,1.00,1.00
2017.03.13 19:42:09.796,9.5237,9.52578,1.00,1.00
2017.03.13 19:42:11.072,9.52369,9.52578,1.00,1.00
2017.03.13 19:42:11.602,9.5237,9.52578,1.00,1.00
2017.03.13 19:42:12.085,9.5238,9.52578,1.00,1.00
2017.03.13 19:42:12.137,9.5237,9.52578,1.00,1.00
2017.03.13 19:42:12.392,9.5238,9.52578,1.00,1.00
2017.03.13 19:42:12.442,9.5237,9.52578,1.00,1.00
2017.03.13 19:42:12.744,9.5237,9.52578,1.37,1.00
2017.03.13 19:42:13.072,9.5238,9.52578,1.00,1.00
2017.03.13 19:42:13.123,9.5237,9.52578,1.37,1.00
2017.03.13 19:42:13.816,9.5238,9.52578,1.00,1.00
2017.03.13 19:42:15.920,9.5238,9.52585,1.00,1.00
2017.03.13 19:42:15.971,9.5237,9.52585,1.37,1.00
2017.03.13 19:42:16.022,9.5237,9.52578,1.37,1.00
2017.03.13 19:42:16.073,9.5238,9.52595,1.37,1.00
2017.03.13 19:42:16.279,9.5238,9.52606,1.37,1.00
2017.03.13 19:42:16.330,9.5238,9.52595,1.37,1.00
2017.03.13 19:42:16.634,9.5238,9.52604,1.56,1.00
2017.03.13 19:42:16.735,9.5238,9.52606,2.06,1.00
2017.03.13 19:42:17.241,9.5238,9.52605,2.06,1.00
2017.03.13 19:42:17.343,9.5238,9.52595,2.06,1.00
2017.03.13 19:42:17.444,9.5239,9.52608,1.37,1.50
2017.03.13 19:42:17.750,9.52399,9.52608,1.00,1.00
2017.03.13 19:42:18.053,9.5239,9.52604,1.37,1.00
2017.03.13 19:42:18.363,9.5239,9.52608,1.37,1.00
2017.03.13 19:42:18.514,9.5239,9.52618,1.37,1.00
2017.03.13 19:42:18.565,9.5239,9.52614,1.37,1.00
2017.03.13 19:42:19.225,9.524,9.52618,1.37,1.00
2017.03.13 19:42:20.058,9.524,9.52624,1.37,1.00
2017.03.13 19:42:20.159,9.5241,9.52624,1.37,1.00
2017.03.13 19:42:20.362,9.52409,9.52635,1.37,1.50
2017.03.13 19:42:20.413,9.5242,9.52635,1.37,1.50
2017.03.13 19:42:20.616,9.5242,9.52635,1.37,1.00
2017.03.13 19:42:20.718,9.52419,9.52634,1.00,1.00
2017.03.13 19:42:20.819,9.5241,9.52634,1.37,1.00
2017.03.13 19:42:21.206,9.5241,9.52635,1.37,1.00
2017.03.13 19:42:21.510,9.5241,9.52626,1.37,1.00
2017.03.13 19:42:21.612,9.52409,9.52626,1.00,1.00
2017.03.13 19:42:21.713,9.524,9.52626,1.37,1.00
2017.03.13 19:42:22.177,9.5241,9.52626,1.00,1.00
2017.03.13 19:42:22.228,9.524,9.52626,1.37,1.00
2017.03.13 19:42:22.279,9.5241,9.52626,1.37,1.00
2017.03.13 19:42:24.110,9.5241,9.52626,1.00,1.00
2017.03.13 19:42:24.312,9.524,9.52626,1.37,1.00
2017.03.13 19:42:24.414,9.524,9.52627,1.37,1.00
2017.03.13 19:42:25.030,9.52399,9.52614,1.37,1.00
2017.03.13 19:42:25.333,9.5241,9.52624,1.12,1.00
2017.03.13 19:42:27.619,9.524,9.52624,1.00,1.00
2017.03.13 19:42:27.720,9.524,9.52624,1.37,1.00
2017.03.13 19:42:28.501,9.5241,9.52624,1.00,1.00
2017.03.13 19:42:29.030,9.524,9.52624,1.37,1.00
2017.03.13 19:42:29.970,9.5241,9.52624,1.00,1.00
2017.03.13 19:42:30.484,9.524,9.52624,1.37,1.00
2017.03.13 19:42:34.804,9.5241,9.52624,1.00,1.00
2017.03.13 19:42:35.310,9.524,9.52624,1.37,1.00
2017.03.13 19:42:35.770,9.524,9.52614,1.37,1.00
2017.03.13 19:42:35.821,9.524,9.52614,1.00,1.00
2017.03.13 19:42:35.922,9.5239,9.52605,1.37,1.00
2017.03.13 19:42:36.276,9.5238,9.52604,1.87,1.00
2017.03.13 19:42:36.953,9.5238,9.52604,1.87,1.00
2017.03.13 19:42:37.275,9.5238,9.52605,1.87,1.00
2017.03.13 19:42:38.519,9.5239,9.52605,1.00,1.00
2017.03.13 19:42:39.066,9.5238,9.52605,1.87,1.00
2017.03.13 19:42:39.180,9.5239,9.52605,1.00,1.00
2017.03.13 19:42:39.601,9.5239,9.52605,1.37,1.00
2017.03.13 19:42:39.769,9.5239,9.52604,1.00,1.00
2017.03.13 19:42:39.921,9.5239,9.52604,1.37,1.00
2017.03.13 19:42:40.409,9.5239,9.52605,1.00,1.00
2017.03.13 19:42:40.560,9.5239,9.52605,1.37,1.00
2017.03.13 19:42:40.770,9.5239,9.52604,1.00,1.00
2017.03.13 19:42:40.871,9.5239,9.52604,1.37,1.00
2017.03.13 19:42:41.044,9.5239,9.52604,1.00,1.00
2017.03.13 19:42:41.365,9.5238,9.52604,1.87,1.00
2017.03.13 19:42:41.416,9.5239,9.52604,1.37,1.00
2017.03.13 19:42:41.675,9.5239,9.52604,1.00,1.00
2017.03.13 19:42:41.827,9.5239,9.52604,1.37,1.00
2017.03.13 19:42:41.998,9.5239,9.52604,1.00,1.00
2017.03.13 19:42:43.353,9.5239,9.52604,1.37,1.00
2017.03.13 19:42:43.632,9.5239,9.52604,1.00,1.00
2017.03.13 19:42:43.734,9.5239,9.52604,1.37,1.00
2017.03.13 19:42:43.964,9.5239,9.52604,1.00,1.00
2017.03.13 19:42:44.065,9.5239,9.52604,1.37,1.00
2017.03.13 19:42:44.263,9.5239,9.52604,1.00,1.00
2017.03.13 19:42:44.365,9.5239,9.52604,1.37,1.00
2017.03.13 19:42:44.554,9.5239,9.52604,1.00,1.00
2017.03.13 19:42:44.706,9.5239,9.52604,1.37,1.00
2017.03.13 19:42:44.872,9.5239,9.52604,1.00,1.00
2017.03.13 19:42:45.024,9.5239,9.52604,1.37,1.00
2017.03.13 19:42:45.192,9.5239,9.52604,1.00,1.00
2017.03.13 19:42:45.344,9.5239,9.52604,1.37,1.00
2017.03.13 19:42:45.615,9.5238,9.52604,1.12,1.00
2017.03.13 19:42:45.666,9.5238,9.52594,1.12,1.00
2017.03.13 19:42:46.789,9.5237,9.52584,1.00,1.00
2017.03.13 19:42:47.094,9.5237,9.52584,1.37,1.00
2017.03.13 19:42:47.411,9.5237,9.52599,1.37,1.00
2017.03.13 19:42:47.461,9.5237,9.52599,1.37,1.00
2017.03.13 19:42:48.251,9.52369,9.52602,1.37,1.50
2017.03.13 19:42:48.928,9.5237,9.52601,1.37,1.00
2017.03.13 19:42:48.979,9.5237,9.52585,1.37,1.00
2017.03.13 19:42:49.506,9.5237,9.52584,1.37,1.00
2017.03.13 19:42:50.579,9.5237,9.52585,1.00,1.50
2017.03.13 19:42:50.882,9.5236,9.52574,1.00,1.00
2017.03.13 19:42:51.086,9.52334,9.52574,1.75,1.00
2017.03.13 19:42:51.187,9.52334,9.52564,1.75,1.00
2017.03.13 19:42:51.288,9.52334,9.52564,1.75,1.00
2017.03.13 19:42:51.642,9.5233,9.52564,1.87,1.00
2017.03.13 19:42:52.001,9.5233,9.52565,4.50,1.00
2017.03.13 19:42:52.153,9.5234,9.52564,1.37,1.00
2017.03.13 19:42:52.530,9.5236,9.52564,1.00,1.00
2017.03.13 19:42:52.683,9.5236,9.52571,1.00,1.00
2017.03.13 19:42:52.734,9.5236,9.52571,1.37,1.00
2017.03.13 19:42:53.106,9.5237,9.52571,1.00,1.00
2017.03.13 19:42:53.409,9.5237,9.5256,1.00,1.00
2017.03.13 19:42:53.511,9.5237,9.52575,1.00,1.00
2017.03.13 19:42:53.586,9.5237,9.52562,1.00,1.00
2017.03.13 19:42:54.959,9.5237,9.52578,1.00,1.00
2017.03.13 19:42:55.192,9.5237,9.52578,1.37,1.00
2017.03.13 19:42:56.894,9.5237,9.52592,1.37,1.00
2017.03.13 19:42:56.945,9.5237,9.52599,1.37,1.00
2017.03.13 19:42:57.047,9.52379,9.52599,1.00,1.00
2017.03.13 19:42:57.098,9.5238,9.52584,1.00,1.00
2017.03.13 19:42:57.199,9.5238,9.52594,1.37,1.00
2017.03.13 19:42:59.082,9.5237,9.52585,1.37,1.00
2017.03.13 19:42:59.284,9.5238,9.52585,1.00,1.00
2017.03.13 19:42:59.436,9.5237,9.52585,1.37,1.00
2017.03.13 19:42:59.487,9.5238,9.52585,1.00,1.00
2017.03.13 19:42:59.538,9.5237,9.52585,1.37,1.00
2017.03.13 19:42:59.640,9.5237,9.52596,1.37,1.00
2017.03.13 19:42:59.691,9.5238,9.52596,1.37,1.00
2017.03.13 19:42:59.792,9.5238,9.52596,1.00,1.00
2017.03.13 19:42:59.843,9.5237,9.52596,1.37,1.00
2017.03.13 19:43:00.096,9.5237,9.52585,1.37,1.00
2017.03.13 19:43:00.563,9.5238,9.52585,1.00,1.00
2017.03.13 19:43:00.816,9.5237,9.52585,1.37,1.00
2017.03.13 19:43:00.972,9.5237,9.52585,1.00,1.00
2017.03.13 19:43:01.128,9.5237,9.52574,1.00,1.00
2017.03.13 19:43:01.569,9.5236,9.52574,1.37,1.00
2017.03.13 19:43:01.622,9.5236,9.52584,1.37,1.00
2017.03.13 19:43:01.774,9.5237,9.52584,1.00,1.00
2017.03.13 19:43:02.416,9.5237,9.52574,1.00,1.00
2017.03.13 19:43:02.670,9.5238,9.52585,1.00,1.00
2017.03.13 19:43:03.044,9.5237,9.52585,1.00,1.00
2017.03.13 19:43:03.325,9.5237,9.52584,1.37,1.00
2017.03.13 19:43:03.427,9.5237,9.52584,1.00,1.00
2017.03.13 19:43:06.884,9.5238,9.52584,1.00,1.00
2017.03.13 19:43:07.135,9.5237,9.52584,1.00,1.00
2017.03.13 19:43:07.660,9.52369,9.52584,1.00,1.00
2017.03.13 19:43:07.850,9.52369,9.52584,1.37,1.00
2017.03.13 19:43:15.146,9.5237,9.52584,1.00,1.00
2017.03.13 19:43:15.298,9.5237,9.52584,1.37,1.00
2017.03.13 19:43:15.552,9.5237,9.52584,1.00,1.00
2017.03.13 19:43:15.653,9.5237,9.52584,1.37,1.00
2017.03.13 19:43:15.870,9.5237,9.52584,1.00,1.00
2017.03.13 19:43:18.094,9.5237,9.52584,1.37,1.00
2017.03.13 19:43:18.397,9.5238,9.52584,1.00,1.00
2017.03.13 19:43:18.498,9.5238,9.52591,1.00,1.00
2017.03.13 19:43:18.752,9.5238,9.52591,1.37,1.00
2017.03.13 19:43:19.720,9.5237,9.52591,1.37,1.00
2017.03.13 19:43:19.771,9.5237,9.52584,1.37,1.00
2017.03.13 19:43:21.265,9.5237,9.52591,1.37,1.00
2017.03.13 19:43:21.417,9.5238,9.52601,1.37,1.00
2017.03.13 19:43:21.569,9.52379,9.52601,1.37,1.00
2017.03.13 19:43:21.822,9.5238,9.52601,1.37,1.00
2017.03.13 19:43:22.025,9.5238,9.52601,1.37,1.00
2017.03.13 19:43:22.076,9.5238,9.52594,1.37,1.00
2017.03.13 19:43:25.303,9.5238,9.52601,1.00,1.00
2017.03.13 19:43:25.469,9.5239,9.52601,1.37,1.00
2017.03.13 19:43:27.777,9.5238,9.52604,1.37,1.00
2017.03.13 19:43:29.174,9.5238,9.52605,1.37,1.00
2017.03.13 19:43:29.502,9.5238,9.52594,1.37,1.00
2017.03.13 19:43:34.945,9.5238,9.52602,1.37,1.00
2017.03.13 19:43:35.276,9.5238,9.52594,1.37,1.00
2017.03.13 19:43:35.886,9.5238,9.52602,1.37,1.00
2017.03.13 19:43:38.759,9.5238,9.52602,1.37,1.00
2017.03.13 19:43:38.861,9.5238,9.52602,1.37,1.00
2017.03.13 19:43:42.815,9.52384,9.52604,1.37,1.00
2017.03.13 19:43:42.916,9.5238,9.52608,1.87,1.00
2017.03.13 19:43:43.018,9.5238,9.52604,1.87,1.00
2017.03.13 19:43:43.866,9.5238,9.52595,1.37,1.00
2017.03.13 19:43:43.968,9.52384,9.52608,1.37,1.00
2017.03.13 19:43:46.185,9.5237,9.52608,2.25,1.00
2017.03.13 19:43:46.237,9.5239,9.52608,1.00,1.00
2017.03.13 19:43:46.288,9.5238,9.52608,1.50,1.00
2017.03.13 19:43:46.339,9.5238,9.52594,1.00,1.00
2017.03.13 19:43:46.491,9.5237,9.52585,1.00,1.00
2017.03.13 19:43:46.542,9.5238,9.52585,1.00,1.00
2017.03.13 19:43:46.592,9.5236,9.52574,1.00,1.00
2017.03.13 19:43:46.694,9.5237,9.52574,1.00,1.00
2017.03.13 19:43:46.847,9.52359,9.52565,1.00,1.00
2017.03.13 19:43:46.898,9.5237,9.52565,1.00,1.00
2017.03.13 19:43:47.315,9.52359,9.52564,1.00,1.00
2017.03.13 19:43:47.476,9.5237,9.52574,1.00,1.00
2017.03.13 19:43:47.527,9.5236,9.52574,1.00,1.00
2017.03.13 19:43:47.578,9.5237,9.52574,1.00,1.00
2017.03.13 19:43:47.629,9.5236,9.52574,1.00,1.00
2017.03.13 19:43:47.730,9.5237,9.52574,1.00,1.00
2017.03.13 19:43:47.781,9.5236,9.52574,1.00,1.00
2017.03.13 19:43:47.832,9.5237,9.52574,1.00,1.00
2017.03.13 19:43:47.933,9.5236,9.52574,1.00,1.00
2017.03.13 19:43:47.984,9.5236,9.52564,1.00,1.00
2017.03.13 19:43:48.136,9.5236,9.52575,1.00,1.00
2017.03.13 19:43:48.288,9.52369,9.52575,1.00,1.00
2017.03.13 19:43:48.795,9.5237,9.52575,1.00,1.00
2017.03.13 19:43:48.899,9.5236,9.52575,1.00,1.00
2017.03.13 19:43:48.950,9.5237,9.52575,1.00,1.00
2017.03.13 19:43:49.052,9.5236,9.52575,1.00,1.00
2017.03.13 19:43:49.338,9.5235,9.52564,1.00,1.00
2017.03.13 19:43:49.771,9.5236,9.52564,1.00,1.00
2017.03.13 19:43:49.923,9.5236,9.52574,1.00,1.00
2017.03.13 19:43:50.024,9.5237,9.52574,1.00,1.00
2017.03.13 19:43:50.566,9.5236,9.52574,1.00,1.00
2017.03.13 19:43:50.617,9.5236,9.52578,1.00,1.00
2017.03.13 19:43:50.719,9.5236,9.52564,1.00,1.00
2017.03.13 19:43:50.915,9.5236,9.52576,1.00,1.00
2017.03.13 19:43:50.966,9.5237,9.52576,1.00,1.00
2017.03.13 19:43:51.017,9.5236,9.52576,1.00,1.00
2017.03.13 19:43:51.282,9.5237,9.52576,1.00,1.00
2017.03.13 19:43:51.333,9.5236,9.52576,1.00,1.00
2017.03.13 19:43:51.597,9.5237,9.52576,1.00,1.00
2017.03.13 19:43:51.648,9.5236,9.52576,1.00,1.00
2017.03.13 19:43:51.917,9.5237,9.52576,1.00,1.00
2017.03.13 19:43:51.968,9.5236,9.52576,1.00,1.00
2017.03.13 19:43:52.069,9.5237,9.52576,1.00,1.00
2017.03.13 19:43:52.609,9.52369,9.52576,1.00,1.00
2017.03.13 19:43:53.161,9.5237,9.52576,1.00,1.00
2017.03.13 19:43:55.897,9.52369,9.52576,1.00,1.00
2017.03.13 19:43:56.419,9.5237,9.52576,1.00,1.00
2017.03.13 19:43:56.927,9.52369,9.52576,1.00,1.00
2017.03.13 19:43:57.432,9.5237,9.52576,1.00,1.00
2017.03.13 19:43:57.836,9.5236,9.52576,1.00,1.00
2017.03.13 19:43:58.139,9.5237,9.52576,1.00,1.00
2017.03.13 19:43:58.495,9.5236,9.52576,1.00,1.00
2017.03.13 19:43:58.820,9.5237,9.52576,1.00,1.00
2017.03.13 19:43:59.213,9.5236,9.52576,1.00,1.00
2017.03.13 19:43:59.483,9.5237,9.52576,1.00,1.00
2017.03.13 19:43:59.534,9.5236,9.52576,1.00,1.00
2017.03.13 19:43:59.786,9.5237,9.52576,1.00,1.00
2017.03.13 19:43:59.837,9.5236,9.52576,1.00,1.00
2017.03.13 19:44:00.113,9.5237,9.52576,1.00,1.00
2017.03.13 19:44:00.164,9.5236,9.52576,1.00,1.00
2017.03.13 19:44:00.425,9.5237,9.52576,1.00,1.00
2017.03.13 19:44:00.829,9.52369,9.52578,1.00,1.00
2017.03.13 19:44:00.930,9.52369,9.52574,1.00,1.00
2017.03.13 19:44:01.143,9.5237,9.52578,1.00,1.00
2017.03.13 19:44:01.350,9.5237,9.52574,1.00,1.00
2017.03.13 19:44:01.502,9.5236,9.52574,1.00,1.00
2017.03.13 19:44:01.603,9.5237,9.52574,1.00,1.00
2017.03.13 19:44:01.755,9.5237,9.52578,1.00,1.00
2017.03.13 19:44:01.806,9.5236,9.52578,1.00,1.00
2017.03.13 19:44:01.857,9.5236,9.52574,1.00,1.00
2017.03.13 19:44:02.409,9.5237,9.52574,1.00,1.00
2017.03.13 19:44:02.510,9.52359,9.52574,1.00,1.00
2017.03.13 19:44:02.561,9.5237,9.52574,1.00,1.00
2017.03.13 19:44:02.881,9.52359,9.52561,1.00,1.00
2017.03.13 19:44:02.932,9.52359,9.52574,1.00,1.50
2017.03.13 19:44:03.084,9.5237,9.52574,1.00,1.00
2017.03.13 19:44:03.387,9.5236,9.52574,1.00,1.00
2017.03.13 19:44:03.439,9.5237,9.52574,1.00,1.00
2017.03.13 19:44:03.490,9.5236,9.52574,1.00,1.00
2017.03.13 19:44:03.541,9.5237,9.52574,1.00,1.00
2017.03.13 19:44:03.592,9.52359,9.52574,1.00,1.00
2017.03.13 19:44:03.643,9.52369,9.52574,1.00,1.00
2017.03.13 19:44:04.070,9.5236,9.52574,1.00,1.00
2017.03.13 19:44:04.309,9.5236,9.52576,1.00,1.00
2017.03.13 19:44:04.464,9.5236,9.52574,1.00,1.00
2017.03.13 19:44:04.629,9.5236,9.52576,1.00,1.00
2017.03.13 19:44:04.680,9.5237,9.52576,1.00,1.00
2017.03.13 19:44:04.730,9.5236,9.52576,1.00,1.00
2017.03.13 19:44:05.122,9.5235,9.52564,1.00,1.00
2017.03.13 19:44:05.449,9.5236,9.52576,1.00,1.00
2017.03.13 19:44:05.752,9.5237,9.52576,1.00,1.00
2017.03.13 19:44:06.540,9.52359,9.52576,1.00,1.00
2017.03.13 19:44:07.162,9.5236,9.52576,1.00,1.50
2017.03.13 19:44:07.315,9.5235,9.52563,1.00,1.00
2017.03.13 19:44:07.793,9.5237,9.52563,1.00,1.00
2017.03.13 19:44:07.844,9.52359,9.52563,1.00,1.00
2017.03.13 19:44:08.064,9.5235,9.52563,1.00,1.00
2017.03.13 19:44:08.305,9.52349,9.52573,1.00,1.00
2017.03.13 19:44:09.045,9.5236,9.52573,1.00,1.00
2017.03.13 19:44:10.025,9.5235,9.52573,1.00,1.00
2017.03.13 19:44:10.445,9.52359,9.52573,1.00,1.00
2017.03.13 19:44:11.143,9.5236,9.52573,1.00,1.00
2017.03.13 19:44:12.889,9.5236,9.52572,1.00,1.00
2017.03.13 19:44:13.249,9.5235,9.52572,1.00,1.00
2017.03.13 19:44:13.574,9.5236,9.52572,1.00,1.00
2017.03.13 19:44:13.625,9.5235,9.52572,1.00,1.00
2017.03.13 19:44:13.676,9.5236,9.52572,1.00,1.00
2017.03.13 19:44:13.942,9.5237,9.52583,1.00,1.00
2017.03.13 19:44:13.993,9.5238,9.52568,1.00,1.00
2017.03.13 19:44:14.094,9.5238,9.52583,1.00,1.00
2017.03.13 19:44:14.347,9.5237,9.52583,1.00,1.00
2017.03.13 19:44:14.398,9.5238,9.52583,1.00,1.00
2017.03.13 19:44:14.551,9.5238,9.52586,1.00,1.00
2017.03.13 19:44:14.753,9.5238,9.52584,1.00,1.00
2017.03.13 19:44:14.863,9.5237,9.52586,1.00,1.00
2017.03.13 19:44:14.964,9.5237,9.52584,1.00,1.00
2017.03.13 19:44:15.270,9.5237,9.52586,1.00,1.00
2017.03.13 19:44:15.620,9.5237,9.52582,1.00,1.00
2017.03.13 19:44:15.924,9.5238,9.52567,1.00,1.00
2017.03.13 19:44:16.278,9.5237,9.52567,1.00,1.00
2017.03.13 19:44:16.540,9.5237,9.52574,1.00,1.00
2017.03.13 19:44:16.642,9.5236,9.52574,1.00,1.00
2017.03.13 19:44:16.869,9.5237,9.52574,1.00,1.00
2017.03.13 19:44:16.920,9.5236,9.52574,1.00,1.00
2017.03.13 19:44:17.297,9.5237,9.52574,1.00,1.00
2017.03.13 19:44:17.499,9.5237,9.52581,1.00,1.00
2017.03.13 19:44:17.601,9.5237,9.52574,1.00,1.00
2017.03.13 19:44:17.812,9.5237,9.52581,1.00,1.00
2017.03.13 19:44:18.065,9.5236,9.52581,1.00,1.00
2017.03.13 19:44:18.116,9.5236,9.52574,1.00,1.00
2017.03.13 19:44:18.422,9.5236,9.52581,1.00,1.00
2017.03.13 19:44:18.473,9.5236,9.52576,1.00,1.00
2017.03.13 19:44:18.865,9.5237,9.52574,1.00,1.00
2017.03.13 19:44:19.035,9.5237,9.52576,1.00,1.00
2017.03.13 19:44:19.136,9.5236,9.52576,1.00,1.00
2017.03.13 19:44:19.504,9.5236,9.52574,1.00,1.00
2017.03.13 19:44:21.315,9.5237,9.52574,1.00,1.00
2017.03.13 19:44:21.366,9.5236,9.52574,1.00,1.00
2017.03.13 19:44:21.591,9.5237,9.52574,1.00,1.00
2017.03.13 19:44:21.795,9.5236,9.52574,1.00,1.00
2017.03.13 19:44:22.063,9.5237,9.52574,1.00,1.00
2017.03.13 19:44:22.215,9.5237,9.52576,1.00,1.00
2017.03.13 19:44:22.620,9.5238,9.52568,1.00,1.00
2017.03.13 19:44:22.672,9.5238,9.52588,1.00,1.00
2017.03.13 19:44:23.088,9.5237,9.52588,1.00,1.00
2017.03.13 19:44:23.290,9.5238,9.52588,1.00,1.00
2017.03.13 19:44:23.543,9.5237,9.52584,1.00,1.00
2017.03.13 19:44:24.147,9.5238,9.52584,1.00,1.00
2017.03.13 19:44:24.788,9.52379,9.5257,1.00,1.00
2017.03.13 19:44:24.839,9.5237,9.52568,1.00,1.00
2017.03.13 19:44:24.940,9.5237,9.52585,1.00,1.00
2017.03.13 19:44:25.344,9.5238,9.52584,1.00,1.00
2017.03.13 19:44:25.749,9.5237,9.52584,1.00,1.00
2017.03.13 19:44:25.800,9.5238,9.52584,1.00,1.00
2017.03.13 19:44:26.072,9.5237,9.52584,1.00,1.00
2017.03.13 19:44:26.123,9.5238,9.52584,1.00,1.00
2017.03.13 19:44:26.515,9.5237,9.52585,1.00,1.00
2017.03.13 19:44:26.718,9.5237,9.52567,1.00,1.00
2017.03.13 19:44:26.819,9.5237,9.52574,1.00,1.00
2017.03.13 19:44:27.021,9.5237,9.52581,1.00,1.00
2017.03.13 19:44:27.281,9.5238,9.52581,1.00,1.00
2017.03.13 19:44:27.789,9.5237,9.52581,1.00,1.00
2017.03.13 19:44:28.315,9.5237,9.52582,1.00,1.00
2017.03.13 19:44:29.310,9.5238,9.52582,1.00,1.00
2017.03.13 19:44:29.564,9.5237,9.52582,1.00,1.00
2017.03.13 19:44:29.614,9.5238,9.52582,1.00,1.00
2017.03.13 19:44:29.817,9.5237,9.52582,1.00,1.00
2017.03.13 19:44:29.918,9.5238,9.52582,1.00,1.00
2017.03.13 19:44:29.969,9.5237,9.52582,1.00,1.00
2017.03.13 19:44:30.232,9.5238,9.52582,1.00,1.00
2017.03.13 19:44:30.283,9.5237,9.52582,1.00,1.00
2017.03.13 19:44:30.608,9.52379,9.52582,1.00,1.00
2017.03.13 19:44:30.659,9.5237,9.52582,1.00,1.00
2017.03.13 19:44:30.869,9.52379,9.52582,1.00,1.00
2017.03.13 19:44:30.919,9.5237,9.52582,1.00,1.00
2017.03.13 19:44:31.187,9.5238,9.52582,1.00,1.00
2017.03.13 19:44:31.238,9.5237,9.52582,1.00,1.00
2017.03.13 19:44:31.498,9.5238,9.52582,1.00,1.00
2017.03.13 19:44:31.549,9.5237,9.52582,1.00,1.00
2017.03.13 19:44:31.815,9.5238,9.52582,1.00,1.00
2017.03.13 19:44:31.866,9.5237,9.52582,1.00,1.00
2017.03.13 19:44:32.131,9.5238,9.52582,1.00,1.00
2017.03.13 19:44:32.182,9.5237,9.52582,1.00,1.00
2017.03.13 19:44:32.458,9.5238,9.52582,1.00,1.00
2017.03.13 19:44:32.509,9.5237,9.52582,1.00,1.00
2017.03.13 19:44:32.777,9.52379,9.52582,1.00,1.00
2017.03.13 19:44:32.828,9.5237,9.52582,1.00,1.00
2017.03.13 19:44:33.094,9.5238,9.52582,1.00,1.00
2017.03.13 19:44:33.144,9.5237,9.52582,1.00,1.00
2017.03.13 19:44:33.409,9.5238,9.52582,1.00,1.00
2017.03.13 19:44:33.460,9.5237,9.52581,1.00,1.00
2017.03.13 19:44:33.786,9.52379,9.52581,1.00,1.00
2017.03.13 19:44:33.837,9.5237,9.52581,1.00,1.50
2017.03.13 19:44:34.048,9.5238,9.52581,1.00,1.00
2017.03.13 19:44:34.099,9.5237,9.52581,1.00,1.00
2017.03.13 19:44:34.328,9.5238,9.52581,1.00,1.00
2017.03.13 19:44:34.379,9.5237,9.52581,1.00,1.00
2017.03.13 19:44:34.658,9.5238,9.52581,1.00,1.00
2017.03.13 19:44:34.709,9.52369,9.52581,1.00,1.00
2017.03.13 19:44:34.988,9.5238,9.52581,1.00,1.00
2017.03.13 19:44:35.039,9.5237,9.52581,1.00,1.00
2017.03.13 19:44:35.303,9.5238,9.52581,1.00,1.00
2017.03.13 19:44:35.354,9.5237,9.52581,1.00,1.00
2017.03.13 19:44:35.624,9.5238,9.52581,1.00,1.00
2017.03.13 19:44:35.675,9.5237,9.52581,1.00,1.00
2017.03.13 19:44:36.079,9.5237,9.52566,1.00,1.00
2017.03.13 19:44:36.282,9.5235,9.52564,1.00,1.00
2017.03.13 19:44:36.536,9.5236,9.52554,1.00,1.00
2017.03.13 19:44:36.638,9.52349,9.52552,1.00,1.00
2017.03.13 19:44:36.689,9.5236,9.52552,1.00,1.00
2017.03.13 19:44:37.018,9.52359,9.52554,1.00,1.00
2017.03.13 19:44:37.069,9.5235,9.52554,1.00,1.00
2017.03.13 19:44:37.120,9.5235,9.52556,1.00,1.00
2017.03.13 19:44:37.373,9.5236,9.52564,1.00,1.00
2017.03.13 19:44:37.676,9.5236,9.52556,1.00,1.00
2017.03.13 19:44:38.037,9.5236,9.52564,1.00,1.00
2017.03.13 19:44:38.556,9.52359,9.52564,1.00,1.00
2017.03.13 19:44:38.815,9.5235,9.52564,1.00,1.00
2017.03.13 19:44:39.060,9.5236,9.52564,1.00,1.00
2017.03.13 19:44:39.550,9.5236,9.52568,1.00,1.00
2017.03.13 19:44:39.651,9.5236,9.52574,1.00,1.00
2017.03.13 19:44:39.803,9.52369,9.52574,1.00,1.00
2017.03.13 19:44:39.910,9.5237,9.52576,1.00,1.00
2017.03.13 19:44:40.011,9.5237,9.52574,1.00,1.00
2017.03.13 19:44:40.062,9.5236,9.52574,1.00,1.00
2017.03.13 19:44:40.222,9.5236,9.52576,1.00,1.00
2017.03.13 19:44:40.273,9.5237,9.52576,1.00,1.00
2017.03.13 19:44:40.324,9.52359,9.52576,1.00,1.00
2017.03.13 19:44:40.590,9.5237,9.52576,1.00,1.00
2017.03.13 19:44:40.641,9.5236,9.52576,1.00,1.00
2017.03.13 19:44:40.856,9.5237,9.52576,1.00,1.00
2017.03.13 19:44:40.907,9.5236,9.52576,1.00,1.00
2017.03.13 19:44:41.207,9.5237,9.52576,1.00,1.00
2017.03.13 19:44:41.258,9.5236,9.52576,1.00,1.00
2017.03.13 19:44:41.309,9.5236,9.52563,1.00,1.00
2017.03.13 19:44:41.470,9.5236,9.52576,1.00,1.50
2017.03.13 19:44:41.673,9.5235,9.52576,1.00,1.50
2017.03.13 19:44:41.724,9.5236,9.52576,1.00,1.50
2017.03.13 19:44:42.063,9.5236,9.52574,1.00,1.00
2017.03.13 19:44:42.165,9.5235,9.52574,1.00,1.00
2017.03.13 19:44:42.216,9.5236,9.52574,1.00,1.00
2017.03.13 19:44:43.008,9.5235,9.52573,1.00,1.00
2017.03.13 19:44:43.059,9.5236,9.52573,1.00,1.00
2017.03.13 19:44:43.407,9.5236,9.52563,1.00,1.00
2017.03.13 19:44:43.746,9.5237,9.52563,1.00,1.00
2017.03.13 19:44:43.848,9.5235,9.52563,1.00,1.00
2017.03.13 19:44:44.185,9.5236,9.52563,1.00,1.00
2017.03.13 19:44:44.337,9.5236,9.52574,1.00,1.00
2017.03.13 19:44:44.551,9.5235,9.52574,1.00,1.00
2017.03.13 19:44:44.891,9.5236,9.52574,1.00,1.00
2017.03.13 19:44:44.942,9.5235,9.52574,1.00,1.00
2017.03.13 19:44:45.331,9.5235,9.52562,1.00,1.00
2017.03.13 19:44:45.837,9.5234,9.52559,1.00,1.00
2017.03.13 19:44:46.358,9.5234,9.52558,1.00,1.00
2017.03.13 19:44:47.907,9.5234,9.5257,1.00,1.00
2017.03.13 19:44:47.957,9.5235,9.5257,1.00,1.00
2017.03.13 19:44:48.950,9.5235,9.52571,1.00,1.00
2017.03.13 19:44:50.795,9.5235,9.52555,1.00,1.00
2017.03.13 19:44:50.846,9.5234,9.52555,1.00,1.00
2017.03.13 19:44:51.224,9.52349,9.52555,1.00,1.00
2017.03.13 19:44:51.775,9.5235,9.52555,1.00,1.00
2017.03.13 19:44:51.995,9.5235,9.52571,1.00,1.00
2017.03.13 19:44:55.339,9.5235,9.5257,1.00,1.00
2017.03.13 19:44:55.390,9.5235,9.52558,1.00,1.00
2017.03.13 19:44:56.277,9.5236,9.52558,1.00,1.00
2017.03.13 19:44:56.384,9.5236,9.5257,1.00,1.00
2017.03.13 19:44:56.999,9.52359,9.5257,1.00,1.00
2017.03.13 19:44:57.951,9.52359,9.52572,1.00,1.00
2017.03.13 19:44:58.720,9.52349,9.52554,1.00,1.00
2017.03.13 19:44:59.382,9.5235,9.52554,1.00,1.00
2017.03.13 19:45:00.654,9.5236,9.52563,1.00,1.00
2017.03.13 19:45:01.774,9.5235,9.52563,1.00,1.00
2017.03.13 19:45:02.803,9.5236,9.52563,1.00,1.00
2017.03.13 19:45:03.307,9.5235,9.52563,1.00,1.00
2017.03.13 19:45:03.558,9.5235,9.52572,1.00,1.00
2017.03.13 19:45:03.929,9.52359,9.52572,1.00,1.00
2017.03.13 19:45:04.031,9.5235,9.52572,1.00,1.00
2017.03.13 19:45:04.355,9.5236,9.52572,1.00,1.00
2017.03.13 19:45:04.710,9.5235,9.52573,1.00,1.00
2017.03.13 19:45:04.761,9.5236,9.52573,1.00,1.00
2017.03.13 19:45:05.084,9.5237,9.52573,1.00,1.00
2017.03.13 19:45:05.286,9.5235,9.52573,1.00,1.00
2017.03.13 19:45:05.757,9.5236,9.52569,1.00,1.00
2017.03.13 19:45:05.808,9.5235,9.52569,1.00,1.00
2017.03.13 19:45:06.142,9.5236,9.52569,1.00,1.00
2017.03.13 19:45:06.539,9.5235,9.52569,1.00,1.00
2017.03.13 19:45:06.590,9.5236,9.52569,1.00,1.00
2017.03.13 19:45:07.002,9.5235,9.52569,1.00,1.00
2017.03.13 19:45:07.053,9.5236,9.52569,1.00,1.00
2017.03.13 19:45:07.105,9.5235,9.52569,1.00,1.00
2017.03.13 19:45:07.762,9.5236,9.52569,1.00,1.00
2017.03.13 19:45:07.813,9.52349,9.52569,1.00,1.00
2017.03.13 19:45:08.336,9.5235,9.52569,1.00,1.00
2017.03.13 19:45:08.447,9.5236,9.52569,1.00,1.00
2017.03.13 19:45:08.498,9.5235,9.52569,1.00,1.00
2017.03.13 19:45:08.771,9.52359,9.52569,1.00,1.00
2017.03.13 19:45:08.998,9.5235,9.52569,1.00,1.00
2017.03.13 19:45:09.048,9.5236,9.52569,1.00,1.00
2017.03.13 19:45:10.405,9.5236,9.5258,1.00,1.00
2017.03.13 19:45:10.456,9.5237,9.5258,1.00,1.00
2017.03.13 19:45:11.138,9.5238,9.5259,1.00,1.00
2017.03.13 19:45:11.644,9.52379,9.5259,1.00,1.00
2017.03.13 19:45:11.796,9.5237,9.5259,1.00,1.00
2017.03.13 19:45:12.063,9.5236,9.5259,1.00,1.00
2017.03.13 19:45:12.114,9.5237,9.5259,1.00,1.00
2017.03.13 19:45:12.646,9.52369,9.5259,1.00,1.00
2017.03.13 19:45:13.051,9.5238,9.52589,1.00,1.00
2017.03.13 19:45:13.304,9.5237,9.52589,1.00,1.00
2017.03.13 19:45:16.369,9.52369,9.52589,1.00,1.00
2017.03.13 19:45:16.926,9.5237,9.52589,1.00,1.00
2017.03.13 19:45:18.582,9.5237,9.52588,1.00,1.00
2017.03.13 19:45:19.212,9.5236,9.52588,1.00,1.00
2017.03.13 19:45:19.569,9.5237,9.52588,1.00,1.00
2017.03.13 19:45:20.135,9.5238,9.52588,1.00,1.00
2017.03.13 19:45:20.186,9.5237,9.52588,1.00,1.00
2017.03.13 19:45:20.452,9.5238,9.52588,1.00,1.00
2017.03.13 19:45:20.503,9.5237,9.52588,1.00,1.00
2017.03.13 19:45:20.756,9.5238,9.52588,1.00,1.00
2017.03.13 19:45:20.807,9.5236,9.52588,1.00,1.00
2017.03.13 19:45:21.060,9.5237,9.52588,1.00,1.00
2017.03.13 19:45:22.683,9.5236,9.52588,1.00,1.00
2017.03.13 19:45:22.734,9.5237,9.52588,1.00,1.00
2017.03.13 19:45:24.151,9.5237,9.52592,1.00,1.00
2017.03.13 19:45:24.401,9.5238,9.52592,1.00,1.00
2017.03.13 19:45:24.552,9.5237,9.52592,1.00,1.00
2017.03.13 19:45:24.805,9.5238,9.52592,1.00,1.00
2017.03.13 19:45:25.262,9.5237,9.52592,1.00,1.00
2017.03.13 19:45:25.551,9.5239,9.52592,1.00,1.00
2017.03.13 19:45:25.703,9.5238,9.52592,1.00,1.00
2017.03.13 19:45:26.059,9.5237,9.52592,1.00,1.00
2017.03.13 19:45:26.518,9.5238,9.52592,1.00,1.00
2017.03.13 19:45:26.821,9.5237,9.52592,1.00,1.00
2017.03.13 19:45:27.024,9.5238,9.52592,1.00,1.00
2017.03.13 19:45:27.280,9.5237,9.52592,1.00,1.00
2017.03.13 19:45:28.034,9.5237,9.52599,1.00,1.00
2017.03.13 19:45:29.025,9.5238,9.52599,1.00,1.00
2017.03.13 19:45:29.076,9.52369,9.52599,1.00,1.00
2017.03.13 19:45:29.354,9.5238,9.52599,1.00,1.00
2017.03.13 19:45:29.733,9.5237,9.52599,1.00,1.00
2017.03.13 19:45:30.904,9.52369,9.52599,1.00,1.00
2017.03.13 19:45:31.326,9.5238,9.52599,1.00,1.00
2017.03.13 19:45:31.969,9.52379,9.52599,1.00,1.00
2017.03.13 19:45:32.481,9.5238,9.52599,1.00,1.00
2017.03.13 19:45:32.532,9.5237,9.52599,1.00,1.00
2017.03.13 19:45:32.866,9.5236,9.52587,1.00,1.50
2017.03.13 19:45:33.170,9.5236,9.52564,1.00,1.00
2017.03.13 19:45:33.327,9.52349,9.52564,1.00,1.00
2017.03.13 19:45:33.378,9.5236,9.52564,1.00,1.00
2017.03.13 19:45:33.685,9.5235,9.52564,1.00,1.00
2017.03.13 19:45:33.888,9.5236,9.52564,1.00,1.00
2017.03.13 19:45:33.939,9.5235,9.52564,1.00,1.00
2017.03.13 19:45:33.990,9.5235,9.52567,1.00,1.00
2017.03.13 19:45:34.294,9.5235,9.52564,1.00,1.00
2017.03.13 19:45:34.613,9.5236,9.52564,1.00,1.00
2017.03.13 19:45:34.664,9.5235,9.52564,1.00,1.00
2017.03.13 19:45:34.920,9.5236,9.52564,1.00,1.00
2017.03.13 19:45:34.971,9.5235,9.52567,1.00,1.00
2017.03.13 19:45:35.252,9.5236,9.52567,1.00,1.00
2017.03.13 19:45:35.302,9.5235,9.52567,1.00,1.00
2017.03.13 19:45:35.519,9.5236,9.52567,1.00,1.00
2017.03.13 19:45:35.620,9.5235,9.52567,1.00,1.00
2017.03.13 19:45:35.937,9.5236,9.52564,1.00,1.00
2017.03.13 19:45:35.988,9.5235,9.52564,1.00,1.00
2017.03.13 19:45:36.455,9.5236,9.52567,1.00,1.00
2017.03.13 19:45:36.506,9.5235,9.52567,1.00,1.00
2017.03.13 19:45:36.557,9.5235,9.52564,1.00,1.00
2017.03.13 19:45:37.929,9.5236,9.52564,1.00,1.00
2017.03.13 19:45:37.980,9.5235,9.52564,1.00,1.00
2017.03.13 19:45:38.246,9.5235,9.52567,1.00,1.00
2017.03.13 19:45:38.297,9.5236,9.52567,1.00,1.00
2017.03.13 19:45:38.348,9.5235,9.52567,1.00,1.00
2017.03.13 19:45:38.666,9.5236,9.52567,1.00,1.00
2017.03.13 19:45:38.717,9.5235,9.52567,1.00,1.00
2017.03.13 19:45:39.595,9.52359,9.52567,1.00,1.00
2017.03.13 19:45:39.696,9.5235,9.52567,1.00,1.00
2017.03.13 19:45:40.240,9.5236,9.52567,1.00,1.00
2017.03.13 19:45:40.291,9.5235,9.52567,1.00,1.00
2017.03.13 19:45:40.559,9.5234,9.52567,1.00,1.00
2017.03.13 19:45:40.610,9.5235,9.52567,1.00,1.00
2017.03.13 19:45:40.662,9.5234,9.52567,1.37,1.00
2017.03.13 19:45:40.890,9.5235,9.52567,1.00,1.00
2017.03.13 19:45:41.093,9.5235,9.52577,1.37,1.00
2017.03.13 19:45:41.194,9.5235,9.52566,1.37,1.00
2017.03.13 19:45:41.504,9.52349,9.52579,1.37,1.00
2017.03.13 19:45:41.807,9.5236,9.52579,1.37,1.00
2017.03.13 19:45:41.909,9.5236,9.52579,1.37,1.00
2017.03.13 19:45:42.213,9.5235,9.52584,1.37,1.00
2017.03.13 19:45:42.466,9.5235,9.52584,1.37,1.00
2017.03.13 19:45:42.719,9.5235,9.52584,1.37,1.00
2017.03.13 19:45:43.316,9.5235,9.52582,1.37,1.00
2017.03.13 19:45:43.569,9.5235,9.5257,1.00,1.00
2017.03.13 19:45:43.910,9.5235,9.52559,1.00,1.00
2017.03.13 19:45:48.686,9.5235,9.52557,1.00,1.00
2017.03.13 19:45:48.737,9.5234,9.52557,1.37,1.00
2017.03.13 19:45:52.797,9.5235,9.52557,1.00,1.00
2017.03.13 19:45:53.002,9.5236,9.52577,1.00,1.00
2017.03.13 19:45:53.054,9.5236,9.52564,1.00,1.00
2017.03.13 19:45:53.105,9.5235,9.52564,1.00,1.00
2017.03.13 19:45:53.155,9.5236,9.52564,1.00,1.00
2017.03.13 19:45:53.206,9.5236,9.52581,1.00,1.00
2017.03.13 19:45:53.308,9.5237,9.52581,1.00,1.00
2017.03.13 19:45:53.561,9.5236,9.52581,1.00,1.00
2017.03.13 19:45:54.105,9.52359,9.52581,1.00,1.00
2017.03.13 19:45:54.156,9.5236,9.52589,1.37,1.00
2017.03.13 19:45:54.460,9.5237,9.526,1.37,1.00
2017.03.13 19:45:54.511,9.52369,9.526,1.00,1.00
2017.03.13 19:45:54.663,9.5237,9.526,1.56,1.00
2017.03.13 19:45:54.865,9.5237,9.526,1.19,1.00
2017.03.13 19:45:54.977,9.5237,9.526,1.00,1.00
2017.03.13 19:45:56.059,9.52369,9.526,1.00,1.00
2017.03.13 19:45:56.160,9.5238,9.526,1.00,1.00
2017.03.13 19:45:56.211,9.52369,9.526,1.00,1.00
2017.03.13 19:45:56.756,9.5237,9.526,1.12,1.00
2017.03.13 19:45:57.160,9.52379,9.526,1.00,1.00
2017.03.13 19:45:57.263,9.52369,9.526,1.00,1.00
2017.03.13 19:45:57.314,9.52369,9.526,1.19,1.00
2017.03.13 19:45:57.466,9.52369,9.526,1.56,1.00
2017.03.13 19:45:57.669,9.5237,9.526,1.00,1.00
2017.03.13 19:45:57.770,9.5236,9.526,1.19,1.00
2017.03.13 19:45:57.922,9.5237,9.526,1.00,1.00
2017.03.13 19:45:57.973,9.5236,9.526,1.19,1.00
2017.03.13 19:45:58.255,9.52369,9.52601,1.00,1.00
2017.03.13 19:45:58.306,9.5236,9.52601,1.19,1.00
2017.03.13 19:45:58.693,9.5237,9.52601,1.12,1.00
2017.03.13 19:45:59.336,9.52369,9.52601,1.00,1.00
2017.03.13 19:45:59.858,9.52369,9.52601,1.37,1.00
2017.03.13 19:46:00.382,9.52369,9.52601,1.00,1.00
2017.03.13 19:46:00.433,9.5236,9.52601,1.19,1.00
2017.03.13 19:46:00.751,9.5237,9.52601,1.00,1.00
2017.03.13 19:46:00.802,9.52359,9.52601,1.19,1.00
2017.03.13 19:46:01.108,9.5236,9.52601,1.56,1.00
2017.03.13 19:46:01.260,9.5236,9.52601,1.19,1.00
2017.03.13 19:46:01.412,9.52369,9.52601,1.12,1.00
2017.03.13 19:46:01.766,9.5236,9.52601,1.19,1.00
2017.03.13 19:46:02.152,9.5237,9.52601,1.00,1.00
2017.03.13 19:46:02.300,9.5236,9.52601,1.56,1.00
2017.03.13 19:46:02.541,9.5237,9.52601,1.00,1.00
2017.03.13 19:46:02.592,9.5236,9.52601,1.56,1.00
2017.03.13 19:46:02.693,9.5237,9.52601,1.00,1.00
2017.03.13 19:46:02.744,9.5236,9.52601,1.56,1.00
2017.03.13 19:46:03.009,9.5237,9.52601,1.00,1.00
2017.03.13 19:46:03.060,9.5236,9.52601,1.19,1.00
2017.03.13 19:46:03.338,9.5237,9.52601,1.00,1.00
2017.03.13 19:46:03.389,9.5236,9.52601,1.19,1.00
2017.03.13 19:46:03.909,9.5236,9.52602,1.19,1.00
2017.03.13 19:46:04.632,9.5237,9.52602,1.00,1.00
2017.03.13 19:46:04.785,9.5236,9.52602,1.19,1.00
2017.03.13 19:46:04.937,9.5237,9.52602,1.00,1.00
2017.03.13 19:46:04.988,9.5236,9.52602,1.19,1.00
2017.03.13 19:46:05.241,9.5237,9.52602,1.00,1.00
2017.03.13 19:46:05.292,9.5236,9.52602,1.19,1.00
2017.03.13 19:46:06.124,9.5236,9.52594,1.19,1.00
2017.03.13 19:46:06.529,9.5236,9.52594,1.00,1.00
2017.03.13 19:46:06.630,9.52357,9.52584,1.00,1.00
2017.03.13 19:46:07.369,9.5236,9.52584,1.00,1.00
2017.03.13 19:46:07.420,9.52357,9.52584,1.00,1.00
2017.03.13 19:46:07.726,9.5236,9.52584,1.00,1.00
2017.03.13 19:46:07.777,9.52357,9.52584,1.00,1.00
2017.03.13 19:46:07.999,9.5236,9.52584,1.00,1.00
2017.03.13 19:46:08.049,9.52357,9.52584,1.00,1.00
2017.03.13 19:46:08.270,9.5237,9.52613,1.00,1.00
2017.03.13 19:46:08.321,9.52368,9.52613,1.00,1.00
2017.03.13 19:46:08.373,9.52358,9.52591,1.00,1.00
2017.03.13 19:46:08.424,9.52349,9.52591,1.00,1.00
2017.03.13 19:46:08.475,9.52352,9.52574,1.00,1.00
2017.03.13 19:46:08.813,9.5235,9.52566,1.00,1.00
2017.03.13 19:46:09.117,9.5236,9.52566,1.00,1.00
2017.03.13 19:46:09.168,9.5235,9.52566,1.00,1.00
2017.03.13 19:46:09.320,9.5237,9.52599,1.00,1.00
2017.03.13 19:46:09.371,9.5238,9.5262,1.00,1.12
2017.03.13 19:46:09.472,9.5237,9.5262,1.00,1.12
2017.03.13 19:46:09.826,9.52379,9.5262,1.00,1.12
2017.03.13 19:46:10.297,9.52379,9.5262,1.37,1.12
2017.03.13 19:46:10.399,9.5238,9.5262,1.00,1.12
2017.03.13 19:46:10.912,9.52379,9.5262,1.00,1.00
2017.03.13 19:46:11.447,9.5238,9.5262,1.00,1.00
2017.03.13 19:46:11.548,9.5238,9.52612,1.00,1.00
2017.03.13 19:46:11.702,9.5237,9.52612,1.00,1.00
2017.03.13 19:46:11.803,9.5238,9.5262,1.00,1.00
2017.03.13 19:46:12.129,9.5238,9.52616,1.00,1.00
2017.03.13 19:46:12.356,9.5238,9.5262,1.00,1.00
2017.03.13 19:46:13.098,9.5238,9.5261,1.00,1.50
2017.03.13 19:46:13.617,9.5237,9.5261,1.00,1.50
2017.03.13 19:46:14.645,9.52379,9.5261,1.00,1.00
2017.03.13 19:46:15.181,9.5238,9.52609,1.00,1.00
2017.03.13 19:46:15.461,9.5237,9.5261,1.19,1.00
2017.03.13 19:46:15.562,9.5237,9.5261,1.00,1.00
2017.03.13 19:46:15.787,9.5238,9.5261,1.00,1.00
2017.03.13 19:46:16.209,9.5237,9.5261,1.19,1.00
2017.03.13 19:46:16.994,9.52369,9.5261,1.19,1.00
2017.03.13 19:46:17.601,9.5237,9.5261,1.19,1.00
2017.03.13 19:46:18.114,9.5237,9.5261,1.56,1.00
2017.03.13 19:46:18.260,9.5237,9.5261,1.19,1.00
2017.03.13 19:46:18.668,9.5237,9.52612,1.19,1.00
2017.03.13 19:46:19.384,9.52369,9.52612,1.69,1.00
2017.03.13 19:46:19.929,9.5237,9.52612,1.69,1.00
2017.03.13 19:46:20.381,9.5238,9.52612,1.00,1.00
2017.03.13 19:46:21.069,9.52379,9.52612,1.50,1.00
2017.03.13 19:46:21.578,9.5238,9.52612,1.50,1.00
2017.03.13 19:46:24.381,9.52379,9.52611,1.50,1.00
2017.03.13 19:46:25.002,9.5238,9.52612,1.50,1.00
2017.03.13 19:46:26.318,9.52379,9.52612,1.50,1.00
2017.03.13 19:46:26.859,9.5238,9.52612,1.50,1.00
2017.03.13 19:46:27.980,9.52379,9.52612,1.50,1.00
2017.03.13 19:46:28.132,9.5238,9.52616,1.50,1.00
2017.03.13 19:46:29.041,9.52379,9.52616,1.50,1.00
2017.03.13 19:46:29.576,9.5238,9.52616,1.50,1.00
2017.03.13 19:46:30.872,9.52379,9.52616,1.50,1.00
2017.03.13 19:46:31.466,9.5238,9.52616,1.50,1.00
2017.03.13 19:46:32.130,9.52379,9.52616,1.50,1.00
2017.03.13 19:46:32.771,9.5238,9.52616,1.50,1.00
2017.03.13 19:46:33.406,9.52379,9.52616,1.50,1.00
2017.03.13 19:46:34.046,9.5238,9.52616,1.50,1.00
2017.03.13 19:46:35.135,9.52379,9.52616,1.50,1.00
2017.03.13 19:46:35.646,9.5238,9.52616,1.50,1.00
2017.03.13 19:46:36.173,9.52379,9.52616,1.50,1.00
2017.03.13 19:46:38.212,9.5238,9.52616,1.50,1.00
2017.03.13 19:46:42.989,9.52379,9.52616,1.00,1.00
2017.03.13 19:46:43.142,9.5238,9.52618,1.00,1.00
2017.03.13 19:46:44.226,9.52379,9.52618,1.00,1.00
2017.03.13 19:46:44.822,9.5238,9.52618,1.00,1.00
2017.03.13 19:46:46.802,9.52379,9.52618,1.00,1.00
2017.03.13 19:46:47.362,9.5238,9.52618,1.00,1.00
2017.03.13 19:46:48.753,9.5238,9.52619,1.00,1.00
2017.03.13 19:46:50.568,9.52379,9.52619,1.00,1.00
2017.03.13 19:46:51.090,9.5238,9.52619,1.00,1.50
2017.03.13 19:46:52.024,9.5238,9.52618,1.00,1.00
2017.03.13 19:46:52.597,9.52379,9.52618,1.00,1.00
2017.03.13 19:46:53.536,9.52379,9.52619,1.00,1.00
2017.03.13 19:46:54.148,9.5238,9.52619,1.00,1.00
2017.03.13 19:46:55.160,9.52379,9.52619,1.00,1.00
2017.03.13 19:46:55.766,9.5238,9.52619,1.00,1.00
2017.03.13 19:46:56.721,9.5239,9.52619,1.00,1.00
2017.03.13 19:46:58.221,9.52389,9.52629,1.00,1.00
2017.03.13 19:46:58.727,9.5239,9.52629,1.00,1.00
2017.03.13 19:47:00.103,9.52392,9.52629,1.87,1.00
2017.03.13 19:47:05.643,9.52398,9.52629,1.87,1.00
2017.03.13 19:47:05.949,9.524,9.52629,1.00,1.00
2017.03.13 19:47:06.102,9.5239,9.52629,1.19,1.00
2017.03.13 19:47:06.578,9.524,9.52629,1.00,1.00
2017.03.13 19:47:07.134,9.5241,9.52629,1.00,1.00
2017.03.13 19:47:07.236,9.524,9.52629,1.00,1.00
2017.03.13 19:47:07.388,9.52397,9.52639,1.00,1.00
2017.03.13 19:47:07.526,9.52394,9.52639,1.00,1.00
2017.03.13 19:47:07.577,9.52397,9.52635,1.00,1.00
2017.03.13 19:47:07.880,9.524,9.52636,1.00,1.00
2017.03.13 19:47:08.597,9.5241,9.52636,1.00,1.00
2017.03.13 19:47:08.749,9.5241,9.52639,1.00,1.00
2017.03.13 19:47:09.300,9.52409,9.52639,1.00,1.00
2017.03.13 19:47:09.836,9.5241,9.52639,1.00,1.00
2017.03.13 19:47:10.064,9.5241,9.52639,1.19,1.00
2017.03.13 19:47:13.249,9.5241,9.52644,1.19,1.50
2017.03.13 19:47:13.300,9.524,9.52634,1.19,1.00
2017.03.13 19:47:13.402,9.52409,9.52644,1.19,1.50
2017.03.13 19:47:13.947,9.5241,9.52644,1.19,1.50
2017.03.13 19:47:15.017,9.52409,9.52644,1.19,1.50
2017.03.13 19:47:15.593,9.524,9.52644,1.19,1.50
2017.03.13 19:47:16.217,9.52409,9.52644,1.19,1.50
2017.03.13 19:47:16.741,9.524,9.52634,1.19,1.00
2017.03.13 19:47:18.107,9.524,9.52634,1.19,1.00
2017.03.13 19:47:18.653,9.524,9.52634,1.19,1.00
2017.03.13 19:47:22.776,9.52395,9.52634,1.19,1.00
2017.03.13 19:47:23.374,9.52395,9.52634,1.69,1.00
2017.03.13 19:47:24.332,9.52395,9.52635,1.69,1.00
2017.03.13 19:47:24.876,9.52395,9.52634,1.69,1.00
2017.03.13 19:47:26.628,9.52395,9.52635,1.31,1.00
2017.03.13 19:47:27.237,9.52395,9.52641,1.69,1.00
2017.03.13 19:47:27.338,9.52395,9.52634,1.19,1.00
2017.03.13 19:47:27.886,9.52395,9.52634,1.31,1.00
2017.03.13 19:47:28.844,9.52395,9.52641,1.31,1.00
2017.03.13 19:47:30.189,9.524,9.52641,1.19,1.00
2017.03.13 19:47:30.735,9.52399,9.52641,1.19,1.00
2017.03.13 19:47:31.026,9.52395,9.52634,1.19,1.00
2017.03.13 19:47:31.600,9.52395,9.52634,1.69,1.00
2017.03.13 19:47:32.335,9.52395,9.52641,1.31,1.00
2017.03.13 19:47:33.209,9.52401,9.52641,1.19,1.00
2017.03.13 19:47:33.803,9.52401,9.52641,1.19,1.00
2017.03.13 19:47:33.854,9.52404,9.52647,1.19,1.00
2017.03.13 19:47:34.006,9.52404,9.52635,1.37,1.00
2017.03.13 19:47:34.309,9.52393,9.52624,1.37,1.00
2017.03.13 19:47:35.169,9.52385,9.52624,1.37,1.00
2017.03.13 19:47:35.517,9.5239,9.52624,1.00,1.00
2017.03.13 19:47:35.820,9.524,9.52614,1.00,1.00
2017.03.13 19:47:35.871,9.524,9.52624,1.00,1.00
2017.03.13 19:47:35.973,9.5241,9.52624,1.00,1.00
2017.03.13 19:47:36.023,9.524,9.52624,1.00,1.00
2017.03.13 19:47:36.527,9.5239,9.52624,1.00,1.00
2017.03.13 19:47:37.922,9.5239,9.52626,1.00,1.00
2017.03.13 19:47:38.026,9.5239,9.52624,1.00,1.00
2017.03.13 19:47:38.241,9.5239,9.52626,1.00,1.00
2017.03.13 19:47:38.348,9.5239,9.52624,1.00,1.00
2017.03.13 19:47:38.573,9.5239,9.52626,1.00,1.00
2017.03.13 19:47:38.670,9.5239,9.52624,1.00,1.00
2017.03.13 19:47:38.878,9.5239,9.52626,1.00,1.00
2017.03.13 19:47:38.981,9.5239,9.52624,1.00,1.00
2017.03.13 19:47:39.255,9.5239,9.52626,1.00,1.00
2017.03.13 19:47:39.306,9.5239,9.52623,1.00,1.00
2017.03.13 19:47:39.516,9.5239,9.52626,1.00,1.00
2017.03.13 19:47:40.831,9.524,9.52626,1.00,1.00
2017.03.13 19:47:40.945,9.5239,9.52626,1.00,1.00
2017.03.13 19:47:41.047,9.5239,9.52608,1.00,1.00
2017.03.13 19:47:41.549,9.524,9.52608,1.00,1.00
2017.03.13 19:47:41.756,9.5239,9.52608,1.00,1.00
2017.03.13 19:47:42.072,9.5239,9.5261,1.00,1.00
2017.03.13 19:47:42.411,9.52399,9.5261,1.00,1.00
2017.03.13 19:47:42.462,9.52389,9.5261,2.62,1.00
2017.03.13 19:47:42.563,9.524,9.52628,1.00,1.00
2017.03.13 19:47:43.063,9.5239,9.52628,2.62,1.00
2017.03.13 19:47:43.466,9.5239,9.52628,1.00,1.00
2017.03.13 19:47:43.517,9.5239,9.52631,1.00,1.00
2017.03.13 19:47:44.016,9.524,9.52631,1.00,1.00
2017.03.13 19:47:44.067,9.52389,9.52631,1.00,1.00
2017.03.13 19:47:44.347,9.524,9.52631,1.00,1.00
2017.03.13 19:47:44.398,9.5239,9.52631,1.00,1.00
2017.03.13 19:47:44.943,9.524,9.52631,1.00,1.00
2017.03.13 19:47:45.213,9.5239,9.52631,1.00,1.00
2017.03.13 19:47:45.315,9.5239,9.52624,1.00,1.00
2017.03.13 19:47:45.640,9.5239,9.52608,1.00,1.00
2017.03.13 19:47:45.945,9.524,9.52608,1.00,1.00
2017.03.13 19:47:46.366,9.524,9.52628,1.00,1.00
2017.03.13 19:47:46.576,9.524,9.52628,1.37,1.00
2017.03.13 19:47:47.366,9.52399,9.52628,1.37,1.00
2017.03.13 19:47:47.416,9.524,9.52628,1.00,1.00
2017.03.13 19:47:47.728,9.524,9.52616,1.00,1.00
2017.03.13 19:47:47.779,9.524,9.52627,1.00,1.00
2017.03.13 19:47:47.881,9.524,9.52627,1.37,1.00
2017.03.13 19:47:48.847,9.524,9.52628,1.50,1.00
2017.03.13 19:47:49.386,9.524,9.52628,1.75,1.00
2017.03.13 19:47:50.094,9.52402,9.52628,1.75,1.00
2017.03.13 19:47:50.195,9.52402,9.52638,1.75,1.00
2017.03.13 19:47:51.191,9.52403,9.52639,3.00,1.00
2017.03.13 19:47:54.469,9.52403,9.52639,1.75,1.00
2017.03.13 19:47:55.238,9.52403,9.52639,1.75,1.00
2017.03.13 19:47:55.446,9.52403,9.52639,1.75,1.00
2017.03.13 19:47:57.709,9.52401,9.52639,1.75,1.00
2017.03.13 19:47:58.327,9.52401,9.52637,1.75,1.00
2017.03.13 19:48:07.740,9.52403,9.52637,1.75,1.00
2017.03.13 19:48:09.077,9.52403,9.52637,1.75,1.00
2017.03.13 19:48:13.322,9.52403,9.52639,1.75,1.00
2017.03.13 19:48:18.900,9.52402,9.52637,1.75,1.00
2017.03.13 19:48:23.552,9.5242,9.52647,1.37,1.00
2017.03.13 19:48:24.058,9.5241,9.5264,1.75,1.00
2017.03.13 19:48:24.109,9.52403,9.5264,1.37,1.00
2017.03.13 19:48:24.867,9.52402,9.5264,1.75,1.00
2017.03.13 19:48:25.517,9.524,9.5264,3.00,1.00
2017.03.13 19:48:28.352,9.52401,9.52639,1.75,1.00
2017.03.13 19:48:32.251,9.524,9.52639,2.25,1.00
2017.03.13 19:48:33.930,9.524,9.52637,2.25,1.00
2017.03.13 19:48:49.857,9.52404,9.52637,1.75,1.00
2017.03.13 19:48:58.496,9.5242,9.52637,1.37,1.00
2017.03.13 19:48:58.547,9.5242,9.52646,1.37,1.00
2017.03.13 19:48:59.446,9.52417,9.52648,1.37,1.00
2017.03.13 19:49:00.338,9.5241,9.52648,1.37,1.00
2017.03.13 19:49:04.007,9.52404,9.52643,1.75,1.00
2017.03.13 19:49:04.887,9.52414,9.52643,1.75,1.00
2017.03.13 19:49:05.099,9.52404,9.52643,1.75,1.00
2017.03.13 19:49:06.789,9.52404,9.52643,1.75,1.00
2017.03.13 19:49:07.336,9.524,9.52643,2.25,1.00
2017.03.13 19:49:13.456,9.52393,9.52636,1.75,1.00
2017.03.13 19:49:14.036,9.52392,9.52636,1.75,1.00
2017.03.13 19:49:14.187,9.52392,9.52636,1.75,1.00
2017.03.13 19:49:14.490,9.5239,9.52633,3.00,1.00
2017.03.13 19:49:15.984,9.5239,9.52633,3.00,1.00
2017.03.13 19:49:19.068,9.52389,9.52629,3.00,1.00
2017.03.13 19:49:20.055,9.52389,9.52626,3.00,1.00
2017.03.13 19:49:20.716,9.5241,9.52637,1.37,1.00
2017.03.13 19:49:21.019,9.5241,9.52637,1.37,1.00
2017.03.13 19:49:31.087,9.5241,9.52637,1.37,1.00
2017.03.13 19:49:34.202,9.5241,9.52636,1.37,1.00
2017.03.13 19:49:43.506,9.52396,9.52634,2.25,1.00
2017.03.13 19:49:46.116,9.5239,9.52634,3.00,1.00
2017.03.13 19:49:49.058,9.524,9.52634,1.87,1.00
2017.03.13 19:49:49.109,9.524,9.52638,1.87,1.00
2017.03.13 19:49:49.160,9.52403,9.52638,1.75,1.00
2017.03.13 19:49:49.312,9.52394,9.52638,1.75,1.00
2017.03.13 19:49:53.175,9.52402,9.52645,2.25,1.00
2017.03.13 19:49:54.344,9.52415,9.52645,2.25,1.00
2017.03.13 19:49:54.648,9.52411,9.52645,1.75,1.00
2017.03.13 19:49:55.997,9.52415,9.52645,2.25,1.00
2017.03.13 19:49:57.315,9.52417,9.52645,2.25,1.00
2017.03.13 19:49:58.531,9.5241,9.52647,2.25,1.00
2017.03.13 19:50:00.054,9.5242,9.52651,1.37,1.00
2017.03.13 19:50:00.458,9.52422,9.52658,1.87,1.00
2017.03.13 19:50:01.084,9.52426,9.52658,1.75,1.00
2017.03.13 19:50:01.389,9.5242,9.52647,1.56,1.00
2017.03.13 19:50:02.259,9.5243,9.52661,1.37,1.00
2017.03.13 19:50:02.512,9.52433,9.52659,2.25,1.00
2017.03.13 19:50:02.971,9.52433,9.52648,1.87,1.00
2017.03.13 19:50:03.022,9.52418,9.52648,2.25,1.00
2017.03.13 19:50:03.478,9.52422,9.52648,2.25,1.00
2017.03.13 19:50:03.680,9.5241,9.52648,2.25,1.00
2017.03.13 19:50:04.145,9.524,9.52641,2.25,1.00
2017.03.13 19:50:04.460,9.524,9.52641,2.25,1.00
2017.03.13 19:50:05.130,9.52397,9.52638,1.37,1.00
2017.03.13 19:50:13.561,9.5239,9.52631,3.00,1.00
2017.03.13 19:50:16.519,9.5239,9.52631,3.00,1.00
2017.03.13 19:50:16.788,9.52399,9.52617,1.37,1.00
2017.03.13 19:50:17.093,9.52389,9.52628,4.50,1.00
2017.03.13 19:50:19.386,9.5239,9.52628,3.75,1.00
2017.03.13 19:50:19.756,9.52389,9.52628,3.00,1.00
2017.03.13 19:50:25.098,9.52383,9.52622,1.75,1.00
2017.03.13 19:50:28.160,9.5241,9.52622,1.37,1.00
2017.03.13 19:50:28.363,9.5241,9.52637,1.37,1.00
2017.03.13 19:50:28.898,9.5241,9.52637,1.37,1.00
2017.03.13 19:50:31.184,9.5242,9.52647,1.37,1.00
2017.03.13 19:50:31.488,9.5243,9.52657,1.37,1.00
2017.03.13 19:50:32.174,9.5243,9.52654,1.37,1.00
2017.03.13 19:50:32.487,9.5243,9.52657,1.37,1.00
2017.03.13 19:50:32.941,9.5243,9.52657,1.37,1.00
2017.03.13 19:50:34.182,9.52429,9.5266,1.37,1.00
2017.03.13 19:50:35.611,9.5243,9.52658,1.37,1.00
2017.03.13 19:50:35.813,9.52414,9.52656,1.75,1.00
2017.03.13 19:50:36.117,9.52414,9.52658,1.75,1.00
2017.03.13 19:50:36.623,9.5242,9.52658,1.50,1.00
2017.03.13 19:50:38.425,9.52438,9.52657,1.00,1.00
2017.03.13 19:50:38.943,9.52438,9.52658,1.00,1.00
2017.03.13 19:50:39.429,9.52459,9.52662,1.00,1.00
2017.03.13 19:50:40.396,9.52459,9.52661,1.00,1.00
2017.03.13 19:50:40.648,9.52459,9.52664,1.00,1.00
2017.03.13 19:50:40.700,9.52466,9.52664,1.12,1.00
2017.03.13 19:50:41.011,9.52481,9.52664,1.12,1.00
2017.03.13 19:50:41.163,9.52466,9.52664,1.00,1.00
2017.03.13 19:50:43.093,9.52466,9.52681,1.00,1.37
2017.03.13 19:50:43.666,9.52466,9.52681,1.00,1.37
2017.03.13 19:50:44.205,9.52466,9.52681,1.00,1.37
2017.03.13 19:50:44.362,9.52466,9.52681,1.00,1.37
2017.03.13 19:50:47.715,9.52466,9.52671,1.00,1.00
2017.03.13 19:50:48.956,9.52466,9.52672,1.00,1.00
2017.03.13 19:50:51.326,9.52465,9.52672,1.00,1.00
2017.03.13 19:50:51.891,9.52465,9.52674,1.00,1.00
2017.03.13 19:50:51.942,9.52465,9.52676,1.37,1.00
2017.03.13 19:50:52.397,9.52486,9.52698,1.00,1.37
2017.03.13 19:50:52.802,9.52486,9.52698,1.00,1.00
2017.03.13 19:50:53.682,9.52486,9.52698,1.37,1.00
2017.03.13 19:50:54.213,9.52486,9.52699,1.37,1.00
2017.03.13 19:50:54.264,9.52486,9.52705,1.37,1.00
2017.03.13 19:50:54.561,9.52507,9.52705,1.00,1.00
2017.03.13 19:50:54.663,9.52507,9.52718,1.00,1.00
2017.03.13 19:50:54.714,9.52507,9.5272,1.00,1.00
2017.03.13 19:50:54.815,9.52511,9.5272,1.50,1.00
2017.03.13 19:50:55.147,9.52512,9.5272,1.87,1.00
2017.03.13 19:50:57.111,9.52507,9.5272,1.12,1.00
2017.03.13 19:50:57.566,9.52507,9.5272,1.37,1.00
2017.03.13 19:50:57.882,9.52507,9.5272,1.37,1.37
2017.03.13 19:50:58.568,9.52507,9.5272,1.50,1.37
2017.03.13 19:50:58.619,9.52507,9.5272,2.62,1.00
2017.03.13 19:50:59.169,9.52509,9.5272,1.87,1.00
2017.03.13 19:50:59.825,9.52509,9.52721,1.87,1.00
2017.03.13 19:51:01.537,9.52509,9.52721,1.87,1.37
2017.03.13 19:51:03.487,9.52507,9.52721,1.37,1.37
2017.03.13 19:51:03.899,9.52507,9.52721,2.62,1.37
2017.03.13 19:51:04.285,9.52507,9.52721,2.62,1.87
2017.03.13 19:51:04.505,9.52507,9.52719,1.00,1.87
2017.03.13 19:51:04.608,9.52507,9.52712,1.00,1.00
2017.03.13 19:51:05.142,9.52507,9.52712,1.00,1.37
2017.03.13 19:51:05.530,9.52507,9.52712,1.00,1.37
2017.03.13 19:51:05.712,9.52507,9.52712,1.00,1.00
2017.03.13 19:51:06.656,9.52507,9.52712,1.00,1.37
2017.03.13 19:51:08.624,9.52507,9.52712,1.00,1.00
2017.03.13 19:51:11.857,9.52507,9.52711,1.00,1.00
2017.03.13 19:51:13.705,9.52507,9.52713,1.00,1.00
2017.03.13 19:51:14.461,9.52507,9.52713,1.00,1.37
2017.03.13 19:51:15.098,9.52506,9.52713,1.00,1.37
2017.03.13 19:51:15.837,9.52506,9.52713,1.00,2.62
2017.03.13 19:51:16.695,9.52506,9.52713,1.00,1.37
2017.03.13 19:51:17.000,9.52506,9.52713,1.00,1.00
2017.03.13 19:51:18.217,9.52506,9.52713,1.00,1.37
2017.03.13 19:51:18.726,9.52506,9.52713,1.00,1.37
2017.03.13 19:51:19.681,9.52506,9.52713,1.00,1.37
2017.03.13 19:51:19.923,9.52506,9.52713,1.00,1.00
2017.03.13 19:51:22.437,9.52506,9.52713,1.00,1.37
2017.03.13 19:51:23.830,9.52506,9.52699,1.00,1.00
2017.03.13 19:51:23.881,9.52506,9.52712,1.00,1.37
2017.03.13 19:51:24.910,9.52506,9.527,1.00,1.00
2017.03.13 19:51:25.011,9.52506,9.52713,1.00,1.00
2017.03.13 19:51:25.534,9.52507,9.52713,1.00,1.00
2017.03.13 19:51:27.339,9.52507,9.52699,1.00,1.00
2017.03.13 19:51:27.447,9.52507,9.52712,1.00,1.00
2017.03.13 19:51:27.733,9.52507,9.52699,1.00,1.00
2017.03.13 19:51:27.834,9.5249,9.52699,1.00,1.00
2017.03.13 19:51:28.045,9.5249,9.52696,1.00,1.00
2017.03.13 19:51:29.094,9.5249,9.52692,1.00,1.00
2017.03.13 19:51:29.296,9.52471,9.52692,1.00,1.00
2017.03.13 19:51:29.449,9.52471,9.52684,1.00,1.00
2017.03.13 19:51:29.752,9.52471,9.52681,1.00,1.00
2017.03.13 19:51:30.208,9.52471,9.52687,1.00,1.37
2017.03.13 19:51:30.530,9.52471,9.52677,1.00,1.00
2017.03.13 19:51:30.732,9.52456,9.52677,1.00,1.00
2017.03.13 19:51:31.318,9.52456,9.5267,1.00,1.00
2017.03.13 19:51:34.827,9.52444,9.5267,1.37,1.00
2017.03.13 19:51:35.030,9.52444,9.5267,1.00,1.00
2017.03.13 19:51:36.186,9.52444,9.5267,1.37,1.00
2017.03.13 19:51:36.528,9.52444,9.5267,1.37,1.00
2017.03.13 19:51:36.831,9.52444,9.5267,1.00,1.00
2017.03.13 19:51:37.560,9.52472,9.5267,1.00,1.00
2017.03.13 19:51:37.611,9.52472,9.5268,1.00,1.00
2017.03.13 19:51:37.662,9.52472,9.52693,1.37,1.00
2017.03.13 19:51:37.713,9.52472,9.52703,1.37,1.00
2017.03.13 19:51:37.764,9.52496,9.52703,1.00,1.00
2017.03.13 19:51:37.815,9.52496,9.52705,1.00,1.00
2017.03.13 19:51:37.916,9.52496,9.52715,1.12,1.00
2017.03.13 19:51:38.018,9.52496,9.52715,1.37,1.00
2017.03.13 19:51:38.321,9.52496,9.52715,1.00,1.00
2017.03.13 19:51:38.726,9.52496,9.52715,1.37,1.00
2017.03.13 19:51:38.979,9.52517,9.52735,1.00,1.00
2017.03.13 19:51:40.680,9.52517,9.52735,1.37,1.00
2017.03.13 19:51:42.511,9.52517,9.52735,1.00,1.00
2017.03.13 19:51:43.741,9.52517,9.52737,1.00,1.00
2017.03.13 19:51:52.344,9.52517,9.52735,1.00,1.00
2017.03.13 19:51:54.010,9.52517,9.52735,1.37,1.00
2017.03.13 19:51:54.391,9.52517,9.52735,1.00,1.00
2017.03.13 19:51:57.296,9.52517,9.52739,1.00,1.00
2017.03.13 19:51:57.786,9.52517,9.52732,1.00,1.00
2017.03.13 19:51:57.837,9.52517,9.52743,1.00,1.00
2017.03.13 19:51:58.103,9.52517,9.52739,1.00,1.00
2017.03.13 19:51:58.775,9.52517,9.52734,1.00,1.00
2017.03.13 19:51:59.117,9.52517,9.52731,1.00,1.00
2017.03.13 19:51:59.455,9.52517,9.52718,1.00,1.00
2017.03.13 19:52:02.556,9.52517,9.52728,1.00,1.00
2017.03.13 19:52:04.220,9.52517,9.52725,1.00,1.37
2017.03.13 19:52:04.539,9.52517,9.52714,1.00,1.00
2017.03.13 19:52:05.538,9.52517,9.52725,1.00,1.37
2017.03.13 19:52:05.639,9.52517,9.52716,1.00,1.00
2017.03.13 19:52:05.830,9.52517,9.52725,1.00,1.37
2017.03.13 19:52:05.982,9.52517,9.52717,1.00,1.00
2017.03.13 19:52:06.184,9.52503,9.52717,1.00,1.00
2017.03.13 19:52:08.045,9.52503,9.5271,1.00,1.00
2017.03.13 19:52:10.216,9.52503,9.52707,1.00,1.00
2017.03.13 19:52:10.722,9.52503,9.5271,1.00,1.00
2017.03.13 19:52:13.461,9.52503,9.52707,1.00,1.00
2017.03.13 19:52:14.664,9.52503,9.52712,1.00,1.00
2017.03.13 19:52:14.917,9.52503,9.5272,1.00,1.00
2017.03.13 19:52:15.893,9.52503,9.52722,1.00,1.00
2017.03.13 19:52:17.722,9.52503,9.52716,1.00,1.00
2017.03.13 19:52:17.823,9.52503,9.5272,1.00,1.00
2017.03.13 19:52:17.874,9.52503,9.52722,1.00,1.00
2017.03.13 19:52:19.426,9.52503,9.5272,1.00,1.00
2017.03.13 19:52:24.068,9.52503,9.52717,1.00,1.00
2017.03.13 19:52:24.405,9.52503,9.5272,1.00,1.00
2017.03.13 19:52:24.766,9.52503,9.52715,1.00,1.00
2017.03.13 19:52:24.867,9.52503,9.5272,1.00,1.00
2017.03.13 19:52:26.527,9.52502,9.5272,1.00,1.00
2017.03.13 19:52:28.836,9.52502,9.52723,1.00,1.00
2017.03.13 19:52:31.222,9.52524,9.52733,1.00,1.00
2017.03.13 19:52:33.371,9.52524,9.52734,1.00,1.00
2017.03.13 19:52:34.799,9.52524,9.52729,1.00,1.00
2017.03.13 19:52:34.850,9.52521,9.52729,1.00,1.00
2017.03.13 19:52:37.538,9.52521,9.52719,1.00,1.00
2017.03.13 19:52:37.866,9.52521,9.52717,1.00,1.00
2017.03.13 19:52:39.803,9.52509,9.52717,1.00,1.00
2017.03.13 19:52:39.854,9.52509,9.52704,1.00,1.00
2017.03.13 19:52:39.905,9.52509,9.52706,1.00,1.00
2017.03.13 19:52:40.361,9.52509,9.52714,1.00,1.00
2017.03.13 19:52:40.766,9.52513,9.52714,1.00,1.00
2017.03.13 19:52:41.070,9.52513,9.52704,1.00,1.00
2017.03.13 19:52:41.538,9.5251,9.52704,1.00,1.00
2017.03.13 19:52:42.063,9.5251,9.52705,1.00,1.00
2017.03.13 19:52:47.977,9.5251,9.52713,1.00,1.00
2017.03.13 19:52:48.129,9.5251,9.52716,1.00,1.00
2017.03.13 19:52:50.881,9.5251,9.52718,1.00,1.00
2017.03.13 19:52:53.353,9.5251,9.52728,1.00,1.00
2017.03.13 19:52:53.404,9.5251,9.52734,1.00,1.00
2017.03.13 19:52:53.506,9.52526,9.52734,1.00,1.00
2017.03.13 19:52:53.819,9.52531,9.52738,1.00,1.00
2017.03.13 19:52:54.123,9.52546,9.52751,1.00,1.37
2017.03.13 19:52:54.437,9.52546,9.52751,1.00,1.00
2017.03.13 19:52:54.967,9.52545,9.52751,1.00,1.00
2017.03.13 19:52:55.675,9.52536,9.52751,1.00,1.12
2017.03.13 19:52:55.937,9.52546,9.52751,1.00,1.12
2017.03.13 19:52:56.139,9.52536,9.52751,1.00,1.12
2017.03.13 19:52:56.246,9.52536,9.52751,1.00,1.37
2017.03.13 19:52:57.224,9.52546,9.52751,1.00,1.37
2017.03.13 19:52:58.312,9.52546,9.52751,1.00,1.37
2017.03.13 19:52:58.866,9.52535,9.52751,1.00,1.37
2017.03.13 19:52:59.561,9.52535,9.52752,1.00,1.00
2017.03.13 19:52:59.612,9.52546,9.52752,1.00,1.00
2017.03.13 19:53:01.268,9.52536,9.52752,1.00,1.00
2017.03.13 19:53:01.792,9.52536,9.52752,1.00,1.37
2017.03.13 19:53:02.224,9.52546,9.52752,1.00,1.00
2017.03.13 19:53:02.859,9.52536,9.52752,1.00,1.00
2017.03.13 19:53:03.061,9.52536,9.52741,1.00,1.37
2017.03.13 19:53:03.112,9.52536,9.52751,1.00,1.00
2017.03.13 19:53:03.163,9.52546,9.52751,1.00,1.00
2017.03.13 19:53:03.265,9.52535,9.52751,1.00,1.00
2017.03.13 19:53:04.039,9.52536,9.52751,1.00,1.00
2017.03.13 19:53:04.565,9.52536,9.52752,1.00,1.00
2017.03.13 19:53:10.801,9.52536,9.52741,1.00,1.00
2017.03.13 19:53:11.118,9.52531,9.52741,1.00,1.00
2017.03.13 19:53:13.963,9.52531,9.52746,1.00,1.00
2017.03.13 19:53:14.563,9.5253,9.52746,1.50,1.00
2017.03.13 19:53:19.524,9.5253,9.52736,1.00,1.00
2017.03.13 19:53:23.887,9.52522,9.52736,1.00,1.00
2017.03.13 19:53:26.153,9.52523,9.52736,1.00,1.00
2017.03.13 19:53:26.718,9.52522,9.52736,1.00,1.00
2017.03.13 19:53:26.819,9.52527,9.52736,1.00,1.00
2017.03.13 19:53:26.870,9.52527,9.52747,1.00,1.00
2017.03.13 19:53:28.986,9.52527,9.52742,1.00,1.00
2017.03.13 19:53:32.219,9.52545,9.52742,1.00,1.00
2017.03.13 19:53:34.574,9.52545,9.5275,1.00,1.00
2017.03.13 19:53:49.594,9.52545,9.52752,1.00,1.00
2017.03.13 19:53:54.858,9.52545,9.52741,1.00,1.00
2017.03.13 19:53:55.837,9.52545,9.52738,1.00,1.00
2017.03.13 19:53:57.883,9.52545,9.52748,1.00,1.00
2017.03.13 19:53:58.527,9.52545,9.52747,1.00,1.87
2017.03.13 19:53:58.577,9.52545,9.52748,1.00,1.00
2017.03.13 19:53:59.034,9.52545,9.52746,1.00,1.00
2017.03.13 19:54:00.949,9.5256,9.52757,1.00,1.00
2017.03.13 19:54:01.000,9.5256,9.52767,1.00,1.00
2017.03.13 19:54:01.051,9.52575,9.52768,1.00,1.00
2017.03.13 19:54:01.355,9.52582,9.52768,1.00,1.00
2017.03.13 19:54:01.457,9.52567,9.52768,1.00,1.00
2017.03.13 19:54:01.914,9.52567,9.52766,1.00,1.00
2017.03.13 19:54:04.561,9.52569,9.52766,1.00,1.00
2017.03.13 19:54:04.611,9.52569,9.52774,1.00,1.00
2017.03.13 19:54:04.713,9.52576,9.52774,1.00,1.00
2017.03.13 19:54:04.764,9.52576,9.52779,1.00,1.00
2017.03.13 19:54:05.235,9.52569,9.52779,1.00,1.00
2017.03.13 19:54:06.250,9.52576,9.52787,1.00,1.00
2017.03.13 19:54:08.205,9.52569,9.52787,1.00,1.00
2017.03.13 19:54:11.256,9.52579,9.52787,1.00,1.00
2017.03.13 19:54:12.570,9.52569,9.52787,1.50,1.00
2017.03.13 19:54:14.072,9.52569,9.52789,1.50,1.00
2017.03.13 19:54:14.877,9.5258,9.52789,1.00,1.00
2017.03.13 19:54:15.029,9.52571,9.52789,1.00,1.00
2017.03.13 19:54:17.656,9.52569,9.52789,1.00,1.00
2017.03.13 19:54:17.859,9.52585,9.52789,1.00,1.00
2017.03.13 19:54:18.206,9.52588,9.52789,1.00,1.00
2017.03.13 19:54:19.661,9.52588,9.52788,1.00,1.00
2017.03.13 19:54:22.833,9.52588,9.52785,1.00,1.00
2017.03.13 19:54:22.883,9.52588,9.52787,1.00,1.00
2017.03.13 19:54:23.416,9.52588,9.52786,1.00,1.00
2017.03.13 19:54:23.874,9.52588,9.52788,1.00,1.00
2017.03.13 19:54:24.077,9.52588,9.52786,1.00,1.00
2017.03.13 19:54:24.857,9.52588,9.52788,1.00,1.00
2017.03.13 19:54:25.973,9.52588,9.52789,1.00,1.00
2017.03.13 19:54:26.515,9.52588,9.5279,1.00,1.00
2017.03.13 19:54:27.118,9.52588,9.52789,1.00,1.00
2017.03.13 19:54:28.030,9.52576,9.52789,1.00,1.00
2017.03.13 19:54:31.512,9.52576,9.5278,1.00,1.00
2017.03.13 19:54:31.563,9.52576,9.52789,1.00,1.00
2017.03.13 19:54:33.121,9.52576,9.5278,1.00,1.00
2017.03.13 19:54:33.172,9.52576,9.52789,1.00,1.00
2017.03.13 19:54:34.104,9.52576,9.5278,1.00,1.00
2017.03.13 19:54:34.155,9.52576,9.52789,1.00,1.00
2017.03.13 19:54:36.663,9.52576,9.5278,1.00,1.00
2017.03.13 19:54:36.765,9.52576,9.52789,1.00,1.00
2017.03.13 19:54:37.203,9.52576,9.52781,1.00,1.00
2017.03.13 19:54:37.254,9.52576,9.52789,1.00,1.00
2017.03.13 19:54:38.867,9.52595,9.52789,1.00,1.00
2017.03.13 19:54:39.363,9.52595,9.52796,1.00,1.00
2017.03.13 19:54:39.566,9.52595,9.52791,1.00,1.00
2017.03.13 19:54:39.617,9.52595,9.52796,1.00,1.00
2017.03.13 19:54:39.820,9.52595,9.52791,1.00,1.00
2017.03.13 19:54:40.073,9.52595,9.52796,1.00,1.00
2017.03.13 19:54:40.124,9.52585,9.5279,1.00,1.00
2017.03.13 19:54:41.150,9.5258,9.52786,1.00,1.00
2017.03.13 19:54:41.201,9.52573,9.52786,1.00,1.00
2017.03.13 19:54:41.302,9.52573,9.52773,1.00,1.00
2017.03.13 19:54:41.353,9.52565,9.52773,1.00,1.00
2017.03.13 19:54:44.015,9.52555,9.52773,1.00,1.00
2017.03.13 19:54:44.117,9.52555,9.5277,1.00,1.00
2017.03.13 19:54:44.868,9.52555,9.52756,1.00,1.00
2017.03.13 19:54:45.428,9.52551,9.52756,1.00,1.00
2017.03.13 19:54:45.885,9.52551,9.52767,1.00,1.00
2017.03.13 19:54:48.044,9.52551,9.52767,1.00,1.37
2017.03.13 19:54:48.246,9.52551,9.52767,1.00,1.00
2017.03.13 19:54:49.715,9.52551,9.52765,1.00,1.00
2017.03.13 19:54:50.311,9.52545,9.52765,1.00,1.00
2017.03.13 19:54:50.514,9.52556,9.52765,1.00,1.00
2017.03.13 19:54:51.100,9.52546,9.52765,1.00,1.00
2017.03.13 19:54:51.202,9.52556,9.52765,1.00,1.00
2017.03.13 19:54:54.524,9.52551,9.52765,1.00,1.00
2017.03.13 19:54:58.012,9.52556,9.52753,1.00,1.00
2017.03.13 19:54:58.533,9.52556,9.52763,1.00,1.00
2017.03.13 19:54:59.019,9.52556,9.52753,1.00,1.00
2017.03.13 19:55:00.232,9.52556,9.52763,1.00,1.00
2017.03.13 19:55:00.957,9.52566,9.52763,1.00,1.00
2017.03.13 19:55:04.726,9.52566,9.52756,1.00,1.00
2017.03.13 19:55:06.809,9.52556,9.52752,1.00,1.00
2017.03.13 19:55:10.132,9.52559,9.52763,1.00,1.00
2017.03.13 19:55:14.175,9.52559,9.52753,1.00,1.00
2017.03.13 19:55:14.487,9.52569,9.52753,1.00,1.00
2017.03.13 19:55:14.809,9.52569,9.52769,1.00,1.00
2017.03.13 19:55:15.972,9.52569,9.5278,1.00,1.87
2017.03.13 19:55:16.311,9.52581,9.5278,1.00,1.87
2017.03.13 19:55:16.650,9.52581,9.5278,1.00,3.75
2017.03.13 19:55:17.512,9.52581,9.5278,1.00,1.75
2017.03.13 19:55:17.936,9.52581,9.5278,1.00,2.25
2017.03.13 19:55:18.465,9.52581,9.5278,1.00,2.62
2017.03.13 19:55:19.498,9.52581,9.5278,1.00,1.87
2017.03.13 19:55:20.014,9.52581,9.52775,1.00,1.00
2017.03.13 19:55:20.606,9.52581,9.52769,1.00,1.00
2017.03.13 19:55:20.908,9.52596,9.5278,1.00,1.00
2017.03.13 19:55:20.959,9.52596,9.52787,1.00,1.37
2017.03.13 19:55:21.263,9.52596,9.52787,1.00,1.37
2017.03.13 19:55:21.365,9.52595,9.52787,1.00,1.00
2017.03.13 19:55:21.734,9.52595,9.5278,1.00,1.50
2017.03.13 19:55:21.936,9.52595,9.52787,1.00,1.37
2017.03.13 19:55:22.326,9.52595,9.52782,1.00,1.87
2017.03.13 19:55:23.113,9.52583,9.52782,1.00,1.87
2017.03.13 19:55:23.215,9.52583,9.52786,1.00,1.37
2017.03.13 19:55:23.569,9.52593,9.52786,1.00,1.12
2017.03.13 19:55:24.026,9.52581,9.5278,1.00,1.00
2017.03.13 19:55:24.532,9.5258,9.5278,1.00,1.00
2017.03.13 19:55:25.069,9.52581,9.52787,1.00,1.87
2017.03.13 19:55:25.121,9.52581,9.5278,1.00,1.37
2017.03.13 19:55:25.172,9.52581,9.5278,1.00,1.00
2017.03.13 19:55:25.577,9.52581,9.5279,1.00,2.62
2017.03.13 19:55:25.628,9.52581,9.52775,1.00,1.00
2017.03.13 19:55:27.073,9.5258,9.52775,1.00,1.00
2017.03.13 19:55:27.124,9.5258,9.52796,1.00,1.12
2017.03.13 19:55:27.333,9.5258,9.52793,1.00,1.00
2017.03.13 19:55:27.637,9.52581,9.52786,1.00,1.00
2017.03.13 19:55:28.598,9.52581,9.52786,1.00,1.37
2017.03.13 19:55:29.224,9.52581,9.52781,1.00,1.00
2017.03.13 19:55:37.792,9.52581,9.5275,1.00,1.00
2017.03.13 19:55:37.843,9.52567,9.5275,1.00,1.00
2017.03.13 19:55:37.894,9.52567,9.5274,1.00,1.00
2017.03.13 19:55:37.945,9.52556,9.5274,1.00,1.00
2017.03.13 19:55:38.046,9.52541,9.5274,1.00,1.00
2017.03.13 19:55:38.350,9.52541,9.5273,1.00,1.00
2017.03.13 19:55:38.553,9.52541,9.5274,1.00,1.00
2017.03.13 19:55:39.038,9.52541,9.52752,1.00,1.00
2017.03.13 19:55:39.454,9.52552,9.52752,1.00,1.00
2017.03.13 19:55:44.270,9.52552,9.52758,1.00,1.00
2017.03.13 19:55:45.861,9.52566,9.52763,1.00,1.00
2017.03.13 19:55:45.912,9.52566,9.52769,1.00,1.00
2017.03.13 19:55:46.273,9.52576,9.52769,1.00,1.00
2017.03.13 19:55:49.878,9.52557,9.52762,2.40,1.00
2017.03.13 19:55:51.933,9.52559,9.52762,2.40,1.00
2017.03.13 19:55:59.274,9.52571,9.52772,1.52,1.00
2017.03.13 19:56:00.282,9.52571,9.52773,1.52,1.00
2017.03.13 19:56:01.810,9.52571,9.5277,1.65,1.00
2017.03.13 19:56:01.861,9.5256,9.5277,1.52,1.00
2017.03.13 19:56:04.269,9.5256,9.5277,1.90,1.37
2017.03.13 19:56:05.499,9.52559,9.52762,1.52,1.00
2017.03.13 19:56:05.939,9.52553,9.52762,1.90,1.37
2017.03.13 19:56:06.357,9.52553,9.52762,1.90,1.37
2017.03.13 19:56:06.766,9.52553,9.5276,1.52,1.37
2017.03.13 19:56:07.766,9.52553,9.52762,1.52,1.00
2017.03.13 19:56:08.312,9.52553,9.5276,1.52,1.00
2017.03.13 19:56:08.379,9.52553,9.52762,1.52,1.00
2017.03.13 19:56:08.740,9.52553,9.5276,1.52,1.00
2017.03.13 19:56:09.015,9.52553,9.52762,1.52,1.00
2017.03.13 19:56:09.310,9.52553,9.5276,1.52,1.00
2017.03.13 19:56:09.361,9.52553,9.52762,1.52,1.00
2017.03.13 19:56:10.285,9.52553,9.5276,1.52,1.00
2017.03.13 19:56:10.336,9.52553,9.52762,1.52,1.00
2017.03.13 19:56:11.625,9.52553,9.5276,1.52,1.00
2017.03.13 19:56:11.675,9.52553,9.52762,1.52,1.00
2017.03.13 19:56:11.889,9.52553,9.5276,1.52,1.00
2017.03.13 19:56:11.940,9.52553,9.52762,1.52,1.00
2017.03.13 19:56:12.215,9.52553,9.5276,1.52,1.00
2017.03.13 19:56:12.530,9.52553,9.52762,1.52,1.00
2017.03.13 19:56:14.281,9.52553,9.52761,1.52,1.00
2017.03.13 19:56:15.070,9.52553,9.5276,1.52,1.00
2017.03.13 19:56:15.600,9.52553,9.52761,1.52,1.00
2017.03.13 19:56:16.622,9.52553,9.5276,1.52,1.00
2017.03.13 19:56:18.937,9.52553,9.52761,1.52,1.50
2017.03.13 19:56:19.895,9.52553,9.5276,1.52,1.00
2017.03.13 19:56:20.765,9.52553,9.52761,1.52,1.00
2017.03.13 19:56:21.785,9.52563,9.52761,2.40,1.00
2017.03.13 19:56:21.887,9.52563,9.5277,2.40,1.37
2017.03.13 19:56:22.334,9.52569,9.52766,2.40,1.87
2017.03.13 19:56:22.899,9.52568,9.52765,2.40,1.87
2017.03.13 19:56:23.452,9.52562,9.52762,2.40,1.87
2017.03.13 19:56:23.969,9.52564,9.5276,2.40,1.87
2017.03.13 19:56:24.533,9.52562,9.52758,2.40,1.87
2017.03.13 19:56:25.132,9.52563,9.52757,2.40,1.87
2017.03.13 19:56:26.265,9.52555,9.52756,2.40,1.87
2017.03.13 19:56:26.613,9.52555,9.52756,2.40,1.87
2017.03.13 19:56:26.714,9.52567,9.52763,2.40,1.87
2017.03.13 19:56:26.873,9.52567,9.52763,2.40,1.87
2017.03.13 19:56:27.221,9.52567,9.52761,2.40,1.87
2017.03.13 19:56:27.730,9.52562,9.52755,2.40,1.87
2017.03.13 19:56:28.464,9.52564,9.52752,2.40,1.87
2017.03.13 19:56:28.867,9.52555,9.5275,2.40,1.87
2017.03.13 19:56:30.031,9.52559,9.52748,2.40,1.87
2017.03.13 19:56:31.084,9.52557,9.52755,2.40,1.87
2017.03.13 19:56:32.158,9.5256,9.5276,2.40,2.62
2017.03.13 19:56:32.620,9.52564,9.52755,2.40,1.87
2017.03.13 19:56:34.359,9.52559,9.5276,2.40,2.62
2017.03.13 19:56:34.829,9.52562,9.52757,2.40,1.87
2017.03.13 19:56:35.378,9.52564,9.52755,2.40,1.87
2017.03.13 19:56:36.312,9.52566,9.52753,2.40,1.87
2017.03.13 19:56:37.263,9.52566,9.52753,2.40,1.50
2017.03.13 19:56:40.765,9.52554,9.52753,2.40,1.87
2017.03.13 19:56:41.271,9.52552,9.52754,1.52,1.87
2017.03.13 19:56:41.322,9.52552,9.5275,1.52,1.87
2017.03.13 19:56:42.241,9.52552,9.52757,1.52,1.87
2017.03.13 19:56:44.678,9.52552,9.52754,1.52,1.87
2017.03.13 19:56:45.204,9.52552,9.52751,1.52,1.87
2017.03.13 19:56:45.593,9.52552,9.52751,1.52,1.87
2017.03.13 19:56:47.201,9.52552,9.52757,1.52,1.87
2017.03.13 19:56:47.900,9.52552,9.52754,1.52,1.87
2017.03.13 19:56:49.018,9.52552,9.5275,1.52,1.87
2017.03.13 19:56:49.541,9.52552,9.52748,1.52,1.87
2017.03.13 19:56:51.026,9.52552,9.52746,1.52,1.87
2017.03.13 19:56:56.725,9.52552,9.52757,1.52,1.87
2017.03.13 19:56:57.147,9.52552,9.52757,1.52,1.87
2017.03.13 19:56:57.665,9.52552,9.52751,1.52,1.87
2017.03.13 19:57:01.832,9.52552,9.52756,1.52,1.87
2017.03.13 19:57:02.796,9.52554,9.52755,2.40,1.87
2017.03.13 19:57:03.483,9.52552,9.5275,1.65,1.87
2017.03.13 19:57:03.938,9.52556,9.52761,1.52,1.87
2017.03.13 19:57:04.039,9.52556,9.52766,1.52,1.37
2017.03.13 19:57:04.090,9.52556,9.52771,1.52,1.00
2017.03.13 19:57:04.287,9.52554,9.52771,2.02,2.25
2017.03.13 19:57:04.591,9.52568,9.52769,1.52,1.87
2017.03.13 19:57:05.147,9.52557,9.52767,1.65,1.87
2017.03.13 19:57:05.712,9.52557,9.52765,1.52,1.87
2017.03.13 19:57:05.921,9.52557,9.52766,1.65,1.12
2017.03.13 19:57:05.972,9.52557,9.5277,1.90,1.37
2017.03.13 19:57:06.414,9.52557,9.5277,1.90,2.62
2017.03.13 19:57:07.571,9.52557,9.5277,1.52,1.00
2017.03.13 19:57:08.225,9.52578,9.52773,1.52,1.37
2017.03.13 19:57:08.326,9.52578,9.52773,1.00,1.37
2017.03.13 19:57:08.427,9.52563,9.52773,1.52,1.37
2017.03.13 19:57:08.630,9.52563,9.52773,1.52,1.37
2017.03.13 19:57:09.251,9.52563,9.52773,1.52,1.75
2017.03.13 19:57:10.424,9.52563,9.52773,1.52,2.62
2017.03.13 19:57:10.671,9.52563,9.52773,1.52,1.12
2017.03.13 19:57:12.965,9.52563,9.52773,1.52,1.37
2017.03.13 19:57:13.720,9.52563,9.52773,1.52,1.75
2017.03.13 19:57:14.725,9.52563,9.52773,1.52,1.00
2017.03.13 19:57:15.416,9.52563,9.52773,1.52,1.37
2017.03.13 19:57:15.467,9.52563,9.52773,1.52,1.37
2017.03.13 19:57:15.519,9.52563,9.52773,1.52,1.00
2017.03.13 19:57:15.570,9.52563,9.52773,1.52,1.00
2017.03.13 19:57:16.563,9.52566,9.52773,1.52,1.37
2017.03.13 19:57:16.615,9.52565,9.52773,1.52,1.00
2017.03.13 19:57:17.148,9.52563,9.52773,1.52,1.37
2017.03.13 19:57:17.501,9.52563,9.52773,1.52,2.62
2017.03.13 19:57:18.046,9.52563,9.52773,1.52,2.62
2017.03.13 19:57:18.808,9.52563,9.52773,1.52,1.00
2017.03.13 19:57:19.271,9.52563,9.52773,1.52,1.37
2017.03.13 19:57:28.841,9.52563,9.52773,1.52,1.00
2017.03.13 19:57:29.477,9.52563,9.52777,1.52,1.37
2017.03.13 19:57:30.085,9.52563,9.52777,1.52,1.37
2017.03.13 19:57:30.415,9.52563,9.52777,1.52,1.37
2017.03.13 19:57:32.146,9.52563,9.52777,1.90,1.75
2017.03.13 19:57:33.191,9.52563,9.52771,1.00,1.87
2017.03.13 19:57:33.293,9.52563,9.52771,1.52,1.87
2017.03.13 19:57:33.739,9.52563,9.52769,1.65,1.87
2017.03.13 19:57:34.283,9.52563,9.52768,1.52,1.87
2017.03.13 19:57:35.009,9.52563,9.52767,1.65,1.87
2017.03.13 19:57:35.600,9.52563,9.52765,1.65,1.87
2017.03.13 19:57:36.447,9.52563,9.52763,1.90,1.87
2017.03.13 19:57:36.963,9.52563,9.52764,1.90,1.87
2017.03.13 19:57:37.362,9.52564,9.52773,2.40,1.87
2017.03.13 19:57:37.666,9.52563,9.52771,2.62,1.87
2017.03.13 19:57:37.868,9.52563,9.52771,2.62,1.87
2017.03.13 19:57:38.314,9.52563,9.52772,3.15,1.87
2017.03.13 19:57:38.862,9.52563,9.52769,1.52,1.87
2017.03.13 19:57:41.625,9.52563,9.52775,1.90,1.87
2017.03.13 19:57:42.902,9.52563,9.5277,1.90,1.87
2017.03.13 19:57:44.152,9.52563,9.5277,1.90,1.87
2017.03.13 19:57:44.466,9.52563,9.52765,1.52,1.87
2017.03.13 19:57:44.788,9.52563,9.52763,1.52,1.87
2017.03.13 19:57:44.889,9.52563,9.52763,1.52,1.87
2017.03.13 19:57:45.355,9.5257,9.52773,2.40,1.87
2017.03.13 19:57:45.406,9.5257,9.52773,2.40,1.87
2017.03.13 19:57:45.786,9.5257,9.5277,2.40,1.87
2017.03.13 19:57:46.528,9.52563,9.52771,1.90,1.87
2017.03.13 19:57:47.120,9.52563,9.5277,3.15,1.87
2017.03.13 19:57:48.493,9.52563,9.52765,1.90,1.87
2017.03.13 19:57:48.908,9.52563,9.52765,1.52,1.87
2017.03.13 19:57:48.959,9.52563,9.52758,1.52,1.50
2017.03.13 19:57:49.285,9.52563,9.52758,1.52,1.87
2017.03.13 19:57:50.005,9.52563,9.52767,1.52,1.87
2017.03.13 19:57:50.636,9.52563,9.52763,1.52,1.87
2017.03.13 19:57:53.111,9.52563,9.52763,1.52,1.87
2017.03.13 19:58:00.595,9.52563,9.52764,1.52,1.87
2017.03.13 19:58:02.336,9.52563,9.52764,1.52,1.87
2017.03.13 19:58:03.787,9.52563,9.52764,1.52,1.12
2017.03.13 19:58:03.939,9.52563,9.52762,1.52,1.87
2017.03.13 19:58:04.795,9.52563,9.52777,1.52,1.37
2017.03.13 19:58:04.846,9.52563,9.52777,1.52,1.37
2017.03.13 19:58:05.238,9.52563,9.52772,1.52,1.87
2017.03.13 19:58:05.802,9.52563,9.5277,1.52,1.50
2017.03.13 19:58:08.926,9.52563,9.52766,1.52,1.87
2017.03.13 19:58:09.510,9.52563,9.52765,1.52,1.87
2017.03.13 19:58:09.979,9.52563,9.52772,1.52,1.87
2017.03.13 19:58:11.157,9.52563,9.52769,1.52,1.87
2017.03.13 19:58:11.787,9.52563,9.52767,1.52,1.87
2017.03.13 19:58:12.170,9.52563,9.52779,1.52,1.37
2017.03.13 19:58:12.702,9.52563,9.52775,1.52,1.87
2017.03.13 19:58:13.448,9.52563,9.52771,1.52,1.87
2017.03.13 19:58:14.433,9.52563,9.52767,1.52,1.87
2017.03.13 19:58:14.709,9.52563,9.52764,1.52,1.87
2017.03.13 19:58:15.071,9.52563,9.52775,1.52,1.87
2017.03.13 19:58:15.249,9.52563,9.52776,1.52,1.87
2017.03.13 19:58:15.825,9.52563,9.52775,1.52,1.87
2017.03.13 19:58:17.109,9.52563,9.52778,1.52,1.37
2017.03.13 19:58:17.742,9.52563,9.52778,1.52,2.62
2017.03.13 19:58:18.068,9.52563,9.52771,1.52,1.87
2017.03.13 19:58:18.560,9.52563,9.52769,1.52,1.87
2017.03.13 19:58:19.283,9.52563,9.52769,1.52,1.87
2017.03.13 19:58:19.334,9.52563,9.52764,1.52,1.87
2017.03.13 19:58:20.200,9.52563,9.52762,1.52,1.87
2017.03.13 19:58:20.402,9.52563,9.52773,1.52,2.62
2017.03.13 19:58:20.705,9.52563,9.52773,1.90,2.62
2017.03.13 19:58:21.235,9.52563,9.52773,1.90,2.62
2017.03.13 19:58:21.970,9.52563,9.52773,1.52,1.00
2017.03.13 19:58:23.186,9.52563,9.52773,1.52,1.00
2017.03.13 19:58:24.876,9.52563,9.52773,1.52,1.37
2017.03.13 19:58:27.134,9.52563,9.52773,1.52,1.37
2017.03.13 19:58:27.534,9.52563,9.52772,1.52,1.87
2017.03.13 19:58:28.419,9.52563,9.52767,1.00,1.50
2017.03.13 19:58:28.520,9.52557,9.52762,1.52,1.00
2017.03.13 19:58:28.874,9.52559,9.52774,1.52,1.00
2017.03.13 19:58:29.513,9.52557,9.52779,1.52,1.37
2017.03.13 19:58:30.370,9.52557,9.52779,1.52,1.00
2017.03.13 19:58:30.920,9.52557,9.52778,1.87,1.00
2017.03.13 19:58:32.289,9.52557,9.5277,1.52,1.00
2017.03.13 19:58:32.340,9.52557,9.52778,1.87,1.37
2017.03.13 19:58:32.506,9.52557,9.5276,1.87,1.00
2017.03.13 19:58:32.658,9.52557,9.5276,1.00,1.00
2017.03.13 19:58:34.388,9.52557,9.52767,1.52,1.00
2017.03.13 19:58:34.489,9.52559,9.5277,1.12,1.00
2017.03.13 19:58:35.179,9.52557,9.5276,1.52,1.00
2017.03.13 19:58:37.677,9.52557,9.5276,1.00,1.12
2017.03.13 19:58:38.727,9.52557,9.52767,1.52,1.00
2017.03.13 19:58:38.828,9.52557,9.5277,1.87,1.12
2017.03.13 19:58:39.037,9.52557,9.52765,1.52,1.87
2017.03.13 19:58:39.676,9.52557,9.52757,1.52,1.87
2017.03.13 19:58:40.644,9.52557,9.5276,1.52,1.12
2017.03.13 19:58:40.745,9.52557,9.52767,1.52,1.00
2017.03.13 19:58:41.253,9.52557,9.52767,1.90,1.37
2017.03.13 19:58:41.936,9.52576,9.5277,1.00,1.87
2017.03.13 19:58:42.290,9.52576,9.52779,1.52,1.37
2017.03.13 19:58:43.277,9.52576,9.52779,1.65,1.00
2017.03.13 19:58:43.836,9.52576,9.52779,1.52,2.62
2017.03.13 19:58:44.053,9.52576,9.52779,1.52,1.00
2017.03.13 19:58:44.416,9.52576,9.52779,1.00,1.00
2017.03.13 19:58:44.467,9.52576,9.5277,1.00,1.00
2017.03.13 19:58:45.318,9.52576,9.5278,1.52,1.00
2017.03.13 19:58:45.745,9.52576,9.52778,1.90,1.87
2017.03.13 19:58:45.797,9.52576,9.5278,1.90,1.00
2017.03.13 19:58:46.207,9.52576,9.52776,1.00,1.50
2017.03.13 19:58:46.358,9.52576,9.52776,1.00,1.87
2017.03.13 19:58:46.585,9.52576,9.5278,1.00,1.12
2017.03.13 19:58:47.221,9.52576,9.5278,1.00,1.37
2017.03.13 19:58:47.807,9.52576,9.52771,1.00,1.00
2017.03.13 19:58:48.849,9.52576,9.52772,1.00,1.00
2017.03.13 19:58:48.900,9.52576,9.5278,1.00,1.12
2017.03.13 19:58:49.797,9.52576,9.5278,1.00,1.37
2017.03.13 19:58:52.322,9.52577,9.5278,1.00,1.37
2017.03.13 19:58:52.378,9.52577,9.5278,1.00,1.00
2017.03.13 19:58:52.429,9.52577,9.5278,1.52,1.00
2017.03.13 19:58:52.661,9.52577,9.5278,1.00,1.00
2017.03.13 19:58:55.119,9.52577,9.52772,1.00,1.00
2017.03.13 19:58:55.220,9.52577,9.52781,1.00,1.00
2017.03.13 19:58:55.555,9.52577,9.52781,1.37,1.00
2017.03.13 19:58:56.058,9.52577,9.5278,1.37,1.00
2017.03.13 19:58:56.464,9.52577,9.5278,1.37,1.00
2017.03.13 19:58:56.978,9.52577,9.52767,1.00,1.00
2017.03.13 19:59:12.810,9.52577,9.52778,1.00,1.00
2017.03.13 19:59:14.628,9.52573,9.52778,1.52,1.00
2017.03.13 19:59:15.165,9.52573,9.52777,1.52,1.00
2017.03.13 19:59:20.254,9.52573,9.5278,1.52,1.50
2017.03.13 19:59:20.420,9.52573,9.52769,1.00,1.00
2017.03.13 19:59:20.800,9.52573,9.5278,1.52,1.87
2017.03.13 19:59:23.288,9.52573,9.5278,1.52,1.50
2017.03.13 19:59:23.862,9.52573,9.5278,1.00,2.62
2017.03.13 19:59:23.913,9.52573,9.52766,1.00,1.00
2017.03.13 19:59:24.065,9.52573,9.52779,1.52,1.50
2017.03.13 19:59:26.506,9.5259,9.5279,3.52,1.00
2017.03.13 19:59:26.810,9.52586,9.52777,1.52,1.00
2017.03.13 19:59:27.299,9.52582,9.52777,1.27,1.00
2017.03.13 19:59:27.552,9.52587,9.52777,1.00,1.00
2017.03.13 19:59:27.603,9.52587,9.52788,1.00,1.00
2017.03.13 19:59:27.856,9.52587,9.52789,1.52,1.00
2017.03.13 19:59:28.768,9.52601,9.52793,1.00,1.00
2017.03.13 19:59:28.869,9.52601,9.52799,1.52,1.00
2017.03.13 19:59:28.920,9.52601,9.52802,1.52,1.00
2017.03.13 19:59:28.971,9.52601,9.52802,1.52,1.00
2017.03.13 19:59:29.277,9.52617,9.52817,1.52,1.50
2017.03.13 19:59:29.898,9.52617,9.52824,1.52,1.00
2017.03.13 19:59:30.100,9.52617,9.52826,1.52,1.87
2017.03.13 19:59:32.109,9.52617,9.52826,1.52,1.37
2017.03.13 19:59:32.841,9.52617,9.52826,1.52,1.37
2017.03.13 19:59:32.994,9.52617,9.52818,1.00,1.00
2017.03.13 19:59:33.045,9.52607,9.528,1.52,1.00
2017.03.13 19:59:33.096,9.52607,9.528,1.00,1.50
2017.03.13 19:59:33.248,9.52607,9.5279,1.00,1.00
2017.03.13 19:59:33.779,9.52607,9.528,1.00,1.50
2017.03.13 19:59:34.450,9.52593,9.528,1.27,1.50
2017.03.13 19:59:36.176,9.52593,9.5279,1.27,1.00
2017.03.13 19:59:36.277,9.52593,9.528,1.27,1.50
2017.03.13 19:59:36.328,9.52593,9.528,1.52,1.00
2017.03.13 19:59:37.217,9.52593,9.528,1.27,1.50
2017.03.13 19:59:39.503,9.52593,9.528,1.52,1.00
2017.03.13 19:59:39.729,9.52593,9.52803,1.52,1.00
2017.03.13 19:59:44.085,9.52593,9.528,1.52,1.00
2017.03.13 19:59:45.348,9.52593,9.52799,1.52,1.00
2017.03.13 19:59:45.449,9.52593,9.5281,1.52,1.00
2017.03.13 19:59:46.116,9.52593,9.52811,1.52,1.00
2017.03.13 19:59:46.318,9.52593,9.528,1.52,1.00
2017.03.13 19:59:46.521,9.52593,9.5281,1.52,1.00
2017.03.13 19:59:48.764,9.52614,9.52801,1.00,1.00
2017.03.13 19:59:48.866,9.52614,9.5281,1.52,1.00
2017.03.13 19:59:49.528,9.52614,9.52805,1.52,1.00
2017.03.13 19:59:49.629,9.52614,9.5281,1.52,1.00
2017.03.13 19:59:50.157,9.52614,9.5281,1.52,1.00
2017.03.13 19:59:50.661,9.52603,9.5281,1.52,1.00
2017.03.13 19:59:52.036,9.52603,9.52817,1.52,1.00
2017.03.13 19:59:53.519,9.52603,9.52817,1.52,1.00
2017.03.13 19:59:54.230,9.52603,9.52817,1.52,1.37
2017.03.13 19:59:54.629,9.52603,9.52811,1.52,1.87
2017.03.13 19:59:54.936,9.52603,9.52799,1.52,1.00
2017.03.13 19:59:55.088,9.52603,9.52809,1.52,1.37
2017.03.13 19:59:55.290,9.52603,9.52809,1.52,2.62
2017.03.13 19:59:55.778,9.52603,9.52809,1.52,1.87
2017.03.13 19:59:56.072,9.52603,9.52811,1.52,1.00
2017.03.13 19:59:56.582,9.52603,9.52799,1.00,1.00
2017.03.13 19:59:56.814,9.52603,9.52789,1.00,1.00
2017.03.13 19:59:57.271,9.52603,9.52799,1.52,1.00
2017.03.13 19:59:57.473,9.52603,9.52799,1.52,1.50
2017.03.13 19:59:57.777,9.52603,9.528,1.65,1.50
2017.03.13 19:59:58.295,9.52603,9.528,1.52,1.87
2017.03.13 19:59:58.722,9.52603,9.52799,1.65,1.37
2017.03.13 19:59:59.177,9.52603,9.52799,1.90,1.00
