2017.03.23 06:00:03.522,9.49196,9.49424,1.65,1.12
2017.03.23 06:00:07.676,9.49196,9.49424,1.12,1.12
2017.03.23 06:00:07.783,9.49186,9.49414,1.62,1.12
2017.03.23 06:00:09.251,9.49186,9.49415,1.09,1.12
2017.03.23 06:00:09.764,9.49186,9.49414,1.09,1.12
2017.03.23 06:00:14.386,9.49186,9.49424,1.59,1.12
2017.03.23 06:00:17.072,9.49186,9.49425,1.09,1.12
2017.03.23 06:00:18.246,9.49186,9.49424,2.12,1.12
2017.03.23 06:00:27.964,9.49196,9.49424,1.65,1.12
2017.03.23 06:00:28.315,9.49196,9.49434,2.12,1.12
2017.03.23 06:00:28.829,9.49196,9.49435,1.52,1.12
2017.03.23 06:00:32.488,9.49205,9.49434,1.52,1.12
2017.03.23 06:00:37.815,9.49196,9.49424,1.56,1.12
2017.03.23 06:00:37.967,9.49196,9.49414,1.00,1.00
2017.03.23 06:00:38.244,9.49196,9.49424,1.00,1.12
2017.03.23 06:00:43.520,9.49196,9.49404,1.00,1.00
2017.03.23 06:00:43.572,9.4918,9.49404,1.52,1.00
2017.03.23 06:00:43.775,9.49185,9.49414,2.02,1.00
2017.03.23 06:00:47.163,9.49185,9.49415,1.65,1.00
2017.03.23 06:00:50.031,9.49185,9.49415,1.65,1.00
2017.03.23 06:00:55.113,9.49186,9.49414,1.65,1.00
2017.03.23 06:00:55.163,9.49185,9.49414,1.09,1.00
2017.03.23 06:00:55.516,9.49186,9.49404,1.09,1.00
2017.03.23 06:00:55.811,9.49186,9.49414,1.09,1.00
2017.03.23 06:00:56.327,9.49185,9.49415,1.97,1.00
2017.03.23 06:00:58.374,9.49186,9.49414,1.62,1.00
2017.03.23 06:00:58.475,9.49186,9.49414,1.74,1.00
2017.03.23 06:01:03.537,9.49196,9.49424,1.12,1.12
2017.03.23 06:01:03.739,9.49196,9.49424,1.65,1.12
2017.03.23 06:01:12.385,9.49206,9.49424,1.00,1.00
2017.03.23 06:01:17.245,9.49196,9.49424,1.65,1.12
2017.03.23 06:01:18.769,9.49196,9.49425,1.52,1.12
2017.03.23 06:01:19.022,9.49186,9.49424,2.49,1.12
2017.03.23 06:01:19.838,9.49196,9.49425,1.00,1.12
2017.03.23 06:01:20.425,9.49196,9.49424,1.12,1.12
2017.03.23 06:01:30.148,9.49196,9.49425,1.00,1.12
2017.03.23 06:01:30.716,9.49196,9.49424,1.12,1.12
2017.03.23 06:01:31.089,9.49196,9.49424,1.65,1.12
2017.03.23 06:01:32.509,9.49196,9.49425,1.52,1.12
2017.03.23 06:01:33.069,9.49196,9.49424,1.65,1.12
2017.03.23 06:01:36.095,9.49196,9.49424,1.12,1.12
2017.03.23 06:01:39.495,9.49196,9.49424,1.65,1.12
2017.03.23 06:01:48.425,9.49196,9.49424,1.12,1.00
2017.03.23 06:01:56.827,9.49196,9.49425,1.00,1.12
2017.03.23 06:01:57.710,9.49196,9.49424,1.12,1.12
2017.03.23 06:01:59.185,9.49206,9.49424,1.00,1.12
2017.03.23 06:01:59.641,9.49196,9.49424,1.12,1.12
2017.03.23 06:02:04.284,9.49186,9.49414,1.74,1.00
2017.03.23 06:02:04.335,9.49186,9.49424,2.49,1.00
2017.03.23 06:02:04.916,9.49196,9.49425,1.00,1.12
2017.03.23 06:02:05.575,9.49196,9.49424,1.12,1.12
2017.03.23 06:02:10.167,9.49196,9.49434,1.59,1.12
2017.03.23 06:02:12.186,9.49196,9.49434,2.12,1.12
2017.03.23 06:02:12.562,9.49206,9.49434,1.00,1.12
2017.03.23 06:02:13.811,9.49206,9.49435,1.00,1.00
2017.03.23 06:02:14.334,9.49206,9.49434,1.50,1.00
2017.03.23 06:02:15.063,9.49196,9.49424,1.74,1.00
2017.03.23 06:02:15.374,9.49206,9.49434,2.40,1.00
2017.03.23 06:02:17.282,9.49216,9.49445,1.00,1.12
2017.03.23 06:02:17.786,9.49216,9.49444,1.00,1.12
2017.03.23 06:02:18.286,9.49206,9.49434,2.40,1.00
2017.03.23 06:02:19.866,9.49206,9.49435,1.52,1.00
2017.03.23 06:02:20.006,9.49206,9.49435,1.00,1.00
2017.03.23 06:02:20.517,9.49206,9.49434,1.87,1.00
2017.03.23 06:02:20.811,9.49216,9.49444,1.00,1.12
2017.03.23 06:02:31.312,9.49206,9.49434,1.50,1.00
2017.03.23 06:02:32.311,9.49216,9.49444,1.00,1.12
2017.03.23 06:02:32.654,9.49206,9.49434,1.50,1.12
2017.03.23 06:02:40.428,9.49206,9.49469,1.00,1.00
2017.03.23 06:02:40.570,9.49206,9.49464,1.00,1.00
2017.03.23 06:02:41.244,9.49206,9.49434,1.50,1.12
2017.03.23 06:02:41.683,9.49216,9.49444,1.00,1.37
2017.03.23 06:02:48.685,9.49216,9.49444,1.00,1.12
2017.03.23 06:02:49.847,9.49216,9.49445,1.00,1.50
2017.03.23 06:02:50.358,9.49216,9.49444,1.00,1.50
2017.03.23 06:02:50.888,9.49216,9.49445,1.00,1.12
2017.03.23 06:02:51.403,9.49216,9.49444,1.00,1.12
2017.03.23 06:02:52.277,9.49206,9.49434,1.50,1.00
2017.03.23 06:02:52.597,9.49216,9.49434,1.00,1.00
2017.03.23 06:02:53.312,9.49216,9.49444,1.00,1.12
2017.03.23 06:02:55.269,9.49216,9.49434,1.00,1.00
2017.03.23 06:02:56.298,9.49216,9.49444,1.00,1.12
2017.03.23 06:02:57.735,9.49216,9.49445,1.00,1.12
2017.03.23 06:02:58.881,9.49216,9.49444,1.00,1.12
2017.03.23 06:03:08.017,9.49225,9.49444,1.00,1.12
2017.03.23 06:03:08.439,9.49225,9.49463,1.00,1.00
2017.03.23 06:03:08.809,9.49225,9.49444,1.00,1.00
2017.03.23 06:03:09.315,9.49226,9.49444,1.00,1.00
2017.03.23 06:03:09.662,9.49236,9.49452,1.00,1.37
2017.03.23 06:03:09.713,9.49236,9.49452,1.00,1.00
2017.03.23 06:03:09.814,9.49226,9.49452,1.50,1.00
2017.03.23 06:03:12.032,9.49236,9.49452,1.00,1.00
2017.03.23 06:03:12.296,9.49226,9.49454,1.50,1.00
2017.03.23 06:03:12.820,9.49226,9.49453,1.50,1.00
2017.03.23 06:03:17.093,9.49226,9.49454,1.00,1.00
2017.03.23 06:03:18.287,9.49236,9.49453,1.00,1.00
2017.03.23 06:03:19.812,9.49246,9.49453,1.00,1.00
2017.03.23 06:03:22.898,9.49246,9.49455,1.00,1.37
2017.03.23 06:03:23.245,9.49256,9.49455,1.00,1.00
2017.03.23 06:03:23.548,9.49246,9.49455,1.50,1.00
2017.03.23 06:03:23.952,9.49246,9.49461,1.50,1.00
2017.03.23 06:03:25.141,9.49246,9.49461,1.50,1.37
2017.03.23 06:03:28.777,9.49246,9.49467,1.00,1.75
2017.03.23 06:03:29.978,9.49246,9.49474,1.50,2.25
2017.03.23 06:03:32.792,9.49246,9.49471,1.00,1.75
2017.03.23 06:03:33.286,9.49256,9.4947,1.50,1.75
2017.03.23 06:03:33.903,9.49256,9.49481,1.50,1.87
2017.03.23 06:03:34.106,9.49256,9.49481,1.00,1.37
2017.03.23 06:03:34.208,9.49256,9.49481,1.00,1.75
2017.03.23 06:03:34.557,9.49256,9.49482,1.00,1.37
2017.03.23 06:03:35.061,9.49256,9.4948,1.00,1.12
2017.03.23 06:03:39.065,9.49236,9.49474,1.12,1.00
2017.03.23 06:03:41.006,9.49235,9.49475,1.12,1.12
2017.03.23 06:03:41.532,9.49226,9.49464,1.87,1.37
2017.03.23 06:03:41.836,9.49236,9.49464,1.00,1.37
2017.03.23 06:03:42.802,9.49236,9.49474,1.12,1.75
2017.03.23 06:03:43.055,9.49236,9.49474,1.12,1.50
2017.03.23 06:03:43.312,9.49225,9.49465,1.12,1.00
2017.03.23 06:03:43.823,9.49226,9.49464,1.12,1.00
2017.03.23 06:03:44.043,9.49236,9.49474,1.00,1.50
2017.03.23 06:03:44.548,9.49236,9.49464,1.00,1.00
2017.03.23 06:03:45.563,9.49236,9.49474,1.00,1.50
2017.03.23 06:03:46.315,9.49226,9.49464,1.12,1.00
2017.03.23 06:03:46.776,9.49246,9.49474,1.00,1.00
2017.03.23 06:03:47.563,9.49246,9.49474,1.00,1.75
2017.03.23 06:03:48.862,9.49246,9.49474,1.50,1.37
2017.03.23 06:03:49.039,9.49246,9.49474,1.00,1.00
2017.03.23 06:03:52.435,9.49256,9.49482,1.00,1.75
2017.03.23 06:03:52.537,9.49246,9.49482,1.00,1.37
2017.03.23 06:03:53.528,9.49246,9.49482,1.00,1.75
2017.03.23 06:03:55.409,9.49245,9.49484,1.00,1.37
2017.03.23 06:03:55.460,9.49256,9.49483,1.00,1.37
2017.03.23 06:03:56.045,9.49256,9.49483,1.00,1.37
2017.03.23 06:03:58.284,9.49266,9.49489,1.00,1.75
2017.03.23 06:03:58.335,9.49266,9.49489,1.00,1.75
2017.03.23 06:03:58.488,9.49276,9.49489,1.00,1.37
2017.03.23 06:03:59.006,9.49276,9.49499,1.00,1.75
2017.03.23 06:04:02.263,9.49276,9.49499,1.00,1.37
2017.03.23 06:04:02.316,9.49266,9.49489,1.00,1.37
2017.03.23 06:04:04.865,9.49276,9.49489,1.00,1.37
2017.03.23 06:04:06.207,9.49276,9.49489,1.00,1.37
2017.03.23 06:04:13.619,9.49276,9.49487,1.00,1.00
2017.03.23 06:04:15.287,9.49286,9.49487,1.00,1.00
2017.03.23 06:04:15.338,9.49286,9.49498,1.00,1.37
2017.03.23 06:04:25.815,9.49296,9.49498,1.00,1.37
2017.03.23 06:04:25.866,9.49296,9.49498,1.00,1.37
2017.03.23 06:04:28.901,9.49295,9.495,1.00,1.37
2017.03.23 06:04:33.194,9.49296,9.49499,1.00,1.37
2017.03.23 06:04:33.245,9.49296,9.49504,1.00,1.87
2017.03.23 06:04:33.297,9.49296,9.49519,1.00,1.75
2017.03.23 06:04:33.398,9.49296,9.49519,1.12,1.75
2017.03.23 06:04:33.941,9.49296,9.49511,1.12,1.00
2017.03.23 06:04:34.186,9.49306,9.49524,1.00,1.50
2017.03.23 06:04:34.237,9.49306,9.49524,1.00,1.50
2017.03.23 06:04:34.812,9.49296,9.4953,1.12,1.75
2017.03.23 06:04:35.015,9.49306,9.4953,1.12,1.75
2017.03.23 06:04:36.241,9.49305,9.49531,1.12,1.75
2017.03.23 06:04:36.654,9.49306,9.49514,1.12,1.00
2017.03.23 06:04:37.296,9.49306,9.49525,1.12,1.75
2017.03.23 06:04:37.817,9.49305,9.49514,1.12,1.00
2017.03.23 06:04:38.120,9.49306,9.4951,1.12,1.00
2017.03.23 06:04:38.222,9.49306,9.49521,1.12,1.37
2017.03.23 06:04:38.795,9.49316,9.49532,1.00,1.37
2017.03.23 06:04:38.897,9.49316,9.49532,1.12,1.37
2017.03.23 06:04:39.361,9.49325,9.49533,1.00,1.37
2017.03.23 06:04:39.412,9.49316,9.49532,1.12,1.37
2017.03.23 06:04:39.564,9.49326,9.49532,1.00,1.37
2017.03.23 06:04:39.666,9.49316,9.49532,1.12,1.37
2017.03.23 06:04:40.206,9.49316,9.49532,1.00,1.37
2017.03.23 06:04:43.177,9.49315,9.49533,1.00,1.37
2017.03.23 06:04:43.772,9.49316,9.4953,1.00,1.37
2017.03.23 06:04:46.566,9.49316,9.4953,1.12,1.37
2017.03.23 06:04:47.021,9.49306,9.49527,1.12,1.75
2017.03.23 06:04:47.123,9.49306,9.49527,1.12,1.75
2017.03.23 06:04:47.174,9.49296,9.49527,1.12,1.75
2017.03.23 06:04:47.731,9.49295,9.49528,1.12,1.75
2017.03.23 06:04:48.244,9.49296,9.49527,1.12,1.75
2017.03.23 06:04:48.802,9.49306,9.49527,1.00,1.75
2017.03.23 06:05:07.111,9.49296,9.49534,1.12,1.87
2017.03.23 06:05:13.199,9.49306,9.49534,1.00,1.75
2017.03.23 06:05:13.300,9.49305,9.4954,1.00,1.75
2017.03.23 06:05:14.111,9.49306,9.49539,1.12,1.75
2017.03.23 06:05:15.354,9.49305,9.4954,1.12,1.75
2017.03.23 06:05:20.448,9.49306,9.49539,1.12,1.37
2017.03.23 06:05:21.053,9.49306,9.49537,1.12,1.75
2017.03.23 06:05:24.104,9.49306,9.49537,1.12,1.75
2017.03.23 06:05:26.116,9.49306,9.49545,1.12,1.75
2017.03.23 06:05:34.953,9.49306,9.49533,1.12,1.75
2017.03.23 06:05:40.464,9.49306,9.49541,1.12,1.75
2017.03.23 06:05:40.515,9.49315,9.49541,1.00,1.75
2017.03.23 06:05:41.061,9.49316,9.49541,1.12,1.75
2017.03.23 06:05:41.763,9.49315,9.49542,1.87,1.75
2017.03.23 06:05:43.348,9.49316,9.49541,1.12,1.75
2017.03.23 06:05:46.448,9.49316,9.49541,1.12,1.75
2017.03.23 06:05:47.202,9.49315,9.49548,1.87,1.75
2017.03.23 06:05:48.014,9.49315,9.49549,1.00,1.00
2017.03.23 06:05:48.115,9.49316,9.49539,1.12,1.75
2017.03.23 06:05:50.451,9.49306,9.49551,1.87,1.75
2017.03.23 06:05:50.611,9.49296,9.49544,1.87,1.50
2017.03.23 06:05:53.125,9.49296,9.49544,1.87,1.87
2017.03.23 06:05:54.396,9.49296,9.49545,1.37,1.75
2017.03.23 06:05:55.074,9.49296,9.49544,1.87,1.75
2017.03.23 06:05:56.354,9.49296,9.49534,1.12,1.75
2017.03.23 06:05:56.556,9.49286,9.49514,1.12,1.12
2017.03.23 06:05:56.607,9.49286,9.49514,1.12,1.37
2017.03.23 06:05:58.875,9.49286,9.49524,1.87,1.75
2017.03.23 06:05:58.976,9.49286,9.49524,1.87,1.75
2017.03.23 06:05:59.027,9.49286,9.49525,1.00,2.25
2017.03.23 06:06:01.089,9.49286,9.49524,1.87,1.75
2017.03.23 06:06:01.140,9.49286,9.49524,1.87,1.75
2017.03.23 06:06:07.115,9.49286,9.49514,1.12,1.50
2017.03.23 06:06:09.476,9.49286,9.49515,1.00,1.37
2017.03.23 06:06:10.096,9.49276,9.49514,1.37,1.50
2017.03.23 06:06:16.194,9.49276,9.49514,1.37,1.50
2017.03.23 06:06:16.584,9.49306,9.49534,1.00,1.75
2017.03.23 06:06:16.685,9.49306,9.49535,1.00,1.12
2017.03.23 06:06:17.169,9.49296,9.49534,1.12,1.75
2017.03.23 06:06:28.757,9.49296,9.49534,1.00,1.75
2017.03.23 06:06:29.726,9.49296,9.49535,1.00,1.75
2017.03.23 06:06:31.883,9.49286,9.49534,1.87,1.75
2017.03.23 06:06:33.194,9.49286,9.49534,1.87,2.25
2017.03.23 06:06:43.485,9.49286,9.49509,1.87,1.00
2017.03.23 06:06:53.307,9.49296,9.4952,1.00,1.37
2017.03.23 06:06:58.236,9.49296,9.4952,1.00,1.37
2017.03.23 06:06:58.561,9.49286,9.4952,1.87,1.75
2017.03.23 06:07:27.211,9.49286,9.49514,1.87,1.00
2017.03.23 06:07:41.304,9.49276,9.49514,1.87,1.12
2017.03.23 06:07:41.355,9.49276,9.49514,1.87,1.37
2017.03.23 06:07:41.793,9.49286,9.49524,1.87,1.50
2017.03.23 06:07:43.024,9.49276,9.49505,1.00,1.50
2017.03.23 06:07:43.543,9.49276,9.49504,1.00,1.12
2017.03.23 06:07:44.323,9.49276,9.49495,1.00,1.00
2017.03.23 06:07:45.060,9.49266,9.49495,1.87,1.00
2017.03.23 06:07:45.566,9.49266,9.49494,1.12,1.00
2017.03.23 06:07:48.399,9.49256,9.49475,1.00,1.00
2017.03.23 06:07:48.702,9.49256,9.49464,1.00,1.00
2017.03.23 06:07:55.913,9.49256,9.49479,1.00,1.00
2017.03.23 06:07:58.779,9.49246,9.49474,1.12,1.00
2017.03.23 06:07:58.881,9.49246,9.49469,1.12,1.00
2017.03.23 06:08:07.977,9.49246,9.49458,1.00,1.00
2017.03.23 06:08:08.180,9.49246,9.49471,1.12,1.00
2017.03.23 06:08:08.281,9.49256,9.49471,1.00,1.00
2017.03.23 06:08:08.534,9.49246,9.49471,1.12,1.00
2017.03.23 06:08:13.074,9.49246,9.49474,1.12,1.00
2017.03.23 06:08:14.136,9.49246,9.49471,1.12,1.00
2017.03.23 06:08:17.079,9.49246,9.49474,1.12,1.00
2017.03.23 06:08:17.130,9.49246,9.49481,1.87,1.00
2017.03.23 06:08:26.128,9.49246,9.49471,1.87,1.00
2017.03.23 06:08:45.152,9.49246,9.49485,1.00,1.50
2017.03.23 06:08:45.229,9.49246,9.49474,1.12,1.00
2017.03.23 06:09:08.777,9.49246,9.49475,1.00,1.00
2017.03.23 06:09:09.081,9.49246,9.49474,1.37,1.12
2017.03.23 06:09:11.044,9.49236,9.49464,1.50,1.00
2017.03.23 06:09:11.095,9.49236,9.49465,1.37,1.00
2017.03.23 06:09:11.601,9.49236,9.49464,1.37,1.00
2017.03.23 06:09:12.066,9.49236,9.49454,1.37,1.00
2017.03.23 06:09:13.562,9.49226,9.49444,1.50,1.00
2017.03.23 06:09:13.612,9.49226,9.49444,1.50,1.00
2017.03.23 06:09:13.815,9.49226,9.49454,2.25,1.00
2017.03.23 06:09:14.293,9.49226,9.49444,1.50,1.00
2017.03.23 06:09:18.149,9.49226,9.49454,2.25,1.00
2017.03.23 06:09:18.200,9.49226,9.49454,2.25,1.00
2017.03.23 06:09:18.568,9.49226,9.49444,1.37,1.00
2017.03.23 06:09:20.277,9.49226,9.49444,1.37,1.00
2017.03.23 06:09:31.132,9.49226,9.49454,1.87,1.00
2017.03.23 06:09:31.183,9.49226,9.49455,1.37,1.00
2017.03.23 06:09:31.686,9.49226,9.49454,1.37,1.12
2017.03.23 06:09:34.516,9.49236,9.49464,1.37,1.12
2017.03.23 06:09:34.758,9.49236,9.49464,1.37,1.12
2017.03.23 06:09:35.092,9.49226,9.49454,1.87,1.00
2017.03.23 06:09:35.810,9.49226,9.49444,1.37,1.00
2017.03.23 06:09:35.861,9.49226,9.49444,1.37,1.00
2017.03.23 06:09:37.312,9.49236,9.49454,1.37,1.00
2017.03.23 06:09:40.301,9.49236,9.49464,1.37,1.12
2017.03.23 06:09:40.352,9.49236,9.49465,1.37,1.12
2017.03.23 06:09:47.061,9.49236,9.49454,1.37,1.00
2017.03.23 06:09:47.112,9.49236,9.49454,1.37,1.00
2017.03.23 06:09:53.015,9.49236,9.49445,1.37,1.00
2017.03.23 06:09:53.118,9.49236,9.49444,1.37,1.00
2017.03.23 06:09:53.527,9.49226,9.49454,1.37,1.12
2017.03.23 06:09:56.134,9.49236,9.49464,1.37,1.12
2017.03.23 06:09:56.185,9.49236,9.49464,1.37,1.12
2017.03.23 06:10:01.773,9.49256,9.49474,1.00,1.00
2017.03.23 06:10:02.026,9.49246,9.49474,1.37,1.50
2017.03.23 06:10:02.127,9.49246,9.49474,1.37,1.50
2017.03.23 06:10:13.242,9.49246,9.49484,1.87,1.50
2017.03.23 06:10:20.309,9.49246,9.49464,1.37,1.00
2017.03.23 06:10:20.722,9.49236,9.49464,1.37,1.12
2017.03.23 06:10:20.773,9.49236,9.49454,1.37,1.00
2017.03.23 06:10:25.803,9.49236,9.49454,1.37,1.00
2017.03.23 06:10:39.224,9.49236,9.49455,1.37,1.00
2017.03.23 06:10:39.537,9.49216,9.49444,1.50,1.00
2017.03.23 06:10:40.299,9.49226,9.49455,1.37,1.87
2017.03.23 06:10:41.419,9.49216,9.49445,1.37,1.00
2017.03.23 06:10:41.923,9.49216,9.49444,1.37,1.00
2017.03.23 06:10:46.080,9.49206,9.49445,1.37,1.00
2017.03.23 06:10:46.588,9.49206,9.49444,2.25,1.00
2017.03.23 06:10:51.238,9.49206,9.49445,1.37,1.00
2017.03.23 06:10:52.685,9.49206,9.49444,2.25,1.00
2017.03.23 06:11:00.681,9.49216,9.49444,1.50,1.00
2017.03.23 06:11:07.947,9.49216,9.49434,1.37,1.00
2017.03.23 06:11:07.998,9.49216,9.49434,1.37,1.00
2017.03.23 06:11:08.049,9.49206,9.49424,1.50,1.00
2017.03.23 06:11:12.239,9.49196,9.49425,1.84,1.00
2017.03.23 06:11:12.849,9.49196,9.49424,1.84,1.00
2017.03.23 06:11:13.401,9.49196,9.49424,1.84,1.00
2017.03.23 06:11:28.052,9.49205,9.49445,1.47,1.00
2017.03.23 06:11:28.103,9.49206,9.49444,1.47,1.00
2017.03.23 06:11:28.546,9.49223,9.49454,1.75,1.12
2017.03.23 06:11:28.814,9.49224,9.49445,1.37,1.00
2017.03.23 06:11:29.355,9.49225,9.49444,1.37,1.00
2017.03.23 06:11:36.161,9.49221,9.49445,1.37,1.00
2017.03.23 06:11:36.665,9.49225,9.49444,1.37,1.00
2017.03.23 06:11:37.166,9.49226,9.49445,1.37,1.00
2017.03.23 06:11:38.902,9.49221,9.49444,1.37,1.00
2017.03.23 06:11:39.408,9.49224,9.49445,1.37,1.00
2017.03.23 06:11:39.956,9.49229,9.49444,1.37,1.00
2017.03.23 06:11:40.650,9.49219,9.49445,1.37,1.00
2017.03.23 06:11:41.066,9.4923,9.49454,1.37,1.00
2017.03.23 06:11:41.116,9.4923,9.49454,1.37,1.00
2017.03.23 06:11:41.465,9.4923,9.49444,1.87,1.00
2017.03.23 06:11:43.169,9.49226,9.49444,1.37,1.00
2017.03.23 06:11:44.347,9.49225,9.49445,1.37,1.00
2017.03.23 06:11:49.478,9.49228,9.49444,1.37,1.00
2017.03.23 06:11:56.823,9.49215,9.49455,2.25,1.00
2017.03.23 06:11:57.311,9.49225,9.49444,1.37,1.00
2017.03.23 06:11:59.313,9.49225,9.49454,1.37,1.00
2017.03.23 06:11:59.546,9.49225,9.49444,1.37,1.00
2017.03.23 06:12:08.531,9.49225,9.49455,1.50,1.00
2017.03.23 06:12:08.632,9.49226,9.49454,1.50,1.00
2017.03.23 06:12:19.294,9.49224,9.49455,1.37,1.00
2017.03.23 06:12:19.979,9.49224,9.49455,1.37,1.00
2017.03.23 06:12:29.052,9.49224,9.49454,1.37,1.00
2017.03.23 06:12:30.272,9.49226,9.49444,1.37,1.12
2017.03.23 06:12:31.299,9.49228,9.49454,1.37,1.12
2017.03.23 06:12:31.814,9.49228,9.49444,1.37,1.12
2017.03.23 06:12:32.766,9.49226,9.49454,1.37,1.12
2017.03.23 06:12:33.314,9.49226,9.49444,1.37,1.12
2017.03.23 06:12:34.314,9.49226,9.49454,1.37,1.12
2017.03.23 06:12:35.932,9.49226,9.49455,1.37,1.12
2017.03.23 06:12:36.647,9.49226,9.49454,1.37,1.12
2017.03.23 06:12:40.564,9.49236,9.49464,1.87,1.12
2017.03.23 06:12:40.816,9.49236,9.49454,1.37,1.12
2017.03.23 06:12:41.426,9.49246,9.49464,1.00,1.37
2017.03.23 06:12:41.813,9.49236,9.49464,1.87,1.12
2017.03.23 06:12:42.049,9.49246,9.49474,1.00,1.12
2017.03.23 06:12:42.578,9.49246,9.49474,1.37,1.12
2017.03.23 06:12:42.813,9.49256,9.4948,1.00,1.37
2017.03.23 06:12:45.518,9.49246,9.49474,1.87,1.12
2017.03.23 06:12:51.430,9.49246,9.4948,1.87,1.37
2017.03.23 06:12:51.531,9.49246,9.4948,1.50,1.37
2017.03.23 06:12:51.784,9.49226,9.49464,2.25,1.37
2017.03.23 06:12:52.037,9.49246,9.49474,1.00,1.50
2017.03.23 06:12:52.314,9.49246,9.4948,1.50,1.75
2017.03.23 06:12:52.817,9.49236,9.49474,1.50,1.50
2017.03.23 06:12:53.815,9.49246,9.49484,1.50,1.75
2017.03.23 06:12:54.955,9.49246,9.49485,1.00,1.37
2017.03.23 06:12:55.263,9.49236,9.49474,1.00,1.75
2017.03.23 06:12:59.224,9.49235,9.49475,1.50,1.75
2017.03.23 06:13:00.062,9.49236,9.49474,1.00,1.37
2017.03.23 06:13:00.315,9.49226,9.49464,1.87,1.37
2017.03.23 06:13:01.501,9.49226,9.49464,1.87,1.50
2017.03.23 06:13:04.479,9.49226,9.49464,1.87,1.50
2017.03.23 06:13:09.042,9.49226,9.49465,1.37,1.75
2017.03.23 06:13:10.531,9.49226,9.49464,1.87,1.75
2017.03.23 06:13:19.532,9.49236,9.49464,1.00,1.75
2017.03.23 06:13:19.583,9.49236,9.49474,1.50,1.75
2017.03.23 06:13:19.786,9.49256,9.49464,1.00,1.00
2017.03.23 06:13:20.061,9.49246,9.49464,1.50,1.00
2017.03.23 06:13:21.844,9.49236,9.49464,1.50,1.00
2017.03.23 06:13:37.484,9.49245,9.49464,1.00,1.00
2017.03.23 06:13:38.218,9.49246,9.49464,1.00,1.00
2017.03.23 06:13:41.371,9.49245,9.49474,1.00,1.50
2017.03.23 06:13:55.526,9.49246,9.4948,1.00,1.75
2017.03.23 06:13:56.365,9.49246,9.4948,1.50,1.37
2017.03.23 06:13:56.517,9.49255,9.49474,1.00,1.00
2017.03.23 06:13:56.781,9.49246,9.49474,1.50,1.00
2017.03.23 06:14:07.616,9.49246,9.49494,1.00,1.00
2017.03.23 06:14:07.667,9.49246,9.49474,1.50,1.00
2017.03.23 06:14:10.994,9.49246,9.49469,1.50,1.37
2017.03.23 06:14:11.045,9.49236,9.49469,1.50,1.37
2017.03.23 06:14:11.893,9.49236,9.49465,1.00,1.37
2017.03.23 06:14:12.497,9.49236,9.49464,1.00,1.37
2017.03.23 06:14:13.685,9.49236,9.49464,1.50,1.12
2017.03.23 06:14:14.101,9.49236,9.49464,1.50,1.37
2017.03.23 06:14:28.577,9.49236,9.49465,1.00,1.37
2017.03.23 06:14:28.880,9.49245,9.49464,1.00,1.12
2017.03.23 06:14:30.180,9.49245,9.49464,1.00,1.37
2017.03.23 06:14:30.439,9.49245,9.49464,1.00,1.00
2017.03.23 06:14:30.540,9.49245,9.49464,1.00,1.37
2017.03.23 06:14:30.895,9.49245,9.49464,1.00,1.00
2017.03.23 06:14:31.414,9.49246,9.4948,1.00,1.75
2017.03.23 06:14:31.938,9.49245,9.49474,1.00,2.25
2017.03.23 06:14:32.566,9.49246,9.4948,1.00,1.37
2017.03.23 06:14:33.156,9.49245,9.49474,1.00,1.50
2017.03.23 06:14:35.171,9.49246,9.4948,1.00,1.37
2017.03.23 06:14:36.052,9.49266,9.4948,1.00,1.37
2017.03.23 06:14:36.303,9.49266,9.4948,1.00,1.37
2017.03.23 06:14:36.354,9.49256,9.4948,1.50,1.37
2017.03.23 06:14:38.252,9.49256,9.49481,1.00,1.37
2017.03.23 06:14:38.843,9.49256,9.4948,1.00,1.37
2017.03.23 06:14:45.527,9.49266,9.4948,1.50,1.37
2017.03.23 06:14:45.629,9.49266,9.4948,1.50,1.00
2017.03.23 06:14:45.873,9.49276,9.4949,1.00,1.37
2017.03.23 06:14:45.924,9.49276,9.4949,1.00,1.00
2017.03.23 06:14:46.076,9.49276,9.4949,1.00,1.37
2017.03.23 06:14:46.398,9.49276,9.4949,1.00,1.37
2017.03.23 06:14:46.449,9.49276,9.4949,1.00,1.00
2017.03.23 06:14:46.500,9.49276,9.4949,1.00,1.37
2017.03.23 06:14:57.629,9.49276,9.4949,1.00,1.00
2017.03.23 06:14:57.831,9.49276,9.4949,1.00,1.37
2017.03.23 06:14:58.161,9.49276,9.4949,1.00,1.37
2017.03.23 06:15:01.651,9.49276,9.4949,1.00,1.00
2017.03.23 06:15:01.753,9.49276,9.4949,1.00,1.37
2017.03.23 06:15:01.805,9.49276,9.4949,1.00,1.00
2017.03.23 06:15:02.108,9.49275,9.49491,1.00,1.37
2017.03.23 06:15:04.803,9.49276,9.4949,1.00,1.37
2017.03.23 06:15:07.056,9.49276,9.4949,1.00,1.00
2017.03.23 06:15:07.779,9.49276,9.49491,1.00,1.00
2017.03.23 06:15:08.670,9.49275,9.49491,1.00,1.00
2017.03.23 06:15:09.180,9.49276,9.4949,1.00,1.00
2017.03.23 06:15:10.033,9.49276,9.49492,1.00,1.00
2017.03.23 06:15:13.349,9.49275,9.49493,1.12,1.00
2017.03.23 06:15:17.653,9.49286,9.49492,1.00,1.00
2017.03.23 06:15:19.171,9.49286,9.49493,1.00,1.00
2017.03.23 06:15:19.648,9.49286,9.49491,1.00,1.00
2017.03.23 06:15:20.308,9.49286,9.4949,1.00,1.00
2017.03.23 06:15:36.132,9.49286,9.49491,1.00,1.00
2017.03.23 06:15:36.668,9.49286,9.4949,1.00,1.00
2017.03.23 06:15:37.043,9.49276,9.4949,1.12,1.00
2017.03.23 06:15:43.448,9.49276,9.49491,1.12,1.00
2017.03.23 06:15:44.252,9.49276,9.49492,1.12,1.00
2017.03.23 06:15:44.393,9.49276,9.49499,1.12,1.37
2017.03.23 06:15:44.494,9.49276,9.49499,1.12,1.00
2017.03.23 06:15:44.545,9.49275,9.49502,1.12,1.00
2017.03.23 06:15:44.596,9.49276,9.49501,1.12,1.37
2017.03.23 06:15:45.024,9.49276,9.49501,1.12,1.37
2017.03.23 06:15:46.283,9.49276,9.49497,1.12,1.00
2017.03.23 06:15:46.435,9.49276,9.49502,1.12,1.37
2017.03.23 06:15:49.506,9.49275,9.49501,1.12,1.37
2017.03.23 06:15:50.104,9.49276,9.495,1.12,1.37
2017.03.23 06:15:53.840,9.49275,9.49502,1.12,1.00
2017.03.23 06:15:53.898,9.49276,9.49501,1.37,1.00
2017.03.23 06:15:54.201,9.49276,9.49496,1.37,1.37
2017.03.23 06:15:54.302,9.49275,9.49496,1.37,1.37
2017.03.23 06:15:55.286,9.49275,9.49493,1.00,1.00
2017.03.23 06:15:55.812,9.49275,9.49492,1.00,1.00
2017.03.23 06:15:55.999,9.49275,9.49491,1.37,1.37
2017.03.23 06:15:56.530,9.49275,9.49492,1.12,1.37
2017.03.23 06:15:59.541,9.49275,9.49499,1.00,1.37
2017.03.23 06:15:59.693,9.49275,9.49489,1.00,1.00
2017.03.23 06:15:59.795,9.49256,9.49489,1.12,1.00
2017.03.23 06:15:59.846,9.49256,9.49489,1.12,1.75
2017.03.23 06:16:00.048,9.49236,9.49474,2.25,1.12
2017.03.23 06:16:00.302,9.49236,9.49474,2.25,1.37
2017.03.23 06:17:06.023,9.49256,9.49489,1.00,1.37
2017.03.23 06:17:06.135,9.49256,9.49489,1.00,1.75
2017.03.23 06:17:06.558,9.49246,9.49474,1.87,1.00
2017.03.23 06:17:11.128,9.49236,9.49474,2.25,1.00
2017.03.23 06:17:11.229,9.49236,9.49474,2.25,1.37
2017.03.23 06:17:15.815,9.49216,9.49454,1.75,1.00
2017.03.23 06:17:15.866,9.49216,9.49454,1.75,1.00
2017.03.23 06:17:31.062,9.49236,9.49474,1.12,1.50
2017.03.23 06:17:31.618,9.49226,9.49464,1.50,1.12
2017.03.23 06:17:33.811,9.49326,9.49484,1.00,1.37
2017.03.23 06:17:33.862,9.49336,9.49494,1.00,1.00
2017.03.23 06:17:33.913,9.49346,9.49504,1.00,1.50
2017.03.23 06:17:34.065,9.49336,9.49514,1.00,1.00
2017.03.23 06:17:34.116,9.49296,9.49514,1.00,1.00
2017.03.23 06:17:34.268,9.49286,9.49524,1.87,1.00
2017.03.23 06:17:34.370,9.49276,9.49514,1.75,1.00
2017.03.23 06:17:34.421,9.49286,9.49524,1.50,1.00
2017.03.23 06:17:34.522,9.49273,9.49514,1.12,1.00
2017.03.23 06:17:34.776,9.49276,9.49524,1.37,1.50
2017.03.23 06:17:43.206,9.49286,9.49534,1.37,1.50
2017.03.23 06:17:43.919,9.49296,9.49544,1.12,1.12
2017.03.23 06:17:44.070,9.49296,9.49544,1.12,1.50
2017.03.23 06:17:44.481,9.49296,9.49544,1.12,1.12
2017.03.23 06:17:44.532,9.49296,9.49544,1.12,1.50
2017.03.23 06:17:44.817,9.49296,9.49544,1.12,1.12
2017.03.23 06:17:44.969,9.49296,9.49544,1.12,1.50
2017.03.23 06:17:45.567,9.49296,9.49544,1.12,1.12
2017.03.23 06:17:45.618,9.49296,9.49544,1.12,1.50
2017.03.23 06:17:45.838,9.49296,9.49544,1.12,1.12
2017.03.23 06:17:46.041,9.49296,9.49544,1.12,1.50
2017.03.23 06:17:46.142,9.49296,9.49544,1.12,1.12
2017.03.23 06:17:46.244,9.49296,9.49544,1.12,1.50
2017.03.23 06:17:46.828,9.49295,9.49545,1.12,1.87
2017.03.23 06:17:46.930,9.49296,9.49544,1.12,1.50
2017.03.23 06:17:46.981,9.49296,9.49544,1.12,1.12
2017.03.23 06:17:47.132,9.49296,9.49544,1.12,1.50
2017.03.23 06:17:47.671,9.49295,9.49545,1.12,1.50
2017.03.23 06:17:47.873,9.49296,9.49544,1.12,1.12
2017.03.23 06:17:47.975,9.49296,9.49544,1.12,1.50
2017.03.23 06:17:48.025,9.49285,9.49535,1.12,1.50
2017.03.23 06:17:48.127,9.49276,9.49524,1.50,1.12
2017.03.23 06:17:48.644,9.49276,9.49524,1.50,1.50
2017.03.23 06:17:49.111,9.49276,9.49524,1.50,1.12
2017.03.23 06:17:50.268,9.49276,9.49524,1.50,1.50
2017.03.23 06:17:50.789,9.49276,9.49514,1.50,1.12
2017.03.23 06:17:51.305,9.49275,9.49515,1.50,1.50
2017.03.23 06:17:51.828,9.49276,9.49514,1.50,1.50
2017.03.23 06:18:02.762,9.49296,9.49514,1.37,1.50
2017.03.23 06:18:02.864,9.49296,9.49524,1.50,1.00
2017.03.23 06:18:02.915,9.49296,9.49524,1.50,1.00
2017.03.23 06:18:03.066,9.49316,9.49554,1.12,3.37
2017.03.23 06:18:03.117,9.49316,9.49554,1.37,3.00
2017.03.23 06:18:03.421,9.49325,9.49555,1.00,1.87
2017.03.23 06:18:04.024,9.49326,9.49549,1.00,1.37
2017.03.23 06:18:05.850,9.49336,9.49549,1.00,1.37
2017.03.23 06:18:06.891,9.49336,9.49549,1.00,1.00
2017.03.23 06:18:07.043,9.49326,9.49554,1.00,1.50
2017.03.23 06:18:07.562,9.49326,9.49554,1.37,1.87
2017.03.23 06:18:10.284,9.49336,9.49554,1.00,1.50
2017.03.23 06:18:17.001,9.49326,9.49554,1.37,1.50
2017.03.23 06:18:17.376,9.49296,9.49544,1.75,1.00
2017.03.23 06:18:17.427,9.49295,9.49545,1.75,1.00
2017.03.23 06:18:17.780,9.49306,9.49554,1.75,2.25
2017.03.23 06:18:18.812,9.49296,9.49544,1.75,1.00
2017.03.23 06:18:19.085,9.49296,9.49544,1.75,1.00
2017.03.23 06:18:19.302,9.49306,9.49554,1.50,3.00
2017.03.23 06:18:19.353,9.49306,9.49554,1.50,3.00
2017.03.23 06:18:19.664,9.49296,9.49544,1.75,1.00
2017.03.23 06:18:24.611,9.49296,9.49544,1.75,1.00
2017.03.23 06:18:31.562,9.49286,9.49534,1.75,1.00
2017.03.23 06:18:32.197,9.49296,9.49544,1.75,1.50
2017.03.23 06:18:34.266,9.49296,9.49544,1.75,1.50
2017.03.23 06:18:40.562,9.49296,9.49534,1.50,1.00
2017.03.23 06:18:40.871,9.49296,9.49544,1.75,1.50
2017.03.23 06:18:50.561,9.49306,9.49554,1.50,3.00
2017.03.23 06:18:50.612,9.49306,9.49554,1.50,3.00
2017.03.23 06:18:50.922,9.49296,9.49544,1.75,1.12
2017.03.23 06:18:52.529,9.49305,9.4955,1.50,1.00
2017.03.23 06:18:52.631,9.49306,9.49549,1.50,1.37
2017.03.23 06:18:53.035,9.49316,9.49549,1.37,1.00
2017.03.23 06:18:54.996,9.49316,9.49549,1.37,1.37
2017.03.23 06:19:20.365,9.49296,9.49544,1.75,1.12
2017.03.23 06:19:20.683,9.49306,9.49554,1.50,1.87
2017.03.23 06:19:20.785,9.49296,9.49544,1.75,1.12
2017.03.23 06:19:21.811,9.49306,9.49554,1.50,2.25
2017.03.23 06:19:23.285,9.49306,9.49554,1.37,2.25
2017.03.23 06:19:25.140,9.49306,9.49554,1.37,1.87
2017.03.23 06:19:31.112,9.49296,9.49544,2.25,1.12
2017.03.23 06:19:41.555,9.49296,9.49534,1.59,1.00
2017.03.23 06:19:41.812,9.49296,9.49544,2.34,1.50
2017.03.23 06:19:49.280,9.49296,9.49534,1.78,1.00
2017.03.23 06:19:49.838,9.49295,9.49535,1.78,1.00
2017.03.23 06:19:50.062,9.49296,9.49544,2.53,1.50
2017.03.23 06:20:01.821,9.49306,9.49549,1.37,1.00
2017.03.23 06:20:02.030,9.49296,9.49544,2.53,1.00
2017.03.23 06:20:06.997,9.49295,9.4954,2.34,1.00
2017.03.23 06:20:07.300,9.49296,9.49534,1.59,1.12
2017.03.23 06:20:12.867,9.49295,9.49535,1.59,1.00
2017.03.23 06:20:14.036,9.49296,9.49534,1.59,1.00
2017.03.23 06:20:25.748,9.49296,9.49544,2.34,1.12
2017.03.23 06:20:25.850,9.49296,9.49534,1.59,1.00
2017.03.23 06:20:25.951,9.49296,9.49544,2.53,1.00
2017.03.23 06:20:28.561,9.49306,9.49549,1.37,1.00
2017.03.23 06:20:28.774,9.49296,9.49544,2.53,1.00
2017.03.23 06:20:29.310,9.49306,9.49549,1.37,1.00
2017.03.23 06:20:30.365,9.49296,9.49544,2.53,1.00
2017.03.23 06:20:30.810,9.49306,9.49549,1.37,1.00
2017.03.23 06:20:31.802,9.49296,9.49544,2.53,1.00
2017.03.23 06:20:32.310,9.49306,9.49549,1.37,1.00
2017.03.23 06:20:33.172,9.49306,9.49554,1.37,2.25
2017.03.23 06:20:33.274,9.49295,9.49545,2.25,1.00
2017.03.23 06:20:33.527,9.49305,9.49555,1.50,2.25
2017.03.23 06:20:33.629,9.49306,9.49554,1.50,2.25
2017.03.23 06:20:37.205,9.49306,9.49554,1.37,1.87
2017.03.23 06:20:37.307,9.49295,9.49545,2.25,1.12
2017.03.23 06:20:37.860,9.49296,9.49544,2.25,1.12
2017.03.23 06:20:57.265,9.49295,9.49545,2.53,1.00
2017.03.23 06:20:57.825,9.49296,9.49544,2.53,1.00
2017.03.23 06:21:13.053,9.49296,9.49534,1.97,1.12
2017.03.23 06:21:13.273,9.49296,9.49544,2.34,1.50
2017.03.23 06:21:16.552,9.49296,9.49544,2.34,1.50
2017.03.23 06:21:29.716,9.49296,9.49538,2.34,1.00
2017.03.23 06:21:29.767,9.49296,9.49538,2.34,1.00
2017.03.23 06:21:29.818,9.49296,9.49538,2.34,1.37
2017.03.23 06:21:30.071,9.49296,9.49538,2.34,1.00
2017.03.23 06:21:36.172,9.49296,9.49544,2.25,2.25
2017.03.23 06:21:45.143,9.49296,9.49544,2.91,2.25
2017.03.23 06:21:48.309,9.49306,9.49544,1.37,1.50
2017.03.23 06:21:48.611,9.49306,9.49552,1.37,1.37
2017.03.23 06:21:49.194,9.49306,9.49552,1.50,1.00
2017.03.23 06:21:49.245,9.49306,9.49552,1.50,1.37
2017.03.23 06:21:52.427,9.49306,9.4955,1.37,1.00
2017.03.23 06:21:54.561,9.49306,9.49545,1.37,1.00
2017.03.23 06:21:54.612,9.49306,9.49545,1.37,1.37
2017.03.23 06:21:59.843,9.49302,9.49534,1.37,1.00
2017.03.23 06:22:08.277,9.49286,9.49483,1.00,1.00
2017.03.23 06:22:08.328,9.49266,9.49479,1.00,1.00
2017.03.23 06:22:08.379,9.49256,9.49464,1.00,1.00
2017.03.23 06:22:08.429,9.49236,9.49464,2.62,1.00
2017.03.23 06:22:08.539,9.49236,9.49434,1.37,1.00
2017.03.23 06:22:08.590,9.49194,9.49433,1.75,1.00
2017.03.23 06:22:08.995,9.49196,9.49435,1.37,1.00
2017.03.23 06:22:09.648,9.49206,9.49434,1.37,1.00
2017.03.23 06:22:33.662,9.492,9.49422,1.37,1.00
2017.03.23 06:22:33.763,9.49188,9.49424,1.37,1.00
2017.03.23 06:22:33.886,9.4918,9.49414,1.37,1.00
2017.03.23 06:22:33.937,9.4918,9.49414,1.75,1.00
2017.03.23 06:22:34.291,9.4918,9.49424,1.75,1.50
2017.03.23 06:22:35.295,9.4918,9.49414,1.37,1.00
2017.03.23 06:22:38.078,9.4918,9.49414,1.37,1.00
2017.03.23 06:22:48.060,9.4918,9.49404,1.37,1.00
2017.03.23 06:22:48.111,9.4918,9.49404,1.37,1.00
2017.03.23 06:22:48.276,9.4918,9.49414,1.37,1.00
2017.03.23 06:22:49.311,9.4918,9.49404,1.37,1.00
2017.03.23 06:22:49.361,9.4918,9.49414,1.37,1.00
2017.03.23 06:22:51.168,9.4918,9.49414,1.37,1.00
2017.03.23 06:22:53.547,9.4918,9.49414,1.37,1.00
2017.03.23 06:22:55.774,9.4918,9.49414,1.37,1.00
2017.03.23 06:22:58.648,9.4918,9.49414,1.37,1.00
2017.03.23 06:23:07.571,9.4918,9.49414,1.37,1.00
2017.03.23 06:23:08.056,9.4918,9.49424,1.90,1.12
2017.03.23 06:23:09.060,9.4918,9.49414,1.90,1.00
2017.03.23 06:23:09.561,9.4918,9.49424,1.90,1.12
2017.03.23 06:23:09.612,9.4918,9.49424,1.90,1.12
2017.03.23 06:23:10.560,9.49179,9.49405,1.90,1.00
2017.03.23 06:23:10.611,9.4918,9.49404,1.90,1.00
2017.03.23 06:23:11.163,9.4918,9.49414,1.37,1.00
2017.03.23 06:23:16.003,9.49166,9.49415,1.90,1.12
2017.03.23 06:23:16.054,9.49185,9.49424,1.27,1.12
2017.03.23 06:23:17.767,9.49184,9.49425,1.27,1.12
2017.03.23 06:23:18.143,9.49176,9.49424,1.90,1.12
2017.03.23 06:23:19.625,9.49177,9.49414,1.27,1.00
2017.03.23 06:23:19.727,9.49167,9.49414,1.90,1.00
2017.03.23 06:23:20.308,9.49176,9.49424,2.02,1.12
2017.03.23 06:23:22.546,9.49176,9.49414,1.27,1.00
2017.03.23 06:23:28.346,9.49167,9.49414,2.40,1.00
2017.03.23 06:23:31.310,9.49186,9.49434,2.02,1.37
2017.03.23 06:23:31.361,9.49186,9.49434,2.02,1.37
2017.03.23 06:23:31.695,9.49186,9.49434,2.02,1.37
2017.03.23 06:23:31.868,9.49186,9.49434,2.02,1.37
2017.03.23 06:23:32.310,9.49196,9.49444,1.90,1.50
2017.03.23 06:23:33.269,9.49185,9.49425,1.27,1.00
2017.03.23 06:23:33.561,9.49186,9.49434,2.02,1.12
2017.03.23 06:23:33.974,9.49186,9.49434,2.02,1.12
2017.03.23 06:23:34.557,9.49186,9.49424,1.27,1.00
2017.03.23 06:23:34.810,9.49185,9.49435,2.02,1.12
2017.03.23 06:23:38.384,9.49186,9.49434,2.02,1.12
2017.03.23 06:23:38.560,9.49186,9.49414,1.27,1.00
2017.03.23 06:23:38.611,9.49186,9.49414,1.27,1.00
2017.03.23 06:23:39.031,9.49186,9.49434,2.02,1.37
2017.03.23 06:23:40.349,9.49176,9.49414,1.27,1.00
2017.03.23 06:23:40.400,9.49176,9.49424,2.02,1.12
2017.03.23 06:23:42.490,9.49185,9.49435,1.90,1.50
2017.03.23 06:23:43.023,9.49186,9.49434,1.90,1.50
2017.03.23 06:23:44.560,9.49186,9.49434,1.90,1.50
2017.03.23 06:23:45.561,9.49186,9.49414,1.57,1.00
2017.03.23 06:23:45.904,9.49186,9.49424,1.57,1.12
2017.03.23 06:23:46.056,9.49186,9.49414,1.57,1.00
2017.03.23 06:23:46.224,9.49186,9.49424,1.57,1.12
2017.03.23 06:23:46.484,9.49185,9.49425,1.27,1.37
2017.03.23 06:23:46.535,9.49185,9.49425,1.27,1.12
2017.03.23 06:23:47.124,9.49186,9.49424,1.57,1.12
2017.03.23 06:23:54.114,9.49186,9.49434,2.02,1.37
2017.03.23 06:23:54.367,9.49186,9.49434,2.02,1.12
2017.03.23 06:23:55.245,9.49185,9.49435,2.02,1.12
2017.03.23 06:23:55.841,9.49186,9.49434,2.02,1.50
2017.03.23 06:23:56.555,9.49167,9.49415,1.90,1.00
2017.03.23 06:23:57.061,9.49176,9.49424,1.50,1.12
2017.03.23 06:24:00.561,9.49171,9.49414,1.27,1.00
2017.03.23 06:24:01.060,9.49186,9.49434,1.37,1.50
2017.03.23 06:24:01.263,9.49185,9.49435,1.90,1.50
2017.03.23 06:24:01.667,9.49186,9.49434,1.90,1.50
2017.03.23 06:24:02.024,9.49176,9.49414,1.27,1.00
2017.03.23 06:24:02.537,9.49186,9.49434,1.90,1.50
2017.03.23 06:24:02.588,9.49186,9.49434,1.90,1.50
2017.03.23 06:24:02.828,9.49186,9.49434,1.90,1.50
2017.03.23 06:24:03.280,9.49186,9.49434,1.90,1.37
2017.03.23 06:24:03.483,9.49185,9.49435,2.02,1.12
2017.03.23 06:24:03.534,9.49186,9.49424,1.27,1.00
2017.03.23 06:24:05.453,9.49186,9.49424,1.27,1.12
2017.03.23 06:24:05.504,9.49186,9.49424,1.27,1.12
2017.03.23 06:24:06.111,9.49167,9.49455,1.52,1.00
2017.03.23 06:24:06.162,9.49186,9.49434,1.90,1.50
2017.03.23 06:24:06.667,9.49185,9.49435,1.90,1.50
2017.03.23 06:24:07.192,9.49186,9.49434,1.90,1.50
2017.03.23 06:24:07.628,9.49186,9.49434,1.90,1.37
2017.03.23 06:24:08.362,9.49167,9.49414,1.90,1.00
2017.03.23 06:24:08.413,9.49167,9.49414,1.90,1.00
2017.03.23 06:24:09.022,9.49176,9.49424,2.02,1.12
2017.03.23 06:24:09.851,9.49186,9.49434,1.90,1.50
2017.03.23 06:24:10.155,9.49167,9.49414,1.90,1.00
2017.03.23 06:24:10.308,9.49176,9.49424,2.02,1.12
2017.03.23 06:24:12.007,9.49175,9.49425,2.02,1.12
2017.03.23 06:24:12.109,9.49186,9.49434,1.90,1.50
2017.03.23 06:24:13.060,9.49176,9.49414,1.27,1.00
2017.03.23 06:24:13.111,9.49176,9.49414,1.27,1.00
2017.03.23 06:24:14.283,9.49186,9.49434,1.37,1.50
2017.03.23 06:24:14.334,9.49186,9.49434,1.90,1.50
2017.03.23 06:24:14.435,9.49185,9.49435,1.90,1.50
2017.03.23 06:24:15.127,9.49176,9.49424,2.02,1.12
2017.03.23 06:24:15.279,9.49176,9.49414,1.27,1.00
2017.03.23 06:24:15.893,9.49175,9.49415,1.27,1.00
2017.03.23 06:24:16.269,9.49176,9.49424,2.02,1.12
2017.03.23 06:24:16.371,9.49176,9.49424,1.90,1.12
2017.03.23 06:24:19.078,9.49186,9.49434,2.02,1.37
2017.03.23 06:24:21.071,9.49186,9.49424,1.27,1.12
2017.03.23 06:24:25.748,9.49186,9.49434,2.02,1.37
2017.03.23 06:24:26.295,9.49206,9.49454,1.37,1.75
2017.03.23 06:24:28.377,9.49186,9.49434,2.02,1.12
2017.03.23 06:24:28.673,9.49181,9.49424,1.27,1.12
2017.03.23 06:24:29.433,9.49175,9.49425,1.90,1.12
2017.03.23 06:24:29.955,9.49176,9.49424,1.90,1.12
2017.03.23 06:24:31.133,9.49176,9.49424,1.90,1.12
2017.03.23 06:24:33.585,9.49186,9.49434,1.37,1.50
2017.03.23 06:24:35.952,9.49185,9.49435,1.37,1.50
2017.03.23 06:24:36.103,9.49176,9.49424,2.02,1.12
2017.03.23 06:24:37.110,9.49185,9.49435,1.37,1.50
2017.03.23 06:24:38.259,9.49176,9.49424,1.90,1.12
2017.03.23 06:24:39.134,9.49186,9.49434,1.37,1.50
2017.03.23 06:24:40.222,9.49175,9.49425,1.90,1.12
2017.03.23 06:24:40.760,9.49176,9.49424,2.02,1.12
2017.03.23 06:24:41.860,9.49176,9.49424,2.02,1.12
2017.03.23 06:24:42.755,9.49185,9.49435,1.37,1.50
2017.03.23 06:24:43.306,9.49176,9.49424,1.90,1.12
2017.03.23 06:24:43.812,9.49175,9.49425,1.90,1.12
2017.03.23 06:24:44.111,9.49186,9.49434,1.37,1.50
2017.03.23 06:24:45.171,9.49175,9.49425,1.90,1.12
2017.03.23 06:24:45.803,9.49186,9.49434,1.37,1.50
2017.03.23 06:24:46.499,9.49185,9.49435,1.37,1.50
2017.03.23 06:24:46.860,9.49176,9.49424,2.02,1.12
2017.03.23 06:24:49.113,9.49196,9.49444,1.37,1.37
2017.03.23 06:24:50.135,9.49176,9.49424,2.40,1.00
2017.03.23 06:24:51.550,9.49186,9.49434,1.37,1.50
2017.03.23 06:24:52.545,9.49176,9.49424,2.40,1.00
2017.03.23 06:24:52.596,9.49176,9.49424,2.40,1.00
2017.03.23 06:24:54.061,9.49186,9.49434,1.37,1.50
2017.03.23 06:24:55.044,9.49176,9.49424,2.40,1.00
2017.03.23 06:24:55.525,9.49186,9.49434,1.37,1.50
2017.03.23 06:24:55.627,9.49186,9.49434,1.37,1.50
2017.03.23 06:24:56.488,9.49185,9.49435,1.37,1.12
2017.03.23 06:24:56.794,9.49176,9.49424,2.40,1.00
2017.03.23 06:24:57.518,9.49186,9.49434,1.37,1.50
2017.03.23 06:24:58.541,9.49176,9.49424,2.40,1.00
2017.03.23 06:24:58.592,9.49176,9.49424,2.40,1.00
2017.03.23 06:25:28.037,9.49186,9.49434,1.37,1.12
2017.03.23 06:25:28.142,9.49186,9.49434,1.37,1.12
2017.03.23 06:25:29.255,9.49196,9.49444,1.37,1.50
2017.03.23 06:25:29.563,9.49186,9.49434,1.87,1.00
2017.03.23 06:25:30.273,9.49196,9.49444,1.37,1.50
2017.03.23 06:25:31.312,9.49186,9.49434,1.50,1.00
2017.03.23 06:25:31.563,9.49196,9.49444,1.37,1.50
2017.03.23 06:25:32.464,9.49196,9.49444,1.50,1.50
2017.03.23 06:25:32.991,9.49195,9.49445,1.50,1.50
2017.03.23 06:25:33.312,9.49186,9.49434,1.87,1.00
2017.03.23 06:25:39.054,9.49185,9.49435,2.02,1.12
2017.03.23 06:25:39.693,9.49186,9.49434,2.02,1.12
2017.03.23 06:25:41.307,9.49196,9.49444,1.37,1.50
2017.03.23 06:25:41.864,9.49196,9.49444,1.50,1.50
2017.03.23 06:25:42.313,9.49186,9.49434,2.40,1.00
2017.03.23 06:25:42.812,9.49196,9.49444,1.37,1.50
2017.03.23 06:25:43.363,9.49195,9.49445,1.50,1.50
2017.03.23 06:25:46.831,9.49196,9.49444,1.50,1.50
2017.03.23 06:25:50.191,9.49205,9.49445,1.37,1.00
2017.03.23 06:25:50.242,9.49206,9.49444,1.37,1.00
2017.03.23 06:25:50.544,9.49186,9.49434,1.87,1.00
2017.03.23 06:25:50.798,9.49196,9.49444,1.37,1.50
2017.03.23 06:25:51.051,9.49186,9.49434,1.87,1.00
2017.03.23 06:25:51.282,9.49196,9.49444,1.37,1.50
2017.03.23 06:25:51.790,9.49195,9.49445,1.37,1.12
2017.03.23 06:25:52.379,9.49186,9.49434,2.40,1.12
2017.03.23 06:25:52.813,9.49196,9.49444,1.37,1.50
2017.03.23 06:25:52.863,9.49196,9.49444,1.37,1.50
2017.03.23 06:25:54.405,9.49206,9.49454,1.37,1.12
2017.03.23 06:25:54.556,9.49196,9.49444,1.37,1.12
2017.03.23 06:25:55.435,9.49196,9.49444,1.37,1.50
2017.03.23 06:25:56.062,9.49186,9.49434,2.40,1.00
2017.03.23 06:25:56.315,9.49196,9.49444,1.37,1.50
2017.03.23 06:26:11.136,9.49206,9.49444,1.37,1.00
2017.03.23 06:26:11.464,9.49186,9.49434,2.40,1.00
2017.03.23 06:26:11.812,9.49206,9.49444,1.37,1.00
2017.03.23 06:26:11.863,9.49205,9.49445,1.37,1.00
2017.03.23 06:26:12.807,9.49186,9.49434,2.40,1.00
2017.03.23 06:26:12.858,9.49185,9.49435,2.40,1.00
2017.03.23 06:26:13.314,9.49205,9.49445,1.37,1.00
2017.03.23 06:26:13.365,9.49206,9.49444,1.37,1.00
2017.03.23 06:26:17.330,9.49206,9.49444,1.37,1.00
2017.03.23 06:26:24.265,9.49206,9.49454,1.90,1.50
2017.03.23 06:26:24.367,9.49216,9.49463,1.37,1.00
2017.03.23 06:26:24.418,9.49216,9.49464,1.90,1.00
2017.03.23 06:26:24.519,9.49226,9.49474,1.90,1.12
2017.03.23 06:26:24.620,9.49226,9.49474,2.02,1.50
2017.03.23 06:26:24.877,9.49246,9.49483,1.37,1.00
2017.03.23 06:26:25.029,9.49246,9.49483,1.37,1.37
2017.03.23 06:26:25.336,9.49236,9.49483,1.37,1.37
2017.03.23 06:26:31.903,9.49235,9.49475,1.37,1.00
2017.03.23 06:26:32.107,9.49246,9.49489,1.37,1.87
2017.03.23 06:26:32.208,9.49246,9.49489,1.37,1.75
2017.03.23 06:26:32.635,9.49246,9.49487,1.37,1.37
2017.03.23 06:26:33.163,9.49245,9.49485,1.37,1.00
2017.03.23 06:26:33.554,9.49246,9.49483,1.37,1.00
2017.03.23 06:26:34.063,9.49246,9.49483,1.37,1.00
2017.03.23 06:26:37.930,9.49246,9.49481,1.37,1.00
2017.03.23 06:26:40.486,9.49246,9.49479,1.37,1.00
2017.03.23 06:26:40.587,9.49236,9.49479,1.37,1.00
2017.03.23 06:26:46.494,9.49246,9.49479,1.37,1.00
2017.03.23 06:26:49.938,9.49236,9.49479,1.37,1.00
2017.03.23 06:26:51.656,9.49246,9.4948,1.37,1.00
2017.03.23 06:26:51.913,9.49245,9.49481,1.37,1.00
2017.03.23 06:26:52.420,9.49236,9.4948,2.02,1.00
2017.03.23 06:26:58.035,9.49236,9.49476,1.90,1.00
2017.03.23 06:26:59.165,9.49236,9.49476,1.90,1.00
2017.03.23 06:26:59.220,9.49236,9.49482,1.90,1.00
2017.03.23 06:26:59.764,9.49235,9.49481,1.90,1.00
2017.03.23 06:26:59.916,9.49236,9.49484,2.02,1.50
2017.03.23 06:27:00.372,9.49246,9.49494,1.37,1.50
2017.03.23 06:27:01.600,9.49246,9.49494,1.37,1.12
2017.03.23 06:27:01.708,9.49246,9.49494,1.37,1.50
2017.03.23 06:27:02.471,9.49246,9.49494,1.37,1.00
2017.03.23 06:27:02.623,9.49246,9.49495,1.37,1.75
2017.03.23 06:27:03.123,9.49236,9.49484,2.02,1.50
2017.03.23 06:27:03.526,9.49246,9.4949,1.37,1.37
2017.03.23 06:27:03.577,9.49246,9.4949,1.37,1.37
2017.03.23 06:27:04.038,9.49246,9.49488,1.37,1.00
2017.03.23 06:27:04.140,9.49246,9.49484,1.37,1.00
2017.03.23 06:27:05.141,9.49246,9.49483,1.37,1.00
2017.03.23 06:27:05.682,9.49246,9.49484,1.37,1.00
2017.03.23 06:27:06.305,9.49245,9.49485,1.37,1.00
2017.03.23 06:27:06.832,9.49245,9.49485,1.37,1.00
2017.03.23 06:27:08.480,9.49246,9.49482,1.37,1.00
2017.03.23 06:27:10.969,9.49246,9.49494,1.37,1.50
2017.03.23 06:27:14.491,9.49246,9.495,1.37,1.37
2017.03.23 06:27:14.542,9.49256,9.495,1.00,1.00
2017.03.23 06:27:14.795,9.49256,9.495,1.37,1.37
2017.03.23 06:27:15.098,9.49256,9.49485,1.37,1.00
2017.03.23 06:27:15.402,9.49256,9.49482,1.37,1.00
2017.03.23 06:27:15.755,9.49256,9.49479,1.37,1.00
2017.03.23 06:27:15.924,9.49256,9.495,1.37,1.00
2017.03.23 06:27:16.025,9.49246,9.495,1.50,1.37
2017.03.23 06:27:17.862,9.49246,9.49488,1.50,1.00
2017.03.23 06:27:17.912,9.49246,9.49488,1.50,1.00
2017.03.23 06:27:18.014,9.49246,9.495,1.50,1.00
2017.03.23 06:27:18.065,9.49245,9.495,1.50,1.37
2017.03.23 06:27:18.116,9.49246,9.495,1.50,1.00
2017.03.23 06:27:18.167,9.49256,9.495,1.00,1.00
2017.03.23 06:27:18.319,9.49256,9.49504,1.37,1.12
2017.03.23 06:27:18.421,9.49256,9.49504,1.37,1.50
2017.03.23 06:27:18.471,9.49256,9.49504,1.37,1.87
2017.03.23 06:27:18.522,9.49256,9.49504,1.37,2.25
2017.03.23 06:27:18.892,9.49255,9.49505,1.37,2.25
2017.03.23 06:27:19.402,9.49256,9.49502,1.37,1.37
2017.03.23 06:27:20.363,9.49246,9.49494,1.50,1.00
2017.03.23 06:27:20.465,9.49246,9.49494,1.50,1.37
2017.03.23 06:27:20.617,9.49246,9.49496,1.50,1.00
2017.03.23 06:27:20.718,9.49246,9.49496,1.50,1.37
2017.03.23 06:27:21.278,9.49265,9.49501,1.37,1.37
2017.03.23 06:27:21.379,9.49265,9.49511,1.37,1.00
2017.03.23 06:27:21.540,9.49266,9.49511,1.37,1.37
2017.03.23 06:27:21.642,9.49266,9.49511,1.37,1.37
2017.03.23 06:27:21.845,9.49266,9.49511,1.37,1.37
2017.03.23 06:27:21.896,9.49266,9.49511,1.37,1.37
2017.03.23 06:27:22.089,9.49266,9.49511,1.37,1.37
2017.03.23 06:27:22.191,9.49266,9.49511,1.37,1.37
2017.03.23 06:27:23.018,9.49266,9.49514,1.50,1.12
2017.03.23 06:27:23.119,9.49266,9.49514,1.50,1.50
2017.03.23 06:27:26.499,9.49266,9.49514,1.37,1.50
2017.03.23 06:27:26.551,9.49266,9.49514,1.37,1.87
2017.03.23 06:27:26.652,9.49266,9.49514,1.37,1.50
2017.03.23 06:27:26.754,9.49276,9.49521,1.37,1.37
2017.03.23 06:27:26.805,9.49275,9.49521,1.50,1.37
2017.03.23 06:27:26.856,9.49266,9.49514,1.50,1.00
2017.03.23 06:27:26.906,9.49265,9.49515,1.50,1.37
2017.03.23 06:27:26.957,9.49266,9.49514,1.50,1.00
2017.03.23 06:27:27.008,9.49265,9.49515,1.50,1.37
2017.03.23 06:27:27.362,9.49256,9.49504,2.02,1.12
2017.03.23 06:27:27.564,9.49276,9.49521,1.00,1.37
2017.03.23 06:27:27.615,9.49276,9.49521,1.37,1.37
2017.03.23 06:27:27.717,9.49276,9.49531,1.50,1.75
2017.03.23 06:27:31.832,9.49276,9.49531,1.50,1.75
2017.03.23 06:27:33.212,9.49276,9.49524,1.90,1.00
2017.03.23 06:27:33.668,9.49275,9.49524,1.37,1.00
2017.03.23 06:27:33.818,9.49276,9.49524,1.37,1.50
2017.03.23 06:27:34.020,9.49276,9.49524,1.37,2.25
2017.03.23 06:27:34.071,9.49276,9.49524,1.37,2.25
2017.03.23 06:27:34.590,9.49276,9.49524,1.50,1.87
2017.03.23 06:27:34.692,9.49276,9.49524,1.50,2.25
2017.03.23 06:27:35.095,9.49275,9.49525,1.50,1.12
2017.03.23 06:27:35.197,9.49276,9.49524,1.50,1.50
2017.03.23 06:27:36.986,9.49286,9.49524,1.00,1.37
2017.03.23 06:27:38.387,9.49286,9.49533,1.65,1.87
2017.03.23 06:27:38.438,9.49286,9.49533,2.02,1.00
2017.03.23 06:27:38.488,9.49286,9.49533,2.02,1.37
2017.03.23 06:27:38.590,9.49296,9.49533,1.00,1.00
2017.03.23 06:27:38.691,9.49296,9.49533,1.00,1.37
2017.03.23 06:27:38.995,9.49296,9.49533,1.00,1.37
2017.03.23 06:27:39.589,9.49306,9.49533,1.00,1.37
2017.03.23 06:27:39.761,9.49305,9.49533,1.00,1.00
2017.03.23 06:27:39.812,9.49316,9.49533,1.00,1.00
2017.03.23 06:27:40.318,9.49316,9.49533,1.00,1.37
2017.03.23 06:27:40.848,9.49316,9.49533,1.00,1.37
2017.03.23 06:27:41.445,9.49316,9.49533,1.00,1.00
2017.03.23 06:27:41.560,9.49316,9.49539,1.00,1.00
2017.03.23 06:27:41.611,9.49316,9.49539,1.00,1.37
2017.03.23 06:27:41.994,9.49316,9.49539,1.00,1.37
2017.03.23 06:27:43.497,9.49316,9.49539,1.00,1.00
2017.03.23 06:27:43.598,9.49336,9.49564,1.00,1.00
2017.03.23 06:27:43.649,9.49336,9.4957,1.00,1.00
2017.03.23 06:27:43.700,9.49336,9.4957,1.00,1.37
2017.03.23 06:27:43.902,9.49335,9.49572,1.00,1.37
2017.03.23 06:27:43.953,9.49336,9.49571,1.00,1.00
2017.03.23 06:27:44.054,9.49346,9.49571,1.00,1.37
2017.03.23 06:27:44.105,9.49346,9.49572,1.00,1.37
2017.03.23 06:27:44.207,9.49346,9.49572,1.00,1.37
2017.03.23 06:27:44.754,9.49346,9.49572,1.00,1.37
2017.03.23 06:27:47.240,9.49345,9.49574,1.00,1.00
2017.03.23 06:27:47.685,9.49346,9.49572,1.00,1.00
2017.03.23 06:27:48.127,9.49346,9.49573,1.00,1.37
2017.03.23 06:27:49.793,9.49335,9.49574,1.00,1.37
2017.03.23 06:27:50.328,9.49336,9.49573,1.00,1.37
2017.03.23 06:27:51.813,9.49336,9.49574,1.00,1.12
2017.03.23 06:27:52.066,9.49346,9.49574,1.00,1.12
2017.03.23 06:27:52.269,9.49346,9.49584,1.00,1.00
2017.03.23 06:27:52.511,9.49346,9.49574,1.00,1.00
2017.03.23 06:27:53.123,9.49345,9.49575,1.00,1.00
2017.03.23 06:27:53.326,9.49346,9.49594,1.00,1.12
2017.03.23 06:27:53.427,9.49346,9.49574,1.00,1.00
2017.03.23 06:27:55.525,9.49336,9.49574,1.12,1.12
2017.03.23 06:27:56.609,9.49335,9.49575,1.12,1.12
2017.03.23 06:27:57.069,9.49346,9.49575,1.00,1.00
2017.03.23 06:27:57.457,9.49346,9.49598,1.00,1.75
2017.03.23 06:27:57.614,9.49346,9.49598,1.00,1.37
2017.03.23 06:27:57.665,9.49345,9.49576,1.00,1.00
2017.03.23 06:27:58.081,9.49346,9.49575,1.00,1.37
2017.03.23 06:28:00.003,9.49346,9.49598,1.00,1.37
2017.03.23 06:28:00.104,9.49346,9.49598,1.00,1.75
2017.03.23 06:28:01.395,9.49345,9.49598,1.00,1.37
2017.03.23 06:28:01.446,9.49346,9.49598,1.00,1.75
2017.03.23 06:28:02.256,9.49346,9.49598,1.00,1.37
2017.03.23 06:28:02.357,9.49346,9.49598,1.00,1.75
2017.03.23 06:28:02.624,9.49346,9.49598,1.00,1.37
2017.03.23 06:28:02.726,9.49346,9.49598,1.00,1.75
2017.03.23 06:28:02.933,9.49346,9.49598,1.00,1.37
2017.03.23 06:28:02.983,9.49346,9.49598,1.00,1.75
2017.03.23 06:28:03.125,9.49346,9.49598,1.00,1.37
2017.03.23 06:28:03.227,9.49346,9.49598,1.00,1.75
2017.03.23 06:28:03.655,9.49346,9.49594,1.00,1.12
2017.03.23 06:28:03.706,9.49345,9.49576,1.00,1.00
2017.03.23 06:28:04.011,9.49335,9.49576,1.00,1.37
2017.03.23 06:28:04.526,9.49336,9.49574,1.00,1.12
2017.03.23 06:28:11.907,9.49326,9.49574,1.12,1.37
2017.03.23 06:28:12.249,9.49336,9.49575,1.12,1.37
2017.03.23 06:28:12.301,9.49336,9.49575,1.12,1.00
2017.03.23 06:28:12.390,9.49336,9.49575,1.12,1.37
2017.03.23 06:28:12.949,9.49325,9.49576,1.12,1.37
2017.03.23 06:28:13.050,9.49336,9.49575,1.12,1.37
2017.03.23 06:28:13.892,9.49336,9.49576,1.12,1.00
2017.03.23 06:28:13.993,9.49346,9.49594,1.00,3.00
2017.03.23 06:28:14.044,9.49336,9.49594,1.12,3.00
2017.03.23 06:28:14.348,9.49336,9.49594,1.37,2.25
2017.03.23 06:28:15.134,9.49336,9.49594,1.37,2.25
2017.03.23 06:28:15.185,9.49336,9.49594,1.37,2.25
2017.03.23 06:28:15.488,9.49346,9.49577,1.00,1.00
2017.03.23 06:28:15.805,9.49336,9.49578,1.65,1.00
2017.03.23 06:28:16.797,9.49335,9.49579,1.52,1.00
2017.03.23 06:28:17.345,9.49336,9.49578,1.65,1.00
2017.03.23 06:28:17.396,9.49336,9.49594,1.52,2.25
2017.03.23 06:28:17.498,9.49336,9.49578,1.65,1.00
2017.03.23 06:28:18.626,9.49346,9.49577,1.00,1.00
2017.03.23 06:28:19.011,9.49336,9.49577,1.65,1.00
2017.03.23 06:28:19.534,9.49336,9.49578,1.65,1.00
2017.03.23 06:28:19.687,9.49346,9.49578,1.00,1.00
2017.03.23 06:28:19.788,9.49335,9.49579,1.65,1.00
2017.03.23 06:28:19.839,9.49346,9.49578,1.00,1.00
2017.03.23 06:28:19.991,9.49336,9.49578,1.65,1.00
2017.03.23 06:28:20.041,9.49346,9.49578,1.00,1.00
2017.03.23 06:28:20.345,9.49335,9.49579,1.65,1.00
2017.03.23 06:28:20.396,9.49346,9.49578,1.00,1.00
2017.03.23 06:28:20.548,9.49336,9.49578,1.12,1.00
2017.03.23 06:28:20.598,9.49346,9.49578,1.00,1.00
2017.03.23 06:28:20.750,9.49335,9.49579,1.12,1.00
2017.03.23 06:28:20.801,9.49345,9.49579,1.00,1.00
2017.03.23 06:28:20.966,9.49336,9.49578,1.12,1.00
2017.03.23 06:28:21.016,9.49346,9.49578,1.00,1.00
2017.03.23 06:28:21.168,9.49336,9.49578,1.12,1.00
2017.03.23 06:28:22.510,9.49326,9.49578,1.65,1.00
2017.03.23 06:28:22.763,9.49336,9.49578,1.12,1.00
2017.03.23 06:28:23.086,9.49326,9.49578,1.65,1.00
2017.03.23 06:28:23.240,9.49316,9.49574,1.75,1.12
2017.03.23 06:28:24.468,9.49316,9.49574,1.50,1.50
2017.03.23 06:28:24.519,9.49316,9.49574,1.75,1.50
2017.03.23 06:28:24.772,9.49316,9.49574,1.50,1.50
2017.03.23 06:28:24.874,9.49316,9.49574,1.75,1.50
2017.03.23 06:28:25.077,9.49316,9.49574,1.50,1.50
2017.03.23 06:28:25.178,9.49316,9.49574,1.75,1.50
2017.03.23 06:28:25.488,9.49314,9.49564,1.27,1.00
2017.03.23 06:28:28.515,9.49314,9.49564,1.27,1.00
2017.03.23 06:28:28.814,9.49314,9.49554,1.27,1.00
2017.03.23 06:28:28.865,9.49313,9.49555,1.27,1.00
2017.03.23 06:28:29.297,9.49314,9.49564,1.57,1.12
2017.03.23 06:28:30.324,9.49306,9.49564,1.75,1.12
2017.03.23 06:28:30.888,9.49305,9.49565,1.75,1.12
2017.03.23 06:28:31.146,9.49306,9.49564,1.75,1.12
2017.03.23 06:28:31.197,9.49306,9.49564,1.75,1.50
2017.03.23 06:28:31.399,9.49306,9.49564,1.75,1.50
2017.03.23 06:28:31.703,9.49296,9.49544,1.75,1.00
2017.03.23 06:28:31.754,9.49295,9.49555,1.75,1.12
2017.03.23 06:28:31.905,9.49306,9.49564,1.75,1.50
2017.03.23 06:28:32.007,9.49306,9.49564,1.50,1.50
2017.03.23 06:28:32.058,9.49306,9.49564,1.50,1.50
2017.03.23 06:28:32.361,9.49296,9.49544,1.75,1.00
2017.03.23 06:28:32.701,9.49304,9.49544,1.27,1.00
2017.03.23 06:28:32.752,9.49304,9.49554,1.27,1.12
2017.03.23 06:28:32.804,9.49304,9.49554,1.27,1.12
2017.03.23 06:28:33.117,9.49296,9.49544,1.75,1.00
2017.03.23 06:28:33.527,9.49306,9.49554,1.50,1.12
2017.03.23 06:28:33.629,9.49306,9.49554,1.75,1.12
2017.03.23 06:28:34.105,9.49296,9.49554,1.75,1.12
2017.03.23 06:28:34.206,9.49296,9.49554,1.75,1.12
2017.03.23 06:28:34.445,9.49296,9.49554,1.75,1.12
2017.03.23 06:28:34.546,9.49296,9.49544,1.75,1.00
2017.03.23 06:28:35.518,9.49306,9.49564,1.75,1.50
2017.03.23 06:28:35.813,9.49296,9.49544,1.75,1.00
2017.03.23 06:28:36.863,9.49296,9.49554,1.75,1.50
2017.03.23 06:28:36.914,9.49296,9.49544,1.75,1.00
2017.03.23 06:28:37.016,9.49296,9.49554,1.75,1.50
2017.03.23 06:28:37.314,9.49296,9.49544,1.87,1.00
2017.03.23 06:28:37.365,9.49296,9.49544,1.87,1.00
2017.03.23 06:28:37.416,9.49293,9.49534,1.27,1.00
2017.03.23 06:28:38.063,9.49295,9.49545,1.50,1.00
2017.03.23 06:28:38.563,9.49277,9.49569,1.52,1.00
2017.03.23 06:28:38.664,9.49295,9.49555,1.75,1.50
2017.03.23 06:28:38.970,9.49305,9.49565,1.75,1.50
2017.03.23 06:28:39.274,9.49286,9.49534,1.75,1.00
2017.03.23 06:28:39.325,9.49286,9.49534,1.75,1.00
2017.03.23 06:28:39.813,9.49296,9.49544,1.50,1.12
2017.03.23 06:28:40.228,9.49302,9.49554,1.27,1.12
2017.03.23 06:28:40.279,9.49302,9.49544,1.27,1.00
2017.03.23 06:28:40.381,9.49302,9.49544,1.27,1.00
2017.03.23 06:28:42.036,9.49296,9.49534,1.90,1.00
2017.03.23 06:28:42.340,9.49296,9.49524,1.27,1.00
2017.03.23 06:28:42.391,9.49286,9.49524,1.27,1.00
2017.03.23 06:28:42.839,9.49292,9.49535,1.27,1.00
2017.03.23 06:28:43.308,9.49296,9.49544,1.50,1.00
2017.03.23 06:28:43.359,9.49296,9.49544,1.50,1.00
2017.03.23 06:28:44.274,9.49292,9.49534,1.27,1.00
2017.03.23 06:28:44.812,9.49296,9.49544,2.40,1.00
2017.03.23 06:28:47.044,9.49306,9.49544,1.27,1.00
2017.03.23 06:28:49.582,9.49306,9.49544,1.27,1.00
2017.03.23 06:28:49.683,9.49296,9.49534,1.90,1.00
2017.03.23 06:28:49.734,9.49296,9.49544,2.40,1.00
2017.03.23 06:28:58.345,9.49306,9.49544,1.27,1.00
2017.03.23 06:28:58.625,9.49306,9.49554,1.27,1.12
2017.03.23 06:28:58.777,9.49306,9.49544,1.27,1.00
2017.03.23 06:29:00.225,9.49306,9.49554,1.27,1.12
2017.03.23 06:29:00.377,9.49306,9.49544,1.27,1.00
2017.03.23 06:29:03.668,9.49296,9.49544,1.75,1.00
2017.03.23 06:29:09.458,9.49296,9.49544,1.75,1.00
2017.03.23 06:29:15.250,9.49305,9.49565,1.50,1.50
2017.03.23 06:29:15.303,9.49306,9.49564,1.50,1.50
2017.03.23 06:29:15.556,9.49306,9.49564,1.50,1.50
2017.03.23 06:29:15.608,9.49306,9.49564,1.75,1.50
2017.03.23 06:29:15.935,9.49304,9.49554,1.27,1.00
2017.03.23 06:29:16.473,9.49306,9.49564,1.75,1.50
2017.03.23 06:29:16.738,9.49304,9.49554,1.27,1.00
2017.03.23 06:29:17.159,9.49304,9.49554,1.27,1.12
2017.03.23 06:29:17.484,9.49304,9.49554,1.27,1.12
2017.03.23 06:29:18.118,9.49304,9.49554,1.27,1.12
2017.03.23 06:29:20.024,9.49296,9.49544,2.40,1.00
2017.03.23 06:29:20.074,9.49296,9.49544,2.02,1.00
2017.03.23 06:29:20.125,9.49296,9.49544,1.12,1.12
2017.03.23 06:29:20.177,9.49286,9.49534,2.02,1.00
2017.03.23 06:29:20.481,9.49217,9.49454,1.37,1.50
2017.03.23 06:29:20.785,9.49196,9.49444,1.75,1.00
2017.03.23 06:29:21.038,9.49206,9.49454,1.75,1.50
2017.03.23 06:29:23.032,9.49216,9.49464,1.50,1.12
2017.03.23 06:29:23.133,9.49216,9.49464,1.50,1.12
2017.03.23 06:29:23.563,9.49206,9.49454,1.75,1.00
2017.03.23 06:29:23.614,9.49206,9.49454,1.75,1.00
2017.03.23 06:29:25.140,9.49205,9.49455,1.75,1.00
2017.03.23 06:29:25.191,9.49216,9.49464,1.50,1.00
2017.03.23 06:29:25.495,9.49226,9.49474,1.50,1.50
2017.03.23 06:29:25.546,9.49226,9.49474,1.50,1.50
2017.03.23 06:29:25.871,9.49236,9.49484,1.12,1.12
2017.03.23 06:29:26.023,9.49226,9.49474,1.50,1.12
2017.03.23 06:29:26.124,9.49226,9.49474,1.50,1.12
2017.03.23 06:29:26.397,9.49216,9.49464,2.40,1.00
2017.03.23 06:29:26.449,9.49226,9.49474,1.37,1.12
2017.03.23 06:29:26.533,9.49226,9.49474,1.50,1.12
2017.03.23 06:29:26.839,9.49216,9.49464,1.50,1.00
2017.03.23 06:29:26.891,9.49226,9.49474,1.37,1.12
2017.03.23 06:29:26.993,9.49226,9.49474,1.50,1.12
2017.03.23 06:29:27.448,9.49216,9.49464,1.50,1.00
2017.03.23 06:29:27.499,9.49216,9.49464,1.50,1.00
2017.03.23 06:29:27.550,9.49216,9.49464,1.50,1.00
2017.03.23 06:29:27.652,9.49226,9.49474,1.50,1.12
2017.03.23 06:29:28.172,9.49226,9.49474,1.50,1.12
2017.03.23 06:29:28.286,9.49226,9.49474,1.50,1.12
2017.03.23 06:29:28.596,9.49216,9.49464,1.50,1.00
2017.03.23 06:29:28.945,9.49216,9.49464,1.50,1.00
2017.03.23 06:29:32.768,9.49216,9.49464,1.87,1.00
2017.03.23 06:29:33.123,9.49216,9.49464,1.50,1.00
2017.03.23 06:29:35.074,9.49216,9.49464,1.50,1.00
2017.03.23 06:29:36.283,9.49206,9.49454,1.75,1.00
2017.03.23 06:29:36.334,9.49205,9.49455,2.02,1.00
2017.03.23 06:29:36.956,9.49206,9.49454,1.75,1.00
2017.03.23 06:29:37.058,9.49216,9.49464,1.50,1.12
2017.03.23 06:29:37.570,9.49215,9.49465,2.02,1.12
2017.03.23 06:29:38.115,9.49216,9.49464,1.50,1.12
2017.03.23 06:29:44.120,9.49216,9.49464,1.50,1.12
2017.03.23 06:29:47.332,9.49226,9.49474,1.00,1.50
2017.03.23 06:29:47.383,9.49216,9.49464,2.02,1.00
2017.03.23 06:29:47.434,9.49226,9.49474,1.37,1.50
2017.03.23 06:29:47.826,9.49216,9.49464,2.02,1.12
2017.03.23 06:29:47.876,9.49226,9.49474,1.37,1.50
2017.03.23 06:29:53.104,9.49225,9.49475,1.37,1.50
2017.03.23 06:29:53.635,9.49226,9.49474,1.37,1.50
2017.03.23 06:30:00.129,9.49225,9.49475,1.37,1.50
2017.03.23 06:30:00.180,9.4924,9.49458,1.00,1.00
2017.03.23 06:30:04.243,9.4924,9.49458,1.52,1.00
2017.03.23 06:30:04.568,9.49252,9.49464,1.00,1.00
2017.03.23 06:30:05.251,9.49252,9.49465,1.00,1.00
2017.03.23 06:30:05.412,9.49249,9.49465,1.00,1.50
2017.03.23 06:30:05.797,9.4924,9.49458,1.00,1.00
2017.03.23 06:30:07.007,9.4925,9.49464,1.00,1.00
2017.03.23 06:30:07.343,9.4925,9.49454,1.00,1.00
2017.03.23 06:30:07.394,9.49238,9.49454,1.00,1.00
2017.03.23 06:30:07.814,9.49238,9.49456,1.00,1.00
2017.03.23 06:30:07.915,9.49247,9.49463,1.00,1.00
2017.03.23 06:30:08.235,9.49247,9.49455,1.00,1.00
2017.03.23 06:30:08.765,9.49247,9.49463,1.00,1.00
2017.03.23 06:30:08.917,9.49235,9.49451,1.00,1.00
2017.03.23 06:30:09.265,9.49397,9.49462,1.00,1.00
2017.03.23 06:30:09.317,9.49362,9.49501,1.60,1.00
2017.03.23 06:30:09.419,9.49336,9.49534,1.60,1.00
2017.03.23 06:30:09.470,9.49331,9.49534,1.60,1.00
2017.03.23 06:30:09.521,9.49347,9.49534,1.00,1.37
2017.03.23 06:30:09.623,9.4933,9.49535,1.60,1.37
2017.03.23 06:30:09.674,9.4933,9.49514,1.60,1.00
2017.03.23 06:30:09.743,9.49331,9.49514,1.60,1.00
2017.03.23 06:30:09.820,9.49327,9.49514,1.60,1.00
2017.03.23 06:30:09.871,9.49325,9.49514,1.60,1.00
2017.03.23 06:30:09.972,9.49325,9.49514,1.60,1.00
2017.03.23 06:30:10.024,9.49325,9.49514,1.60,1.50
2017.03.23 06:30:10.176,9.49325,9.49514,1.60,1.50
2017.03.23 06:30:10.278,9.49315,9.49514,1.60,1.00
2017.03.23 06:30:10.431,9.49316,9.49514,1.60,1.00
2017.03.23 06:30:10.604,9.49316,9.49514,1.60,1.00
2017.03.23 06:30:11.138,9.49316,9.49514,1.60,1.00
2017.03.23 06:30:11.705,9.49316,9.49514,1.60,1.00
2017.03.23 06:30:11.756,9.49307,9.49514,1.60,1.00
2017.03.23 06:30:11.807,9.49307,9.49514,1.60,1.00
2017.03.23 06:30:11.858,9.49301,9.49514,1.60,1.00
2017.03.23 06:30:12.010,9.49301,9.49514,1.60,1.00
2017.03.23 06:30:12.061,9.49301,9.49514,1.60,1.00
2017.03.23 06:30:12.112,9.49301,9.49502,1.60,1.00
2017.03.23 06:30:12.163,9.49297,9.49502,1.60,1.00
2017.03.23 06:30:12.765,9.49301,9.49502,1.60,1.00
2017.03.23 06:30:13.414,9.49302,9.49502,1.60,1.00
2017.03.23 06:30:13.465,9.49302,9.49502,1.60,1.00
2017.03.23 06:30:13.707,9.49302,9.49502,1.60,1.00
2017.03.23 06:30:14.198,9.49302,9.49502,1.60,1.00
2017.03.23 06:30:14.556,9.49302,9.49502,1.60,1.00
2017.03.23 06:30:15.762,9.49294,9.49502,1.60,1.00
2017.03.23 06:30:15.864,9.49302,9.49502,1.60,1.00
2017.03.23 06:30:15.993,9.49298,9.49506,1.60,1.00
2017.03.23 06:30:16.118,9.49298,9.49498,1.60,1.00
2017.03.23 06:30:16.295,9.49298,9.49498,1.60,1.00
2017.03.23 06:30:16.498,9.49298,9.49504,1.60,1.00
2017.03.23 06:30:16.654,9.49298,9.49506,1.60,1.00
2017.03.23 06:30:16.705,9.49298,9.49506,1.60,1.00
2017.03.23 06:30:17.057,9.49306,9.49506,1.60,1.00
2017.03.23 06:30:17.572,9.49306,9.49506,1.60,1.00
2017.03.23 06:30:17.810,9.49306,9.49506,1.60,1.00
2017.03.23 06:30:17.861,9.49306,9.49506,1.60,1.00
2017.03.23 06:30:18.105,9.49301,9.49506,1.60,1.00
2017.03.23 06:30:18.157,9.49301,9.49506,1.60,1.00
2017.03.23 06:30:18.208,9.49301,9.49514,1.60,1.00
2017.03.23 06:30:18.401,9.49298,9.49514,1.60,1.00
2017.03.23 06:30:18.502,9.49297,9.49504,1.60,1.00
2017.03.23 06:30:18.806,9.4931,9.49513,1.60,1.00
2017.03.23 06:30:19.166,9.49305,9.49513,1.60,1.00
2017.03.23 06:30:19.217,9.49304,9.49503,1.60,1.00
2017.03.23 06:30:19.318,9.49304,9.49514,1.60,1.00
2017.03.23 06:30:19.679,9.49304,9.49514,1.60,1.00
2017.03.23 06:30:19.730,9.49304,9.49514,1.60,1.00
2017.03.23 06:30:20.129,9.49304,9.49514,1.60,1.00
2017.03.23 06:30:20.181,9.49304,9.49514,1.60,1.00
2017.03.23 06:30:20.389,9.49309,9.49523,1.60,1.00
2017.03.23 06:30:20.490,9.49316,9.49523,1.60,1.00
2017.03.23 06:30:20.660,9.49313,9.49523,1.60,1.00
2017.03.23 06:30:21.011,9.49313,9.49523,1.60,1.00
2017.03.23 06:30:21.318,9.49313,9.4952,1.60,1.00
2017.03.23 06:30:21.369,9.49309,9.4952,1.60,1.00
2017.03.23 06:30:21.420,9.49309,9.4952,1.60,1.00
2017.03.23 06:30:22.169,9.49313,9.49523,1.60,1.00
2017.03.23 06:30:22.271,9.49313,9.49523,1.60,1.00
2017.03.23 06:30:22.574,9.49344,9.49523,1.60,1.00
2017.03.23 06:30:22.878,9.49378,9.49532,2.10,1.00
2017.03.23 06:30:22.929,9.49401,9.49567,1.60,1.00
2017.03.23 06:30:22.980,9.49401,9.49567,1.60,1.00
2017.03.23 06:30:23.031,9.49414,9.49579,1.60,1.00
2017.03.23 06:30:23.132,9.49418,9.49587,1.60,1.00
2017.03.23 06:30:23.183,9.49418,9.49587,1.60,1.00
2017.03.23 06:30:23.234,9.49418,9.49595,1.60,1.00
2017.03.23 06:30:23.285,9.49429,9.49595,1.60,1.00
2017.03.23 06:30:23.589,9.49465,9.49604,1.60,1.00
2017.03.23 06:30:23.640,9.49465,9.49621,1.60,1.00
2017.03.23 06:30:23.691,9.49461,9.49621,1.60,1.00
2017.03.23 06:30:23.742,9.49455,9.49636,1.60,1.00
2017.03.23 06:30:23.948,9.4945,9.49636,1.60,1.00
2017.03.23 06:30:24.049,9.49444,9.49636,1.60,1.00
2017.03.23 06:30:24.100,9.49438,9.49636,1.97,1.00
2017.03.23 06:30:24.151,9.49445,9.49636,1.60,1.00
2017.03.23 06:30:24.202,9.49445,9.49644,1.60,1.00
2017.03.23 06:30:24.253,9.49445,9.49644,1.60,1.00
2017.03.23 06:30:24.304,9.49441,9.49644,1.60,1.50
2017.03.23 06:30:24.355,9.4943,9.49644,1.60,1.50
2017.03.23 06:30:24.507,9.4943,9.49637,1.60,1.00
2017.03.23 06:30:24.810,9.49434,9.49637,1.60,1.00
2017.03.23 06:30:25.114,9.49444,9.49646,1.60,1.00
2017.03.23 06:30:25.417,9.49458,9.49655,1.60,1.00
2017.03.23 06:30:25.739,9.49465,9.49655,1.60,1.00
2017.03.23 06:30:26.453,9.49458,9.49655,1.60,1.00
2017.03.23 06:30:26.504,9.49457,9.49655,1.60,1.00
2017.03.23 06:30:26.606,9.49457,9.49663,1.60,1.00
2017.03.23 06:30:26.707,9.49457,9.49663,1.60,1.00
2017.03.23 06:30:27.011,9.4946,9.49663,1.60,1.00
2017.03.23 06:30:27.142,9.4946,9.49663,1.60,1.00
2017.03.23 06:30:27.412,9.4946,9.49663,1.60,1.00
2017.03.23 06:30:27.752,9.49464,9.49663,1.60,1.00
2017.03.23 06:30:28.562,9.49464,9.49663,1.60,1.00
2017.03.23 06:30:28.613,9.49458,9.49663,1.60,1.00
2017.03.23 06:30:28.813,9.49458,9.49663,1.60,1.00
2017.03.23 06:30:30.172,9.49458,9.49663,1.60,1.00
2017.03.23 06:30:30.335,9.49445,9.49654,1.60,1.00
2017.03.23 06:30:30.386,9.49446,9.49654,1.60,1.50
2017.03.23 06:30:30.437,9.49446,9.49654,1.60,1.50
2017.03.23 06:30:30.488,9.49446,9.49654,1.60,1.50
2017.03.23 06:30:30.742,9.49442,9.49654,1.60,1.50
2017.03.23 06:30:31.648,9.49446,9.49654,1.60,1.50
2017.03.23 06:30:31.699,9.49442,9.49654,1.60,1.50
2017.03.23 06:30:32.004,9.49446,9.49654,1.60,1.50
2017.03.23 06:30:32.771,9.49446,9.49654,1.60,1.50
2017.03.23 06:30:32.873,9.49443,9.49654,1.60,1.50
2017.03.23 06:30:33.002,9.49447,9.49654,1.60,1.50
2017.03.23 06:30:33.332,9.49447,9.49646,1.60,1.00
2017.03.23 06:30:33.798,9.49447,9.49646,1.60,1.00
2017.03.23 06:30:33.849,9.4944,9.49646,1.60,1.00
2017.03.23 06:30:34.153,9.49445,9.49646,1.60,1.00
2017.03.23 06:30:34.204,9.49442,9.49646,1.60,1.00
2017.03.23 06:30:34.255,9.49442,9.49646,1.60,1.00
2017.03.23 06:30:34.407,9.49441,9.49646,1.60,1.00
2017.03.23 06:30:34.527,9.4945,9.49646,1.60,1.00
2017.03.23 06:30:34.578,9.49444,9.49646,1.60,1.00
2017.03.23 06:30:34.683,9.49444,9.49646,1.60,1.00
2017.03.23 06:30:34.784,9.49437,9.49644,1.60,1.00
2017.03.23 06:30:34.835,9.49437,9.49644,1.60,1.00
2017.03.23 06:30:34.988,9.49437,9.49644,1.60,1.00
2017.03.23 06:30:35.244,9.49432,9.49644,1.60,1.00
2017.03.23 06:30:35.446,9.49432,9.49637,1.60,1.00
2017.03.23 06:30:35.548,9.49428,9.49637,1.60,1.00
2017.03.23 06:30:35.599,9.49428,9.49637,1.60,1.00
2017.03.23 06:30:35.760,9.49428,9.49637,1.60,1.00
2017.03.23 06:30:35.811,9.49423,9.49634,1.60,1.00
2017.03.23 06:30:36.202,9.49417,9.49624,1.60,1.00
2017.03.23 06:30:36.253,9.49413,9.49624,1.60,1.00
2017.03.23 06:30:36.305,9.49413,9.49624,1.60,1.00
2017.03.23 06:30:36.355,9.49411,9.49621,1.60,1.00
2017.03.23 06:30:36.558,9.49412,9.49621,1.60,1.00
2017.03.23 06:30:36.722,9.49412,9.49621,1.60,1.00
2017.03.23 06:30:37.692,9.49416,9.49621,1.60,1.00
2017.03.23 06:30:37.794,9.49411,9.49615,1.60,1.00
2017.03.23 06:30:37.845,9.49406,9.49614,1.60,1.00
2017.03.23 06:30:37.896,9.49406,9.49614,1.60,1.00
2017.03.23 06:30:38.048,9.49406,9.49613,1.60,1.00
2017.03.23 06:30:38.099,9.494,9.49613,1.60,1.00
2017.03.23 06:30:38.150,9.49396,9.49605,1.60,1.00
2017.03.23 06:30:38.454,9.49406,9.49605,1.60,1.00
2017.03.23 06:30:38.555,9.49406,9.49613,1.60,1.00
2017.03.23 06:30:38.707,9.49423,9.49613,1.60,1.00
2017.03.23 06:30:38.758,9.49427,9.49622,1.60,1.00
2017.03.23 06:30:38.809,9.49428,9.49622,1.60,1.00
2017.03.23 06:30:38.860,9.49433,9.49631,1.60,1.00
2017.03.23 06:30:39.063,9.4942,9.49624,1.60,1.00
2017.03.23 06:30:39.164,9.49414,9.49622,1.60,1.00
2017.03.23 06:30:39.359,9.49414,9.49614,1.60,1.00
2017.03.23 06:30:39.461,9.49414,9.49622,1.60,1.00
2017.03.23 06:30:39.562,9.49409,9.49614,1.60,1.00
2017.03.23 06:30:40.011,9.49409,9.49614,1.60,1.00
2017.03.23 06:30:40.112,9.49406,9.49614,1.60,1.00
2017.03.23 06:30:40.264,9.49403,9.49613,1.60,1.00
2017.03.23 06:30:40.607,9.49406,9.49613,1.60,1.00
2017.03.23 06:30:40.745,9.49406,9.49615,1.60,1.00
2017.03.23 06:30:42.035,9.49406,9.49615,1.60,1.00
2017.03.23 06:30:45.418,9.49406,9.49615,1.60,1.00
2017.03.23 06:30:45.519,9.49405,9.49614,1.60,1.00
2017.03.23 06:30:45.571,9.49402,9.49613,1.60,1.00
2017.03.23 06:30:45.621,9.49398,9.49613,1.60,1.00
2017.03.23 06:30:45.673,9.49398,9.49605,1.60,1.00
2017.03.23 06:30:45.724,9.49398,9.49605,1.60,1.00
2017.03.23 06:30:45.825,9.49398,9.49605,1.00,1.00
2017.03.23 06:30:45.977,9.49398,9.49595,1.35,1.00
2017.03.23 06:30:46.079,9.49389,9.49595,1.60,1.00
2017.03.23 06:30:46.130,9.49389,9.49595,1.60,1.00
2017.03.23 06:30:46.434,9.49389,9.49595,1.60,1.00
2017.03.23 06:30:49.342,9.49389,9.49598,1.60,1.00
2017.03.23 06:30:49.526,9.49399,9.49598,1.60,1.00
2017.03.23 06:30:50.043,9.49399,9.49598,1.60,1.00
2017.03.23 06:30:50.403,9.49399,9.49598,1.60,1.00
2017.03.23 06:30:50.555,9.49395,9.49598,1.60,1.00
2017.03.23 06:30:50.606,9.49395,9.49598,1.60,1.00
2017.03.23 06:30:50.656,9.49391,9.49598,1.60,1.00
2017.03.23 06:30:50.886,9.49396,9.49598,1.60,1.00
2017.03.23 06:30:50.988,9.49392,9.49598,1.60,1.00
2017.03.23 06:30:51.291,9.49418,9.49606,1.60,1.00
2017.03.23 06:30:51.342,9.49418,9.49606,1.60,1.00
2017.03.23 06:30:51.393,9.49418,9.49606,1.60,1.00
2017.03.23 06:30:51.783,9.49419,9.49614,1.60,1.00
2017.03.23 06:30:51.935,9.49423,9.49614,1.60,1.00
2017.03.23 06:30:51.986,9.49423,9.49622,1.60,1.00
2017.03.23 06:30:52.037,9.49427,9.49622,1.60,1.00
2017.03.23 06:30:52.189,9.49421,9.49622,1.60,1.00
2017.03.23 06:30:52.240,9.49427,9.49622,1.60,1.00
2017.03.23 06:30:52.291,9.49427,9.49622,1.60,1.00
2017.03.23 06:30:52.491,9.49423,9.49622,1.60,1.00
2017.03.23 06:30:52.683,9.49423,9.49622,1.60,1.00
2017.03.23 06:30:52.785,9.49423,9.49613,1.60,1.00
2017.03.23 06:30:53.114,9.4942,9.49613,1.60,1.00
2017.03.23 06:30:53.165,9.49415,9.49613,1.60,1.00
2017.03.23 06:30:55.354,9.49416,9.49613,1.60,1.00
2017.03.23 06:30:56.342,9.49418,9.49613,1.60,1.00
2017.03.23 06:30:56.393,9.49418,9.49613,1.60,1.00
2017.03.23 06:30:56.569,9.49412,9.49613,1.60,1.00
2017.03.23 06:30:56.620,9.49416,9.49613,1.60,1.00
2017.03.23 06:30:56.924,9.49416,9.49613,1.60,1.00
2017.03.23 06:30:57.320,9.4942,9.49613,1.60,1.00
2017.03.23 06:30:57.371,9.49419,9.49613,1.60,1.00
2017.03.23 06:30:57.624,9.49419,9.49613,1.60,1.00
2017.03.23 06:30:57.675,9.49414,9.49613,1.60,1.00
2017.03.23 06:30:59.727,9.49414,9.49613,1.60,1.00
2017.03.23 06:30:59.919,9.49418,9.49613,1.60,1.00
2017.03.23 06:31:00.173,9.49418,9.49622,1.60,1.00
2017.03.23 06:31:00.587,9.49423,9.49622,1.60,1.00
2017.03.23 06:31:00.975,9.49423,9.49622,1.60,1.00
2017.03.23 06:31:01.026,9.49423,9.49622,1.60,1.00
2017.03.23 06:31:01.128,9.49419,9.49622,1.60,1.00
2017.03.23 06:31:01.434,9.49422,9.49622,1.60,1.00
2017.03.23 06:31:01.485,9.49422,9.49622,1.60,1.00
2017.03.23 06:31:01.535,9.49422,9.49622,1.60,1.00
2017.03.23 06:31:01.687,9.49422,9.4963,1.60,1.00
2017.03.23 06:31:01.965,9.49429,9.49622,1.60,1.00
2017.03.23 06:31:02.393,9.49428,9.49632,1.60,1.00
2017.03.23 06:31:02.831,9.49429,9.49632,1.60,1.00
2017.03.23 06:31:02.997,9.49429,9.49632,1.60,1.00
2017.03.23 06:31:03.200,9.49425,9.49621,1.60,1.00
2017.03.23 06:31:03.301,9.49419,9.49621,1.60,1.00
2017.03.23 06:31:03.616,9.49419,9.49621,1.60,1.00
2017.03.23 06:31:03.667,9.49423,9.49633,1.60,1.00
2017.03.23 06:31:04.032,9.49423,9.49633,1.60,1.00
2017.03.23 06:31:04.083,9.49423,9.49633,1.60,1.00
2017.03.23 06:31:04.417,9.49423,9.49633,1.60,1.00
2017.03.23 06:31:04.642,9.49418,9.49633,1.60,1.00
2017.03.23 06:31:04.693,9.49421,9.49621,1.60,1.00
2017.03.23 06:31:05.046,9.49421,9.49621,1.60,1.00
2017.03.23 06:31:05.148,9.49421,9.49621,1.60,1.00
2017.03.23 06:31:05.529,9.49426,9.49621,1.60,1.00
2017.03.23 06:31:05.580,9.49426,9.49632,1.60,1.00
2017.03.23 06:31:05.631,9.49426,9.49632,1.60,1.00
2017.03.23 06:31:05.682,9.49426,9.49632,1.60,1.00
2017.03.23 06:31:05.902,9.49426,9.49632,1.60,1.00
2017.03.23 06:31:06.226,9.49431,9.49632,1.60,1.00
2017.03.23 06:31:06.327,9.49431,9.49632,1.60,1.00
2017.03.23 06:31:06.378,9.4943,9.49622,1.60,1.00
2017.03.23 06:31:06.608,9.4943,9.49632,1.60,1.00
2017.03.23 06:31:06.864,9.49428,9.49623,1.60,1.00
2017.03.23 06:31:06.966,9.49422,9.49623,1.60,1.00
2017.03.23 06:31:07.068,9.49423,9.49631,1.60,1.00
2017.03.23 06:31:07.284,9.49423,9.49631,1.60,1.00
2017.03.23 06:31:07.608,9.49426,9.49631,1.60,1.00
2017.03.23 06:31:07.710,9.49426,9.49622,1.60,1.00
2017.03.23 06:31:08.026,9.49428,9.49622,1.60,1.00
2017.03.23 06:31:08.530,9.49428,9.49622,1.60,1.00
2017.03.23 06:31:08.632,9.49428,9.49622,1.60,1.00
2017.03.23 06:31:09.139,9.49424,9.49622,1.60,1.00
2017.03.23 06:31:09.775,9.49424,9.49622,1.60,1.00
2017.03.23 06:31:10.311,9.49424,9.49622,1.60,1.00
2017.03.23 06:31:10.708,9.4942,9.49622,1.60,1.00
2017.03.23 06:31:10.817,9.4942,9.49622,1.60,1.00
2017.03.23 06:31:11.020,9.4942,9.49622,1.60,1.00
2017.03.23 06:31:11.324,9.4942,9.49622,1.60,1.00
2017.03.23 06:31:11.760,9.49416,9.49622,1.60,1.00
2017.03.23 06:31:13.526,9.49419,9.49622,1.60,1.00
2017.03.23 06:31:13.864,9.49425,9.49622,1.60,1.00
2017.03.23 06:31:14.568,9.49425,9.49622,1.60,1.00
2017.03.23 06:31:15.010,9.49422,9.49622,1.60,1.00
2017.03.23 06:31:15.305,9.49425,9.49631,1.60,1.00
2017.03.23 06:31:16.266,9.49425,9.49631,1.60,1.00
2017.03.23 06:31:16.422,9.49422,9.49623,1.60,1.00
2017.03.23 06:31:16.761,9.49422,9.49623,1.60,1.00
2017.03.23 06:31:17.287,9.49422,9.49623,1.60,1.00
2017.03.23 06:31:17.338,9.49426,9.49623,1.60,1.00
2017.03.23 06:31:17.389,9.4942,9.49623,1.60,1.00
2017.03.23 06:31:17.440,9.49424,9.49623,1.60,1.00
2017.03.23 06:31:17.800,9.49424,9.49623,1.60,1.00
2017.03.23 06:31:17.968,9.49419,9.49632,1.60,1.00
2017.03.23 06:31:18.241,9.49424,9.49632,1.60,1.00
2017.03.23 06:31:18.393,9.49423,9.49633,1.60,1.00
2017.03.23 06:31:18.444,9.49423,9.49633,1.60,1.00
2017.03.23 06:31:18.779,9.49423,9.49623,1.60,1.00
2017.03.23 06:31:18.881,9.49423,9.49623,1.60,1.00
2017.03.23 06:31:18.932,9.49423,9.49623,1.60,1.00
2017.03.23 06:31:18.983,9.49423,9.49623,1.60,1.00
2017.03.23 06:31:19.326,9.49423,9.49623,1.60,1.00
2017.03.23 06:31:19.508,9.49426,9.49633,1.60,1.00
2017.03.23 06:31:19.913,9.49426,9.49623,1.60,1.00
2017.03.23 06:31:20.298,9.49427,9.49623,1.60,1.00
2017.03.23 06:31:20.349,9.49427,9.49623,1.60,1.00
2017.03.23 06:31:20.450,9.49424,9.49623,1.60,1.00
2017.03.23 06:31:20.501,9.49424,9.49623,1.60,1.00
2017.03.23 06:31:20.805,9.49413,9.49623,1.60,1.00
2017.03.23 06:31:20.856,9.49413,9.49623,1.60,1.00
2017.03.23 06:31:21.010,9.49413,9.49623,1.60,1.00
2017.03.23 06:31:21.112,9.49413,9.49623,1.60,1.00
2017.03.23 06:31:21.163,9.49417,9.49623,1.60,1.00
2017.03.23 06:31:21.214,9.49417,9.49631,1.60,1.00
2017.03.23 06:31:21.650,9.4942,9.49631,1.60,1.00
2017.03.23 06:31:21.701,9.49415,9.49631,1.60,1.00
2017.03.23 06:31:21.802,9.49414,9.4962,1.60,1.00
2017.03.23 06:31:21.973,9.49411,9.49629,1.60,1.00
2017.03.23 06:31:22.023,9.49413,9.4962,1.60,1.00
2017.03.23 06:31:22.074,9.49407,9.4962,1.60,1.00
2017.03.23 06:31:22.353,9.49412,9.4962,1.60,1.00
2017.03.23 06:31:22.404,9.49407,9.4962,1.60,1.00
2017.03.23 06:31:22.606,9.49407,9.4962,1.60,1.00
2017.03.23 06:31:22.808,9.49411,9.4962,1.60,1.00
2017.03.23 06:31:22.910,9.49414,9.4963,1.60,1.00
2017.03.23 06:31:23.447,9.49423,9.4963,1.60,1.00
2017.03.23 06:31:23.549,9.49423,9.4963,1.60,1.00
2017.03.23 06:31:23.600,9.49417,9.4963,1.60,1.00
2017.03.23 06:31:23.701,9.49415,9.49622,1.60,1.00
2017.03.23 06:31:24.100,9.49416,9.49622,1.60,1.00
2017.03.23 06:31:24.405,9.49416,9.49622,1.60,1.00
2017.03.23 06:31:24.510,9.49416,9.49622,1.60,1.00
2017.03.23 06:31:24.612,9.49416,9.49622,1.60,1.00
2017.03.23 06:31:25.011,9.49416,9.49622,1.60,1.00
2017.03.23 06:31:25.484,9.49416,9.49622,1.60,1.00
2017.03.23 06:31:25.535,9.49413,9.49622,1.60,1.00
2017.03.23 06:31:25.586,9.49413,9.49622,1.60,1.00
2017.03.23 06:31:26.056,9.49418,9.49622,1.60,1.00
2017.03.23 06:31:26.652,9.49413,9.49622,1.60,1.00
2017.03.23 06:31:26.804,9.49416,9.49632,1.60,1.00
2017.03.23 06:31:27.261,9.49414,9.49632,1.60,1.00
2017.03.23 06:31:27.312,9.49412,9.49623,1.60,1.00
2017.03.23 06:31:27.363,9.49408,9.49623,1.60,1.00
2017.03.23 06:31:27.414,9.49414,9.49623,1.60,1.00
2017.03.23 06:31:27.915,9.4941,9.49623,1.60,1.00
2017.03.23 06:31:28.423,9.4941,9.49623,1.60,1.00
2017.03.23 06:31:28.945,9.4941,9.49623,1.60,1.00
2017.03.23 06:31:29.405,9.49411,9.49627,1.60,1.00
2017.03.23 06:31:29.732,9.49411,9.49627,1.60,1.00
2017.03.23 06:31:29.783,9.49411,9.49627,1.60,1.00
2017.03.23 06:31:30.154,9.49414,9.49627,1.60,1.00
2017.03.23 06:31:30.216,9.49414,9.49627,1.60,1.00
2017.03.23 06:31:30.267,9.49414,9.49627,1.60,1.00
2017.03.23 06:31:30.916,9.49414,9.49627,1.60,1.00
2017.03.23 06:31:35.585,9.49413,9.49627,1.60,1.00
2017.03.23 06:31:35.636,9.49413,9.49627,1.60,1.00
2017.03.23 06:31:37.213,9.49413,9.49627,1.60,1.00
2017.03.23 06:31:37.367,9.49417,9.49627,1.60,1.00
2017.03.23 06:31:37.423,9.49417,9.49627,1.60,1.00
2017.03.23 06:31:38.231,9.49417,9.49627,1.60,1.00
2017.03.23 06:31:38.283,9.49417,9.49627,1.60,1.00
2017.03.23 06:31:39.934,9.49417,9.49627,1.60,1.00
2017.03.23 06:31:39.985,9.49417,9.49627,1.60,1.00
2017.03.23 06:31:40.891,9.49413,9.49627,1.60,1.00
2017.03.23 06:31:40.942,9.49413,9.49627,1.60,1.00
2017.03.23 06:31:41.290,9.49417,9.49627,1.60,1.00
2017.03.23 06:31:41.392,9.49417,9.49627,1.60,1.00
2017.03.23 06:31:41.906,9.49417,9.49627,1.60,1.00
2017.03.23 06:31:42.541,9.49417,9.49627,1.60,1.00
2017.03.23 06:31:42.921,9.49417,9.49627,1.60,1.00
2017.03.23 06:31:44.397,9.49417,9.49627,1.60,1.00
2017.03.23 06:31:44.916,9.49417,9.49627,1.60,1.00
2017.03.23 06:31:46.839,9.49416,9.49627,1.60,1.00
2017.03.23 06:31:46.890,9.49411,9.49627,1.60,1.00
2017.03.23 06:31:46.941,9.49409,9.49617,1.60,1.00
2017.03.23 06:31:46.992,9.49409,9.49617,1.60,1.00
2017.03.23 06:31:47.194,9.49409,9.49617,1.60,1.00
2017.03.23 06:31:47.498,9.49409,9.49617,1.60,1.00
2017.03.23 06:31:47.549,9.49414,9.49625,1.60,1.00
2017.03.23 06:31:48.041,9.49414,9.49625,1.60,1.00
2017.03.23 06:31:48.193,9.49414,9.49625,1.60,1.00
2017.03.23 06:31:48.345,9.49414,9.49625,1.60,1.00
2017.03.23 06:31:49.150,9.49414,9.49625,1.60,1.00
2017.03.23 06:31:51.356,9.49414,9.49625,1.60,1.00
2017.03.23 06:31:51.585,9.49414,9.49625,1.60,1.00
2017.03.23 06:31:52.104,9.49414,9.49625,1.60,1.00
2017.03.23 06:32:01.192,9.49413,9.49625,1.60,1.00
2017.03.23 06:32:01.665,9.49413,9.49625,1.60,1.00
2017.03.23 06:32:02.173,9.49408,9.49618,1.60,1.00
2017.03.23 06:32:02.224,9.49408,9.49618,1.60,1.00
2017.03.23 06:32:02.745,9.49408,9.49618,1.60,1.00
2017.03.23 06:32:02.796,9.49402,9.49608,1.60,1.00
2017.03.23 06:32:02.956,9.49407,9.49618,1.60,1.00
2017.03.23 06:32:03.158,9.49407,9.49609,1.60,1.00
2017.03.23 06:32:03.209,9.49406,9.49609,1.60,1.00
2017.03.23 06:32:03.541,9.49407,9.49609,1.60,1.00
2017.03.23 06:32:03.643,9.49403,9.496,1.60,1.00
2017.03.23 06:32:03.693,9.49403,9.496,1.60,1.00
2017.03.23 06:32:04.016,9.49403,9.496,1.60,1.00
2017.03.23 06:32:04.067,9.49406,9.496,1.60,1.00
2017.03.23 06:32:04.169,9.49403,9.49609,1.60,1.00
2017.03.23 06:32:04.319,9.49403,9.49609,1.60,1.00
2017.03.23 06:32:04.379,9.49399,9.49597,1.60,1.00
2017.03.23 06:32:04.482,9.49398,9.49608,1.60,1.00
2017.03.23 06:32:04.533,9.49404,9.49608,1.60,1.00
2017.03.23 06:32:04.584,9.49404,9.49619,1.60,1.00
2017.03.23 06:32:04.635,9.49412,9.49619,1.60,1.00
2017.03.23 06:32:04.686,9.49426,9.49628,1.60,1.00
2017.03.23 06:32:04.788,9.49426,9.49628,1.60,1.00
2017.03.23 06:32:04.990,9.49422,9.49628,1.60,1.00
2017.03.23 06:32:05.143,9.49414,9.49628,1.60,1.00
2017.03.23 06:32:05.194,9.49404,9.49611,1.60,1.00
2017.03.23 06:32:05.244,9.49404,9.49611,1.60,1.00
2017.03.23 06:32:05.346,9.49395,9.49602,1.60,1.00
2017.03.23 06:32:05.397,9.49386,9.49602,2.10,1.00
2017.03.23 06:32:05.448,9.49386,9.49593,1.60,1.00
2017.03.23 06:32:05.549,9.49391,9.49601,1.60,1.00
2017.03.23 06:32:05.600,9.49394,9.49601,1.60,1.00
2017.03.23 06:32:05.702,9.49394,9.49601,1.60,1.00
2017.03.23 06:32:05.754,9.49391,9.49601,1.60,1.00
2017.03.23 06:32:05.805,9.49391,9.49601,1.60,1.00
2017.03.23 06:32:06.343,9.49385,9.49601,1.60,1.00
2017.03.23 06:32:06.516,9.49385,9.49601,1.60,1.00
2017.03.23 06:32:06.824,9.49385,9.49601,1.60,1.00
2017.03.23 06:32:07.127,9.49405,9.49601,1.60,1.00
2017.03.23 06:32:07.388,9.49409,9.4961,1.60,1.00
2017.03.23 06:32:07.590,9.49409,9.49618,1.60,1.00
2017.03.23 06:32:07.641,9.49409,9.49618,1.60,1.00
2017.03.23 06:32:08.094,9.49409,9.49618,1.60,1.00
2017.03.23 06:32:08.247,9.49405,9.49618,1.60,1.00
2017.03.23 06:32:08.298,9.49405,9.49618,1.60,1.00
2017.03.23 06:32:08.552,9.49405,9.49618,1.60,1.00
2017.03.23 06:32:08.654,9.49405,9.4961,1.60,1.00
2017.03.23 06:32:09.426,9.49405,9.4961,1.60,1.00
2017.03.23 06:32:09.788,9.49401,9.4961,1.60,1.00
2017.03.23 06:32:10.301,9.49401,9.4961,1.60,1.00
2017.03.23 06:32:11.292,9.49397,9.4961,1.60,1.00
2017.03.23 06:32:11.343,9.49397,9.4961,1.60,1.00
2017.03.23 06:32:11.647,9.49401,9.49612,1.60,1.00
2017.03.23 06:32:11.871,9.49402,9.49612,1.60,1.00
2017.03.23 06:32:11.923,9.49402,9.49612,1.60,1.00
2017.03.23 06:32:12.024,9.49396,9.49604,1.60,1.00
2017.03.23 06:32:12.075,9.49389,9.49604,1.60,1.00
2017.03.23 06:32:12.126,9.49395,9.49604,1.60,1.00
2017.03.23 06:32:12.228,9.49389,9.49604,1.60,1.00
2017.03.23 06:32:12.279,9.49392,9.49604,1.60,1.00
2017.03.23 06:32:12.657,9.49392,9.49596,1.60,1.00
2017.03.23 06:32:13.321,9.49388,9.49596,1.60,1.00
2017.03.23 06:32:13.372,9.49392,9.49596,1.60,1.00
2017.03.23 06:32:14.302,9.49392,9.49596,1.60,1.00
2017.03.23 06:32:14.353,9.49392,9.49596,1.60,1.00
2017.03.23 06:32:16.495,9.49392,9.49596,1.60,1.00
2017.03.23 06:32:16.546,9.49397,9.49596,1.60,1.00
2017.03.23 06:32:16.851,9.49412,9.49604,1.60,1.00
2017.03.23 06:32:17.003,9.49411,9.49614,1.60,1.00
2017.03.23 06:32:17.054,9.49411,9.49614,1.60,1.00
2017.03.23 06:32:17.531,9.49411,9.49614,1.60,1.00
2017.03.23 06:32:17.582,9.49411,9.49614,1.60,1.00
2017.03.23 06:32:17.633,9.49411,9.49614,1.60,1.00
2017.03.23 06:32:18.033,9.49411,9.49614,1.60,1.00
2017.03.23 06:32:18.084,9.49405,9.49614,1.60,1.00
2017.03.23 06:32:18.186,9.49401,9.49614,1.60,1.00
2017.03.23 06:32:18.390,9.49401,9.49604,1.60,1.00
2017.03.23 06:32:18.491,9.49401,9.49612,1.60,1.00
2017.03.23 06:32:18.542,9.49398,9.49612,1.60,1.00
2017.03.23 06:32:18.593,9.49398,9.496,1.60,1.00
2017.03.23 06:32:18.694,9.49402,9.4961,1.60,1.00
2017.03.23 06:32:18.916,9.49397,9.49602,1.60,1.00
2017.03.23 06:32:19.169,9.49398,9.49604,1.60,1.00
2017.03.23 06:32:19.372,9.49397,9.49596,1.60,1.00
2017.03.23 06:32:19.540,9.49402,9.49596,1.60,1.00
2017.03.23 06:32:19.591,9.49402,9.49604,1.60,1.00
2017.03.23 06:32:19.692,9.49401,9.49604,1.60,1.00
2017.03.23 06:32:19.743,9.49401,9.49604,1.60,1.00
2017.03.23 06:32:19.794,9.49396,9.49593,1.60,1.00
2017.03.23 06:32:20.132,9.49402,9.49593,1.60,1.00
2017.03.23 06:32:20.285,9.49402,9.49593,1.60,1.00
2017.03.23 06:32:20.502,9.49402,9.49593,1.60,1.00
2017.03.23 06:32:21.191,9.49398,9.49593,1.60,1.00
2017.03.23 06:32:21.887,9.49398,9.49593,1.60,1.00
2017.03.23 06:32:21.938,9.49397,9.49593,1.60,1.00
2017.03.23 06:32:22.040,9.49401,9.49601,1.60,1.00
2017.03.23 06:32:22.141,9.49401,9.49601,1.60,1.00
2017.03.23 06:32:22.192,9.49406,9.49601,1.60,1.00
2017.03.23 06:32:22.294,9.49405,9.49609,1.60,1.00
2017.03.23 06:32:22.344,9.49411,9.49609,1.60,1.00
2017.03.23 06:32:22.648,9.49421,9.49617,1.60,1.00
2017.03.23 06:32:22.800,9.49417,9.49621,1.60,1.00
2017.03.23 06:32:22.851,9.49415,9.49621,1.60,1.00
2017.03.23 06:32:23.003,9.49415,9.49621,1.60,1.00
2017.03.23 06:32:23.104,9.49412,9.49611,1.60,1.00
2017.03.23 06:32:23.163,9.49412,9.49611,1.60,1.00
2017.03.23 06:32:23.214,9.49405,9.49611,1.60,1.00
2017.03.23 06:32:23.302,9.49405,9.49611,1.60,1.00
2017.03.23 06:32:23.353,9.49405,9.49611,1.60,1.00
2017.03.23 06:32:23.512,9.49406,9.49611,1.60,1.00
2017.03.23 06:32:23.791,9.49406,9.49611,1.60,1.00
2017.03.23 06:32:23.892,9.49399,9.49611,1.60,1.00
2017.03.23 06:32:23.943,9.49404,9.49611,1.60,1.00
2017.03.23 06:32:24.095,9.49407,9.49619,1.60,1.00
2017.03.23 06:32:24.196,9.49407,9.49606,1.60,1.00
2017.03.23 06:32:24.500,9.49403,9.49615,1.60,1.00
2017.03.23 06:32:24.622,9.49403,9.49615,1.60,1.00
2017.03.23 06:32:24.673,9.49403,9.49615,1.60,1.00
2017.03.23 06:32:25.134,9.494,9.49615,1.60,1.00
2017.03.23 06:32:25.185,9.49403,9.49615,1.60,1.00
2017.03.23 06:32:26.437,9.49403,9.49615,1.60,1.00
2017.03.23 06:32:26.808,9.49403,9.49601,1.60,1.00
2017.03.23 06:32:28.136,9.494,9.49601,1.60,1.00
2017.03.23 06:32:28.513,9.49404,9.49601,1.60,1.00
2017.03.23 06:32:28.563,9.49404,9.49601,1.60,1.00
2017.03.23 06:32:29.020,9.49404,9.49601,1.60,1.00
2017.03.23 06:32:29.160,9.49404,9.49601,1.60,1.00
2017.03.23 06:32:32.282,9.49399,9.49601,1.60,1.00
2017.03.23 06:32:32.333,9.49402,9.49601,1.60,1.00
2017.03.23 06:32:32.752,9.49403,9.49601,1.60,1.00
2017.03.23 06:32:33.096,9.49403,9.49601,1.60,1.00
2017.03.23 06:32:33.147,9.49403,9.49601,1.60,1.00
2017.03.23 06:32:33.198,9.49403,9.49601,1.60,1.00
2017.03.23 06:32:33.612,9.49403,9.49601,1.60,1.00
2017.03.23 06:32:33.663,9.49407,9.49601,1.60,1.00
2017.03.23 06:32:34.070,9.49407,9.49601,1.60,1.00
2017.03.23 06:32:34.226,9.49403,9.49601,1.60,1.00
2017.03.23 06:32:34.632,9.49403,9.49601,1.60,1.00
2017.03.23 06:32:34.784,9.49403,9.49601,1.60,1.00
2017.03.23 06:32:35.028,9.49399,9.49592,1.60,1.00
2017.03.23 06:32:35.079,9.49393,9.49592,1.60,1.00
2017.03.23 06:32:35.621,9.49391,9.49592,1.60,1.00
2017.03.23 06:32:35.672,9.49394,9.49592,1.60,1.00
2017.03.23 06:32:36.004,9.49406,9.49603,1.60,1.00
2017.03.23 06:32:36.106,9.49399,9.49603,1.60,1.00
2017.03.23 06:32:36.207,9.49399,9.49592,1.60,1.00
2017.03.23 06:32:36.359,9.49399,9.49592,1.60,1.00
2017.03.23 06:32:36.511,9.49399,9.49599,1.60,1.00
2017.03.23 06:32:36.777,9.49399,9.49599,1.60,1.00
2017.03.23 06:32:36.878,9.49399,9.49599,1.60,1.00
2017.03.23 06:32:37.449,9.494,9.49599,1.60,1.00
2017.03.23 06:32:37.862,9.494,9.49599,1.60,1.00
2017.03.23 06:32:38.411,9.49396,9.49599,1.60,1.00
2017.03.23 06:32:38.462,9.49402,9.49599,1.60,1.00
2017.03.23 06:32:38.766,9.49413,9.49609,1.60,1.00
2017.03.23 06:32:38.817,9.49409,9.49609,1.60,1.00
2017.03.23 06:32:38.868,9.49406,9.49609,1.60,1.00
2017.03.23 06:32:38.919,9.49407,9.49609,1.60,1.00
2017.03.23 06:32:39.261,9.49415,9.49609,1.60,1.00
2017.03.23 06:32:39.362,9.49411,9.49609,1.60,1.00
2017.03.23 06:32:39.464,9.49415,9.49609,1.60,1.00
2017.03.23 06:32:39.515,9.49401,9.49609,1.60,1.00
2017.03.23 06:32:39.566,9.49397,9.49609,1.60,1.00
2017.03.23 06:32:39.617,9.49397,9.49601,1.60,1.00
2017.03.23 06:32:39.668,9.49396,9.49601,1.60,1.00
2017.03.23 06:32:39.719,9.49386,9.49593,2.10,1.00
2017.03.23 06:32:40.035,9.49403,9.49601,1.60,1.00
2017.03.23 06:32:40.339,9.49411,9.49601,1.60,1.00
2017.03.23 06:32:40.440,9.49411,9.49611,1.60,1.00
2017.03.23 06:32:40.492,9.49411,9.49611,1.60,1.00
2017.03.23 06:32:40.542,9.49411,9.49602,1.60,1.00
2017.03.23 06:32:40.644,9.49411,9.4961,1.60,1.00
2017.03.23 06:32:40.695,9.49411,9.4961,1.60,1.00
2017.03.23 06:32:40.796,9.49411,9.4961,1.60,1.00
2017.03.23 06:32:41.059,9.49411,9.4961,1.60,1.00
2017.03.23 06:32:41.261,9.49404,9.4961,1.60,1.00
2017.03.23 06:32:41.363,9.49404,9.4961,1.60,1.00
2017.03.23 06:32:41.570,9.49399,9.49602,1.60,1.00
2017.03.23 06:32:41.900,9.49404,9.49602,1.60,1.00
2017.03.23 06:32:42.497,9.49403,9.49602,1.60,1.00
2017.03.23 06:32:42.548,9.49403,9.49602,1.60,1.00
2017.03.23 06:32:46.982,9.49404,9.49602,1.60,1.00
2017.03.23 06:32:47.515,9.494,9.49602,1.60,1.00
2017.03.23 06:32:47.968,9.494,9.49602,1.60,1.00
2017.03.23 06:32:48.341,9.49396,9.49602,1.60,1.00
2017.03.23 06:32:48.653,9.49396,9.49602,1.60,1.00
2017.03.23 06:32:48.981,9.49396,9.49602,1.60,1.00
2017.03.23 06:32:49.281,9.49396,9.49602,1.60,1.00
2017.03.23 06:32:49.433,9.494,9.496,1.60,1.00
2017.03.23 06:32:51.938,9.494,9.496,1.60,1.00
2017.03.23 06:32:51.989,9.4939,9.496,1.60,1.00
2017.03.23 06:32:52.040,9.4939,9.496,1.60,1.00
2017.03.23 06:32:52.141,9.49387,9.49591,1.60,1.00
2017.03.23 06:32:52.451,9.49392,9.49591,1.60,1.00
2017.03.23 06:32:52.552,9.49391,9.49591,1.60,1.00
2017.03.23 06:32:52.790,9.49392,9.49591,1.60,1.00
2017.03.23 06:32:52.841,9.49387,9.49591,1.60,1.00
2017.03.23 06:32:52.943,9.4938,9.49582,1.60,1.00
2017.03.23 06:32:53.247,9.49389,9.49589,1.60,1.00
2017.03.23 06:32:53.298,9.49395,9.49589,1.60,1.00
2017.03.23 06:32:53.349,9.49387,9.49581,1.60,1.00
2017.03.23 06:32:53.511,9.49391,9.49581,1.60,1.00
2017.03.23 06:32:53.699,9.49385,9.49581,1.60,1.00
2017.03.23 06:32:53.902,9.49387,9.49581,1.60,1.00
2017.03.23 06:32:53.952,9.49387,9.49581,1.60,1.00
2017.03.23 06:32:54.003,9.49387,9.49581,1.60,1.00
2017.03.23 06:32:54.310,9.4939,9.49581,1.60,1.00
2017.03.23 06:32:54.625,9.49382,9.49581,1.60,1.00
2017.03.23 06:32:54.676,9.49382,9.49581,1.60,1.00
2017.03.23 06:32:54.858,9.49376,9.49571,1.60,1.00
2017.03.23 06:32:54.909,9.49379,9.49571,1.60,1.00
2017.03.23 06:32:55.289,9.49378,9.49571,1.60,1.00
2017.03.23 06:32:55.763,9.49378,9.49571,1.60,1.00
2017.03.23 06:32:55.814,9.49374,9.49571,1.60,1.00
2017.03.23 06:32:55.865,9.49366,9.49563,1.60,1.00
2017.03.23 06:32:55.966,9.49361,9.49563,1.60,1.00
2017.03.23 06:32:56.270,9.49364,9.49563,1.60,1.00
2017.03.23 06:32:56.607,9.49364,9.49563,1.60,1.00
2017.03.23 06:32:56.657,9.49364,9.49563,1.60,1.00
2017.03.23 06:32:56.902,9.49364,9.49563,1.60,1.00
2017.03.23 06:32:57.216,9.49364,9.49563,1.60,1.00
2017.03.23 06:32:57.317,9.49359,9.49563,1.60,1.00
2017.03.23 06:32:57.546,9.49362,9.49563,1.60,1.00
2017.03.23 06:32:58.480,9.49362,9.49563,1.60,1.00
2017.03.23 06:32:59.511,9.49362,9.49563,1.60,1.00
2017.03.23 06:32:59.761,9.49362,9.49563,1.60,1.00
2017.03.23 06:32:59.862,9.49357,9.49555,1.60,1.00
2017.03.23 06:33:00.166,9.49357,9.49566,1.60,1.00
2017.03.23 06:33:00.322,9.49362,9.49566,1.60,1.00
2017.03.23 06:33:00.529,9.49355,9.49566,1.60,1.00
2017.03.23 06:33:00.580,9.49355,9.49559,1.60,1.00
2017.03.23 06:33:00.681,9.49355,9.49559,1.60,1.00
2017.03.23 06:33:00.732,9.49359,9.49559,1.60,1.00
2017.03.23 06:33:01.035,9.49372,9.49566,1.60,1.00
2017.03.23 06:33:01.086,9.49368,9.49566,1.60,1.00
2017.03.23 06:33:01.307,9.49368,9.49566,1.60,1.00
2017.03.23 06:33:01.358,9.49369,9.49566,1.60,1.00
2017.03.23 06:33:01.561,9.49358,9.49566,1.60,1.00
2017.03.23 06:33:01.662,9.49359,9.49556,1.60,1.00
2017.03.23 06:33:02.163,9.49354,9.49556,1.60,1.00
2017.03.23 06:33:02.473,9.49354,9.49556,1.60,1.00
2017.03.23 06:33:02.589,9.49354,9.49556,1.60,1.00
2017.03.23 06:33:02.896,9.49357,9.49556,1.60,1.00
2017.03.23 06:33:03.227,9.49363,9.49556,1.60,1.00
2017.03.23 06:33:03.430,9.49363,9.49556,1.60,1.00
2017.03.23 06:33:03.481,9.49358,9.49556,1.60,1.00
2017.03.23 06:33:03.532,9.49358,9.49556,1.60,1.00
2017.03.23 06:33:03.853,9.49369,9.49556,1.60,1.00
2017.03.23 06:33:03.904,9.49369,9.49564,1.60,1.00
2017.03.23 06:33:03.955,9.49369,9.49564,1.60,1.00
2017.03.23 06:33:04.112,9.49373,9.49564,1.60,1.00
2017.03.23 06:33:04.379,9.49369,9.49564,1.60,1.00
2017.03.23 06:33:04.658,9.49363,9.49551,1.60,1.00
2017.03.23 06:33:04.944,9.4936,9.49551,1.60,1.00
2017.03.23 06:33:04.995,9.49356,9.49551,1.60,1.00
2017.03.23 06:33:05.161,9.49353,9.49551,1.60,1.00
2017.03.23 06:33:05.212,9.49353,9.49551,1.60,1.00
2017.03.23 06:33:05.752,9.49357,9.49551,1.60,1.00
2017.03.23 06:33:06.678,9.49363,9.49551,1.60,1.00
2017.03.23 06:33:06.729,9.49356,9.49551,1.60,1.00
2017.03.23 06:33:06.780,9.49356,9.49559,1.60,1.00
2017.03.23 06:33:06.993,9.4936,9.49559,1.60,1.00
2017.03.23 06:33:07.297,9.49365,9.49559,1.60,1.00
2017.03.23 06:33:07.860,9.49369,9.49559,1.60,1.00
2017.03.23 06:33:08.188,9.49369,9.49559,1.60,1.00
2017.03.23 06:33:08.239,9.49354,9.49559,1.60,1.00
2017.03.23 06:33:08.290,9.49354,9.49559,1.60,1.00
2017.03.23 06:33:08.523,9.49356,9.49559,1.60,1.00
2017.03.23 06:33:09.011,9.49357,9.49559,1.60,1.00
2017.03.23 06:33:09.392,9.49357,9.49554,1.60,1.00
2017.03.23 06:33:10.163,9.49363,9.49554,1.60,1.00
2017.03.23 06:33:10.315,9.4936,9.49554,1.60,1.00
2017.03.23 06:33:10.602,9.49365,9.49554,1.60,1.00
2017.03.23 06:33:10.653,9.49371,9.49554,1.60,1.00
2017.03.23 06:33:11.015,9.4937,9.49554,1.60,1.00
2017.03.23 06:33:11.066,9.49371,9.49554,1.60,1.00
2017.03.23 06:33:11.218,9.49367,9.49554,1.60,1.00
2017.03.23 06:33:11.654,9.49363,9.49554,1.60,1.00
2017.03.23 06:33:11.705,9.49363,9.49554,1.60,1.00
2017.03.23 06:33:12.011,9.4934,9.49554,2.10,1.00
2017.03.23 06:33:12.112,9.49355,9.49554,1.60,1.00
2017.03.23 06:33:12.163,9.4935,9.49554,1.60,1.00
2017.03.23 06:33:12.214,9.49355,9.49554,1.60,1.00
2017.03.23 06:33:12.517,9.49357,9.49554,1.60,1.00
2017.03.23 06:33:12.822,9.49361,9.49554,1.60,1.00
2017.03.23 06:33:13.133,9.4936,9.49554,1.60,1.00
2017.03.23 06:33:13.612,9.4936,9.49554,1.60,1.00
2017.03.23 06:33:13.839,9.4936,9.49554,1.60,1.00
2017.03.23 06:33:13.890,9.49356,9.49554,1.60,1.00
2017.03.23 06:33:14.470,9.49356,9.49554,1.60,1.00
2017.03.23 06:33:14.606,9.49356,9.49545,1.60,1.00
2017.03.23 06:33:14.657,9.49356,9.49545,1.60,1.00
2017.03.23 06:33:14.708,9.49356,9.49545,1.60,1.00
2017.03.23 06:33:14.810,9.49356,9.49553,1.60,1.00
2017.03.23 06:33:14.896,9.49356,9.49545,1.60,1.00
2017.03.23 06:33:15.200,9.49367,9.49562,1.60,1.00
2017.03.23 06:33:15.713,9.49371,9.49562,1.60,1.00
2017.03.23 06:33:16.510,9.49371,9.49562,1.60,1.00
2017.03.23 06:33:17.110,9.49371,9.49562,1.60,1.00
2017.03.23 06:33:18.173,9.49371,9.49562,1.60,1.00
2017.03.23 06:33:18.224,9.49371,9.49562,1.60,1.00
2017.03.23 06:33:21.285,9.49375,9.49562,1.60,1.00
2017.03.23 06:33:21.336,9.4937,9.49562,1.60,1.00
2017.03.23 06:33:23.643,9.4937,9.49562,1.60,1.00
2017.03.23 06:33:23.745,9.49364,9.49562,1.60,1.00
2017.03.23 06:33:23.795,9.49364,9.49562,1.60,1.00
2017.03.23 06:33:23.846,9.49358,9.49562,1.60,1.00
2017.03.23 06:33:23.897,9.49358,9.49553,1.60,1.00
2017.03.23 06:33:23.999,9.49363,9.49553,1.60,1.00
2017.03.23 06:33:24.050,9.49367,9.49553,1.60,1.00
2017.03.23 06:33:24.101,9.49376,9.49565,1.60,1.00
2017.03.23 06:33:24.304,9.49372,9.49565,1.60,1.00
2017.03.23 06:33:24.354,9.49372,9.49565,1.60,1.00
2017.03.23 06:33:24.835,9.49368,9.49565,1.60,1.00
2017.03.23 06:33:25.139,9.49362,9.49565,1.60,1.00
2017.03.23 06:33:25.240,9.49363,9.49565,1.60,1.00
2017.03.23 06:33:25.292,9.49373,9.49565,1.60,1.00
2017.03.23 06:33:25.545,9.49373,9.49565,1.60,1.00
2017.03.23 06:33:25.798,9.49365,9.49565,1.60,1.00
2017.03.23 06:33:26.528,9.49368,9.49565,1.60,1.00
2017.03.23 06:33:26.784,9.49368,9.49565,1.60,1.00
2017.03.23 06:33:26.835,9.49368,9.49565,1.60,1.00
2017.03.23 06:33:26.996,9.49364,9.49565,1.60,1.00
2017.03.23 06:33:27.323,9.49365,9.49565,1.60,1.00
2017.03.23 06:33:27.433,9.49365,9.49565,1.60,1.00
2017.03.23 06:33:27.483,9.49365,9.49565,1.60,1.00
2017.03.23 06:33:27.947,9.49363,9.49558,1.60,1.00
2017.03.23 06:33:28.048,9.49359,9.49558,1.60,1.00
2017.03.23 06:33:28.099,9.49355,9.49558,1.60,1.00
2017.03.23 06:33:28.150,9.4936,9.49558,1.60,1.00
2017.03.23 06:33:28.201,9.4936,9.49558,1.60,1.00
2017.03.23 06:33:28.261,9.4936,9.49558,1.60,1.00
2017.03.23 06:33:28.565,9.4936,9.49558,1.60,1.00
2017.03.23 06:33:28.616,9.49354,9.49558,1.60,1.00
2017.03.23 06:33:28.847,9.49358,9.49558,1.60,1.00
2017.03.23 06:33:28.949,9.49362,9.49558,1.60,1.00
2017.03.23 06:33:29.299,9.49362,9.49558,1.60,1.00
2017.03.23 06:33:29.552,9.49366,9.49567,1.60,1.00
2017.03.23 06:33:29.971,9.49368,9.49567,1.60,1.00
2017.03.23 06:33:30.275,9.49378,9.49567,1.60,1.00
2017.03.23 06:33:30.511,9.49378,9.49567,1.60,1.00
2017.03.23 06:33:30.562,9.49381,9.49567,1.60,1.00
2017.03.23 06:33:30.663,9.49376,9.49567,1.60,1.00
2017.03.23 06:33:31.185,9.49377,9.49567,1.60,1.00
2017.03.23 06:33:31.553,9.49373,9.49567,1.60,1.00
2017.03.23 06:33:31.604,9.49369,9.49567,1.60,1.00
2017.03.23 06:33:31.655,9.49369,9.49559,1.60,1.00
2017.03.23 06:33:31.818,9.49358,9.49559,1.60,1.00
2017.03.23 06:33:32.055,9.49361,9.49559,1.60,1.00
2017.03.23 06:33:32.709,9.49368,9.49559,1.60,1.00
2017.03.23 06:33:32.760,9.49364,9.49568,1.60,1.00
2017.03.23 06:33:36.903,9.49364,9.49568,1.60,1.00
2017.03.23 06:33:36.954,9.49363,9.49568,1.60,1.00
2017.03.23 06:33:37.257,9.49371,9.49568,1.60,1.00
2017.03.23 06:33:37.528,9.49372,9.49568,1.60,1.00
2017.03.23 06:33:37.630,9.49372,9.49568,1.60,1.00
2017.03.23 06:33:37.740,9.49372,9.49568,1.60,1.00
2017.03.23 06:33:37.791,9.49376,9.49568,1.60,1.00
2017.03.23 06:33:37.943,9.49372,9.49568,1.60,1.00
2017.03.23 06:33:38.096,9.49372,9.49568,1.60,1.00
2017.03.23 06:33:38.147,9.49364,9.49568,1.60,1.00
2017.03.23 06:33:38.338,9.49364,9.49568,1.60,1.00
2017.03.23 06:33:38.389,9.49368,9.49568,1.60,1.00
2017.03.23 06:33:38.819,9.49368,9.49568,1.60,1.00
2017.03.23 06:33:39.055,9.49371,9.49568,1.60,1.00
2017.03.23 06:33:39.106,9.49371,9.49568,1.60,1.00
2017.03.23 06:33:39.157,9.49371,9.4956,1.60,1.00
2017.03.23 06:33:39.460,9.49374,9.49572,1.60,1.00
2017.03.23 06:33:39.760,9.49374,9.49572,1.60,1.00
2017.03.23 06:33:39.822,9.49374,9.49572,1.60,1.00
2017.03.23 06:33:40.370,9.49374,9.49572,1.60,1.00
2017.03.23 06:33:41.137,9.49373,9.49572,1.60,1.00
2017.03.23 06:33:41.451,9.49372,9.49564,1.60,1.00
2017.03.23 06:33:41.697,9.49372,9.49564,1.60,1.00
2017.03.23 06:33:41.748,9.49366,9.49564,1.60,1.00
2017.03.23 06:33:41.900,9.49371,9.49564,1.60,1.00
2017.03.23 06:33:41.951,9.49376,9.49573,1.60,1.00
2017.03.23 06:33:42.157,9.49376,9.49561,1.60,1.00
2017.03.23 06:33:42.429,9.49367,9.49561,1.60,1.00
2017.03.23 06:33:42.790,9.49367,9.49561,1.60,1.00
2017.03.23 06:33:43.364,9.49371,9.49561,1.60,1.00
2017.03.23 06:33:43.566,9.49371,9.49569,1.60,1.00
2017.03.23 06:33:43.869,9.49379,9.49569,1.60,1.00
2017.03.23 06:33:44.439,9.49379,9.49569,1.60,1.00
2017.03.23 06:33:45.150,9.49371,9.49569,1.60,1.00
2017.03.23 06:33:45.251,9.49371,9.49569,1.60,1.00
2017.03.23 06:33:45.302,9.49361,9.49559,1.60,1.00
2017.03.23 06:33:45.609,9.49358,9.49559,1.60,1.00
2017.03.23 06:33:45.660,9.49358,9.49559,1.60,1.00
2017.03.23 06:33:45.975,9.49358,9.49551,1.60,1.00
2017.03.23 06:33:46.502,9.49359,9.49551,1.60,1.00
2017.03.23 06:33:46.805,9.49359,9.49551,1.60,1.00
2017.03.23 06:33:47.013,9.49359,9.49551,1.60,1.00
2017.03.23 06:33:47.741,9.49362,9.49551,1.60,1.00
2017.03.23 06:33:48.071,9.49364,9.49551,1.60,1.00
2017.03.23 06:33:48.427,9.49368,9.49551,1.60,1.00
2017.03.23 06:33:48.477,9.49372,9.49559,1.60,1.00
2017.03.23 06:33:48.528,9.49379,9.49559,1.60,1.00
2017.03.23 06:33:48.579,9.49379,9.49569,1.60,1.00
2017.03.23 06:33:48.781,9.49373,9.49569,1.60,1.00
2017.03.23 06:33:48.933,9.49373,9.49569,1.60,1.00
2017.03.23 06:33:49.136,9.49373,9.49569,1.60,1.00
2017.03.23 06:33:49.292,9.49373,9.49569,1.60,1.00
2017.03.23 06:33:49.393,9.49372,9.49564,1.60,1.00
2017.03.23 06:33:49.557,9.49372,9.49564,1.60,1.00
2017.03.23 06:33:49.805,9.49373,9.49564,1.60,1.00
2017.03.23 06:33:50.902,9.49373,9.49564,1.60,1.00
2017.03.23 06:33:50.953,9.49373,9.49564,1.60,1.00
2017.03.23 06:33:51.054,9.49373,9.49564,1.60,1.00
2017.03.23 06:33:51.261,9.49373,9.49564,1.60,1.00
2017.03.23 06:33:51.916,9.49373,9.49564,1.60,1.00
2017.03.23 06:33:52.017,9.49373,9.49564,1.60,1.00
2017.03.23 06:33:52.622,9.49377,9.49564,1.60,1.00
2017.03.23 06:33:52.673,9.49373,9.49564,1.60,1.00
2017.03.23 06:33:55.910,9.49373,9.49564,1.60,1.00
2017.03.23 06:33:56.111,9.49373,9.49564,1.60,1.00
2017.03.23 06:33:59.400,9.49369,9.49564,1.60,1.00
2017.03.23 06:33:59.609,9.49364,9.49564,1.60,1.00
2017.03.23 06:33:59.660,9.49359,9.49564,1.60,1.00
2017.03.23 06:33:59.711,9.49359,9.49555,1.60,1.00
2017.03.23 06:33:59.812,9.49352,9.49555,2.10,1.00
2017.03.23 06:34:00.072,9.49352,9.49555,2.10,1.00
2017.03.23 06:34:00.123,9.49352,9.49563,2.10,1.00
2017.03.23 06:34:00.178,9.49352,9.49554,2.10,1.00
2017.03.23 06:34:00.717,9.49352,9.49554,1.60,1.00
2017.03.23 06:34:00.893,9.49352,9.49562,1.60,1.00
2017.03.23 06:34:01.417,9.49352,9.49562,1.60,1.00
2017.03.23 06:34:01.925,9.49352,9.49562,1.60,1.00
2017.03.23 06:34:02.562,9.49352,9.49562,1.60,1.00
2017.03.23 06:34:02.879,9.49352,9.49562,1.60,1.00
2017.03.23 06:34:02.980,9.49347,9.49562,1.60,1.00
2017.03.23 06:34:03.031,9.49347,9.49554,1.60,1.00
2017.03.23 06:34:03.360,9.49347,9.49554,1.97,1.00
2017.03.23 06:34:03.512,9.49347,9.49554,1.60,1.00
2017.03.23 06:34:03.563,9.49344,9.49554,1.60,1.00
2017.03.23 06:34:04.541,9.49344,9.49554,1.97,1.00
2017.03.23 06:34:04.693,9.49339,9.49547,1.97,1.00
2017.03.23 06:34:04.743,9.49339,9.49547,1.97,1.00
2017.03.23 06:34:04.845,9.49343,9.49547,1.97,1.00
2017.03.23 06:34:05.149,9.49347,9.49547,1.60,1.00
2017.03.23 06:34:05.624,9.49347,9.49556,1.60,1.00
2017.03.23 06:34:06.169,9.49347,9.49556,1.60,1.00
2017.03.23 06:34:09.391,9.49347,9.49551,1.97,1.00
2017.03.23 06:34:11.430,9.49347,9.49551,1.60,1.00
2017.03.23 06:34:11.532,9.49343,9.49551,1.97,1.00
2017.03.23 06:34:11.684,9.49343,9.49551,1.97,1.00
2017.03.23 06:34:11.836,9.49337,9.49548,1.97,1.00
2017.03.23 06:34:11.887,9.49338,9.49548,1.97,1.00
2017.03.23 06:34:11.938,9.49338,9.49537,1.97,1.00
2017.03.23 06:34:12.454,9.49333,9.49537,1.97,1.00
2017.03.23 06:34:12.505,9.49333,9.49545,1.97,1.00
2017.03.23 06:34:13.040,9.4934,9.49545,1.30,1.00
2017.03.23 06:34:13.764,9.49333,9.49545,1.97,1.00
2017.03.23 06:34:13.865,9.49338,9.49545,1.97,1.00
2017.03.23 06:34:14.169,9.49345,9.49545,1.60,1.00
2017.03.23 06:34:14.321,9.4935,9.49554,1.60,1.00
2017.03.23 06:34:14.545,9.49349,9.49554,1.60,1.00
2017.03.23 06:34:14.701,9.4935,9.49546,1.60,1.00
2017.03.23 06:34:14.904,9.4935,9.49555,1.60,1.00
2017.03.23 06:34:15.005,9.4935,9.49544,1.60,1.00
2017.03.23 06:34:15.312,9.49346,9.49534,1.60,1.00
2017.03.23 06:34:15.474,9.49342,9.49544,1.60,1.00
2017.03.23 06:34:15.525,9.49333,9.49539,1.60,1.00
2017.03.23 06:34:15.829,9.49334,9.49539,1.60,1.00
2017.03.23 06:34:16.182,9.4934,9.49539,1.60,1.00
2017.03.23 06:34:16.334,9.4934,9.49549,1.60,1.00
2017.03.23 06:34:16.435,9.49339,9.4954,1.60,1.00
2017.03.23 06:34:16.739,9.49336,9.4954,1.60,1.00
2017.03.23 06:34:16.841,9.49331,9.49531,1.60,1.00
2017.03.23 06:34:17.007,9.49334,9.49543,1.60,1.00
2017.03.23 06:34:17.534,9.49333,9.49543,1.60,1.00
2017.03.23 06:34:17.653,9.49333,9.49534,1.60,1.00
2017.03.23 06:34:17.957,9.4934,9.49543,1.60,1.00
2017.03.23 06:34:18.058,9.49336,9.49543,1.60,1.00
2017.03.23 06:34:18.109,9.49331,9.49534,1.60,1.00
2017.03.23 06:34:18.211,9.49331,9.49542,1.60,1.00
2017.03.23 06:34:18.313,9.49331,9.49534,1.60,1.00
2017.03.23 06:34:18.414,9.49331,9.49544,1.60,1.00
2017.03.23 06:34:18.754,9.49334,9.49544,1.60,1.00
2017.03.23 06:34:18.856,9.49334,9.49544,1.60,1.00
2017.03.23 06:34:19.159,9.49333,9.49535,1.60,1.00
2017.03.23 06:34:19.376,9.4933,9.49535,1.60,1.00
2017.03.23 06:34:19.427,9.49326,9.49535,1.60,1.00
2017.03.23 06:34:19.529,9.49324,9.49527,1.60,1.00
2017.03.23 06:34:19.783,9.49324,9.49527,1.60,1.00
2017.03.23 06:34:19.987,9.49324,9.49527,1.60,1.00
2017.03.23 06:34:20.038,9.49324,9.49527,1.60,1.00
2017.03.23 06:34:20.139,9.49324,9.49535,1.60,1.37
2017.03.23 06:34:20.408,9.49321,9.49535,1.60,1.37
2017.03.23 06:34:20.459,9.49321,9.49535,1.60,1.37
2017.03.23 06:34:20.510,9.49321,9.49535,1.60,1.37
2017.03.23 06:34:20.662,9.4932,9.49535,1.60,1.00
2017.03.23 06:34:20.713,9.49317,9.49525,1.60,1.00
2017.03.23 06:34:21.268,9.49313,9.49525,1.60,1.00
2017.03.23 06:34:21.370,9.49309,9.49525,2.10,1.00
2017.03.23 06:34:21.420,9.49306,9.49517,1.60,1.00
2017.03.23 06:34:21.624,9.4931,9.49526,1.60,1.00
2017.03.23 06:34:22.059,9.4931,9.49526,1.60,1.00
2017.03.23 06:34:22.214,9.4931,9.49526,1.60,1.00
2017.03.23 06:34:22.265,9.4931,9.49526,1.60,1.00
2017.03.23 06:34:22.317,9.49313,9.49526,1.60,1.00
2017.03.23 06:34:22.368,9.4931,9.49526,1.60,1.00
2017.03.23 06:34:22.890,9.49313,9.49526,1.60,1.00
2017.03.23 06:34:23.150,9.49316,9.49526,1.60,1.00
2017.03.23 06:34:23.657,9.49316,9.49526,1.60,1.00
2017.03.23 06:34:24.064,9.49316,9.49518,1.60,1.00
2017.03.23 06:34:24.243,9.49316,9.49518,1.60,1.00
2017.03.23 06:34:24.294,9.49316,9.49518,1.60,1.00
2017.03.23 06:34:24.446,9.49316,9.49526,1.60,1.00
2017.03.23 06:34:24.620,9.49316,9.49526,1.60,1.00
2017.03.23 06:34:24.949,9.49316,9.49517,1.60,1.00
2017.03.23 06:34:25.253,9.49316,9.49517,1.60,1.00
2017.03.23 06:34:25.923,9.49316,9.49517,1.60,1.00
2017.03.23 06:34:26.201,9.49316,9.49517,1.60,1.00
2017.03.23 06:34:26.622,9.49307,9.49517,1.60,1.00
2017.03.23 06:34:26.724,9.49307,9.49509,1.60,1.00
2017.03.23 06:34:26.775,9.49307,9.49509,1.60,1.00
2017.03.23 06:34:26.927,9.49305,9.49509,1.60,1.00
2017.03.23 06:34:27.028,9.49306,9.49509,1.60,1.00
2017.03.23 06:34:27.130,9.49306,9.49518,1.60,1.00
2017.03.23 06:34:27.704,9.49306,9.49518,1.60,1.00
2017.03.23 06:34:27.876,9.49306,9.49518,1.60,1.00
2017.03.23 06:34:28.180,9.49327,9.49522,1.60,1.00
2017.03.23 06:34:28.231,9.49327,9.4953,1.60,1.00
2017.03.23 06:34:28.359,9.49327,9.49522,1.60,1.00
2017.03.23 06:34:28.463,9.49322,9.49522,1.60,1.00
2017.03.23 06:34:28.514,9.4933,9.49522,1.60,1.00
2017.03.23 06:34:28.565,9.49325,9.49531,1.60,1.00
2017.03.23 06:34:28.616,9.4933,9.49531,1.60,1.00
2017.03.23 06:34:28.717,9.4933,9.49531,1.60,1.00
2017.03.23 06:34:28.869,9.49332,9.49531,1.60,1.00
2017.03.23 06:34:28.920,9.49328,9.49531,1.60,1.00
2017.03.23 06:34:28.971,9.49328,9.49531,1.60,1.00
2017.03.23 06:34:29.123,9.49324,9.49531,1.60,1.00
2017.03.23 06:34:29.174,9.49324,9.49531,1.60,1.00
2017.03.23 06:34:29.276,9.4932,9.49531,1.60,1.00
2017.03.23 06:34:29.428,9.4932,9.49529,1.60,1.00
2017.03.23 06:34:29.774,9.49321,9.49529,1.60,1.00
2017.03.23 06:34:30.078,9.49323,9.49529,1.60,1.00
2017.03.23 06:34:30.129,9.4932,9.49529,1.60,1.00
2017.03.23 06:34:30.612,9.49326,9.49529,1.60,1.00
2017.03.23 06:34:30.866,9.49323,9.49529,1.60,1.00
2017.03.23 06:34:31.396,9.4932,9.49529,1.60,1.00
2017.03.23 06:34:31.961,9.4932,9.49529,1.60,1.00
2017.03.23 06:34:32.063,9.49319,9.49521,1.60,1.00
2017.03.23 06:34:32.367,9.4932,9.4953,1.60,1.00
2017.03.23 06:34:32.519,9.4932,9.4953,1.60,1.00
2017.03.23 06:34:32.721,9.4932,9.4953,1.60,1.00
2017.03.23 06:34:32.901,9.4932,9.4953,1.60,1.00
2017.03.23 06:34:32.951,9.49319,9.4953,1.60,1.00
2017.03.23 06:34:34.374,9.49319,9.4953,1.60,1.00
2017.03.23 06:34:34.426,9.49323,9.4953,1.60,1.00
2017.03.23 06:34:34.476,9.49317,9.4953,1.60,1.00
2017.03.23 06:34:34.805,9.49317,9.4953,1.60,1.00
2017.03.23 06:34:34.906,9.49317,9.4953,1.60,1.00
2017.03.23 06:34:35.428,9.49318,9.4953,1.60,1.00
2017.03.23 06:34:35.580,9.49318,9.4953,1.60,1.00
2017.03.23 06:34:35.869,9.49322,9.4953,1.60,1.00
2017.03.23 06:34:35.974,9.49326,9.4953,1.60,1.00
2017.03.23 06:34:36.130,9.49326,9.4953,1.60,1.00
2017.03.23 06:34:36.480,9.4932,9.4953,1.60,1.00
2017.03.23 06:34:36.810,9.4932,9.4953,1.60,1.00
2017.03.23 06:34:36.963,9.4932,9.4953,1.60,1.00
2017.03.23 06:34:38.510,9.49321,9.4953,1.60,1.00
2017.03.23 06:34:38.662,9.49316,9.4953,1.60,1.00
2017.03.23 06:34:38.713,9.49316,9.4953,1.60,1.00
2017.03.23 06:34:38.764,9.49319,9.49521,1.60,1.00
2017.03.23 06:34:38.865,9.49319,9.49529,1.60,1.00
2017.03.23 06:34:38.967,9.49319,9.49529,1.60,1.00
2017.03.23 06:34:39.018,9.49325,9.49529,1.60,1.00
2017.03.23 06:34:39.220,9.49318,9.49529,1.60,1.00
2017.03.23 06:34:39.271,9.49325,9.49521,1.60,1.00
2017.03.23 06:34:39.372,9.49319,9.49521,1.60,1.00
2017.03.23 06:34:39.423,9.49318,9.49521,1.60,1.00
2017.03.23 06:34:39.944,9.49318,9.49521,1.60,1.00
2017.03.23 06:34:40.313,9.49318,9.49521,1.60,1.00
2017.03.23 06:34:40.422,9.49318,9.49521,1.60,1.00
2017.03.23 06:34:40.473,9.49318,9.49521,1.60,1.00
2017.03.23 06:34:40.895,9.49316,9.49521,1.60,1.00
2017.03.23 06:34:40.946,9.49316,9.49521,1.60,1.00
2017.03.23 06:34:41.349,9.49317,9.49521,1.60,1.00
2017.03.23 06:34:41.400,9.49319,9.49529,1.60,1.00
2017.03.23 06:34:41.674,9.49319,9.49529,1.60,1.00
2017.03.23 06:34:41.726,9.49319,9.49529,1.60,1.00
2017.03.23 06:34:42.112,9.49316,9.49529,1.60,1.00
2017.03.23 06:34:42.572,9.49316,9.49529,1.60,1.00
2017.03.23 06:34:43.128,9.49316,9.49529,1.60,1.00
2017.03.23 06:34:43.432,9.49326,9.49529,1.60,1.00
2017.03.23 06:34:43.483,9.49326,9.49537,1.60,1.00
2017.03.23 06:34:43.584,9.49326,9.49537,1.60,1.00
2017.03.23 06:34:43.888,9.49326,9.49528,1.60,1.00
2017.03.23 06:34:43.989,9.49326,9.49537,1.60,1.00
2017.03.23 06:34:44.040,9.49325,9.49537,1.60,1.00
2017.03.23 06:34:44.091,9.49325,9.49527,1.60,1.00
2017.03.23 06:34:44.496,9.49322,9.49536,1.60,1.00
2017.03.23 06:34:45.040,9.49326,9.49536,1.60,1.00
2017.03.23 06:34:45.253,9.49326,9.49536,1.60,1.00
2017.03.23 06:34:45.405,9.49331,9.49545,1.60,1.00
2017.03.23 06:34:45.609,9.49331,9.49545,1.60,1.00
2017.03.23 06:34:45.660,9.4933,9.49545,1.60,1.12
2017.03.23 06:34:45.711,9.49329,9.49545,1.60,1.00
2017.03.23 06:34:45.762,9.49326,9.49537,1.60,1.00
2017.03.23 06:34:45.965,9.49336,9.49546,1.60,1.00
2017.03.23 06:34:46.015,9.4934,9.49546,1.60,1.00
2017.03.23 06:34:46.167,9.49335,9.49551,1.60,1.00
2017.03.23 06:34:46.218,9.49335,9.49551,2.10,1.00
2017.03.23 06:34:46.525,9.49335,9.4954,1.60,1.00
2017.03.23 06:34:46.643,9.49331,9.4954,1.60,1.00
2017.03.23 06:34:46.744,9.49335,9.4954,1.60,1.00
2017.03.23 06:34:46.795,9.49328,9.4954,1.60,1.00
2017.03.23 06:34:46.846,9.49328,9.4954,1.60,1.00
2017.03.23 06:34:46.947,9.49328,9.4954,1.60,1.00
2017.03.23 06:34:47.711,9.49328,9.4954,1.60,1.00
2017.03.23 06:34:47.762,9.49328,9.4954,1.60,1.00
2017.03.23 06:34:48.613,9.49329,9.4954,1.60,1.00
2017.03.23 06:34:48.770,9.49329,9.4954,1.60,1.00
2017.03.23 06:34:48.872,9.4933,9.4954,1.60,1.00
2017.03.23 06:34:49.080,9.4933,9.4954,1.60,1.00
2017.03.23 06:34:49.232,9.49333,9.4954,1.60,1.00
2017.03.23 06:34:49.283,9.49332,9.49548,1.60,1.00
2017.03.23 06:34:49.429,9.49332,9.49548,1.60,1.00
2017.03.23 06:34:49.479,9.49329,9.49542,1.60,1.00
2017.03.23 06:34:49.761,9.49329,9.49542,1.60,1.00
2017.03.23 06:34:49.812,9.49326,9.49542,1.60,1.00
2017.03.23 06:34:49.863,9.49329,9.49542,1.60,1.00
2017.03.23 06:34:49.914,9.49329,9.49542,1.60,1.00
2017.03.23 06:34:49.966,9.49329,9.49542,1.60,1.00
2017.03.23 06:34:50.119,9.4933,9.49546,1.60,1.37
2017.03.23 06:34:50.170,9.49329,9.49541,1.60,1.00
2017.03.23 06:34:50.474,9.49329,9.49532,1.60,1.00
2017.03.23 06:34:50.862,9.49329,9.49532,1.60,1.00
2017.03.23 06:34:51.014,9.49329,9.49543,1.60,1.00
2017.03.23 06:34:51.413,9.49333,9.49543,1.60,1.00
2017.03.23 06:34:51.464,9.49333,9.49543,1.60,1.00
2017.03.23 06:34:51.617,9.4933,9.49535,1.60,1.00
2017.03.23 06:34:51.966,9.4933,9.49535,1.60,1.00
2017.03.23 06:34:52.017,9.4933,9.49544,1.60,1.12
2017.03.23 06:34:52.265,9.4933,9.49544,1.60,1.12
2017.03.23 06:34:52.465,9.49328,9.49544,1.60,1.12
2017.03.23 06:34:52.516,9.49331,9.49544,1.60,1.12
2017.03.23 06:34:53.017,9.49331,9.49535,1.60,1.00
2017.03.23 06:34:53.411,9.49331,9.49535,1.60,1.00
2017.03.23 06:34:53.733,9.49331,9.49535,1.60,1.00
2017.03.23 06:34:53.936,9.49327,9.49535,1.60,1.00
2017.03.23 06:34:53.987,9.49327,9.49535,1.60,1.00
2017.03.23 06:34:54.188,9.49328,9.49544,1.60,1.12
2017.03.23 06:34:54.295,9.49328,9.49544,2.10,1.00
2017.03.23 06:34:54.397,9.49328,9.49536,1.60,1.00
2017.03.23 06:34:54.549,9.4932,9.49536,2.10,1.00
2017.03.23 06:34:54.600,9.4932,9.49527,1.60,1.00
2017.03.23 06:34:54.651,9.49313,9.49527,1.60,1.00
2017.03.23 06:34:54.702,9.49313,9.49519,1.60,1.00
2017.03.23 06:34:55.014,9.49313,9.49519,1.60,1.00
2017.03.23 06:34:55.065,9.49313,9.49519,1.60,1.00
2017.03.23 06:34:55.218,9.49316,9.49531,1.60,1.00
2017.03.23 06:34:55.268,9.49321,9.49531,1.60,1.00
2017.03.23 06:34:55.320,9.49323,9.49539,1.60,1.00
2017.03.23 06:34:55.645,9.49325,9.49529,1.60,1.00
2017.03.23 06:34:56.031,9.49316,9.49529,1.60,1.00
2017.03.23 06:34:56.393,9.49317,9.49529,1.60,1.00
2017.03.23 06:34:56.911,9.49322,9.49529,1.60,1.00
2017.03.23 06:34:57.733,9.49322,9.49529,1.60,1.00
2017.03.23 06:34:58.003,9.49317,9.49529,1.60,1.00
2017.03.23 06:34:58.053,9.49322,9.49529,1.60,1.00
2017.03.23 06:34:58.236,9.49317,9.49529,1.60,1.00
2017.03.23 06:34:58.410,9.49317,9.49529,1.60,1.00
2017.03.23 06:34:58.714,9.49336,9.49548,1.60,1.00
2017.03.23 06:34:58.765,9.49332,9.49548,1.60,1.00
2017.03.23 06:34:58.816,9.49327,9.49537,1.60,1.00
2017.03.23 06:34:59.069,9.49331,9.49545,1.60,1.00
2017.03.23 06:34:59.120,9.49331,9.49545,1.60,1.00
2017.03.23 06:34:59.171,9.49329,9.49545,1.60,1.00
2017.03.23 06:34:59.341,9.49343,9.49546,1.60,1.00
2017.03.23 06:34:59.594,9.49328,9.49538,1.60,1.00
2017.03.23 06:34:59.696,9.49331,9.49538,1.60,1.00
2017.03.23 06:34:59.747,9.49331,9.4953,1.60,1.00
2017.03.23 06:35:00.050,9.49332,9.49548,2.10,1.00
2017.03.23 06:35:00.152,9.49332,9.49541,1.60,1.00
2017.03.23 06:35:00.304,9.49332,9.49541,1.60,1.00
2017.03.23 06:35:00.355,9.4933,9.49541,1.60,1.00
2017.03.23 06:35:00.856,9.4933,9.49541,1.60,1.00
2017.03.23 06:35:00.907,9.49328,9.49541,1.60,1.00
2017.03.23 06:35:01.818,9.49328,9.49541,1.60,1.00
2017.03.23 06:35:01.868,9.49325,9.49541,1.60,1.00
2017.03.23 06:35:02.904,9.49326,9.49541,1.60,1.00
2017.03.23 06:35:03.253,9.49326,9.49541,1.60,1.00
2017.03.23 06:35:03.304,9.49332,9.49541,1.60,1.00
2017.03.23 06:35:03.355,9.49327,9.49541,1.60,1.00
2017.03.23 06:35:03.588,9.49327,9.49541,1.60,1.00
2017.03.23 06:35:03.639,9.49326,9.49541,1.60,1.00
2017.03.23 06:35:03.903,9.49326,9.49541,1.60,1.00
2017.03.23 06:35:04.005,9.49328,9.49541,1.60,1.00
2017.03.23 06:35:04.797,9.49328,9.49541,1.60,1.00
2017.03.23 06:35:05.179,9.49328,9.49541,1.60,1.00
2017.03.23 06:35:05.767,9.49329,9.49541,1.60,1.00
2017.03.23 06:35:06.308,9.49328,9.49541,1.60,1.00
2017.03.23 06:35:06.478,9.49328,9.49541,1.60,1.00
2017.03.23 06:35:06.630,9.49326,9.49532,1.60,1.00
2017.03.23 06:35:07.277,9.49326,9.49532,1.60,1.00
2017.03.23 06:35:07.429,9.49338,9.49541,1.60,1.00
2017.03.23 06:35:07.480,9.49338,9.49541,1.60,1.00
2017.03.23 06:35:07.531,9.49343,9.4955,1.60,1.00
2017.03.23 06:35:07.582,9.49338,9.4955,1.60,1.00
2017.03.23 06:35:07.734,9.4935,9.49539,1.60,1.00
2017.03.23 06:35:07.835,9.49354,9.49548,1.60,1.00
2017.03.23 06:35:07.886,9.49358,9.49548,1.60,1.00
2017.03.23 06:35:07.937,9.49358,9.49556,1.60,1.00
2017.03.23 06:35:08.144,9.49358,9.49556,1.60,1.00
2017.03.23 06:35:08.346,9.49353,9.49556,1.60,1.00
2017.03.23 06:35:08.397,9.4936,9.49556,1.60,1.00
2017.03.23 06:35:08.600,9.49355,9.49556,1.60,1.00
2017.03.23 06:35:08.752,9.49351,9.49556,1.60,1.00
2017.03.23 06:35:09.140,9.49351,9.49556,1.60,1.00
2017.03.23 06:35:09.393,9.4935,9.49556,1.60,1.00
2017.03.23 06:35:09.444,9.4935,9.49554,1.60,1.00
2017.03.23 06:35:09.629,9.49351,9.49554,1.60,1.00
2017.03.23 06:35:09.930,9.49366,9.49563,1.60,1.00
2017.03.23 06:35:09.981,9.4937,9.49572,1.60,1.00
2017.03.23 06:35:10.032,9.49363,9.49572,1.60,1.00
2017.03.23 06:35:10.083,9.49363,9.49564,1.60,1.00
2017.03.23 06:35:10.184,9.49358,9.49564,1.60,1.00
2017.03.23 06:35:10.235,9.49365,9.49572,1.60,1.00
2017.03.23 06:35:10.286,9.49361,9.49572,1.60,1.00
2017.03.23 06:35:10.737,9.49361,9.49564,1.60,1.00
2017.03.23 06:35:11.594,9.49357,9.49564,1.60,1.00
2017.03.23 06:35:11.696,9.49353,9.49564,1.60,1.00
2017.03.23 06:35:11.747,9.49357,9.49564,1.60,1.00
2017.03.23 06:35:12.045,9.49357,9.49573,2.10,1.00
2017.03.23 06:35:12.101,9.49357,9.49573,2.10,1.00
2017.03.23 06:35:12.337,9.49357,9.49573,2.10,1.00
2017.03.23 06:35:12.903,9.49357,9.49573,2.10,1.00
2017.03.23 06:35:13.329,9.49351,9.49564,1.60,1.00
2017.03.23 06:35:13.387,9.49345,9.49555,1.60,1.00
2017.03.23 06:35:13.539,9.49341,9.49555,1.60,1.00
2017.03.23 06:35:13.590,9.49339,9.49555,1.60,1.00
2017.03.23 06:35:13.641,9.49339,9.49555,1.60,1.00
2017.03.23 06:35:13.986,9.49335,9.49546,1.60,1.00
2017.03.23 06:35:14.415,9.49347,9.49546,1.60,1.00
2017.03.23 06:35:14.466,9.49351,9.49554,1.60,1.00
2017.03.23 06:35:14.517,9.49346,9.49554,1.60,1.00
2017.03.23 06:35:14.618,9.49338,9.49554,2.10,1.00
2017.03.23 06:35:14.669,9.49338,9.49554,2.10,1.00
2017.03.23 06:35:14.770,9.49336,9.49545,1.60,1.00
2017.03.23 06:35:15.074,9.49344,9.49557,1.60,1.00
2017.03.23 06:35:15.125,9.49349,9.49557,1.60,1.00
2017.03.23 06:35:15.176,9.49344,9.49557,1.60,1.00
2017.03.23 06:35:15.227,9.49344,9.49557,1.60,1.00
2017.03.23 06:35:15.531,9.49346,9.49557,1.60,1.00
2017.03.23 06:35:15.793,9.4935,9.49557,1.60,1.00
2017.03.23 06:35:15.844,9.4935,9.49557,1.60,1.00
2017.03.23 06:35:16.115,9.4935,9.49557,1.60,1.00
2017.03.23 06:35:16.166,9.4935,9.49557,1.60,1.00
2017.03.23 06:35:16.470,9.49358,9.49566,1.60,1.00
2017.03.23 06:35:16.571,9.49352,9.49566,1.91,1.00
2017.03.23 06:35:16.672,9.49356,9.49558,1.60,1.00
2017.03.23 06:35:16.774,9.4935,9.49558,1.60,1.00
2017.03.23 06:35:16.825,9.49346,9.49558,1.60,1.00
2017.03.23 06:35:16.876,9.49351,9.49558,1.60,1.00
2017.03.23 06:35:16.927,9.49346,9.49558,1.60,1.00
2017.03.23 06:35:17.144,9.49351,9.49558,1.60,1.00
2017.03.23 06:35:17.195,9.49347,9.49558,1.60,1.00
2017.03.23 06:35:17.246,9.49342,9.49558,1.60,1.00
2017.03.23 06:35:17.297,9.49348,9.49558,1.60,1.00
2017.03.23 06:35:17.348,9.49344,9.49558,1.60,1.00
2017.03.23 06:35:17.500,9.49341,9.49549,1.60,1.00
2017.03.23 06:35:17.865,9.49341,9.49557,2.10,1.00
2017.03.23 06:35:18.204,9.49341,9.49557,2.10,1.00
2017.03.23 06:35:18.630,9.49333,9.49549,1.60,1.00
2017.03.23 06:35:18.682,9.49333,9.49549,1.60,1.00
2017.03.23 06:35:18.783,9.4934,9.49558,1.60,1.00
2017.03.23 06:35:18.936,9.4934,9.49558,1.60,1.00
2017.03.23 06:35:18.987,9.49343,9.49558,1.60,1.00
2017.03.23 06:35:19.089,9.4935,9.49558,1.60,1.00
2017.03.23 06:35:19.172,9.4935,9.49565,1.60,1.00
2017.03.23 06:35:19.223,9.4935,9.49565,1.60,1.37
2017.03.23 06:35:19.526,9.49347,9.49555,1.60,1.00
2017.03.23 06:35:19.628,9.49343,9.49555,1.60,1.00
2017.03.23 06:35:20.256,9.49344,9.49555,1.60,1.00
2017.03.23 06:35:20.423,9.49344,9.49555,1.60,1.00
2017.03.23 06:35:20.969,9.4934,9.49555,1.60,1.00
2017.03.23 06:35:21.121,9.4934,9.49555,1.60,1.00
2017.03.23 06:35:21.172,9.4934,9.49555,1.60,1.00
2017.03.23 06:35:21.410,9.4934,9.49555,1.60,1.00
2017.03.23 06:35:21.769,9.4934,9.49555,1.60,1.00
2017.03.23 06:35:21.820,9.49345,9.49555,1.60,1.00
2017.03.23 06:35:21.871,9.49345,9.49555,1.60,1.00
2017.03.23 06:35:22.108,9.49346,9.49562,1.60,1.00
2017.03.23 06:35:22.209,9.49344,9.49554,1.60,1.00
2017.03.23 06:35:22.412,9.49338,9.49554,2.10,1.00
2017.03.23 06:35:22.513,9.49342,9.49554,1.60,1.00
2017.03.23 06:35:23.325,9.49342,9.49554,1.60,1.00
2017.03.23 06:35:23.376,9.49344,9.49554,1.60,1.00
2017.03.23 06:35:23.511,9.49344,9.49554,1.60,1.00
2017.03.23 06:35:23.612,9.4934,9.49554,1.60,1.00
2017.03.23 06:35:23.714,9.49346,9.49562,1.60,1.00
2017.03.23 06:35:23.985,9.4934,9.49551,1.60,1.00
2017.03.23 06:35:24.329,9.4934,9.49551,1.60,1.00
2017.03.23 06:35:24.380,9.4934,9.49551,1.60,1.00
2017.03.23 06:35:24.431,9.49345,9.49551,1.60,1.00
2017.03.23 06:35:25.100,9.49345,9.49551,1.60,1.00
2017.03.23 06:35:25.303,9.49345,9.4956,1.60,1.00
2017.03.23 06:35:25.354,9.49349,9.4956,1.60,1.00
2017.03.23 06:35:25.405,9.49349,9.49552,1.60,1.00
2017.03.23 06:35:25.456,9.49343,9.49552,1.60,1.00
2017.03.23 06:35:25.507,9.49344,9.4956,1.60,1.00
2017.03.23 06:35:25.609,9.49341,9.4955,1.60,1.00
2017.03.23 06:35:26.059,9.49341,9.4955,1.60,1.00
2017.03.23 06:35:26.324,9.49337,9.4955,1.60,1.00
2017.03.23 06:35:26.375,9.49336,9.4955,1.60,1.00
2017.03.23 06:35:26.426,9.49334,9.4955,1.60,1.00
2017.03.23 06:35:26.477,9.49334,9.4955,1.60,1.00
2017.03.23 06:35:27.265,9.49334,9.4955,1.60,1.00
2017.03.23 06:35:27.316,9.49334,9.4955,1.60,1.00
2017.03.23 06:35:27.662,9.49334,9.4955,1.60,1.00
2017.03.23 06:35:27.763,9.49342,9.4955,1.60,1.00
2017.03.23 06:35:27.814,9.49338,9.4955,1.60,1.00
2017.03.23 06:35:27.866,9.49339,9.4955,1.60,1.00
2017.03.23 06:35:27.917,9.49339,9.49552,1.60,1.00
2017.03.23 06:35:28.018,9.49336,9.49552,1.60,1.00
2017.03.23 06:35:28.221,9.49332,9.49544,1.60,1.00
2017.03.23 06:35:28.380,9.49328,9.49544,1.60,1.00
2017.03.23 06:35:28.432,9.49328,9.49544,1.60,1.00
2017.03.23 06:35:28.483,9.49328,9.49544,1.60,1.00
2017.03.23 06:35:28.584,9.49328,9.49535,1.60,1.00
2017.03.23 06:35:28.897,9.49327,9.49543,1.60,1.00
2017.03.23 06:35:29.105,9.49327,9.49543,1.00,1.00
2017.03.23 06:35:29.206,9.49318,9.49536,1.60,1.00
2017.03.23 06:35:29.258,9.49318,9.49536,1.60,1.00
2017.03.23 06:35:29.359,9.49318,9.49536,1.60,1.00
2017.03.23 06:35:29.410,9.49312,9.49528,1.60,1.00
2017.03.23 06:35:29.512,9.49312,9.49528,1.60,1.00
2017.03.23 06:35:29.865,9.49312,9.49528,1.60,1.00
2017.03.23 06:35:30.017,9.49312,9.49528,2.10,1.00
2017.03.23 06:35:30.270,9.49312,9.49528,1.60,1.00
2017.03.23 06:35:30.422,9.49309,9.49519,1.60,1.00
2017.03.23 06:35:31.014,9.49313,9.49519,1.60,1.00
2017.03.23 06:35:31.116,9.49313,9.49529,1.60,1.00
2017.03.23 06:35:31.307,9.49313,9.49529,1.60,1.00
2017.03.23 06:35:32.353,9.49313,9.49529,1.60,1.00
2017.03.23 06:35:32.656,9.49311,9.49529,1.60,1.00
2017.03.23 06:35:33.349,9.49311,9.49529,1.60,1.00
2017.03.23 06:35:33.653,9.49314,9.4953,1.60,1.00
2017.03.23 06:35:33.704,9.49311,9.49523,1.60,1.00
2017.03.23 06:35:33.907,9.49307,9.49523,1.60,1.00
2017.03.23 06:35:33.957,9.49307,9.49523,1.60,1.00
2017.03.23 06:35:34.008,9.49307,9.49523,1.60,1.00
2017.03.23 06:35:34.059,9.49307,9.49523,1.60,1.00
2017.03.23 06:35:34.262,9.49307,9.49523,1.60,1.00
2017.03.23 06:35:34.423,9.49307,9.49523,1.60,1.00
2017.03.23 06:35:34.474,9.49307,9.49523,1.60,1.00
2017.03.23 06:35:34.525,9.49305,9.49523,1.60,1.00
2017.03.23 06:35:34.576,9.49305,9.49523,1.00,1.00
2017.03.23 06:35:34.628,9.49298,9.49514,1.60,1.00
2017.03.23 06:35:34.932,9.493,9.49506,1.60,1.00
2017.03.23 06:35:35.034,9.493,9.49514,1.60,1.00
2017.03.23 06:35:35.084,9.493,9.49514,1.60,1.00
2017.03.23 06:35:35.801,9.49298,9.49514,1.60,1.00
2017.03.23 06:35:36.106,9.49298,9.49514,1.60,1.00
2017.03.23 06:35:36.308,9.49309,9.49525,1.60,1.00
2017.03.23 06:35:36.410,9.49304,9.49517,1.60,1.00
2017.03.23 06:35:36.613,9.49309,9.49525,1.60,1.00
2017.03.23 06:35:36.715,9.49304,9.49516,1.60,1.00
2017.03.23 06:35:37.242,9.49305,9.49516,1.60,1.00
2017.03.23 06:35:37.412,9.493,9.49516,1.60,1.00
2017.03.23 06:35:37.616,9.49307,9.49525,1.60,1.00
2017.03.23 06:35:37.718,9.493,9.49516,1.60,1.00
2017.03.23 06:35:37.820,9.493,9.49516,1.60,1.00
2017.03.23 06:35:37.871,9.493,9.49516,1.60,1.00
2017.03.23 06:35:38.211,9.49304,9.49516,1.60,1.00
2017.03.23 06:35:38.760,9.49304,9.49516,1.60,1.00
2017.03.23 06:35:39.418,9.49303,9.49516,1.60,1.00
2017.03.23 06:35:40.111,9.49302,9.49516,1.60,1.00
2017.03.23 06:35:40.415,9.49302,9.49508,1.60,1.00
2017.03.23 06:35:40.950,9.49306,9.49508,1.60,1.00
2017.03.23 06:35:41.052,9.49306,9.49518,1.60,1.00
2017.03.23 06:35:41.273,9.49306,9.49518,1.60,1.00
2017.03.23 06:35:42.384,9.4931,9.49518,1.60,1.00
2017.03.23 06:35:42.435,9.4931,9.49518,1.60,1.00
2017.03.23 06:35:43.321,9.49306,9.49518,1.60,1.00
2017.03.23 06:35:43.525,9.49318,9.49528,1.60,1.00
2017.03.23 06:35:43.677,9.49318,9.49528,1.60,1.00
2017.03.23 06:35:43.728,9.49318,9.49528,1.60,1.00
2017.03.23 06:35:43.854,9.49319,9.49528,1.60,1.00
2017.03.23 06:35:44.177,9.49319,9.49528,1.60,1.00
2017.03.23 06:35:44.228,9.49312,9.49528,2.10,1.00
2017.03.23 06:35:44.381,9.49312,9.49528,1.60,1.00
2017.03.23 06:35:44.533,9.49308,9.49519,1.60,1.00
2017.03.23 06:35:44.787,9.49305,9.49519,1.60,1.00
2017.03.23 06:35:44.838,9.49303,9.49519,1.60,1.00
2017.03.23 06:35:45.210,9.49304,9.49519,1.60,1.00
2017.03.23 06:35:45.262,9.49303,9.49519,1.60,1.00
2017.03.23 06:35:45.607,9.49308,9.49519,1.60,1.00
2017.03.23 06:35:45.658,9.49308,9.49519,1.60,1.00
2017.03.23 06:35:45.709,9.49303,9.49519,2.10,1.00
2017.03.23 06:35:45.996,9.49306,9.49519,1.60,1.00
2017.03.23 06:35:46.148,9.49303,9.49519,2.10,1.00
2017.03.23 06:35:46.199,9.49305,9.49519,1.60,1.00
2017.03.23 06:35:46.402,9.49306,9.49519,1.60,1.00
2017.03.23 06:35:46.453,9.4931,9.49519,1.60,1.00
2017.03.23 06:35:46.665,9.49311,9.49529,1.60,1.00
2017.03.23 06:35:46.716,9.49314,9.49529,1.60,1.00
2017.03.23 06:35:47.265,9.49314,9.49529,1.60,1.00
2017.03.23 06:35:48.043,9.49311,9.49529,1.60,1.00
2017.03.23 06:35:48.148,9.4931,9.4952,1.60,1.00
2017.03.23 06:35:48.250,9.49317,9.49528,1.60,1.00
2017.03.23 06:35:48.352,9.49312,9.49528,2.10,1.00
2017.03.23 06:35:48.554,9.49313,9.49528,1.60,1.00
2017.03.23 06:35:49.028,9.49313,9.49528,1.60,1.00
2017.03.23 06:35:49.154,9.49312,9.49528,1.60,1.00
2017.03.23 06:35:49.306,9.49312,9.49528,1.60,1.00
2017.03.23 06:35:49.732,9.49308,9.49526,1.60,1.00
2017.03.23 06:35:50.119,9.49312,9.49526,1.60,1.00
2017.03.23 06:35:50.423,9.49335,9.49533,1.60,1.00
2017.03.23 06:35:50.594,9.4934,9.49542,1.60,1.00
2017.03.23 06:35:50.645,9.49335,9.49542,1.60,1.00
2017.03.23 06:35:50.696,9.49331,9.49542,1.60,1.00
2017.03.23 06:35:50.798,9.49326,9.49542,1.60,1.00
2017.03.23 06:35:50.950,9.49324,9.49532,1.60,1.00
2017.03.23 06:35:51.262,9.49324,9.4954,2.10,1.00
2017.03.23 06:35:51.313,9.49325,9.4954,1.60,1.00
2017.03.23 06:35:51.686,9.49333,9.4954,1.60,1.00
2017.03.23 06:35:51.740,9.49341,9.49551,1.60,1.00
2017.03.23 06:35:51.842,9.49353,9.49544,1.60,1.00
2017.03.23 06:35:51.943,9.49357,9.49552,1.60,1.00
2017.03.23 06:35:52.095,9.49355,9.49552,1.60,1.00
2017.03.23 06:35:52.146,9.4936,9.4956,1.60,1.00
2017.03.23 06:35:52.248,9.49353,9.49568,1.60,1.00
2017.03.23 06:35:52.451,9.49353,9.4956,1.60,1.00
2017.03.23 06:35:52.552,9.49353,9.4956,1.60,1.00
2017.03.23 06:35:52.654,9.49349,9.4956,1.60,1.00
2017.03.23 06:35:52.705,9.49349,9.4956,1.60,1.00
2017.03.23 06:35:53.221,9.49353,9.4956,1.60,1.00
2017.03.23 06:35:53.373,9.49357,9.49571,1.60,1.00
2017.03.23 06:35:53.862,9.4937,9.49571,1.60,1.00
2017.03.23 06:35:53.913,9.49366,9.49571,1.60,1.00
2017.03.23 06:35:53.964,9.49366,9.49562,1.60,1.00
2017.03.23 06:35:54.099,9.49366,9.49571,1.60,1.00
2017.03.23 06:35:54.484,9.49366,9.49562,1.35,1.00
2017.03.23 06:35:54.636,9.49348,9.49562,1.60,1.00
2017.03.23 06:35:54.687,9.49348,9.49562,1.00,1.00
2017.03.23 06:35:54.738,9.49346,9.49562,1.60,1.00
2017.03.23 06:35:54.790,9.49346,9.49562,1.00,1.00
2017.03.23 06:35:54.891,9.49338,9.49554,1.00,1.00
2017.03.23 06:35:55.228,9.49335,9.49551,1.00,1.00
2017.03.23 06:35:55.531,9.49335,9.49551,1.60,1.00
2017.03.23 06:35:55.835,9.49332,9.49543,1.60,1.00
2017.03.23 06:35:55.886,9.49335,9.49551,1.60,1.00
2017.03.23 06:35:56.260,9.49327,9.49544,1.60,1.00
2017.03.23 06:35:56.540,9.49326,9.49544,2.47,1.00
2017.03.23 06:35:56.890,9.4933,9.49544,1.60,1.00
2017.03.23 06:35:56.941,9.4933,9.49544,1.60,1.00
2017.03.23 06:35:56.992,9.49338,9.49554,1.60,1.00
2017.03.23 06:35:57.517,9.49338,9.49554,1.60,1.00
2017.03.23 06:35:57.568,9.49338,9.49554,1.60,1.00
2017.03.23 06:35:58.049,9.4933,9.49546,1.60,1.00
2017.03.23 06:35:58.473,9.49339,9.49555,1.60,1.00
2017.03.23 06:35:58.651,9.49339,9.49555,1.60,1.00
2017.03.23 06:35:58.996,9.49339,9.49555,2.10,1.00
2017.03.23 06:35:59.300,9.49374,9.49574,1.60,1.00
2017.03.23 06:35:59.605,9.49374,9.49574,1.35,1.00
2017.03.23 06:35:59.742,9.49368,9.49582,1.60,1.00
2017.03.23 06:35:59.793,9.49366,9.49582,1.00,1.00
2017.03.23 06:35:59.895,9.49359,9.49573,1.60,1.00
2017.03.23 06:36:00.148,9.49357,9.49573,1.60,1.00
2017.03.23 06:36:00.199,9.49357,9.49573,1.60,1.00
2017.03.23 06:36:00.444,9.49359,9.49573,1.60,1.00
2017.03.23 06:36:00.496,9.49356,9.49565,1.60,1.00
2017.03.23 06:36:00.547,9.49349,9.49565,1.60,1.00
2017.03.23 06:36:00.598,9.4934,9.49556,1.60,1.00
2017.03.23 06:36:00.699,9.49338,9.49554,1.60,1.00
2017.03.23 06:36:00.801,9.49347,9.49563,1.00,1.00
2017.03.23 06:36:01.633,9.49339,9.49555,1.60,1.00
2017.03.23 06:36:01.905,9.49339,9.49555,1.35,1.00
2017.03.23 06:36:01.955,9.49339,9.49555,1.60,1.00
2017.03.23 06:36:02.688,9.49346,9.49564,1.00,1.00
2017.03.23 06:36:03.012,9.49346,9.49564,1.60,1.00
2017.03.23 06:36:03.063,9.49346,9.49564,1.60,1.00
2017.03.23 06:36:03.114,9.49346,9.49564,1.60,1.00
2017.03.23 06:36:03.317,9.49338,9.49554,2.10,1.00
2017.03.23 06:36:03.418,9.49338,9.49554,1.60,1.00
2017.03.23 06:36:03.469,9.49338,9.49554,2.10,1.00
2017.03.23 06:36:03.520,9.49338,9.49554,1.60,1.00
2017.03.23 06:36:03.685,9.4934,9.49554,1.60,1.00
2017.03.23 06:36:03.989,9.4935,9.49554,1.60,1.00
2017.03.23 06:36:04.039,9.49354,9.49563,1.60,1.00
2017.03.23 06:36:04.141,9.49348,9.49563,1.60,1.00
2017.03.23 06:36:04.192,9.49347,9.49563,1.60,1.00
2017.03.23 06:36:04.243,9.49347,9.49563,2.10,1.00
2017.03.23 06:36:04.733,9.49347,9.49555,1.60,1.00
2017.03.23 06:36:05.037,9.49348,9.49555,1.60,1.00
2017.03.23 06:36:05.138,9.49348,9.49564,1.60,1.00
2017.03.23 06:36:05.240,9.49348,9.49564,1.60,1.00
2017.03.23 06:36:05.543,9.49346,9.49564,1.60,1.00
2017.03.23 06:36:05.594,9.49346,9.49564,1.60,1.00
2017.03.23 06:36:05.645,9.49346,9.49564,1.60,1.00
2017.03.23 06:36:05.747,9.49346,9.49564,1.60,1.00
2017.03.23 06:36:06.055,9.49343,9.49555,1.60,1.00
2017.03.23 06:36:06.105,9.49349,9.49565,1.60,1.00
2017.03.23 06:36:06.156,9.49349,9.49565,1.60,1.00
2017.03.23 06:36:06.470,9.49348,9.49564,1.60,1.00
2017.03.23 06:36:07.563,9.49348,9.49564,1.60,1.00
2017.03.23 06:36:07.889,9.49343,9.49555,1.60,1.00
2017.03.23 06:36:07.940,9.49349,9.49564,1.60,1.00
2017.03.23 06:36:08.294,9.49348,9.49564,1.60,1.00
2017.03.23 06:36:08.396,9.49349,9.49564,1.60,1.00
2017.03.23 06:36:08.982,9.49349,9.49564,1.60,1.00
2017.03.23 06:36:09.033,9.49349,9.49564,1.60,1.00
2017.03.23 06:36:09.346,9.49349,9.49561,1.60,1.00
2017.03.23 06:36:09.764,9.49345,9.49561,1.60,1.00
2017.03.23 06:36:09.816,9.49345,9.49561,1.60,1.00
2017.03.23 06:36:10.176,9.49353,9.49562,1.60,1.00
2017.03.23 06:36:10.426,9.49342,9.49555,1.60,1.00
2017.03.23 06:36:10.528,9.49346,9.49562,1.60,1.00
2017.03.23 06:36:10.781,9.49346,9.49562,1.60,1.00
2017.03.23 06:36:11.456,9.49346,9.49554,1.60,1.00
2017.03.23 06:36:12.025,9.49348,9.49564,1.60,1.00
2017.03.23 06:36:12.464,9.49346,9.49554,1.60,1.00
2017.03.23 06:36:12.566,9.49338,9.49554,1.00,1.00
2017.03.23 06:36:12.616,9.49329,9.49545,1.60,1.00
2017.03.23 06:36:13.105,9.49336,9.49545,1.60,1.00
2017.03.23 06:36:13.156,9.49341,9.49557,1.60,1.00
2017.03.23 06:36:13.258,9.49336,9.49549,1.60,1.00
2017.03.23 06:36:13.828,9.49336,9.49549,1.60,1.00
2017.03.23 06:36:13.929,9.49333,9.49549,1.60,1.00
2017.03.23 06:36:14.036,9.49333,9.49549,1.60,1.00
2017.03.23 06:36:14.087,9.49333,9.49549,1.60,1.00
2017.03.23 06:36:14.140,9.49349,9.49557,1.60,1.00
2017.03.23 06:36:14.191,9.49351,9.49557,1.60,1.00
2017.03.23 06:36:14.312,9.49351,9.49557,1.60,1.00
2017.03.23 06:36:14.414,9.49341,9.49557,1.60,1.00
2017.03.23 06:36:14.465,9.49337,9.49549,1.60,1.00
2017.03.23 06:36:14.815,9.49337,9.49549,1.60,1.00
2017.03.23 06:36:14.866,9.49341,9.49557,1.60,1.00
2017.03.23 06:36:14.917,9.49343,9.49557,1.60,1.00
2017.03.23 06:36:15.069,9.49345,9.49557,1.60,1.00
2017.03.23 06:36:15.120,9.49349,9.49565,1.60,1.00
2017.03.23 06:36:15.562,9.49345,9.49555,1.60,1.00
2017.03.23 06:36:16.061,9.49345,9.49555,1.60,1.00
2017.03.23 06:36:16.112,9.49347,9.49555,1.60,1.00
2017.03.23 06:36:16.163,9.49347,9.49555,1.60,1.00
2017.03.23 06:36:16.264,9.49348,9.49564,1.60,1.00
2017.03.23 06:36:16.365,9.49343,9.49556,1.60,1.00
2017.03.23 06:36:16.421,9.49348,9.49564,1.60,1.00
2017.03.23 06:36:17.362,9.49343,9.49555,1.60,1.00
2017.03.23 06:36:17.716,9.49347,9.49555,1.60,1.00
2017.03.23 06:36:17.767,9.49347,9.49563,2.10,1.00
2017.03.23 06:36:18.207,9.49347,9.49563,2.10,1.00
2017.03.23 06:36:18.258,9.49347,9.49563,1.60,1.00
2017.03.23 06:36:18.309,9.49347,9.49563,1.60,1.00
2017.03.23 06:36:18.411,9.49348,9.49563,1.60,1.00
2017.03.23 06:36:18.563,9.49347,9.49563,1.60,1.00
2017.03.23 06:36:18.624,9.49342,9.49554,1.60,1.00
2017.03.23 06:36:18.734,9.49342,9.49554,1.60,1.00
2017.03.23 06:36:18.785,9.49351,9.49554,1.60,1.00
2017.03.23 06:36:18.836,9.49346,9.49562,2.10,1.00
2017.03.23 06:36:19.372,9.49346,9.49562,2.10,1.00
2017.03.23 06:36:19.632,9.49346,9.49554,1.60,1.00
2017.03.23 06:36:19.683,9.49346,9.49554,1.60,1.00
2017.03.23 06:36:19.998,9.49346,9.49562,2.10,1.00
2017.03.23 06:36:20.150,9.49346,9.49562,1.60,1.00
2017.03.23 06:36:20.201,9.49346,9.49562,1.60,1.00
2017.03.23 06:36:20.253,9.49338,9.49554,1.60,1.00
2017.03.23 06:36:20.304,9.49338,9.49554,1.60,1.00
2017.03.23 06:36:20.355,9.4933,9.49546,1.00,1.00
2017.03.23 06:36:20.456,9.49322,9.49538,1.00,1.00
2017.03.23 06:36:20.760,9.49295,9.49511,1.00,1.00
2017.03.23 06:36:21.266,9.49285,9.49501,1.97,1.00
2017.03.23 06:36:21.429,9.49285,9.49501,1.00,1.00
2017.03.23 06:36:21.632,9.49286,9.49492,1.00,1.00
2017.03.23 06:36:21.835,9.49286,9.49502,2.10,1.00
2017.03.23 06:36:21.936,9.49286,9.49502,1.35,1.00
2017.03.23 06:36:22.037,9.49277,9.49493,1.60,1.00
2017.03.23 06:36:22.244,9.49277,9.49493,1.60,1.00
2017.03.23 06:36:22.842,9.49277,9.49493,1.00,1.00
2017.03.23 06:36:23.206,9.49277,9.49493,1.60,1.00
2017.03.23 06:36:23.710,9.49277,9.49493,1.60,1.00
2017.03.23 06:36:24.884,9.49277,9.49493,1.60,1.00
2017.03.23 06:36:24.935,9.49277,9.49493,1.35,1.00
2017.03.23 06:36:24.986,9.49277,9.49493,1.60,1.00
2017.03.23 06:36:25.037,9.49277,9.49493,1.35,1.00
2017.03.23 06:36:25.341,9.49277,9.49493,1.60,1.00
2017.03.23 06:36:25.392,9.49277,9.49493,1.35,1.00
2017.03.23 06:36:25.443,9.49277,9.49493,1.60,1.00
2017.03.23 06:36:25.753,9.49278,9.49494,1.60,1.00
2017.03.23 06:36:25.804,9.49278,9.49494,1.60,1.00
2017.03.23 06:36:25.855,9.49278,9.49494,1.60,1.00
2017.03.23 06:36:25.957,9.4927,9.49486,2.10,1.00
2017.03.23 06:36:26.365,9.49278,9.49494,1.35,1.00
2017.03.23 06:36:27.276,9.49278,9.49494,1.60,1.00
2017.03.23 06:36:27.824,9.49278,9.49494,1.00,1.00
2017.03.23 06:36:28.077,9.4927,9.49486,1.60,1.00
2017.03.23 06:36:28.128,9.4927,9.49486,1.00,1.00
2017.03.23 06:36:28.179,9.49265,9.49478,1.60,1.00
2017.03.23 06:36:28.230,9.49262,9.49478,1.60,1.00
2017.03.23 06:36:28.281,9.49262,9.49478,1.00,1.00
2017.03.23 06:36:28.383,9.49262,9.49478,1.60,1.00
2017.03.23 06:36:28.485,9.49271,9.49487,1.35,1.00
2017.03.23 06:36:28.536,9.49271,9.49487,1.60,1.00
2017.03.23 06:36:29.041,9.49271,9.49487,2.10,1.00
2017.03.23 06:36:29.222,9.49271,9.49479,1.00,1.00
2017.03.23 06:36:29.273,9.49256,9.49471,2.10,1.00
2017.03.23 06:36:29.375,9.49264,9.4948,1.60,1.00
2017.03.23 06:36:29.476,9.49258,9.49474,1.60,1.00
2017.03.23 06:36:31.893,9.49258,9.49474,1.60,1.00
2017.03.23 06:36:32.068,9.49258,9.49474,1.60,1.00
2017.03.23 06:36:32.710,9.49258,9.49474,1.60,1.00
2017.03.23 06:36:33.466,9.49258,9.49474,1.60,1.00
2017.03.23 06:36:33.517,9.49258,9.49474,1.60,1.00
2017.03.23 06:36:34.174,9.49266,9.49474,1.60,1.00
2017.03.23 06:36:34.225,9.49266,9.49474,1.60,1.00
2017.03.23 06:36:34.377,9.49258,9.49474,1.72,1.00
2017.03.23 06:36:34.479,9.49266,9.49482,1.35,1.00
2017.03.23 06:36:34.606,9.49257,9.49473,1.97,1.00
2017.03.23 06:36:34.939,9.49266,9.49473,1.60,1.00
2017.03.23 06:36:34.990,9.49266,9.49481,1.60,1.00
2017.03.23 06:36:35.041,9.49266,9.49481,1.60,1.00
2017.03.23 06:36:35.251,9.49266,9.49473,1.60,1.00
2017.03.23 06:36:35.555,9.49266,9.49481,1.35,1.00
2017.03.23 06:36:36.055,9.49266,9.49481,1.60,1.00
2017.03.23 06:36:36.286,9.49266,9.49481,1.35,1.00
2017.03.23 06:36:36.337,9.49266,9.49481,1.60,1.00
2017.03.23 06:36:36.643,9.49266,9.49473,1.60,1.00
2017.03.23 06:36:37.437,9.49266,9.49473,1.60,1.00
2017.03.23 06:36:37.589,9.49268,9.49481,1.60,1.00
2017.03.23 06:36:37.812,9.49266,9.49481,1.60,1.00
2017.03.23 06:36:37.985,9.49266,9.49481,1.60,1.00
2017.03.23 06:36:38.087,9.49266,9.49481,1.60,1.00
2017.03.23 06:36:39.081,9.49266,9.49481,1.60,1.00
2017.03.23 06:36:39.192,9.49266,9.49481,1.60,1.00
2017.03.23 06:36:39.243,9.49266,9.49481,1.60,1.00
2017.03.23 06:36:39.470,9.49266,9.49481,1.00,1.00
2017.03.23 06:36:39.572,9.49266,9.49473,1.60,1.00
2017.03.23 06:36:39.774,9.49266,9.49481,1.60,1.00
2017.03.23 06:36:41.117,9.49266,9.49481,1.60,1.00
2017.03.23 06:36:41.219,9.49266,9.49481,1.00,1.00
2017.03.23 06:36:41.270,9.49266,9.49472,1.00,1.00
2017.03.23 06:36:41.574,9.49256,9.49464,1.72,1.00
2017.03.23 06:36:41.878,9.49256,9.49472,1.50,1.00
2017.03.23 06:36:42.393,9.49256,9.49464,1.35,1.00
2017.03.23 06:36:42.674,9.49256,9.49472,2.10,1.00
2017.03.23 06:36:42.725,9.49256,9.49472,2.10,1.00
2017.03.23 06:36:42.876,9.49266,9.4948,1.00,2.25
2017.03.23 06:36:43.167,9.49266,9.49472,1.00,1.00
2017.03.23 06:36:43.665,9.49266,9.4948,1.50,1.50
2017.03.23 06:36:45.849,9.49266,9.49482,1.50,1.00
2017.03.23 06:36:46.102,9.49266,9.49474,1.00,1.00
2017.03.23 06:36:47.642,9.49266,9.49474,1.60,1.00
2017.03.23 06:36:47.693,9.49266,9.49474,1.60,1.00
2017.03.23 06:36:47.794,9.49266,9.49482,2.10,1.00
2017.03.23 06:36:48.231,9.49266,9.49482,2.10,1.00
2017.03.23 06:36:48.282,9.49266,9.49482,2.10,1.00
2017.03.23 06:36:49.450,9.49266,9.49482,1.50,1.00
2017.03.23 06:36:49.602,9.49266,9.49472,1.00,1.00
2017.03.23 06:36:49.704,9.49266,9.49481,1.60,1.00
2017.03.23 06:36:50.326,9.49266,9.49481,1.35,1.00
2017.03.23 06:36:51.126,9.49266,9.49473,1.00,1.00
2017.03.23 06:36:51.344,9.49266,9.49481,1.00,1.00
2017.03.23 06:36:51.395,9.49266,9.49472,1.00,1.00
2017.03.23 06:36:51.496,9.49266,9.4948,1.00,1.00
2017.03.23 06:36:51.598,9.49266,9.49471,1.00,1.00
2017.03.23 06:36:51.699,9.49266,9.4948,1.00,1.00
2017.03.23 06:36:53.361,9.49266,9.4948,1.60,1.00
2017.03.23 06:36:53.703,9.49271,9.49489,1.60,1.00
2017.03.23 06:36:53.755,9.49271,9.49489,1.60,1.00
2017.03.23 06:36:53.856,9.49271,9.49489,1.60,1.00
2017.03.23 06:36:53.907,9.49266,9.49479,1.60,1.00
2017.03.23 06:36:54.084,9.49271,9.49487,1.60,1.00
2017.03.23 06:36:54.309,9.49271,9.49487,1.60,1.00
2017.03.23 06:36:54.696,9.49266,9.49478,1.60,1.00
2017.03.23 06:36:55.003,9.49266,9.49478,1.60,1.00
2017.03.23 06:36:55.104,9.49266,9.49478,1.60,1.00
2017.03.23 06:36:55.155,9.49266,9.49478,1.60,1.00
2017.03.23 06:36:55.206,9.49266,9.49478,1.00,1.00
2017.03.23 06:36:55.308,9.49266,9.49469,1.00,1.00
2017.03.23 06:36:55.511,9.49256,9.49469,1.72,1.00
2017.03.23 06:36:55.562,9.49266,9.49469,1.00,1.00
2017.03.23 06:36:55.827,9.49256,9.49469,1.72,1.00
2017.03.23 06:36:55.878,9.49266,9.49469,1.00,1.00
2017.03.23 06:36:56.136,9.49256,9.49469,1.72,1.00
2017.03.23 06:36:56.187,9.49266,9.49469,1.00,1.00
2017.03.23 06:36:56.725,9.49265,9.49469,1.00,1.00
2017.03.23 06:36:56.776,9.49256,9.49469,1.72,1.00
2017.03.23 06:36:56.828,9.49266,9.49477,1.00,1.00
2017.03.23 06:36:56.929,9.49266,9.4947,1.00,1.00
2017.03.23 06:36:57.118,9.49256,9.4947,1.72,1.00
2017.03.23 06:36:57.169,9.49266,9.4947,1.00,1.00
2017.03.23 06:36:57.394,9.49256,9.4947,1.60,1.00
2017.03.23 06:36:57.496,9.49266,9.4947,1.00,1.00
2017.03.23 06:36:57.597,9.49266,9.49477,1.00,1.00
2017.03.23 06:36:57.864,9.49266,9.49474,1.00,1.00
2017.03.23 06:36:58.224,9.49266,9.49472,1.00,1.00
2017.03.23 06:36:58.275,9.49256,9.49472,2.10,1.00
2017.03.23 06:36:58.427,9.49256,9.49464,1.60,1.00
2017.03.23 06:36:58.528,9.49256,9.49472,2.10,1.00
2017.03.23 06:36:58.629,9.49256,9.49464,1.60,1.00
2017.03.23 06:36:58.832,9.49257,9.49473,1.60,1.00
2017.03.23 06:36:58.883,9.49257,9.49473,1.60,1.00
2017.03.23 06:36:58.933,9.49257,9.49473,1.60,1.00
2017.03.23 06:36:58.984,9.49257,9.49473,1.60,1.00
2017.03.23 06:36:59.261,9.49257,9.49473,1.60,1.00
2017.03.23 06:36:59.607,9.49257,9.49473,1.60,1.00
2017.03.23 06:36:59.657,9.49257,9.49473,1.60,1.00
2017.03.23 06:37:00.235,9.49257,9.49473,1.60,1.00
2017.03.23 06:37:00.593,9.49257,9.49473,1.60,1.00
2017.03.23 06:37:00.644,9.49257,9.49473,1.60,1.00
2017.03.23 06:37:00.897,9.49265,9.49473,1.60,1.00
2017.03.23 06:37:01.132,9.49266,9.49482,2.10,1.00
2017.03.23 06:37:01.190,9.49266,9.49473,1.35,1.00
2017.03.23 06:37:01.292,9.49257,9.49473,1.60,1.00
2017.03.23 06:37:01.545,9.49266,9.49473,1.60,1.00
2017.03.23 06:37:01.863,9.49259,9.49465,1.60,1.00
2017.03.23 06:37:02.015,9.49259,9.49476,1.60,1.00
2017.03.23 06:37:02.116,9.49258,9.49476,1.60,1.00
2017.03.23 06:37:02.285,9.49258,9.49476,1.60,1.00
2017.03.23 06:37:02.545,9.49258,9.49476,1.60,1.00
2017.03.23 06:37:02.784,9.49258,9.49476,1.60,1.00
2017.03.23 06:37:03.127,9.49258,9.49476,1.60,1.00
2017.03.23 06:37:03.229,9.49265,9.49467,1.35,1.00
2017.03.23 06:37:03.394,9.49265,9.49475,1.35,1.00
2017.03.23 06:37:03.803,9.49259,9.49475,1.60,1.00
2017.03.23 06:37:03.904,9.49255,9.49467,1.60,1.00
2017.03.23 06:37:04.010,9.49255,9.49467,1.60,1.00
2017.03.23 06:37:08.704,9.49255,9.49467,1.00,1.00
2017.03.23 06:37:09.343,9.49256,9.49467,1.00,1.00
2017.03.23 06:37:09.407,9.49256,9.4947,1.00,1.00
2017.03.23 06:37:09.458,9.49256,9.4947,1.60,1.00
2017.03.23 06:37:09.935,9.49254,9.4947,1.60,1.00
2017.03.23 06:37:10.446,9.49254,9.4947,1.60,1.00
2017.03.23 06:37:10.497,9.49256,9.4947,1.60,1.00
2017.03.23 06:37:10.548,9.49256,9.4947,1.60,1.00
2017.03.23 06:37:10.599,9.49256,9.4947,1.60,1.00
2017.03.23 06:37:10.751,9.49262,9.49478,1.60,1.00
2017.03.23 06:37:10.802,9.49269,9.49478,1.60,1.00
2017.03.23 06:37:10.903,9.49272,9.49478,1.60,1.00
2017.03.23 06:37:10.954,9.49264,9.49478,1.60,1.00
2017.03.23 06:37:11.005,9.49262,9.49478,1.60,1.00
2017.03.23 06:37:11.056,9.49262,9.49478,1.35,1.00
2017.03.23 06:37:11.157,9.49256,9.4947,1.60,1.00
2017.03.23 06:37:11.637,9.49256,9.4947,1.60,1.00
2017.03.23 06:37:11.790,9.49256,9.4947,1.60,1.00
2017.03.23 06:37:11.891,9.49256,9.4947,1.60,1.00
2017.03.23 06:37:12.044,9.49254,9.49472,1.00,1.00
2017.03.23 06:37:12.095,9.49254,9.49472,1.60,1.00
2017.03.23 06:37:12.147,9.49253,9.49469,1.35,1.00
2017.03.23 06:37:12.248,9.49246,9.49461,1.50,1.00
2017.03.23 06:37:12.560,9.49248,9.49464,1.60,1.00
2017.03.23 06:37:12.982,9.49246,9.49454,1.72,1.00
2017.03.23 06:37:13.236,9.49256,9.49465,1.60,1.00
2017.03.23 06:37:13.337,9.49256,9.49456,1.35,1.00
2017.03.23 06:37:13.643,9.49256,9.49464,1.60,1.00
2017.03.23 06:37:13.924,9.49256,9.49464,1.60,1.00
2017.03.23 06:37:14.011,9.49256,9.49464,1.35,1.00
2017.03.23 06:37:14.365,9.49248,9.49464,1.60,1.00
2017.03.23 06:37:14.870,9.49256,9.49464,1.60,1.00
2017.03.23 06:37:15.280,9.49248,9.49464,1.60,1.00
2017.03.23 06:37:15.510,9.49248,9.49464,1.60,1.00
2017.03.23 06:37:15.561,9.49248,9.49464,1.60,1.00
2017.03.23 06:37:15.878,9.49248,9.49464,1.60,1.00
2017.03.23 06:37:15.929,9.49248,9.49464,1.60,1.00
2017.03.23 06:37:15.980,9.49248,9.49464,1.60,1.00
2017.03.23 06:37:16.282,9.4925,9.49464,1.60,1.00
2017.03.23 06:37:16.799,9.49249,9.49464,1.60,1.00
2017.03.23 06:37:17.265,9.49246,9.49455,1.72,1.00
2017.03.23 06:37:17.576,9.49246,9.49455,1.72,1.00
2017.03.23 06:37:17.778,9.49246,9.49455,1.72,1.00
2017.03.23 06:37:17.829,9.49248,9.49466,1.60,1.00
2017.03.23 06:37:17.931,9.49246,9.49457,1.72,1.00
2017.03.23 06:37:18.479,9.49246,9.49457,1.72,1.00
2017.03.23 06:37:18.530,9.49249,9.49465,1.60,1.00
2017.03.23 06:37:19.376,9.49249,9.49465,1.60,1.00
2017.03.23 06:37:19.427,9.49249,9.49465,1.60,1.00
2017.03.23 06:37:19.529,9.49249,9.49465,1.60,1.00
2017.03.23 06:37:19.734,9.49242,9.49457,1.60,1.00
2017.03.23 06:37:20.038,9.49242,9.49449,1.60,1.00
2017.03.23 06:37:20.443,9.49244,9.49449,1.60,1.00
2017.03.23 06:37:20.545,9.49244,9.49449,1.60,1.00
2017.03.23 06:37:21.011,9.49244,9.49449,1.60,1.00
2017.03.23 06:37:21.278,9.49244,9.49449,1.60,1.00
2017.03.23 06:37:22.198,9.49244,9.49449,1.60,1.00
2017.03.23 06:37:22.403,9.49243,9.49449,1.60,1.00
2017.03.23 06:37:22.454,9.49243,9.49449,1.60,1.00
2017.03.23 06:37:22.505,9.49243,9.49449,1.60,1.00
2017.03.23 06:37:22.746,9.49243,9.49449,1.60,1.00
2017.03.23 06:37:22.901,9.49243,9.49449,1.60,1.00
2017.03.23 06:37:23.159,9.49249,9.49457,1.60,1.00
2017.03.23 06:37:23.210,9.49245,9.49457,1.60,1.00
2017.03.23 06:37:23.435,9.49245,9.49448,1.60,1.00
2017.03.23 06:37:23.738,9.49253,9.49448,1.60,1.00
2017.03.23 06:37:23.890,9.49261,9.49458,1.60,1.00
2017.03.23 06:37:23.941,9.49265,9.49467,1.60,1.00
2017.03.23 06:37:23.992,9.49259,9.49467,1.60,1.00
2017.03.23 06:37:24.144,9.49259,9.49467,1.60,1.00
2017.03.23 06:37:24.246,9.49256,9.49467,1.60,1.00
2017.03.23 06:37:24.347,9.49251,9.49467,1.60,1.00
2017.03.23 06:37:24.448,9.49247,9.49458,1.60,1.00
2017.03.23 06:37:24.651,9.4925,9.49466,1.60,1.00
2017.03.23 06:37:24.761,9.4925,9.49466,1.60,1.00
2017.03.23 06:37:24.999,9.49245,9.49458,1.60,1.00
2017.03.23 06:37:25.763,9.49249,9.49458,1.60,1.00
2017.03.23 06:37:26.178,9.49249,9.49458,1.60,1.00
2017.03.23 06:37:26.261,9.49249,9.49458,1.60,1.00
2017.03.23 06:37:26.678,9.49249,9.49458,1.60,1.00
2017.03.23 06:37:26.729,9.49249,9.49458,1.60,1.00
2017.03.23 06:37:26.780,9.4925,9.49466,1.60,1.00
2017.03.23 06:37:27.468,9.49249,9.49458,1.60,1.00
2017.03.23 06:37:29.446,9.49249,9.49465,2.10,1.00
2017.03.23 06:37:30.190,9.49249,9.49465,2.10,1.00
2017.03.23 06:37:30.801,9.49249,9.49465,2.10,1.00
2017.03.23 06:37:32.864,9.49249,9.49465,2.10,1.00
2017.03.23 06:37:33.169,9.49256,9.49465,1.72,1.00
2017.03.23 06:37:33.589,9.4926,9.49473,1.60,1.00
2017.03.23 06:37:34.097,9.4926,9.49473,1.60,1.00
2017.03.23 06:37:34.678,9.4926,9.49473,1.60,1.00
2017.03.23 06:37:34.952,9.4926,9.49473,1.60,1.00
2017.03.23 06:37:35.713,9.4926,9.49473,1.60,1.00
2017.03.23 06:37:36.075,9.49461,9.4959,1.60,1.00
2017.03.23 06:37:36.129,9.49406,9.49604,1.00,1.50
2017.03.23 06:37:36.281,9.49406,9.4958,1.00,1.00
2017.03.23 06:37:36.433,9.49386,9.4958,1.00,1.00
2017.03.23 06:37:36.485,9.49386,9.49569,1.00,1.00
2017.03.23 06:37:36.790,9.49396,9.49566,1.00,1.00
2017.03.23 06:37:36.891,9.49396,9.49576,1.00,1.00
2017.03.23 06:37:36.993,9.49396,9.49563,1.00,1.00
2017.03.23 06:37:37.044,9.49386,9.49563,1.00,1.00
2017.03.23 06:37:37.095,9.49395,9.49546,1.00,1.00
2017.03.23 06:37:37.196,9.49396,9.49561,1.00,1.00
2017.03.23 06:37:37.298,9.49385,9.49568,1.35,1.00
2017.03.23 06:37:37.500,9.49385,9.4957,1.00,1.00
2017.03.23 06:37:37.601,9.49386,9.49563,1.00,1.00
2017.03.23 06:37:38.306,9.49396,9.49563,1.00,1.00
2017.03.23 06:37:38.509,9.49395,9.4957,1.00,1.00
2017.03.23 06:37:38.770,9.49386,9.4957,1.00,1.00
2017.03.23 06:37:38.872,9.49376,9.4957,1.00,1.00
2017.03.23 06:37:39.024,9.49366,9.49569,1.00,1.00
2017.03.23 06:37:39.075,9.49366,9.49562,1.00,1.00
2017.03.23 06:37:39.278,9.49356,9.49553,1.00,1.00
2017.03.23 06:37:39.430,9.49346,9.49553,1.00,1.00
2017.03.23 06:37:39.531,9.49336,9.49553,1.00,1.00
2017.03.23 06:37:39.582,9.49336,9.49544,1.00,1.00
2017.03.23 06:37:39.894,9.49336,9.49536,1.00,1.00
2017.03.23 06:37:40.901,9.49336,9.49527,1.00,1.00
2017.03.23 06:37:52.139,9.49346,9.49527,1.00,1.00
2017.03.23 06:37:52.423,9.49336,9.49536,1.12,1.00
2017.03.23 06:37:52.590,9.49336,9.49527,1.12,1.00
2017.03.23 06:37:53.105,9.49335,9.49536,1.12,1.00
2017.03.23 06:37:53.215,9.49346,9.49536,1.00,1.00
2017.03.23 06:37:53.980,9.49336,9.49536,1.12,1.00
2017.03.23 06:37:54.536,9.49336,9.49526,1.12,1.00
2017.03.23 06:37:54.648,9.49336,9.49534,1.12,1.00
2017.03.23 06:37:55.288,9.49336,9.49534,1.50,1.00
2017.03.23 06:37:55.440,9.49336,9.49542,1.50,1.00
2017.03.23 06:37:56.221,9.49346,9.49542,1.37,1.00
2017.03.23 06:37:56.580,9.49346,9.49541,1.75,1.00
2017.03.23 06:37:56.631,9.49346,9.4955,1.75,1.00
2017.03.23 06:38:01.065,9.49346,9.49537,1.75,1.00
2017.03.23 06:38:01.116,9.49336,9.49546,1.37,1.00
2017.03.23 06:38:01.319,9.49335,9.49536,1.37,1.00
2017.03.23 06:38:01.421,9.49335,9.49546,1.37,1.00
2017.03.23 06:38:01.573,9.49346,9.49546,1.75,1.00
2017.03.23 06:38:01.725,9.49335,9.49536,1.75,1.00
2017.03.23 06:38:02.156,9.4932,9.49536,1.00,1.00
2017.03.23 06:38:02.352,9.49331,9.49547,1.00,1.00
2017.03.23 06:38:02.656,9.49346,9.49547,1.75,1.00
2017.03.23 06:38:05.354,9.49346,9.49547,1.75,1.00
2017.03.23 06:38:07.638,9.49346,9.49555,1.75,1.00
2017.03.23 06:38:18.380,9.49356,9.49555,1.75,1.00
2017.03.23 06:38:18.482,9.49356,9.49562,1.75,1.00
2017.03.23 06:38:18.536,9.49356,9.49562,1.75,1.00
2017.03.23 06:38:18.799,9.49366,9.49562,1.75,1.00
2017.03.23 06:38:18.850,9.49356,9.49562,1.75,1.00
2017.03.23 06:38:19.103,9.49356,9.49553,1.75,1.00
2017.03.23 06:38:19.558,9.4934,9.49553,1.37,1.00
2017.03.23 06:38:20.315,9.4933,9.4954,2.62,1.00
2017.03.23 06:38:20.417,9.49336,9.4954,1.75,1.00
2017.03.23 06:38:20.772,9.49332,9.49548,1.75,1.00
2017.03.23 06:38:21.291,9.49341,9.49557,1.37,1.00
2017.03.23 06:38:21.490,9.49333,9.49549,1.75,1.00
2017.03.23 06:38:21.542,9.49333,9.49549,1.75,1.00
2017.03.23 06:38:21.593,9.49326,9.49538,1.75,1.00
2017.03.23 06:38:23.507,9.49333,9.49549,1.75,1.00
2017.03.23 06:38:23.709,9.49326,9.49541,1.75,1.00
2017.03.23 06:38:24.078,9.49337,9.49553,1.75,1.00
2017.03.23 06:38:29.119,9.49336,9.49545,1.75,1.00
2017.03.23 06:38:29.633,9.49341,9.49557,1.37,1.00
2017.03.23 06:38:29.734,9.4933,9.49546,2.25,1.00
2017.03.23 06:38:30.003,9.49341,9.49557,1.37,1.00
2017.03.23 06:38:30.206,9.4933,9.49544,1.75,1.00
2017.03.23 06:38:30.537,9.4933,9.4954,1.75,1.00
2017.03.23 06:38:30.638,9.49332,9.49548,1.75,1.00
2017.03.23 06:38:30.958,9.49332,9.49548,1.75,1.00
2017.03.23 06:38:31.212,9.49332,9.49548,1.75,1.00
2017.03.23 06:38:33.460,9.49332,9.49548,1.75,1.00
2017.03.23 06:38:33.511,9.4933,9.49537,1.75,1.00
2017.03.23 06:38:34.113,9.49331,9.49547,1.75,1.00
2017.03.23 06:38:34.214,9.49352,9.49536,1.37,1.00
2017.03.23 06:38:34.576,9.49352,9.49547,1.37,1.00
2017.03.23 06:38:34.628,9.49352,9.49537,1.37,1.00
2017.03.23 06:38:34.933,9.49352,9.49548,1.37,1.00
2017.03.23 06:38:35.034,9.49352,9.4954,1.37,1.00
2017.03.23 06:38:35.444,9.49349,9.49531,1.37,1.00
2017.03.23 06:38:35.546,9.49349,9.49542,1.37,1.00
2017.03.23 06:38:35.705,9.4933,9.49531,1.75,1.00
2017.03.23 06:38:35.977,9.4933,9.49531,2.25,1.00
2017.03.23 06:38:36.752,9.4933,9.49542,1.75,1.00
2017.03.23 06:38:45.866,9.49329,9.49542,2.25,1.00
2017.03.23 06:38:46.371,9.4933,9.49532,2.25,1.00
2017.03.23 06:38:47.319,9.49319,9.49532,1.75,1.00
2017.03.23 06:38:47.421,9.4932,9.49532,2.25,1.00
2017.03.23 06:38:47.472,9.4932,9.49523,2.25,1.00
2017.03.23 06:38:47.778,9.4932,9.49532,2.25,1.00
2017.03.23 06:38:48.889,9.49319,9.49532,2.25,1.00
2017.03.23 06:38:49.697,9.4932,9.49532,2.25,1.00
2017.03.23 06:38:50.755,9.4932,9.49521,2.25,1.00
2017.03.23 06:38:51.552,9.4932,9.49532,2.25,1.00
2017.03.23 06:38:51.603,9.4932,9.49532,2.25,1.00
2017.03.23 06:38:51.834,9.4932,9.49532,2.25,1.00
2017.03.23 06:38:53.353,9.49319,9.49532,2.25,1.00
2017.03.23 06:38:53.735,9.4933,9.49532,2.25,1.00
2017.03.23 06:38:53.786,9.4933,9.49543,2.25,1.00
2017.03.23 06:38:54.123,9.4933,9.49543,2.25,1.00
2017.03.23 06:38:54.174,9.4933,9.49534,2.25,1.00
2017.03.23 06:38:54.730,9.4933,9.49534,2.25,1.00
2017.03.23 06:38:54.883,9.49331,9.49547,1.37,1.00
2017.03.23 06:38:55.086,9.4933,9.49536,1.87,1.00
2017.03.23 06:38:55.302,9.4933,9.49547,1.87,1.00
2017.03.23 06:38:55.354,9.4933,9.49536,1.87,1.00
2017.03.23 06:38:55.456,9.49331,9.49547,1.37,1.00
2017.03.23 06:38:55.868,9.4933,9.49536,2.25,1.00
2017.03.23 06:38:56.172,9.49331,9.49547,1.75,1.00
2017.03.23 06:38:56.315,9.4933,9.49536,2.25,1.00
2017.03.23 06:38:56.367,9.49332,9.49548,1.75,1.00
2017.03.23 06:38:56.468,9.4933,9.49536,2.25,1.00
2017.03.23 06:38:56.767,9.4933,9.49536,2.25,1.00
2017.03.23 06:38:57.149,9.4933,9.49536,2.25,1.00
2017.03.23 06:38:57.200,9.4933,9.49544,2.25,1.00
2017.03.23 06:38:57.739,9.4933,9.49544,2.25,1.00
2017.03.23 06:38:57.790,9.4933,9.49534,2.25,1.00
2017.03.23 06:38:58.097,9.4933,9.49546,2.25,1.00
2017.03.23 06:38:58.782,9.4933,9.49536,2.25,1.00
2017.03.23 06:38:59.119,9.4933,9.49536,2.25,1.00
2017.03.23 06:38:59.372,9.4933,9.49536,2.25,1.00
2017.03.23 06:38:59.473,9.4933,9.49536,2.25,1.00
2017.03.23 06:38:59.711,9.4933,9.49536,2.25,1.00
2017.03.23 06:38:59.812,9.4933,9.49536,2.25,1.00
2017.03.23 06:38:59.991,9.4933,9.49536,2.25,1.00
2017.03.23 06:39:00.092,9.4933,9.49536,2.25,1.00
2017.03.23 06:39:00.370,9.4933,9.49536,2.25,1.00
2017.03.23 06:39:00.471,9.4933,9.49527,1.87,1.00
2017.03.23 06:39:00.687,9.4933,9.49539,1.87,1.00
2017.03.23 06:39:00.788,9.4933,9.49548,3.00,1.00
2017.03.23 06:39:01.073,9.4933,9.49548,3.00,1.00
2017.03.23 06:39:01.124,9.4933,9.49548,3.00,1.00
2017.03.23 06:39:01.276,9.4933,9.49537,2.25,1.00
2017.03.23 06:39:01.671,9.4933,9.49528,2.25,1.00
2017.03.23 06:39:01.772,9.4933,9.49537,2.25,1.00
2017.03.23 06:39:02.375,9.4933,9.49528,1.87,1.00
2017.03.23 06:39:02.710,9.4933,9.49541,2.25,1.00
2017.03.23 06:39:02.921,9.4933,9.49541,2.25,1.00
2017.03.23 06:39:03.073,9.4933,9.49528,2.25,1.00
2017.03.23 06:39:03.387,9.4933,9.49537,2.25,1.00
2017.03.23 06:39:03.700,9.4933,9.49528,2.25,1.00
2017.03.23 06:39:04.021,9.4933,9.49528,1.87,1.00
2017.03.23 06:39:04.173,9.4933,9.49538,2.25,1.00
2017.03.23 06:39:04.831,9.49329,9.49538,2.25,1.00
2017.03.23 06:39:04.983,9.4933,9.49528,1.87,1.00
2017.03.23 06:39:05.311,9.4933,9.49537,2.25,1.00
2017.03.23 06:39:05.475,9.4933,9.49535,2.25,1.00
2017.03.23 06:39:05.780,9.4933,9.49546,3.00,1.00
2017.03.23 06:39:05.882,9.4933,9.49537,1.87,1.00
2017.03.23 06:39:06.377,9.4933,9.49529,1.87,1.00
2017.03.23 06:39:06.843,9.4933,9.49529,1.87,1.00
2017.03.23 06:39:07.062,9.4933,9.49538,1.87,1.00
2017.03.23 06:39:08.786,9.49346,9.49546,1.12,1.00
2017.03.23 06:39:08.988,9.49346,9.49533,1.12,1.00
2017.03.23 06:39:09.616,9.49346,9.49542,1.12,1.00
2017.03.23 06:39:09.980,9.49344,9.49532,1.37,1.00
2017.03.23 06:39:10.031,9.49344,9.49532,1.00,1.00
2017.03.23 06:39:10.082,9.49344,9.49543,1.00,1.00
2017.03.23 06:39:10.183,9.49344,9.4953,1.00,1.00
2017.03.23 06:39:10.596,9.49344,9.49538,1.00,1.00
2017.03.23 06:39:10.698,9.49344,9.49528,1.00,1.00
2017.03.23 06:39:12.761,9.49334,9.49528,1.00,1.00
2017.03.23 06:39:12.812,9.49334,9.49519,1.00,1.00
2017.03.23 06:39:13.289,9.49334,9.4953,1.00,1.00
2017.03.23 06:39:13.340,9.49322,9.4953,1.37,1.00
2017.03.23 06:39:13.391,9.49311,9.49522,1.00,1.00
2017.03.23 06:39:13.442,9.4931,9.49515,1.00,1.00
2017.03.23 06:39:13.493,9.49304,9.49512,1.00,1.00
2017.03.23 06:39:13.544,9.49316,9.49512,1.00,1.00
2017.03.23 06:39:13.855,9.49336,9.49521,1.12,1.00
2017.03.23 06:39:14.007,9.49336,9.49528,1.12,1.00
2017.03.23 06:39:14.160,9.49351,9.49528,1.00,1.00
2017.03.23 06:39:14.212,9.49351,9.49536,1.00,1.00
2017.03.23 06:39:14.426,9.49351,9.49549,1.00,1.00
2017.03.23 06:39:14.629,9.49351,9.49549,1.37,1.00
2017.03.23 06:39:14.933,9.49361,9.49549,1.37,1.00
2017.03.23 06:39:14.984,9.49361,9.49549,1.00,1.00
2017.03.23 06:39:15.035,9.49361,9.49557,1.00,1.00
2017.03.23 06:39:15.202,9.49361,9.49548,1.00,1.00
2017.03.23 06:39:15.304,9.49361,9.49557,1.00,1.00
2017.03.23 06:39:15.507,9.49361,9.49547,1.00,1.00
2017.03.23 06:39:15.811,9.49357,9.49548,1.00,1.00
2017.03.23 06:39:16.669,9.49359,9.49548,1.00,1.00
2017.03.23 06:39:17.828,9.49359,9.49556,1.00,1.00
2017.03.23 06:39:18.829,9.49359,9.49549,1.00,1.00
2017.03.23 06:39:19.918,9.49359,9.49556,1.00,1.00
2017.03.23 06:39:20.219,9.49358,9.49548,1.00,1.00
2017.03.23 06:39:22.128,9.49358,9.49556,1.00,1.00
2017.03.23 06:39:23.562,9.49358,9.49548,1.00,1.00
2017.03.23 06:39:24.240,9.49358,9.49556,1.00,1.00
2017.03.23 06:39:24.432,9.49358,9.49548,1.00,1.00
2017.03.23 06:39:24.735,9.49358,9.49555,1.00,1.00
2017.03.23 06:39:25.616,9.49358,9.49547,1.00,1.00
2017.03.23 06:39:25.912,9.49358,9.49555,1.00,1.00
2017.03.23 06:39:26.215,9.49358,9.49548,1.00,1.00
2017.03.23 06:39:26.317,9.49358,9.49556,1.00,1.00
2017.03.23 06:39:27.258,9.49358,9.49546,1.00,1.00
2017.03.23 06:39:29.137,9.49358,9.49554,1.00,1.00
2017.03.23 06:39:29.441,9.49358,9.49549,1.00,1.00
2017.03.23 06:39:30.982,9.4936,9.49549,1.00,1.00
2017.03.23 06:39:31.212,9.49348,9.49549,1.00,1.00
2017.03.23 06:39:31.988,9.4936,9.49549,1.00,1.00
2017.03.23 06:39:33.757,9.4936,9.49541,1.00,1.00
2017.03.23 06:39:34.061,9.4936,9.49551,1.00,1.00
2017.03.23 06:39:34.112,9.49348,9.49551,1.00,1.00
2017.03.23 06:39:34.306,9.49348,9.49541,1.00,1.00
2017.03.23 06:39:34.624,9.49359,9.49552,1.00,1.00
2017.03.23 06:39:34.726,9.49347,9.49552,1.00,1.00
2017.03.23 06:39:35.484,9.49356,9.49552,1.00,1.00
2017.03.23 06:39:35.995,9.49347,9.49552,1.00,1.00
2017.03.23 06:39:36.364,9.49359,9.49552,1.00,1.00
2017.03.23 06:39:36.567,9.49347,9.49544,1.00,1.00
2017.03.23 06:39:37.047,9.49361,9.49544,1.00,1.00
2017.03.23 06:39:37.149,9.49347,9.49552,1.00,1.00
2017.03.23 06:39:37.359,9.49361,9.49552,1.00,1.00
2017.03.23 06:39:37.538,9.49347,9.49552,1.00,1.00
2017.03.23 06:39:39.123,9.49359,9.49552,1.00,1.00
2017.03.23 06:39:39.763,9.49349,9.49552,1.00,1.00
2017.03.23 06:39:40.066,9.49349,9.49542,1.00,1.00
2017.03.23 06:39:40.570,9.49349,9.49551,1.00,1.00
2017.03.23 06:39:40.773,9.49359,9.49541,1.00,1.00
2017.03.23 06:39:40.875,9.49359,9.49551,1.00,1.00
2017.03.23 06:39:42.245,9.49359,9.49541,1.00,1.00
2017.03.23 06:39:42.879,9.49359,9.4955,1.00,1.00
2017.03.23 06:39:43.385,9.49359,9.49541,1.00,1.00
2017.03.23 06:39:44.693,9.49359,9.49551,1.00,1.00
2017.03.23 06:39:44.795,9.49345,9.49551,1.00,1.00
2017.03.23 06:39:44.846,9.49345,9.49534,1.00,1.00
2017.03.23 06:39:44.947,9.49345,9.49543,1.00,1.00
2017.03.23 06:39:45.049,9.49345,9.49552,1.00,1.00
2017.03.23 06:39:45.150,9.49345,9.49541,1.00,1.00
2017.03.23 06:39:45.456,9.49358,9.49553,1.00,1.00
2017.03.23 06:39:45.935,9.49346,9.49553,1.00,1.00
2017.03.23 06:39:46.087,9.49357,9.49545,1.00,1.00
2017.03.23 06:39:46.390,9.49362,9.49536,1.00,1.00
2017.03.23 06:39:46.492,9.49362,9.49545,1.00,1.00
2017.03.23 06:39:46.695,9.49362,9.49537,1.00,1.00
2017.03.23 06:39:46.948,9.49349,9.49529,1.00,1.00
2017.03.23 06:39:47.049,9.49349,9.49537,1.00,1.00
2017.03.23 06:39:50.268,9.49347,9.49537,1.00,1.00
2017.03.23 06:39:52.092,9.49347,9.49529,1.00,1.00
2017.03.23 06:39:52.295,9.49347,9.49538,1.00,1.00
2017.03.23 06:39:54.471,9.49348,9.49538,1.00,1.00
2017.03.23 06:39:54.880,9.49348,9.49529,1.00,1.00
2017.03.23 06:39:55.082,9.49337,9.49521,1.00,1.00
2017.03.23 06:39:55.184,9.49337,9.4953,1.00,1.00
2017.03.23 06:39:55.387,9.49337,9.49522,1.00,1.00
2017.03.23 06:39:55.489,9.49337,9.4953,1.00,1.00
2017.03.23 06:39:55.691,9.49337,9.49539,1.00,1.00
2017.03.23 06:39:55.894,9.49337,9.49531,1.00,1.00
2017.03.23 06:39:56.205,9.49348,9.49531,1.00,1.00
2017.03.23 06:39:56.575,9.49348,9.49539,1.00,1.00
2017.03.23 06:39:56.677,9.49348,9.49531,1.00,1.00
2017.03.23 06:39:56.779,9.49348,9.49541,1.00,1.00
2017.03.23 06:39:56.880,9.49348,9.49532,1.00,1.00
2017.03.23 06:39:58.587,9.49348,9.4954,1.00,1.00
2017.03.23 06:39:58.702,9.49348,9.49531,1.00,1.00
2017.03.23 06:39:58.803,9.49348,9.49539,1.00,1.00
2017.03.23 06:39:59.006,9.49348,9.49527,1.00,1.00
2017.03.23 06:39:59.310,9.49348,9.49536,1.00,1.00
2017.03.23 06:39:59.514,9.49348,9.49551,1.00,1.00
2017.03.23 06:39:59.884,9.49348,9.49554,1.00,1.00
2017.03.23 06:40:00.423,9.49348,9.4955,1.00,1.00
2017.03.23 06:40:01.102,9.49348,9.49544,1.00,1.00
2017.03.23 06:40:01.153,9.49348,9.4955,1.00,1.00
2017.03.23 06:40:01.628,9.49348,9.49544,1.00,1.00
2017.03.23 06:40:01.780,9.49348,9.4955,1.00,1.00
2017.03.23 06:40:02.034,9.49348,9.49544,1.00,1.00
2017.03.23 06:40:02.793,9.49348,9.49551,1.00,1.00
2017.03.23 06:40:03.299,9.49348,9.49544,1.00,1.00
2017.03.23 06:40:03.806,9.49348,9.49545,1.00,1.00
2017.03.23 06:40:05.314,9.49349,9.49544,1.00,1.00
2017.03.23 06:40:05.415,9.49349,9.4955,1.00,1.00
2017.03.23 06:40:05.687,9.49349,9.49544,1.00,1.00
2017.03.23 06:40:07.069,9.49349,9.4955,1.00,1.00
2017.03.23 06:40:07.221,9.49349,9.49554,1.00,1.00
2017.03.23 06:40:07.734,9.49349,9.49544,1.00,1.00
2017.03.23 06:40:09.529,9.4935,9.49544,1.00,1.00
2017.03.23 06:40:09.631,9.4935,9.49554,1.00,1.00
2017.03.23 06:40:10.101,9.4935,9.49544,1.00,1.00
2017.03.23 06:40:10.152,9.4935,9.49554,1.00,1.00
2017.03.23 06:40:10.253,9.4935,9.49544,1.00,1.00
2017.03.23 06:40:12.619,9.4935,9.49554,1.00,1.00
2017.03.23 06:40:13.418,9.4935,9.49546,1.00,1.00
2017.03.23 06:40:13.635,9.4935,9.49555,1.00,1.50
2017.03.23 06:40:13.911,9.4935,9.49544,1.00,1.00
2017.03.23 06:40:14.316,9.4935,9.49534,1.00,1.00
2017.03.23 06:40:14.367,9.4935,9.49544,1.00,1.00
2017.03.23 06:40:15.616,9.4935,9.49555,1.00,1.50
2017.03.23 06:40:15.717,9.4935,9.49544,1.00,1.00
2017.03.23 06:40:16.065,9.4935,9.49554,1.00,1.00
2017.03.23 06:40:17.032,9.4935,9.49556,1.00,1.00
2017.03.23 06:40:17.305,9.4935,9.49554,1.00,1.00
2017.03.23 06:40:17.931,9.4935,9.49564,1.00,1.50
2017.03.23 06:40:19.197,9.4935,9.49554,1.00,1.00
2017.03.23 06:40:19.248,9.4935,9.49564,1.00,1.50
2017.03.23 06:40:19.450,9.4935,9.49555,1.00,1.00
2017.03.23 06:40:19.753,9.49361,9.49554,1.00,1.00
2017.03.23 06:40:20.277,9.49361,9.49555,1.00,1.00
2017.03.23 06:40:20.379,9.49355,9.49554,1.00,1.00
2017.03.23 06:40:21.320,9.49355,9.49556,1.00,1.00
2017.03.23 06:40:21.422,9.49355,9.49554,1.00,1.00
2017.03.23 06:40:21.978,9.49355,9.49555,1.00,1.00
2017.03.23 06:40:22.333,9.49355,9.49564,1.00,1.50
2017.03.23 06:40:22.742,9.49355,9.49556,1.00,1.00
2017.03.23 06:40:23.069,9.49355,9.49554,1.00,1.00
2017.03.23 06:40:24.232,9.49355,9.49556,1.00,1.00
2017.03.23 06:40:24.595,9.49355,9.49554,1.00,1.00
2017.03.23 06:40:24.899,9.49355,9.49554,1.00,1.75
2017.03.23 06:40:24.950,9.49355,9.49544,1.00,1.00
2017.03.23 06:40:25.526,9.49355,9.49545,1.00,1.00
2017.03.23 06:40:25.665,9.49355,9.49554,1.00,1.50
2017.03.23 06:40:25.817,9.49355,9.49545,1.00,1.00
2017.03.23 06:40:26.166,9.49355,9.49534,1.00,1.00
2017.03.23 06:40:26.315,9.49355,9.49544,1.00,1.00
2017.03.23 06:40:26.770,9.49355,9.49534,1.00,1.00
2017.03.23 06:40:27.023,9.49355,9.49545,1.00,1.50
2017.03.23 06:40:29.394,9.49355,9.49554,1.00,1.50
2017.03.23 06:40:29.569,9.49355,9.49544,1.00,1.00
2017.03.23 06:40:32.861,9.49355,9.49546,1.00,1.00
2017.03.23 06:40:33.082,9.49355,9.49554,1.00,1.00
2017.03.23 06:40:33.239,9.49355,9.49544,1.00,1.00
2017.03.23 06:40:33.543,9.49355,9.49534,1.00,1.00
2017.03.23 06:40:33.645,9.49344,9.49534,1.00,1.00
2017.03.23 06:40:34.000,9.49344,9.49537,1.00,1.37
2017.03.23 06:40:34.079,9.49344,9.49537,1.00,1.00
2017.03.23 06:40:34.283,9.49344,9.49544,1.00,1.00
2017.03.23 06:40:34.486,9.49344,9.49539,1.00,1.00
2017.03.23 06:40:34.805,9.49344,9.49544,1.00,1.00
2017.03.23 06:40:34.911,9.49344,9.4954,1.00,1.00
2017.03.23 06:40:35.397,9.49348,9.4954,1.00,1.00
2017.03.23 06:40:36.543,9.49348,9.49535,1.00,1.00
2017.03.23 06:40:37.106,9.49348,9.49534,1.00,1.00
2017.03.23 06:40:38.272,9.49348,9.49545,1.00,1.12
2017.03.23 06:40:38.323,9.49348,9.49535,1.00,1.00
2017.03.23 06:40:38.806,9.49348,9.49544,1.00,1.00
2017.03.23 06:40:38.907,9.49348,9.49534,1.00,1.00
2017.03.23 06:40:39.558,9.49349,9.49534,1.00,1.00
2017.03.23 06:40:39.683,9.49349,9.49544,1.00,1.00
2017.03.23 06:40:39.835,9.49349,9.49534,1.00,1.00
2017.03.23 06:40:41.720,9.49349,9.49535,1.00,1.00
2017.03.23 06:40:42.562,9.49349,9.49534,1.00,1.00
2017.03.23 06:40:49.080,9.49349,9.49539,1.00,1.00
2017.03.23 06:40:49.131,9.49349,9.49544,1.00,1.00
2017.03.23 06:40:49.327,9.49349,9.49548,1.00,1.00
2017.03.23 06:40:49.429,9.49349,9.49543,1.00,1.00
2017.03.23 06:40:49.970,9.49349,9.49544,1.00,1.00
2017.03.23 06:40:50.314,9.49335,9.49524,1.00,1.00
2017.03.23 06:40:52.045,9.49335,9.49534,1.00,1.12
2017.03.23 06:40:52.841,9.49335,9.49543,1.00,1.00
2017.03.23 06:40:53.315,9.49335,9.49524,1.00,1.00
2017.03.23 06:40:53.633,9.49335,9.49514,1.00,1.00
2017.03.23 06:40:54.589,9.49331,9.49514,1.00,1.00
2017.03.23 06:40:55.312,9.49331,9.49535,1.00,1.00
2017.03.23 06:40:55.514,9.49331,9.49522,1.00,1.00
2017.03.23 06:40:55.616,9.49331,9.49534,1.00,1.50
2017.03.23 06:40:55.819,9.49331,9.49531,1.00,1.00
2017.03.23 06:40:56.129,9.49323,9.49531,1.00,1.00
2017.03.23 06:40:56.913,9.49323,9.49524,1.00,1.00
2017.03.23 06:41:00.562,9.49323,9.49514,1.00,1.00
2017.03.23 06:41:01.314,9.4932,9.49514,1.00,1.00
2017.03.23 06:41:02.047,9.49311,9.49514,1.00,1.00
2017.03.23 06:41:02.199,9.49311,9.49523,1.00,1.00
2017.03.23 06:41:02.251,9.49311,9.49514,1.00,1.00
2017.03.23 06:41:02.456,9.49326,9.49532,1.00,1.00
2017.03.23 06:41:02.557,9.49326,9.49524,1.00,1.00
2017.03.23 06:41:02.659,9.49326,9.49532,1.00,1.00
2017.03.23 06:41:02.761,9.49326,9.49523,1.00,1.00
2017.03.23 06:41:03.066,9.49326,9.49514,1.00,1.00
2017.03.23 06:41:05.443,9.49321,9.49514,1.00,1.00
2017.03.23 06:41:08.850,9.49321,9.49504,1.00,1.00
2017.03.23 06:41:09.396,9.49321,9.49505,1.00,1.00
2017.03.23 06:41:09.618,9.49317,9.49505,1.00,1.00
2017.03.23 06:41:13.274,9.49317,9.49514,1.00,1.00
2017.03.23 06:41:15.148,9.49307,9.49514,1.00,1.00
2017.03.23 06:41:17.864,9.49317,9.49514,1.00,1.12
2017.03.23 06:41:18.133,9.49317,9.49518,1.00,1.00
2017.03.23 06:41:18.184,9.49317,9.49515,1.00,1.00
2017.03.23 06:41:18.437,9.49317,9.49518,1.00,1.00
2017.03.23 06:41:19.176,9.49317,9.49524,1.00,1.12
2017.03.23 06:41:20.464,9.49322,9.49524,1.00,1.12
2017.03.23 06:41:22.698,9.49311,9.49524,1.00,1.12
2017.03.23 06:41:23.047,9.49322,9.49524,1.00,1.12
2017.03.23 06:41:23.522,9.4931,9.49524,2.25,1.12
2017.03.23 06:41:23.802,9.49322,9.49524,1.00,1.12
2017.03.23 06:41:24.688,9.49322,9.49514,1.00,1.00
2017.03.23 06:41:24.739,9.49322,9.49524,1.00,1.12
2017.03.23 06:41:28.813,9.49322,9.49514,1.00,1.00
2017.03.23 06:41:28.974,9.49322,9.49525,1.00,1.12
2017.03.23 06:41:29.501,9.49322,9.49524,1.00,1.12
2017.03.23 06:41:40.170,9.49322,9.49514,1.00,1.00
2017.03.23 06:41:40.938,9.49322,9.49504,1.00,1.00
2017.03.23 06:41:41.090,9.49311,9.49504,1.00,1.12
2017.03.23 06:41:42.384,9.49311,9.49511,1.00,1.00
2017.03.23 06:41:42.796,9.49311,9.49514,1.00,1.12
2017.03.23 06:41:42.847,9.49311,9.49511,1.00,1.00
2017.03.23 06:41:42.951,9.49311,9.49514,1.00,1.12
2017.03.23 06:41:43.346,9.49311,9.49511,1.00,1.00
2017.03.23 06:41:43.753,9.49311,9.49514,1.00,1.12
2017.03.23 06:41:43.856,9.49311,9.49508,1.00,1.00
2017.03.23 06:41:44.058,9.49311,9.49514,1.00,1.12
2017.03.23 06:41:44.362,9.49311,9.4951,1.00,1.00
2017.03.23 06:41:44.579,9.49311,9.49514,1.00,1.12
2017.03.23 06:41:44.781,9.49311,9.4951,1.00,1.00
2017.03.23 06:41:44.984,9.49311,9.49514,1.00,1.12
2017.03.23 06:41:45.155,9.49311,9.49504,1.00,1.00
2017.03.23 06:41:45.206,9.49311,9.49514,1.00,1.12
2017.03.23 06:41:45.257,9.49311,9.49509,1.00,1.00
2017.03.23 06:41:45.561,9.49301,9.49494,1.00,1.12
2017.03.23 06:41:48.648,9.49301,9.49495,1.00,1.12
2017.03.23 06:41:49.215,9.49301,9.49504,1.00,1.87
2017.03.23 06:41:49.976,9.49301,9.49489,1.00,1.00
2017.03.23 06:41:50.077,9.49301,9.49494,1.00,1.12
2017.03.23 06:41:50.549,9.49298,9.49495,1.00,1.12
2017.03.23 06:41:51.087,9.49298,9.49499,1.00,1.00
2017.03.23 06:41:51.308,9.4931,9.49504,1.00,1.12
2017.03.23 06:41:54.727,9.49315,9.49514,1.00,1.37
2017.03.23 06:41:55.879,9.49315,9.49508,1.00,1.00
2017.03.23 06:41:56.436,9.49315,9.49508,1.00,1.37
2017.03.23 06:41:56.487,9.49315,9.49508,1.00,1.00
2017.03.23 06:41:56.791,9.49315,9.49514,1.00,1.37
2017.03.23 06:41:56.842,9.49315,9.49514,1.00,1.12
2017.03.23 06:41:57.067,9.49315,9.49514,1.00,1.37
2017.03.23 06:41:57.168,9.49315,9.49514,1.00,1.12
2017.03.23 06:41:57.381,9.49315,9.49514,1.00,1.37
2017.03.23 06:41:57.433,9.49315,9.49514,1.00,1.12
2017.03.23 06:41:57.734,9.49315,9.49514,1.00,1.37
2017.03.23 06:41:57.872,9.49315,9.49514,1.00,1.12
2017.03.23 06:41:58.024,9.49315,9.49515,1.00,1.37
2017.03.23 06:41:58.075,9.49315,9.49514,1.00,1.12
2017.03.23 06:41:58.351,9.49315,9.49514,1.00,1.37
2017.03.23 06:41:58.402,9.49315,9.49514,1.00,1.12
2017.03.23 06:41:58.504,9.49315,9.49514,1.00,1.37
2017.03.23 06:41:58.752,9.49315,9.49515,1.00,1.12
2017.03.23 06:41:59.012,9.49315,9.49514,1.00,1.37
2017.03.23 06:41:59.063,9.49315,9.49514,1.00,1.12
2017.03.23 06:41:59.342,9.49315,9.49514,1.00,1.37
2017.03.23 06:41:59.726,9.49315,9.49514,1.00,1.12
2017.03.23 06:42:00.572,9.49315,9.49514,1.00,1.37
2017.03.23 06:42:00.623,9.49315,9.49514,1.00,1.12
2017.03.23 06:42:00.674,9.49315,9.4951,1.00,1.00
2017.03.23 06:42:00.877,9.49315,9.49514,1.00,1.12
2017.03.23 06:42:01.198,9.49315,9.49513,1.00,1.37
2017.03.23 06:42:01.279,9.49315,9.49513,1.00,1.00
2017.03.23 06:42:02.984,9.49315,9.49514,1.00,1.12
2017.03.23 06:42:03.616,9.49315,9.49511,1.00,1.00
2017.03.23 06:42:03.780,9.49315,9.49514,1.00,1.12
2017.03.23 06:42:04.250,9.49315,9.49511,1.00,1.00
2017.03.23 06:42:04.401,9.49315,9.49514,1.00,1.12
2017.03.23 06:42:05.045,9.49303,9.49514,1.00,1.12
2017.03.23 06:42:05.222,9.49303,9.49511,1.00,1.00
2017.03.23 06:42:05.525,9.49315,9.49514,1.00,1.12
2017.03.23 06:42:06.431,9.49315,9.49513,1.00,1.00
2017.03.23 06:42:06.982,9.49315,9.49514,1.00,1.12
2017.03.23 06:42:07.496,9.49315,9.49513,1.00,1.00
2017.03.23 06:42:07.547,9.49302,9.49513,1.00,1.00
2017.03.23 06:42:07.649,9.49313,9.49513,1.00,1.00
2017.03.23 06:42:07.953,9.49313,9.49509,1.00,1.00
2017.03.23 06:42:08.105,9.49313,9.49514,1.00,1.12
2017.03.23 06:42:08.926,9.49316,9.49514,1.00,1.12
2017.03.23 06:42:09.799,9.49316,9.49505,1.00,1.00
2017.03.23 06:42:09.849,9.49316,9.49514,1.00,1.12
2017.03.23 06:42:09.900,9.49312,9.49514,1.00,1.12
2017.03.23 06:42:10.144,9.49305,9.49504,1.00,1.00
2017.03.23 06:42:10.195,9.49305,9.49514,1.00,1.12
2017.03.23 06:42:10.347,9.49305,9.49504,1.00,1.00
2017.03.23 06:42:10.687,9.49305,9.49494,1.00,1.00
2017.03.23 06:42:11.150,9.49302,9.49494,1.00,1.12
2017.03.23 06:42:11.628,9.49302,9.49504,1.00,1.12
2017.03.23 06:42:13.333,9.49302,9.49494,1.00,1.12
2017.03.23 06:42:14.784,9.49302,9.49484,1.00,1.00
2017.03.23 06:42:15.948,9.49291,9.49494,1.00,1.12
2017.03.23 06:42:15.999,9.49291,9.49484,1.00,1.00
2017.03.23 06:42:17.415,9.49302,9.49484,1.00,1.00
2017.03.23 06:42:17.467,9.49302,9.49494,1.00,1.12
2017.03.23 06:42:17.569,9.49302,9.49504,1.00,1.12
2017.03.23 06:42:17.771,9.49302,9.49494,1.00,1.00
2017.03.23 06:42:20.575,9.49308,9.49494,1.00,1.12
2017.03.23 06:42:21.095,9.49309,9.49494,1.00,1.12
2017.03.23 06:42:22.616,9.49297,9.49494,1.00,1.12
2017.03.23 06:42:22.869,9.49309,9.49494,1.00,1.12
2017.03.23 06:42:23.621,9.49314,9.49494,1.00,1.12
2017.03.23 06:42:23.673,9.49324,9.4951,1.00,1.00
2017.03.23 06:42:23.724,9.49324,9.49514,1.00,1.12
2017.03.23 06:42:24.231,9.49324,9.4951,1.00,1.00
2017.03.23 06:42:24.433,9.49324,9.49514,1.00,1.12
2017.03.23 06:42:24.484,9.49321,9.49514,1.00,1.12
2017.03.23 06:42:24.787,9.49321,9.49504,1.00,1.00
2017.03.23 06:42:24.838,9.49307,9.49504,1.00,1.00
2017.03.23 06:42:25.496,9.49319,9.49514,1.00,1.12
2017.03.23 06:42:26.002,9.49319,9.49504,1.00,1.00
2017.03.23 06:42:26.211,9.49307,9.49505,1.00,1.12
2017.03.23 06:42:26.262,9.49307,9.49501,1.00,1.00
2017.03.23 06:42:26.567,9.49307,9.49494,1.00,1.12
2017.03.23 06:42:26.972,9.49307,9.49504,1.00,1.12
2017.03.23 06:42:27.123,9.49307,9.49495,1.00,1.00
2017.03.23 06:42:27.306,9.49307,9.49502,1.00,1.00
2017.03.23 06:42:27.560,9.49307,9.49512,1.00,1.37
2017.03.23 06:42:27.611,9.49319,9.49512,1.00,1.37
2017.03.23 06:42:27.967,9.49319,9.49512,1.00,1.00
2017.03.23 06:42:28.271,9.49319,9.49505,1.00,1.12
2017.03.23 06:42:28.524,9.49319,9.49512,1.00,1.00
2017.03.23 06:42:29.431,9.49319,9.49522,1.00,1.37
2017.03.23 06:42:29.633,9.49319,9.49511,1.00,1.00
2017.03.23 06:42:29.936,9.49319,9.49522,1.00,1.37
2017.03.23 06:42:30.290,9.49307,9.49522,1.00,1.37
2017.03.23 06:42:30.341,9.49321,9.49522,1.00,1.37
2017.03.23 06:42:32.370,9.49321,9.49512,1.00,1.00
2017.03.23 06:42:32.875,9.49321,9.49521,1.00,1.37
2017.03.23 06:42:34.357,9.49321,9.49512,1.00,1.00
2017.03.23 06:42:34.762,9.49321,9.49521,1.00,1.37
2017.03.23 06:42:35.639,9.4932,9.49521,1.00,1.37
2017.03.23 06:42:38.480,9.4932,9.49512,1.00,1.00
2017.03.23 06:42:39.175,9.4932,9.49521,1.00,1.37
2017.03.23 06:42:39.478,9.4932,9.49512,1.00,1.00
2017.03.23 06:42:39.580,9.4932,9.49523,1.00,1.37
2017.03.23 06:42:39.889,9.49319,9.49523,1.00,1.00
2017.03.23 06:42:40.584,9.49319,9.49514,1.00,1.00
2017.03.23 06:42:43.706,9.49319,9.49523,1.00,1.00
2017.03.23 06:42:45.056,9.49319,9.49514,1.00,1.00
2017.03.23 06:42:45.361,9.49319,9.49511,1.00,1.00
2017.03.23 06:42:45.834,9.49319,9.49514,1.00,1.12
2017.03.23 06:42:46.267,9.49319,9.49511,1.00,1.00
2017.03.23 06:42:46.774,9.49319,9.49514,1.00,1.12
2017.03.23 06:42:47.136,9.49309,9.49514,1.00,1.12
2017.03.23 06:42:47.767,9.49309,9.49515,1.00,1.12
2017.03.23 06:42:48.139,9.4932,9.4952,1.00,1.37
2017.03.23 06:42:48.769,9.4932,9.49513,1.00,1.00
2017.03.23 06:42:49.296,9.4932,9.49524,1.00,1.37
2017.03.23 06:42:49.914,9.4932,9.49513,1.00,1.00
2017.03.23 06:42:50.421,9.4932,9.49514,1.00,1.12
2017.03.23 06:42:50.726,9.49319,9.49509,1.00,1.00
2017.03.23 06:42:50.777,9.49319,9.49514,1.00,1.12
2017.03.23 06:42:51.080,9.49319,9.49509,1.00,1.00
2017.03.23 06:42:51.182,9.49319,9.49514,1.00,1.12
2017.03.23 06:42:51.283,9.49319,9.49524,1.00,1.12
2017.03.23 06:42:51.334,9.49329,9.49524,1.00,1.12
2017.03.23 06:42:52.202,9.493,9.49524,1.50,1.12
2017.03.23 06:42:52.747,9.49299,9.49525,1.50,1.12
2017.03.23 06:42:53.266,9.493,9.49526,1.50,1.37
2017.03.23 06:42:54.298,9.493,9.49526,1.50,1.00
2017.03.23 06:42:54.400,9.493,9.49526,1.50,1.37
2017.03.23 06:42:54.584,9.493,9.49526,1.50,1.00
2017.03.23 06:42:56.595,9.4931,9.49526,1.50,1.00
2017.03.23 06:42:56.696,9.4931,9.49537,1.50,1.00
2017.03.23 06:42:56.798,9.49326,9.49548,1.00,1.00
2017.03.23 06:42:57.000,9.4933,9.49559,1.50,1.00
2017.03.23 06:42:57.197,9.4934,9.49559,1.50,1.00
2017.03.23 06:42:57.702,9.4934,9.49564,1.50,1.12
2017.03.23 06:42:58.107,9.4934,9.4956,1.50,1.00
2017.03.23 06:42:58.756,9.49339,9.4956,1.50,1.00
2017.03.23 06:42:59.299,9.4934,9.4956,1.50,1.00
2017.03.23 06:43:03.145,9.49339,9.4956,1.50,1.00
2017.03.23 06:43:03.627,9.4934,9.4955,1.50,1.00
2017.03.23 06:43:03.835,9.4934,9.49562,1.50,1.00
2017.03.23 06:43:04.870,9.49339,9.49562,2.25,1.00
2017.03.23 06:43:05.174,9.49343,9.49562,1.00,1.00
2017.03.23 06:43:05.225,9.49343,9.49574,1.00,1.87
2017.03.23 06:43:05.327,9.4934,9.49574,2.25,1.12
2017.03.23 06:43:07.073,9.4935,9.49574,1.50,1.12
2017.03.23 06:43:07.377,9.49369,9.49584,1.50,1.00
2017.03.23 06:43:07.732,9.4937,9.49595,2.25,1.00
2017.03.23 06:43:07.783,9.4938,9.49595,1.50,1.00
2017.03.23 06:43:07.936,9.4938,9.49603,1.50,1.00
2017.03.23 06:43:08.037,9.49392,9.49604,1.00,1.12
2017.03.23 06:43:08.272,9.4938,9.49604,1.50,1.12
2017.03.23 06:43:08.424,9.4938,9.49596,1.50,1.00
2017.03.23 06:43:08.525,9.49379,9.49605,1.50,1.00
2017.03.23 06:43:09.031,9.4938,9.49605,1.50,1.00
2017.03.23 06:43:09.533,9.49379,9.49607,1.50,1.00
2017.03.23 06:43:09.634,9.4938,9.49607,1.50,1.37
2017.03.23 06:43:09.887,9.49379,9.49607,1.50,1.00
2017.03.23 06:43:09.938,9.4939,9.49607,1.50,1.00
2017.03.23 06:43:09.989,9.49378,9.49607,1.50,1.00
2017.03.23 06:43:10.040,9.4939,9.49607,1.50,1.00
2017.03.23 06:43:10.957,9.49389,9.49607,2.25,1.00
2017.03.23 06:43:11.311,9.49405,9.49607,1.00,1.00
2017.03.23 06:43:11.461,9.49405,9.49623,1.00,1.00
2017.03.23 06:43:12.648,9.49429,9.49623,1.00,1.00
2017.03.23 06:43:12.851,9.49444,9.49664,1.00,1.87
2017.03.23 06:43:12.902,9.49444,9.49654,1.00,1.00
2017.03.23 06:43:12.953,9.4944,9.49654,1.50,1.00
2017.03.23 06:43:13.156,9.4944,9.49649,1.50,1.00
2017.03.23 06:43:13.326,9.49417,9.4964,1.00,1.00
2017.03.23 06:43:13.377,9.4943,9.4964,1.50,1.00
2017.03.23 06:43:13.639,9.4943,9.4965,1.50,1.00
2017.03.23 06:43:14.104,9.49427,9.49644,1.00,1.00
2017.03.23 06:43:14.155,9.49416,9.49644,1.00,1.00
2017.03.23 06:43:14.206,9.49416,9.49644,1.00,1.37
2017.03.23 06:43:14.257,9.4941,9.49634,1.50,1.12
2017.03.23 06:43:14.308,9.49403,9.49634,1.00,1.12
2017.03.23 06:43:14.359,9.49405,9.49626,1.00,1.00
2017.03.23 06:43:14.461,9.494,9.49624,1.50,1.12
2017.03.23 06:43:14.786,9.4939,9.49624,1.50,1.12
2017.03.23 06:43:14.837,9.4939,9.49616,1.50,1.00
2017.03.23 06:43:15.197,9.4939,9.49614,1.50,1.12
2017.03.23 06:43:16.814,9.4939,9.49604,1.50,1.00
2017.03.23 06:43:17.118,9.4938,9.49594,1.50,1.00
2017.03.23 06:43:18.547,9.4938,9.49599,1.50,1.00
2017.03.23 06:43:19.043,9.4938,9.49594,1.50,1.00
2017.03.23 06:43:20.344,9.4937,9.49585,1.00,1.00
2017.03.23 06:43:20.446,9.4936,9.49594,3.00,1.12
2017.03.23 06:43:20.547,9.4936,9.49591,3.00,1.00
2017.03.23 06:43:20.850,9.49379,9.49594,1.00,1.12
2017.03.23 06:43:21.907,9.49379,9.49584,1.00,1.00
2017.03.23 06:43:21.958,9.49379,9.49594,1.00,1.12
2017.03.23 06:43:22.059,9.49361,9.49594,1.00,1.12
2017.03.23 06:43:22.211,9.4937,9.49584,1.50,1.00
2017.03.23 06:43:22.312,9.4937,9.49594,1.50,1.12
2017.03.23 06:43:22.363,9.4937,9.49584,1.50,1.00
2017.03.23 06:43:22.515,9.49361,9.49584,1.00,1.12
2017.03.23 06:43:23.115,9.49361,9.4959,1.00,1.00
2017.03.23 06:43:23.166,9.49361,9.49584,1.00,1.00
2017.03.23 06:43:23.217,9.49361,9.4959,1.00,1.00
2017.03.23 06:43:23.318,9.49361,9.49584,1.00,1.12
2017.03.23 06:43:23.419,9.4937,9.49594,1.50,1.12
2017.03.23 06:43:23.635,9.4937,9.49584,1.50,1.00
2017.03.23 06:43:23.686,9.4937,9.49594,1.50,1.12
2017.03.23 06:43:23.788,9.4937,9.49584,1.50,1.00
2017.03.23 06:43:24.295,9.49361,9.49584,1.00,1.12
2017.03.23 06:43:24.598,9.4937,9.49584,1.50,1.00
2017.03.23 06:43:24.978,9.4937,9.49594,1.50,1.12
2017.03.23 06:43:25.029,9.4937,9.49584,1.50,1.00
2017.03.23 06:43:25.081,9.4937,9.49594,1.50,1.12
2017.03.23 06:43:25.575,9.4938,9.49594,1.50,1.00
2017.03.23 06:43:25.727,9.4938,9.49599,1.50,1.00
2017.03.23 06:43:25.999,9.4938,9.49594,1.50,1.00
2017.03.23 06:43:28.563,9.49379,9.49585,1.50,1.00
2017.03.23 06:43:28.614,9.4937,9.49584,1.50,1.00
2017.03.23 06:43:28.664,9.4937,9.49574,1.50,1.00
2017.03.23 06:43:28.766,9.4937,9.49584,1.50,1.00
2017.03.23 06:43:28.817,9.4936,9.49584,1.50,1.00
2017.03.23 06:43:29.471,9.4937,9.49584,1.50,1.00
2017.03.23 06:43:29.993,9.49369,9.49591,1.50,1.00
2017.03.23 06:43:30.499,9.4937,9.49591,1.50,1.00
2017.03.23 06:43:30.762,9.49376,9.49591,1.00,1.00
2017.03.23 06:43:30.863,9.49369,9.49591,1.50,1.00
2017.03.23 06:43:30.914,9.49369,9.49595,1.50,1.12
2017.03.23 06:43:31.015,9.49369,9.49591,1.50,1.00
2017.03.23 06:43:31.218,9.4937,9.49594,1.50,1.12
2017.03.23 06:43:40.786,9.4937,9.49584,1.50,1.00
2017.03.23 06:43:41.218,9.49369,9.49595,2.25,1.12
2017.03.23 06:43:41.522,9.4937,9.49587,1.50,1.00
2017.03.23 06:43:41.827,9.4937,9.49584,1.50,1.00
2017.03.23 06:43:42.309,9.4937,9.49587,1.50,1.00
2017.03.23 06:43:42.411,9.4937,9.49594,1.50,1.12
2017.03.23 06:43:42.513,9.4937,9.49586,1.50,1.00
2017.03.23 06:43:42.614,9.4937,9.49594,1.50,1.12
2017.03.23 06:43:42.716,9.4937,9.49587,1.50,1.00
2017.03.23 06:43:42.817,9.4937,9.49594,1.50,1.12
2017.03.23 06:43:45.737,9.49356,9.49594,1.00,1.50
2017.03.23 06:43:46.067,9.49369,9.49587,1.50,1.00
2017.03.23 06:43:46.586,9.4937,9.49587,1.50,1.00
2017.03.23 06:43:46.889,9.4937,9.49578,2.25,1.00
2017.03.23 06:43:46.940,9.4937,9.49589,2.25,1.00
2017.03.23 06:43:47.042,9.4937,9.49594,2.25,1.12
2017.03.23 06:43:47.845,9.4937,9.49587,2.25,1.00
2017.03.23 06:43:49.405,9.4937,9.49591,2.25,1.00
2017.03.23 06:43:51.466,9.49369,9.49591,1.50,1.00
2017.03.23 06:43:51.770,9.4937,9.49584,1.50,1.00
2017.03.23 06:43:51.871,9.4936,9.49584,1.50,1.12
2017.03.23 06:43:51.922,9.49352,9.49584,1.00,1.12
2017.03.23 06:43:51.973,9.4935,9.49574,1.50,1.00
2017.03.23 06:43:52.288,9.4935,9.49564,1.50,1.00
2017.03.23 06:43:52.339,9.4934,9.49564,1.50,1.00
2017.03.23 06:43:52.528,9.49339,9.4957,1.50,1.00
2017.03.23 06:43:53.133,9.4934,9.4957,1.50,1.00
2017.03.23 06:43:53.492,9.4934,9.49564,1.50,1.12
2017.03.23 06:43:54.014,9.4934,9.4957,1.50,1.00
2017.03.23 06:43:54.115,9.49339,9.49565,1.50,1.00
2017.03.23 06:43:54.409,9.4934,9.4957,1.50,1.00
2017.03.23 06:43:54.561,9.4934,9.49564,1.50,1.00
2017.03.23 06:43:54.849,9.4934,9.4957,1.50,1.00
2017.03.23 06:43:55.002,9.4934,9.49564,1.50,1.00
2017.03.23 06:43:55.296,9.4933,9.49564,2.25,1.12
2017.03.23 06:43:55.398,9.49336,9.4957,1.00,1.37
2017.03.23 06:43:55.701,9.49336,9.49559,1.00,1.00
2017.03.23 06:43:55.956,9.4934,9.4957,1.50,1.37
2017.03.23 06:43:56.158,9.49336,9.49559,1.00,1.00
2017.03.23 06:43:56.210,9.4933,9.49559,2.25,1.00
2017.03.23 06:43:56.362,9.4933,9.4955,2.25,1.00
2017.03.23 06:43:56.463,9.4933,9.49561,2.25,1.00
2017.03.23 06:43:58.281,9.49342,9.49561,1.00,1.00
2017.03.23 06:44:01.885,9.4933,9.49561,2.25,1.00
2017.03.23 06:44:03.957,9.4933,9.49569,2.25,1.37
2017.03.23 06:44:04.261,9.49343,9.49569,1.00,1.00
2017.03.23 06:44:04.363,9.4934,9.49569,1.50,1.00
2017.03.23 06:44:06.055,9.4934,9.49559,1.50,1.00
2017.03.23 06:44:06.106,9.49333,9.49559,1.00,1.00
2017.03.23 06:44:06.157,9.49323,9.49559,1.37,1.37
2017.03.23 06:44:06.410,9.4932,9.49544,1.50,1.00
2017.03.23 06:44:06.881,9.4933,9.49544,1.50,1.00
2017.03.23 06:44:06.931,9.4933,9.49557,1.50,1.00
2017.03.23 06:44:06.982,9.49336,9.49557,1.00,1.00
2017.03.23 06:44:07.185,9.4933,9.49557,1.50,1.00
2017.03.23 06:44:07.459,9.4933,9.49548,1.50,1.00
2017.03.23 06:44:07.662,9.4933,9.49559,1.50,1.00
2017.03.23 06:44:08.378,9.4933,9.49549,1.50,1.00
2017.03.23 06:44:08.581,9.4933,9.4956,1.50,1.00
2017.03.23 06:44:08.683,9.4933,9.49549,1.50,1.00
2017.03.23 06:44:08.907,9.49329,9.49561,1.50,1.00
2017.03.23 06:44:09.266,9.49341,9.49561,1.00,1.00
2017.03.23 06:44:09.368,9.4933,9.49556,1.50,1.00
2017.03.23 06:44:09.470,9.4933,9.49546,1.50,1.00
2017.03.23 06:44:09.571,9.4933,9.49557,1.50,1.00
2017.03.23 06:44:12.539,9.49329,9.49557,1.50,1.00
2017.03.23 06:44:13.136,9.4933,9.49557,1.50,1.00
2017.03.23 06:44:13.289,9.4933,9.49564,1.50,1.12
2017.03.23 06:44:14.034,9.49329,9.49565,1.50,1.12
2017.03.23 06:44:14.583,9.4933,9.49565,1.50,1.00
2017.03.23 06:44:14.888,9.4934,9.49565,1.50,1.00
2017.03.23 06:44:24.886,9.4933,9.49565,2.25,1.00
2017.03.23 06:44:24.988,9.4933,9.49556,2.25,1.00
2017.03.23 06:44:25.292,9.4933,9.49565,1.50,1.00
2017.03.23 06:44:25.393,9.4933,9.49555,1.50,1.00
2017.03.23 06:44:25.556,9.4933,9.49565,1.50,1.00
2017.03.23 06:44:25.657,9.49336,9.49565,1.00,1.00
2017.03.23 06:44:27.383,9.4934,9.49565,1.50,1.00
2017.03.23 06:44:29.294,9.49346,9.49565,1.00,1.00
2017.03.23 06:44:29.532,9.49346,9.49568,1.00,1.00
2017.03.23 06:44:36.157,9.4934,9.49568,1.50,1.00
2017.03.23 06:44:36.701,9.49339,9.49568,1.50,1.00
2017.03.23 06:44:37.016,9.49344,9.49568,1.00,1.00
2017.03.23 06:44:38.375,9.49339,9.49568,1.50,1.00
2017.03.23 06:44:38.811,9.49351,9.49578,1.00,1.00
2017.03.23 06:44:39.398,9.4935,9.49577,1.00,1.00
2017.03.23 06:44:40.728,9.49339,9.49575,1.50,1.00
2017.03.23 06:44:40.830,9.4934,9.49565,1.50,1.00
2017.03.23 06:44:41.337,9.4934,9.49564,1.50,1.00
2017.03.23 06:44:42.534,9.49338,9.49564,1.00,1.00
2017.03.23 06:44:46.723,9.49338,9.49557,1.00,1.00
2017.03.23 06:44:46.941,9.49338,9.49565,1.00,1.00
2017.03.23 06:44:47.096,9.4934,9.49564,1.50,1.00
2017.03.23 06:44:47.147,9.49338,9.49564,1.00,1.00
2017.03.23 06:44:47.249,9.4933,9.49557,1.50,1.00
2017.03.23 06:44:47.350,9.4933,9.49564,1.50,1.00
2017.03.23 06:44:47.452,9.4933,9.49555,1.50,1.00
2017.03.23 06:44:47.553,9.4933,9.49564,1.50,1.50
2017.03.23 06:44:48.333,9.4933,9.49555,1.50,1.00
2017.03.23 06:44:48.653,9.49333,9.49555,1.00,1.00
2017.03.23 06:44:49.166,9.49334,9.49555,1.00,1.00
2017.03.23 06:44:49.470,9.49334,9.49549,1.00,1.00
2017.03.23 06:44:49.627,9.49334,9.49558,1.00,1.00
2017.03.23 06:44:50.393,9.49334,9.49549,1.00,1.00
2017.03.23 06:44:50.549,9.49334,9.4956,1.00,1.00
2017.03.23 06:44:51.555,9.49334,9.49549,1.00,1.00
2017.03.23 06:44:51.758,9.49334,9.49557,1.00,1.00
2017.03.23 06:44:51.860,9.49334,9.49549,1.00,1.00
2017.03.23 06:44:51.961,9.49334,9.49559,1.00,1.00
2017.03.23 06:44:52.063,9.49334,9.49549,1.00,1.00
2017.03.23 06:44:52.239,9.4933,9.49558,1.50,1.00
2017.03.23 06:44:52.290,9.4933,9.49554,1.50,1.00
2017.03.23 06:44:54.525,9.49324,9.49554,1.00,1.12
2017.03.23 06:44:54.627,9.49324,9.49548,1.00,1.00
2017.03.23 06:44:54.832,9.49324,9.49554,1.00,1.12
2017.03.23 06:44:54.934,9.49324,9.49547,1.00,1.00
2017.03.23 06:44:55.271,9.49324,9.49554,1.00,1.12
2017.03.23 06:44:55.574,9.49329,9.49556,1.50,1.00
2017.03.23 06:44:55.878,9.4933,9.49554,1.50,1.00
2017.03.23 06:44:56.524,9.4933,9.49556,1.50,1.00
2017.03.23 06:44:57.034,9.49329,9.49556,1.50,1.00
2017.03.23 06:44:57.984,9.4933,9.49556,1.50,1.00
2017.03.23 06:44:58.086,9.4933,9.49554,1.50,1.00
2017.03.23 06:44:58.137,9.4932,9.49554,1.87,1.00
2017.03.23 06:44:58.238,9.4932,9.49547,1.87,1.00
2017.03.23 06:44:58.541,9.49322,9.4955,1.00,1.00
2017.03.23 06:44:58.986,9.49334,9.4955,1.00,1.00
2017.03.23 06:45:00.680,9.49321,9.4955,1.12,1.00
2017.03.23 06:45:00.782,9.49321,9.49534,1.00,1.00
2017.03.23 06:45:00.933,9.49307,9.49524,1.00,1.00
2017.03.23 06:45:00.984,9.49305,9.49514,1.00,1.00
2017.03.23 06:45:01.035,9.49305,9.49524,1.00,1.00
2017.03.23 06:45:01.086,9.493,9.49524,1.50,1.00
2017.03.23 06:45:01.188,9.49299,9.49515,1.50,1.00
2017.03.23 06:45:01.289,9.4929,9.49514,2.25,1.00
2017.03.23 06:45:02.498,9.4929,9.49504,1.50,1.00
2017.03.23 06:45:02.549,9.4929,9.49514,1.50,1.00
2017.03.23 06:45:02.802,9.4929,9.49524,1.50,1.12
2017.03.23 06:45:02.852,9.4929,9.49513,1.50,1.00
2017.03.23 06:45:03.786,9.4929,9.49504,1.50,1.00
2017.03.23 06:45:04.287,9.4929,9.49513,1.50,1.00
2017.03.23 06:45:04.490,9.4929,9.49504,1.50,1.00
2017.03.23 06:45:04.541,9.49286,9.49513,1.00,1.00
2017.03.23 06:45:04.592,9.49271,9.49513,1.37,1.37
2017.03.23 06:45:04.694,9.49271,9.49504,1.37,1.75
2017.03.23 06:45:04.795,9.4929,9.49514,1.50,1.00
2017.03.23 06:45:05.542,9.4929,9.49517,1.50,1.00
2017.03.23 06:45:05.594,9.4929,9.49514,1.50,1.00
2017.03.23 06:45:05.645,9.4929,9.49517,1.50,1.00
2017.03.23 06:45:06.000,9.4929,9.49514,1.50,1.00
2017.03.23 06:45:06.051,9.4929,9.49524,1.50,1.12
2017.03.23 06:45:06.805,9.4929,9.49514,1.50,1.00
2017.03.23 06:45:06.907,9.4929,9.49524,1.50,1.12
2017.03.23 06:45:06.958,9.4929,9.49514,1.50,1.00
2017.03.23 06:45:07.338,9.4929,9.49524,1.50,1.12
2017.03.23 06:45:07.765,9.493,9.49514,1.50,1.00
2017.03.23 06:45:07.816,9.4929,9.49524,1.50,1.12
2017.03.23 06:45:07.917,9.49306,9.49514,1.00,1.00
2017.03.23 06:45:07.968,9.49306,9.49524,1.00,1.00
2017.03.23 06:45:08.070,9.49316,9.49525,1.00,1.00
2017.03.23 06:45:08.273,9.49316,9.49534,1.00,1.12
2017.03.23 06:45:08.425,9.49303,9.49535,1.00,1.87
2017.03.23 06:45:08.476,9.49303,9.49526,1.00,1.00
2017.03.23 06:45:08.783,9.49303,9.49524,1.00,1.00
2017.03.23 06:45:11.158,9.493,9.49524,1.50,1.00
2017.03.23 06:45:11.320,9.4929,9.49514,1.50,1.00
2017.03.23 06:45:11.573,9.4928,9.49507,1.50,1.00
2017.03.23 06:45:11.675,9.4928,9.49514,2.25,1.00
2017.03.23 06:45:11.777,9.4928,9.49508,2.25,1.00
2017.03.23 06:45:12.264,9.4928,9.49499,2.25,1.00
2017.03.23 06:45:12.466,9.4928,9.49509,2.25,1.00
2017.03.23 06:45:12.919,9.4928,9.49504,2.25,1.00
2017.03.23 06:45:13.020,9.4928,9.49509,1.00,1.00
2017.03.23 06:45:13.583,9.4928,9.49504,2.25,1.00
2017.03.23 06:45:13.891,9.4928,9.49509,2.25,1.00
2017.03.23 06:45:13.993,9.4928,9.49504,2.25,1.00
2017.03.23 06:45:14.333,9.4928,9.49509,2.25,1.00
2017.03.23 06:45:14.435,9.4928,9.49505,1.00,1.00
2017.03.23 06:45:14.775,9.4928,9.49509,2.25,1.00
2017.03.23 06:45:14.876,9.4928,9.49504,2.25,1.00
2017.03.23 06:45:15.244,9.4928,9.49509,2.25,1.00
2017.03.23 06:45:15.345,9.4928,9.49504,2.25,1.00
2017.03.23 06:45:15.629,9.4928,9.49509,2.25,1.00
2017.03.23 06:45:15.731,9.4928,9.49504,2.25,1.00
2017.03.23 06:45:16.113,9.4928,9.49509,2.25,1.00
2017.03.23 06:45:16.214,9.4928,9.49504,2.25,1.00
2017.03.23 06:45:16.537,9.4928,9.49509,2.25,1.00
2017.03.23 06:45:16.638,9.4928,9.49504,2.25,1.00
2017.03.23 06:45:16.944,9.4928,9.49509,2.25,1.00
2017.03.23 06:45:17.096,9.4928,9.49504,2.25,1.00
2017.03.23 06:45:17.405,9.4928,9.49509,2.25,1.00
2017.03.23 06:45:17.506,9.4928,9.49504,2.25,1.00
2017.03.23 06:45:17.844,9.4928,9.49509,2.25,1.00
2017.03.23 06:45:18.299,9.4928,9.49504,2.25,1.00
2017.03.23 06:45:18.844,9.4928,9.49505,1.00,1.00
2017.03.23 06:45:22.551,9.4928,9.49509,2.25,1.00
2017.03.23 06:45:23.013,9.4928,9.49434,1.50,1.00
2017.03.23 06:45:23.064,9.49265,9.49424,1.37,1.00
2017.03.23 06:45:23.115,9.49265,9.49419,1.00,1.00
2017.03.23 06:45:23.217,9.49219,9.49414,1.00,1.00
2017.03.23 06:45:23.268,9.4924,9.49414,2.25,1.00
2017.03.23 06:45:23.571,9.49382,9.49524,1.00,1.00
2017.03.23 06:45:23.622,9.49336,9.49505,1.00,1.00
2017.03.23 06:45:23.673,9.4932,9.49505,2.25,1.00
2017.03.23 06:45:23.724,9.49338,9.49524,1.00,1.00
2017.03.23 06:45:23.775,9.4932,9.49534,1.00,1.00
2017.03.23 06:45:23.977,9.49319,9.49495,1.00,1.00
2017.03.23 06:45:24.028,9.4932,9.49504,1.00,1.00
2017.03.23 06:45:24.079,9.4932,9.49511,1.00,1.00
2017.03.23 06:45:24.180,9.4932,9.49503,1.00,1.00
2017.03.23 06:45:24.282,9.4932,9.49512,1.00,1.00
2017.03.23 06:45:25.380,9.4932,9.49521,1.00,1.00
2017.03.23 06:45:25.925,9.4932,9.49524,1.00,1.00
2017.03.23 06:45:26.537,9.4932,9.49532,1.00,1.00
2017.03.23 06:45:26.689,9.4932,9.49541,2.25,1.00
2017.03.23 06:45:26.740,9.4933,9.49541,1.50,1.00
2017.03.23 06:45:26.943,9.4932,9.49534,1.00,1.00
2017.03.23 06:45:27.733,9.4932,9.49542,1.00,1.00
2017.03.23 06:45:27.835,9.4932,9.49534,1.00,1.00
2017.03.23 06:45:28.488,9.49313,9.49534,1.00,1.00
2017.03.23 06:45:28.643,9.4931,9.49534,1.50,1.00
2017.03.23 06:45:28.694,9.49314,9.49534,1.00,1.00
2017.03.23 06:45:30.314,9.49316,9.49539,1.00,1.00
2017.03.23 06:45:30.365,9.49324,9.49539,1.00,1.00
2017.03.23 06:45:30.518,9.4933,9.4955,1.50,1.00
2017.03.23 06:45:30.831,9.49324,9.4955,1.00,1.00
2017.03.23 06:45:30.932,9.49324,9.49541,1.00,1.00
2017.03.23 06:45:31.135,9.4933,9.4955,1.50,1.00
2017.03.23 06:45:31.664,9.49329,9.49545,1.50,1.00
2017.03.23 06:45:31.917,9.4931,9.49534,1.50,1.00
2017.03.23 06:45:32.020,9.49316,9.49541,1.00,1.00
2017.03.23 06:45:32.071,9.49309,9.49541,1.87,1.00
2017.03.23 06:45:32.122,9.4932,9.49532,1.50,1.00
2017.03.23 06:45:32.223,9.4932,9.49542,1.50,1.00
2017.03.23 06:45:32.426,9.4932,9.49554,1.50,1.50
2017.03.23 06:45:32.527,9.4933,9.49554,1.50,1.50
2017.03.23 06:45:33.235,9.4933,9.49544,1.50,1.00
2017.03.23 06:45:33.842,9.4932,9.49544,1.50,1.50
2017.03.23 06:45:33.944,9.4932,9.49534,1.50,1.00
2017.03.23 06:45:34.383,9.4932,9.49544,1.50,1.00
2017.03.23 06:45:34.637,9.4932,9.49536,1.50,1.00
2017.03.23 06:45:34.738,9.49319,9.49545,1.50,1.50
2017.03.23 06:45:34.840,9.4932,9.49554,1.50,1.50
2017.03.23 06:45:35.129,9.4932,9.49544,1.50,1.00
2017.03.23 06:45:35.432,9.49329,9.49545,1.00,1.00
2017.03.23 06:45:35.636,9.49329,9.49554,1.00,1.50
2017.03.23 06:45:36.195,9.4933,9.49554,1.50,1.00
2017.03.23 06:45:36.297,9.4933,9.49544,1.50,1.00
2017.03.23 06:45:36.601,9.4932,9.49534,1.50,1.00
2017.03.23 06:45:36.803,9.4932,9.49545,1.50,1.00
2017.03.23 06:45:36.971,9.4933,9.49545,1.50,1.00
2017.03.23 06:45:37.629,9.49329,9.49545,2.25,1.00
2017.03.23 06:45:37.730,9.4933,9.49555,1.50,1.00
2017.03.23 06:45:38.261,9.49329,9.49555,2.25,1.50
2017.03.23 06:45:38.795,9.4933,9.49554,1.50,1.00
2017.03.23 06:45:40.069,9.4933,9.49555,1.50,1.00
2017.03.23 06:45:41.170,9.49329,9.49555,1.50,1.00
2017.03.23 06:45:41.687,9.49332,9.49555,1.00,1.00
2017.03.23 06:45:42.663,9.4934,9.49555,1.50,1.00
2017.03.23 06:45:43.017,9.4934,9.49564,1.50,1.50
2017.03.23 06:45:43.371,9.49332,9.49564,1.00,1.00
2017.03.23 06:45:43.422,9.49329,9.49564,1.50,1.00
2017.03.23 06:45:43.473,9.4933,9.49554,1.50,1.00
2017.03.23 06:45:43.721,9.4933,9.49564,1.50,1.50
2017.03.23 06:45:44.024,9.4933,9.49555,1.50,1.00
2017.03.23 06:45:44.227,9.4933,9.49561,1.50,1.00
2017.03.23 06:45:44.605,9.4934,9.49561,1.50,1.00
2017.03.23 06:45:44.858,9.4933,9.49561,1.50,1.00
2017.03.23 06:45:44.959,9.4933,9.49552,1.50,1.00
2017.03.23 06:45:45.061,9.4933,9.49554,1.50,1.00
2017.03.23 06:45:45.112,9.4933,9.49544,1.50,1.00
2017.03.23 06:45:45.214,9.4932,9.49544,1.50,1.00
2017.03.23 06:45:45.315,9.4931,9.49542,1.87,1.00
2017.03.23 06:45:45.366,9.4931,9.49542,1.87,1.00
2017.03.23 06:45:45.417,9.49321,9.49555,1.00,1.00
2017.03.23 06:45:45.823,9.4932,9.49546,1.50,1.00
2017.03.23 06:45:46.267,9.49326,9.49546,1.00,1.00
2017.03.23 06:45:46.787,9.4932,9.49544,1.50,1.00
2017.03.23 06:45:46.939,9.4932,9.49546,1.50,1.00
2017.03.23 06:45:47.040,9.4932,9.49535,1.50,1.00
2017.03.23 06:45:47.142,9.4932,9.49546,1.50,1.00
2017.03.23 06:45:47.243,9.4932,9.49554,1.50,1.00
2017.03.23 06:45:47.294,9.4932,9.49534,1.50,1.00
2017.03.23 06:45:47.767,9.4932,9.49544,1.50,1.00
2017.03.23 06:45:47.919,9.4932,9.49537,1.50,1.00
2017.03.23 06:45:48.225,9.49322,9.49545,1.00,1.00
2017.03.23 06:45:48.742,9.49322,9.4955,1.00,1.00
2017.03.23 06:45:48.944,9.49322,9.49544,1.00,1.00
2017.03.23 06:45:49.046,9.49322,9.4955,1.00,1.00
2017.03.23 06:45:49.097,9.4933,9.4955,1.50,1.00
2017.03.23 06:45:49.249,9.49335,9.49559,1.00,1.00
2017.03.23 06:45:49.451,9.49335,9.49566,1.00,1.00
2017.03.23 06:45:49.761,9.4933,9.49566,1.50,1.00
2017.03.23 06:45:49.812,9.4933,9.49564,1.50,1.00
2017.03.23 06:45:50.143,9.4933,9.49556,1.50,1.00
2017.03.23 06:45:50.933,9.4933,9.49569,1.50,1.00
2017.03.23 06:45:51.288,9.4933,9.49554,1.50,1.00
2017.03.23 06:45:51.390,9.49319,9.49545,2.25,1.00
2017.03.23 06:45:51.542,9.4932,9.49542,2.25,1.00
2017.03.23 06:45:51.644,9.4932,9.49544,2.25,1.00
2017.03.23 06:45:51.811,9.4932,9.49534,2.25,1.00
2017.03.23 06:45:51.913,9.49315,9.49535,1.00,1.00
2017.03.23 06:45:51.964,9.49309,9.49535,1.50,1.00
2017.03.23 06:45:52.065,9.4931,9.49539,1.50,1.00
2017.03.23 06:45:52.419,9.4931,9.49534,1.50,1.00
2017.03.23 06:45:52.763,9.49309,9.4953,1.50,1.00
2017.03.23 06:45:52.864,9.49306,9.4953,1.00,1.00
2017.03.23 06:45:52.915,9.493,9.4953,1.50,1.00
2017.03.23 06:45:53.017,9.493,9.4953,1.87,1.00
2017.03.23 06:45:53.271,9.49306,9.4953,1.00,1.00
2017.03.23 06:45:53.373,9.49309,9.49535,1.50,1.00
2017.03.23 06:45:53.474,9.4931,9.4953,1.50,1.00
2017.03.23 06:45:53.677,9.49317,9.4954,1.00,1.00
2017.03.23 06:45:53.891,9.49332,9.4954,1.00,1.00
2017.03.23 06:45:53.942,9.49332,9.49552,1.00,1.00
2017.03.23 06:45:53.994,9.4932,9.49552,2.25,1.00
2017.03.23 06:45:54.045,9.4932,9.49541,2.25,1.00
2017.03.23 06:45:54.247,9.49326,9.4955,1.00,1.00
2017.03.23 06:45:54.298,9.4932,9.4955,1.50,1.00
2017.03.23 06:45:54.779,9.4932,9.49541,1.50,1.00
2017.03.23 06:45:54.930,9.4932,9.4955,1.50,1.00
2017.03.23 06:45:56.539,9.49326,9.4955,1.00,1.00
2017.03.23 06:45:56.641,9.49331,9.4956,1.00,1.00
2017.03.23 06:45:56.843,9.49331,9.49554,1.00,1.00
2017.03.23 06:45:56.995,9.4932,9.49551,1.50,1.00
2017.03.23 06:45:57.046,9.4932,9.49542,1.50,1.00
2017.03.23 06:45:57.147,9.4932,9.49552,1.50,1.00
2017.03.23 06:45:57.314,9.49326,9.49552,1.00,1.00
2017.03.23 06:45:57.416,9.49319,9.49552,1.50,1.00
2017.03.23 06:45:57.655,9.49326,9.49552,1.00,1.00
2017.03.23 06:45:57.908,9.4932,9.49552,1.50,1.00
2017.03.23 06:45:58.010,9.4932,9.49544,1.50,1.00
2017.03.23 06:45:58.513,9.49319,9.49545,1.50,1.00
2017.03.23 06:45:58.564,9.4932,9.49552,1.50,1.00
2017.03.23 06:45:59.414,9.49326,9.49552,1.00,1.00
2017.03.23 06:45:59.465,9.4932,9.49552,1.50,1.00
2017.03.23 06:45:59.743,9.49326,9.49552,1.00,1.00
2017.03.23 06:46:00.062,9.49319,9.49552,1.50,1.00
2017.03.23 06:46:00.113,9.4932,9.49544,1.50,1.00
2017.03.23 06:46:00.164,9.4932,9.49552,1.50,1.00
2017.03.23 06:46:00.417,9.49326,9.49552,1.00,1.00
2017.03.23 06:46:00.468,9.4932,9.49552,1.50,1.00
2017.03.23 06:46:00.519,9.49327,9.49552,1.00,1.00
2017.03.23 06:46:00.621,9.49319,9.49552,1.50,1.00
2017.03.23 06:46:00.780,9.49326,9.49552,1.00,1.00
2017.03.23 06:46:01.439,9.4932,9.49552,2.25,1.00
2017.03.23 06:46:01.490,9.49322,9.49552,1.00,1.00
2017.03.23 06:46:02.206,9.49326,9.49552,1.00,1.00
2017.03.23 06:46:02.256,9.49322,9.49552,1.00,1.00
2017.03.23 06:46:02.510,9.49326,9.49552,1.00,1.00
2017.03.23 06:46:02.661,9.4933,9.49563,1.50,1.00
2017.03.23 06:46:02.712,9.49326,9.49563,1.00,1.37
2017.03.23 06:46:02.814,9.49326,9.49563,1.00,1.75
2017.03.23 06:46:03.062,9.49322,9.49553,1.00,1.00
2017.03.23 06:46:03.113,9.4932,9.49553,1.50,1.00
2017.03.23 06:46:03.164,9.4932,9.49544,1.50,1.00
2017.03.23 06:46:03.363,9.49324,9.49554,1.00,1.50
2017.03.23 06:46:03.565,9.49324,9.49544,1.00,1.00
2017.03.23 06:46:04.048,9.49326,9.49544,1.00,1.00
2017.03.23 06:46:04.524,9.4932,9.49544,1.50,1.00
2017.03.23 06:46:06.808,9.49322,9.49544,1.00,1.00
2017.03.23 06:46:07.111,9.49322,9.49554,1.00,1.00
2017.03.23 06:46:07.382,9.4932,9.49546,1.50,1.00
2017.03.23 06:46:08.001,9.49321,9.49546,1.00,1.00
2017.03.23 06:46:08.304,9.49336,9.49565,1.50,1.00
2017.03.23 06:46:08.777,9.49336,9.49556,1.00,1.00
2017.03.23 06:46:09.016,9.49336,9.49564,1.00,1.00
2017.03.23 06:46:09.219,9.49336,9.49566,1.50,1.00
2017.03.23 06:46:09.427,9.49336,9.49556,1.50,1.00
2017.03.23 06:46:09.480,9.49336,9.49567,1.50,1.00
2017.03.23 06:46:09.785,9.49346,9.49567,1.50,1.00
2017.03.23 06:46:12.216,9.49346,9.49579,1.50,1.00
2017.03.23 06:46:12.815,9.49346,9.4957,1.00,1.00
2017.03.23 06:46:12.866,9.4934,9.4957,1.50,1.00
2017.03.23 06:46:12.917,9.49335,9.4957,1.00,1.00
2017.03.23 06:46:13.019,9.49336,9.4956,1.00,1.00
2017.03.23 06:46:13.334,9.49345,9.4956,1.00,1.00
2017.03.23 06:46:13.385,9.49336,9.4956,1.00,1.00
2017.03.23 06:46:13.772,9.49346,9.4956,1.00,1.00
2017.03.23 06:46:13.994,9.49346,9.49569,1.00,1.00
2017.03.23 06:46:14.414,9.49336,9.49569,1.00,1.00
2017.03.23 06:46:14.465,9.49346,9.49569,1.00,1.00
2017.03.23 06:46:15.026,9.49339,9.49569,1.50,1.00
2017.03.23 06:46:15.566,9.4934,9.49569,1.50,1.00
2017.03.23 06:46:17.245,9.49356,9.49569,1.00,1.00
2017.03.23 06:46:17.296,9.49356,9.49581,1.00,1.00
2017.03.23 06:46:17.347,9.49366,9.49581,1.00,1.00
2017.03.23 06:46:17.398,9.49366,9.49592,1.00,1.00
2017.03.23 06:46:17.499,9.49355,9.49582,1.00,1.00
2017.03.23 06:46:17.601,9.49373,9.49592,1.00,1.00
2017.03.23 06:46:17.753,9.4937,9.49592,1.50,1.00
2017.03.23 06:46:18.402,9.4937,9.49603,1.50,1.00
2017.03.23 06:46:18.911,9.4937,9.49592,1.50,1.00
2017.03.23 06:46:19.215,9.49385,9.49601,1.00,1.00
2017.03.23 06:46:19.316,9.49385,9.4961,1.00,1.00
2017.03.23 06:46:19.710,9.49373,9.4961,1.00,1.00
2017.03.23 06:46:19.761,9.4937,9.4961,2.25,1.00
2017.03.23 06:46:19.812,9.4937,9.49601,1.50,1.00
2017.03.23 06:46:20.357,9.4937,9.49602,1.50,1.00
2017.03.23 06:46:20.703,9.4937,9.49594,1.50,1.00
2017.03.23 06:46:20.754,9.49365,9.49594,1.00,1.00
2017.03.23 06:46:21.024,9.49365,9.49602,1.00,1.00
2017.03.23 06:46:21.242,9.49366,9.49592,1.50,1.00
2017.03.23 06:46:22.417,9.49366,9.49601,1.50,1.00
2017.03.23 06:46:23.293,9.49366,9.49594,1.00,1.00
2017.03.23 06:46:23.601,9.4937,9.49597,1.50,1.00
2017.03.23 06:46:23.803,9.49376,9.49608,1.50,1.00
2017.03.23 06:46:24.448,9.49369,9.49599,1.50,1.00
2017.03.23 06:46:24.600,9.4937,9.4959,1.50,1.00
2017.03.23 06:46:24.803,9.4937,9.496,1.50,1.00
2017.03.23 06:46:25.155,9.4937,9.49594,1.50,1.00
2017.03.23 06:46:25.206,9.4936,9.4959,1.50,1.00
2017.03.23 06:46:25.308,9.49365,9.4959,1.00,1.00
2017.03.23 06:46:25.410,9.49366,9.49599,1.00,1.00
2017.03.23 06:46:26.021,9.49366,9.4959,1.00,1.00
2017.03.23 06:46:26.274,9.4936,9.4959,3.00,1.00
2017.03.23 06:46:26.696,9.49365,9.4959,1.00,1.00
2017.03.23 06:46:27.213,9.4937,9.4959,1.50,1.00
2017.03.23 06:46:27.348,9.4937,9.49599,1.50,1.00
2017.03.23 06:46:27.399,9.49375,9.49599,1.00,1.00
2017.03.23 06:46:27.934,9.49376,9.49599,1.00,1.00
2017.03.23 06:46:29.453,9.49376,9.4959,1.00,1.00
2017.03.23 06:46:29.846,9.49375,9.49598,1.00,1.00
2017.03.23 06:46:30.049,9.4937,9.49598,1.50,1.00
2017.03.23 06:46:30.334,9.49366,9.49589,1.00,1.00
2017.03.23 06:46:31.806,9.49361,9.49589,1.00,1.00
2017.03.23 06:46:31.907,9.49361,9.49584,1.00,1.00
2017.03.23 06:46:32.311,9.49366,9.49589,1.00,1.00
2017.03.23 06:46:32.413,9.49366,9.49599,1.00,1.00
2017.03.23 06:46:32.616,9.49366,9.4959,1.00,1.00
2017.03.23 06:46:32.937,9.49371,9.4959,1.00,1.00
2017.03.23 06:46:32.988,9.49366,9.4959,1.00,1.00
2017.03.23 06:46:33.039,9.49376,9.49599,1.00,1.00
2017.03.23 06:46:33.304,9.49366,9.49599,1.00,1.00
2017.03.23 06:46:33.951,9.49376,9.49599,1.00,1.00
2017.03.23 06:46:34.053,9.49366,9.49599,1.00,1.00
2017.03.23 06:46:34.306,9.49376,9.49599,1.00,1.00
2017.03.23 06:46:38.033,9.49376,9.4959,1.00,1.00
2017.03.23 06:46:38.236,9.49376,9.49599,1.00,1.00
2017.03.23 06:46:38.337,9.49446,9.4959,1.00,1.00
2017.03.23 06:46:38.439,9.49415,9.4961,1.00,1.00
2017.03.23 06:46:38.490,9.49407,9.49624,1.00,1.00
2017.03.23 06:46:38.541,9.49396,9.49623,1.00,1.00
2017.03.23 06:46:38.592,9.49386,9.49623,1.00,1.00
2017.03.23 06:46:38.643,9.49386,9.49605,1.00,1.00
2017.03.23 06:46:38.744,9.49386,9.49614,1.00,1.00
2017.03.23 06:46:38.795,9.49383,9.49614,1.00,1.50
2017.03.23 06:46:39.121,9.4938,9.49614,1.50,1.00
2017.03.23 06:46:39.172,9.4938,9.49602,1.50,1.00
2017.03.23 06:46:44.894,9.49379,9.49602,1.50,1.00
2017.03.23 06:46:45.399,9.4938,9.49602,1.50,1.00
2017.03.23 06:46:45.703,9.49376,9.49593,1.00,1.00
2017.03.23 06:46:45.855,9.49376,9.49603,1.00,1.00
2017.03.23 06:46:46.006,9.4937,9.49603,1.50,1.00
2017.03.23 06:46:46.158,9.49376,9.49603,1.00,1.00
2017.03.23 06:46:46.209,9.49372,9.49603,1.00,1.00
2017.03.23 06:46:46.260,9.49372,9.49594,1.00,1.00
2017.03.23 06:46:46.311,9.49365,9.49594,1.00,1.00
2017.03.23 06:46:46.362,9.49365,9.49592,1.00,1.00
2017.03.23 06:46:46.718,9.4938,9.49601,1.00,1.00
2017.03.23 06:46:46.770,9.49386,9.4961,1.00,1.00
2017.03.23 06:46:46.922,9.4938,9.4961,1.00,1.00
2017.03.23 06:46:47.023,9.49375,9.4961,1.00,1.00
2017.03.23 06:46:47.074,9.49375,9.496,1.00,1.00
2017.03.23 06:46:47.126,9.4937,9.496,1.50,1.00
2017.03.23 06:46:47.531,9.49376,9.496,1.00,1.00
2017.03.23 06:46:48.308,9.49387,9.496,1.00,1.00
2017.03.23 06:46:48.359,9.49387,9.4961,1.00,1.00
2017.03.23 06:46:48.950,9.49387,9.49601,1.00,1.00
2017.03.23 06:46:49.254,9.49387,9.49612,1.00,1.00
2017.03.23 06:46:49.356,9.49387,9.49608,1.00,1.00
2017.03.23 06:46:58.477,9.49386,9.49608,1.00,1.00
2017.03.23 06:46:58.863,9.49396,9.49608,1.00,1.00
2017.03.23 06:46:59.476,9.49396,9.49616,1.00,1.00
2017.03.23 06:47:01.230,9.49386,9.49616,1.00,1.00
2017.03.23 06:47:01.735,9.49385,9.49616,1.12,1.00
2017.03.23 06:47:02.762,9.49385,9.49604,1.00,1.00
2017.03.23 06:47:04.861,9.49386,9.49604,1.12,1.00
2017.03.23 06:47:04.964,9.49386,9.49613,1.12,1.00
2017.03.23 06:47:05.897,9.49386,9.49604,1.00,1.00
2017.03.23 06:47:06.050,9.49376,9.49604,1.12,1.00
2017.03.23 06:47:06.100,9.49376,9.49595,1.12,1.00
2017.03.23 06:47:06.404,9.4937,9.49604,1.50,1.00
2017.03.23 06:47:06.505,9.4937,9.49597,1.50,1.00
2017.03.23 06:47:06.809,9.49386,9.49597,1.00,1.00
2017.03.23 06:47:06.961,9.49376,9.49597,1.12,1.00
2017.03.23 06:47:07.012,9.49386,9.49606,1.00,1.00
2017.03.23 06:47:07.685,9.49385,9.49606,1.00,1.00
2017.03.23 06:47:11.467,9.49386,9.49606,1.00,1.00
2017.03.23 06:47:11.978,9.49386,9.49597,1.00,1.00
2017.03.23 06:47:13.710,9.49386,9.49606,1.00,1.00
2017.03.23 06:47:13.812,9.49376,9.49597,1.12,1.00
2017.03.23 06:47:13.913,9.49376,9.49606,1.12,1.00
2017.03.23 06:47:14.116,9.49376,9.49597,1.12,1.00
2017.03.23 06:47:15.341,9.4937,9.49597,1.50,1.00
2017.03.23 06:47:15.392,9.49366,9.49597,1.00,1.00
2017.03.23 06:47:15.493,9.49376,9.49597,1.00,1.00
2017.03.23 06:47:15.544,9.4937,9.49597,1.50,1.00
2017.03.23 06:47:15.698,9.49376,9.49595,1.00,1.00
2017.03.23 06:47:15.800,9.49379,9.49605,1.00,1.00
2017.03.23 06:47:16.104,9.49386,9.49605,1.00,1.00
2017.03.23 06:47:16.223,9.49375,9.49605,1.12,1.00
2017.03.23 06:47:16.325,9.49386,9.49605,1.00,1.00
2017.03.23 06:47:17.852,9.4938,9.49605,1.00,1.00
2017.03.23 06:47:17.903,9.49385,9.49605,1.00,1.00
2017.03.23 06:47:19.495,9.49386,9.49605,1.00,1.00
2017.03.23 06:47:19.874,9.4938,9.49605,1.00,1.00
2017.03.23 06:47:20.135,9.49386,9.49605,1.00,1.00
2017.03.23 06:47:20.422,9.49378,9.49605,1.00,1.00
2017.03.23 06:47:20.472,9.49386,9.49605,1.00,1.00
2017.03.23 06:47:20.973,9.49385,9.49605,1.00,1.00
2017.03.23 06:47:21.742,9.49378,9.49605,1.00,1.00
2017.03.23 06:47:21.793,9.49386,9.49605,1.00,1.00
2017.03.23 06:47:22.697,9.49385,9.49605,1.00,1.00
2017.03.23 06:47:23.204,9.49386,9.49605,1.00,1.00
2017.03.23 06:47:25.852,9.49381,9.49605,1.00,1.00
2017.03.23 06:47:26.122,9.49386,9.49605,1.00,1.00
2017.03.23 06:47:28.411,9.49385,9.49605,1.00,1.00
2017.03.23 06:47:28.923,9.49386,9.49605,1.00,1.00
2017.03.23 06:47:31.321,9.49381,9.49605,1.00,1.00
2017.03.23 06:47:31.525,9.49376,9.49597,1.12,1.00
2017.03.23 06:47:31.626,9.49376,9.49607,1.12,1.00
2017.03.23 06:47:31.829,9.49376,9.49593,1.12,1.00
2017.03.23 06:47:31.931,9.49376,9.49611,1.12,1.00
2017.03.23 06:47:32.032,9.49376,9.49602,1.12,1.00
2017.03.23 06:47:32.945,9.49378,9.49602,1.00,1.00
2017.03.23 06:47:33.256,9.49389,9.49611,1.00,1.00
2017.03.23 06:47:33.928,9.49389,9.49602,1.00,1.00
2017.03.23 06:47:34.517,9.49378,9.49602,1.00,1.00
2017.03.23 06:47:35.220,9.4938,9.49614,1.50,1.00
2017.03.23 06:47:35.272,9.49376,9.49614,1.12,1.00
2017.03.23 06:47:35.323,9.49376,9.49606,1.12,1.00
2017.03.23 06:47:35.627,9.49386,9.49607,1.00,1.00
2017.03.23 06:47:36.031,9.49386,9.49617,1.00,1.00
2017.03.23 06:47:36.238,9.49386,9.49607,1.00,1.00
2017.03.23 06:47:36.592,9.49376,9.49607,1.12,1.00
2017.03.23 06:47:36.643,9.49376,9.49614,1.12,1.00
2017.03.23 06:47:36.745,9.49375,9.49604,1.12,1.00
2017.03.23 06:47:37.091,9.49376,9.49613,1.12,1.00
2017.03.23 06:47:37.141,9.49386,9.49613,1.00,1.00
2017.03.23 06:47:37.394,9.49376,9.49613,1.12,1.00
2017.03.23 06:47:37.496,9.49385,9.49613,1.00,1.00
2017.03.23 06:47:37.597,9.49376,9.49613,1.12,1.00
2017.03.23 06:47:37.750,9.49376,9.49604,1.12,1.00
2017.03.23 06:47:37.953,9.49376,9.49608,1.12,1.00
2017.03.23 06:47:38.054,9.49376,9.49598,1.12,1.00
2017.03.23 06:47:38.105,9.49369,9.49598,1.50,1.00
2017.03.23 06:47:38.156,9.49376,9.49598,1.00,1.00
2017.03.23 06:47:38.207,9.49369,9.49598,1.50,1.00
2017.03.23 06:47:38.426,9.49376,9.49598,1.00,1.00
2017.03.23 06:47:38.933,9.49375,9.49598,1.12,1.00
2017.03.23 06:47:39.345,9.49376,9.49589,1.12,1.00
2017.03.23 06:47:39.547,9.49376,9.496,1.12,1.00
2017.03.23 06:47:39.829,9.49376,9.49591,1.12,1.00
2017.03.23 06:47:40.032,9.49376,9.49603,1.12,1.00
2017.03.23 06:47:40.133,9.49376,9.49594,1.12,1.00
2017.03.23 06:47:40.273,9.49376,9.49603,1.12,1.00
2017.03.23 06:47:40.563,9.49376,9.49594,1.12,1.00
2017.03.23 06:47:40.783,9.4937,9.49594,1.50,1.00
2017.03.23 06:47:40.885,9.49375,9.49594,1.12,1.00
2017.03.23 06:47:41.008,9.4937,9.49594,1.50,1.00
2017.03.23 06:47:41.890,9.49366,9.49594,1.12,1.00
2017.03.23 06:47:42.042,9.4936,9.49584,1.50,1.00
2017.03.23 06:47:42.093,9.49356,9.49584,1.12,1.00
2017.03.23 06:47:42.245,9.4935,9.49574,1.50,1.00
2017.03.23 06:47:42.447,9.4935,9.49584,1.50,1.00
2017.03.23 06:47:42.548,9.49356,9.49584,1.00,1.00
2017.03.23 06:47:43.037,9.49356,9.49587,1.12,1.00
2017.03.23 06:47:43.088,9.4936,9.49587,1.50,1.00
2017.03.23 06:47:43.392,9.49356,9.49579,1.12,1.00
2017.03.23 06:47:43.443,9.4936,9.49588,1.50,1.00
2017.03.23 06:47:43.493,9.49362,9.49588,1.00,1.00
2017.03.23 06:47:43.544,9.49362,9.49594,1.00,1.00
2017.03.23 06:47:43.976,9.49366,9.49583,1.12,1.00
2017.03.23 06:47:44.027,9.4936,9.49583,1.50,1.00
2017.03.23 06:47:44.128,9.4935,9.49583,1.50,1.00
2017.03.23 06:47:44.330,9.49356,9.49575,1.00,1.00
2017.03.23 06:47:44.735,9.49356,9.49584,1.00,1.00
2017.03.23 06:47:45.032,9.49349,9.49585,1.50,1.00
2017.03.23 06:47:45.244,9.49349,9.49575,1.50,1.00
2017.03.23 06:47:45.446,9.4935,9.49584,1.50,1.00
2017.03.23 06:47:46.269,9.4935,9.49575,1.50,1.00
2017.03.23 06:47:46.472,9.49353,9.49584,1.00,1.00
2017.03.23 06:47:47.413,9.49353,9.49584,1.37,1.00
2017.03.23 06:47:48.509,9.49349,9.49584,1.87,1.00
2017.03.23 06:47:48.560,9.49349,9.49584,1.50,1.00
2017.03.23 06:47:48.611,9.49357,9.49584,1.00,1.00
2017.03.23 06:47:48.934,9.49357,9.49575,1.00,1.00
2017.03.23 06:47:48.985,9.49357,9.49585,1.00,1.00
2017.03.23 06:47:49.367,9.49357,9.49577,1.00,1.00
2017.03.23 06:47:49.671,9.49357,9.49586,1.00,1.00
2017.03.23 06:47:49.977,9.4935,9.49577,1.87,1.00
2017.03.23 06:47:50.028,9.4935,9.49577,1.50,1.00
2017.03.23 06:47:50.281,9.4935,9.49586,1.50,1.00
2017.03.23 06:47:50.544,9.4935,9.49584,1.50,1.12
2017.03.23 06:47:50.708,9.49348,9.49584,1.00,1.12
2017.03.23 06:47:50.860,9.49348,9.49577,1.00,1.00
2017.03.23 06:47:51.366,9.49347,9.49577,1.00,1.00
2017.03.23 06:47:51.670,9.49358,9.49587,1.00,1.00
2017.03.23 06:47:51.973,9.49364,9.49587,1.00,1.00
2017.03.23 06:47:52.309,9.49381,9.49594,1.00,1.00
2017.03.23 06:47:52.410,9.4937,9.49594,1.00,1.00
2017.03.23 06:47:52.562,9.4937,9.49597,1.00,1.00
2017.03.23 06:47:52.980,9.4937,9.49588,1.00,1.00
2017.03.23 06:47:53.031,9.49366,9.49588,1.12,1.00
2017.03.23 06:47:53.235,9.49371,9.49588,1.00,1.00
2017.03.23 06:47:53.387,9.49371,9.49599,1.00,1.00
2017.03.23 06:47:53.561,9.49371,9.49594,1.00,1.00
2017.03.23 06:47:53.865,9.4937,9.49588,1.00,1.00
2017.03.23 06:47:54.067,9.49366,9.49598,1.00,1.00
2017.03.23 06:47:54.371,9.49366,9.49595,1.12,1.00
2017.03.23 06:47:54.674,9.49372,9.49595,1.00,1.00
2017.03.23 06:47:55.123,9.49372,9.49584,1.00,1.00
2017.03.23 06:47:55.174,9.49356,9.49584,1.50,1.00
2017.03.23 06:47:55.275,9.49356,9.49586,1.00,1.00
2017.03.23 06:47:55.894,9.4936,9.49586,1.00,1.00
2017.03.23 06:47:56.597,9.49349,9.49585,1.50,1.00
2017.03.23 06:47:56.648,9.4935,9.49577,1.50,1.00
2017.03.23 06:47:57.103,9.49362,9.49577,1.00,1.00
2017.03.23 06:47:57.205,9.4935,9.49567,2.25,1.00
2017.03.23 06:47:57.256,9.4935,9.49583,2.25,1.00
2017.03.23 06:47:57.307,9.4936,9.49583,1.00,1.00
2017.03.23 06:47:57.560,9.4936,9.49593,1.00,1.00
2017.03.23 06:47:57.762,9.49376,9.49593,1.00,1.00
2017.03.23 06:47:58.074,9.4936,9.49593,2.25,1.00
2017.03.23 06:47:58.424,9.4936,9.49592,2.62,1.00
2017.03.23 06:47:58.779,9.49361,9.49592,1.00,1.00
2017.03.23 06:47:58.931,9.49361,9.49584,1.00,1.00
2017.03.23 06:47:59.083,9.49351,9.49583,1.00,1.00
2017.03.23 06:47:59.286,9.49351,9.49573,1.00,1.00
2017.03.23 06:47:59.387,9.4935,9.49585,2.25,1.00
2017.03.23 06:48:01.666,9.49368,9.49585,1.00,1.00
2017.03.23 06:48:01.869,9.49368,9.49594,1.00,1.00
2017.03.23 06:48:02.174,9.49368,9.49603,1.00,1.00
2017.03.23 06:48:02.225,9.4938,9.49603,1.00,1.00
2017.03.23 06:48:05.279,9.49379,9.49603,1.00,1.00
2017.03.23 06:48:06.697,9.4937,9.49603,1.87,1.00
2017.03.23 06:48:06.748,9.4937,9.49603,1.50,1.00
2017.03.23 06:48:06.951,9.49379,9.49603,1.00,1.00
2017.03.23 06:48:07.407,9.49389,9.49603,1.00,1.00
2017.03.23 06:48:07.509,9.49379,9.49603,1.50,1.00
2017.03.23 06:48:07.611,9.4938,9.49612,1.50,1.00
2017.03.23 06:48:07.782,9.49394,9.49612,1.00,1.00
2017.03.23 06:48:07.985,9.49394,9.4962,1.00,1.00
2017.03.23 06:48:09.320,9.49396,9.4962,1.12,1.00
2017.03.23 06:48:09.633,9.49416,9.49632,1.00,1.00
2017.03.23 06:48:22.635,9.49416,9.49624,1.00,1.00
2017.03.23 06:48:22.787,9.49416,9.49632,1.00,1.00
2017.03.23 06:48:23.461,9.49406,9.49632,1.00,1.00
2017.03.23 06:48:23.775,9.49402,9.49632,1.00,1.00
2017.03.23 06:48:24.086,9.49392,9.49614,1.00,1.00
2017.03.23 06:48:24.137,9.4939,9.49614,1.00,1.00
2017.03.23 06:48:24.784,9.4939,9.49624,1.00,1.50
2017.03.23 06:48:24.835,9.4939,9.49615,1.00,1.00
2017.03.23 06:48:24.937,9.4939,9.49624,1.00,1.00
2017.03.23 06:48:25.775,9.4939,9.49614,1.00,1.00
2017.03.23 06:48:26.034,9.4939,9.49624,1.00,1.00
2017.03.23 06:48:26.445,9.4939,9.49616,1.00,1.00
2017.03.23 06:48:27.024,9.4939,9.49615,1.00,1.00
2017.03.23 06:48:27.594,9.4939,9.49616,1.00,1.00
2017.03.23 06:48:27.746,9.4939,9.49624,1.00,1.12
2017.03.23 06:48:27.797,9.49396,9.49625,1.00,1.00
2017.03.23 06:48:28.100,9.49415,9.49634,1.00,1.00
2017.03.23 06:48:28.303,9.49415,9.49636,1.00,1.00
2017.03.23 06:48:28.404,9.49415,9.49625,1.00,1.00
2017.03.23 06:48:28.616,9.49415,9.49635,1.00,1.00
2017.03.23 06:48:29.349,9.49415,9.49632,1.00,1.00
2017.03.23 06:48:29.866,9.49415,9.49624,1.00,1.00
2017.03.23 06:48:30.146,9.49404,9.49624,1.00,1.00
2017.03.23 06:48:30.248,9.49404,9.49632,1.00,1.00
2017.03.23 06:48:30.841,9.49406,9.49632,1.12,1.00
2017.03.23 06:48:30.942,9.49415,9.49643,1.00,1.00
2017.03.23 06:48:31.455,9.49415,9.49633,1.00,1.00
2017.03.23 06:48:31.859,9.49402,9.49624,1.00,1.00
2017.03.23 06:48:31.961,9.49392,9.49623,1.00,1.00
2017.03.23 06:48:32.062,9.49406,9.49633,1.00,1.00
2017.03.23 06:48:32.315,9.49406,9.49638,1.12,1.00
2017.03.23 06:48:32.561,9.49405,9.49634,1.00,1.00
2017.03.23 06:48:32.874,9.49391,9.49614,1.00,1.00
2017.03.23 06:48:33.179,9.49386,9.49614,1.00,1.00
2017.03.23 06:48:33.280,9.49386,9.49617,1.87,1.00
2017.03.23 06:48:33.331,9.49386,9.49624,1.87,1.00
2017.03.23 06:48:33.652,9.49386,9.49616,1.87,1.00
2017.03.23 06:48:34.328,9.49386,9.49614,1.00,1.00
2017.03.23 06:48:34.532,9.49386,9.49616,1.87,1.00
2017.03.23 06:48:34.633,9.49396,9.49625,1.00,1.87
2017.03.23 06:48:35.088,9.49412,9.49625,1.00,1.00
2017.03.23 06:48:35.291,9.49406,9.49625,1.00,1.00
2017.03.23 06:48:35.342,9.49406,9.49634,1.00,1.00
2017.03.23 06:48:35.545,9.49402,9.49624,1.00,1.00
2017.03.23 06:48:35.596,9.4939,9.49625,1.00,1.00
2017.03.23 06:48:35.748,9.49396,9.49624,1.00,1.00
2017.03.23 06:48:35.900,9.49384,9.49614,1.00,1.00
2017.03.23 06:48:35.951,9.49384,9.49604,1.00,1.00
2017.03.23 06:48:36.154,9.49381,9.49604,1.00,1.00
2017.03.23 06:48:36.255,9.49381,9.49594,1.00,1.00
2017.03.23 06:48:36.307,9.4937,9.49604,1.50,1.00
2017.03.23 06:48:36.358,9.49366,9.49602,1.12,1.00
2017.03.23 06:48:36.459,9.49366,9.49593,1.12,1.00
2017.03.23 06:48:36.647,9.49366,9.49604,1.12,1.00
2017.03.23 06:48:36.720,9.49379,9.49604,1.00,1.00
2017.03.23 06:48:36.839,9.49366,9.49599,1.00,1.00
2017.03.23 06:48:36.941,9.49377,9.49599,1.00,1.00
2017.03.23 06:48:37.592,9.49366,9.49599,1.12,1.00
2017.03.23 06:48:37.795,9.49365,9.49584,1.00,1.00
2017.03.23 06:48:37.846,9.49356,9.49584,1.12,1.00
2017.03.23 06:48:37.998,9.49356,9.49584,1.00,1.37
2017.03.23 06:48:38.255,9.49356,9.49579,1.00,1.00
2017.03.23 06:48:38.458,9.49356,9.4959,1.00,1.00
2017.03.23 06:48:38.509,9.49363,9.4959,1.00,1.00
2017.03.23 06:48:38.956,9.49363,9.49581,1.00,1.00
2017.03.23 06:48:39.007,9.49356,9.49581,1.00,1.00
2017.03.23 06:48:39.058,9.49349,9.49581,1.87,1.00
2017.03.23 06:48:39.159,9.49347,9.49584,1.37,1.00
2017.03.23 06:48:39.311,9.4935,9.49574,1.50,1.00
2017.03.23 06:48:39.413,9.4934,9.49574,1.50,1.00
2017.03.23 06:48:39.464,9.49345,9.49574,1.00,1.00
2017.03.23 06:48:39.566,9.4934,9.49571,1.50,1.00
2017.03.23 06:48:39.669,9.4934,9.49564,1.50,1.00
2017.03.23 06:48:39.771,9.4934,9.49571,1.50,1.00
2017.03.23 06:48:39.872,9.49351,9.4956,1.00,1.00
2017.03.23 06:48:39.974,9.4935,9.49572,1.00,1.00
2017.03.23 06:48:41.135,9.4935,9.49584,1.00,1.87
2017.03.23 06:48:42.297,9.49362,9.49584,1.00,1.00
2017.03.23 06:48:42.671,9.49362,9.49575,1.00,1.00
2017.03.23 06:48:42.980,9.49362,9.49584,1.00,1.87
2017.03.23 06:48:46.621,9.4935,9.49584,1.00,1.87
2017.03.23 06:48:46.825,9.49361,9.49584,1.00,1.00
2017.03.23 06:48:47.128,9.49376,9.49584,1.00,1.00
2017.03.23 06:48:47.281,9.49386,9.49595,1.00,1.00
2017.03.23 06:48:48.063,9.49386,9.49594,1.00,1.00
2017.03.23 06:48:48.164,9.49386,9.49604,1.00,1.12
2017.03.23 06:48:48.215,9.49386,9.49594,1.00,1.00
2017.03.23 06:48:48.367,9.49386,9.49604,1.00,1.12
2017.03.23 06:48:48.418,9.49386,9.49594,1.00,1.00
2017.03.23 06:48:48.721,9.49386,9.49604,1.00,1.12
2017.03.23 06:48:48.772,9.49386,9.49594,1.00,1.00
2017.03.23 06:48:48.924,9.49386,9.49604,1.00,1.12
2017.03.23 06:48:48.975,9.49386,9.49594,1.00,1.00
2017.03.23 06:48:49.203,9.49386,9.49604,1.00,1.50
2017.03.23 06:48:49.508,9.49386,9.49594,1.00,1.00
2017.03.23 06:48:49.559,9.49386,9.49601,1.00,1.00
2017.03.23 06:48:49.661,9.49386,9.49594,1.00,1.00
2017.03.23 06:48:50.820,9.49386,9.49601,1.00,1.00
2017.03.23 06:48:50.922,9.49386,9.49594,1.00,1.00
2017.03.23 06:48:51.254,9.49386,9.49601,1.00,1.00
2017.03.23 06:48:51.356,9.49386,9.49594,1.00,1.00
2017.03.23 06:48:51.407,9.49376,9.49594,1.00,1.00
2017.03.23 06:48:51.559,9.49376,9.49584,1.00,1.00
2017.03.23 06:48:51.803,9.49376,9.49593,1.00,1.00
2017.03.23 06:48:55.680,9.49376,9.49594,1.00,1.00
2017.03.23 06:48:55.731,9.49376,9.49603,1.00,1.00
2017.03.23 06:48:55.956,9.49376,9.49594,1.00,1.00
2017.03.23 06:48:56.057,9.49376,9.49603,1.00,1.00
2017.03.23 06:48:56.108,9.49376,9.49594,1.00,1.00
2017.03.23 06:48:56.160,9.49376,9.49603,1.00,1.00
2017.03.23 06:48:56.513,9.49376,9.49595,1.00,1.00
2017.03.23 06:48:56.863,9.49364,9.49595,1.00,1.00
2017.03.23 06:48:57.315,9.49366,9.49603,1.12,1.00
2017.03.23 06:48:57.417,9.49377,9.49603,1.00,1.00
2017.03.23 06:48:57.746,9.49366,9.49603,1.00,1.00
2017.03.23 06:48:57.973,9.49366,9.49594,1.50,1.00
2017.03.23 06:48:58.315,9.49415,9.49616,1.00,1.00
2017.03.23 06:48:58.366,9.49415,9.49624,1.00,1.00
2017.03.23 06:48:58.417,9.49405,9.49624,1.00,1.00
2017.03.23 06:48:58.468,9.49405,9.49618,1.00,1.00
2017.03.23 06:48:58.771,9.49405,9.49609,1.00,1.00
2017.03.23 06:48:58.822,9.49389,9.49609,1.00,1.00
2017.03.23 06:48:58.975,9.49389,9.49604,1.00,1.00
2017.03.23 06:48:59.026,9.49377,9.49604,1.00,1.00
2017.03.23 06:48:59.179,9.49377,9.49594,1.00,1.00
2017.03.23 06:48:59.331,9.4937,9.49594,1.00,1.00
2017.03.23 06:48:59.382,9.49359,9.49589,1.50,1.00
2017.03.23 06:48:59.484,9.4936,9.49584,1.50,1.00
2017.03.23 06:48:59.851,9.49357,9.49574,1.00,1.00
2017.03.23 06:48:59.905,9.49357,9.49576,1.00,1.00
2017.03.23 06:49:00.272,9.49356,9.49574,1.00,1.00
2017.03.23 06:49:00.374,9.49346,9.49574,1.00,1.00
2017.03.23 06:49:00.475,9.49346,9.49564,1.00,1.00
2017.03.23 06:49:00.526,9.49346,9.49576,1.50,1.00
2017.03.23 06:49:00.577,9.49346,9.49566,1.50,1.00
2017.03.23 06:49:00.881,9.49359,9.49576,1.00,1.00
2017.03.23 06:49:01.214,9.49371,9.49576,1.00,1.00
2017.03.23 06:49:01.315,9.49372,9.49586,1.00,1.00
2017.03.23 06:49:01.367,9.49386,9.49596,1.00,1.00
2017.03.23 06:49:01.581,9.49386,9.49604,1.00,1.00
2017.03.23 06:49:02.173,9.49386,9.49605,1.00,1.00
2017.03.23 06:49:02.782,9.49386,9.49595,1.00,1.00
2017.03.23 06:49:02.833,9.49372,9.49595,1.00,1.00
2017.03.23 06:49:02.884,9.49372,9.49584,1.00,1.00
2017.03.23 06:49:02.985,9.4936,9.49582,1.50,1.00
2017.03.23 06:49:03.036,9.4936,9.49574,1.50,1.00
2017.03.23 06:49:03.188,9.4935,9.49574,1.50,1.00
2017.03.23 06:49:03.542,9.49356,9.49583,1.00,1.00
2017.03.23 06:49:03.892,9.49356,9.49574,1.00,1.00
2017.03.23 06:49:04.044,9.49349,9.49574,1.50,1.00
2017.03.23 06:49:04.729,9.49348,9.49574,1.00,1.00
2017.03.23 06:49:04.831,9.4934,9.49574,1.50,1.50
2017.03.23 06:49:05.357,9.49339,9.49574,1.50,1.00
2017.03.23 06:49:06.937,9.4934,9.49574,1.50,1.50
2017.03.23 06:49:07.038,9.4934,9.49564,1.50,1.00
2017.03.23 06:49:07.089,9.49334,9.49564,1.00,1.00
2017.03.23 06:49:07.292,9.49344,9.49574,1.00,1.00
2017.03.23 06:49:08.517,9.49356,9.49574,1.00,1.00
2017.03.23 06:49:09.814,9.49356,9.49576,1.00,1.00
2017.03.23 06:49:10.348,9.49356,9.49574,1.00,1.00
2017.03.23 06:49:10.449,9.49356,9.49576,1.00,1.00
2017.03.23 06:49:10.551,9.49356,9.49574,1.00,1.00
2017.03.23 06:49:10.868,9.49356,9.49576,1.00,1.00
2017.03.23 06:49:11.132,9.49356,9.49574,1.00,1.00
2017.03.23 06:49:11.515,9.49356,9.49576,1.00,1.00
2017.03.23 06:49:11.566,9.49356,9.49564,1.00,1.00
2017.03.23 06:49:11.869,9.49356,9.49554,1.00,1.00
2017.03.23 06:49:11.920,9.49346,9.49554,1.00,1.00
2017.03.23 06:49:12.022,9.49346,9.49567,1.00,1.00
2017.03.23 06:49:12.431,9.49356,9.49567,1.00,1.00
2017.03.23 06:49:12.804,9.49356,9.49577,1.50,1.00
2017.03.23 06:49:13.435,9.49366,9.49577,1.00,1.00
2017.03.23 06:49:13.789,9.49366,9.49564,1.00,1.00
2017.03.23 06:49:13.918,9.49354,9.49564,1.00,1.00
2017.03.23 06:49:13.970,9.49341,9.49568,1.00,1.00
2017.03.23 06:49:14.021,9.49346,9.49568,1.00,1.00
2017.03.23 06:49:14.394,9.49356,9.49562,1.00,1.00
2017.03.23 06:49:14.545,9.4935,9.49562,1.00,1.00
2017.03.23 06:49:14.798,9.49356,9.49562,1.00,1.00
2017.03.23 06:49:15.456,9.49366,9.49562,1.00,1.00
2017.03.23 06:49:15.507,9.49356,9.49562,1.00,1.00
2017.03.23 06:49:15.810,9.4935,9.49562,1.00,1.00
2017.03.23 06:49:15.912,9.49346,9.49562,1.50,1.00
2017.03.23 06:49:17.496,9.49346,9.49554,1.00,1.00
2017.03.23 06:49:17.598,9.49349,9.49565,1.00,1.00
2017.03.23 06:49:17.905,9.49345,9.49556,1.00,1.00
2017.03.23 06:49:18.062,9.49341,9.49556,1.00,1.00
2017.03.23 06:49:18.163,9.49346,9.49556,1.00,1.00
2017.03.23 06:49:18.613,9.49349,9.49565,1.00,1.00
2017.03.23 06:49:18.823,9.49346,9.49555,1.00,1.00
2017.03.23 06:49:18.874,9.49341,9.49555,1.00,1.00
2017.03.23 06:49:25.563,9.49341,9.49547,1.00,1.00
2017.03.23 06:49:25.869,9.49345,9.4955,1.00,1.00
2017.03.23 06:49:26.174,9.49376,9.49576,1.00,1.00
2017.03.23 06:49:26.235,9.49366,9.49576,1.00,1.00
2017.03.23 06:49:26.336,9.49366,9.49566,1.00,1.00
2017.03.23 06:49:26.488,9.49356,9.49566,1.00,1.00
2017.03.23 06:49:26.800,9.49359,9.49575,1.00,1.00
2017.03.23 06:49:26.902,9.49354,9.49566,1.00,1.00
2017.03.23 06:49:27.003,9.49359,9.49575,1.00,1.00
2017.03.23 06:49:27.307,9.49354,9.49565,1.00,1.00
2017.03.23 06:49:27.459,9.49349,9.49565,1.00,1.00
2017.03.23 06:49:27.510,9.49342,9.49557,1.00,1.00
2017.03.23 06:49:27.813,9.49342,9.49549,1.00,1.00
2017.03.23 06:49:27.915,9.49342,9.49557,1.00,1.00
2017.03.23 06:49:28.016,9.49342,9.49548,1.00,1.00
2017.03.23 06:49:28.118,9.49342,9.49557,1.00,1.00
2017.03.23 06:49:28.343,9.49342,9.49549,1.00,1.00
2017.03.23 06:49:28.928,9.49342,9.49557,1.00,1.00
2017.03.23 06:49:29.333,9.49342,9.49553,1.00,1.00
2017.03.23 06:49:39.667,9.49342,9.49543,1.00,1.00
2017.03.23 06:49:39.869,9.49342,9.49553,1.00,1.00
2017.03.23 06:49:42.172,9.49342,9.49545,1.00,1.00
2017.03.23 06:49:43.540,9.49342,9.49553,1.00,1.00
2017.03.23 06:49:47.182,9.49342,9.49545,1.00,1.00
2017.03.23 06:49:47.435,9.4933,9.49545,2.25,1.00
2017.03.23 06:49:47.536,9.49344,9.49545,1.00,1.00
2017.03.23 06:49:47.698,9.49344,9.49555,1.00,1.00
2017.03.23 06:49:48.579,9.49344,9.49547,1.00,1.00
2017.03.23 06:49:48.680,9.49344,9.49555,1.00,1.00
2017.03.23 06:49:49.394,9.49344,9.49552,1.00,1.00
2017.03.23 06:50:00.572,9.49344,9.49544,1.00,1.00
2017.03.23 06:50:00.623,9.49333,9.49544,1.37,1.00
2017.03.23 06:50:00.675,9.49341,9.49557,1.00,1.00
2017.03.23 06:50:01.167,9.49333,9.49549,1.50,1.00
2017.03.23 06:50:01.973,9.49333,9.49549,1.87,1.00
2017.03.23 06:50:02.115,9.49341,9.49557,1.00,1.00
2017.03.23 06:50:02.267,9.49333,9.49549,1.87,1.00
2017.03.23 06:50:02.802,9.49333,9.49549,1.87,1.00
2017.03.23 06:50:02.904,9.49341,9.49557,1.00,1.00
2017.03.23 06:50:03.513,9.49333,9.49549,1.50,1.00
2017.03.23 06:50:04.006,9.49325,9.49541,1.00,1.00
2017.03.23 06:50:04.310,9.4933,9.49544,1.00,1.00
2017.03.23 06:50:04.369,9.49322,9.49538,1.00,1.00
2017.03.23 06:50:04.971,9.49329,9.49547,1.00,1.00
2017.03.23 06:50:05.174,9.4932,9.49535,1.50,1.00
2017.03.23 06:50:05.496,9.4932,9.49527,1.50,1.00
2017.03.23 06:50:05.977,9.49322,9.49538,1.00,1.00
2017.03.23 06:50:07.596,9.49317,9.49529,1.00,1.00
2017.03.23 06:50:07.900,9.49341,9.49546,1.00,1.00
2017.03.23 06:50:08.128,9.49338,9.49554,1.00,1.50
2017.03.23 06:50:08.179,9.49329,9.49543,1.00,1.00
2017.03.23 06:50:08.230,9.49327,9.49543,1.00,1.00
2017.03.23 06:50:08.281,9.49336,9.49543,1.00,1.00
2017.03.23 06:50:08.586,9.49327,9.49543,1.12,1.00
2017.03.23 06:50:08.891,9.49326,9.49536,1.00,1.00
2017.03.23 06:50:09.196,9.49336,9.49543,1.00,1.00
2017.03.23 06:50:09.298,9.49336,9.49552,1.50,1.00
2017.03.23 06:50:10.199,9.49335,9.49545,1.00,1.00
2017.03.23 06:50:12.053,9.49331,9.49545,1.00,1.00
2017.03.23 06:50:12.205,9.49336,9.49552,1.00,1.00
2017.03.23 06:50:12.307,9.49331,9.49543,1.00,1.00
2017.03.23 06:50:12.509,9.49331,9.49545,1.00,1.00
2017.03.23 06:50:18.795,9.49335,9.49545,1.00,1.00
2017.03.23 06:50:19.302,9.49346,9.49545,1.00,1.00
2017.03.23 06:50:19.404,9.49346,9.49555,1.00,1.00
2017.03.23 06:50:20.349,9.49349,9.49555,1.00,1.00
2017.03.23 06:50:20.399,9.49349,9.49563,1.00,1.00
2017.03.23 06:50:20.805,9.49356,9.49563,1.00,1.00
2017.03.23 06:50:21.504,9.49358,9.49563,1.00,1.00
2017.03.23 06:50:21.808,9.49369,9.49582,1.00,1.00
2017.03.23 06:50:21.908,9.49381,9.49575,1.00,1.00
2017.03.23 06:50:22.010,9.49381,9.49583,1.00,1.00
2017.03.23 06:50:22.417,9.49367,9.49583,1.00,1.00
2017.03.23 06:50:22.518,9.49366,9.49574,1.00,1.00
2017.03.23 06:50:23.015,9.49358,9.49574,1.00,1.00
2017.03.23 06:50:25.596,9.4937,9.49574,1.00,1.00
2017.03.23 06:50:25.850,9.4937,9.49582,1.00,1.00
2017.03.23 06:50:26.204,9.49369,9.49574,1.00,1.00
2017.03.23 06:50:26.356,9.4936,9.49574,1.50,1.00
2017.03.23 06:50:26.408,9.49367,9.49583,1.00,1.00
2017.03.23 06:50:26.509,9.4936,9.49574,1.50,1.00
2017.03.23 06:50:26.813,9.49358,9.49574,1.00,1.00
2017.03.23 06:50:26.864,9.4936,9.49574,1.50,1.00
2017.03.23 06:50:26.915,9.49358,9.49574,1.00,1.00
2017.03.23 06:50:27.118,9.49367,9.49574,1.00,1.00
2017.03.23 06:50:27.304,9.49367,9.49582,1.00,1.00
2017.03.23 06:50:27.914,9.49367,9.49571,1.00,1.00
2017.03.23 06:50:28.015,9.49367,9.49581,1.00,1.00
2017.03.23 06:50:29.458,9.49365,9.49581,1.00,1.00
2017.03.23 06:50:29.509,9.4936,9.49572,1.50,1.00
2017.03.23 06:50:29.560,9.49356,9.49572,1.87,1.00
2017.03.23 06:50:30.142,9.4936,9.49572,1.50,1.00
2017.03.23 06:50:30.244,9.49364,9.4958,1.00,1.00
2017.03.23 06:50:30.503,9.4936,9.49572,1.50,1.00
2017.03.23 06:50:30.553,9.49356,9.49572,1.87,1.00
2017.03.23 06:50:31.561,9.49357,9.49572,1.00,1.00
2017.03.23 06:50:31.713,9.49348,9.49564,1.00,1.00
2017.03.23 06:50:32.231,9.49349,9.49564,1.00,1.00
2017.03.23 06:50:32.344,9.49356,9.49564,1.00,1.00
2017.03.23 06:50:32.446,9.49358,9.49574,1.50,1.00
2017.03.23 06:50:33.157,9.4935,9.49566,1.00,1.00
2017.03.23 06:50:33.544,9.49333,9.49549,1.50,1.00
2017.03.23 06:50:33.848,9.49366,9.49573,1.00,1.00
2017.03.23 06:50:34.051,9.49367,9.49581,1.37,1.00
2017.03.23 06:50:34.528,9.49367,9.49581,1.00,1.00
2017.03.23 06:50:34.579,9.49365,9.49581,1.00,1.00
2017.03.23 06:50:34.732,9.49353,9.49569,1.00,1.00
2017.03.23 06:50:35.035,9.49366,9.49569,1.00,1.00
2017.03.23 06:50:35.441,9.49366,9.49581,1.00,1.00
2017.03.23 06:50:36.053,9.49363,9.49581,1.00,1.00
2017.03.23 06:50:36.357,9.49356,9.49572,1.87,1.00
2017.03.23 06:50:36.669,9.49366,9.49572,1.00,1.00
2017.03.23 06:50:36.823,9.49366,9.4958,1.00,1.00
2017.03.23 06:50:37.144,9.49364,9.4958,1.00,1.00
2017.03.23 06:50:37.245,9.49359,9.49571,1.00,1.00
2017.03.23 06:50:37.549,9.49365,9.49571,1.00,1.00
2017.03.23 06:50:37.650,9.49366,9.49579,1.00,1.00
2017.03.23 06:50:39.282,9.49363,9.49579,1.00,1.00
2017.03.23 06:50:39.434,9.49356,9.49568,1.00,1.00
2017.03.23 06:50:39.536,9.49352,9.49568,1.00,1.00
2017.03.23 06:50:39.739,9.49343,9.49559,1.37,1.00
2017.03.23 06:50:40.042,9.49346,9.49559,1.12,1.00
2017.03.23 06:50:40.401,9.49356,9.49559,1.00,1.00
2017.03.23 06:50:40.502,9.49346,9.49559,1.50,1.00
2017.03.23 06:50:40.553,9.49356,9.49559,1.00,1.00
2017.03.23 06:50:40.655,9.49356,9.49569,1.00,1.00
2017.03.23 06:50:40.989,9.49353,9.49569,1.00,1.00
2017.03.23 06:50:41.311,9.49353,9.49554,1.00,1.00
2017.03.23 06:50:41.463,9.49343,9.49554,1.00,1.00
2017.03.23 06:50:41.564,9.49333,9.49549,1.00,1.00
2017.03.23 06:50:41.665,9.49325,9.49541,1.00,1.00
2017.03.23 06:50:41.985,9.4933,9.49532,1.00,1.00
2017.03.23 06:50:42.036,9.4933,9.49541,1.00,1.00
2017.03.23 06:50:47.300,9.49336,9.49541,1.00,1.00
2017.03.23 06:50:49.436,9.49336,9.49543,1.00,1.00
2017.03.23 06:50:53.156,9.4933,9.49543,1.00,1.00
2017.03.23 06:50:53.207,9.49327,9.49543,1.00,1.00
2017.03.23 06:50:53.359,9.4932,9.49535,1.50,1.00
2017.03.23 06:50:53.663,9.49335,9.49535,1.00,1.00
2017.03.23 06:50:53.865,9.49336,9.49543,1.00,1.00
2017.03.23 06:50:54.869,9.49327,9.49543,1.00,1.00
2017.03.23 06:50:54.971,9.49336,9.49543,1.00,1.00
2017.03.23 06:50:55.184,9.49327,9.49543,1.12,1.00
2017.03.23 06:50:55.235,9.49336,9.49543,1.00,1.00
2017.03.23 06:50:58.096,9.49343,9.49543,1.00,1.00
2017.03.23 06:50:58.248,9.49336,9.49543,1.00,1.00
2017.03.23 06:50:58.299,9.49336,9.49551,1.00,1.00
2017.03.23 06:50:58.451,9.49336,9.49544,1.00,1.00
2017.03.23 06:50:58.553,9.49336,9.49552,1.87,1.00
2017.03.23 06:51:03.314,9.49346,9.49552,1.00,1.00
2017.03.23 06:51:03.467,9.49346,9.4956,1.12,1.00
2017.03.23 06:51:03.568,9.49363,9.4956,1.00,1.00
2017.03.23 06:51:03.669,9.49363,9.49569,1.00,1.00
2017.03.23 06:51:03.771,9.49353,9.49569,1.00,1.00
2017.03.23 06:51:06.545,9.49364,9.49569,1.00,1.00
2017.03.23 06:51:07.000,9.49353,9.49569,1.00,1.00
2017.03.23 06:51:07.101,9.49352,9.4956,1.00,1.00
2017.03.23 06:51:07.412,9.49352,9.49568,1.50,1.00
2017.03.23 06:51:07.817,9.49356,9.49568,1.00,1.00
2017.03.23 06:51:08.121,9.49385,9.49584,1.00,1.00
2017.03.23 06:51:08.785,9.49385,9.49576,1.00,1.00
2017.03.23 06:51:08.836,9.49376,9.49576,1.00,1.00
2017.03.23 06:51:08.988,9.49376,9.49585,1.00,1.00
2017.03.23 06:51:09.090,9.49376,9.49576,1.00,1.00
2017.03.23 06:51:09.192,9.49376,9.49584,1.00,1.00
2017.03.23 06:51:09.394,9.49376,9.49576,1.00,1.00
2017.03.23 06:51:09.445,9.49362,9.49576,1.00,1.00
2017.03.23 06:51:10.116,9.49377,9.49576,1.00,1.00
2017.03.23 06:51:10.218,9.49377,9.49586,1.00,1.00
2017.03.23 06:51:10.988,9.49396,9.49586,1.00,1.00
2017.03.23 06:51:11.089,9.49386,9.49586,1.00,1.00
2017.03.23 06:51:11.361,9.4937,9.49586,2.25,1.00
2017.03.23 06:51:11.411,9.4937,9.49576,1.50,1.00
2017.03.23 06:51:11.462,9.49366,9.49576,1.00,1.00
2017.03.23 06:51:11.513,9.49361,9.49576,1.00,1.00
2017.03.23 06:51:11.615,9.49356,9.49568,1.00,1.00
2017.03.23 06:51:11.666,9.49352,9.49568,1.00,1.00
2017.03.23 06:51:11.717,9.49363,9.49579,1.00,1.00
2017.03.23 06:51:12.021,9.49357,9.49573,1.50,1.00
2017.03.23 06:51:12.324,9.49368,9.49581,1.00,1.00
2017.03.23 06:51:14.374,9.49379,9.49581,1.00,1.00
2017.03.23 06:51:16.381,9.4937,9.49581,1.50,1.00
2017.03.23 06:51:18.591,9.4937,9.49574,1.50,1.00
2017.03.23 06:51:18.692,9.4937,9.49581,1.50,1.00
2017.03.23 06:51:20.464,9.49369,9.49581,1.50,1.00
2017.03.23 06:51:20.639,9.49386,9.49581,1.00,1.00
2017.03.23 06:51:21.044,9.49375,9.49581,1.00,1.00
2017.03.23 06:51:22.130,9.49376,9.49581,1.00,1.00
2017.03.23 06:51:22.232,9.49387,9.49589,1.00,1.00
2017.03.23 06:51:23.161,9.49377,9.49589,1.00,1.00
2017.03.23 06:51:25.513,9.49446,9.49589,1.00,1.00
2017.03.23 06:51:25.614,9.49435,9.49604,1.00,1.00
2017.03.23 06:51:25.716,9.49435,9.49643,1.00,1.12
2017.03.23 06:51:25.817,9.49417,9.49633,1.50,1.00
2017.03.23 06:51:25.919,9.49417,9.49625,1.00,1.00
2017.03.23 06:51:31.115,9.49409,9.49625,1.00,1.00
2017.03.23 06:51:33.846,9.49409,9.49625,1.37,1.00
2017.03.23 06:51:34.163,9.49418,9.49625,1.00,1.00
2017.03.23 06:51:37.111,9.4941,9.49625,1.87,1.00
2017.03.23 06:51:37.719,9.49409,9.49625,2.62,1.00
2017.03.23 06:51:38.417,9.4941,9.49625,1.87,1.00
2017.03.23 06:51:39.526,9.4941,9.49625,1.50,1.00
2017.03.23 06:51:39.666,9.4941,9.49617,1.50,1.00
2017.03.23 06:51:39.818,9.494,9.49617,1.87,1.00
2017.03.23 06:51:39.970,9.4941,9.49625,1.50,1.00
2017.03.23 06:51:40.173,9.494,9.49616,2.62,1.00
2017.03.23 06:51:40.275,9.494,9.49616,2.25,1.00
2017.03.23 06:51:40.376,9.49408,9.49624,1.00,1.00
2017.03.23 06:51:40.680,9.49395,9.49613,1.00,1.00
2017.03.23 06:51:40.935,9.49393,9.49602,1.00,1.00
2017.03.23 06:51:41.037,9.49393,9.49611,1.87,1.00
2017.03.23 06:51:41.138,9.49405,9.49611,1.00,1.00
2017.03.23 06:51:41.375,9.49395,9.49611,1.37,1.00
2017.03.23 06:51:41.476,9.49395,9.49602,1.37,1.00
2017.03.23 06:51:41.841,9.49394,9.4961,1.37,1.00
2017.03.23 06:51:42.351,9.49394,9.4961,1.37,1.00
2017.03.23 06:51:44.677,9.49394,9.4961,1.37,1.00
2017.03.23 06:51:44.728,9.49394,9.4961,1.00,1.00
2017.03.23 06:51:44.779,9.4939,9.49603,1.50,1.00
2017.03.23 06:51:45.127,9.4939,9.49594,1.50,1.00
2017.03.23 06:51:45.280,9.4939,9.49602,1.50,1.00
2017.03.23 06:51:45.382,9.4939,9.49594,1.50,1.00
2017.03.23 06:51:45.693,9.49386,9.49594,1.12,1.00
2017.03.23 06:51:45.895,9.49386,9.49594,1.37,1.00
2017.03.23 06:51:45.946,9.49389,9.49605,1.37,1.00
2017.03.23 06:51:45.997,9.49389,9.49605,1.00,1.00
2017.03.23 06:51:46.351,9.49381,9.49597,1.87,1.00
2017.03.23 06:51:47.861,9.4939,9.49597,1.50,1.00
2017.03.23 06:51:48.068,9.4939,9.49605,1.50,1.00
2017.03.23 06:51:48.271,9.4939,9.49605,1.87,1.00
2017.03.23 06:51:48.726,9.49396,9.49605,1.87,1.00
2017.03.23 06:51:48.777,9.49398,9.49614,1.00,1.00
2017.03.23 06:51:48.879,9.49396,9.49605,1.12,1.00
2017.03.23 06:51:49.176,9.49398,9.49614,1.00,1.00
2017.03.23 06:51:49.529,9.49411,9.49614,1.00,1.00
2017.03.23 06:51:49.874,9.49422,9.49613,1.00,1.00
2017.03.23 06:51:49.925,9.49422,9.49623,1.00,1.00
2017.03.23 06:51:50.026,9.49422,9.49632,1.00,1.00
2017.03.23 06:51:50.127,9.49416,9.49632,1.00,1.00
2017.03.23 06:51:50.279,9.49408,9.49621,1.00,1.00
2017.03.23 06:51:50.593,9.49414,9.4963,1.00,1.00
2017.03.23 06:51:50.695,9.49413,9.49622,1.00,1.00
2017.03.23 06:51:50.796,9.49415,9.49631,1.37,1.00
2017.03.23 06:51:51.264,9.4941,9.49619,1.50,1.00
2017.03.23 06:51:51.366,9.49403,9.49619,1.37,1.00
2017.03.23 06:51:51.417,9.49403,9.49619,1.00,1.00
2017.03.23 06:51:51.468,9.49414,9.4963,1.00,1.00
2017.03.23 06:51:51.569,9.49404,9.49622,1.00,1.00
2017.03.23 06:51:51.671,9.49395,9.49611,1.00,1.00
2017.03.23 06:51:52.104,9.4938,9.49594,1.50,1.00
2017.03.23 06:51:53.678,9.49387,9.49594,1.00,1.00
2017.03.23 06:51:53.779,9.49379,9.49594,1.50,1.00
2017.03.23 06:51:54.282,9.49384,9.49594,1.37,1.00
2017.03.23 06:51:54.384,9.49385,9.49603,1.37,1.00
2017.03.23 06:51:54.594,9.49384,9.49593,1.00,1.00
2017.03.23 06:51:55.094,9.49386,9.49602,1.00,1.00
2017.03.23 06:51:56.088,9.4938,9.49595,1.50,1.00
2017.03.23 06:52:00.544,9.49386,9.49595,1.12,1.00
2017.03.23 06:52:00.595,9.49386,9.49602,1.87,1.00
2017.03.23 06:52:03.194,9.49394,9.4961,1.00,1.00
2017.03.23 06:52:03.498,9.49386,9.49602,1.12,1.00
2017.03.23 06:52:03.820,9.49394,9.4961,1.00,1.00
2017.03.23 06:52:04.439,9.49394,9.4961,1.37,1.00
2017.03.23 06:52:04.965,9.49394,9.4961,1.37,1.00
2017.03.23 06:52:05.853,9.49394,9.4961,1.00,1.00
2017.03.23 06:52:05.954,9.49394,9.4961,1.37,1.00
2017.03.23 06:52:09.443,9.49396,9.49612,1.12,1.00
2017.03.23 06:52:12.040,9.4939,9.49604,1.87,1.00
2017.03.23 06:52:12.344,9.4941,9.49625,1.00,1.00
2017.03.23 06:52:12.648,9.4941,9.49617,1.00,1.00
2017.03.23 06:52:12.699,9.49401,9.49617,1.00,1.00
2017.03.23 06:52:12.851,9.49391,9.49607,1.00,1.00
2017.03.23 06:52:13.154,9.49408,9.49626,1.00,1.00
2017.03.23 06:52:13.839,9.49399,9.49615,1.00,1.00
2017.03.23 06:52:14.538,9.494,9.49615,2.25,1.00
2017.03.23 06:52:14.741,9.4939,9.49606,2.25,1.00
2017.03.23 06:52:14.943,9.49398,9.49614,1.00,1.00
2017.03.23 06:52:15.362,9.4939,9.49604,1.50,1.00
2017.03.23 06:52:15.515,9.49398,9.49614,1.00,1.00
2017.03.23 06:52:15.631,9.4939,9.49606,1.87,1.00
2017.03.23 06:52:15.682,9.4939,9.49606,1.50,1.00
2017.03.23 06:52:15.834,9.4939,9.49597,1.50,1.00
2017.03.23 06:52:16.053,9.4939,9.49606,1.00,1.00
2017.03.23 06:52:16.256,9.4939,9.49598,1.50,1.00
2017.03.23 06:52:16.357,9.49391,9.49609,1.00,1.00
2017.03.23 06:52:16.953,9.494,9.49616,1.00,1.00
2017.03.23 06:52:17.264,9.4939,9.49606,2.25,1.00
2017.03.23 06:52:17.654,9.49381,9.49597,1.00,1.00
2017.03.23 06:52:17.984,9.49383,9.49599,1.00,1.00
2017.03.23 06:52:18.657,9.49375,9.49591,1.37,1.00
2017.03.23 06:52:20.017,9.49375,9.49591,1.12,1.00
2017.03.23 06:52:20.603,9.49376,9.49591,1.12,1.00
2017.03.23 06:52:21.081,9.49381,9.49591,1.00,1.00
2017.03.23 06:52:22.323,9.49383,9.49599,1.00,1.00
2017.03.23 06:52:22.455,9.49381,9.49589,1.00,1.00
2017.03.23 06:52:22.658,9.49381,9.49597,1.50,1.00
2017.03.23 06:52:22.860,9.49381,9.4959,1.00,1.00
2017.03.23 06:52:24.444,9.49381,9.49597,1.50,1.00
2017.03.23 06:52:25.378,9.49381,9.49588,1.00,1.00
2017.03.23 06:52:26.841,9.49376,9.49588,1.00,1.00
2017.03.23 06:52:28.266,9.4938,9.49596,1.00,1.00
2017.03.23 06:52:29.441,9.49376,9.49591,1.00,1.00
2017.03.23 06:52:29.974,9.49379,9.49591,1.00,1.00
2017.03.23 06:52:32.282,9.49376,9.49591,1.00,1.00
2017.03.23 06:52:35.533,9.49375,9.49591,1.00,1.00
2017.03.23 06:52:35.635,9.49377,9.49591,1.00,1.00
2017.03.23 06:52:35.951,9.49376,9.49582,1.00,1.00
2017.03.23 06:52:36.305,9.49378,9.49582,1.00,1.00
2017.03.23 06:52:36.609,9.49386,9.4959,1.00,1.00
2017.03.23 06:52:38.609,9.49386,9.49601,1.00,1.00
2017.03.23 06:52:38.711,9.49376,9.49592,1.50,1.00
2017.03.23 06:52:38.762,9.49386,9.49592,1.00,1.00
2017.03.23 06:52:38.813,9.49377,9.49592,1.00,1.00
2017.03.23 06:52:38.864,9.49386,9.49592,1.00,1.00
2017.03.23 06:52:38.966,9.49385,9.49602,1.00,1.00
2017.03.23 06:52:39.373,9.49377,9.49593,1.50,1.00
2017.03.23 06:52:41.704,9.49377,9.49585,1.00,1.00
2017.03.23 06:52:42.047,9.49386,9.49585,1.00,1.00
2017.03.23 06:52:42.098,9.49386,9.49596,1.00,1.00
2017.03.23 06:52:42.175,9.49388,9.49606,1.00,1.00
2017.03.23 06:52:43.115,9.49379,9.49594,1.50,1.00
2017.03.23 06:52:43.567,9.49376,9.49594,1.50,1.00
2017.03.23 06:52:43.618,9.49375,9.49585,1.00,1.00
2017.03.23 06:52:44.131,9.49376,9.49585,1.00,1.00
2017.03.23 06:52:44.483,9.49377,9.49593,1.00,1.00
2017.03.23 06:52:44.686,9.49386,9.49593,1.00,1.00
2017.03.23 06:52:45.107,9.49385,9.49601,1.50,1.00
2017.03.23 06:52:45.381,9.49386,9.49592,1.00,1.00
2017.03.23 06:52:45.782,9.49386,9.49602,1.00,1.00
2017.03.23 06:52:46.582,9.49386,9.49593,1.00,1.00
2017.03.23 06:52:47.611,9.49386,9.49602,1.50,1.00
2017.03.23 06:52:47.903,9.49386,9.49593,1.00,1.00
2017.03.23 06:52:48.448,9.49378,9.49593,1.00,1.00
2017.03.23 06:52:49.499,9.49378,9.49596,1.50,1.00
2017.03.23 06:52:49.601,9.4938,9.49596,1.50,1.00
2017.03.23 06:52:49.652,9.49378,9.49596,1.50,1.00
2017.03.23 06:52:49.703,9.49378,9.49585,1.00,1.00
2017.03.23 06:52:49.753,9.49369,9.49585,2.25,1.00
2017.03.23 06:52:50.006,9.49378,9.49594,1.00,1.00
2017.03.23 06:52:51.239,9.4937,9.49585,1.50,1.00
2017.03.23 06:52:51.511,9.49377,9.49593,1.00,1.00
2017.03.23 06:52:51.613,9.4937,9.49582,1.50,1.00
2017.03.23 06:52:51.714,9.49375,9.49591,1.00,1.00
2017.03.23 06:52:51.844,9.49377,9.49593,1.00,1.00
2017.03.23 06:52:52.163,9.49379,9.49594,1.00,1.00
2017.03.23 06:52:52.671,9.4938,9.49594,1.50,1.00
2017.03.23 06:53:00.627,9.4937,9.49585,1.50,1.00
2017.03.23 06:53:00.729,9.49368,9.49577,1.00,1.00
2017.03.23 06:53:01.235,9.49369,9.49587,1.00,1.00
2017.03.23 06:53:01.450,9.49368,9.49577,1.00,1.00
2017.03.23 06:53:02.218,9.49369,9.49585,1.00,1.00
2017.03.23 06:53:02.662,9.49379,9.49585,1.00,1.00
2017.03.23 06:53:03.167,9.49379,9.49586,1.00,1.00
2017.03.23 06:53:03.636,9.49379,9.49578,1.00,1.00
2017.03.23 06:53:03.737,9.4937,9.49578,1.50,1.00
2017.03.23 06:53:03.788,9.4938,9.49578,1.50,1.00
2017.03.23 06:53:03.940,9.4938,9.4959,1.50,1.00
2017.03.23 06:53:04.041,9.4938,9.4958,1.50,1.00
2017.03.23 06:53:04.123,9.4938,9.4959,1.50,1.00
2017.03.23 06:53:04.224,9.4938,9.49582,1.50,1.00
2017.03.23 06:53:04.928,9.4938,9.49591,1.50,1.00
2017.03.23 06:53:05.029,9.4938,9.49582,1.50,1.00
2017.03.23 06:53:05.738,9.49374,9.49582,1.00,1.00
2017.03.23 06:53:05.839,9.49374,9.4959,1.50,1.00
2017.03.23 06:53:06.144,9.49374,9.49582,1.00,1.00
2017.03.23 06:53:06.447,9.49374,9.4959,1.50,1.00
2017.03.23 06:53:06.549,9.49369,9.49579,1.50,1.00
2017.03.23 06:53:06.861,9.4936,9.49571,1.50,1.00
2017.03.23 06:53:06.962,9.49367,9.49583,1.00,1.00
2017.03.23 06:53:07.115,9.49369,9.49583,1.00,1.00
2017.03.23 06:53:07.266,9.49369,9.49585,1.50,1.00
2017.03.23 06:53:07.755,9.49369,9.49574,1.00,1.00
2017.03.23 06:53:07.856,9.49369,9.49583,1.00,1.00
2017.03.23 06:53:09.473,9.49366,9.49581,1.00,1.00
2017.03.23 06:53:11.187,9.49366,9.49574,1.00,1.00
2017.03.23 06:53:11.289,9.49365,9.49581,1.50,1.00
2017.03.23 06:53:12.182,9.49366,9.49581,1.00,1.00
2017.03.23 06:53:13.571,9.4937,9.49581,1.00,1.00
2017.03.23 06:53:13.674,9.49374,9.4959,1.00,1.00
2017.03.23 06:53:14.094,9.4937,9.49582,1.50,1.00
2017.03.23 06:53:14.657,9.49366,9.49582,1.50,1.00
2017.03.23 06:53:15.089,9.49366,9.49574,1.00,1.00
2017.03.23 06:53:15.393,9.49376,9.49582,1.00,1.00
2017.03.23 06:53:15.496,9.49376,9.49592,1.00,1.00
2017.03.23 06:53:15.547,9.49374,9.49592,1.00,1.00
2017.03.23 06:53:15.699,9.49366,9.49582,1.50,1.00
2017.03.23 06:53:17.961,9.49358,9.49574,1.00,1.00
2017.03.23 06:53:18.267,9.49349,9.49564,1.50,1.00
2017.03.23 06:53:18.775,9.4935,9.49564,1.50,1.00
2017.03.23 06:53:20.876,9.49356,9.49572,1.00,1.00
2017.03.23 06:53:21.180,9.49366,9.49572,1.00,1.00
2017.03.23 06:53:21.377,9.49366,9.49575,1.00,1.00
2017.03.23 06:53:21.428,9.49359,9.49575,1.00,1.00
2017.03.23 06:53:21.580,9.49358,9.49567,1.00,1.00
2017.03.23 06:53:21.893,9.49358,9.49559,1.00,1.00
2017.03.23 06:53:22.077,9.49358,9.49573,1.00,1.00
2017.03.23 06:53:22.602,9.49349,9.49565,1.00,1.00
2017.03.23 06:53:25.912,9.49357,9.49573,1.00,1.00
2017.03.23 06:53:26.277,9.49349,9.49565,1.00,1.00
2017.03.23 06:53:27.585,9.49358,9.49574,1.00,1.00
2017.03.23 06:53:28.414,9.49348,9.49564,1.00,1.00
2017.03.23 06:53:28.786,9.49356,9.49572,1.50,1.00
2017.03.23 06:53:29.090,9.4936,9.49563,1.00,1.00
2017.03.23 06:53:29.394,9.4936,9.4957,1.00,1.00
2017.03.23 06:53:30.025,9.4936,9.49562,1.00,1.00
2017.03.23 06:53:30.228,9.49361,9.49577,1.00,1.00
2017.03.23 06:53:30.597,9.4936,9.49569,1.00,1.00
2017.03.23 06:53:30.918,9.49353,9.49569,1.00,1.00
2017.03.23 06:53:31.019,9.49353,9.49564,1.00,1.00
2017.03.23 06:53:31.324,9.4934,9.49552,1.50,1.00
2017.03.23 06:53:31.425,9.49336,9.49552,1.00,1.00
2017.03.23 06:53:31.526,9.4933,9.49524,1.50,1.00
2017.03.23 06:53:31.729,9.49316,9.49514,1.00,1.00
2017.03.23 06:53:31.831,9.49307,9.49514,1.00,1.00
2017.03.23 06:53:32.185,9.4931,9.49514,1.50,1.00
2017.03.23 06:53:32.236,9.4931,9.49523,1.50,1.00
2017.03.23 06:53:32.439,9.49316,9.49532,1.00,1.00
2017.03.23 06:53:32.768,9.4932,9.49532,1.50,1.00
2017.03.23 06:53:33.111,9.4932,9.49524,1.50,1.00
2017.03.23 06:53:33.213,9.4932,9.49532,1.50,1.00
2017.03.23 06:53:37.796,9.49316,9.49532,1.00,1.00
2017.03.23 06:53:37.847,9.4931,9.49522,1.50,1.00
2017.03.23 06:53:38.104,9.49314,9.4953,1.00,1.00
2017.03.23 06:53:38.559,9.49314,9.49524,1.00,1.00
2017.03.23 06:53:38.610,9.4931,9.49522,1.50,1.00
2017.03.23 06:53:39.014,9.49315,9.49531,1.00,1.00
2017.03.23 06:53:41.706,9.49322,9.49531,1.00,1.00
2017.03.23 06:53:41.936,9.49323,9.49539,1.00,1.00
2017.03.23 06:53:42.139,9.49322,9.49531,1.00,1.00
2017.03.23 06:53:42.842,9.49323,9.49539,1.00,1.00
2017.03.23 06:53:43.044,9.49322,9.49532,1.00,1.00
2017.03.23 06:53:43.146,9.49323,9.49539,1.00,1.00
2017.03.23 06:53:43.550,9.49322,9.49531,1.00,1.00
2017.03.23 06:53:44.039,9.49323,9.49539,1.00,1.00
2017.03.23 06:53:45.846,9.49322,9.49531,1.00,1.00
2017.03.23 06:53:46.050,9.49323,9.49541,1.00,1.00
2017.03.23 06:53:46.542,9.49322,9.49533,1.00,1.00
2017.03.23 06:53:49.446,9.49322,9.49535,1.00,1.00
2017.03.23 06:53:51.091,9.4932,9.49535,2.25,1.00
2017.03.23 06:53:51.243,9.4932,9.49527,2.25,1.00
2017.03.23 06:53:51.838,9.4932,9.49535,2.25,1.00
2017.03.23 06:53:54.913,9.49325,9.49535,1.12,1.00
2017.03.23 06:53:55.217,9.49346,9.49543,1.00,1.00
2017.03.23 06:53:55.269,9.49346,9.49551,1.00,1.00
2017.03.23 06:53:55.371,9.49345,9.49543,1.00,1.00
2017.03.23 06:53:55.625,9.49353,9.49554,1.00,1.00
2017.03.23 06:53:55.676,9.49366,9.49562,1.00,1.00
2017.03.23 06:53:55.840,9.49356,9.49562,1.00,1.00
2017.03.23 06:53:55.944,9.49356,9.4957,1.00,1.00
2017.03.23 06:53:56.046,9.49366,9.49562,1.00,1.00
2017.03.23 06:53:56.147,9.49356,9.49562,1.00,1.00
2017.03.23 06:53:56.299,9.49366,9.49562,1.00,1.00
2017.03.23 06:53:56.553,9.49365,9.49571,1.00,1.00
2017.03.23 06:53:56.654,9.49365,9.49579,1.00,1.00
2017.03.23 06:53:56.807,9.49378,9.49579,1.00,1.00
2017.03.23 06:53:56.959,9.49378,9.49587,1.00,1.00
2017.03.23 06:53:57.179,9.49378,9.49585,1.00,1.00
2017.03.23 06:53:57.281,9.49378,9.49593,1.00,1.00
2017.03.23 06:53:57.383,9.49378,9.49585,1.00,1.00
2017.03.23 06:53:57.434,9.49379,9.49595,1.00,1.00
2017.03.23 06:53:57.536,9.49378,9.49587,1.00,1.00
2017.03.23 06:53:57.841,9.49386,9.49587,1.00,1.00
2017.03.23 06:53:57.942,9.49386,9.49596,1.00,1.00
2017.03.23 06:53:58.297,9.4938,9.49596,1.00,1.00
2017.03.23 06:53:58.562,9.49378,9.49587,1.00,1.00
2017.03.23 06:53:58.866,9.49386,9.49587,1.00,1.00
2017.03.23 06:53:58.967,9.49391,9.49595,1.00,1.00
2017.03.23 06:53:59.069,9.49391,9.49603,1.00,1.00
2017.03.23 06:53:59.726,9.49387,9.49603,1.00,1.00
2017.03.23 06:53:59.777,9.49386,9.49594,1.00,1.00
2017.03.23 06:54:00.081,9.49386,9.49597,1.00,1.00
2017.03.23 06:54:00.198,9.49386,9.49589,1.00,1.00
2017.03.23 06:54:00.366,9.49386,9.49597,1.00,1.00
2017.03.23 06:54:00.467,9.49486,9.49597,1.00,1.00
2017.03.23 06:54:00.569,9.49435,9.4963,1.00,1.00
2017.03.23 06:54:00.670,9.49436,9.49624,1.00,1.00
2017.03.23 06:54:00.721,9.49434,9.49624,1.00,1.00
2017.03.23 06:54:00.772,9.49434,9.49643,1.00,1.00
2017.03.23 06:54:00.874,9.49434,9.49633,1.00,1.00
2017.03.23 06:54:01.848,9.49434,9.49624,1.00,1.00
2017.03.23 06:54:02.152,9.49434,9.49616,1.00,1.00
2017.03.23 06:54:02.662,9.49434,9.49624,1.00,1.00
2017.03.23 06:54:02.763,9.49434,9.49611,1.00,1.00
2017.03.23 06:54:02.967,9.49434,9.49619,1.00,1.00
2017.03.23 06:54:03.069,9.49434,9.49628,1.00,1.00
2017.03.23 06:54:03.170,9.49434,9.49616,1.00,1.00
2017.03.23 06:54:03.272,9.49434,9.49625,1.00,1.00
2017.03.23 06:54:04.018,9.49434,9.49617,1.00,1.00
2017.03.23 06:54:04.170,9.4939,9.49605,1.00,1.00
2017.03.23 06:54:04.474,9.49397,9.49613,1.00,1.00
2017.03.23 06:54:04.660,9.4939,9.49605,1.00,1.00
2017.03.23 06:54:06.575,9.4939,9.49604,1.00,1.00
2017.03.23 06:54:06.978,9.4939,9.49597,1.00,1.00
2017.03.23 06:54:07.269,9.49386,9.49597,1.00,1.00
2017.03.23 06:54:07.320,9.4938,9.49597,1.00,1.00
2017.03.23 06:54:07.371,9.4938,9.49588,1.00,1.00
2017.03.23 06:54:08.194,9.4938,9.4958,1.00,1.00
2017.03.23 06:54:08.394,9.4938,9.49591,1.00,1.00
2017.03.23 06:54:08.594,9.4938,9.49584,1.00,1.00
2017.03.23 06:54:08.644,9.49375,9.49584,1.00,1.00
2017.03.23 06:54:08.796,9.4937,9.49581,1.00,1.00
2017.03.23 06:54:09.114,9.49363,9.49581,1.00,1.00
2017.03.23 06:54:09.166,9.4936,9.49572,1.00,1.00
2017.03.23 06:54:09.470,9.49349,9.49564,1.00,1.00
2017.03.23 06:54:09.521,9.49349,9.49554,1.00,1.00
2017.03.23 06:54:09.571,9.49341,9.49554,1.37,1.00
2017.03.23 06:54:09.622,9.49341,9.49554,1.00,1.00
2017.03.23 06:54:10.064,9.49333,9.49549,1.00,1.00
2017.03.23 06:54:10.166,9.4933,9.49541,1.00,1.00
2017.03.23 06:54:14.667,9.4933,9.49533,1.00,1.00
2017.03.23 06:54:15.288,9.4933,9.49542,1.00,1.00
2017.03.23 06:54:15.767,9.4933,9.49534,1.00,1.00
2017.03.23 06:54:16.512,9.4933,9.49542,1.00,1.00
2017.03.23 06:54:18.837,9.49326,9.49542,1.00,1.00
2017.03.23 06:54:19.090,9.4932,9.49535,1.00,1.00
2017.03.23 06:54:19.295,9.49327,9.49543,1.00,1.00
2017.03.23 06:54:23.394,9.4932,9.49535,1.00,1.00
2017.03.23 06:54:24.217,9.49326,9.49535,1.00,1.00
2017.03.23 06:54:24.268,9.4932,9.49535,1.00,1.00
2017.03.23 06:54:24.420,9.49327,9.49543,1.00,1.00
2017.03.23 06:54:24.521,9.4932,9.49534,1.50,1.00
2017.03.23 06:54:24.572,9.49318,9.49535,1.00,1.00
2017.03.23 06:54:24.623,9.49329,9.49534,1.00,1.00
2017.03.23 06:54:24.725,9.4932,9.49528,1.00,1.00
2017.03.23 06:54:24.927,9.4932,9.49534,1.00,1.00
2017.03.23 06:54:25.919,9.4932,9.49527,1.00,1.00
2017.03.23 06:54:26.123,9.4932,9.49534,1.00,1.00
2017.03.23 06:54:27.093,9.4932,9.49527,1.00,1.00
2017.03.23 06:54:27.295,9.4932,9.49534,1.00,1.00
2017.03.23 06:54:27.701,9.4932,9.49526,1.00,1.00
2017.03.23 06:54:29.402,9.4932,9.49529,1.00,1.00
2017.03.23 06:54:42.274,9.4932,9.49524,1.00,1.00
2017.03.23 06:54:43.060,9.4932,9.49529,1.00,1.00
2017.03.23 06:54:45.546,9.4932,9.49524,1.00,1.00
2017.03.23 06:54:45.849,9.4932,9.4952,1.00,1.00
2017.03.23 06:54:46.159,9.4931,9.4952,1.00,1.00
2017.03.23 06:54:46.363,9.4931,9.49512,1.00,1.00
2017.03.23 06:54:46.757,9.4931,9.4952,1.00,1.00
2017.03.23 06:54:47.734,9.4931,9.49512,1.00,1.00
2017.03.23 06:54:48.237,9.4931,9.4952,1.00,1.00
2017.03.23 06:54:49.440,9.4931,9.49518,1.00,1.00
2017.03.23 06:54:49.661,9.4931,9.49524,1.50,1.00
2017.03.23 06:54:51.361,9.4931,9.49518,1.00,1.00
2017.03.23 06:54:51.667,9.4932,9.49524,1.00,1.00
2017.03.23 06:54:51.769,9.49321,9.49534,1.00,1.00
2017.03.23 06:54:51.870,9.4932,9.49528,1.00,1.00
2017.03.23 06:54:52.174,9.49321,9.49537,1.00,1.00
2017.03.23 06:54:52.275,9.4932,9.49529,1.00,1.00
2017.03.23 06:54:52.326,9.49321,9.49537,1.00,1.00
2017.03.23 06:54:53.248,9.4932,9.49529,1.00,1.00
2017.03.23 06:54:53.527,9.49321,9.49537,1.00,1.00
2017.03.23 06:54:53.629,9.49319,9.49529,1.00,1.00
2017.03.23 06:54:53.730,9.49321,9.49537,1.00,1.00
2017.03.23 06:54:54.862,9.4933,9.49537,1.00,1.00
2017.03.23 06:54:55.065,9.4933,9.49545,1.00,1.00
2017.03.23 06:54:55.116,9.4934,9.49545,1.00,1.00
2017.03.23 06:54:55.268,9.49339,9.49555,1.50,1.50
2017.03.23 06:54:55.369,9.49339,9.49546,1.00,1.00
2017.03.23 06:54:55.735,9.4934,9.49554,1.00,1.50
2017.03.23 06:54:56.368,9.4934,9.49545,1.00,1.00
2017.03.23 06:54:58.668,9.4935,9.49554,1.00,1.00
2017.03.23 06:54:59.336,9.4935,9.49561,1.00,1.00
2017.03.23 06:54:59.928,9.4936,9.49561,1.00,1.00
2017.03.23 06:55:00.022,9.4936,9.4957,1.00,1.00
2017.03.23 06:55:00.073,9.49361,9.49577,1.00,1.00
2017.03.23 06:55:00.225,9.4937,9.49577,1.00,1.00
2017.03.23 06:55:00.275,9.49361,9.49577,1.00,1.00
2017.03.23 06:55:00.377,9.4936,9.49566,1.00,1.00
2017.03.23 06:55:00.479,9.4936,9.49575,1.00,1.00
2017.03.23 06:55:00.633,9.4937,9.49567,1.00,1.00
2017.03.23 06:55:00.684,9.4937,9.49578,1.00,1.00
2017.03.23 06:55:01.259,9.49369,9.49578,1.00,1.00
2017.03.23 06:55:01.792,9.4937,9.49578,1.50,1.00
2017.03.23 06:55:05.674,9.49369,9.49578,1.50,1.00
2017.03.23 06:55:06.296,9.4937,9.49578,1.50,1.00
2017.03.23 06:55:08.451,9.49369,9.49578,2.25,1.00
2017.03.23 06:55:08.502,9.4938,9.49578,1.50,1.00
2017.03.23 06:55:08.553,9.4938,9.49587,1.50,1.00
2017.03.23 06:55:08.655,9.4938,9.49595,1.50,1.00
2017.03.23 06:55:08.757,9.4939,9.49603,1.50,1.00
2017.03.23 06:55:09.068,9.494,9.496,1.50,1.00
2017.03.23 06:55:09.354,9.494,9.49608,1.50,1.00
2017.03.23 06:55:09.758,9.494,9.49604,1.50,1.00
2017.03.23 06:55:09.809,9.494,9.49608,1.50,1.00
2017.03.23 06:55:10.218,9.49399,9.49605,1.50,1.00
2017.03.23 06:55:10.736,9.494,9.49604,1.50,1.00
2017.03.23 06:55:10.938,9.4938,9.4959,1.50,1.00
2017.03.23 06:55:11.469,9.49379,9.4959,1.50,1.00
2017.03.23 06:55:12.687,9.4938,9.4959,1.50,1.00
2017.03.23 06:55:13.493,9.49383,9.49599,1.00,1.00
2017.03.23 06:55:15.065,9.49383,9.49594,1.00,1.00
2017.03.23 06:55:15.426,9.49379,9.49585,1.50,1.00
2017.03.23 06:55:21.213,9.49376,9.49584,1.00,1.00
2017.03.23 06:55:21.375,9.49372,9.49584,1.00,1.00
2017.03.23 06:55:21.426,9.49362,9.49574,1.50,1.00
2017.03.23 06:55:21.730,9.49363,9.49554,1.00,1.00
2017.03.23 06:55:21.831,9.49354,9.49554,1.00,1.00
2017.03.23 06:55:21.883,9.4934,9.49553,1.50,1.00
2017.03.23 06:55:21.984,9.49348,9.49554,1.00,1.00
2017.03.23 06:55:22.288,9.4934,9.49539,1.50,1.00
2017.03.23 06:55:22.439,9.49328,9.49534,1.00,1.00
2017.03.23 06:55:22.541,9.49328,9.49524,1.00,1.00
2017.03.23 06:55:23.578,9.49323,9.49524,1.00,1.00
2017.03.23 06:55:23.632,9.49314,9.49514,1.00,1.00
2017.03.23 06:55:23.683,9.49304,9.49514,1.00,1.00
2017.03.23 06:55:23.785,9.493,9.49504,2.25,1.00
2017.03.23 06:55:23.987,9.4929,9.49503,1.50,1.00
2017.03.23 06:55:24.038,9.49289,9.49495,1.50,1.00
2017.03.23 06:55:24.190,9.49287,9.49494,1.00,1.00
2017.03.23 06:55:24.292,9.49287,9.49503,1.00,1.00
2017.03.23 06:55:24.394,9.493,9.49503,1.50,1.00
2017.03.23 06:55:24.495,9.49299,9.49512,1.50,1.00
2017.03.23 06:55:24.596,9.49302,9.49515,1.00,1.00
2017.03.23 06:55:24.901,9.49303,9.49504,1.00,1.00
2017.03.23 06:55:25.002,9.4929,9.49504,2.25,1.00
2017.03.23 06:55:25.104,9.49295,9.49504,1.00,1.00
2017.03.23 06:55:25.410,9.49287,9.49484,1.00,1.00
2017.03.23 06:55:25.579,9.4928,9.49484,2.25,1.00
2017.03.23 06:55:27.315,9.4928,9.49494,1.50,1.00
2017.03.23 06:55:27.366,9.4929,9.49494,1.50,1.00
2017.03.23 06:55:27.518,9.4929,9.49503,1.50,1.00
2017.03.23 06:55:31.818,9.49289,9.49503,1.50,1.00
2017.03.23 06:55:32.405,9.4929,9.49503,1.50,1.00
2017.03.23 06:55:33.098,9.493,9.49513,1.50,1.00
2017.03.23 06:55:33.586,9.493,9.49504,1.50,1.00
2017.03.23 06:55:35.659,9.49297,9.49504,1.00,1.00
2017.03.23 06:55:35.710,9.493,9.49504,1.50,1.50
2017.03.23 06:55:35.812,9.49299,9.49512,1.50,1.00
2017.03.23 06:55:35.913,9.493,9.49503,1.50,1.00
2017.03.23 06:55:36.116,9.4931,9.49524,1.50,1.87
2017.03.23 06:55:36.318,9.493,9.49514,2.25,1.00
2017.03.23 06:55:36.520,9.493,9.49516,1.50,1.00
2017.03.23 06:55:36.676,9.4931,9.49516,1.50,1.00
2017.03.23 06:55:36.727,9.4931,9.49523,1.50,1.00
2017.03.23 06:55:36.828,9.49316,9.49532,1.00,1.00
2017.03.23 06:55:37.335,9.4933,9.49532,1.50,1.00
2017.03.23 06:55:37.437,9.4933,9.49541,1.00,1.00
2017.03.23 06:55:37.538,9.49333,9.49549,1.00,1.00
2017.03.23 06:55:37.788,9.49333,9.49544,1.00,1.00
2017.03.23 06:55:38.103,9.4934,9.49549,1.50,1.00
2017.03.23 06:55:38.255,9.4934,9.49554,3.00,1.12
2017.03.23 06:55:38.356,9.49342,9.49558,1.00,1.00
2017.03.23 06:55:38.407,9.4935,9.49548,1.50,1.00
2017.03.23 06:55:38.564,9.4935,9.49557,1.50,1.00
2017.03.23 06:55:38.616,9.49349,9.49565,2.25,1.87
2017.03.23 06:55:38.667,9.49356,9.49565,1.00,1.00
2017.03.23 06:55:38.819,9.49355,9.49571,1.00,1.00
2017.03.23 06:55:38.870,9.4936,9.49571,1.50,1.00
2017.03.23 06:55:39.181,9.49364,9.49574,1.00,1.00
2017.03.23 06:55:39.283,9.49364,9.49582,1.00,1.00
2017.03.23 06:55:39.562,9.49364,9.49574,1.00,1.00
2017.03.23 06:55:39.714,9.4936,9.49573,2.25,1.00
2017.03.23 06:55:39.866,9.49371,9.49573,1.00,1.00
2017.03.23 06:55:39.917,9.49371,9.49581,1.00,1.00
2017.03.23 06:55:40.120,9.4938,9.49581,1.50,1.00
2017.03.23 06:55:40.322,9.4938,9.49589,1.50,1.00
2017.03.23 06:55:41.629,9.4938,9.49581,1.50,1.00
2017.03.23 06:55:41.731,9.4938,9.4959,1.50,1.00
2017.03.23 06:55:41.933,9.49389,9.4959,1.00,1.00
2017.03.23 06:55:42.136,9.49389,9.49595,1.00,1.00
2017.03.23 06:55:42.238,9.49389,9.4959,1.00,1.00
2017.03.23 06:55:42.390,9.49386,9.4959,1.00,1.00
2017.03.23 06:55:42.441,9.49379,9.49585,1.50,1.00
2017.03.23 06:55:42.542,9.4938,9.49582,1.50,1.00
2017.03.23 06:55:42.644,9.4937,9.49574,1.50,1.00
2017.03.23 06:55:42.847,9.4937,9.49583,1.50,1.00
2017.03.23 06:55:43.048,9.49374,9.49584,1.00,1.00
2017.03.23 06:55:43.150,9.49369,9.4958,1.50,1.00
2017.03.23 06:55:43.419,9.49372,9.49588,1.00,1.00
2017.03.23 06:55:43.728,9.49369,9.4958,1.50,1.00
2017.03.23 06:55:43.829,9.49372,9.4959,1.00,1.00
2017.03.23 06:55:44.234,9.4938,9.4959,1.50,1.00
2017.03.23 06:55:44.537,9.49383,9.49594,1.00,1.00
2017.03.23 06:55:46.421,9.4938,9.4959,2.25,1.00
2017.03.23 06:55:47.287,9.4938,9.49584,1.50,1.00
2017.03.23 06:55:47.676,9.49374,9.49584,1.00,1.00
2017.03.23 06:55:48.254,9.4937,9.49582,1.50,1.00
2017.03.23 06:55:48.557,9.49374,9.49584,1.00,1.12
2017.03.23 06:55:49.004,9.49374,9.49574,1.00,1.00
2017.03.23 06:55:49.055,9.4937,9.49583,1.50,1.00
2017.03.23 06:55:49.106,9.4937,9.49574,1.50,1.00
2017.03.23 06:55:49.452,9.4936,9.49565,1.50,1.00
2017.03.23 06:55:49.533,9.49362,9.49554,1.00,1.00
2017.03.23 06:55:49.747,9.4934,9.49544,1.50,1.00
2017.03.23 06:55:49.798,9.4934,9.49524,1.50,1.00
2017.03.23 06:55:49.849,9.49335,9.49524,1.00,1.00
2017.03.23 06:55:50.052,9.49327,9.4954,1.00,1.00
2017.03.23 06:55:50.103,9.49329,9.4954,1.50,1.00
2017.03.23 06:55:50.407,9.4933,9.49534,1.50,1.00
2017.03.23 06:55:50.730,9.49333,9.49534,1.00,1.00
2017.03.23 06:55:51.050,9.49327,9.49534,1.00,1.00
2017.03.23 06:55:53.480,9.49324,9.49534,1.00,1.00
2017.03.23 06:55:54.762,9.4932,9.49532,1.50,1.00
2017.03.23 06:56:01.163,9.49319,9.49532,1.50,1.00
2017.03.23 06:56:01.264,9.4932,9.49523,1.50,1.00
2017.03.23 06:56:01.366,9.49307,9.49515,1.00,1.00
2017.03.23 06:56:01.467,9.493,9.49514,1.50,1.50
2017.03.23 06:56:01.669,9.49307,9.49514,1.00,1.12
2017.03.23 06:56:02.023,9.49307,9.49523,1.00,1.00
2017.03.23 06:56:02.415,9.4931,9.49523,2.25,1.00
2017.03.23 06:56:02.723,9.4932,9.49531,1.50,1.00
2017.03.23 06:56:03.062,9.4932,9.49514,1.50,1.00
2017.03.23 06:56:03.113,9.49315,9.49514,1.00,1.00
2017.03.23 06:56:03.164,9.49307,9.49514,1.00,1.00
2017.03.23 06:56:03.266,9.493,9.49513,1.50,1.00
2017.03.23 06:56:03.368,9.4931,9.49513,1.50,1.00
2017.03.23 06:56:03.678,9.4932,9.49531,1.50,1.00
2017.03.23 06:56:06.815,9.49319,9.49531,2.25,1.00
2017.03.23 06:56:07.653,9.4932,9.49531,2.25,1.00
2017.03.23 06:56:07.754,9.4934,9.49531,1.50,1.00
2017.03.23 06:56:07.805,9.4934,9.49539,1.50,1.00
2017.03.23 06:56:07.906,9.4934,9.49549,1.50,1.00
2017.03.23 06:56:08.483,9.4935,9.49549,1.50,1.00
2017.03.23 06:56:08.584,9.4935,9.49557,1.50,1.00
2017.03.23 06:56:13.572,9.49346,9.49557,1.00,1.37
2017.03.23 06:56:13.623,9.49341,9.49557,1.00,1.75
2017.03.23 06:56:13.674,9.49341,9.49557,1.00,1.75
2017.03.23 06:56:13.725,9.4935,9.49557,1.50,1.00
2017.03.23 06:56:13.877,9.4935,9.49565,1.50,1.37
2017.03.23 06:56:13.979,9.4935,9.49556,1.50,1.00
2017.03.23 06:56:15.300,9.4935,9.49564,2.25,1.00
2017.03.23 06:56:19.886,9.49356,9.49572,1.00,1.00
2017.03.23 06:56:20.088,9.4935,9.49563,2.25,1.00
2017.03.23 06:56:20.393,9.49355,9.49571,1.00,1.00
2017.03.23 06:56:20.663,9.4936,9.49571,1.50,1.00
2017.03.23 06:56:20.816,9.49364,9.4958,1.00,1.00
2017.03.23 06:56:20.917,9.4937,9.4958,1.50,1.00
2017.03.23 06:56:21.019,9.49364,9.4958,1.00,1.00
2017.03.23 06:56:21.120,9.49361,9.49571,1.00,1.00
2017.03.23 06:56:21.395,9.49364,9.4958,1.00,1.00
2017.03.23 06:56:22.224,9.49366,9.4958,1.00,1.00
2017.03.23 06:56:22.537,9.49379,9.49589,1.50,1.00
2017.03.23 06:56:22.840,9.4938,9.49581,1.50,1.00
2017.03.23 06:56:23.353,9.49379,9.49581,1.50,1.00
2017.03.23 06:56:23.404,9.4937,9.49581,1.50,1.00
2017.03.23 06:56:23.606,9.4937,9.49573,1.50,1.00
2017.03.23 06:56:23.708,9.4937,9.49582,1.50,1.00
2017.03.23 06:56:23.826,9.4937,9.49574,1.50,1.00
2017.03.23 06:56:24.130,9.4937,9.49583,1.50,1.00
2017.03.23 06:56:24.181,9.4937,9.49574,1.50,1.00
2017.03.23 06:56:24.687,9.4936,9.49574,1.50,1.12
2017.03.23 06:56:24.940,9.4936,9.49566,1.50,1.00
2017.03.23 06:56:24.991,9.4936,9.49575,1.50,1.00
2017.03.23 06:56:25.193,9.49367,9.49583,1.00,1.00
2017.03.23 06:56:26.309,9.4936,9.49575,1.50,1.00
2017.03.23 06:56:28.488,9.4937,9.49575,1.50,1.00
2017.03.23 06:56:28.998,9.4937,9.49583,1.50,1.00
2017.03.23 06:56:29.172,9.4937,9.49574,1.50,1.12
2017.03.23 06:56:29.426,9.49348,9.49554,1.00,1.00
2017.03.23 06:56:29.527,9.49348,9.49534,1.00,1.00
2017.03.23 06:56:29.629,9.49331,9.49524,1.00,1.00
2017.03.23 06:56:29.730,9.49339,9.49524,1.00,1.00
2017.03.23 06:56:29.781,9.49339,9.49534,1.00,1.12
2017.03.23 06:56:29.833,9.49331,9.49529,1.00,1.00
2017.03.23 06:56:29.934,9.49331,9.49534,1.00,1.12
2017.03.23 06:56:30.188,9.4933,9.49537,1.50,1.00
2017.03.23 06:56:30.289,9.49329,9.49535,1.50,1.00
2017.03.23 06:56:30.593,9.4933,9.49529,1.50,1.00
2017.03.23 06:56:30.644,9.4933,9.49534,1.50,1.12
2017.03.23 06:56:30.745,9.4932,9.49534,3.00,1.12
2017.03.23 06:56:30.846,9.4932,9.49529,2.25,1.00
2017.03.23 06:56:30.948,9.4932,9.49534,3.00,1.12
2017.03.23 06:56:30.999,9.4932,9.49524,1.50,1.12
2017.03.23 06:56:31.302,9.4932,9.49514,1.00,1.12
2017.03.23 06:56:31.610,9.4931,9.49497,1.00,1.00
2017.03.23 06:56:31.711,9.4931,9.49504,1.00,1.12
2017.03.23 06:56:32.217,9.4931,9.49498,1.00,1.00
2017.03.23 06:56:33.486,9.49289,9.49498,1.50,1.00
2017.03.23 06:56:33.639,9.49336,9.49498,1.00,1.00
2017.03.23 06:56:33.740,9.4933,9.49519,2.25,1.00
2017.03.23 06:56:33.791,9.4932,9.49519,1.50,1.00
2017.03.23 06:56:33.842,9.49323,9.49524,1.00,1.00
2017.03.23 06:56:33.893,9.49323,9.49534,1.00,1.00
2017.03.23 06:56:33.944,9.49336,9.49524,1.00,1.00
2017.03.23 06:56:34.046,9.49326,9.49542,1.00,1.00
2017.03.23 06:56:34.185,9.49323,9.49539,1.00,1.00
2017.03.23 06:56:34.489,9.4934,9.49556,1.50,1.00
2017.03.23 06:56:34.793,9.4934,9.49554,1.50,1.12
2017.03.23 06:56:35.128,9.4935,9.49557,1.87,1.00
2017.03.23 06:56:35.229,9.4935,9.49564,1.87,1.87
2017.03.23 06:56:37.237,9.4935,9.49564,1.87,1.87
2017.03.23 06:56:37.440,9.49357,9.49573,1.00,1.00
2017.03.23 06:56:37.490,9.49359,9.49573,1.50,1.00
2017.03.23 06:56:37.794,9.49365,9.49574,1.00,1.12
2017.03.23 06:56:38.117,9.4936,9.49572,1.50,1.00
2017.03.23 06:56:39.316,9.4937,9.49572,1.50,1.00
2017.03.23 06:56:39.367,9.4937,9.4958,1.50,1.00
2017.03.23 06:56:40.054,9.49373,9.49589,1.00,1.00
2017.03.23 06:56:40.357,9.49382,9.49598,1.00,1.37
2017.03.23 06:56:40.560,9.49382,9.49598,1.00,1.00
2017.03.23 06:56:40.712,9.4939,9.49598,1.50,1.00
2017.03.23 06:56:40.864,9.4939,9.49604,2.25,1.12
2017.03.23 06:56:41.168,9.49397,9.49604,1.00,1.12
2017.03.23 06:56:41.962,9.4939,9.49604,1.50,1.12
2017.03.23 06:56:42.156,9.49397,9.49604,1.00,1.12
2017.03.23 06:56:42.913,9.49397,9.49605,1.00,1.12
2017.03.23 06:56:43.080,9.49389,9.49605,2.25,1.87
2017.03.23 06:56:43.440,9.49397,9.49604,1.00,1.12
2017.03.23 06:56:49.346,9.49394,9.49604,1.00,1.12
2017.03.23 06:56:49.955,9.49402,9.49604,1.00,1.00
2017.03.23 06:56:52.025,9.49402,9.49614,1.00,1.12
2017.03.23 06:56:54.205,9.49402,9.49618,1.00,1.00
2017.03.23 06:56:54.482,9.4941,9.49626,1.00,1.37
2017.03.23 06:56:54.533,9.4941,9.49626,2.25,1.00
2017.03.23 06:56:54.584,9.4942,9.49634,1.50,1.87
2017.03.23 06:56:59.061,9.4942,9.49624,1.50,1.00
2017.03.23 06:56:59.378,9.494,9.49604,1.50,1.00
2017.03.23 06:56:59.429,9.49396,9.49604,1.00,1.00
2017.03.23 06:56:59.480,9.494,9.49604,1.00,1.00
2017.03.23 06:56:59.583,9.49393,9.49604,1.00,1.00
2017.03.23 06:56:59.685,9.4939,9.49601,1.50,1.00
2017.03.23 06:56:59.889,9.4939,9.49604,1.50,1.00
2017.03.23 06:56:59.940,9.4939,9.49594,1.50,1.00
2017.03.23 06:57:00.243,9.49382,9.49574,1.00,1.00
2017.03.23 06:57:00.294,9.4938,9.49574,1.50,1.00
2017.03.23 06:57:00.396,9.4938,9.49572,1.50,1.00
2017.03.23 06:57:00.497,9.4938,9.49574,1.50,1.00
2017.03.23 06:57:00.548,9.49373,9.49585,1.00,1.50
2017.03.23 06:57:00.600,9.49374,9.49577,1.00,1.00
2017.03.23 06:57:00.701,9.49374,9.49584,1.00,1.12
2017.03.23 06:57:01.275,9.49374,9.49574,1.00,1.00
2017.03.23 06:57:01.579,9.49374,9.49569,1.00,1.00
2017.03.23 06:57:01.872,9.49374,9.49577,1.00,1.00
2017.03.23 06:57:02.177,9.49374,9.49584,1.00,1.12
2017.03.23 06:57:02.381,9.49374,9.49576,1.00,1.00
2017.03.23 06:57:02.482,9.49374,9.49584,1.00,1.50
2017.03.23 06:57:02.533,9.49374,9.49574,1.00,1.00
2017.03.23 06:57:02.798,9.49374,9.49584,1.00,1.87
2017.03.23 06:57:03.000,9.49374,9.49576,1.00,1.00
2017.03.23 06:57:03.102,9.49374,9.49584,1.00,1.12
2017.03.23 06:57:03.602,9.4937,9.49584,1.50,1.12
2017.03.23 06:57:04.601,9.4937,9.49576,1.50,1.00
2017.03.23 06:57:05.082,9.4937,9.49584,1.50,1.50
2017.03.23 06:57:05.733,9.49377,9.49593,1.00,1.00
2017.03.23 06:57:06.188,9.4937,9.49585,1.50,1.00
2017.03.23 06:57:06.691,9.49369,9.49585,2.25,1.00
2017.03.23 06:57:07.045,9.49377,9.49593,1.00,1.00
2017.03.23 06:57:08.070,9.49377,9.49584,1.00,1.00
2017.03.23 06:57:08.171,9.49377,9.49593,1.00,1.00
2017.03.23 06:57:09.047,9.49377,9.49584,1.00,1.00
2017.03.23 06:57:09.098,9.4937,9.49584,1.50,1.00
2017.03.23 06:57:09.723,9.49371,9.49584,1.00,1.00
2017.03.23 06:57:11.630,9.49371,9.49587,1.00,1.00
2017.03.23 06:57:11.794,9.49371,9.49584,1.00,1.00
2017.03.23 06:57:12.086,9.49371,9.49587,1.00,1.00
2017.03.23 06:57:12.187,9.49371,9.49584,1.00,1.00
2017.03.23 06:57:12.480,9.49371,9.49587,1.00,1.00
2017.03.23 06:57:12.531,9.49371,9.49585,1.00,1.00
2017.03.23 06:57:13.084,9.49371,9.49587,1.00,1.00
2017.03.23 06:57:13.186,9.49371,9.49585,1.00,1.00
2017.03.23 06:57:13.519,9.49371,9.49587,1.00,1.00
2017.03.23 06:57:13.812,9.49371,9.49584,1.00,1.00
2017.03.23 06:57:14.509,9.49371,9.49587,1.00,1.00
2017.03.23 06:57:17.435,9.49371,9.49584,1.00,1.00
2017.03.23 06:57:17.536,9.49379,9.49594,1.00,1.12
2017.03.23 06:57:18.042,9.4938,9.49595,2.25,1.00
2017.03.23 06:57:18.295,9.49389,9.49595,1.50,1.00
2017.03.23 06:57:18.621,9.4939,9.49605,1.50,1.00
2017.03.23 06:57:18.672,9.494,9.49605,1.50,1.00
2017.03.23 06:57:18.774,9.49389,9.49605,1.00,1.00
2017.03.23 06:57:18.825,9.494,9.49613,1.50,1.00
2017.03.23 06:57:19.129,9.4942,9.49623,1.50,1.00
2017.03.23 06:57:19.180,9.4941,9.49623,1.50,1.00
2017.03.23 06:57:19.231,9.49416,9.49632,1.00,1.00
2017.03.23 06:57:19.332,9.4941,9.49624,1.50,1.00
2017.03.23 06:57:19.489,9.49417,9.49634,1.00,1.12
2017.03.23 06:57:20.027,9.4943,9.49634,1.50,1.00
2017.03.23 06:57:20.179,9.4942,9.49626,1.50,1.00
2017.03.23 06:57:20.230,9.49426,9.49634,1.00,1.12
2017.03.23 06:57:20.281,9.49426,9.49642,1.00,1.00
2017.03.23 06:57:20.332,9.4942,9.49633,1.50,1.00
2017.03.23 06:57:20.727,9.4943,9.49642,1.50,1.00
2017.03.23 06:57:25.220,9.4943,9.49634,1.50,1.50
2017.03.23 06:57:25.385,9.4942,9.49634,1.50,1.00
2017.03.23 06:57:25.436,9.4943,9.49642,1.50,1.00
2017.03.23 06:57:25.538,9.49434,9.4965,1.00,1.00
2017.03.23 06:57:25.639,9.49434,9.49644,1.00,1.12
2017.03.23 06:57:25.690,9.49434,9.4965,1.00,1.00
2017.03.23 06:57:26.287,9.49434,9.49644,1.00,1.00
2017.03.23 06:57:26.439,9.4943,9.49641,1.50,1.00
2017.03.23 06:57:26.642,9.4944,9.49633,1.50,1.00
2017.03.23 06:57:26.743,9.4944,9.49642,1.50,1.00
2017.03.23 06:57:26.803,9.4944,9.49651,1.50,1.00
2017.03.23 06:57:29.344,9.4944,9.49647,1.50,1.00
2017.03.23 06:57:32.297,9.49439,9.49647,1.50,1.00
2017.03.23 06:57:32.398,9.49428,9.49638,1.00,1.00
2017.03.23 06:57:32.449,9.49423,9.4963,1.00,1.00
2017.03.23 06:57:32.854,9.49423,9.4964,1.00,1.00
2017.03.23 06:57:33.056,9.49422,9.49634,1.00,1.00
2017.03.23 06:57:33.360,9.4941,9.49614,1.50,1.00
2017.03.23 06:57:33.673,9.494,9.49604,1.50,1.00
2017.03.23 06:57:33.774,9.49403,9.49614,1.00,1.00
2017.03.23 06:57:34.027,9.494,9.49611,1.50,1.00
2017.03.23 06:57:34.460,9.49405,9.49614,1.00,1.00
2017.03.23 06:57:34.561,9.49405,9.49621,1.00,1.00
2017.03.23 06:57:34.612,9.49405,9.49614,1.00,1.12
2017.03.23 06:57:34.663,9.494,9.49612,1.50,1.00
2017.03.23 06:57:35.005,9.494,9.49604,1.50,1.00
2017.03.23 06:57:35.814,9.4939,9.49604,1.50,1.50
2017.03.23 06:57:36.790,9.49389,9.49595,1.50,1.00
2017.03.23 06:57:37.043,9.4938,9.49594,1.50,1.12
2017.03.23 06:57:38.555,9.49387,9.49594,1.00,1.12
2017.03.23 06:57:40.733,9.49387,9.49603,1.00,1.00
2017.03.23 06:57:40.835,9.4939,9.49594,1.50,1.00
2017.03.23 06:57:40.886,9.4939,9.49603,1.50,1.00
2017.03.23 06:57:40.936,9.4939,9.49594,1.50,1.00
2017.03.23 06:57:41.366,9.4939,9.49604,1.50,1.87
2017.03.23 06:57:42.878,9.49396,9.49604,1.00,1.12
2017.03.23 06:57:44.166,9.4939,9.49603,1.50,1.00
2017.03.23 06:57:44.351,9.49395,9.49604,1.00,1.00
2017.03.23 06:57:45.467,9.4939,9.49603,1.50,1.00
2017.03.23 06:57:47.075,9.49398,9.49604,1.00,1.00
2017.03.23 06:57:48.489,9.4939,9.49604,1.50,1.87
2017.03.23 06:57:49.395,9.49391,9.49604,1.00,1.00
2017.03.23 06:57:49.598,9.49391,9.49607,1.00,1.00
2017.03.23 06:57:49.807,9.494,9.49614,1.00,1.12
2017.03.23 06:57:49.858,9.49391,9.49607,1.00,1.00
2017.03.23 06:57:50.161,9.494,9.49614,1.00,1.12
2017.03.23 06:57:50.465,9.494,9.49604,1.50,1.00
2017.03.23 06:57:50.896,9.49399,9.49597,1.50,1.00
2017.03.23 06:57:51.086,9.494,9.49604,1.50,1.00
2017.03.23 06:57:51.594,9.49399,9.49605,1.50,1.50
2017.03.23 06:57:51.645,9.49389,9.49605,2.25,1.87
2017.03.23 06:57:51.806,9.49398,9.49614,1.00,1.87
2017.03.23 06:57:52.110,9.4939,9.49604,2.25,1.00
2017.03.23 06:57:54.168,9.49398,9.49604,1.00,1.00
2017.03.23 06:57:54.484,9.49398,9.49614,1.00,1.00
2017.03.23 06:57:54.636,9.49398,9.49604,1.00,1.00
2017.03.23 06:57:54.788,9.49398,9.49614,1.00,1.87
2017.03.23 06:57:54.839,9.494,9.49614,1.50,1.87
2017.03.23 06:57:55.169,9.494,9.49606,1.50,1.00
2017.03.23 06:57:55.395,9.494,9.49614,1.50,1.00
2017.03.23 06:57:55.497,9.49409,9.49624,1.00,1.12
2017.03.23 06:57:55.548,9.49409,9.49604,1.00,1.00
2017.03.23 06:57:55.599,9.49409,9.49614,1.00,1.00
2017.03.23 06:57:55.650,9.49409,9.49604,1.00,1.00
2017.03.23 06:57:55.701,9.49401,9.49604,1.00,1.00
2017.03.23 06:57:55.802,9.49401,9.49617,1.00,1.00
2017.03.23 06:57:56.005,9.4941,9.49626,2.25,1.00
2017.03.23 06:57:56.417,9.49421,9.49625,1.00,1.12
2017.03.23 06:57:56.468,9.49413,9.49625,1.00,1.12
2017.03.23 06:57:56.519,9.49413,9.49629,1.00,1.00
2017.03.23 06:57:56.671,9.49421,9.49634,1.00,1.12
2017.03.23 06:57:56.988,9.4942,9.49629,1.50,1.00
2017.03.23 06:57:58.897,9.49419,9.49629,1.50,1.00
2017.03.23 06:57:59.114,9.49421,9.49637,1.00,1.00
2017.03.23 06:57:59.216,9.4942,9.49628,1.50,1.00
2017.03.23 06:57:59.470,9.4942,9.49631,1.50,1.00
2017.03.23 06:58:00.197,9.49419,9.49631,1.50,1.00
2017.03.23 06:58:00.769,9.4942,9.49631,1.50,1.00
2017.03.23 06:58:02.172,9.49419,9.49631,1.50,1.00
2017.03.23 06:58:02.750,9.4942,9.49631,1.50,1.00
2017.03.23 06:58:03.769,9.49419,9.49631,1.50,1.00
2017.03.23 06:58:04.316,9.4942,9.49631,1.50,1.00
2017.03.23 06:58:04.468,9.4942,9.49624,1.50,1.00
2017.03.23 06:58:04.621,9.49415,9.49624,1.00,1.00
2017.03.23 06:58:04.723,9.4941,9.49623,2.25,1.00
2017.03.23 06:58:04.774,9.4941,9.49614,1.50,1.00
2017.03.23 06:58:04.927,9.494,9.49614,1.50,1.00
2017.03.23 06:58:04.978,9.494,9.49607,1.50,1.00
2017.03.23 06:58:05.231,9.4939,9.496,1.50,1.00
2017.03.23 06:58:05.282,9.4939,9.49604,1.50,1.87
2017.03.23 06:58:05.333,9.4939,9.49594,1.50,1.00
2017.03.23 06:58:05.586,9.4939,9.49604,1.50,1.87
2017.03.23 06:58:05.688,9.4939,9.49592,1.50,1.00
2017.03.23 06:58:05.790,9.49389,9.49602,1.50,1.00
2017.03.23 06:58:06.105,9.4939,9.49594,1.50,1.00
2017.03.23 06:58:06.639,9.4939,9.49602,1.50,1.00
2017.03.23 06:58:06.791,9.4939,9.49593,1.50,1.00
2017.03.23 06:58:06.892,9.4939,9.49602,1.50,1.00
2017.03.23 06:58:07.423,9.494,9.49602,1.50,1.00
2017.03.23 06:58:09.430,9.494,9.4961,1.50,1.00
2017.03.23 06:58:09.532,9.494,9.49605,1.50,1.00
2017.03.23 06:58:10.063,9.494,9.49604,1.50,1.00
2017.03.23 06:58:10.722,9.494,9.49605,1.50,1.00
2017.03.23 06:58:11.369,9.494,9.49604,1.50,1.00
2017.03.23 06:58:12.225,9.494,9.49605,1.50,1.00
2017.03.23 06:58:12.778,9.494,9.49604,1.50,1.00
2017.03.23 06:58:13.082,9.494,9.49597,1.50,1.00
2017.03.23 06:58:13.234,9.4939,9.49594,1.50,1.00
2017.03.23 06:58:13.285,9.4939,9.49604,1.50,1.00
2017.03.23 06:58:13.336,9.4939,9.49597,1.50,1.00
2017.03.23 06:58:13.551,9.49389,9.49605,2.25,1.50
2017.03.23 06:58:13.868,9.494,9.49605,1.50,1.00
2017.03.23 06:58:14.379,9.494,9.49604,1.50,1.00
2017.03.23 06:58:16.480,9.494,9.49605,1.50,1.00
2017.03.23 06:58:17.103,9.494,9.49604,1.50,1.00
2017.03.23 06:58:17.647,9.494,9.49605,1.50,1.00
2017.03.23 06:58:18.917,9.494,9.49614,1.50,1.87
2017.03.23 06:58:19.120,9.4941,9.49621,1.50,1.00
2017.03.23 06:58:19.424,9.49414,9.4963,1.00,1.00
2017.03.23 06:58:19.525,9.4941,9.49622,1.50,1.00
2017.03.23 06:58:19.930,9.49414,9.4963,1.00,1.00
2017.03.23 06:58:20.233,9.49409,9.49622,1.50,1.00
2017.03.23 06:58:20.537,9.4941,9.4962,1.50,1.00
2017.03.23 06:58:21.042,9.49409,9.4962,1.50,1.00
2017.03.23 06:58:23.404,9.4941,9.4962,1.50,1.00
2017.03.23 06:58:23.707,9.49412,9.49628,1.00,1.00
2017.03.23 06:58:23.809,9.4941,9.4962,1.50,1.00
2017.03.23 06:58:24.104,9.49413,9.49629,1.00,1.00
2017.03.23 06:58:24.351,9.49413,9.49624,1.00,1.00
2017.03.23 06:58:24.402,9.49413,9.49629,1.00,1.00
2017.03.23 06:58:24.453,9.49404,9.4962,1.00,1.00
2017.03.23 06:58:24.757,9.49412,9.49624,1.00,1.00
2017.03.23 06:58:24.910,9.49402,9.49618,1.00,1.00
2017.03.23 06:58:25.012,9.494,9.4961,2.25,1.00
2017.03.23 06:58:25.215,9.49405,9.49621,1.00,1.00
2017.03.23 06:58:25.693,9.4941,9.49621,1.50,1.00
2017.03.23 06:58:26.346,9.49409,9.49621,1.50,1.00
2017.03.23 06:58:26.849,9.4941,9.49621,1.50,1.00
2017.03.23 06:58:29.412,9.4941,9.49618,1.50,1.00
2017.03.23 06:58:32.420,9.494,9.49609,1.50,1.00
2017.03.23 06:58:32.522,9.49401,9.49617,1.00,1.00
2017.03.23 06:58:32.574,9.49401,9.49614,1.00,1.12
2017.03.23 06:58:32.879,9.4939,9.49599,1.50,1.00
2017.03.23 06:58:34.967,9.4939,9.49594,1.50,1.00
2017.03.23 06:58:38.826,9.49383,9.49595,1.00,1.00
2017.03.23 06:58:39.129,9.4938,9.4959,2.25,1.00
2017.03.23 06:58:40.471,9.49382,9.49598,1.00,1.00
2017.03.23 06:58:45.317,9.49382,9.49584,1.00,1.00
2017.03.23 06:58:46.495,9.49382,9.49594,1.00,1.12
2017.03.23 06:58:46.547,9.4938,9.49589,1.50,1.00
2017.03.23 06:58:47.042,9.49381,9.49594,1.00,1.12
2017.03.23 06:58:47.779,9.4938,9.49589,1.50,1.00
2017.03.23 06:58:49.344,9.4938,9.49592,1.50,1.00
2017.03.23 06:58:53.018,9.49446,9.49592,1.00,1.00
2017.03.23 06:58:53.069,9.49419,9.49607,1.50,1.00
2017.03.23 06:58:53.120,9.49411,9.49607,1.00,1.00
2017.03.23 06:58:53.171,9.49411,9.49621,1.00,1.00
2017.03.23 06:58:53.272,9.49413,9.49629,1.00,1.00
2017.03.23 06:58:53.373,9.49421,9.49637,1.00,1.00
2017.03.23 06:58:54.277,9.49412,9.49628,1.00,1.00
2017.03.23 06:58:55.698,9.4942,9.49636,1.00,1.00
2017.03.23 06:58:56.002,9.4942,9.49628,1.50,1.00
2017.03.23 06:58:59.378,9.49421,9.49637,1.00,1.00
2017.03.23 06:58:59.537,9.4942,9.4963,1.50,1.00
2017.03.23 06:58:59.588,9.49422,9.49638,1.00,1.00
2017.03.23 06:59:00.211,9.4942,9.4963,1.50,1.00
2017.03.23 06:59:03.434,9.49416,9.4963,1.00,1.00
2017.03.23 06:59:03.485,9.49414,9.4963,1.00,1.00
2017.03.23 06:59:03.536,9.49414,9.4963,1.00,1.37
2017.03.23 06:59:03.587,9.49414,9.4963,1.00,1.00
2017.03.23 06:59:03.638,9.4942,9.4963,1.50,1.00
2017.03.23 06:59:03.689,9.49422,9.49638,1.00,1.00
2017.03.23 06:59:03.790,9.4942,9.49625,1.50,1.00
2017.03.23 06:59:03.891,9.49412,9.49625,1.00,1.00
2017.03.23 06:59:03.993,9.49412,9.49616,1.00,1.00
2017.03.23 06:59:04.343,9.4941,9.49616,1.50,1.00
2017.03.23 06:59:04.595,9.49419,9.49635,2.25,1.00
2017.03.23 06:59:08.673,9.4942,9.49635,1.50,1.00
2017.03.23 06:59:08.927,9.4942,9.49626,1.50,1.00
2017.03.23 06:59:09.155,9.4942,9.49635,1.50,1.00
2017.03.23 06:59:09.408,9.4942,9.49632,1.50,1.00
2017.03.23 06:59:15.164,9.49416,9.49632,1.00,1.00
2017.03.23 06:59:15.215,9.4941,9.49623,1.50,1.00
2017.03.23 06:59:15.367,9.49407,9.49623,1.00,1.00
2017.03.23 06:59:15.418,9.49399,9.49615,1.00,1.00
2017.03.23 06:59:15.722,9.49402,9.49618,1.00,1.00
2017.03.23 06:59:17.054,9.49394,9.4961,1.00,1.00
2017.03.23 06:59:17.357,9.49403,9.49619,1.00,1.00
2017.03.23 06:59:17.661,9.4939,9.49603,2.25,1.00
2017.03.23 06:59:17.712,9.49395,9.49613,1.00,1.00
2017.03.23 06:59:17.814,9.49405,9.49621,1.00,1.00
2017.03.23 06:59:18.816,9.49397,9.49613,1.00,1.00
2017.03.23 06:59:29.341,9.49401,9.49617,1.00,1.00
2017.03.23 06:59:30.239,9.49411,9.49627,1.00,1.00
2017.03.23 06:59:30.556,9.49409,9.49623,1.50,1.00
2017.03.23 06:59:31.063,9.4942,9.49624,1.50,1.00
2017.03.23 06:59:31.114,9.4941,9.49624,1.50,1.00
2017.03.23 06:59:31.165,9.49416,9.49632,1.00,1.00
2017.03.23 06:59:31.317,9.4942,9.49632,1.50,1.00
2017.03.23 06:59:31.469,9.49424,9.4964,1.00,1.00
2017.03.23 06:59:32.052,9.4943,9.4964,1.50,1.00
2017.03.23 06:59:32.457,9.49424,9.4964,1.00,1.00
2017.03.23 06:59:32.760,9.4943,9.4964,1.50,1.00
2017.03.23 06:59:34.977,9.49432,9.49648,1.00,1.00
2017.03.23 06:59:35.928,9.4943,9.4964,1.50,1.00
2017.03.23 06:59:44.187,9.49424,9.4964,1.00,1.00
2017.03.23 06:59:44.491,9.49434,9.4965,1.00,1.00
2017.03.23 06:59:45.100,9.49439,9.4965,1.50,1.00
2017.03.23 06:59:45.252,9.49442,9.49658,1.00,1.00
2017.03.23 06:59:46.564,9.4944,9.4965,1.50,1.00
2017.03.23 06:59:46.867,9.49442,9.49658,1.00,1.00
2017.03.23 06:59:46.969,9.4944,9.49648,1.50,1.00
2017.03.23 06:59:48.075,9.49443,9.49659,1.00,1.00
2017.03.23 06:59:48.969,9.4944,9.49651,1.50,1.00
2017.03.23 06:59:49.279,9.49442,9.49658,1.00,1.00
2017.03.23 06:59:49.482,9.49439,9.4965,1.50,1.00
2017.03.23 06:59:49.583,9.4944,9.49654,1.50,1.00
2017.03.23 06:59:50.112,9.49438,9.49654,1.00,1.00
2017.03.23 06:59:50.264,9.49446,9.49662,1.00,1.00
2017.03.23 06:59:50.591,9.49435,9.49651,1.00,1.37
2017.03.23 06:59:50.954,9.49444,9.4966,1.00,1.37
2017.03.23 06:59:51.157,9.49432,9.4965,1.00,1.37
2017.03.23 06:59:54.085,9.49432,9.4965,1.00,1.37
2017.03.23 06:59:55.448,9.49432,9.4965,1.00,1.37
2017.03.23 06:59:58.889,9.49423,9.49639,1.00,1.00
