2017.10.18 23:00:01.030,9.60034,9.60275,1.00,3.00
2017.10.18 23:00:01.844,9.60034,9.60274,1.00,3.00
2017.10.18 23:00:02.557,9.60035,9.60274,1.00,3.00
2017.10.18 23:00:02.863,9.60035,9.60267,1.00,1.00
2017.10.18 23:00:02.914,9.60035,9.60274,1.00,3.00
2017.10.18 23:00:10.127,9.60033,9.60274,1.00,3.00
2017.10.18 23:00:11.181,9.60033,9.60262,1.00,1.00
2017.10.18 23:00:11.241,9.60033,9.60269,1.00,1.00
2017.10.18 23:00:11.292,9.60033,9.60258,1.00,1.00
2017.10.18 23:00:11.496,9.60033,9.60262,1.00,1.00
2017.10.18 23:00:12.444,9.60033,9.60274,1.00,3.00
2017.10.18 23:00:17.625,9.60034,9.60274,1.00,3.00
2017.10.18 23:00:21.229,9.60034,9.60266,1.00,1.00
2017.10.18 23:00:21.280,9.60021,9.60266,1.00,1.00
2017.10.18 23:00:21.331,9.60021,9.60258,1.00,1.00
2017.10.18 23:00:21.497,9.60021,9.6026,1.00,1.00
2017.10.18 23:00:22.544,9.60033,9.60274,1.00,3.00
2017.10.18 23:00:25.157,9.60034,9.60274,1.00,3.00
2017.10.18 23:00:31.195,9.60034,9.60266,1.00,1.00
2017.10.18 23:00:31.246,9.60021,9.60266,1.00,1.00
2017.10.18 23:00:31.296,9.60021,9.60258,1.00,1.00
2017.10.18 23:00:31.525,9.60021,9.6026,1.00,1.00
2017.10.18 23:00:32.515,9.60034,9.60274,1.00,3.00
2017.10.18 23:00:34.106,9.60034,9.6026,1.00,1.00
2017.10.18 23:00:36.106,9.60034,9.60274,1.00,3.00
2017.10.18 23:00:36.769,9.60021,9.60274,1.00,3.00
2017.10.18 23:00:36.871,9.60021,9.60265,1.00,1.00
2017.10.18 23:00:37.211,9.60021,9.60263,1.00,1.00
2017.10.18 23:00:37.550,9.60021,9.60255,1.00,1.00
2017.10.18 23:00:40.186,9.60015,9.60255,1.00,1.00
2017.10.18 23:00:41.343,9.60015,9.60263,1.00,1.00
2017.10.18 23:00:41.394,9.60015,9.60256,1.00,1.00
2017.10.18 23:00:41.676,9.6001,9.60256,1.00,1.00
2017.10.18 23:00:43.841,9.6001,9.60265,1.00,1.00
2017.10.18 23:00:43.893,9.6001,9.60255,1.00,1.00
2017.10.18 23:00:44.889,9.6001,9.60265,1.50,1.00
2017.10.18 23:00:44.940,9.6001,9.60255,1.50,1.00
2017.10.18 23:00:45.319,9.6001,9.60263,1.00,1.00
2017.10.18 23:00:45.370,9.6001,9.60255,1.00,1.00
2017.10.18 23:00:46.604,9.6001,9.60264,1.00,1.00
2017.10.18 23:00:46.655,9.6001,9.60255,1.00,1.00
2017.10.18 23:00:47.162,9.6,9.60255,1.00,1.00
2017.10.18 23:00:47.643,9.60007,9.60255,1.00,1.00
2017.10.18 23:00:48.149,9.60011,9.60255,1.00,1.00
2017.10.18 23:00:53.376,9.60018,9.60261,1.00,1.00
2017.10.18 23:00:53.767,9.60018,9.60255,1.00,1.00
2017.10.18 23:00:53.819,9.60018,9.60261,1.00,1.00
2017.10.18 23:00:53.870,9.60018,9.60255,1.00,1.00
2017.10.18 23:00:55.217,9.60013,9.60255,1.00,1.00
2017.10.18 23:00:58.588,9.60013,9.60261,1.00,1.00
2017.10.18 23:00:58.639,9.60013,9.60255,1.00,1.00
2017.10.18 23:00:59.838,9.60013,9.60261,1.00,1.00
2017.10.18 23:00:59.890,9.60013,9.60255,1.00,1.00
2017.10.18 23:01:01.889,9.60013,9.60262,1.00,1.00
2017.10.18 23:01:01.940,9.60013,9.60255,1.00,1.00
2017.10.18 23:01:02.144,9.60013,9.60262,1.00,1.00
2017.10.18 23:01:02.195,9.60013,9.60255,1.00,1.00
2017.10.18 23:01:02.788,9.60014,9.60255,1.00,1.00
2017.10.18 23:01:03.114,9.60014,9.60261,1.00,1.00
2017.10.18 23:01:03.165,9.60014,9.60256,1.00,1.00
2017.10.18 23:01:04.088,9.60014,9.60261,1.00,1.00
2017.10.18 23:01:04.140,9.60014,9.60255,1.00,1.00
2017.10.18 23:01:04.839,9.60014,9.60261,1.00,1.00
2017.10.18 23:01:04.890,9.60014,9.60255,1.00,1.00
2017.10.18 23:01:06.139,9.60014,9.60262,1.00,1.00
2017.10.18 23:01:06.190,9.60014,9.60255,1.00,1.00
2017.10.18 23:01:10.247,9.60019,9.60255,1.00,1.00
2017.10.18 23:01:17.754,9.60017,9.60255,1.00,1.00
2017.10.18 23:01:34.896,9.60017,9.60254,1.00,1.00
2017.10.18 23:01:35.535,9.60017,9.60255,1.00,1.00
2017.10.18 23:01:36.981,9.60017,9.60253,1.00,1.00
2017.10.18 23:01:37.236,9.60017,9.60255,1.00,1.00
2017.10.18 23:01:39.588,9.60017,9.60254,1.00,1.00
2017.10.18 23:01:39.889,9.60004,9.60253,1.00,1.00
2017.10.18 23:01:40.486,9.60004,9.60254,1.00,1.00
2017.10.18 23:01:42.845,9.60004,9.60255,1.00,1.00
2017.10.18 23:01:45.886,9.60004,9.60254,1.00,1.00
2017.10.18 23:01:46.824,9.60004,9.60255,1.00,1.00
2017.10.18 23:02:01.512,9.60004,9.60253,1.00,1.00
2017.10.18 23:02:01.687,9.60004,9.60255,1.00,1.00
2017.10.18 23:02:07.407,9.60004,9.60254,1.00,1.00
2017.10.18 23:02:10.367,9.60005,9.60254,1.00,1.00
2017.10.18 23:02:16.668,9.60005,9.60255,1.00,1.50
2017.10.18 23:02:26.979,9.60005,9.60253,1.00,1.00
2017.10.18 23:02:27.306,9.60005,9.60255,1.00,1.00
2017.10.18 23:02:28.139,9.6002,9.60261,1.00,1.00
2017.10.18 23:02:28.469,9.60015,9.60253,1.00,1.00
2017.10.18 23:02:30.443,9.60015,9.60255,1.00,1.00
2017.10.18 23:02:32.852,9.60011,9.60255,1.00,1.00
2017.10.18 23:02:44.782,9.60011,9.60254,1.00,1.00
2017.10.18 23:02:45.344,9.60011,9.60255,1.00,1.00
2017.10.18 23:02:47.883,9.60013,9.60255,1.00,1.00
2017.10.18 23:03:02.913,9.60009,9.60255,1.00,1.00
2017.10.18 23:03:25.517,9.60013,9.60255,1.00,1.00
2017.10.18 23:03:29.879,9.60013,9.60261,1.00,1.00
2017.10.18 23:03:32.973,9.60009,9.60261,1.00,1.00
2017.10.18 23:03:35.644,9.60009,9.60253,1.00,1.00
2017.10.18 23:03:36.552,9.60009,9.60262,1.00,1.00
2017.10.18 23:03:37.162,9.60009,9.60261,1.00,1.00
2017.10.18 23:03:38.189,9.60009,9.60262,1.00,1.00
2017.10.18 23:03:38.693,9.60009,9.60261,1.00,1.00
2017.10.18 23:03:42.984,9.60009,9.60262,1.00,1.00
2017.10.18 23:03:45.168,9.60009,9.60261,1.00,1.00
2017.10.18 23:03:48.003,9.60008,9.60261,1.00,1.00
2017.10.18 23:03:53.550,9.60008,9.60254,1.00,1.00
2017.10.18 23:03:53.601,9.60008,9.60261,1.00,1.00
2017.10.18 23:03:55.576,9.60009,9.60261,1.00,1.00
2017.10.18 23:03:58.343,9.60009,9.60262,1.00,1.00
2017.10.18 23:03:59.038,9.60009,9.60261,1.00,1.00
2017.10.18 23:03:59.139,9.60009,9.60263,1.00,1.00
2017.10.18 23:03:59.766,9.60009,9.60262,1.00,1.00
2017.10.18 23:04:02.126,9.60009,9.60261,1.00,1.00
2017.10.18 23:04:02.889,9.60009,9.60255,1.00,1.00
2017.10.18 23:04:04.088,9.60009,9.60261,1.00,1.00
2017.10.18 23:04:04.140,9.60009,9.60255,1.00,1.00
2017.10.18 23:04:05.332,9.60009,9.60263,1.00,1.00
2017.10.18 23:04:05.383,9.60009,9.60255,1.00,1.00
2017.10.18 23:04:16.588,9.60009,9.60254,1.00,1.00
2017.10.18 23:04:17.112,9.60009,9.60255,1.00,1.00
2017.10.18 23:04:22.588,9.60009,9.60254,1.00,1.00
2017.10.18 23:04:24.081,9.60009,9.60255,1.00,1.00
2017.10.18 23:04:25.687,9.60008,9.60255,1.00,1.00
2017.10.18 23:04:30.497,9.60008,9.60253,1.00,1.00
2017.10.18 23:04:30.549,9.60008,9.60261,1.00,1.00
2017.10.18 23:04:30.600,9.60008,9.60255,1.00,1.00
2017.10.18 23:04:31.338,9.6001,9.60255,1.00,1.00
2017.10.18 23:04:33.143,9.60015,9.60255,1.00,1.00
2017.10.18 23:05:00.838,9.60015,9.60261,1.00,1.00
2017.10.18 23:05:00.889,9.60015,9.60255,1.00,1.00
2017.10.18 23:05:00.942,9.60001,9.60255,1.00,1.00
2017.10.18 23:05:03.155,9.60008,9.60255,1.00,1.00
2017.10.18 23:05:18.185,9.60009,9.60255,1.00,1.00
2017.10.18 23:05:29.314,9.6001,9.60255,1.00,1.00
2017.10.18 23:05:30.045,9.60009,9.60255,1.00,1.00
2017.10.18 23:05:33.214,9.60011,9.60255,1.00,1.00
2017.10.18 23:05:40.838,9.60008,9.60255,1.00,1.00
2017.10.18 23:05:49.418,9.60008,9.60254,1.00,1.00
2017.10.18 23:05:49.974,9.60008,9.60255,1.00,1.00
2017.10.18 23:05:55.637,9.60008,9.60254,1.00,1.00
2017.10.18 23:05:55.890,9.6001,9.60255,1.00,1.00
2017.10.18 23:05:56.401,9.60009,9.60254,1.00,1.00
2017.10.18 23:05:56.911,9.6001,9.60254,1.00,1.00
2017.10.18 23:05:57.491,9.6001,9.60255,1.00,1.00
2017.10.18 23:05:59.647,9.6001,9.60254,1.00,1.00
2017.10.18 23:06:00.208,9.60009,9.60255,1.00,1.00
2017.10.18 23:06:00.868,9.60009,9.60261,1.00,1.00
2017.10.18 23:06:00.919,9.60009,9.60263,1.00,1.00
2017.10.18 23:06:01.137,9.60009,9.60261,1.00,1.00
2017.10.18 23:06:01.542,9.60009,9.60254,1.00,1.00
2017.10.18 23:06:02.154,9.60009,9.60262,1.00,1.00
2017.10.18 23:06:02.789,9.60009,9.60261,1.00,1.00
2017.10.18 23:06:03.275,9.60011,9.60262,1.00,1.00
2017.10.18 23:06:10.090,9.60011,9.60263,1.00,1.00
2017.10.18 23:06:10.848,9.6001,9.60263,1.00,1.00
2017.10.18 23:06:11.402,9.6001,9.60262,1.00,1.00
2017.10.18 23:06:11.942,9.6001,9.60261,1.00,1.00
2017.10.18 23:06:12.657,9.6001,9.60258,1.50,1.00
2017.10.18 23:06:12.708,9.6001,9.60262,1.00,1.00
2017.10.18 23:06:13.360,9.6001,9.60261,1.00,1.00
2017.10.18 23:06:18.338,9.60008,9.60261,1.00,1.00
2017.10.18 23:06:19.233,9.60008,9.60254,1.00,1.00
2017.10.18 23:06:19.335,9.60008,9.60261,1.00,1.00
2017.10.18 23:06:20.792,9.60008,9.60262,1.00,1.00
2017.10.18 23:06:21.340,9.6001,9.60262,1.00,1.00
2017.10.18 23:06:21.596,9.60008,9.60261,1.00,1.00
2017.10.18 23:06:21.874,9.60008,9.60253,1.00,1.00
2017.10.18 23:06:22.271,9.60008,9.60261,1.00,1.00
2017.10.18 23:06:22.996,9.60008,9.60262,1.00,1.00
2017.10.18 23:06:23.538,9.60008,9.60261,1.00,1.00
2017.10.18 23:06:23.991,9.60008,9.60253,1.00,1.00
2017.10.18 23:06:24.093,9.60008,9.60261,1.00,1.00
2017.10.18 23:06:24.194,9.60008,9.60253,1.00,1.00
2017.10.18 23:06:24.354,9.60008,9.60261,1.00,1.00
2017.10.18 23:06:26.053,9.60008,9.60253,1.00,1.00
2017.10.18 23:06:26.312,9.60008,9.60262,1.00,1.00
2017.10.18 23:06:28.609,9.60008,9.60261,1.00,1.00
2017.10.18 23:06:29.089,9.6001,9.60261,1.00,1.00
2017.10.18 23:06:29.191,9.60008,9.60261,1.00,1.00
2017.10.18 23:06:29.292,9.6001,9.60261,1.00,1.00
2017.10.18 23:06:29.744,9.60008,9.60253,1.00,1.00
2017.10.18 23:06:30.140,9.6001,9.60256,1.00,1.00
2017.10.18 23:06:30.343,9.60008,9.60256,1.00,1.00
2017.10.18 23:06:31.140,9.6001,9.60256,1.00,1.50
2017.10.18 23:06:31.560,9.60008,9.60256,1.00,1.00
2017.10.18 23:06:35.804,9.6001,9.60256,1.00,1.00
2017.10.18 23:06:36.412,9.60009,9.60256,1.00,1.00
2017.10.18 23:06:39.391,9.6001,9.60256,1.00,1.50
2017.10.18 23:06:40.376,9.60008,9.60249,1.00,1.00
2017.10.18 23:06:40.427,9.6001,9.60256,1.00,1.00
2017.10.18 23:06:40.908,9.60012,9.60256,1.00,1.50
2017.10.18 23:06:42.889,9.60012,9.60253,1.00,1.00
2017.10.18 23:06:42.991,9.60012,9.60256,1.00,1.00
2017.10.18 23:06:47.193,9.60001,9.60244,1.00,1.00
2017.10.18 23:06:47.497,9.60001,9.60248,1.00,1.00
2017.10.18 23:06:47.700,9.60001,9.60243,1.00,1.00
2017.10.18 23:06:47.751,9.59997,9.60254,1.00,1.50
2017.10.18 23:06:47.877,9.59997,9.6024,1.00,1.00
2017.10.18 23:06:48.208,9.5999,9.60241,1.50,1.00
2017.10.18 23:06:48.789,9.5999,9.6024,1.00,1.00
2017.10.18 23:06:55.940,9.59993,9.6024,1.00,1.00
2017.10.18 23:07:03.444,9.59991,9.6024,1.00,1.00
2017.10.18 23:07:06.837,9.59991,9.60241,1.00,1.00
2017.10.18 23:07:07.371,9.59991,9.6024,1.00,1.00
2017.10.18 23:07:10.967,9.59997,9.6024,1.00,1.00
2017.10.18 23:07:31.414,9.59997,9.60247,1.00,1.00
2017.10.18 23:07:31.465,9.59997,9.60253,1.00,1.50
2017.10.18 23:07:31.516,9.59997,9.6024,1.00,1.00
2017.10.18 23:07:31.567,9.59997,9.60253,1.00,1.50
2017.10.18 23:07:31.618,9.59997,9.60247,1.00,1.00
2017.10.18 23:07:31.669,9.59997,9.60253,1.00,1.00
2017.10.18 23:07:33.304,9.59997,9.6024,1.00,1.00
2017.10.18 23:07:33.533,9.59996,9.60252,1.00,1.00
2017.10.18 23:07:34.214,9.59996,9.6024,1.00,1.00
2017.10.18 23:07:34.667,9.59996,9.60252,1.00,1.00
2017.10.18 23:07:40.948,9.59996,9.6024,1.00,1.00
2017.10.18 23:07:41.316,9.59997,9.60253,1.00,1.50
2017.10.18 23:07:48.488,9.60001,9.60253,1.00,1.00
2017.10.18 23:07:49.830,9.60001,9.6024,1.00,1.00
2017.10.18 23:07:56.080,9.59996,9.6024,1.00,1.00
2017.10.18 23:08:08.142,9.59996,9.60252,1.00,1.00
2017.10.18 23:08:10.992,9.59996,9.6024,1.00,1.00
2017.10.18 23:08:11.271,9.59996,9.60252,1.00,1.00
2017.10.18 23:08:18.544,9.6,9.60253,1.00,1.00
2017.10.18 23:08:18.891,9.6,9.60241,1.00,1.00
2017.10.18 23:08:19.075,9.59989,9.6024,1.00,1.00
2017.10.18 23:08:19.838,9.5999,9.6024,1.00,1.00
2017.10.18 23:08:26.118,9.59997,9.6024,1.00,1.00
2017.10.18 23:08:45.332,9.59997,9.60253,1.00,1.00
2017.10.18 23:08:45.828,9.59997,9.60244,1.00,1.00
2017.10.18 23:08:46.132,9.59997,9.60241,1.00,1.00
2017.10.18 23:08:46.667,9.59997,9.6024,1.00,1.00
2017.10.18 23:08:48.648,9.59991,9.6024,1.00,1.00
2017.10.18 23:08:49.118,9.59991,9.60247,1.00,1.00
2017.10.18 23:08:54.119,9.59991,9.6024,1.00,1.00
2017.10.18 23:08:54.920,9.59991,9.60247,1.00,1.00
2017.10.18 23:08:55.008,9.59996,9.60252,1.00,1.00
2017.10.18 23:08:56.180,9.6,9.60253,1.00,1.00
2017.10.18 23:08:59.629,9.6,9.6024,1.00,1.00
2017.10.18 23:09:00.179,9.6,9.60241,1.00,1.00
2017.10.18 23:09:00.808,9.6,9.6024,1.00,1.00
2017.10.18 23:09:02.784,9.6,9.60253,1.00,1.00
2017.10.18 23:09:03.063,9.60001,9.6024,1.00,1.00
2017.10.18 23:09:03.272,9.60001,9.60247,1.00,1.00
2017.10.18 23:09:03.323,9.60001,9.6024,1.00,1.00
2017.10.18 23:09:03.374,9.59991,9.6024,1.00,1.00
2017.10.18 23:09:03.526,9.5999,9.60246,1.00,1.00
2017.10.18 23:09:03.628,9.5999,9.60244,1.00,1.00
2017.10.18 23:09:03.991,9.5999,9.60246,1.00,1.00
2017.10.18 23:09:04.149,9.5999,9.60241,1.00,1.00
2017.10.18 23:09:04.402,9.5999,9.60244,1.00,1.00
2017.10.18 23:09:05.089,9.5999,9.60246,1.50,1.00
2017.10.18 23:09:05.140,9.6,9.6024,1.00,1.00
2017.10.18 23:09:05.530,9.6,9.60253,1.00,1.00
2017.10.18 23:09:05.784,9.6,9.6024,1.00,1.00
2017.10.18 23:09:05.936,9.6,9.60247,1.00,1.00
2017.10.18 23:09:05.987,9.6,9.60253,1.00,1.00
2017.10.18 23:09:06.038,9.6,9.60244,1.00,1.00
2017.10.18 23:09:10.991,9.6,9.6024,1.00,1.00
2017.10.18 23:09:11.208,9.59992,9.6024,1.00,1.00
2017.10.18 23:09:11.315,9.59991,9.60247,1.00,1.00
2017.10.18 23:09:11.366,9.60001,9.60253,1.00,1.00
2017.10.18 23:09:11.671,9.60003,9.6024,1.00,1.00
2017.10.18 23:09:11.896,9.5999,9.6024,1.00,1.00
2017.10.18 23:09:12.517,9.5999,9.60244,1.00,1.00
2017.10.18 23:09:12.569,9.5999,9.60246,1.00,1.00
2017.10.18 23:09:12.619,9.6,9.60253,1.00,1.00
2017.10.18 23:09:13.130,9.6,9.60254,1.00,1.95
2017.10.18 23:09:13.460,9.6,9.60245,1.00,1.00
2017.10.18 23:09:13.893,9.5999,9.60245,1.00,1.00
2017.10.18 23:09:13.945,9.5999,9.6024,1.00,1.00
2017.10.18 23:09:14.323,9.5999,9.60246,1.00,1.00
2017.10.18 23:09:14.576,9.6,9.6024,1.00,1.00
2017.10.18 23:09:14.786,9.6,9.60253,1.50,1.00
2017.10.18 23:09:18.663,9.60006,9.60253,1.00,1.00
2017.10.18 23:09:31.014,9.60116,9.60277,1.00,1.00
2017.10.18 23:09:31.065,9.60126,9.60324,1.50,1.37
2017.10.18 23:09:31.116,9.60105,9.60324,1.00,1.00
2017.10.18 23:09:31.167,9.60086,9.60339,1.50,1.00
2017.10.18 23:09:31.218,9.60076,9.60322,1.00,1.00
2017.10.18 23:09:31.523,9.60021,9.60267,1.00,1.00
2017.10.18 23:09:31.871,9.60021,9.60251,1.00,1.00
2017.10.18 23:09:31.973,9.59988,9.60252,1.00,1.00
2017.10.18 23:09:32.074,9.59996,9.60235,1.00,1.00
2017.10.18 23:09:32.125,9.59963,9.60235,1.00,1.00
2017.10.18 23:09:32.826,9.59963,9.60218,1.00,1.00
2017.10.18 23:09:33.140,9.59943,9.60218,1.00,1.00
2017.10.18 23:09:33.191,9.59964,9.60218,1.00,1.00
2017.10.18 23:09:33.496,9.59973,9.60218,1.00,1.00
2017.10.18 23:09:33.548,9.59964,9.60218,1.00,1.00
2017.10.18 23:09:33.649,9.59973,9.60218,1.00,1.00
2017.10.18 23:09:33.700,9.59943,9.60218,1.00,1.00
2017.10.18 23:09:33.752,9.59973,9.60218,1.00,1.00
2017.10.18 23:09:33.810,9.59943,9.60218,1.00,1.00
2017.10.18 23:09:34.026,9.59943,9.602,1.00,1.00
2017.10.18 23:09:34.884,9.59945,9.602,1.00,1.00
2017.10.18 23:09:50.202,9.59945,9.60197,1.00,1.00
2017.10.18 23:10:09.453,9.59945,9.60198,1.00,1.00
2017.10.18 23:10:10.064,9.59945,9.60197,1.00,1.00
2017.10.18 23:10:15.131,9.59945,9.60198,1.00,1.00
2017.10.18 23:10:15.708,9.59945,9.60197,1.00,1.00
2017.10.18 23:10:30.240,9.59945,9.60194,1.00,1.00
2017.10.18 23:10:34.901,9.59929,9.60194,1.00,1.00
2017.10.18 23:10:48.887,9.59931,9.60194,1.00,1.00
2017.10.18 23:10:50.240,9.59931,9.6019,1.00,1.00
2017.10.18 23:10:56.420,9.59932,9.6019,1.00,1.00
2017.10.18 23:11:09.731,9.59932,9.60191,1.00,1.00
2017.10.18 23:11:10.194,9.59932,9.60199,1.00,1.00
2017.10.18 23:11:11.473,9.59934,9.60199,1.00,1.00
2017.10.18 23:11:18.900,9.5993,9.60199,1.00,1.00
2017.10.18 23:11:25.897,9.5993,9.60198,1.00,1.00
2017.10.18 23:11:26.474,9.59931,9.60198,1.00,1.00
2017.10.18 23:11:30.241,9.59931,9.60194,1.00,1.00
2017.10.18 23:11:33.930,9.59929,9.60194,1.00,1.00
2017.10.18 23:11:50.466,9.59929,9.60195,1.00,1.00
2017.10.18 23:11:56.534,9.59931,9.60195,1.00,1.00
2017.10.18 23:12:00.452,9.59931,9.60194,1.00,1.00
2017.10.18 23:12:10.202,9.59931,9.60198,1.00,1.00
2017.10.18 23:12:26.600,9.59927,9.60198,1.00,1.00
2017.10.18 23:12:30.222,9.59927,9.60194,1.00,1.00
2017.10.18 23:12:41.624,9.5993,9.60194,1.00,1.00
2017.10.18 23:13:04.110,9.59928,9.60194,1.00,1.00
2017.10.18 23:13:11.734,9.5993,9.60194,1.00,1.00
2017.10.18 23:13:34.170,9.59929,9.60194,1.00,1.00
2017.10.18 23:13:41.764,9.5993,9.60194,1.00,1.00
2017.10.18 23:14:10.239,9.5993,9.60191,1.00,1.00
2017.10.18 23:14:24.397,9.5993,9.6019,1.00,1.00
2017.10.18 23:14:30.197,9.5993,9.602,1.00,1.00
2017.10.18 23:14:34.294,9.59928,9.602,1.00,1.00
2017.10.18 23:14:41.864,9.5993,9.602,1.00,1.00
2017.10.18 23:14:50.310,9.5993,9.60189,1.00,1.00
2017.10.18 23:15:10.192,9.5993,9.60194,1.00,1.00
2017.10.18 23:15:19.381,9.59929,9.60194,1.00,1.00
2017.10.18 23:15:30.242,9.59929,9.60199,1.00,1.00
2017.10.18 23:15:34.412,9.59928,9.60199,1.00,1.00
2017.10.18 23:15:42.025,9.59926,9.60199,1.00,1.00
2017.10.18 23:15:50.240,9.59926,9.6019,1.00,1.00
2017.10.18 23:16:10.209,9.59926,9.60189,1.00,1.00
2017.10.18 23:16:27.075,9.59935,9.60189,1.00,1.00
2017.10.18 23:16:30.243,9.59935,9.60191,1.00,1.00
2017.10.18 23:17:27.175,9.59883,9.60191,1.00,1.00
2017.10.18 23:17:28.690,9.59935,9.60191,1.00,1.00
2017.10.18 23:17:30.199,9.59935,9.60224,1.00,1.00
2017.10.18 23:17:50.302,9.59935,9.6019,1.00,1.00
2017.10.18 23:17:57.296,9.5994,9.6019,1.00,1.00
2017.10.18 23:18:10.242,9.5994,9.60191,1.00,1.00
2017.10.18 23:18:50.241,9.5994,9.6019,1.00,1.00
2017.10.18 23:18:57.512,9.59882,9.6019,1.19,1.00
2017.10.18 23:18:58.994,9.5994,9.6019,1.00,1.00
2017.10.18 23:19:10.242,9.5994,9.60191,1.00,1.00
2017.10.18 23:19:34.073,9.5994,9.60208,1.00,1.00
2017.10.18 23:19:34.278,9.59943,9.60188,1.00,1.00
2017.10.18 23:19:34.909,9.59942,9.60188,1.00,1.00
2017.10.18 23:19:36.940,9.59945,9.60188,1.00,1.00
2017.10.18 23:19:37.545,9.59956,9.60188,1.00,1.00
2017.10.18 23:19:38.212,9.59956,9.60208,1.00,1.00
2017.10.18 23:19:39.914,9.59967,9.60223,1.00,1.00
2017.10.18 23:19:39.965,9.5997,9.60209,1.00,1.00
2017.10.18 23:19:40.438,9.59942,9.60226,1.00,1.00
2017.10.18 23:19:40.590,9.59968,9.60227,1.00,1.00
2017.10.18 23:19:41.128,9.59968,9.60226,1.00,1.00
2017.10.18 23:19:41.894,9.59968,9.60216,1.00,1.00
2017.10.18 23:19:42.466,9.59968,9.60214,1.00,1.00
2017.10.18 23:19:49.922,9.59968,9.60212,1.00,1.00
2017.10.18 23:19:50.292,9.59968,9.60203,1.00,1.00
2017.10.18 23:19:50.596,9.59968,9.60216,1.50,1.00
2017.10.18 23:19:51.334,9.59968,9.60217,1.00,1.00
2017.10.18 23:19:51.823,9.59978,9.60217,1.00,1.00
2017.10.18 23:19:51.946,9.59968,9.60232,1.00,1.00
2017.10.18 23:19:51.997,9.59968,9.60223,1.00,1.00
2017.10.18 23:19:52.049,9.59968,9.60232,1.00,1.00
2017.10.18 23:19:52.100,9.59968,9.6022,1.00,1.00
2017.10.18 23:19:52.741,9.59968,9.60208,1.00,1.00
2017.10.18 23:19:52.793,9.59968,9.60215,1.00,1.00
2017.10.18 23:19:52.845,9.59968,9.60208,1.00,1.00
2017.10.18 23:19:57.496,9.59968,9.60203,1.00,1.00
2017.10.18 23:20:04.248,9.59947,9.60203,1.00,1.00
2017.10.18 23:20:04.350,9.59947,9.60198,1.00,1.00
2017.10.18 23:20:04.619,9.59946,9.60198,1.00,1.50
2017.10.18 23:20:13.550,9.59956,9.60206,1.00,1.00
2017.10.18 23:20:14.214,9.59968,9.60206,1.00,1.00
2017.10.18 23:20:14.561,9.59956,9.60206,1.00,1.00
2017.10.18 23:20:16.415,9.59946,9.60198,1.00,1.00
2017.10.18 23:20:19.985,9.59946,9.60197,1.00,1.00
2017.10.18 23:20:39.041,9.59946,9.60184,1.00,1.00
2017.10.18 23:20:41.383,9.59954,9.60184,1.00,1.00
2017.10.18 23:20:41.547,9.59954,9.60201,1.00,1.00
2017.10.18 23:20:42.639,9.59948,9.60201,1.00,1.00
2017.10.18 23:20:43.239,9.59962,9.60201,1.00,1.00
2017.10.18 23:20:43.341,9.59949,9.60201,1.00,1.00
2017.10.18 23:20:44.120,9.59946,9.60194,1.00,1.00
2017.10.18 23:20:48.099,9.59946,9.60183,1.00,1.00
2017.10.18 23:20:48.200,9.59946,9.60194,1.00,1.00
2017.10.18 23:20:48.252,9.59946,9.60184,1.00,1.00
2017.10.18 23:20:50.305,9.59946,9.60188,1.00,1.00
2017.10.18 23:20:51.215,9.59952,9.60208,1.00,1.50
2017.10.18 23:20:53.122,9.59945,9.60191,1.00,1.00
2017.10.18 23:20:53.642,9.59945,9.60192,1.00,1.00
2017.10.18 23:20:54.260,9.59945,9.60184,1.00,1.00
2017.10.18 23:20:57.619,9.59945,9.60182,1.00,1.00
2017.10.18 23:21:10.243,9.59925,9.60182,1.00,1.00
2017.10.18 23:21:32.329,9.59941,9.60182,1.00,1.00
2017.10.18 23:21:34.978,9.59929,9.60182,1.00,1.00
2017.10.18 23:21:36.984,9.59941,9.60182,1.00,1.00
2017.10.18 23:21:37.989,9.59929,9.60182,1.00,1.00
2017.10.18 23:21:41.555,9.59939,9.60182,1.00,1.00
2017.10.18 23:21:42.080,9.59941,9.60182,1.00,1.00
2017.10.18 23:21:42.740,9.59942,9.60182,1.00,1.00
2017.10.18 23:21:44.115,9.59942,9.60198,1.00,1.00
2017.10.18 23:21:45.512,9.59941,9.60189,1.00,1.00
2017.10.18 23:21:46.580,9.59941,9.60186,1.00,1.00
2017.10.18 23:21:46.732,9.59928,9.60186,1.00,1.00
2017.10.18 23:21:46.784,9.59941,9.60186,1.00,1.00
2017.10.18 23:21:46.835,9.59928,9.60186,1.00,1.00
2017.10.18 23:21:46.937,9.59941,9.60186,1.00,1.00
2017.10.18 23:21:46.988,9.59928,9.60186,1.00,1.00
2017.10.18 23:21:47.090,9.59941,9.60186,1.00,1.00
2017.10.18 23:21:47.140,9.59928,9.60186,1.00,1.00
2017.10.18 23:21:47.242,9.59941,9.60186,1.00,1.00
2017.10.18 23:21:47.391,9.59928,9.60186,1.00,1.00
2017.10.18 23:21:47.443,9.59928,9.60182,1.00,1.00
2017.10.18 23:21:48.733,9.59941,9.60186,1.00,1.00
2017.10.18 23:21:49.672,9.59941,9.60196,1.00,1.00
2017.10.18 23:21:50.212,9.59949,9.60193,1.00,1.00
2017.10.18 23:21:52.965,9.59941,9.60191,1.00,1.00
2017.10.18 23:21:53.968,9.59941,9.6018,1.00,1.00
2017.10.18 23:21:55.018,9.59924,9.6018,1.00,1.00
2017.10.18 23:21:55.069,9.59941,9.6018,1.00,1.00
2017.10.18 23:21:55.364,9.59941,9.60193,1.00,1.00
2017.10.18 23:21:57.675,9.59929,9.60185,1.00,1.00
2017.10.18 23:21:57.726,9.59941,9.60185,1.00,1.00
2017.10.18 23:21:57.777,9.59929,9.60185,1.00,1.00
2017.10.18 23:21:58.042,9.59929,9.60182,1.00,1.00
2017.10.18 23:21:58.683,9.59919,9.60175,1.00,1.00
2017.10.18 23:22:05.196,9.59918,9.60174,1.50,1.00
2017.10.18 23:22:20.225,9.59921,9.60177,1.00,1.00
2017.10.18 23:23:20.287,9.59856,9.60214,2.17,1.00
2017.10.18 23:23:24.982,9.59921,9.60177,1.00,1.00
2017.10.18 23:23:29.238,9.59935,9.60182,1.00,1.00
2017.10.18 23:23:29.289,9.59935,9.60192,1.00,1.00
2017.10.18 23:23:29.341,9.59946,9.602,1.00,1.00
2017.10.18 23:23:29.444,9.59935,9.60191,1.00,1.00
2017.10.18 23:23:29.495,9.59941,9.60191,1.00,1.00
2017.10.18 23:23:31.137,9.59945,9.602,1.00,1.00
2017.10.18 23:23:31.188,9.59941,9.602,1.00,1.00
2017.10.18 23:23:31.239,9.59946,9.602,1.00,1.00
2017.10.18 23:23:31.341,9.59941,9.602,1.00,1.00
2017.10.18 23:23:32.378,9.59941,9.60201,1.00,1.00
2017.10.18 23:23:32.661,9.59951,9.602,1.00,1.00
2017.10.18 23:23:32.763,9.59941,9.602,1.00,1.00
2017.10.18 23:23:33.078,9.59951,9.602,1.00,1.00
2017.10.18 23:23:33.353,9.59941,9.602,1.00,1.00
2017.10.18 23:23:33.404,9.5995,9.602,1.00,1.00
2017.10.18 23:23:34.374,9.59941,9.60193,1.00,1.00
2017.10.18 23:23:35.426,9.59943,9.60199,1.00,1.00
2017.10.18 23:23:42.978,9.59942,9.60198,1.00,1.00
2017.10.18 23:23:55.792,9.59904,9.60168,1.00,1.00
2017.10.18 23:23:57.132,9.59904,9.6016,1.00,1.00
2017.10.18 23:23:58.002,9.59905,9.6016,1.00,1.00
2017.10.18 23:23:58.154,9.599,9.6016,1.00,1.00
2017.10.18 23:23:58.205,9.59905,9.6016,1.00,1.00
2017.10.18 23:23:58.358,9.599,9.6016,1.00,1.00
2017.10.18 23:23:58.409,9.59905,9.6016,1.00,1.00
2017.10.18 23:23:58.598,9.599,9.6016,1.00,1.00
2017.10.18 23:23:58.649,9.59904,9.6016,1.00,1.00
2017.10.18 23:23:58.751,9.599,9.6016,1.00,1.00
2017.10.18 23:24:02.875,9.599,9.60158,1.00,1.00
2017.10.18 23:24:03.386,9.59901,9.60157,1.00,1.00
2017.10.18 23:24:04.196,9.59898,9.60156,1.00,1.00
2017.10.18 23:24:04.469,9.59899,9.60149,1.00,1.00
2017.10.18 23:24:04.668,9.59899,9.60155,1.00,1.00
2017.10.18 23:24:04.999,9.59899,9.60137,1.00,1.00
2017.10.18 23:24:05.303,9.59899,9.60155,1.00,1.00
2017.10.18 23:24:25.466,9.59886,9.60142,1.00,1.00
2017.10.18 23:24:33.413,9.59879,9.60154,1.00,1.00
2017.10.18 23:24:33.532,9.59879,9.60135,1.00,1.00
2017.10.18 23:24:34.167,9.59878,9.60154,1.00,1.00
2017.10.18 23:24:34.276,9.59878,9.60135,1.00,1.00
2017.10.18 23:24:35.562,9.59879,9.60135,1.00,1.00
2017.10.18 23:25:29.001,9.59896,9.60152,1.00,1.00
2017.10.18 23:25:35.706,9.59899,9.60155,1.00,1.00
2017.10.18 23:25:45.459,9.59885,9.60141,1.00,1.00
2017.10.18 23:25:45.808,9.59885,9.60137,1.00,1.00
2017.10.18 23:26:01.951,9.59897,9.60137,1.00,1.00
2017.10.18 23:26:02.003,9.59897,9.60153,1.00,1.00
2017.10.18 23:26:02.464,9.59885,9.60137,1.00,1.00
2017.10.18 23:26:50.778,9.59884,9.60137,1.00,1.00
2017.10.18 23:27:02.629,9.59884,9.6014,1.00,1.00
2017.10.18 23:27:05.810,9.59879,9.60135,1.00,1.00
2017.10.18 23:28:05.954,9.59858,9.60151,1.42,1.00
2017.10.18 23:28:10.688,9.59878,9.60136,1.00,1.00
2017.10.18 23:28:28.514,9.5988,9.60136,1.00,1.00
2017.10.18 23:28:35.970,9.59885,9.60141,1.00,1.00
2017.10.18 23:28:51.001,9.59886,9.60142,1.00,1.00
2017.10.18 23:28:58.624,9.5988,9.60136,1.00,1.00
2017.10.18 23:29:06.030,9.59886,9.60142,1.00,1.00
2017.10.18 23:29:21.110,9.59885,9.60141,1.00,1.00
2017.10.18 23:29:30.032,9.59885,9.60137,1.00,1.00
2017.10.18 23:29:33.047,9.59885,9.60141,1.00,1.00
2017.10.18 23:29:33.098,9.59885,9.60137,1.00,1.00
2017.10.18 23:29:38.044,9.59885,9.60141,1.00,1.00
2017.10.18 23:29:38.151,9.59885,9.60137,1.00,1.00
2017.10.18 23:29:45.802,9.59885,9.60141,1.00,1.00
2017.10.18 23:29:46.081,9.59885,9.60137,1.00,1.00
2017.10.18 23:29:46.402,9.59852,9.60089,1.00,1.37
2017.10.18 23:29:46.453,9.59864,9.60105,1.00,1.37
2017.10.18 23:29:46.504,9.59874,9.60132,1.00,1.87
2017.10.18 23:29:46.555,9.59886,9.60132,1.00,1.00
2017.10.18 23:29:46.607,9.5986,9.59995,1.00,1.00
2017.10.18 23:29:46.658,9.59834,9.59994,1.45,1.00
2017.10.18 23:29:46.760,9.59815,9.59994,1.00,1.00
2017.10.18 23:29:46.811,9.59799,9.5999,1.00,1.00
2017.10.18 23:29:46.862,9.59782,9.59994,1.00,1.00
2017.10.18 23:29:46.914,9.59727,9.59994,1.00,1.50
2017.10.18 23:29:46.965,9.59718,9.59994,1.00,1.50
2017.10.18 23:29:47.016,9.59716,9.59994,1.00,1.50
2017.10.18 23:29:47.068,9.59714,9.59988,1.00,1.00
2017.10.18 23:29:48.643,9.59715,9.59988,1.00,1.00
2017.10.18 23:29:49.150,9.59714,9.59988,1.00,1.00
2017.10.18 23:29:51.120,9.59717,9.59988,1.00,1.00
2017.10.18 23:29:58.451,9.59681,9.59794,1.45,1.00
2017.10.18 23:29:58.503,9.59651,9.59854,1.00,1.37
2017.10.18 23:29:58.554,9.59627,9.59794,1.50,1.00
2017.10.18 23:29:58.605,9.59606,9.59856,1.12,1.37
2017.10.18 23:29:58.657,9.59666,9.59881,1.00,1.37
2017.10.18 23:29:58.708,9.59632,9.59904,1.00,1.00
2017.10.18 23:29:58.811,9.59686,9.59954,2.25,1.00
2017.10.18 23:29:59.117,9.59656,9.59794,1.50,1.00
2017.10.18 23:29:59.219,9.59626,9.59794,1.02,1.00
2017.10.18 23:29:59.336,9.59589,9.59794,1.00,1.00
2017.10.18 23:29:59.387,9.59592,9.59814,1.00,1.00
2017.10.18 23:29:59.439,9.59654,9.5993,1.67,1.50
2017.10.18 23:29:59.490,9.59656,9.5993,1.00,1.50
2017.10.18 23:29:59.541,9.59636,9.59911,1.00,1.00
2017.10.18 23:29:59.592,9.59636,9.59894,1.00,1.00
2017.10.18 23:29:59.643,9.59607,9.59895,1.00,1.00
2017.10.18 23:29:59.694,9.59607,9.59878,1.00,1.00
2017.10.18 23:30:00.740,9.59607,9.59888,1.00,1.00
2017.10.18 23:30:01.272,9.59607,9.59883,1.00,1.00
2017.10.18 23:30:06.148,9.59623,9.59883,1.00,1.00
2017.10.18 23:30:10.187,9.59623,9.59893,1.00,1.00
2017.10.18 23:30:13.736,9.59624,9.59893,1.00,1.00
2017.10.18 23:30:36.237,9.59623,9.59894,1.00,1.00
2017.10.18 23:30:50.238,9.59623,9.59896,1.00,1.00
2017.10.18 23:30:58.628,9.59628,9.5993,1.00,1.50
2017.10.18 23:31:10.194,9.59632,9.59931,1.00,1.50
2017.10.18 23:31:11.681,9.59633,9.5993,1.00,1.50
2017.10.18 23:31:30.186,9.59632,9.5993,1.00,1.50
2017.10.18 23:31:39.120,9.59631,9.59931,1.00,1.50
2017.10.18 23:31:39.639,9.59632,9.5993,1.00,1.50
2017.10.18 23:32:05.043,9.59631,9.59931,1.00,1.50
2017.10.18 23:32:23.047,9.59632,9.5993,1.00,1.50
2017.10.18 23:32:24.347,9.59632,9.5993,1.00,1.87
2017.10.18 23:32:25.639,9.59632,9.5993,1.00,1.87
2017.10.18 23:32:30.237,9.59627,9.59931,1.00,1.87
2017.10.18 23:32:43.137,9.59628,9.5993,1.00,1.87
2017.10.18 23:32:43.188,9.59628,9.5993,1.00,1.50
2017.10.18 23:32:50.188,9.59633,9.5993,1.00,1.50
2017.10.18 23:33:10.237,9.59632,9.5993,1.00,1.50
2017.10.18 23:33:32.218,9.59636,9.59931,1.00,1.50
2017.10.18 23:33:32.444,9.59632,9.5993,1.00,1.50
2017.10.18 23:33:33.369,9.59632,9.5993,1.00,1.87
2017.10.18 23:34:33.285,9.59624,9.59944,1.00,1.00
2017.10.18 23:35:10.194,9.59635,9.5993,1.00,1.87
2017.10.18 23:35:29.464,9.59635,9.5993,1.00,1.50
2017.10.18 23:35:39.642,9.59635,9.59934,1.00,1.97
2017.10.18 23:35:50.243,9.59634,9.59933,1.00,1.72
2017.10.18 23:35:50.774,9.59634,9.59934,1.00,1.97
2017.10.18 23:35:53.593,9.59634,9.59933,1.00,1.72
2017.10.18 23:35:54.166,9.59634,9.59934,1.00,2.47
2017.10.18 23:36:24.412,9.59625,9.59934,1.50,1.97
2017.10.18 23:36:24.464,9.59626,9.59934,1.00,1.00
2017.10.18 23:36:30.250,9.59632,9.5994,1.00,1.00
2017.10.18 23:36:44.479,9.59631,9.59941,1.00,1.37
2017.10.18 23:36:49.725,9.59632,9.5994,1.00,1.00
2017.10.18 23:36:50.242,9.59635,9.59943,1.00,1.00
2017.10.18 23:37:30.242,9.59633,9.59941,1.00,1.00
2017.10.18 23:38:10.241,9.59634,9.59944,1.00,1.50
2017.10.18 23:38:13.479,9.59635,9.59943,1.00,1.00
2017.10.18 23:38:45.414,9.59649,9.59943,1.00,1.00
2017.10.18 23:38:46.946,9.59635,9.59943,1.00,1.00
2017.10.18 23:38:51.129,9.59663,9.59927,1.00,1.00
2017.10.18 23:38:51.273,9.59666,9.59943,1.00,1.00
2017.10.18 23:38:51.474,9.59686,9.59943,1.00,1.00
2017.10.18 23:39:07.568,9.59641,9.59943,1.00,1.00
2017.10.18 23:39:07.938,9.59663,9.59927,1.00,1.00
2017.10.18 23:39:09.115,9.59686,9.59943,1.00,1.00
2017.10.18 23:39:09.230,9.59663,9.59927,1.00,1.00
2017.10.18 23:39:10.292,9.59667,9.59941,1.00,1.00
2017.10.18 23:39:10.491,9.59686,9.59941,1.00,1.00
2017.10.18 23:39:18.867,9.59686,9.59942,1.00,1.00
2017.10.18 23:39:18.917,9.59641,9.59941,1.00,1.00
2017.10.18 23:39:18.969,9.59686,9.59942,1.00,1.00
2017.10.18 23:39:19.020,9.59641,9.59941,1.00,1.00
2017.10.18 23:39:19.205,9.59647,9.59941,1.00,1.00
2017.10.18 23:39:19.510,9.59688,9.59941,1.00,1.00
2017.10.18 23:39:19.561,9.59666,9.5993,1.00,1.00
2017.10.18 23:39:19.612,9.59688,9.59941,1.00,1.00
2017.10.18 23:39:23.072,9.59644,9.59942,1.00,1.37
2017.10.18 23:39:23.289,9.59666,9.5993,1.00,1.00
2017.10.18 23:39:52.353,9.59668,9.5993,1.00,1.00
2017.10.18 23:39:53.022,9.59667,9.5993,1.00,1.00
2017.10.18 23:39:59.897,9.59666,9.5993,1.00,1.00
2017.10.18 23:40:03.738,9.59667,9.59923,1.00,1.00
2017.10.18 23:40:07.374,9.59668,9.59924,1.00,1.00
2017.10.18 23:40:15.062,9.59666,9.59921,1.00,1.00
2017.10.18 23:40:23.610,9.59665,9.59921,1.00,1.00
2017.10.18 23:41:00.045,9.59667,9.59923,1.00,1.00
2017.10.18 23:41:15.047,9.59666,9.59922,1.00,1.00
2017.10.18 23:41:37.582,9.59667,9.59923,1.00,1.00
2017.10.18 23:41:45.147,9.59664,9.59922,1.00,1.00
2017.10.18 23:42:00.136,9.59667,9.59923,1.00,1.00
2017.10.18 23:42:30.223,9.59666,9.59922,1.00,1.00
2017.10.18 23:43:15.287,9.59667,9.59923,1.00,1.00
2017.10.18 23:43:30.337,9.59666,9.59922,1.00,1.00
2017.10.18 23:44:30.319,9.59555,9.59964,1.76,1.00
2017.10.18 23:44:34.686,9.59666,9.59922,1.00,1.00
2017.10.18 23:45:00.553,9.59665,9.59921,1.00,1.00
2017.10.18 23:45:30.557,9.59665,9.59923,1.00,1.00
2017.10.18 23:45:53.091,9.5966,9.59916,1.00,1.00
2017.10.18 23:46:00.631,9.59663,9.59919,1.00,1.00
2017.10.18 23:46:30.677,9.5966,9.59916,1.00,1.00
2017.10.18 23:46:38.134,9.59663,9.59919,1.00,1.00
2017.10.18 23:47:38.251,9.59635,9.59941,1.00,1.60
2017.10.18 23:47:38.302,9.59664,9.5992,1.00,1.00
2017.10.18 23:47:45.827,9.59659,9.59915,1.00,1.00
2017.10.18 23:47:53.298,9.5966,9.59916,1.00,1.00
2017.10.18 23:48:00.191,9.59621,9.59887,1.00,1.00
2017.10.18 23:48:00.321,9.59607,9.59886,1.00,1.00
2017.10.18 23:48:00.372,9.59596,9.59848,1.00,1.00
2017.10.18 23:48:00.424,9.59592,9.59848,1.00,1.00
2017.10.18 23:48:00.931,9.59582,9.59838,1.00,1.00
2017.10.18 23:48:01.452,9.59582,9.59837,1.00,1.00
2017.10.18 23:48:01.656,9.59561,9.59817,1.00,1.00
2017.10.18 23:48:01.707,9.59562,9.59821,1.00,1.00
2017.10.18 23:48:01.809,9.59558,9.59814,1.50,1.00
2017.10.18 23:48:02.152,9.59561,9.59817,1.00,1.00
2017.10.18 23:48:02.501,9.59558,9.59806,1.00,1.00
2017.10.18 23:48:03.049,9.59558,9.59805,1.00,1.00
2017.10.18 23:48:03.600,9.59558,9.59806,1.00,1.50
2017.10.18 23:48:03.909,9.59558,9.59804,1.00,1.00
2017.10.18 23:48:11.675,9.59558,9.59805,1.00,1.00
2017.10.18 23:48:16.503,9.59558,9.59806,1.00,1.00
2017.10.18 23:48:17.181,9.59558,9.59805,1.00,1.00
2017.10.18 23:48:30.243,9.59558,9.598,1.00,1.00
2017.10.18 23:48:50.192,9.59558,9.59803,1.00,1.00
2017.10.18 23:49:02.625,9.59557,9.59803,1.00,1.00
2017.10.18 23:49:06.569,9.59558,9.59803,1.00,1.00
2017.10.18 23:49:09.897,9.59557,9.59803,1.00,1.00
2017.10.18 23:49:10.191,9.59557,9.59794,1.00,1.00
2017.10.18 23:49:30.243,9.59557,9.598,1.00,1.00
2017.10.18 23:49:50.191,9.59557,9.59799,1.00,1.00
2017.10.18 23:49:58.345,9.59557,9.59803,1.00,1.00
2017.10.18 23:49:58.663,9.59557,9.59806,1.00,1.00
2017.10.18 23:50:01.097,9.59557,9.59803,1.00,1.00
2017.10.18 23:50:10.044,9.59542,9.59803,1.00,1.00
2017.10.18 23:50:10.095,9.59583,9.59803,1.00,1.00
2017.10.18 23:50:10.146,9.59596,9.59878,1.00,1.00
2017.10.18 23:50:10.197,9.59637,9.59884,1.00,1.00
2017.10.18 23:50:10.299,9.59637,9.59893,1.00,1.00
2017.10.18 23:50:14.160,9.59644,9.599,1.00,1.00
2017.10.18 23:50:15.354,9.59612,9.599,1.00,1.00
2017.10.18 23:50:16.162,9.59631,9.59901,1.00,1.00
2017.10.18 23:50:16.469,9.59613,9.59901,1.00,1.00
2017.10.18 23:50:23.577,9.59613,9.599,1.00,1.00
2017.10.18 23:50:30.282,9.59616,9.599,1.00,1.00
2017.10.18 23:50:38.086,9.59615,9.599,1.00,1.00
2017.10.18 23:50:38.607,9.59615,9.59901,1.00,1.00
2017.10.18 23:50:39.126,9.59616,9.59901,1.00,1.00
2017.10.18 23:50:50.219,9.59617,9.59901,1.00,1.00
2017.10.18 23:50:52.873,9.59638,9.59901,1.00,1.00
2017.10.18 23:50:53.637,9.59645,9.59901,1.00,1.00
2017.10.18 23:51:53.813,9.59618,9.59914,1.00,1.00
2017.10.18 23:51:55.685,9.59645,9.59901,1.00,1.00
2017.10.18 23:52:03.838,9.59645,9.59901,1.00,1.60
2017.10.18 23:52:03.940,9.59645,9.59901,1.00,1.00
2017.10.18 23:52:04.078,9.59645,9.59901,1.00,1.60
2017.10.18 23:52:04.184,9.59645,9.59901,1.00,1.00
2017.10.18 23:52:55.734,9.59631,9.59926,1.00,1.00
2017.10.18 23:52:55.981,9.59645,9.59901,1.00,1.00
2017.10.18 23:53:30.498,9.59663,9.59901,1.00,1.00
2017.10.18 23:53:31.511,9.59663,9.599,1.00,1.00
2017.10.18 23:53:33.798,9.59644,9.599,1.00,1.00
2017.10.18 23:53:53.997,9.59645,9.59901,1.00,1.00
2017.10.18 23:54:01.571,9.59644,9.599,1.00,1.00
2017.10.18 23:54:09.027,9.59645,9.59901,1.00,1.00
2017.10.18 23:54:20.769,9.59663,9.59901,1.00,1.00
2017.10.18 23:54:21.780,9.59645,9.59901,1.00,1.00
2017.10.18 23:54:21.831,9.59663,9.59901,1.00,1.00
2017.10.18 23:54:22.269,9.59645,9.59901,1.00,1.00
2017.10.18 23:54:22.558,9.59663,9.59901,1.00,1.00
2017.10.18 23:54:22.622,9.59645,9.59901,1.00,1.00
2017.10.18 23:54:22.673,9.59663,9.59901,1.00,1.00
2017.10.18 23:54:22.775,9.59645,9.59901,1.00,1.00
2017.10.18 23:54:22.915,9.59663,9.59901,1.00,1.00
2017.10.18 23:54:23.083,9.59645,9.59901,1.00,1.00
2017.10.18 23:54:23.134,9.59663,9.59901,1.00,1.00
2017.10.18 23:55:09.149,9.59663,9.59903,1.00,1.00
2017.10.18 23:55:23.371,9.59647,9.59903,1.00,1.00
2017.10.18 23:55:42.424,9.59663,9.59903,1.00,1.00
2017.10.18 23:55:42.475,9.59647,9.59903,1.00,1.00
2017.10.18 23:55:42.525,9.59663,9.59903,1.00,1.00
2017.10.18 23:55:42.576,9.59647,9.59903,1.00,1.00
2017.10.18 23:55:42.711,9.59663,9.59903,1.00,1.00
2017.10.18 23:55:42.762,9.59647,9.59903,1.00,1.00
2017.10.18 23:55:43.286,9.59663,9.59903,1.00,1.00
2017.10.18 23:55:43.337,9.59647,9.59903,1.00,1.00
2017.10.18 23:55:43.553,9.59663,9.59903,1.00,1.00
2017.10.18 23:55:43.686,9.59647,9.59903,1.00,1.00
2017.10.18 23:55:43.737,9.59662,9.59903,1.00,1.00
2017.10.18 23:55:44.780,9.59647,9.59903,1.00,1.00
2017.10.18 23:55:44.831,9.59663,9.59903,1.00,1.00
2017.10.18 23:55:44.882,9.59647,9.59903,1.00,1.00
2017.10.18 23:55:44.934,9.59663,9.59903,1.00,1.00
2017.10.18 23:55:45.117,9.59647,9.59903,1.00,1.00
2017.10.18 23:55:45.502,9.59663,9.59903,1.00,1.00
2017.10.18 23:55:46.351,9.59647,9.59903,1.00,1.00
2017.10.18 23:55:46.402,9.59662,9.59903,1.00,1.00
2017.10.18 23:55:46.453,9.59647,9.59903,1.00,1.00
2017.10.18 23:55:46.504,9.59663,9.59903,1.00,1.00
2017.10.18 23:55:46.708,9.59647,9.59903,1.00,1.00
2017.10.18 23:55:48.221,9.59662,9.59903,1.00,1.00
2017.10.18 23:55:48.490,9.59647,9.59903,1.00,1.00
2017.10.18 23:55:48.541,9.59663,9.59903,1.00,1.00
2017.10.18 23:55:49.146,9.59647,9.59903,1.00,1.00
2017.10.18 23:55:49.197,9.59663,9.59903,1.00,1.00
2017.10.18 23:55:49.477,9.59647,9.59903,1.00,1.00
2017.10.18 23:55:49.528,9.59663,9.59903,1.00,1.00
2017.10.18 23:55:50.078,9.59647,9.59903,1.00,1.00
2017.10.18 23:55:50.129,9.59663,9.59903,1.00,1.00
2017.10.18 23:55:50.391,9.59647,9.59903,1.00,1.00
2017.10.18 23:55:50.442,9.59663,9.59903,1.00,1.00
2017.10.18 23:55:51.121,9.59647,9.59903,1.00,1.00
2017.10.18 23:55:51.223,9.59663,9.59903,1.00,1.00
2017.10.18 23:55:51.314,9.59647,9.59903,1.00,1.00
2017.10.18 23:55:51.826,9.59663,9.59903,1.00,1.00
2017.10.18 23:55:52.237,9.59647,9.59903,1.00,1.00
2017.10.18 23:55:52.447,9.59663,9.59903,1.00,1.00
2017.10.18 23:55:52.587,9.59647,9.59903,1.00,1.00
2017.10.18 23:55:53.918,9.59662,9.59903,1.00,1.00
2017.10.18 23:55:54.801,9.59647,9.59903,1.00,1.00
2017.10.18 23:55:55.009,9.59663,9.59903,1.00,1.00
2017.10.18 23:55:55.552,9.59647,9.59903,1.00,1.00
2017.10.18 23:55:56.001,9.59663,9.59903,1.00,1.00
2017.10.18 23:55:56.582,9.59647,9.59903,1.00,1.00
2017.10.18 23:55:56.634,9.59663,9.59903,1.00,1.00
2017.10.18 23:55:58.661,9.59647,9.59903,1.00,1.00
2017.10.18 23:55:58.798,9.59663,9.59903,1.00,1.00
2017.10.18 23:55:58.849,9.59647,9.59903,1.00,1.00
2017.10.18 23:55:58.935,9.59662,9.59903,1.00,1.00
2017.10.18 23:55:59.077,9.59647,9.59903,1.00,1.00
2017.10.18 23:56:00.564,9.59663,9.59903,1.00,1.00
2017.10.18 23:56:00.615,9.59647,9.59903,1.00,1.00
2017.10.18 23:56:01.814,9.59645,9.59901,1.00,1.00
2017.10.18 23:56:03.438,9.59663,9.59901,1.00,1.00
2017.10.18 23:56:03.531,9.59645,9.59901,1.00,1.00
2017.10.18 23:56:03.581,9.59663,9.59901,1.00,1.00
2017.10.18 23:56:03.768,9.59645,9.59901,1.00,1.00
2017.10.18 23:56:03.819,9.59663,9.59901,1.00,1.00
2017.10.18 23:56:03.870,9.59645,9.59901,1.00,1.00
2017.10.18 23:56:03.921,9.59662,9.59901,1.00,1.00
2017.10.18 23:56:03.972,9.59645,9.59901,1.00,1.00
2017.10.18 23:56:04.828,9.59663,9.59901,1.00,1.00
2017.10.18 23:56:04.879,9.59645,9.59901,1.00,1.00
2017.10.18 23:56:04.930,9.59663,9.59901,1.00,1.00
2017.10.18 23:56:05.032,9.59645,9.59901,1.00,1.00
2017.10.18 23:56:06.076,9.59663,9.59901,1.00,1.00
2017.10.18 23:56:06.289,9.59645,9.59901,1.00,1.00
2017.10.18 23:56:06.421,9.59663,9.59901,1.00,1.00
2017.10.18 23:56:06.472,9.59645,9.59901,1.00,1.00
2017.10.18 23:56:06.532,9.59663,9.59901,1.00,1.00
2017.10.18 23:56:06.583,9.59645,9.59901,1.00,1.00
2017.10.18 23:56:06.643,9.59663,9.59901,1.00,1.00
2017.10.18 23:56:06.915,9.59645,9.59901,1.00,1.00
2017.10.18 23:56:06.968,9.59663,9.59901,1.00,1.00
2017.10.18 23:56:07.231,9.59645,9.59901,1.00,1.00
2017.10.18 23:56:07.286,9.59663,9.59901,1.00,1.00
2017.10.18 23:56:07.868,9.59645,9.59901,1.00,1.00
2017.10.18 23:56:07.971,9.59663,9.59901,1.00,1.00
2017.10.18 23:56:08.072,9.59645,9.59901,1.00,1.00
2017.10.18 23:56:08.123,9.59663,9.59901,1.00,1.00
2017.10.18 23:56:08.174,9.59645,9.59901,1.00,1.00
2017.10.18 23:56:08.303,9.59663,9.59901,1.00,1.00
2017.10.18 23:56:08.353,9.59645,9.59901,1.00,1.00
2017.10.18 23:56:08.416,9.59663,9.59901,1.00,1.00
2017.10.18 23:56:08.467,9.59645,9.59901,1.00,1.00
2017.10.18 23:56:08.523,9.59663,9.59901,1.00,1.00
2017.10.18 23:56:08.574,9.59645,9.59901,1.00,1.00
2017.10.18 23:56:09.582,9.59663,9.59901,1.00,1.00
2017.10.18 23:56:12.487,9.59645,9.59901,1.00,1.00
2017.10.18 23:56:13.531,9.59663,9.59901,1.00,1.00
2017.10.18 23:56:13.714,9.59645,9.59901,1.00,1.00
2017.10.18 23:56:21.567,9.59663,9.59901,1.00,1.00
2017.10.18 23:56:21.902,9.59645,9.59901,1.00,1.00
2017.10.18 23:56:21.953,9.59663,9.59901,1.00,1.00
2017.10.18 23:56:22.905,9.59645,9.59901,1.00,1.00
2017.10.18 23:56:23.014,9.59663,9.59901,1.00,1.00
2017.10.18 23:56:23.065,9.59645,9.59901,1.00,1.00
2017.10.18 23:56:23.232,9.59663,9.59901,1.00,1.00
2017.10.18 23:56:23.284,9.59645,9.59901,1.00,1.00
2017.10.18 23:56:23.341,9.59663,9.59901,1.00,1.00
2017.10.18 23:56:23.452,9.59645,9.59901,1.00,1.00
2017.10.18 23:56:23.563,9.59663,9.59901,1.00,1.00
2017.10.18 23:56:23.651,9.59645,9.59901,1.00,1.00
2017.10.18 23:56:23.703,9.59663,9.59901,1.00,1.00
2017.10.18 23:56:23.754,9.59645,9.59901,1.00,1.00
2017.10.18 23:56:23.804,9.59663,9.59901,1.00,1.00
2017.10.18 23:56:24.596,9.59645,9.59901,1.00,1.00
2017.10.18 23:56:24.891,9.59663,9.59901,1.00,1.00
2017.10.18 23:56:24.942,9.59645,9.59901,1.00,1.00
2017.10.18 23:56:25.001,9.59663,9.59901,1.00,1.00
2017.10.18 23:56:25.051,9.59645,9.59901,1.00,1.00
2017.10.18 23:56:25.222,9.59663,9.59901,1.00,1.00
2017.10.18 23:56:25.272,9.59645,9.59901,1.00,1.00
2017.10.18 23:56:25.332,9.59663,9.59901,1.00,1.00
2017.10.18 23:56:25.383,9.59645,9.59901,1.00,1.00
2017.10.18 23:56:25.444,9.59663,9.59901,1.00,1.00
2017.10.18 23:56:25.550,9.59645,9.59901,1.00,1.00
2017.10.18 23:56:25.664,9.59663,9.59901,1.00,1.00
2017.10.18 23:56:25.751,9.59645,9.59901,1.00,1.00
2017.10.18 23:56:25.802,9.59663,9.59901,1.00,1.00
2017.10.18 23:56:25.853,9.59645,9.59901,1.00,1.00
2017.10.18 23:56:25.903,9.59663,9.59901,1.00,1.00
2017.10.18 23:56:25.954,9.59645,9.59901,1.00,1.00
2017.10.18 23:56:26.005,9.59663,9.59901,1.00,1.00
2017.10.18 23:56:26.056,9.59645,9.59901,1.00,1.00
2017.10.18 23:56:26.218,9.59663,9.59901,1.00,1.00
2017.10.18 23:56:26.269,9.59645,9.59901,1.00,1.00
2017.10.18 23:56:26.328,9.59663,9.59901,1.00,1.00
2017.10.18 23:56:26.379,9.59645,9.59901,1.00,1.00
2017.10.18 23:56:26.597,9.59663,9.59901,1.00,1.00
2017.10.18 23:56:26.650,9.59645,9.59901,1.00,1.00
2017.10.18 23:56:26.771,9.59663,9.59901,1.00,1.00
2017.10.18 23:56:26.880,9.59645,9.59901,1.00,1.00
2017.10.18 23:56:26.931,9.59662,9.59901,1.00,1.00
2017.10.18 23:56:26.983,9.59645,9.59901,1.00,1.00
2017.10.18 23:56:27.034,9.59663,9.59901,1.00,1.00
2017.10.18 23:56:27.085,9.59645,9.59901,1.00,1.00
2017.10.18 23:56:27.136,9.59662,9.59901,1.00,1.00
2017.10.18 23:56:27.188,9.59645,9.59901,1.00,1.00
2017.10.18 23:56:27.238,9.59663,9.59901,1.00,1.00
2017.10.18 23:56:27.289,9.59645,9.59901,1.00,1.00
2017.10.18 23:56:38.536,9.59663,9.59901,1.00,1.35
2017.10.18 23:56:40.860,9.59645,9.59901,1.00,1.35
2017.10.18 23:56:42.762,9.59663,9.59901,1.00,1.35
2017.10.18 23:56:43.112,9.59645,9.59901,1.00,1.35
2017.10.18 23:56:43.163,9.59663,9.59901,1.00,1.35
2017.10.18 23:56:43.214,9.59645,9.59901,1.00,1.35
2017.10.18 23:56:43.315,9.59663,9.59901,1.00,1.35
2017.10.18 23:56:43.416,9.59645,9.59901,1.00,1.35
2017.10.18 23:56:43.518,9.59663,9.59901,1.00,1.35
2017.10.18 23:56:43.576,9.59645,9.59901,1.00,1.35
2017.10.18 23:56:43.773,9.59663,9.59901,1.00,1.35
2017.10.18 23:56:43.824,9.59645,9.59901,1.00,1.35
2017.10.18 23:56:46.903,9.59642,9.599,1.00,1.00
2017.10.18 23:57:01.933,9.59645,9.59901,1.00,1.35
2017.10.18 23:57:03.988,9.59663,9.59901,1.00,1.35
2017.10.18 23:57:04.054,9.59645,9.59901,1.00,1.35
2017.10.18 23:57:04.250,9.59663,9.59901,1.00,1.35
2017.10.18 23:57:04.435,9.59645,9.59901,1.00,1.35
2017.10.18 23:57:04.589,9.59663,9.59901,1.00,1.35
2017.10.18 23:57:04.818,9.59645,9.59901,1.00,1.35
2017.10.18 23:57:04.919,9.59663,9.59901,1.00,1.35
2017.10.18 23:57:05.021,9.59645,9.59901,1.00,1.35
2017.10.18 23:57:05.072,9.59661,9.59901,1.00,1.35
2017.10.18 23:57:05.124,9.59645,9.59901,1.00,1.35
2017.10.18 23:57:05.175,9.59645,9.59901,1.00,1.60
2017.10.18 23:57:05.565,9.59645,9.59901,1.00,1.60
2017.10.18 23:57:09.303,9.59645,9.59901,1.00,1.60
2017.10.18 23:57:09.389,9.59641,9.59896,1.00,1.35
2017.10.18 23:57:10.978,9.59641,9.59896,1.00,1.60
2017.10.18 23:57:18.210,9.59641,9.59896,1.00,1.00
2017.10.18 23:57:24.419,9.59645,9.59901,1.00,1.00
2017.10.18 23:57:32.043,9.59644,9.599,1.00,1.00
2017.10.18 23:57:39.450,9.59645,9.59901,1.00,1.00
2017.10.18 23:57:47.023,9.59643,9.59901,1.00,1.00
2017.10.18 23:57:53.275,9.59662,9.59901,1.00,1.00
2017.10.18 23:57:53.677,9.59643,9.59901,1.00,1.00
2017.10.18 23:57:54.177,9.59663,9.59901,1.00,1.00
2017.10.18 23:57:54.237,9.59643,9.59901,1.00,1.00
2017.10.18 23:57:54.484,9.59646,9.59902,1.00,1.00
2017.10.18 23:57:54.835,9.59663,9.59902,1.00,1.00
2017.10.18 23:57:54.976,9.59646,9.59902,1.00,1.00
2017.10.18 23:58:01.968,9.59663,9.59902,1.00,1.00
2017.10.18 23:58:02.019,9.59646,9.59902,1.00,1.00
2017.10.18 23:58:02.683,9.59645,9.59901,1.00,1.00
2017.10.18 23:58:02.870,9.59663,9.59901,1.00,1.00
2017.10.18 23:58:04.055,9.59645,9.59901,1.00,1.00
2017.10.18 23:58:04.271,9.59663,9.59901,1.00,1.00
2017.10.18 23:58:05.652,9.59645,9.59901,1.00,1.00
2017.10.18 23:58:06.497,9.59663,9.59901,1.00,1.00
2017.10.18 23:58:07.104,9.59645,9.59901,1.00,1.00
2017.10.18 23:58:07.356,9.59663,9.59901,1.00,1.00
2017.10.18 23:58:08.486,9.59645,9.59901,1.00,1.00
2017.10.18 23:58:08.750,9.59663,9.59901,1.00,1.00
2017.10.18 23:58:11.087,9.59645,9.59901,1.00,1.00
2017.10.18 23:58:11.501,9.59662,9.59901,1.00,1.00
2017.10.18 23:58:11.653,9.59645,9.59901,1.00,1.00
2017.10.18 23:58:11.704,9.59663,9.59901,1.00,1.00
2017.10.18 23:58:17.132,9.59663,9.59902,1.00,1.00
2017.10.18 23:58:21.884,9.59646,9.59902,1.00,1.00
2017.10.18 23:58:22.210,9.59663,9.59902,1.00,1.00
2017.10.18 23:58:24.589,9.59663,9.59901,1.00,1.00
2017.10.18 23:58:32.162,9.59663,9.59902,1.00,1.00
2017.10.18 23:58:39.589,9.59663,9.599,1.00,1.00
2017.10.18 23:58:40.827,9.59644,9.599,1.00,1.00
2017.10.18 23:58:40.878,9.59663,9.599,1.00,1.00
2017.10.18 23:58:47.143,9.59663,9.59902,1.00,1.00
2017.10.18 23:58:48.070,9.59646,9.59902,1.00,1.00
2017.10.18 23:58:48.223,9.59663,9.59902,1.00,1.00
2017.10.18 23:58:48.801,9.59646,9.59902,1.00,1.00
2017.10.18 23:58:49.747,9.59663,9.59902,1.00,1.00
2017.10.18 23:58:49.798,9.59646,9.59902,1.00,1.00
2017.10.18 23:58:49.849,9.59663,9.59902,1.00,1.00
2017.10.18 23:58:49.991,9.59646,9.59902,1.00,1.00
2017.10.18 23:58:50.136,9.59662,9.59902,1.00,1.00
2017.10.18 23:58:50.820,9.59646,9.59902,1.00,1.00
2017.10.18 23:58:51.247,9.59663,9.59902,1.00,1.00
2017.10.18 23:58:51.823,9.59646,9.59902,1.00,1.00
2017.10.18 23:58:54.599,9.59644,9.599,1.00,1.00
2017.10.18 23:58:55.521,9.59663,9.599,1.00,1.00
2017.10.18 23:58:55.687,9.59644,9.599,1.00,1.00
2017.10.18 23:58:57.012,9.59645,9.599,1.00,1.00
2017.10.18 23:58:57.175,9.59663,9.599,1.00,1.00
2017.10.18 23:58:59.492,9.59644,9.599,1.00,1.00
2017.10.18 23:58:59.790,9.59663,9.599,1.00,1.00
2017.10.18 23:59:01.257,9.59644,9.599,1.00,1.00
2017.10.18 23:59:01.801,9.59662,9.599,1.00,1.00
2017.10.18 23:59:02.792,9.59644,9.599,1.00,1.00
2017.10.18 23:59:04.240,9.59663,9.599,1.00,1.00
2017.10.18 23:59:08.250,9.59644,9.599,1.00,1.00
2017.10.18 23:59:08.300,9.59663,9.599,1.00,1.00
2017.10.18 23:59:09.645,9.59663,9.59902,1.00,1.00
2017.10.18 23:59:12.475,9.59646,9.59902,1.00,1.00
2017.10.18 23:59:15.792,9.59663,9.59902,1.00,1.00
2017.10.18 23:59:15.843,9.59646,9.59902,1.00,1.00
2017.10.18 23:59:17.203,9.59645,9.59901,1.00,1.00
2017.10.18 23:59:24.701,9.59645,9.59903,1.00,1.00
2017.10.18 23:59:35.487,9.59663,9.59903,1.00,1.00
2017.10.18 23:59:35.800,9.59645,9.59903,1.00,1.00
2017.10.18 23:59:36.302,9.59663,9.59903,1.00,1.00
2017.10.18 23:59:39.689,9.59663,9.59904,1.00,1.00
2017.10.18 23:59:40.237,9.59648,9.59904,1.00,1.00
2017.10.18 23:59:40.801,9.59663,9.59904,1.00,1.00
2017.10.18 23:59:41.317,9.59648,9.59904,1.00,1.00
2017.10.18 23:59:47.263,9.59646,9.59902,1.00,1.00
