2011.04.14 09:00:00.197,9.02586,9.02802,1.35,1.54
2011.04.14 09:00:00.863,9.02607,9.028,1.50,1.54
2011.04.14 09:00:01.304,9.02541,9.02773,1.35,1.54
2011.04.14 09:00:01.414,9.02519,9.02749,1.35,1.54
2011.04.14 09:00:01.524,9.02518,9.02749,1.35,1.54
2011.04.14 09:00:01.633,9.02518,9.02749,1.35,1.54
2011.04.14 09:00:01.975,9.02519,9.02749,1.35,1.54
2011.04.14 09:00:02.793,9.02519,9.02749,1.35,1.54
2011.04.14 09:00:03.095,9.02519,9.02749,1.35,1.54
2011.04.14 09:00:03.652,9.02519,9.02749,1.35,1.54
2011.04.14 09:00:04.872,9.02517,9.02749,2.10,1.54
2011.04.14 09:00:56.442,9.02517,9.02749,2.10,1.54
2011.04.14 09:01:02.126,9.02517,9.02749,2.10,1.50
2011.04.14 09:01:02.242,9.02493,9.02637,1.35,1.35
2011.04.14 09:01:02.352,9.02434,9.02618,1.35,1.50
2011.04.14 09:01:02.463,9.02408,9.02572,1.35,1.54
2011.04.14 09:01:02.573,9.02327,9.02522,1.50,1.54
2011.04.14 09:01:02.683,9.02327,9.02522,1.50,1.54
2011.04.14 09:01:03.488,9.02317,9.02468,3.89,1.50
2011.04.14 09:01:04.154,9.02238,9.02458,1.50,1.39
2011.04.14 09:01:07.656,9.02263,9.0246,1.35,1.54
2011.04.14 09:01:08.258,9.02292,9.02485,1.47,1.50
2011.04.14 09:01:08.378,9.02266,9.02495,1.35,1.54
2011.04.14 09:01:12.877,9.02267,9.02495,1.50,1.54
2011.04.14 09:01:13.103,9.02302,9.02523,1.31,1.35
2011.04.14 09:01:13.535,9.02319,9.02525,1.31,1.35
2011.04.14 09:01:21.358,9.02338,9.02525,1.47,1.35
2011.04.14 09:01:21.593,9.02408,9.02612,2.48,1.54
2011.04.14 09:01:21.703,9.02382,9.02612,1.31,1.54
2011.04.14 09:01:21.924,9.02397,9.02617,1.47,1.54
2011.04.14 09:01:22.255,9.02387,9.02617,1.31,1.54
2011.04.14 09:01:23.513,9.02474,9.02617,1.50,1.50
2011.04.14 09:01:23.624,9.02474,9.02669,1.50,1.54
2011.04.14 09:01:23.732,9.02448,9.02661,1.47,1.39
2011.04.14 09:01:23.844,9.02421,9.02652,1.35,1.54
2011.04.14 09:01:23.951,9.02397,9.02652,1.31,1.54
2011.04.14 09:01:24.171,9.02397,9.02645,1.31,1.54
2011.04.14 09:01:26.093,9.02427,9.02645,4.50,1.54
2011.04.14 09:01:26.424,9.02458,9.02668,1.35,1.39
2011.04.14 09:01:26.876,9.02414,9.02668,1.35,1.39
2011.04.14 09:01:27.231,9.02414,9.02668,1.35,1.39
2011.04.14 09:01:43.733,9.02414,9.02578,1.35,1.50
2011.04.14 09:01:43.952,9.02283,9.02553,1.35,1.54
2011.04.14 09:01:44.393,9.02292,9.02547,1.35,1.54
2011.04.14 09:01:44.611,9.02273,9.0253,1.35,1.54
2011.04.14 09:01:45.274,9.02303,9.02537,1.35,1.54
2011.04.14 09:01:45.606,9.02303,9.02544,1.35,1.54
2011.04.14 09:02:10.912,9.02309,9.02565,1.35,1.54
2011.04.14 09:02:27.872,9.02309,9.02565,1.35,1.54
2011.04.14 09:02:39.693,9.0232,9.02576,1.35,1.54
2011.04.14 09:02:45.836,9.0232,9.02576,1.35,1.50
2011.04.14 09:03:08.904,9.0232,9.0247,1.35,2.14
2011.04.14 09:03:09.123,9.02247,9.02459,1.50,1.39
2011.04.14 09:03:10.383,9.02333,9.02452,1.50,1.54
2011.04.14 09:03:10.603,9.02248,9.02439,2.25,1.39
2011.04.14 09:03:10.713,9.02276,9.02445,1.35,2.14
2011.04.14 09:03:10.932,9.02247,9.02432,1.50,1.39
2011.04.14 09:03:11.952,9.02236,9.02432,1.35,1.39
2011.04.14 09:03:12.819,9.02236,9.02403,1.35,1.54
2011.04.14 09:03:13.152,9.02178,9.02335,1.31,2.10
2011.04.14 09:03:13.264,9.02178,9.02357,1.31,1.35
2011.04.14 09:03:13.372,9.02161,9.02357,1.35,1.39
2011.04.14 09:03:13.483,9.02127,9.02341,1.20,1.39
2011.04.14 09:03:16.533,9.02123,9.02366,1.35,1.54
2011.04.14 09:03:17.101,9.02138,9.02373,1.35,1.54
2011.04.14 09:03:19.591,9.02145,9.02373,1.35,1.54
2011.04.14 09:04:18.935,9.02146,9.02373,1.35,1.50
2011.04.14 09:04:20.001,9.0212,9.02373,1.35,1.50
2011.04.14 09:04:22.051,9.02278,9.02377,1.50,1.50
2011.04.14 09:04:22.273,9.02327,9.02427,1.47,1.50
2011.04.14 09:04:22.384,9.02327,9.02503,1.47,2.10
2011.04.14 09:04:22.603,9.02277,9.02477,1.35,1.35
2011.04.14 09:04:22.714,9.02258,9.02473,1.47,1.35
2011.04.14 09:04:22.823,9.02247,9.02473,1.31,1.35
2011.04.14 09:04:23.043,9.02247,9.02473,1.31,1.50
2011.04.14 09:04:23.153,9.02229,9.02459,1.31,1.50
2011.04.14 09:04:24.162,9.02229,9.02373,1.31,1.50
2011.04.14 09:04:24.880,9.02102,9.02347,1.35,1.54
2011.04.14 09:04:27.092,9.02138,9.02327,2.10,1.54
2011.04.14 09:04:27.423,9.02175,9.02353,1.31,1.50
2011.04.14 09:04:27.643,9.02174,9.02398,1.31,1.35
2011.04.14 09:04:53.253,9.02174,9.0238,1.31,1.50
2011.04.14 09:04:53.364,9.02148,9.0238,1.31,1.54
2011.04.14 09:04:53.474,9.02148,9.02373,1.31,1.54
2011.04.14 09:04:53.692,9.02148,9.02373,1.31,1.54
2011.04.14 09:05:06.895,9.02152,9.02373,1.35,1.54
2011.04.14 09:05:07.226,9.02148,9.02373,1.31,1.54
2011.04.14 09:05:14.332,9.02152,9.02373,1.35,1.54
2011.04.14 09:05:15.044,9.02152,9.02373,1.35,1.54
2011.04.14 09:05:15.786,9.02152,9.02373,1.35,1.54
2011.04.14 09:05:16.694,9.02152,9.02373,1.35,1.54
2011.04.14 09:05:17.321,9.02177,9.02373,1.35,1.54
2011.04.14 09:05:17.653,9.02272,9.02437,1.50,1.50
2011.04.14 09:05:17.763,9.02272,9.02471,1.50,1.50
2011.04.14 09:05:17.873,9.02272,9.02471,1.50,1.50
2011.04.14 09:05:19.106,9.02267,9.02471,1.47,1.50
2011.04.14 09:05:20.527,9.02272,9.02471,1.50,1.50
2011.04.14 09:05:20.866,9.02208,9.02333,3.00,2.10
2011.04.14 09:05:20.984,9.02198,9.02333,1.31,2.10
2011.04.14 09:05:21.204,9.02198,9.02358,1.31,1.50
2011.04.14 09:05:21.424,9.02198,9.02358,1.31,1.50
2011.04.14 09:05:21.534,9.02163,9.02358,2.10,1.54
2011.04.14 09:05:21.753,9.02163,9.02358,2.10,1.54
2011.04.14 09:05:32.476,9.02171,9.02338,1.35,1.54
2011.04.14 09:05:32.812,9.02182,9.02395,1.35,1.54
2011.04.14 09:05:46.613,9.02189,9.02395,1.35,1.54
2011.04.14 09:05:48.905,9.02189,9.02395,1.35,1.54
2011.04.14 09:05:53.967,9.02188,9.02395,1.35,1.54
2011.04.14 09:06:21.502,9.02188,9.02395,1.35,1.50
2011.04.14 09:06:26.222,9.02187,9.02407,1.35,1.35
2011.04.14 09:06:26.552,9.02245,9.02437,1.31,1.35
2011.04.14 09:06:32.557,9.02245,9.02449,1.31,1.50
2011.04.14 09:06:36.867,9.02245,9.02437,1.31,1.50
2011.04.14 09:06:36.988,9.02188,9.02396,1.35,1.54
2011.04.14 09:06:38.592,9.02188,9.02393,1.35,1.54
2011.04.14 09:06:43.953,9.01812,9.02112,1.50,1.39
2011.04.14 09:06:44.061,9.01868,9.02112,1.31,1.35
2011.04.14 09:06:44.172,9.01843,9.02109,1.35,1.39
2011.04.14 09:06:44.502,9.01815,9.02109,1.35,1.39
2011.04.14 09:06:45.112,9.01851,9.02069,1.31,1.35
2011.04.14 09:06:45.443,9.01851,9.02069,1.31,1.35
2011.04.14 09:06:47.851,9.01855,9.02069,1.31,1.35
2011.04.14 09:06:50.377,9.01845,9.02063,1.31,1.50
2011.04.14 09:06:50.715,9.01808,9.02038,1.31,2.29
2011.04.14 09:06:50.823,9.01808,9.02012,1.47,1.54
2011.04.14 09:06:50.933,9.01808,9.02012,1.47,1.50
2011.04.14 09:07:38.203,9.01808,9.02033,1.47,1.54
2011.04.14 09:07:38.314,9.01808,9.02012,1.47,1.50
2011.04.14 09:07:39.625,9.01817,9.02012,1.47,1.50
2011.04.14 09:07:40.614,9.01817,9.02012,1.47,1.50
2011.04.14 09:07:44.823,9.01817,9.02007,1.47,1.50
2011.04.14 09:07:45.154,9.01806,9.01979,1.35,1.39
2011.04.14 09:08:45.100,9.01782,9.01988,1.50,1.50
2011.04.14 09:08:47.286,9.01863,9.02003,1.50,1.50
2011.04.14 09:08:47.623,9.01915,9.02005,1.32,1.50
2011.04.14 09:08:47.842,9.01915,9.02076,1.32,1.50
2011.04.14 09:08:49.643,9.01917,9.02076,1.47,1.50
2011.04.14 09:08:50.565,9.01917,9.02076,1.47,1.50
2011.04.14 09:08:51.595,9.01917,9.02076,1.47,1.50
2011.04.14 09:08:59.973,9.01947,9.02076,2.10,1.50
2011.04.14 09:09:00.084,9.01947,9.02111,2.10,1.35
2011.04.14 09:09:02.652,9.01965,9.02123,1.35,2.10
2011.04.14 09:09:14.096,9.01948,9.02123,1.32,2.10
2011.04.14 09:09:14.326,9.01945,9.02103,1.32,2.10
2011.04.14 09:09:22.694,9.01945,9.02028,1.32,1.50
2011.04.14 09:09:22.918,9.0181,9.01988,1.20,2.10
2011.04.14 09:09:23.364,9.0181,9.01988,1.20,2.10
2011.04.14 09:10:22.812,9.01818,9.02012,1.35,1.54
2011.04.14 09:11:49.934,9.01838,9.02048,1.20,1.50
2011.04.14 09:11:50.154,9.01846,9.02059,1.20,1.35
2011.04.14 09:11:50.266,9.01829,9.02073,1.35,1.50
2011.04.14 09:11:50.484,9.01838,9.02073,1.35,1.50
2011.04.14 09:11:58.928,9.01928,9.02094,2.10,1.50
2011.04.14 09:11:59.044,9.01928,9.02114,2.10,1.35
2011.04.14 09:11:59.264,9.01928,9.02122,2.10,1.35
2011.04.14 09:12:00.646,9.01967,9.02133,1.35,2.10
2011.04.14 09:12:06.808,9.01967,9.02114,1.35,1.39
2011.04.14 09:12:07.253,9.01842,9.02038,2.10,1.50
2011.04.14 09:12:49.974,9.01862,9.02038,2.10,1.50
2011.04.14 09:13:01.712,9.01857,9.02043,1.35,1.50
2011.04.14 09:13:01.826,9.01837,9.02037,1.47,1.50
2011.04.14 09:13:06.926,9.01831,9.02032,1.35,1.50
2011.04.14 09:14:05.243,9.01812,9.02036,1.35,1.50
2011.04.14 09:14:14.463,9.01807,9.02036,1.35,1.50
2011.04.14 09:14:14.793,9.0182,9.02026,1.35,1.50
2011.04.14 09:14:15.514,9.01811,9.02017,1.35,1.50
2011.04.14 09:14:32.264,9.01972,9.02063,1.35,1.50
2011.04.14 09:14:32.595,9.0202,9.02183,2.10,3.75
2011.04.14 09:14:32.706,9.0202,9.02261,2.10,2.10
2011.04.14 09:15:04.894,9.02123,9.02273,2.10,1.54
2011.04.14 09:15:05.005,9.02123,9.02297,2.10,2.10
2011.04.14 09:15:06.801,9.02107,9.02313,1.35,1.54
2011.04.14 09:15:06.913,9.02117,9.02322,1.50,1.54
2011.04.14 09:15:07.243,9.02139,9.02331,1.31,1.35
2011.04.14 09:15:13.484,9.02117,9.02331,1.35,1.39
2011.04.14 09:15:13.596,9.02117,9.02331,1.35,1.39
2011.04.14 09:15:15.577,9.02127,9.02331,1.35,1.39
2011.04.14 09:15:16.644,9.02127,9.02323,1.35,1.54
2011.04.14 09:15:47.234,9.02124,9.02328,1.35,1.54
2011.04.14 09:15:47.344,9.02127,9.02331,1.35,1.39
2011.04.14 09:15:48.565,9.02129,9.02331,1.35,1.39
2011.04.14 09:16:11.445,9.02142,9.02352,1.35,1.54
2011.04.14 09:16:11.555,9.02148,9.02352,1.47,1.54
2011.04.14 09:16:11.665,9.02148,9.02352,1.47,1.54
2011.04.14 09:16:11.774,9.02167,9.02368,1.47,1.35
2011.04.14 09:16:11.993,9.02167,9.02368,1.47,1.35
2011.04.14 09:16:13.570,9.02173,9.02368,1.50,1.35
2011.04.14 09:16:14.603,9.02173,9.02368,1.50,1.35
2011.04.14 09:16:15.613,9.02173,9.02368,1.50,1.35
2011.04.14 09:16:22.133,9.02198,9.02363,1.35,2.10
2011.04.14 09:16:25.830,9.02198,9.02345,1.35,1.35
2011.04.14 09:16:25.944,9.02138,9.02298,1.35,2.10
2011.04.14 09:16:26.165,9.02168,9.02338,2.10,1.39
2011.04.14 09:16:26.384,9.02168,9.02342,2.10,2.10
2011.04.14 09:16:38.614,9.02185,9.02342,1.35,2.10
2011.04.14 09:16:46.349,9.02187,9.02342,1.50,2.10
2011.04.14 09:16:46.684,9.02243,9.02399,2.10,1.35
2011.04.14 09:16:46.794,9.02243,9.02399,2.10,1.35
2011.04.14 09:16:47.013,9.02243,9.0241,2.10,1.35
2011.04.14 09:16:56.144,9.02228,9.02434,1.50,1.54
2011.04.14 09:16:57.594,9.02232,9.02435,1.50,1.54
2011.04.14 09:17:03.368,9.02228,9.02435,1.50,1.54
2011.04.14 09:17:03.485,9.02228,9.02432,1.50,1.54
2011.04.14 09:17:03.594,9.02228,9.02432,1.50,1.54
2011.04.14 09:17:32.434,9.02274,9.02445,2.10,1.54
2011.04.14 09:17:34.914,9.02227,9.02452,1.50,1.54
2011.04.14 09:17:36.633,9.02227,9.02455,1.50,1.54
2011.04.14 09:17:37.684,9.02227,9.02455,1.50,1.54
2011.04.14 09:17:38.663,9.02227,9.02455,1.50,1.54
2011.04.14 09:17:48.495,9.02227,9.02455,1.50,1.50
2011.04.14 09:18:04.108,9.02229,9.02459,1.35,1.50
2011.04.14 09:18:05.605,9.02229,9.02459,1.35,1.50
2011.04.14 09:18:06.594,9.02229,9.02459,1.35,1.50
2011.04.14 09:18:15.522,9.02462,9.02598,1.50,1.50
2011.04.14 09:18:15.637,9.02487,9.02734,1.47,1.50
2011.04.14 09:18:15.856,9.02492,9.02763,1.50,1.54
2011.04.14 09:18:16.074,9.02532,9.02771,2.25,1.54
2011.04.14 09:18:16.404,9.02582,9.02822,1.47,1.50
2011.04.14 09:18:16.517,9.02632,9.02822,2.10,1.54
2011.04.14 09:18:16.635,9.02672,9.02858,2.10,1.39
2011.04.14 09:18:16.747,9.02648,9.02815,2.10,1.39
2011.04.14 09:18:17.186,9.02648,9.02812,2.82,1.35
2011.04.14 09:18:17.296,9.02648,9.02816,2.82,1.35
2011.04.14 09:18:17.406,9.02648,9.02816,2.10,1.39
2011.04.14 09:18:19.664,9.02648,9.02816,2.10,1.39
2011.04.14 09:18:49.768,9.02648,9.02793,2.10,1.50
2011.04.14 09:18:49.994,9.02648,9.02815,2.10,1.35
2011.04.14 09:19:17.482,9.02647,9.02841,1.47,1.50
2011.04.14 09:19:23.039,9.02647,9.02762,1.47,1.50
2011.04.14 09:19:23.154,9.02585,9.02737,1.35,1.54
2011.04.14 09:19:23.375,9.02585,9.02648,1.35,1.50
2011.04.14 09:19:23.485,9.02519,9.02648,1.35,1.50
2011.04.14 09:19:23.595,9.02519,9.02633,1.35,1.50
2011.04.14 09:19:23.705,9.02466,9.02608,1.35,1.50
2011.04.14 09:19:39.756,9.02359,9.02565,1.35,1.54
2011.04.14 09:19:39.864,9.02338,9.02565,1.31,1.54
2011.04.14 09:19:40.086,9.02338,9.02551,1.31,1.54
2011.04.14 09:19:40.305,9.02328,9.02542,1.31,1.54
2011.04.14 09:20:02.481,9.02333,9.02557,1.31,1.54
2011.04.14 09:20:24.495,9.02327,9.02557,1.35,1.50
2011.04.14 09:20:25.505,9.02319,9.02539,1.35,1.35
2011.04.14 09:20:25.615,9.02286,9.02519,1.35,1.35
2011.04.14 09:20:25.834,9.02289,9.02519,1.35,1.35
2011.04.14 09:20:37.054,9.02272,9.02519,1.35,2.10
2011.04.14 09:20:38.044,9.02267,9.02521,2.10,1.50
2011.04.14 09:20:54.215,9.02267,9.02521,1.35,1.50
2011.04.14 09:21:24.448,9.02266,9.0252,1.35,1.50
2011.04.14 09:21:29.674,9.02264,9.0252,1.35,1.50
2011.04.14 09:21:58.713,9.02289,9.0252,1.31,1.50
2011.04.14 09:21:58.935,9.02335,9.02481,1.35,1.39
2011.04.14 09:21:59.155,9.02247,9.02465,1.31,1.54
2011.04.14 09:22:06.556,9.02259,9.02465,1.31,1.50
2011.04.14 09:22:06.885,9.02231,9.02435,1.31,1.50
2011.04.14 09:22:07.444,9.02231,9.02461,1.31,1.50
2011.04.14 09:22:07.555,9.02261,9.02467,1.31,1.50
2011.04.14 09:22:27.744,9.02261,9.02467,1.31,1.50
2011.04.14 09:22:27.965,9.02227,9.02434,2.06,1.54
2011.04.14 09:22:30.214,9.02228,9.0246,1.35,1.54
2011.04.14 09:22:30.435,9.02228,9.0246,1.35,1.54
2011.04.14 09:23:25.220,9.02237,9.02462,1.35,1.54
2011.04.14 09:23:30.321,9.02237,9.02462,1.35,1.50
2011.04.14 09:23:43.514,9.02228,9.02467,1.35,1.50
2011.04.14 09:24:05.775,9.02228,9.02432,1.35,1.50
2011.04.14 09:24:05.885,9.02217,9.02432,1.35,1.50
2011.04.14 09:24:05.995,9.02228,9.02443,1.50,1.35
2011.04.14 09:24:06.614,9.02263,9.02467,1.31,1.35
2011.04.14 09:24:10.065,9.02241,9.02443,1.35,2.14
2011.04.14 09:24:10.284,9.02229,9.02435,1.35,1.54
2011.04.14 09:24:10.467,9.02229,9.02417,1.35,1.50
2011.04.14 09:24:12.436,9.02237,9.02435,1.47,1.50
2011.04.14 09:24:12.995,9.02246,9.02452,1.31,1.50
2011.04.14 09:24:14.738,9.02246,9.02452,1.31,1.50
2011.04.14 09:24:15.194,9.02246,9.02457,1.31,1.35
2011.04.14 09:24:43.955,9.0224,9.02457,1.31,1.35
2011.04.14 09:24:47.816,9.02215,9.02446,1.35,1.54
2011.04.14 09:24:47.927,9.02208,9.02437,2.81,1.54
2011.04.14 09:24:48.037,9.02208,9.02405,1.47,1.50
2011.04.14 09:24:48.366,9.02213,9.02417,1.31,1.50
2011.04.14 09:24:48.477,9.0223,9.02434,1.31,1.50
2011.04.14 09:24:48.914,9.02242,9.02448,1.47,1.50
2011.04.14 09:24:49.025,9.02251,9.02455,1.31,1.50
2011.04.14 09:24:49.135,9.02251,9.02459,1.31,1.35
2011.04.14 09:24:49.356,9.02276,9.02455,1.32,1.50
2011.04.14 09:24:49.465,9.02276,9.02477,1.32,1.50
2011.04.14 09:24:49.687,9.02276,9.02481,1.32,1.50
2011.04.14 09:24:50.360,9.02276,9.02481,1.32,1.50
2011.04.14 09:24:50.635,9.02276,9.02484,1.32,1.54
2011.04.14 09:24:55.395,9.02275,9.02444,1.31,1.35
2011.04.14 09:24:56.539,9.02262,9.02458,1.32,1.50
2011.04.14 09:24:56.654,9.02267,9.02482,1.31,1.54
2011.04.14 09:24:59.315,9.02278,9.02486,1.47,1.54
2011.04.14 09:24:59.867,9.02348,9.02513,1.47,1.35
2011.04.14 09:25:00.393,9.02348,9.02548,1.47,1.50
2011.04.14 09:25:00.505,9.02348,9.02548,1.47,1.50
2011.04.14 09:25:09.878,9.02348,9.02548,2.22,1.50
2011.04.14 09:25:10.097,9.02348,9.02552,2.22,1.54
2011.04.14 09:25:12.996,9.02428,9.02557,1.47,1.50
2011.04.14 09:25:13.325,9.02492,9.02713,1.47,1.50
2011.04.14 09:25:13.435,9.02482,9.02718,1.35,1.54
2011.04.14 09:25:13.546,9.02507,9.02732,1.47,2.25
2011.04.14 09:25:13.655,9.02507,9.02732,1.47,2.25
2011.04.14 09:25:15.527,9.02508,9.02712,1.50,1.50
2011.04.14 09:25:16.889,9.02508,9.02712,1.50,1.50
2011.04.14 09:25:17.746,9.02508,9.02712,1.50,1.50
2011.04.14 09:25:31.015,9.02526,9.02716,1.50,1.39
2011.04.14 09:25:32.625,9.02526,9.02716,1.50,1.39
2011.04.14 09:26:32.126,9.02548,9.02739,1.35,1.35
2011.04.14 09:26:33.615,9.02553,9.02739,1.35,1.35
2011.04.14 09:26:34.607,9.02553,9.02739,1.35,1.35
2011.04.14 09:26:35.466,9.02537,9.02739,1.50,1.35
2011.04.14 09:26:35.575,9.02537,9.02726,1.50,1.54
2011.04.14 09:26:36.586,9.02537,9.02726,1.50,1.54
2011.04.14 09:26:52.276,9.02547,9.02726,1.50,1.54
2011.04.14 09:26:52.497,9.02547,9.02734,1.50,1.35
2011.04.14 09:26:52.605,9.02547,9.02739,1.50,1.35
2011.04.14 09:26:53.577,9.02547,9.02739,1.50,1.35
2011.04.14 09:27:36.862,9.02546,9.02752,1.50,1.54
2011.04.14 09:27:47.495,9.02546,9.02752,1.50,1.54
2011.04.14 09:27:56.901,9.02534,9.02752,1.35,1.50
2011.04.14 09:28:16.881,9.02534,9.02743,1.35,1.50
2011.04.14 09:28:29.409,9.02534,9.02751,1.35,1.50
2011.04.14 09:29:16.930,9.02534,9.02743,1.35,1.50
2011.04.14 09:29:29.360,9.02534,9.02751,1.35,1.50
2011.04.14 09:29:37.249,9.02533,9.02751,1.35,1.50
2011.04.14 09:30:16.979,9.02533,9.02742,1.35,1.50
2011.04.14 09:30:29.278,9.02533,9.02751,1.35,1.50
2011.04.14 09:30:32.315,9.02534,9.02751,1.35,1.50
2011.04.14 09:31:11.262,9.0252,9.02738,1.35,1.50
2011.04.14 09:31:11.914,9.0252,9.02726,1.50,1.54
2011.04.14 09:31:12.528,9.0252,9.02726,1.50,1.54
2011.04.14 09:32:12.409,9.0252,9.02726,1.50,1.50
2011.04.14 09:32:14.784,9.02519,9.02726,1.35,1.50
2011.04.14 09:32:17.025,9.02512,9.02723,1.35,1.50
2011.04.14 09:32:25.130,9.02512,9.02718,1.35,1.50
2011.04.14 09:32:26.038,9.02512,9.02718,1.35,1.50
2011.04.14 09:32:26.147,9.02512,9.02718,1.35,1.50
2011.04.14 09:32:29.627,9.02519,9.02723,1.35,1.50
2011.04.14 09:32:32.049,9.02519,9.02723,1.35,1.50
2011.04.14 09:33:01.248,9.02518,9.02725,1.35,1.50
2011.04.14 09:33:16.884,9.02513,9.02724,1.35,1.50
2011.04.14 09:33:29.341,9.02518,9.02725,1.35,1.50
2011.04.14 09:33:56.336,9.02519,9.02725,1.35,1.50
2011.04.14 09:34:16.968,9.02512,9.02723,1.35,1.50
2011.04.14 09:34:25.826,9.02537,9.02723,3.75,1.50
2011.04.14 09:34:26.157,9.02677,9.02812,2.07,1.50
2011.04.14 09:34:26.268,9.02749,9.02898,2.25,1.50
2011.04.14 09:34:26.378,9.02753,9.02932,1.47,1.50
2011.04.14 09:34:26.708,9.02618,9.02772,1.35,1.50
2011.04.14 09:34:26.817,9.02597,9.02822,2.07,1.35
2011.04.14 09:34:26.928,9.02602,9.02832,1.20,1.35
2011.04.14 09:34:27.146,9.02618,9.02843,1.35,1.39
2011.04.14 09:34:28.047,9.02629,9.02823,1.20,1.39
2011.04.14 09:34:29.178,9.02689,9.02848,1.35,1.54
2011.04.14 09:34:29.508,9.02693,9.02882,1.47,1.50
2011.04.14 09:34:29.618,9.02698,9.02882,1.47,1.50
2011.04.14 09:34:29.727,9.02689,9.02913,1.35,1.54
2011.04.14 09:34:31.652,9.02698,9.02913,1.50,1.54
2011.04.14 09:34:32.580,9.02698,9.02913,1.50,1.54
2011.04.14 09:34:33.437,9.02727,9.02913,1.50,1.54
2011.04.14 09:34:33.657,9.02753,9.02957,1.47,1.50
2011.04.14 09:34:33.878,9.02768,9.02977,1.47,1.54
2011.04.14 09:34:33.987,9.02768,9.02977,1.47,1.54
2011.04.14 09:34:34.317,9.02775,9.02992,1.35,1.54
2011.04.14 09:34:36.706,9.02793,9.02997,1.50,1.54
2011.04.14 09:34:36.927,9.02816,9.03005,1.31,1.50
2011.04.14 09:34:39.121,9.0279,9.02962,1.47,1.35
2011.04.14 09:34:39.240,9.02768,9.02962,1.35,1.39
2011.04.14 09:34:39.936,9.02768,9.02973,1.35,2.14
2011.04.14 09:34:40.050,9.02777,9.02966,1.20,2.10
2011.04.14 09:34:40.389,9.02795,9.02966,1.20,2.10
2011.04.14 09:34:41.166,9.02794,9.02966,1.20,2.10
2011.04.14 09:34:43.587,9.02795,9.02966,1.35,2.10
2011.04.14 09:34:51.350,9.02797,9.02966,1.50,2.10
2011.04.14 09:34:51.578,9.02842,9.03,2.10,1.35
2011.04.14 09:34:51.796,9.02842,9.03011,2.10,1.35
2011.04.14 09:35:26.589,9.02838,9.03021,1.35,1.39
2011.04.14 09:35:41.320,9.02838,9.03029,1.35,1.39
2011.04.14 09:35:42.679,9.02838,9.03022,1.35,1.39
2011.04.14 09:35:51.566,9.02838,9.03022,1.35,1.35
2011.04.14 09:36:27.918,9.02855,9.03052,1.35,1.50
2011.04.14 09:36:42.948,9.02847,9.03059,1.31,1.54
2011.04.14 09:36:58.356,9.02847,9.0306,1.31,1.54
2011.04.14 09:37:01.396,9.02958,9.03072,1.50,1.54
2011.04.14 09:37:01.729,9.03074,9.03248,2.10,1.50
2011.04.14 09:37:01.946,9.03074,9.03248,2.10,1.50
2011.04.14 09:37:02.168,9.03128,9.03266,2.10,1.50
2011.04.14 09:37:02.960,9.03072,9.03246,1.35,1.50
2011.04.14 09:37:03.177,9.03072,9.03259,1.35,1.54
2011.04.14 09:37:03.286,9.03072,9.03278,1.35,1.54
2011.04.14 09:37:03.510,9.03141,9.03278,2.10,1.54
2011.04.14 09:37:03.948,9.03072,9.03278,1.35,1.54
2011.04.14 09:37:06.508,9.03067,9.03273,1.50,1.54
2011.04.14 09:37:07.551,9.03067,9.03273,1.50,1.54
2011.04.14 09:37:09.758,9.03123,9.03277,2.10,1.54
2011.04.14 09:37:10.272,9.03088,9.03281,1.35,1.54
2011.04.14 09:37:11.648,9.03097,9.03283,1.35,1.54
2011.04.14 09:37:11.867,9.03097,9.0328,1.35,1.50
2011.04.14 09:37:12.197,9.03097,9.03284,1.35,1.54
2011.04.14 09:37:15.518,9.03098,9.03282,1.35,1.50
2011.04.14 09:37:16.432,9.03098,9.03281,1.35,1.50
2011.04.14 09:37:17.209,9.03082,9.03278,1.35,1.50
2011.04.14 09:37:17.321,9.03077,9.03266,1.47,1.50
2011.04.14 09:37:17.439,9.0306,9.03266,1.35,1.54
2011.04.14 09:37:19.559,9.0306,9.03266,1.35,1.54
2011.04.14 09:37:19.668,9.03057,9.03261,1.35,1.54
2011.04.14 09:37:19.793,9.0306,9.03228,1.20,2.10
2011.04.14 09:37:25.820,9.03047,9.03203,1.31,2.10
2011.04.14 09:37:26.039,9.03054,9.03228,2.10,2.10
2011.04.14 09:37:57.579,9.03048,9.03254,2.10,1.54
2011.04.14 09:37:57.687,9.03102,9.03278,1.50,1.54
2011.04.14 09:37:57.908,9.03148,9.03338,1.47,1.50
2011.04.14 09:37:58.277,9.03132,9.03338,1.47,1.50
2011.04.14 09:37:58.396,9.03192,9.03368,2.22,2.25
2011.04.14 09:37:58.622,9.03192,9.03368,2.22,1.50
2011.04.14 09:38:14.899,9.03192,9.03368,2.10,1.50
2011.04.14 09:38:22.186,9.02927,9.03117,2.25,4.50
2011.04.14 09:38:22.298,9.02672,9.03067,1.35,1.35
2011.04.14 09:38:22.782,9.02767,9.03067,1.47,1.50
2011.04.14 09:38:24.886,9.02801,9.03027,1.47,1.50
2011.04.14 09:38:25.440,9.0279,9.02993,1.31,2.10
2011.04.14 09:38:28.392,9.02786,9.0298,1.31,2.10
2011.04.14 09:38:28.731,9.02642,9.02883,1.35,1.54
2011.04.14 09:38:33.605,9.02783,9.02866,2.10,1.54
2011.04.14 09:38:33.829,9.02828,9.02939,1.47,1.50
2011.04.14 09:38:33.939,9.02828,9.03038,1.47,3.75
2011.04.14 09:38:34.049,9.02828,9.03053,1.47,1.39
2011.04.14 09:38:35.577,9.02848,9.03053,1.47,1.39
2011.04.14 09:38:35.690,9.02818,9.02935,1.47,1.50
2011.04.14 09:38:35.799,9.02779,9.02935,1.35,1.50
2011.04.14 09:38:40.167,9.02774,9.02915,1.31,1.50
2011.04.14 09:38:43.759,9.0285,9.02915,1.31,1.50
2011.04.14 09:38:44.088,9.02827,9.02913,1.86,1.50
2011.04.14 09:38:44.308,9.02798,9.02913,1.47,1.50
2011.04.14 09:38:44.419,9.02767,9.02913,1.31,1.50
2011.04.14 09:38:50.488,9.02828,9.02973,2.10,1.50
2011.04.14 09:38:50.598,9.02828,9.03028,2.10,1.54
2011.04.14 09:38:50.707,9.02828,9.03042,2.10,1.50
2011.04.14 09:38:51.367,9.02831,9.03061,1.20,1.50
2011.04.14 09:39:00.270,9.02806,9.03061,1.35,1.50
2011.04.14 09:39:00.380,9.02828,9.03066,1.31,1.54
2011.04.14 09:39:00.611,9.02838,9.03066,1.31,1.54
2011.04.14 09:39:03.748,9.02847,9.03069,1.47,1.54
2011.04.14 09:39:04.080,9.02857,9.03098,1.35,1.54
2011.04.14 09:39:08.348,9.02867,9.03092,1.35,2.29
2011.04.14 09:39:32.638,9.02857,9.03082,1.35,1.54
2011.04.14 09:39:32.968,9.02832,9.03041,1.35,1.54
2011.04.14 09:39:33.078,9.02835,9.03027,1.20,2.10
2011.04.14 09:39:46.428,9.02836,9.03027,1.35,2.10
2011.04.14 09:39:46.538,9.02837,9.03093,2.25,1.54
2011.04.14 09:39:46.647,9.02907,9.03093,1.50,1.54
2011.04.14 09:39:46.978,9.03044,9.03167,1.50,1.54
2011.04.14 09:40:04.012,9.02922,9.03194,1.35,1.54
2011.04.14 09:40:04.128,9.02924,9.032,1.35,1.54
2011.04.14 09:40:09.947,9.02817,9.02906,3.75,1.35
2011.04.14 09:40:10.279,9.02663,9.02885,1.31,2.10
2011.04.14 09:40:10.498,9.02625,9.02851,1.35,1.39
2011.04.14 09:40:10.718,9.02576,9.02851,1.50,1.39
2011.04.14 09:40:10.828,9.02575,9.02851,1.35,1.39
2011.04.14 09:40:11.048,9.02575,9.02816,1.31,1.35
2011.04.14 09:40:14.501,9.02622,9.02822,1.31,1.35
2011.04.14 09:40:14.831,9.02711,9.02942,1.35,2.89
2011.04.14 09:40:15.669,9.02737,9.02942,1.35,2.85
2011.04.14 09:40:16.708,9.02741,9.02922,1.35,2.10
2011.04.14 09:40:16.818,9.02741,9.02947,1.35,1.54
2011.04.14 09:40:17.759,9.02741,9.02947,1.35,1.54
2011.04.14 09:40:18.569,9.02746,9.02928,1.20,2.10
2011.04.14 09:40:22.419,9.02762,9.02928,1.35,2.10
2011.04.14 09:40:22.637,9.02793,9.03027,1.50,1.16
2011.04.14 09:40:26.187,9.02827,9.03052,1.50,1.54
2011.04.14 09:40:26.517,9.02842,9.03083,1.35,1.54
2011.04.14 09:40:28.831,9.02841,9.03083,1.35,1.54
2011.04.14 09:40:29.169,9.02841,9.0308,1.35,1.54
2011.04.14 09:40:32.529,9.02825,9.03031,1.35,1.54
2011.04.14 09:40:33.335,9.02825,9.03031,1.35,2.29
2011.04.14 09:40:34.214,9.02825,9.03031,1.35,2.29
2011.04.14 09:40:34.431,9.02825,9.03031,1.35,2.29
2011.04.14 09:40:34.808,9.02825,9.03022,1.35,1.54
2011.04.14 09:40:35.030,9.02825,9.03031,1.35,1.54
2011.04.14 09:40:35.138,9.02842,9.03057,1.35,1.54
2011.04.14 09:40:41.898,9.02842,9.03082,1.35,1.54
2011.04.14 09:41:11.637,9.02856,9.03087,1.35,1.54
2011.04.14 09:41:11.858,9.02853,9.03083,1.35,1.54
2011.04.14 09:41:15.361,9.02901,9.03083,1.50,1.54
2011.04.14 09:41:15.472,9.02947,9.0311,1.47,1.50
2011.04.14 09:41:15.590,9.02947,9.03132,1.47,1.50
2011.04.14 09:41:15.699,9.02947,9.03132,1.47,1.50
2011.04.14 09:41:15.808,9.02947,9.03134,1.47,1.50
2011.04.14 09:41:16.640,9.02947,9.03144,2.22,1.50
2011.04.14 09:41:16.860,9.02988,9.03146,1.35,1.50
2011.04.14 09:41:17.079,9.02988,9.0318,1.35,1.54
2011.04.14 09:41:19.321,9.02988,9.0318,1.35,1.54
2011.04.14 09:41:32.217,9.02988,9.03191,1.35,1.39
2011.04.14 09:41:40.120,9.02998,9.03191,1.50,1.39
2011.04.14 09:41:40.522,9.02998,9.03191,1.50,1.39
2011.04.14 09:41:40.638,9.02998,9.03192,1.50,2.89
2011.04.14 09:41:43.323,9.02988,9.03192,1.35,2.14
2011.04.14 09:41:48.667,9.02998,9.03192,1.50,2.14
2011.04.14 09:41:48.890,9.03058,9.03264,1.31,1.50
2011.04.14 09:41:49.217,9.03098,9.03264,1.32,1.50
2011.04.14 09:41:50.777,9.03098,9.03264,1.32,1.50
2011.04.14 09:41:53.219,9.03098,9.03288,1.32,1.50
2011.04.14 09:41:53.441,9.03074,9.03303,1.31,1.54
2011.04.14 09:41:53.559,9.03083,9.03303,1.31,1.54
2011.04.14 09:41:56.145,9.03088,9.03318,1.31,1.54
2011.04.14 09:42:03.159,9.03135,9.03369,1.20,1.54
2011.04.14 09:42:03.379,9.03177,9.03406,1.31,1.54
2011.04.14 09:42:03.487,9.03297,9.03406,2.10,1.54
2011.04.14 09:42:04.039,9.03157,9.03384,1.31,1.50
2011.04.14 09:42:04.148,9.03157,9.03381,1.31,2.25
2011.04.14 09:42:04.258,9.03117,9.03368,1.31,1.54
2011.04.14 09:42:06.618,9.03137,9.03359,1.31,1.54
2011.04.14 09:42:07.560,9.03138,9.03359,1.35,1.54
2011.04.14 09:42:07.938,9.03303,9.03383,1.47,1.50
2011.04.14 09:42:08.055,9.03303,9.03519,1.47,1.13
2011.04.14 09:42:08.527,9.03303,9.03544,1.47,1.50
2011.04.14 09:42:18.000,9.03348,9.03524,2.07,1.50
2011.04.14 09:42:19.648,9.03348,9.03524,1.47,1.50
2011.04.14 09:42:27.371,9.03348,9.03524,2.22,1.50
2011.04.14 09:42:28.340,9.03348,9.03524,2.22,1.50
2011.04.14 09:42:28.559,9.03377,9.03566,1.47,1.50
2011.04.14 09:42:28.669,9.03392,9.03572,1.47,1.50
2011.04.14 09:42:28.998,9.03394,9.03579,1.32,1.35
2011.04.14 09:42:34.319,9.03397,9.03579,1.47,1.35
2011.04.14 09:42:34.537,9.03433,9.03655,1.47,1.54
2011.04.14 09:42:43.527,9.03432,9.03638,2.06,1.50
2011.04.14 09:43:22.999,9.03411,9.03612,1.35,2.14
2011.04.14 09:43:23.109,9.03401,9.03605,1.35,1.54
2011.04.14 09:43:23.218,9.03388,9.03605,1.35,1.54
2011.04.14 09:43:26.612,9.03388,9.03588,1.35,1.50
2011.04.14 09:43:28.579,9.03388,9.03582,1.35,1.50
2011.04.14 09:43:28.908,9.03387,9.03563,1.32,2.25
2011.04.14 09:43:29.018,9.03382,9.03567,1.35,1.35
2011.04.14 09:43:29.238,9.03382,9.03578,1.35,1.39
2011.04.14 09:43:33.127,9.03388,9.03567,1.35,1.35
2011.04.14 09:43:33.459,9.03323,9.0347,1.35,1.50
2011.04.14 09:43:33.917,9.03312,9.0347,1.31,1.50
2011.04.14 09:44:33.417,9.03287,9.03513,1.35,1.50
2011.04.14 09:45:23.716,9.03286,9.03516,1.35,1.50
2011.04.14 09:45:28.272,9.03286,9.03481,1.35,2.10
2011.04.14 09:45:28.387,9.03269,9.03481,1.35,2.10
2011.04.14 09:45:42.937,9.03269,9.03421,1.35,1.35
2011.04.14 09:45:43.048,9.03139,9.03392,1.35,1.50
2011.04.14 09:45:43.157,9.03139,9.03303,1.35,1.50
2011.04.14 09:45:43.378,9.03047,9.03273,1.35,1.54
2011.04.14 09:45:43.486,9.03023,9.03273,1.35,1.54
2011.04.14 09:45:51.749,9.03043,9.03181,1.35,2.10
2011.04.14 09:45:52.187,9.03047,9.03282,1.35,1.54
2011.04.14 09:45:52.408,9.03035,9.03272,1.35,1.54
2011.04.14 09:45:52.619,9.03028,9.03272,1.31,1.54
2011.04.14 09:45:53.381,9.03035,9.03252,1.35,1.54
2011.04.14 09:45:55.066,9.03007,9.03199,1.50,1.54
2011.04.14 09:45:55.399,9.02998,9.03143,1.50,1.39
2011.04.14 09:45:55.801,9.02998,9.03101,1.50,1.50
2011.04.14 09:45:58.061,9.02927,9.03101,1.47,1.50
2011.04.14 09:45:58.179,9.0291,9.03141,1.35,1.50
2011.04.14 09:45:58.288,9.02887,9.03136,1.31,1.54
2011.04.14 09:45:58.400,9.02887,9.03136,1.31,1.54
2011.04.14 09:45:59.197,9.02968,9.03136,1.50,1.54
2011.04.14 09:45:59.417,9.03008,9.03225,1.47,1.50
2011.04.14 09:45:59.637,9.03008,9.03225,1.47,1.50
2011.04.14 09:45:59.857,9.03008,9.03234,1.47,1.54
2011.04.14 09:46:00.299,9.03008,9.03201,1.50,1.54
2011.04.14 09:46:09.539,9.02959,9.03037,1.35,1.39
2011.04.14 09:46:09.649,9.02759,9.03037,1.31,1.35
2011.04.14 09:46:09.759,9.02759,9.03022,1.31,1.50
2011.04.14 09:46:09.868,9.02734,9.02998,1.35,1.54
2011.04.14 09:46:09.978,9.02729,9.02998,1.35,1.54
2011.04.14 09:46:11.619,9.02749,9.02978,1.35,1.54
2011.04.14 09:46:12.565,9.02923,9.02978,1.50,1.54
2011.04.14 09:46:12.678,9.02923,9.03002,1.50,1.50
2011.04.14 09:46:12.898,9.02923,9.03172,1.50,1.50
2011.04.14 09:46:13.009,9.02923,9.03172,1.50,1.54
2011.04.14 09:46:16.882,9.02963,9.03152,2.25,1.54
2011.04.14 09:46:29.316,9.02963,9.03152,1.50,1.54
2011.04.14 09:46:31.048,9.02898,9.03152,2.81,1.54
2011.04.14 09:46:31.159,9.02898,9.0314,1.31,1.54
2011.04.14 09:46:31.600,9.02898,9.03134,1.31,1.54
2011.04.14 09:46:49.198,9.02972,9.03134,2.25,1.54
2011.04.14 09:46:49.528,9.03028,9.0328,1.31,1.54
2011.04.14 09:47:08.749,9.03028,9.03216,1.31,1.35
2011.04.14 09:47:08.970,9.02982,9.03178,1.20,1.39
2011.04.14 09:47:09.199,9.02967,9.03167,1.35,1.39
2011.04.14 09:47:09.419,9.02967,9.03167,1.35,1.39
2011.04.14 09:47:17.739,9.02982,9.03167,1.35,1.39
2011.04.14 09:47:17.959,9.03047,9.03219,1.32,1.35
2011.04.14 09:47:18.071,9.03047,9.03238,1.32,1.35
2011.04.14 09:47:29.989,9.03083,9.03262,1.50,1.54
2011.04.14 09:47:30.102,9.03108,9.03303,1.47,1.50
2011.04.14 09:47:30.218,9.03228,9.03312,1.50,1.54
2011.04.14 09:47:30.332,9.03228,9.03342,1.50,1.54
2011.04.14 09:47:30.450,9.03193,9.03396,2.10,1.39
2011.04.14 09:47:30.568,9.03193,9.03396,2.10,1.35
2011.04.14 09:47:31.123,9.03193,9.03396,2.10,1.39
2011.04.14 09:47:31.239,9.03173,9.03403,1.35,1.54
2011.04.14 09:47:31.457,9.03177,9.03411,1.35,1.54
2011.04.14 09:47:31.568,9.03181,9.03411,1.31,1.54
2011.04.14 09:47:40.754,9.03181,9.03352,1.31,1.50
2011.04.14 09:47:40.875,9.03116,9.03327,1.35,1.54
2011.04.14 09:47:40.987,9.03097,9.03327,3.56,2.29
2011.04.14 09:47:44.686,9.03098,9.03303,1.35,1.54
2011.04.14 09:47:45.580,9.03097,9.03303,3.56,1.54
2011.04.14 09:48:20.569,9.03097,9.03303,3.56,1.54
2011.04.14 09:48:20.788,9.03121,9.03292,1.20,2.10
2011.04.14 09:48:40.110,9.03218,9.03292,1.50,2.10
2011.04.14 09:48:40.443,9.03322,9.03537,2.10,1.54
2011.04.14 09:48:40.560,9.03322,9.0351,2.10,1.50
2011.04.14 09:48:40.790,9.03322,9.03535,2.10,1.50
2011.04.14 09:48:50.667,9.03342,9.03471,2.10,1.50
2011.04.14 09:48:56.653,9.03342,9.03489,2.10,1.50
2011.04.14 09:48:58.252,9.03328,9.03495,1.47,1.50
2011.04.14 09:48:58.476,9.03328,9.03523,1.47,1.50
2011.04.14 09:50:19.915,9.03298,9.03524,1.50,1.50
2011.04.14 09:50:20.356,9.03342,9.03552,1.35,2.25
2011.04.14 09:50:21.579,9.03342,9.03548,1.35,1.50
2011.04.14 09:50:22.569,9.03342,9.03548,1.35,1.50
2011.04.14 09:50:23.553,9.03348,9.03548,1.50,1.50
2011.04.14 09:50:34.216,9.03342,9.03542,1.35,1.50
2011.04.14 09:50:34.326,9.03322,9.03528,1.35,1.50
2011.04.14 09:50:50.167,9.03308,9.03526,1.35,1.50
2011.04.14 09:50:50.277,9.03301,9.03507,1.35,1.50
2011.04.14 09:50:51.998,9.03308,9.03521,1.50,1.50
2011.04.14 09:50:52.107,9.03323,9.03529,1.35,1.50
2011.04.14 09:51:15.271,9.03319,9.03528,1.35,1.50
2011.04.14 09:51:15.389,9.03319,9.03528,1.35,1.50
2011.04.14 09:51:16.951,9.03319,9.03528,1.35,1.50
2011.04.14 09:51:57.520,9.03322,9.03528,1.35,1.50
2011.04.14 09:51:57.630,9.03324,9.0353,1.35,1.50
2011.04.14 09:52:17.479,9.03324,9.0353,1.35,1.50
2011.04.14 09:52:18.099,9.03324,9.0353,1.35,1.50
2011.04.14 09:52:20.190,9.03324,9.0353,1.35,1.50
2011.04.14 09:52:22.159,9.03324,9.0353,1.35,1.50
2011.04.14 09:52:24.470,9.03324,9.03533,1.35,1.50
2011.04.14 09:52:48.266,9.03324,9.0353,1.35,1.50
2011.04.14 09:52:50.177,9.03324,9.0353,1.35,1.50
2011.04.14 09:52:56.746,9.03324,9.0353,1.35,1.50
2011.04.14 09:53:03.889,9.03324,9.0353,1.35,1.50
2011.04.14 09:53:12.029,9.03324,9.0353,1.35,1.50
2011.04.14 09:53:21.210,9.03324,9.0353,1.35,1.50
2011.04.14 09:53:21.968,9.03324,9.0353,1.35,1.50
2011.04.14 09:53:22.189,9.03324,9.0353,1.35,1.50
2011.04.14 09:53:22.628,9.03324,9.0353,1.35,1.50
2011.04.14 09:53:23.288,9.03324,9.0353,1.35,1.50
2011.04.14 09:53:23.949,9.03324,9.0353,1.35,1.50
2011.04.14 09:53:29.910,9.03324,9.0353,1.35,1.50
2011.04.14 09:53:32.879,9.03324,9.0353,1.35,1.50
2011.04.14 09:53:37.168,9.03324,9.0353,1.35,1.50
2011.04.14 09:53:38.050,9.03324,9.0353,1.35,1.50
2011.04.14 09:53:38.936,9.03324,9.0353,1.35,1.50
2011.04.14 09:53:47.456,9.03324,9.0353,1.35,1.50
2011.04.14 09:53:52.159,9.03324,9.0353,1.35,1.50
2011.04.14 09:54:00.536,9.03324,9.0353,1.35,1.50
2011.04.14 09:54:09.456,9.03324,9.0353,1.35,1.50
2011.04.14 09:54:15.277,9.03324,9.0353,1.35,1.50
2011.04.14 09:54:16.918,9.03324,9.0353,1.35,1.50
2011.04.14 09:54:22.130,9.03324,9.0353,1.35,1.50
2011.04.14 09:54:32.636,9.03324,9.0353,1.35,1.50
2011.04.14 09:54:32.746,9.03324,9.0353,1.35,1.50
2011.04.14 09:54:33.147,9.03324,9.0353,1.35,1.50
2011.04.14 09:54:33.511,9.03324,9.0353,1.35,1.50
2011.04.14 09:54:34.500,9.03324,9.0353,1.35,1.50
2011.04.14 09:54:37.128,9.03324,9.0353,1.35,1.50
2011.04.14 09:54:37.457,9.03324,9.0353,1.35,1.50
2011.04.14 09:54:38.566,9.03324,9.0353,1.35,1.50
2011.04.14 09:54:38.786,9.03324,9.0353,1.35,1.50
2011.04.14 09:54:40.136,9.03324,9.0353,1.35,1.50
2011.04.14 09:54:40.868,9.03324,9.0353,1.35,1.50
2011.04.14 09:54:42.849,9.03324,9.03532,1.35,1.50
2011.04.14 09:55:46.709,9.03327,9.03532,1.35,1.50
2011.04.14 09:55:48.509,9.03327,9.03532,1.35,1.50
2011.04.14 09:55:52.789,9.03327,9.03532,1.35,1.50
2011.04.14 09:55:53.071,9.03302,9.03517,1.35,1.35
2011.04.14 09:55:53.498,9.03302,9.03517,1.35,1.39
2011.04.14 09:55:53.616,9.03225,9.03478,1.20,1.54
2011.04.14 09:56:04.510,9.03268,9.03478,1.50,1.54
2011.04.14 09:56:04.840,9.03327,9.03519,1.47,1.50
2011.04.14 09:56:04.949,9.03327,9.03541,1.47,1.54
2011.04.14 09:56:05.169,9.03335,9.03541,1.35,1.54
2011.04.14 09:56:08.219,9.03372,9.03564,1.47,1.50
2011.04.14 09:56:08.439,9.03377,9.03564,1.47,1.50
2011.04.14 09:56:08.658,9.03377,9.03573,1.47,1.50
2011.04.14 09:56:17.458,9.03402,9.03579,1.35,1.50
2011.04.14 09:56:17.788,9.03419,9.03603,1.32,1.35
2011.04.14 09:56:22.312,9.03447,9.03602,1.47,1.35
2011.04.14 09:56:22.539,9.03491,9.03671,1.35,1.54
2011.04.14 09:56:22.648,9.03491,9.03646,1.32,1.50
2011.04.14 09:56:22.869,9.03416,9.03613,1.72,1.39
2011.04.14 09:56:23.087,9.0344,9.03613,1.31,1.35
2011.04.14 09:56:27.503,9.03498,9.03646,1.47,1.50
2011.04.14 09:56:27.619,9.03498,9.0367,1.47,1.50
2011.04.14 09:56:27.729,9.03498,9.03692,1.47,1.50
2011.04.14 09:56:28.438,9.03498,9.03595,1.47,2.10
2011.04.14 09:56:28.659,9.03434,9.03595,1.35,2.10
2011.04.14 09:56:28.768,9.03434,9.03595,1.35,2.10
2011.04.14 09:56:29.239,9.03418,9.03595,1.20,2.10
2011.04.14 09:57:10.542,9.03439,9.03607,2.10,1.50
2011.04.14 09:57:10.768,9.03472,9.03667,1.32,1.50
2011.04.14 09:57:10.879,9.03472,9.03673,1.32,1.50
2011.04.14 09:57:33.955,9.03557,9.03715,1.47,1.50
2011.04.14 09:57:34.182,9.03557,9.03734,1.47,1.50
2011.04.14 09:57:34.413,9.03557,9.03752,1.47,1.50
2011.04.14 09:57:49.343,9.03557,9.03734,2.22,1.50
2011.04.14 09:57:49.671,9.03557,9.03734,2.22,1.50
2011.04.14 09:57:50.002,9.03557,9.03734,2.22,1.50
2011.04.14 09:57:50.377,9.03557,9.03734,2.22,1.50
2011.04.14 09:57:51.470,9.03557,9.03742,2.22,1.50
2011.04.14 09:57:51.578,9.03577,9.0378,1.47,1.50
2011.04.14 09:57:51.689,9.03583,9.0378,1.47,1.50
2011.04.14 09:57:52.250,9.03583,9.0378,1.47,1.50
2011.04.14 09:57:53.991,9.03588,9.0378,1.47,1.50
2011.04.14 09:57:54.777,9.03588,9.03782,1.47,1.50
2011.04.14 09:58:24.792,9.03588,9.03778,1.47,1.50
2011.04.14 09:58:25.129,9.03542,9.03728,1.20,1.39
2011.04.14 09:58:25.239,9.03543,9.03731,1.35,2.14
2011.04.14 09:58:28.501,9.03543,9.03731,1.50,2.14
2011.04.14 09:58:31.928,9.03548,9.03745,1.50,1.54
2011.04.14 09:58:32.038,9.03548,9.03752,1.35,1.54
2011.04.14 09:58:32.369,9.03576,9.03752,1.31,1.50
2011.04.14 09:58:33.688,9.03576,9.03752,1.31,1.50
2011.04.14 09:59:10.881,9.03576,9.03758,1.31,1.35
2011.04.14 09:59:10.991,9.03627,9.0378,2.10,1.50
2011.04.14 09:59:11.101,9.03627,9.03803,2.10,1.54
2011.04.14 09:59:11.319,9.03597,9.03819,1.32,1.54
2011.04.14 09:59:11.431,9.03598,9.03829,1.20,1.54
2011.04.14 09:59:33.065,9.03683,9.03829,1.50,1.50
2011.04.14 09:59:33.290,9.03726,9.0395,1.35,1.50
2011.04.14 09:59:33.399,9.03727,9.03971,1.47,1.54
2011.04.14 09:59:33.619,9.03735,9.03973,1.35,1.54
2011.04.14 09:59:38.122,9.03752,9.03952,1.50,1.54
2011.04.14 09:59:40.331,9.03752,9.03958,1.50,1.54
2011.04.14 09:59:40.669,9.03787,9.03983,1.31,1.50
2011.04.14 09:59:40.778,9.03787,9.03993,1.31,1.50
2011.04.14 09:59:46.015,9.03778,9.03993,1.31,1.54
2011.04.14 09:59:48.959,9.03787,9.03982,1.31,1.50
2011.04.14 09:59:52.551,9.03758,9.03957,2.06,1.50
2011.04.14 09:59:58.523,9.03928,9.03982,1.47,1.50
2011.04.14 09:59:58.644,9.03827,9.04222,4.47,1.54
2011.04.14 09:59:58.758,9.03827,9.04222,4.47,1.54
