2014.02.25 16:00:00.657,8.91995,8.92122,1.38,1.30
2014.02.25 16:00:00.967,8.91995,8.92122,1.00,1.00
2014.02.25 16:00:01.069,8.91986,8.92122,1.00,1.00
2014.02.25 16:00:02.048,8.91986,8.92122,1.38,1.38
2014.02.25 16:00:04.106,8.91994,8.92122,1.75,1.38
2014.02.25 16:00:04.409,8.92048,8.92122,1.50,1.00
2014.02.25 16:00:05.402,8.9205,8.92208,1.00,1.98
2014.02.25 16:00:05.554,8.9204,8.92208,1.00,1.98
2014.02.25 16:00:05.655,8.92015,8.92185,1.00,1.98
2014.02.25 16:00:06.543,8.92001,8.92173,1.00,1.38
2014.02.25 16:00:06.955,8.92001,8.92133,1.38,1.13
2014.02.25 16:00:07.629,8.92021,8.92153,1.75,1.38
2014.02.25 16:00:07.932,8.92042,8.92153,1.75,1.00
2014.02.25 16:00:08.659,8.92053,8.92113,1.38,1.00
2014.02.25 16:00:10.858,8.92048,8.92215,1.38,1.38
2014.02.25 16:00:12.616,8.92043,8.92153,1.75,1.00
2014.02.25 16:00:14.165,8.92052,8.92173,1.38,1.13
2014.02.25 16:00:17.587,8.92068,8.92223,1.00,1.38
2014.02.25 16:00:26.054,8.92057,8.92223,1.38,1.38
2014.02.25 16:00:26.256,8.92057,8.92223,1.75,1.38
2014.02.25 16:00:26.467,8.92057,8.92223,1.75,1.38
2014.02.25 16:00:29.006,8.92057,8.92223,1.75,1.38
2014.02.25 16:00:29.360,8.92086,8.92232,3.75,1.38
2014.02.25 16:00:29.461,8.92121,8.92242,1.75,1.00
2014.02.25 16:00:29.512,8.92121,8.92258,1.75,1.00
2014.02.25 16:00:29.714,8.92144,8.92314,1.75,1.38
2014.02.25 16:00:30.547,8.92166,8.92338,1.00,1.98
2014.02.25 16:00:31.431,8.92166,8.92303,1.00,1.98
2014.02.25 16:00:31.482,8.92135,8.92303,1.00,1.98
2014.02.25 16:00:31.583,8.92125,8.92297,1.00,1.98
2014.02.25 16:00:31.700,8.92108,8.92272,1.00,1.38
2014.02.25 16:00:32.355,8.921,8.92272,1.38,1.38
2014.02.25 16:00:32.456,8.92109,8.92281,1.38,1.38
2014.02.25 16:00:32.558,8.92109,8.92281,1.75,1.38
2014.02.25 16:00:33.138,8.92109,8.92253,1.38,1.00
2014.02.25 16:00:33.462,8.92107,8.92266,1.75,1.38
2014.02.25 16:00:35.049,8.92162,8.92283,1.00,1.38
2014.02.25 16:00:36.116,8.92167,8.92334,1.00,1.38
2014.02.25 16:00:37.085,8.92178,8.92334,1.00,1.38
2014.02.25 16:00:38.158,8.92178,8.92334,1.00,1.00
2014.02.25 16:00:38.861,8.92198,8.92334,1.00,1.00
2014.02.25 16:00:40.574,8.92178,8.92334,1.00,1.00
2014.02.25 16:00:40.776,8.92178,8.92345,1.00,1.68
2014.02.25 16:00:41.219,8.92178,8.92324,1.00,1.00
2014.02.25 16:00:41.612,8.92198,8.92324,1.00,1.00
2014.02.25 16:00:42.024,8.92218,8.92324,1.00,1.00
2014.02.25 16:00:43.406,8.92218,8.92343,1.00,1.68
2014.02.25 16:00:45.680,8.92198,8.92345,1.00,1.68
2014.02.25 16:00:51.378,8.92218,8.92345,1.00,1.68
2014.02.25 16:00:56.785,8.92197,8.92345,1.00,1.68
2014.02.25 16:00:56.939,8.92218,8.92345,1.00,1.68
2014.02.25 16:00:58.572,8.92173,8.92345,1.38,1.68
2014.02.25 16:00:58.774,8.92173,8.92345,1.00,1.68
2014.02.25 16:00:59.376,8.92168,8.92332,1.00,1.00
2014.02.25 16:01:01.075,8.92162,8.92332,1.38,1.50
2014.02.25 16:01:02.063,8.92168,8.92332,1.00,1.00
2014.02.25 16:01:03.004,8.92168,8.92317,1.00,1.00
2014.02.25 16:01:03.433,8.92168,8.92302,1.00,1.00
2014.02.25 16:01:04.905,8.92168,8.92333,1.00,1.00
2014.02.25 16:01:08.152,8.92163,8.92332,1.38,1.00
2014.02.25 16:01:10.093,8.92168,8.92333,1.00,1.00
2014.02.25 16:01:10.346,8.92168,8.92333,1.00,1.60
2014.02.25 16:01:10.678,8.92168,8.92325,1.00,1.00
2014.02.25 16:01:12.117,8.92167,8.92325,1.13,1.00
2014.02.25 16:01:15.289,8.92158,8.92314,1.38,1.00
2014.02.25 16:01:16.039,8.92158,8.92323,1.38,1.00
2014.02.25 16:01:18.306,8.92158,8.92323,1.38,1.38
2014.02.25 16:01:20.505,8.92158,8.92323,1.30,1.38
2014.02.25 16:01:22.263,8.92158,8.92313,1.00,1.38
2014.02.25 16:01:24.825,8.92158,8.92323,1.05,1.73
2014.02.25 16:01:32.874,8.92158,8.92243,1.30,1.00
2014.02.25 16:01:33.076,8.92137,8.92243,1.38,1.00
2014.02.25 16:01:33.228,8.92146,8.92242,1.00,1.00
2014.02.25 16:01:34.813,8.92155,8.92242,1.00,1.00
2014.02.25 16:01:34.914,8.92155,8.92282,1.38,1.38
2014.02.25 16:01:37.316,8.92155,8.92323,1.30,1.38
2014.02.25 16:01:38.326,8.92155,8.92312,1.38,1.38
2014.02.25 16:01:49.186,8.92155,8.92313,1.00,1.38
2014.02.25 16:01:50.605,8.92155,8.92313,1.00,1.38
2014.02.25 16:01:51.595,8.92155,8.92292,1.00,1.38
2014.02.25 16:02:10.186,8.92155,8.92303,1.00,1.38
2014.02.25 16:02:27.403,8.92155,8.92184,1.00,2.58
2014.02.25 16:02:27.554,8.92019,8.92172,1.00,2.63
2014.02.25 16:02:27.655,8.92013,8.92158,1.00,1.98
2014.02.25 16:02:27.706,8.92013,8.92148,1.00,1.98
2014.02.25 16:02:27.858,8.91998,8.92133,1.00,2.48
2014.02.25 16:02:27.959,8.91955,8.92125,1.00,1.38
2014.02.25 16:02:28.859,8.91941,8.92111,1.38,1.38
2014.02.25 16:02:46.904,8.9203,8.92101,1.00,1.38
2014.02.25 16:02:46.955,8.9203,8.92101,1.00,1.00
2014.02.25 16:02:47.106,8.9203,8.92149,1.00,1.00
2014.02.25 16:02:47.157,8.9203,8.92149,1.00,1.38
2014.02.25 16:02:47.634,8.92018,8.92188,1.38,1.98
2014.02.25 16:02:47.735,8.92018,8.92173,1.00,2.48
2014.02.25 16:02:47.863,8.92007,8.92161,1.00,1.38
2014.02.25 16:02:48.541,8.92028,8.92152,1.00,1.38
2014.02.25 16:02:48.918,8.9202,8.92166,1.00,1.38
2014.02.25 16:02:49.028,8.9202,8.92166,1.38,1.38
2014.02.25 16:02:50.041,8.9205,8.92173,1.00,1.88
2014.02.25 16:02:50.142,8.9205,8.92173,1.00,1.50
2014.02.25 16:02:50.296,8.9205,8.92198,1.00,1.38
2014.02.25 16:02:50.448,8.9205,8.92198,1.00,1.38
2014.02.25 16:02:50.979,8.9205,8.92212,1.00,1.38
2014.02.25 16:02:51.282,8.91997,8.92102,1.00,1.38
2014.02.25 16:02:51.333,8.91943,8.92102,1.35,1.38
2014.02.25 16:02:51.384,8.92011,8.92103,1.00,2.25
2014.02.25 16:02:51.586,8.92039,8.92161,1.00,1.00
2014.02.25 16:02:51.687,8.92039,8.92161,1.00,1.38
2014.02.25 16:02:52.206,8.92039,8.92178,1.00,1.38
2014.02.25 16:02:52.663,8.92039,8.92201,1.00,1.38
2014.02.25 16:02:53.122,8.92039,8.92156,1.00,2.10
2014.02.25 16:02:53.375,8.92035,8.92123,1.00,1.00
2014.02.25 16:02:53.426,8.92035,8.92123,1.38,1.00
2014.02.25 16:02:53.678,8.92035,8.92207,1.50,1.38
2014.02.25 16:02:53.880,8.92035,8.92207,1.88,1.38
2014.02.25 16:02:54.623,8.92035,8.92207,1.88,1.38
2014.02.25 16:02:54.987,8.92035,8.92207,1.88,1.38
2014.02.25 16:02:55.038,8.92047,8.92207,1.00,1.38
2014.02.25 16:02:55.341,8.92047,8.92153,1.00,2.48
2014.02.25 16:02:55.892,8.92048,8.92147,1.00,1.98
2014.02.25 16:02:57.169,8.92047,8.92147,1.00,1.98
2014.02.25 16:02:59.101,8.92048,8.92135,1.00,1.38
2014.02.25 16:02:59.333,8.91997,8.92135,1.00,1.38
2014.02.25 16:02:59.484,8.91997,8.92096,1.00,1.98
2014.02.25 16:02:59.585,8.91958,8.92096,1.00,1.38
2014.02.25 16:02:59.687,8.91958,8.92079,1.38,1.38
2014.02.25 16:03:01.081,8.91988,8.92131,1.00,1.38
2014.02.25 16:03:01.693,8.91988,8.92122,1.00,1.98
2014.02.25 16:03:03.619,8.91968,8.92091,1.00,1.38
2014.02.25 16:03:15.833,8.91927,8.92091,1.38,1.38
2014.02.25 16:03:15.884,8.91927,8.92058,1.00,1.38
2014.02.25 16:03:16.086,8.91892,8.92058,1.38,1.38
2014.02.25 16:03:16.137,8.91892,8.92058,1.38,1.38
2014.02.25 16:03:16.188,8.91892,8.92064,1.75,1.38
2014.02.25 16:03:16.446,8.9191,8.9208,1.75,1.38
2014.02.25 16:03:17.341,8.91918,8.9209,1.75,1.38
2014.02.25 16:03:17.392,8.91947,8.9209,1.00,1.38
2014.02.25 16:03:17.813,8.91947,8.9209,1.00,1.38
2014.02.25 16:03:18.162,8.91937,8.9209,1.00,1.38
2014.02.25 16:03:20.110,8.91938,8.92079,1.00,1.38
2014.02.25 16:03:28.284,8.91938,8.92079,1.00,1.38
2014.02.25 16:03:31.133,8.91917,8.92079,1.68,1.38
2014.02.25 16:03:35.034,8.91917,8.92079,1.30,1.38
2014.02.25 16:03:37.883,8.91917,8.92079,1.13,1.30
2014.02.25 16:03:38.899,8.91917,8.92075,1.38,1.38
2014.02.25 16:03:40.977,8.91917,8.92075,1.30,1.38
2014.02.25 16:03:43.960,8.91905,8.92075,1.75,1.38
2014.02.25 16:03:45.738,8.91905,8.92075,1.68,1.38
2014.02.25 16:03:46.256,8.91894,8.92013,1.50,1.00
2014.02.25 16:03:46.464,8.91911,8.92013,1.38,1.00
2014.02.25 16:03:46.667,8.91901,8.92032,1.38,1.30
2014.02.25 16:03:46.718,8.91901,8.92032,1.38,1.00
2014.02.25 16:03:47.233,8.91901,8.92052,1.75,1.38
2014.02.25 16:03:49.592,8.91911,8.92013,1.75,1.00
2014.02.25 16:03:50.375,8.91911,8.92032,1.38,1.13
2014.02.25 16:03:50.425,8.91911,8.92032,1.00,1.38
2014.02.25 16:03:50.628,8.91898,8.92022,1.00,1.38
2014.02.25 16:03:50.780,8.91897,8.92022,1.38,1.13
2014.02.25 16:03:51.095,8.91907,8.92012,1.38,1.00
2014.02.25 16:03:52.122,8.91917,8.92013,1.30,1.00
2014.02.25 16:03:52.403,8.91917,8.92013,1.00,1.00
2014.02.25 16:03:52.608,8.91917,8.92032,1.00,1.00
2014.02.25 16:03:53.393,8.91917,8.92032,1.38,1.13
2014.02.25 16:03:53.733,8.91917,8.92033,1.13,1.38
2014.02.25 16:03:54.188,8.91905,8.92052,1.00,1.38
2014.02.25 16:03:54.341,8.9189,8.92052,1.38,1.38
2014.02.25 16:03:59.708,8.91879,8.92002,1.38,1.00
2014.02.25 16:04:04.225,8.91882,8.91982,1.38,1.00
2014.02.25 16:04:07.594,8.91882,8.92003,1.75,1.13
2014.02.25 16:04:13.129,8.9189,8.92002,1.38,1.00
2014.02.25 16:04:29.590,8.9189,8.92023,1.38,1.38
2014.02.25 16:04:33.110,8.91892,8.92002,1.38,1.00
2014.02.25 16:04:38.171,8.91892,8.92023,1.38,1.38
2014.02.25 16:04:41.961,8.91895,8.92032,1.38,1.38
2014.02.25 16:04:42.265,8.9193,8.92072,1.38,1.13
2014.02.25 16:04:42.416,8.91957,8.92072,1.13,1.38
2014.02.25 16:04:43.710,8.91947,8.92117,1.38,1.38
2014.02.25 16:04:44.925,8.91996,8.92152,1.38,1.38
2014.02.25 16:04:45.157,8.91996,8.92153,1.38,1.88
2014.02.25 16:04:45.359,8.92009,8.92181,1.00,1.38
2014.02.25 16:04:46.455,8.92009,8.92181,1.00,1.38
2014.02.25 16:04:46.759,8.92018,8.92188,1.00,1.38
2014.02.25 16:04:46.910,8.92004,8.92174,1.38,1.38
2014.02.25 16:04:47.450,8.91996,8.92166,1.38,1.38
2014.02.25 16:04:47.652,8.92018,8.92188,1.00,1.38
2014.02.25 16:04:47.753,8.92008,8.9218,1.00,1.38
2014.02.25 16:04:48.007,8.92008,8.9218,1.00,1.38
2014.02.25 16:04:48.108,8.92018,8.9219,1.00,1.38
2014.02.25 16:04:48.783,8.92018,8.9219,1.00,1.38
2014.02.25 16:04:49.875,8.92018,8.9219,1.00,1.00
2014.02.25 16:04:50.843,8.92018,8.9219,1.00,1.38
2014.02.25 16:04:51.849,8.92031,8.92201,1.00,1.38
2014.02.25 16:04:52.152,8.9202,8.9219,1.00,1.38
2014.02.25 16:04:53.646,8.9202,8.92093,1.00,2.10
2014.02.25 16:04:53.748,8.91945,8.92093,1.00,2.48
2014.02.25 16:04:53.900,8.91949,8.92093,1.88,1.88
2014.02.25 16:04:53.951,8.91949,8.9208,2.25,1.00
2014.02.25 16:04:54.052,8.91949,8.92092,2.25,1.00
2014.02.25 16:04:54.154,8.91994,8.92112,1.38,1.00
2014.02.25 16:04:54.205,8.91994,8.92164,1.38,1.38
2014.02.25 16:04:54.256,8.92015,8.92184,1.00,1.38
2014.02.25 16:04:54.580,8.92036,8.92208,1.00,1.38
2014.02.25 16:04:54.794,8.92023,8.92195,1.00,1.38
2014.02.25 16:04:55.313,8.92023,8.92195,1.00,1.38
2014.02.25 16:04:55.697,8.92023,8.92195,1.00,1.38
2014.02.25 16:04:56.002,8.92023,8.92195,1.00,1.38
2014.02.25 16:04:57.434,8.92036,8.92208,1.00,1.38
2014.02.25 16:04:57.588,8.92002,8.92174,1.38,1.38
2014.02.25 16:04:58.851,8.92012,8.92182,1.00,1.38
2014.02.25 16:05:07.468,8.92012,8.92182,1.00,1.38
2014.02.25 16:05:09.175,8.92003,8.92173,1.38,1.38
2014.02.25 16:05:12.184,8.91993,8.92163,1.38,1.30
2014.02.25 16:05:13.123,8.92003,8.92175,1.00,1.30
2014.02.25 16:05:13.430,8.91994,8.92166,1.38,1.38
2014.02.25 16:05:13.966,8.91994,8.92166,1.30,1.38
2014.02.25 16:05:15.064,8.92017,8.92166,1.00,1.38
2014.02.25 16:05:17.072,8.92019,8.92189,1.00,1.38
2014.02.25 16:05:17.309,8.92017,8.92179,1.00,1.38
2014.02.25 16:05:18.318,8.9202,8.9219,1.00,1.38
2014.02.25 16:05:18.419,8.92017,8.92176,1.00,1.38
2014.02.25 16:05:19.388,8.92014,8.92184,1.00,1.38
2014.02.25 16:05:22.827,8.92008,8.92176,1.00,1.38
2014.02.25 16:05:23.038,8.92016,8.92186,1.00,1.38
2014.02.25 16:05:23.455,8.92008,8.92177,1.00,1.38
2014.02.25 16:05:25.122,8.92017,8.92187,1.00,1.38
2014.02.25 16:05:25.223,8.92008,8.92177,1.00,1.38
2014.02.25 16:05:25.888,8.92027,8.92177,1.00,1.38
2014.02.25 16:05:28.177,8.92007,8.92177,1.13,1.38
2014.02.25 16:05:31.355,8.92027,8.92177,1.00,1.38
2014.02.25 16:05:31.718,8.92027,8.92177,1.00,1.38
2014.02.25 16:05:33.099,8.92037,8.92177,1.00,1.38
2014.02.25 16:05:33.319,8.92027,8.92177,1.00,1.38
2014.02.25 16:05:33.542,8.92047,8.92177,1.00,1.38
2014.02.25 16:05:33.906,8.92048,8.9219,1.00,1.38
2014.02.25 16:05:34.819,8.92048,8.92189,1.00,1.00
2014.02.25 16:05:34.870,8.92078,8.92189,1.00,1.00
2014.02.25 16:05:35.174,8.92078,8.92177,1.00,1.00
2014.02.25 16:05:35.326,8.92078,8.92186,1.00,1.00
2014.02.25 16:05:35.648,8.92057,8.92186,1.00,1.00
2014.02.25 16:05:35.755,8.92057,8.92195,1.00,1.00
2014.02.25 16:05:35.806,8.92057,8.92195,1.00,1.38
2014.02.25 16:05:36.113,8.92078,8.92187,1.00,1.38
2014.02.25 16:05:37.838,8.92015,8.92187,1.38,1.38
2014.02.25 16:05:37.889,8.92015,8.92187,1.38,1.38
2014.02.25 16:05:39.825,8.92087,8.92234,1.00,1.98
2014.02.25 16:05:41.175,8.92098,8.92237,1.00,1.98
2014.02.25 16:05:48.090,8.92064,8.92226,3.00,1.98
2014.02.25 16:05:48.191,8.92087,8.92226,1.00,1.98
2014.02.25 16:05:48.495,8.92117,8.92235,1.00,1.38
2014.02.25 16:05:48.652,8.92064,8.92233,3.60,1.38
2014.02.25 16:05:49.013,8.92127,8.92224,1.00,1.98
2014.02.25 16:05:49.341,8.92088,8.92224,1.00,1.38
2014.02.25 16:05:49.544,8.92088,8.92233,1.38,1.38
2014.02.25 16:05:49.595,8.92108,8.92233,1.00,1.38
2014.02.25 16:05:50.539,8.92118,8.92252,1.00,1.98
2014.02.25 16:05:52.123,8.92103,8.92267,1.00,1.98
2014.02.25 16:05:52.173,8.92103,8.92233,1.00,1.88
2014.02.25 16:05:52.376,8.92092,8.92233,1.96,1.88
2014.02.25 16:05:54.691,8.92097,8.92233,1.00,1.88
2014.02.25 16:05:56.772,8.92097,8.92229,1.00,1.00
2014.02.25 16:05:57.394,8.92077,8.92229,1.00,1.00
2014.02.25 16:05:57.762,8.92077,8.92229,1.00,1.38
2014.02.25 16:05:59.424,8.92093,8.92229,1.63,1.38
2014.02.25 16:05:59.475,8.92093,8.92229,1.63,1.00
2014.02.25 16:05:59.585,8.92093,8.92233,1.63,1.50
2014.02.25 16:06:00.109,8.92092,8.92233,1.52,1.50
2014.02.25 16:06:00.364,8.92137,8.92233,1.00,1.50
2014.02.25 16:06:00.667,8.92137,8.92233,1.00,1.88
2014.02.25 16:06:00.878,8.92117,8.92233,1.00,1.88
2014.02.25 16:06:01.351,8.92107,8.92233,1.00,2.48
2014.02.25 16:06:01.402,8.92107,8.92233,1.00,2.48
2014.02.25 16:06:02.440,8.92108,8.92233,1.00,2.48
2014.02.25 16:06:05.089,8.92107,8.92233,1.00,1.88
2014.02.25 16:06:05.140,8.92107,8.92233,1.00,1.88
2014.02.25 16:06:05.871,8.92108,8.92233,1.00,1.88
2014.02.25 16:06:06.568,8.92118,8.92263,1.00,2.48
2014.02.25 16:06:07.013,8.92108,8.92263,1.00,2.48
2014.02.25 16:06:07.064,8.92128,8.92263,1.00,2.48
2014.02.25 16:06:08.030,8.92138,8.92263,1.00,2.48
2014.02.25 16:06:11.479,8.92127,8.92263,1.23,2.48
2014.02.25 16:06:11.995,8.92127,8.92263,1.15,2.48
2014.02.25 16:06:12.046,8.92127,8.92263,1.00,2.48
2014.02.25 16:06:12.299,8.92108,8.92263,1.00,2.48
2014.02.25 16:06:12.563,8.92117,8.92263,1.00,2.48
2014.02.25 16:06:13.131,8.92108,8.92263,1.00,2.48
2014.02.25 16:06:13.182,8.92108,8.92263,1.00,2.48
2014.02.25 16:06:13.642,8.92086,8.92255,1.00,1.98
2014.02.25 16:06:13.744,8.92086,8.92255,1.00,2.48
2014.02.25 16:06:13.845,8.92077,8.92249,1.00,1.98
2014.02.25 16:06:13.896,8.92088,8.92249,1.00,1.98
2014.02.25 16:06:14.180,8.92088,8.92249,1.00,1.60
2014.02.25 16:06:15.142,8.92088,8.92236,1.00,1.98
2014.02.25 16:06:15.794,8.921,8.92246,1.68,1.98
2014.02.25 16:06:20.553,8.92107,8.92255,1.15,1.98
2014.02.25 16:06:20.907,8.92112,8.92255,1.09,1.98
2014.02.25 16:06:21.376,8.92102,8.92255,1.00,1.98
2014.02.25 16:06:21.600,8.92085,8.92255,1.00,1.98
2014.02.25 16:06:21.861,8.92085,8.92255,1.00,3.23
2014.02.25 16:06:22.063,8.92077,8.92246,1.00,1.98
2014.02.25 16:06:22.215,8.92077,8.92235,1.00,1.98
2014.02.25 16:06:22.815,8.92101,8.92235,1.18,1.98
2014.02.25 16:06:23.471,8.92113,8.92255,1.32,1.98
2014.02.25 16:06:24.239,8.92113,8.92255,1.32,1.98
2014.02.25 16:06:26.530,8.92093,8.92255,1.08,1.98
2014.02.25 16:06:26.602,8.92114,8.92255,1.20,1.60
2014.02.25 16:06:32.550,8.92114,8.92255,1.20,1.98
2014.02.25 16:06:33.543,8.92114,8.92255,1.20,1.98
2014.02.25 16:06:35.318,8.92089,8.92255,1.00,1.98
2014.02.25 16:06:35.948,8.92088,8.92245,1.00,1.98
2014.02.25 16:06:38.280,8.92108,8.92245,1.00,1.98
2014.02.25 16:06:39.810,8.92108,8.92245,1.00,1.98
2014.02.25 16:06:40.182,8.92087,8.92245,1.00,1.98
2014.02.25 16:06:40.384,8.92077,8.92224,1.00,1.98
2014.02.25 16:06:40.486,8.92077,8.92224,1.00,1.98
2014.02.25 16:06:40.791,8.92098,8.92237,1.00,1.98
2014.02.25 16:06:41.372,8.92077,8.92237,1.00,1.98
2014.02.25 16:06:42.130,8.92087,8.92237,1.00,1.98
2014.02.25 16:06:46.027,8.92074,8.92246,1.00,1.98
2014.02.25 16:06:48.014,8.92068,8.92237,1.00,1.98
2014.02.25 16:06:48.222,8.92076,8.92246,1.00,1.98
2014.02.25 16:06:49.730,8.92068,8.92236,1.00,1.98
2014.02.25 16:06:50.059,8.9208,8.9225,1.00,1.98
2014.02.25 16:06:50.211,8.9207,8.92242,1.00,1.98
2014.02.25 16:06:53.011,8.9207,8.92242,1.00,1.98
2014.02.25 16:06:54.330,8.9207,8.92242,1.00,1.98
2014.02.25 16:06:58.841,8.9207,8.92242,1.00,1.98
2014.02.25 16:06:59.629,8.9207,8.92242,1.00,1.98
2014.02.25 16:06:59.781,8.92061,8.92231,1.00,1.98
2014.02.25 16:07:02.580,8.92061,8.92231,1.00,1.98
2014.02.25 16:07:09.412,8.92061,8.92231,1.00,1.98
2014.02.25 16:07:11.061,8.92061,8.92231,1.00,1.98
2014.02.25 16:07:11.538,8.9205,8.92222,1.00,1.98
2014.02.25 16:07:12.062,8.9205,8.92222,1.00,1.98
2014.02.25 16:07:12.771,8.92041,8.92211,1.00,1.38
2014.02.25 16:07:12.962,8.9205,8.92222,1.00,1.98
2014.02.25 16:07:14.209,8.92058,8.92222,1.00,1.98
2014.02.25 16:07:14.418,8.9205,8.92222,1.00,1.98
2014.02.25 16:07:17.608,8.92061,8.92231,1.00,1.98
2014.02.25 16:07:17.709,8.92051,8.92223,1.00,1.98
2014.02.25 16:07:22.783,8.9205,8.92222,1.00,2.48
2014.02.25 16:07:25.789,8.92061,8.92223,1.00,1.98
2014.02.25 16:07:26.106,8.92047,8.92219,1.00,1.90
2014.02.25 16:07:26.609,8.92048,8.92203,1.00,1.30
2014.02.25 16:07:27.145,8.92048,8.9222,1.00,1.98
2014.02.25 16:07:35.428,8.92048,8.92218,1.00,1.98
2014.02.25 16:07:47.342,8.92045,8.92217,1.00,1.98
2014.02.25 16:07:47.443,8.92045,8.92217,1.00,1.98
2014.02.25 16:07:47.863,8.92029,8.92199,1.00,1.73
2014.02.25 16:07:49.172,8.92038,8.92203,1.00,1.98
2014.02.25 16:07:49.696,8.92037,8.92209,1.50,1.98
2014.02.25 16:07:54.010,8.92039,8.92209,1.00,1.98
2014.02.25 16:07:57.148,8.92057,8.92209,1.00,1.98
2014.02.25 16:07:59.897,8.92058,8.92196,1.00,1.98
2014.02.25 16:08:01.630,8.92058,8.92199,1.00,1.98
2014.02.25 16:08:11.487,8.92047,8.92197,1.00,1.98
2014.02.25 16:08:19.610,8.92035,8.92205,1.00,1.98
2014.02.25 16:08:19.724,8.92035,8.92205,1.00,1.98
2014.02.25 16:08:20.177,8.92027,8.92197,1.00,1.98
2014.02.25 16:08:20.688,8.92027,8.92197,1.00,1.98
2014.02.25 16:08:22.118,8.92028,8.92197,1.00,1.98
2014.02.25 16:08:25.088,8.92027,8.92188,1.00,1.98
2014.02.25 16:08:27.851,8.92027,8.92193,1.00,1.98
2014.02.25 16:08:28.829,8.92027,8.92187,1.00,1.98
2014.02.25 16:08:31.404,8.92027,8.92186,1.00,1.98
2014.02.25 16:08:32.349,8.92027,8.92186,1.00,1.98
2014.02.25 16:08:35.329,8.92017,8.92186,1.00,1.98
2014.02.25 16:08:35.470,8.92017,8.92186,1.00,1.98
2014.02.25 16:08:37.585,8.92025,8.92193,1.00,2.48
2014.02.25 16:08:37.797,8.92017,8.92181,1.00,1.98
2014.02.25 16:08:42.611,8.9202,8.9219,1.00,1.98
2014.02.25 16:08:44.368,8.92017,8.92182,1.00,1.98
2014.02.25 16:08:46.106,8.92005,8.92174,1.00,2.48
2014.02.25 16:08:46.308,8.91994,8.92164,1.00,1.98
2014.02.25 16:08:49.067,8.91997,8.92164,1.00,2.48
2014.02.25 16:08:50.055,8.92007,8.92164,1.00,1.98
2014.02.25 16:08:51.387,8.91995,8.92164,1.00,1.98
2014.02.25 16:08:59.452,8.91995,8.92164,1.00,1.98
2014.02.25 16:09:05.182,8.91995,8.92162,1.38,1.38
2014.02.25 16:09:05.233,8.92021,8.92162,1.00,1.38
2014.02.25 16:09:05.536,8.92031,8.92162,1.00,1.38
2014.02.25 16:09:11.674,8.92018,8.92173,1.13,1.38
2014.02.25 16:09:23.239,8.92018,8.92162,1.38,1.00
2014.02.25 16:09:23.441,8.92028,8.92162,1.00,1.38
2014.02.25 16:09:23.543,8.92016,8.92162,1.00,1.38
2014.02.25 16:09:38.596,8.92016,8.92153,1.00,1.38
2014.02.25 16:09:39.974,8.92007,8.92153,1.38,1.38
2014.02.25 16:09:47.414,8.92007,8.92153,1.00,1.38
2014.02.25 16:09:47.729,8.92007,8.92143,1.00,1.38
2014.02.25 16:09:47.780,8.91998,8.92143,1.00,1.38
2014.02.25 16:09:49.378,8.91998,8.92132,1.00,1.38
2014.02.25 16:09:50.821,8.91998,8.92132,1.00,1.38
2014.02.25 16:09:54.775,8.91995,8.92132,1.00,1.38
2014.02.25 16:09:55.097,8.91995,8.92073,1.00,1.00
2014.02.25 16:09:56.429,8.91995,8.92083,1.00,1.00
2014.02.25 16:09:58.034,8.91995,8.92092,1.00,1.13
2014.02.25 16:09:58.136,8.91985,8.92092,1.38,1.13
2014.02.25 16:09:58.187,8.91985,8.92073,1.00,1.00
2014.02.25 16:09:59.375,8.91985,8.92092,1.00,1.38
2014.02.25 16:10:05.429,8.91985,8.92082,1.00,1.00
2014.02.25 16:10:05.480,8.91985,8.92082,1.00,1.38
2014.02.25 16:10:05.792,8.91985,8.92063,1.00,1.00
2014.02.25 16:10:06.673,8.91985,8.92073,1.00,1.38
2014.02.25 16:10:07.231,8.91985,8.92073,1.00,1.13
2014.02.25 16:10:08.628,8.91985,8.92073,1.00,1.38
2014.02.25 16:10:11.017,8.91985,8.92053,1.00,1.00
2014.02.25 16:10:11.374,8.91985,8.92103,1.00,1.38
2014.02.25 16:10:13.259,8.91985,8.92093,1.00,1.38
2014.02.25 16:10:21.293,8.91985,8.92093,1.00,1.30
2014.02.25 16:10:23.038,8.91985,8.92093,1.00,1.38
2014.02.25 16:10:23.089,8.91976,8.92093,1.00,1.38
2014.02.25 16:10:23.292,8.91976,8.92092,1.38,1.00
2014.02.25 16:10:23.513,8.91976,8.92112,1.00,1.38
2014.02.25 16:10:36.100,8.91958,8.92112,1.13,1.38
2014.02.25 16:10:36.150,8.91958,8.92092,1.38,1.00
2014.02.25 16:10:36.353,8.92001,8.92113,1.38,1.13
2014.02.25 16:10:36.505,8.91989,8.92113,1.00,1.38
2014.02.25 16:10:37.007,8.9199,8.92113,1.00,1.38
2014.02.25 16:10:47.348,8.9199,8.92093,1.00,1.13
2014.02.25 16:10:48.371,8.9199,8.92093,1.00,1.38
2014.02.25 16:10:49.296,8.9199,8.92073,1.00,1.00
2014.02.25 16:10:51.105,8.9199,8.92062,1.00,1.00
2014.02.25 16:11:02.643,8.9199,8.92112,1.00,1.38
2014.02.25 16:11:02.744,8.9199,8.92112,1.00,1.38
2014.02.25 16:11:03.297,8.9199,8.92112,1.00,1.38
2014.02.25 16:11:15.400,8.9199,8.92093,1.00,1.38
2014.02.25 16:11:21.856,8.9199,8.92063,1.00,1.00
2014.02.25 16:11:27.385,8.9199,8.92093,1.00,1.38
2014.02.25 16:11:30.887,8.9199,8.92063,1.00,1.00
2014.02.25 16:11:36.994,8.9197,8.92063,1.38,1.00
2014.02.25 16:11:39.415,8.9197,8.92063,1.00,1.00
2014.02.25 16:11:39.567,8.91956,8.92063,1.38,1.00
2014.02.25 16:11:41.112,8.91956,8.92052,1.38,1.00
2014.02.25 16:11:51.384,8.91965,8.92083,1.38,1.38
2014.02.25 16:11:53.097,8.91953,8.92072,1.38,1.00
2014.02.25 16:11:55.077,8.91943,8.92053,1.38,1.00
2014.02.25 16:11:55.327,8.91953,8.92073,1.38,1.13
2014.02.25 16:11:58.072,8.91953,8.92052,1.38,1.00
2014.02.25 16:11:58.384,8.91953,8.92073,1.38,1.13
2014.02.25 16:12:00.795,8.91953,8.92052,1.38,1.00
2014.02.25 16:12:01.123,8.91953,8.92072,1.38,1.00
2014.02.25 16:12:01.921,8.91953,8.92072,1.38,1.00
2014.02.25 16:12:02.380,8.91973,8.92082,1.38,1.00
2014.02.25 16:12:04.110,8.9197,8.92072,1.38,1.00
2014.02.25 16:12:08.825,8.91948,8.92033,1.38,1.00
2014.02.25 16:12:09.395,8.91948,8.92106,1.38,1.98
2014.02.25 16:12:09.496,8.91948,8.92107,1.00,1.98
2014.02.25 16:12:09.598,8.91907,8.92073,1.38,1.38
2014.02.25 16:12:10.718,8.91897,8.92069,1.00,1.38
2014.02.25 16:12:10.820,8.91887,8.92059,1.13,1.38
2014.02.25 16:12:13.107,8.91869,8.92041,1.38,1.38
2014.02.25 16:12:16.310,8.91881,8.92013,1.38,1.38
2014.02.25 16:12:25.908,8.9188,8.9205,1.38,1.38
2014.02.25 16:12:26.434,8.91888,8.9206,1.00,1.38
2014.02.25 16:12:28.211,8.91888,8.9206,1.00,1.38
2014.02.25 16:12:28.382,8.91873,8.92045,1.00,1.38
2014.02.25 16:12:29.725,8.91864,8.92034,1.00,1.38
2014.02.25 16:12:31.276,8.91872,8.92044,1.00,1.38
2014.02.25 16:12:35.657,8.91872,8.92044,1.00,1.38
2014.02.25 16:12:37.636,8.91872,8.92044,1.00,1.38
2014.02.25 16:12:39.593,8.91882,8.92054,1.00,1.38
2014.02.25 16:12:39.683,8.91874,8.92044,1.00,1.38
2014.02.25 16:12:48.883,8.91874,8.92034,1.00,1.38
2014.02.25 16:12:49.035,8.91854,8.92022,1.38,1.38
2014.02.25 16:12:53.757,8.9186,8.92002,1.00,1.38
2014.02.25 16:12:53.858,8.91851,8.92002,1.38,1.38
2014.02.25 16:13:01.285,8.91841,8.92003,1.23,1.38
2014.02.25 16:13:02.321,8.91857,8.92003,1.13,1.38
2014.02.25 16:13:05.358,8.91858,8.92003,1.00,1.38
2014.02.25 16:13:05.946,8.91858,8.9203,1.38,1.38
2014.02.25 16:13:12.747,8.91868,8.92038,1.00,1.38
2014.02.25 16:13:12.849,8.91858,8.92013,1.13,1.38
2014.02.25 16:13:12.950,8.91869,8.92013,1.38,1.00
2014.02.25 16:13:13.660,8.91906,8.92033,1.38,1.38
2014.02.25 16:13:13.867,8.91906,8.92012,1.38,1.00
2014.02.25 16:13:14.377,8.91906,8.92013,1.38,1.00
2014.02.25 16:13:15.042,8.91906,8.92032,1.38,1.05
2014.02.25 16:13:15.394,8.91906,8.92012,1.38,1.00
2014.02.25 16:13:15.915,8.91906,8.92012,1.38,1.00
2014.02.25 16:13:16.612,8.91906,8.92013,1.38,1.00
2014.02.25 16:13:18.246,8.91906,8.92032,1.38,1.00
2014.02.25 16:13:23.303,8.91906,8.92052,1.38,1.38
2014.02.25 16:13:31.652,8.91906,8.92012,1.38,1.00
2014.02.25 16:13:39.895,8.91914,8.92012,1.38,1.00
2014.02.25 16:13:41.332,8.91914,8.92052,1.38,1.38
2014.02.25 16:14:02.605,8.91916,8.92013,1.38,1.00
2014.02.25 16:14:03.551,8.91916,8.92033,1.38,1.38
2014.02.25 16:14:10.416,8.91907,8.92032,1.38,1.38
2014.02.25 16:14:11.403,8.91899,8.92002,1.38,1.00
2014.02.25 16:14:16.424,8.91909,8.92002,1.30,1.00
2014.02.25 16:14:17.766,8.91909,8.92002,1.38,1.00
2014.02.25 16:14:22.382,8.91909,8.92013,1.38,1.00
2014.02.25 16:14:24.122,8.91909,8.92003,1.38,1.00
2014.02.25 16:14:31.171,8.91909,8.92003,1.38,1.00
2014.02.25 16:14:35.813,8.91904,8.92002,1.38,1.00
2014.02.25 16:14:36.015,8.91904,8.92002,1.38,1.00
2014.02.25 16:14:36.571,8.91895,8.92022,1.38,1.38
2014.02.25 16:14:37.369,8.91895,8.91992,1.38,1.00
2014.02.25 16:14:37.571,8.91895,8.92012,1.38,1.13
2014.02.25 16:14:38.162,8.91885,8.91992,1.38,1.00
2014.02.25 16:14:40.090,8.91885,8.92012,1.38,1.13
2014.02.25 16:14:42.841,8.91885,8.91992,1.38,1.00
2014.02.25 16:14:43.833,8.91894,8.91953,1.38,1.00
2014.02.25 16:14:44.059,8.91894,8.91993,1.38,1.00
2014.02.25 16:14:47.370,8.91894,8.92022,1.38,1.38
2014.02.25 16:14:48.353,8.91885,8.91993,1.38,1.00
2014.02.25 16:14:56.904,8.91885,8.91993,1.30,1.00
2014.02.25 16:14:57.896,8.91885,8.91993,1.38,1.00
2014.02.25 16:14:59.362,8.91885,8.91992,1.38,1.00
2014.02.25 16:14:59.465,8.91885,8.91992,1.38,1.00
2014.02.25 16:15:01.100,8.91885,8.91982,1.38,1.00
2014.02.25 16:15:09.019,8.91905,8.91982,1.00,1.00
2014.02.25 16:15:09.328,8.91915,8.91982,1.00,1.00
2014.02.25 16:15:09.380,8.91915,8.92013,1.00,1.38
2014.02.25 16:15:09.431,8.91884,8.92013,1.38,1.38
2014.02.25 16:15:09.482,8.91884,8.92013,1.38,1.00
2014.02.25 16:15:12.101,8.91905,8.92012,1.38,1.00
2014.02.25 16:15:15.882,8.91904,8.92032,1.38,1.13
2014.02.25 16:15:19.596,8.91934,8.92052,1.00,1.38
2014.02.25 16:15:20.674,8.91958,8.92052,1.53,1.38
2014.02.25 16:15:21.701,8.91947,8.92092,1.00,1.38
2014.02.25 16:15:21.752,8.91927,8.92092,1.38,1.38
2014.02.25 16:15:21.853,8.91937,8.92092,1.00,1.38
2014.02.25 16:15:23.583,8.91942,8.92092,1.89,1.38
2014.02.25 16:15:23.684,8.91937,8.92092,1.00,1.38
2014.02.25 16:15:23.735,8.91974,8.92092,1.00,1.38
2014.02.25 16:15:23.836,8.91953,8.92092,1.00,1.38
2014.02.25 16:15:23.887,8.91937,8.92092,1.00,1.38
2014.02.25 16:15:23.988,8.91927,8.92092,1.38,1.38
2014.02.25 16:15:27.229,8.91935,8.92053,1.00,1.38
2014.02.25 16:15:29.603,8.91935,8.92072,1.00,1.38
2014.02.25 16:15:29.948,8.91945,8.92093,1.00,1.38
2014.02.25 16:15:30.615,8.91935,8.92073,1.00,1.38
2014.02.25 16:15:38.588,8.91926,8.92073,1.38,1.38
2014.02.25 16:15:48.616,8.91936,8.92073,1.00,1.38
2014.02.25 16:15:48.929,8.91946,8.92073,1.00,1.38
2014.02.25 16:15:49.625,8.91936,8.92073,1.00,1.38
2014.02.25 16:15:57.233,8.91946,8.92073,1.00,1.38
2014.02.25 16:16:05.020,8.91938,8.92073,1.00,1.38
2014.02.25 16:16:06.298,8.91947,8.92073,1.00,1.38
2014.02.25 16:16:07.297,8.91931,8.92073,1.00,1.38
2014.02.25 16:16:07.523,8.91943,8.92073,1.00,1.38
2014.02.25 16:16:18.249,8.91943,8.92073,1.00,1.38
2014.02.25 16:16:22.302,8.91943,8.92113,1.00,1.38
2014.02.25 16:16:23.292,8.91943,8.92113,1.00,1.38
2014.02.25 16:16:24.612,8.91943,8.92113,1.00,1.38
2014.02.25 16:16:27.613,8.91944,8.92093,1.00,1.38
2014.02.25 16:16:28.643,8.91944,8.92112,1.00,1.38
2014.02.25 16:16:28.795,8.91936,8.92106,1.00,1.38
2014.02.25 16:16:28.896,8.9191,8.92082,1.00,1.38
2014.02.25 16:16:29.152,8.91921,8.92083,1.00,1.38
2014.02.25 16:16:30.242,8.9193,8.92073,1.00,1.38
2014.02.25 16:16:32.322,8.91921,8.92073,1.00,1.38
2014.02.25 16:16:32.891,8.91921,8.92073,1.00,1.38
2014.02.25 16:16:33.095,8.91913,8.92073,1.00,1.38
2014.02.25 16:16:38.333,8.91922,8.92073,1.00,1.38
2014.02.25 16:16:38.435,8.9191,8.92073,1.00,1.38
2014.02.25 16:16:40.733,8.9191,8.92073,1.00,1.00
2014.02.25 16:16:40.828,8.91927,8.92073,1.00,1.00
2014.02.25 16:16:43.648,8.91927,8.92092,1.00,1.00
2014.02.25 16:16:53.358,8.91918,8.92088,1.00,1.00
2014.02.25 16:16:54.093,8.91918,8.92072,1.00,1.00
2014.02.25 16:16:56.049,8.91929,8.92072,1.00,1.00
2014.02.25 16:17:01.831,8.9192,8.92072,1.00,1.00
2014.02.25 16:17:02.123,8.9192,8.92063,1.00,1.00
2014.02.25 16:17:04.012,8.91929,8.92063,1.00,1.00
2014.02.25 16:17:05.475,8.9192,8.92063,1.00,1.00
2014.02.25 16:17:10.030,8.91935,8.92063,1.00,1.00
2014.02.25 16:17:10.454,8.91922,8.92063,1.00,1.00
2014.02.25 16:17:25.375,8.91933,8.92063,1.00,1.00
2014.02.25 16:17:28.540,8.91924,8.92063,1.00,1.00
2014.02.25 16:17:29.528,8.91942,8.92063,1.00,1.00
2014.02.25 16:17:29.882,8.91951,8.92063,1.00,1.00
2014.02.25 16:17:30.225,8.91965,8.92063,1.00,1.00
2014.02.25 16:17:30.663,8.91974,8.92063,1.00,1.00
2014.02.25 16:17:30.798,8.91974,8.92084,1.00,1.00
2014.02.25 16:17:38.103,8.91974,8.92109,1.00,1.00
2014.02.25 16:17:38.306,8.92012,8.92109,1.00,1.00
2014.02.25 16:17:38.609,8.92023,8.92109,1.00,1.00
2014.02.25 16:17:39.378,8.92023,8.92122,1.00,1.00
2014.02.25 16:17:39.742,8.92023,8.92128,1.00,1.00
2014.02.25 16:17:39.851,8.92012,8.92128,1.00,1.00
2014.02.25 16:17:40.621,8.92012,8.92122,1.00,1.00
2014.02.25 16:17:40.925,8.92013,8.92103,1.00,1.00
2014.02.25 16:17:41.259,8.92022,8.92103,1.00,1.00
2014.02.25 16:17:41.928,8.92022,8.92123,1.00,1.00
2014.02.25 16:17:45.565,8.92022,8.92124,1.00,1.00
2014.02.25 16:17:45.666,8.92032,8.92208,1.00,1.00
2014.02.25 16:17:45.818,8.92118,8.92222,2.10,1.00
2014.02.25 16:17:45.919,8.92118,8.92243,2.10,1.00
2014.02.25 16:17:46.070,8.92132,8.92243,1.00,1.00
2014.02.25 16:17:46.323,8.92145,8.92263,1.00,1.00
2014.02.25 16:17:46.636,8.92173,8.92263,1.00,1.00
2014.02.25 16:17:46.907,8.92173,8.92293,1.00,1.00
2014.02.25 16:17:47.058,8.92205,8.92293,1.00,1.00
2014.02.25 16:17:47.362,8.92213,8.92292,1.00,1.00
2014.02.25 16:17:48.451,8.92213,8.92302,1.00,1.00
2014.02.25 16:17:48.653,8.92213,8.92313,1.00,1.00
2014.02.25 16:17:50.097,8.92213,8.92302,1.00,1.00
2014.02.25 16:17:50.364,8.92193,8.92302,1.00,1.00
2014.02.25 16:17:50.415,8.92155,8.92302,1.00,1.00
2014.02.25 16:17:50.768,8.92157,8.92341,1.00,1.38
2014.02.25 16:17:51.036,8.92157,8.92317,1.00,1.00
2014.02.25 16:17:51.392,8.92145,8.92317,1.38,1.00
2014.02.25 16:17:51.443,8.92145,8.92317,1.38,1.38
2014.02.25 16:17:51.494,8.92145,8.92317,1.00,1.38
2014.02.25 16:17:51.545,8.9213,8.92302,1.00,1.38
2014.02.25 16:17:52.851,8.92122,8.92292,1.00,1.38
2014.02.25 16:17:53.839,8.92122,8.92292,1.00,1.00
2014.02.25 16:17:54.193,8.92122,8.92292,1.38,1.00
2014.02.25 16:17:54.532,8.9213,8.92302,1.00,1.38
2014.02.25 16:17:55.621,8.9213,8.92302,1.00,1.38
2014.02.25 16:17:55.827,8.92144,8.92302,2.10,1.38
2014.02.25 16:17:55.929,8.9213,8.92302,1.38,1.38
2014.02.25 16:17:56.864,8.92138,8.92303,1.38,1.00
2014.02.25 16:17:58.820,8.92147,8.92303,1.13,1.38
2014.02.25 16:17:58.922,8.92131,8.92303,1.00,1.38
2014.02.25 16:17:59.125,8.92122,8.92292,1.00,1.38
2014.02.25 16:17:59.378,8.92111,8.92283,1.00,1.00
2014.02.25 16:17:59.681,8.92111,8.92283,1.38,1.00
2014.02.25 16:18:00.003,8.92121,8.92293,1.00,1.38
2014.02.25 16:18:00.888,8.92121,8.92293,1.00,1.38
2014.02.25 16:18:02.549,8.92121,8.92293,1.00,1.00
2014.02.25 16:18:02.650,8.92138,8.92293,2.48,1.00
2014.02.25 16:18:02.752,8.92138,8.92306,2.48,1.00
2014.02.25 16:18:02.853,8.92144,8.92316,1.98,1.00
2014.02.25 16:18:02.955,8.92153,8.92325,1.38,1.38
2014.02.25 16:18:03.848,8.92153,8.92325,1.00,1.75
2014.02.25 16:18:03.899,8.92153,8.92325,1.00,1.75
2014.02.25 16:18:04.050,8.92134,8.92288,1.50,1.00
2014.02.25 16:18:04.168,8.9212,8.92288,1.00,1.00
2014.02.25 16:18:04.411,8.9212,8.9229,1.00,1.00
2014.02.25 16:18:04.894,8.92129,8.92299,1.00,1.00
2014.02.25 16:18:07.671,8.92119,8.92291,1.00,1.00
2014.02.25 16:18:10.699,8.92111,8.92281,1.00,1.00
2014.02.25 16:18:14.432,8.9212,8.9229,1.00,1.00
2014.02.25 16:18:16.802,8.9213,8.923,1.00,1.00
2014.02.25 16:18:17.055,8.92138,8.9231,1.00,1.00
2014.02.25 16:18:18.368,8.92147,8.9231,2.48,1.00
2014.02.25 16:18:18.625,8.9215,8.92322,1.98,1.00
2014.02.25 16:18:19.358,8.9215,8.92322,1.00,1.00
2014.02.25 16:18:19.509,8.9214,8.9231,1.00,1.00
2014.02.25 16:18:20.810,8.92131,8.92301,1.00,1.00
2014.02.25 16:18:23.597,8.92129,8.92299,1.00,1.00
2014.02.25 16:18:26.183,8.92119,8.92289,1.00,1.00
2014.02.25 16:18:32.825,8.92128,8.92298,1.00,1.00
2014.02.25 16:18:33.309,8.92119,8.92289,1.00,1.00
2014.02.25 16:18:45.320,8.92109,8.92281,1.00,1.00
2014.02.25 16:18:47.983,8.92119,8.92289,1.00,1.00
2014.02.25 16:18:57.684,8.92128,8.92298,1.00,1.00
2014.02.25 16:18:58.853,8.92136,8.92308,1.00,1.00
2014.02.25 16:19:06.370,8.92136,8.92299,1.00,1.00
2014.02.25 16:19:08.298,8.92126,8.92296,1.38,1.00
2014.02.25 16:19:08.500,8.92136,8.92299,1.00,1.00
2014.02.25 16:19:08.786,8.92136,8.92308,1.00,1.00
2014.02.25 16:19:08.887,8.92136,8.92308,1.38,1.00
2014.02.25 16:19:11.825,8.92146,8.92313,1.00,1.00
2014.02.25 16:19:12.290,8.92135,8.92307,1.38,1.00
2014.02.25 16:19:12.809,8.92138,8.92307,2.48,1.00
2014.02.25 16:19:13.011,8.92147,8.92313,1.30,1.00
2014.02.25 16:19:13.163,8.92146,8.92313,1.98,1.00
2014.02.25 16:19:13.850,8.92146,8.92318,1.98,1.00
2014.02.25 16:19:14.787,8.92155,8.92327,1.38,1.00
2014.02.25 16:19:15.114,8.92164,8.92328,1.00,1.00
2014.02.25 16:19:16.077,8.92168,8.92328,1.00,1.00
2014.02.25 16:19:16.671,8.92168,8.92326,1.00,1.00
2014.02.25 16:19:18.312,8.92158,8.92326,1.00,1.00
2014.02.25 16:19:18.363,8.92158,8.92324,1.00,1.00
2014.02.25 16:19:20.121,8.92158,8.92317,1.00,1.00
2014.02.25 16:19:21.567,8.92158,8.92315,1.00,1.00
2014.02.25 16:19:21.783,8.92158,8.92324,1.00,1.00
2014.02.25 16:19:22.137,8.92153,8.92324,1.00,1.00
2014.02.25 16:19:23.156,8.92157,8.92324,1.00,1.00
2014.02.25 16:19:24.131,8.92157,8.92319,1.00,1.00
2014.02.25 16:19:25.097,8.92158,8.92319,1.00,1.00
2014.02.25 16:19:31.156,8.92158,8.92316,1.00,1.00
2014.02.25 16:19:33.456,8.92144,8.92292,1.38,1.00
2014.02.25 16:19:35.687,8.92144,8.92293,1.00,1.00
2014.02.25 16:19:37.086,8.92144,8.92283,1.00,1.00
2014.02.25 16:19:46.545,8.92144,8.92302,1.00,1.00
2014.02.25 16:19:49.104,8.92144,8.92292,1.00,1.00
2014.02.25 16:19:49.648,8.92144,8.92292,1.38,1.00
2014.02.25 16:19:50.071,8.92144,8.92312,1.38,1.00
2014.02.25 16:19:50.122,8.92144,8.92312,1.00,1.00
2014.02.25 16:19:50.603,8.92128,8.92312,2.48,1.00
2014.02.25 16:19:52.048,8.92128,8.92303,2.48,1.00
2014.02.25 16:19:52.631,8.92133,8.92292,2.48,1.00
2014.02.25 16:19:53.592,8.92133,8.92313,2.48,1.00
2014.02.25 16:19:53.643,8.92127,8.92313,2.48,1.00
2014.02.25 16:19:55.037,8.92133,8.92313,2.48,1.00
2014.02.25 16:19:55.341,8.92133,8.92312,2.48,1.00
2014.02.25 16:19:56.155,8.92137,8.92312,1.30,1.00
2014.02.25 16:19:58.136,8.92137,8.92302,1.30,1.00
2014.02.25 16:19:59.674,8.92137,8.92283,1.30,1.00
2014.02.25 16:20:05.026,8.92137,8.92263,1.30,1.00
2014.02.25 16:20:06.389,8.92121,8.92292,2.48,1.00
2014.02.25 16:20:06.910,8.92128,8.92302,2.48,1.00
2014.02.25 16:20:08.107,8.92128,8.92303,2.48,1.00
2014.02.25 16:20:16.837,8.92128,8.92308,2.48,1.00
2014.02.25 16:20:17.711,8.92127,8.92303,2.48,1.00
2014.02.25 16:20:18.579,8.92137,8.92308,1.13,1.00
2014.02.25 16:20:19.368,8.92122,8.92303,2.48,1.00
2014.02.25 16:20:21.127,8.92137,8.92308,1.13,1.00
2014.02.25 16:20:21.319,8.92121,8.92303,2.48,1.00
2014.02.25 16:20:22.348,8.92137,8.92308,1.13,1.00
2014.02.25 16:20:22.399,8.92137,8.92313,1.13,1.00
2014.02.25 16:20:22.841,8.92137,8.92323,1.13,1.00
2014.02.25 16:20:25.424,8.92158,8.92352,1.00,1.38
2014.02.25 16:20:27.026,8.92157,8.92343,1.00,1.13
2014.02.25 16:20:27.616,8.92158,8.92347,1.00,1.38
2014.02.25 16:20:27.667,8.92158,8.92347,1.00,1.00
2014.02.25 16:20:27.718,8.92158,8.92352,1.00,1.00
2014.02.25 16:20:29.149,8.92167,8.92353,1.00,1.13
2014.02.25 16:20:32.652,8.92158,8.92356,1.00,1.38
2014.02.25 16:20:32.753,8.92158,8.92362,1.00,1.00
2014.02.25 16:20:32.804,8.92158,8.92362,1.60,1.00
2014.02.25 16:20:33.112,8.92153,8.92353,2.48,1.00
2014.02.25 16:20:34.066,8.92168,8.92352,1.00,1.00
2014.02.25 16:20:35.056,8.92208,8.92388,1.00,1.38
2014.02.25 16:20:35.412,8.92197,8.92393,1.00,1.48
2014.02.25 16:20:37.036,8.92208,8.92382,1.00,1.88
2014.02.25 16:20:41.337,8.92187,8.92373,1.00,1.13
2014.02.25 16:20:41.388,8.92187,8.92369,1.00,1.00
2014.02.25 16:20:41.662,8.92187,8.92372,1.00,1.00
2014.02.25 16:20:41.814,8.92187,8.9237,1.00,1.00
2014.02.25 16:20:41.915,8.92167,8.92353,1.13,1.00
2014.02.25 16:20:42.356,8.92168,8.92362,1.00,1.00
2014.02.25 16:20:42.407,8.92168,8.92362,1.98,1.00
2014.02.25 16:20:43.396,8.92168,8.92362,1.13,1.00
2014.02.25 16:20:44.297,8.92187,8.92369,1.00,1.00
2014.02.25 16:20:44.522,8.92167,8.92353,1.38,1.00
2014.02.25 16:20:44.674,8.92177,8.9236,1.00,1.00
2014.02.25 16:20:45.108,8.92157,8.92343,1.30,1.00
2014.02.25 16:20:45.158,8.92187,8.92343,2.48,1.00
2014.02.25 16:20:47.047,8.92166,8.92342,2.48,1.00
2014.02.25 16:20:48.035,8.92166,8.92343,2.48,1.00
2014.02.25 16:20:55.197,8.92162,8.92332,2.48,1.00
2014.02.25 16:20:57.058,8.92162,8.92322,2.48,1.00
2014.02.25 16:20:57.693,8.92162,8.92303,2.48,1.00
2014.02.25 16:21:04.865,8.92162,8.92322,2.48,1.00
2014.02.25 16:21:06.397,8.92157,8.92322,2.48,1.00
2014.02.25 16:21:08.056,8.92181,8.92312,1.38,1.00
2014.02.25 16:21:09.695,8.92181,8.92312,1.38,1.38
2014.02.25 16:21:14.040,8.92205,8.92312,1.00,1.38
2014.02.25 16:21:14.141,8.92189,8.92312,1.00,1.38
2014.02.25 16:21:14.445,8.92181,8.92343,1.73,1.38
2014.02.25 16:21:15.199,8.92188,8.92343,1.38,1.00
2014.02.25 16:21:15.350,8.92197,8.92353,1.13,1.00
2014.02.25 16:21:15.452,8.92197,8.92353,1.38,1.00
2014.02.25 16:21:15.756,8.92245,8.92369,2.48,1.00
2014.02.25 16:21:15.808,8.92277,8.92412,1.38,1.00
2014.02.25 16:21:15.909,8.92313,8.92432,1.00,1.00
2014.02.25 16:21:16.018,8.92313,8.92432,1.38,1.00
2014.02.25 16:21:16.119,8.92321,8.92452,1.38,1.00
2014.02.25 16:21:16.876,8.92321,8.92443,1.38,1.00
2014.02.25 16:21:17.192,8.92332,8.92443,1.38,1.00
2014.02.25 16:21:19.092,8.92332,8.92463,1.38,1.00
2014.02.25 16:21:19.193,8.92341,8.92463,1.00,1.00
2014.02.25 16:21:19.532,8.92341,8.92442,1.00,1.00
2014.02.25 16:21:20.266,8.92341,8.92463,1.00,1.00
2014.02.25 16:21:30.056,8.92341,8.92493,1.00,1.00
2014.02.25 16:21:30.106,8.92341,8.92409,1.00,1.60
2014.02.25 16:21:30.309,8.92245,8.92374,1.00,1.00
2014.02.25 16:21:30.359,8.92245,8.92374,1.00,1.60
2014.02.25 16:21:30.511,8.92228,8.92374,1.00,1.60
2014.02.25 16:21:31.504,8.9222,8.92374,1.38,1.60
2014.02.25 16:21:31.890,8.92226,8.9239,1.38,1.00
2014.02.25 16:21:31.941,8.92226,8.9239,1.75,1.00
2014.02.25 16:21:32.244,8.92315,8.92403,1.00,1.00
2014.02.25 16:21:32.396,8.92325,8.92432,1.38,1.00
2014.02.25 16:21:32.940,8.92325,8.92433,1.38,1.00
2014.02.25 16:21:33.148,8.92325,8.92443,1.38,1.00
2014.02.25 16:21:38.865,8.92325,8.92429,1.00,2.10
2014.02.25 16:21:39.018,8.92242,8.92403,1.00,1.00
2014.02.25 16:21:39.068,8.92242,8.92403,1.00,1.60
2014.02.25 16:21:39.220,8.92226,8.92398,1.38,1.35
2014.02.25 16:21:39.563,8.92226,8.92373,1.38,1.00
2014.02.25 16:21:39.765,8.92211,8.92373,1.00,1.60
2014.02.25 16:21:39.866,8.92198,8.92368,1.13,1.00
2014.02.25 16:21:42.705,8.92198,8.92362,1.13,1.00
2014.02.25 16:21:43.146,8.92198,8.92368,1.13,1.00
2014.02.25 16:21:43.397,8.92198,8.92363,1.13,1.00
2014.02.25 16:21:44.387,8.92227,8.92368,1.00,1.00
2014.02.25 16:21:44.700,8.92273,8.92432,1.38,1.00
2014.02.25 16:21:45.005,8.92311,8.92422,1.00,1.00
2014.02.25 16:21:45.554,8.92299,8.92422,1.00,1.00
2014.02.25 16:21:45.605,8.92299,8.92433,1.00,1.00
2014.02.25 16:21:45.656,8.92308,8.92433,1.00,1.00
2014.02.25 16:21:46.412,8.92306,8.92452,1.38,1.00
2014.02.25 16:21:46.554,8.92306,8.92473,1.00,1.00
2014.02.25 16:21:47.564,8.92306,8.92443,1.00,1.00
2014.02.25 16:21:47.675,8.92306,8.92462,1.00,1.00
2014.02.25 16:21:48.645,8.92297,8.92462,1.13,1.00
2014.02.25 16:21:51.137,8.92307,8.92462,1.00,1.00
2014.02.25 16:21:52.083,8.92307,8.92472,1.00,1.00
2014.02.25 16:21:52.339,8.92316,8.92472,1.00,1.00
2014.02.25 16:21:52.684,8.92316,8.92473,1.38,1.00
2014.02.25 16:21:52.888,8.92325,8.92482,1.38,1.00
2014.02.25 16:21:52.939,8.92325,8.92482,1.38,1.00
2014.02.25 16:21:53.406,8.92325,8.92492,1.38,1.00
2014.02.25 16:21:53.631,8.92317,8.92487,1.38,1.00
2014.02.25 16:21:55.044,8.92317,8.92463,1.38,1.00
2014.02.25 16:21:55.348,8.92329,8.92463,1.00,1.00
2014.02.25 16:21:55.651,8.9231,8.92443,1.38,1.00
2014.02.25 16:21:56.411,8.9231,8.92482,1.38,1.00
2014.02.25 16:21:56.462,8.9231,8.92482,1.00,1.00
2014.02.25 16:21:56.513,8.92301,8.92473,1.00,1.00
2014.02.25 16:21:59.114,8.92301,8.92463,1.00,1.00
2014.02.25 16:22:01.096,8.92301,8.92443,1.00,1.00
2014.02.25 16:22:01.890,8.92301,8.92462,1.00,1.00
2014.02.25 16:22:01.992,8.92293,8.92462,1.00,1.00
2014.02.25 16:22:02.093,8.92303,8.92462,1.00,1.00
2014.02.25 16:22:05.056,8.92303,8.92452,1.00,1.00
2014.02.25 16:22:08.371,8.92292,8.92432,1.00,1.00
2014.02.25 16:22:08.900,8.92301,8.92432,1.00,1.00
2014.02.25 16:22:09.468,8.9229,8.92432,1.00,1.00
2014.02.25 16:22:21.335,8.9229,8.92413,1.00,1.00
2014.02.25 16:22:22.675,8.9229,8.92433,1.00,1.00
2014.02.25 16:22:30.165,8.92287,8.92433,1.13,1.00
2014.02.25 16:22:34.653,8.92267,8.92425,1.38,1.00
2014.02.25 16:22:36.648,8.9227,8.92433,1.38,1.00
2014.02.25 16:22:38.757,8.9227,8.92433,1.38,1.38
2014.02.25 16:22:58.697,8.92259,8.92429,1.00,1.98
2014.02.25 16:22:58.900,8.92228,8.92398,1.38,1.38
2014.02.25 16:23:10.662,8.92219,8.92333,1.38,1.00
2014.02.25 16:23:10.864,8.92205,8.92342,1.38,1.00
2014.02.25 16:23:11.843,8.92196,8.92332,1.38,1.00
2014.02.25 16:23:13.088,8.92196,8.92293,1.38,1.00
2014.02.25 16:23:19.542,8.92196,8.92333,1.38,1.00
2014.02.25 16:23:19.872,8.92196,8.92292,1.38,1.00
2014.02.25 16:23:48.032,8.92195,8.92333,1.38,1.00
2014.02.25 16:23:48.362,8.92195,8.92293,1.38,1.00
2014.02.25 16:23:49.903,8.92195,8.92333,1.38,1.00
2014.02.25 16:23:50.123,8.92195,8.92293,1.38,1.00
2014.02.25 16:23:52.873,8.92195,8.92333,1.38,1.00
2014.02.25 16:23:57.199,8.92199,8.92352,1.38,1.13
2014.02.25 16:23:57.402,8.92199,8.92332,1.38,1.00
2014.02.25 16:23:58.399,8.92199,8.92352,1.38,1.13
2014.02.25 16:24:34.713,8.92218,8.92372,1.00,1.38
2014.02.25 16:24:34.966,8.92198,8.92352,1.38,1.38
2014.02.25 16:24:35.396,8.92213,8.92352,1.38,1.13
2014.02.25 16:24:41.268,8.92221,8.92393,1.00,1.88
2014.02.25 16:24:41.471,8.92221,8.92372,1.38,1.38
2014.02.25 16:25:16.443,8.92243,8.92413,1.38,1.38
2014.02.25 16:25:17.674,8.92256,8.92423,1.38,1.38
2014.02.25 16:25:18.602,8.92288,8.92424,1.00,1.98
2014.02.25 16:25:18.921,8.92268,8.92424,1.00,1.73
2014.02.25 16:25:18.973,8.92268,8.92424,1.00,1.73
2014.02.25 16:25:20.112,8.92277,8.92424,1.00,1.73
2014.02.25 16:25:21.314,8.92256,8.92426,1.38,1.98
2014.02.25 16:25:21.415,8.92256,8.92426,1.38,1.38
2014.02.25 16:25:22.530,8.92274,8.92443,1.00,2.48
2014.02.25 16:25:22.581,8.92267,8.92429,1.00,1.98
2014.02.25 16:25:22.632,8.92267,8.92429,1.00,1.98
2014.02.25 16:25:24.062,8.92278,8.92426,1.00,1.98
2014.02.25 16:25:25.051,8.92277,8.92426,1.00,1.98
2014.02.25 16:25:29.368,8.9227,8.92429,1.00,1.98
2014.02.25 16:25:29.419,8.9227,8.92429,1.38,1.38
2014.02.25 16:25:30.536,8.9227,8.92423,1.00,1.98
2014.02.25 16:25:30.637,8.92257,8.92423,1.30,1.38
2014.02.25 16:25:30.840,8.92271,8.92423,1.00,1.38
2014.02.25 16:25:30.992,8.92255,8.92423,1.38,1.38
2014.02.25 16:25:38.030,8.92267,8.92416,1.00,1.38
2014.02.25 16:25:38.182,8.92247,8.92416,1.38,1.38
2014.02.25 16:25:38.234,8.92247,8.92416,1.38,1.38
2014.02.25 16:25:39.213,8.92248,8.92416,1.00,1.38
2014.02.25 16:25:41.112,8.92247,8.92406,1.13,1.38
2014.02.25 16:25:51.184,8.92268,8.924,1.00,1.38
2014.02.25 16:25:56.320,8.92217,8.92387,1.38,1.38
2014.02.25 16:26:10.673,8.92227,8.92396,1.38,1.38
2014.02.25 16:26:14.754,8.92257,8.92405,1.30,1.38
2014.02.25 16:26:15.724,8.92257,8.92405,1.13,1.38
2014.02.25 16:26:32.951,8.92208,8.92376,1.38,1.38
2014.02.25 16:26:33.470,8.92228,8.92367,1.00,1.38
2014.02.25 16:26:53.921,8.92228,8.92318,1.00,1.00
2014.02.25 16:26:54.430,8.92152,8.92318,1.38,1.38
2014.02.25 16:26:55.183,8.92182,8.92333,1.00,1.38
2014.02.25 16:26:55.284,8.92162,8.92287,1.00,2.96
2014.02.25 16:26:55.385,8.9212,8.9227,1.38,1.38
2014.02.25 16:26:56.390,8.92136,8.9229,1.38,1.00
2014.02.25 16:26:56.441,8.92138,8.92308,1.84,1.38
2014.02.25 16:26:56.492,8.92138,8.92298,1.84,1.00
2014.02.25 16:26:56.593,8.92167,8.92319,1.38,1.38
2014.02.25 16:26:59.470,8.92177,8.92339,1.98,1.00
2014.02.25 16:26:59.622,8.92195,8.92365,1.38,1.38
2014.02.25 16:27:00.894,8.92226,8.92372,1.00,1.38
2014.02.25 16:27:00.996,8.92217,8.92373,1.00,1.38
2014.02.25 16:27:01.148,8.92186,8.92358,1.38,1.38
2014.02.25 16:27:02.089,8.92176,8.92348,1.38,1.38
2014.02.25 16:27:08.829,8.92204,8.92348,2.10,1.38
2014.02.25 16:27:08.981,8.92235,8.92383,1.38,1.00
2014.02.25 16:27:09.082,8.92256,8.92422,1.38,1.38
2014.02.25 16:27:12.290,8.92268,8.92374,1.38,1.00
2014.02.25 16:27:12.542,8.92226,8.92374,1.00,1.38
2014.02.25 16:27:12.644,8.92198,8.92353,1.00,1.38
2014.02.25 16:27:12.761,8.92198,8.92353,1.38,1.38
2014.02.25 16:27:13.641,8.92183,8.92353,1.38,1.38
2014.02.25 16:27:23.232,8.92174,8.92344,1.00,1.38
2014.02.25 16:27:23.283,8.92162,8.92332,1.00,1.38
2014.02.25 16:27:23.384,8.92167,8.92305,1.00,1.38
2014.02.25 16:27:24.367,8.92147,8.92305,1.13,1.38
2014.02.25 16:27:27.123,8.92148,8.92305,1.00,1.38
2014.02.25 16:27:28.867,8.92168,8.92305,1.00,1.38
2014.02.25 16:27:29.457,8.92167,8.92305,1.00,1.38
2014.02.25 16:27:31.170,8.92148,8.9229,1.00,1.38
2014.02.25 16:27:31.611,8.92167,8.9229,1.00,1.38
2014.02.25 16:27:32.515,8.92148,8.9229,1.00,1.38
2014.02.25 16:27:36.999,8.92168,8.92309,1.00,1.38
2014.02.25 16:27:37.682,8.92167,8.92309,1.00,1.38
2014.02.25 16:27:37.927,8.92148,8.92309,1.00,1.38
2014.02.25 16:27:50.860,8.92167,8.92301,1.00,1.38
2014.02.25 16:27:54.629,8.92139,8.92309,1.38,1.38
2014.02.25 16:28:01.329,8.92174,8.9228,2.16,1.38
2014.02.25 16:28:01.638,8.92194,8.92325,1.00,1.98
2014.02.25 16:28:01.791,8.92148,8.92307,1.00,1.38
2014.02.25 16:28:06.258,8.92128,8.92298,1.38,1.38
2014.02.25 16:28:12.310,8.92148,8.92298,1.00,1.38
2014.02.25 16:28:13.518,8.92128,8.92298,1.38,1.38
2014.02.25 16:28:14.332,8.92157,8.92312,1.00,1.38
2014.02.25 16:28:14.635,8.92169,8.92332,1.00,2.63
2014.02.25 16:28:14.982,8.92179,8.92332,1.00,2.63
2014.02.25 16:28:16.257,8.9217,8.92332,1.00,2.63
2014.02.25 16:28:26.439,8.92148,8.92318,1.50,1.38
2014.02.25 16:28:46.337,8.92147,8.92313,1.13,1.38
2014.02.25 16:28:49.060,8.92147,8.92313,1.73,1.38
2014.02.25 16:28:55.889,8.92147,8.92314,1.73,1.38
2014.02.25 16:29:12.764,8.92147,8.92316,1.65,1.38
2014.02.25 16:29:13.829,8.92147,8.92316,1.05,1.38
2014.02.25 16:29:14.840,8.92147,8.92316,1.38,1.38
2014.02.25 16:29:15.501,8.92147,8.92316,1.05,1.38
2014.02.25 16:29:18.348,8.92146,8.92316,1.98,1.38
2014.02.25 16:29:18.399,8.92146,8.92316,1.98,1.38
2014.02.25 16:29:31.672,8.92145,8.92283,1.60,1.38
2014.02.25 16:29:31.874,8.92131,8.92283,2.10,1.38
2014.02.25 16:29:31.925,8.92131,8.92283,2.10,1.38
2014.02.25 16:29:39.142,8.92127,8.92268,1.00,2.16
2014.02.25 16:29:39.293,8.92098,8.92255,1.13,1.38
2014.02.25 16:29:40.367,8.92103,8.92257,1.00,2.48
2014.02.25 16:29:40.680,8.92098,8.92208,1.13,1.74
2014.02.25 16:29:40.882,8.92098,8.92249,1.13,2.48
2014.02.25 16:29:45.840,8.92102,8.92273,1.00,1.38
2014.02.25 16:29:47.665,8.92098,8.92264,1.13,1.38
2014.02.25 16:29:48.655,8.92101,8.92273,1.00,1.88
2014.02.25 16:29:49.653,8.92144,8.92293,1.00,1.88
2014.02.25 16:29:49.754,8.92144,8.92293,1.38,1.88
2014.02.25 16:29:49.855,8.92186,8.92332,1.00,1.38
2014.02.25 16:29:49.957,8.92186,8.92342,1.30,1.38
2014.02.25 16:29:50.260,8.92195,8.92332,1.30,1.00
2014.02.25 16:29:50.563,8.92258,8.92332,1.00,1.00
2014.02.25 16:29:50.882,8.92269,8.92332,1.00,1.00
2014.02.25 16:29:50.933,8.9228,8.92352,1.00,1.00
2014.02.25 16:29:51.248,8.9228,8.92382,1.00,1.38
2014.02.25 16:29:51.299,8.92288,8.92382,1.00,1.38
2014.02.25 16:29:51.631,8.923,8.92393,1.00,1.38
2014.02.25 16:29:51.734,8.923,8.92393,1.00,1.13
2014.02.25 16:29:55.726,8.923,8.92372,1.00,1.00
2014.02.25 16:29:55.839,8.923,8.92392,1.00,1.00
2014.02.25 16:29:57.841,8.923,8.92434,1.00,1.38
2014.02.25 16:29:57.892,8.923,8.92472,1.38,2.63
2014.02.25 16:29:58.195,8.92366,8.92503,1.38,1.00
2014.02.25 16:29:58.499,8.92427,8.92503,1.00,1.00
2014.02.25 16:29:59.165,8.92427,8.92542,1.00,1.38
2014.02.25 16:29:59.215,8.92427,8.92542,1.38,1.00
2014.02.25 16:29:59.367,8.92478,8.92582,1.00,1.00
2014.02.25 16:29:59.418,8.9251,8.92582,1.38,1.00
2014.02.25 16:30:00.354,8.92532,8.92642,1.38,1.00
2014.02.25 16:30:00.405,8.92532,8.92642,1.38,1.00
2014.02.25 16:30:00.607,8.9257,8.92682,1.38,1.00
2014.02.25 16:30:01.340,8.92613,8.92703,1.38,1.00
2014.02.25 16:30:01.391,8.92641,8.92703,1.38,1.00
2014.02.25 16:30:01.593,8.92641,8.92733,1.38,1.00
2014.02.25 16:30:01.745,8.92627,8.92733,1.38,1.00
2014.02.25 16:30:02.151,8.92648,8.92722,1.38,1.00
2014.02.25 16:30:02.551,8.92648,8.92743,1.38,1.15
2014.02.25 16:30:02.703,8.92595,8.92743,1.75,1.15
2014.02.25 16:30:02.956,8.92612,8.92743,1.38,1.15
2014.02.25 16:30:03.158,8.92571,8.92743,1.38,1.15
2014.02.25 16:30:03.361,8.92571,8.92743,1.38,1.00
2014.02.25 16:30:03.512,8.92593,8.92753,1.38,1.00
2014.02.25 16:30:03.664,8.9262,8.92772,1.38,1.00
2014.02.25 16:30:04.208,8.9262,8.92772,1.38,1.60
2014.02.25 16:30:04.787,8.92606,8.92674,1.00,1.00
2014.02.25 16:30:05.091,8.92571,8.92664,1.00,1.38
2014.02.25 16:30:05.141,8.9252,8.92672,1.13,1.00
2014.02.25 16:30:05.243,8.92521,8.92658,1.13,1.00
2014.02.25 16:30:05.344,8.92535,8.92707,1.38,1.00
2014.02.25 16:30:05.496,8.92564,8.92736,1.00,1.00
2014.02.25 16:30:05.597,8.92556,8.92726,1.00,1.00
2014.02.25 16:30:06.144,8.92556,8.9262,1.00,1.38
2014.02.25 16:30:06.246,8.92507,8.9262,1.00,1.38
2014.02.25 16:30:06.347,8.92477,8.9262,1.38,1.38
2014.02.25 16:30:07.206,8.92418,8.92588,1.00,1.38
2014.02.25 16:30:07.359,8.92407,8.92555,1.13,1.38
2014.02.25 16:30:07.460,8.92388,8.92537,1.38,1.38
2014.02.25 16:30:08.409,8.92378,8.9255,1.00,1.38
2014.02.25 16:30:08.561,8.92359,8.92531,1.00,1.38
2014.02.25 16:30:08.662,8.92346,8.92518,1.38,1.38
2014.02.25 16:30:09.641,8.92356,8.92528,1.38,1.38
2014.02.25 16:30:11.821,8.92337,8.92509,1.38,1.98
2014.02.25 16:30:12.414,8.92329,8.92499,1.00,1.98
2014.02.25 16:30:12.515,8.9232,8.9249,1.00,1.35
2014.02.25 16:30:12.616,8.9231,8.9248,1.00,1.00
2014.02.25 16:30:20.933,8.92319,8.92489,1.00,1.00
2014.02.25 16:30:26.581,8.92309,8.92481,1.00,1.00
2014.02.25 16:30:46.660,8.92293,8.92463,1.38,1.00
2014.02.25 16:30:52.018,8.92304,8.92476,1.38,1.00
2014.02.25 16:30:57.954,8.92304,8.92476,1.38,1.00
2014.02.25 16:30:58.157,8.92313,8.92485,1.38,1.00
2014.02.25 16:31:03.010,8.92323,8.92493,1.00,1.00
2014.02.25 16:31:04.618,8.92323,8.92487,1.00,1.00
2014.02.25 16:31:04.921,8.92308,8.92433,1.13,1.38
2014.02.25 16:31:05.224,8.92308,8.92445,1.38,1.38
2014.02.25 16:31:05.939,8.92307,8.92445,1.13,1.38
2014.02.25 16:31:08.117,8.92308,8.92435,1.00,1.38
2014.02.25 16:31:10.670,8.92318,8.92435,1.00,1.38
2014.02.25 16:31:10.893,8.92298,8.92435,1.38,1.38
2014.02.25 16:31:11.088,8.92317,8.92435,1.00,1.38
2014.02.25 16:31:12.076,8.92308,8.92435,1.00,1.38
2014.02.25 16:31:15.816,8.92297,8.92435,1.38,1.38
2014.02.25 16:31:16.828,8.92308,8.92435,1.00,1.38
2014.02.25 16:31:29.788,8.92298,8.92433,1.38,1.38
2014.02.25 16:31:32.095,8.92308,8.92433,1.00,1.38
2014.02.25 16:31:32.651,8.92297,8.92433,1.38,1.38
2014.02.25 16:31:34.076,8.92308,8.92433,1.00,1.38
2014.02.25 16:31:46.644,8.92288,8.92433,1.38,1.38
2014.02.25 16:31:47.229,8.92308,8.92433,1.00,1.38
2014.02.25 16:31:47.953,8.92288,8.92434,1.38,1.38
2014.02.25 16:31:52.357,8.92307,8.92434,1.30,1.38
2014.02.25 16:31:54.229,8.92317,8.92433,1.00,1.38
2014.02.25 16:31:54.535,8.92297,8.92433,1.38,1.38
2014.02.25 16:31:58.293,8.92308,8.92434,1.50,1.38
2014.02.25 16:31:58.394,8.92414,8.92464,3.00,1.50
2014.02.25 16:31:58.445,8.92432,8.92527,3.00,1.00
2014.02.25 16:31:58.546,8.92432,8.92552,3.38,1.00
2014.02.25 16:31:58.597,8.92458,8.92552,1.88,1.00
2014.02.25 16:31:58.698,8.92484,8.92656,1.38,1.00
2014.02.25 16:31:58.800,8.92534,8.92704,1.38,1.38
2014.02.25 16:31:59.002,8.92556,8.92726,1.00,1.38
2014.02.25 16:31:59.337,8.92567,8.92739,1.00,1.38
2014.02.25 16:31:59.640,8.92567,8.92739,1.00,1.00
2014.02.25 16:31:59.792,8.92583,8.92753,1.00,1.13
2014.02.25 16:32:00.095,8.92608,8.92777,1.00,1.38
2014.02.25 16:32:00.613,8.92608,8.92777,1.00,1.38
2014.02.25 16:32:01.654,8.92608,8.92778,1.00,1.00
2014.02.25 16:32:01.856,8.92635,8.92787,1.00,1.00
2014.02.25 16:32:02.160,8.92644,8.92814,1.00,1.38
2014.02.25 16:32:02.702,8.92644,8.92814,1.00,1.38
2014.02.25 16:32:02.960,8.92644,8.92814,1.00,1.38
2014.02.25 16:32:03.061,8.92658,8.92822,1.00,1.38
2014.02.25 16:32:06.468,8.92658,8.92828,1.00,1.38
2014.02.25 16:32:23.337,8.92661,8.92831,1.00,1.38
2014.02.25 16:32:33.662,8.92661,8.92831,1.00,1.38
2014.02.25 16:32:34.066,8.92677,8.92849,1.00,1.38
2014.02.25 16:32:35.986,8.92677,8.92849,1.00,1.73
2014.02.25 16:32:36.087,8.92666,8.92836,1.00,1.38
2014.02.25 16:32:36.619,8.92666,8.92802,1.00,2.10
2014.02.25 16:32:36.922,8.92647,8.92799,1.00,2.48
2014.02.25 16:32:36.973,8.92635,8.92799,1.00,2.48
2014.02.25 16:32:37.938,8.92635,8.92793,1.00,2.48
2014.02.25 16:32:38.140,8.92625,8.92793,1.00,2.48
2014.02.25 16:32:45.847,8.92625,8.92793,1.00,2.10
2014.02.25 16:32:46.836,8.92625,8.92793,1.00,2.48
2014.02.25 16:32:54.438,8.92625,8.92793,1.00,2.48
2014.02.25 16:32:54.540,8.92615,8.92787,1.00,1.98
2014.02.25 16:32:54.793,8.92615,8.92787,1.00,1.98
2014.02.25 16:32:56.229,8.92615,8.92787,1.00,1.98
2014.02.25 16:32:56.381,8.92606,8.92776,1.00,1.98
2014.02.25 16:32:56.463,8.92606,8.92776,1.38,1.98
2014.02.25 16:32:57.476,8.92606,8.92776,1.00,1.98
2014.02.25 16:32:58.875,8.92606,8.92776,1.38,1.98
2014.02.25 16:33:00.769,8.92606,8.92776,1.00,1.98
2014.02.25 16:33:02.852,8.92594,8.92766,1.00,1.98
2014.02.25 16:33:03.416,8.92594,8.92766,1.00,1.98
2014.02.25 16:33:23.318,8.92593,8.92765,1.00,1.98
2014.02.25 16:33:33.179,8.92593,8.92764,1.00,1.98
2014.02.25 16:33:42.999,8.92593,8.92752,1.00,1.38
2014.02.25 16:33:47.216,8.92593,8.92757,1.00,1.38
2014.02.25 16:33:48.276,8.92593,8.92757,1.00,1.38
2014.02.25 16:33:51.701,8.92593,8.92757,1.00,1.38
2014.02.25 16:33:53.139,8.92593,8.92765,1.38,1.38
2014.02.25 16:34:03.250,8.92605,8.92772,1.00,1.98
2014.02.25 16:34:25.409,8.92594,8.92764,1.00,1.98
2014.02.25 16:34:25.984,8.92594,8.92764,1.00,1.98
2014.02.25 16:34:41.421,8.92594,8.92764,1.00,1.38
2014.02.25 16:34:42.434,8.92594,8.92764,1.00,1.98
2014.02.25 16:34:58.984,8.92603,8.92775,1.00,1.98
2014.02.25 16:35:00.693,8.92603,8.92775,1.00,1.98
2014.02.25 16:35:01.014,8.92617,8.92789,1.00,1.98
2014.02.25 16:35:01.444,8.92617,8.92789,1.00,1.98
2014.02.25 16:35:07.390,8.92618,8.9279,1.00,1.98
2014.02.25 16:35:07.491,8.92618,8.9279,1.00,1.98
2014.02.25 16:35:07.794,8.92611,8.92782,1.00,1.98
2014.02.25 16:35:08.138,8.92622,8.92773,1.00,1.90
2014.02.25 16:35:08.576,8.92611,8.92773,1.00,1.90
2014.02.25 16:35:08.778,8.92626,8.92773,1.00,1.30
2014.02.25 16:35:09.329,8.92614,8.92784,1.00,1.38
2014.02.25 16:35:10.006,8.92614,8.92784,1.00,1.38
2014.02.25 16:35:13.364,8.92604,8.92776,1.00,1.38
2014.02.25 16:35:15.217,8.92604,8.92776,1.00,1.38
2014.02.25 16:35:15.385,8.92594,8.92764,1.00,1.38
2014.02.25 16:35:29.963,8.92594,8.92764,1.00,1.38
2014.02.25 16:35:35.440,8.92587,8.92757,1.00,1.38
2014.02.25 16:35:41.606,8.92587,8.92757,1.00,1.00
2014.02.25 16:35:42.595,8.92587,8.92757,1.00,1.38
2014.02.25 16:35:55.464,8.92585,8.92755,1.00,1.38
2014.02.25 16:36:01.760,8.92585,8.92755,1.00,1.38
2014.02.25 16:36:04.190,8.92585,8.92755,1.00,1.38
2014.02.25 16:36:04.807,8.92642,8.92782,1.00,1.38
2014.02.25 16:36:04.908,8.9263,8.92782,1.54,1.38
2014.02.25 16:36:04.959,8.92622,8.92782,1.38,1.38
2014.02.25 16:36:06.950,8.92652,8.92803,1.00,1.38
2014.02.25 16:36:07.101,8.92614,8.92786,1.00,1.38
2014.02.25 16:36:07.152,8.92614,8.92786,1.00,1.38
2014.02.25 16:36:09.453,8.92614,8.92772,1.00,1.38
2014.02.25 16:36:09.771,8.92614,8.92772,1.00,1.38
2014.02.25 16:36:31.444,8.92614,8.92772,1.00,1.38
2014.02.25 16:36:32.424,8.92614,8.92772,1.00,1.38
2014.02.25 16:36:46.062,8.92624,8.92793,1.00,1.38
2014.02.25 16:36:48.341,8.92644,8.92792,1.00,1.38
2014.02.25 16:36:53.611,8.92653,8.92812,1.00,1.88
2014.02.25 16:36:55.569,8.92644,8.92812,1.00,1.88
2014.02.25 16:36:59.702,8.92644,8.92812,1.00,1.50
2014.02.25 16:37:01.682,8.92644,8.92812,1.00,1.88
2014.02.25 16:37:03.272,8.92633,8.92803,1.00,1.38
2014.02.25 16:37:09.353,8.92641,8.92813,1.00,1.88
2014.02.25 16:37:18.511,8.92641,8.92813,1.00,1.38
2014.02.25 16:37:19.613,8.92641,8.92813,1.00,1.38
2014.02.25 16:37:30.292,8.92643,8.92813,1.00,1.38
2014.02.25 16:37:31.316,8.92632,8.92804,1.00,1.38
2014.02.25 16:37:31.418,8.92642,8.92812,1.00,1.38
2014.02.25 16:37:38.208,8.92642,8.92693,1.00,1.00
2014.02.25 16:37:43.200,8.92642,8.92795,1.00,1.38
2014.02.25 16:37:43.711,8.92642,8.92693,1.00,1.00
2014.02.25 16:37:47.005,8.92625,8.92693,1.00,1.00
2014.02.25 16:37:47.207,8.92628,8.92693,1.00,1.00
2014.02.25 16:37:47.308,8.92618,8.92693,1.00,1.00
2014.02.25 16:37:47.517,8.92626,8.92693,1.00,1.00
2014.02.25 16:37:48.234,8.92628,8.92693,1.00,1.00
2014.02.25 16:37:49.242,8.92628,8.92796,1.00,1.38
2014.02.25 16:37:49.537,8.92628,8.92694,1.00,1.00
2014.02.25 16:37:50.621,8.92618,8.92694,1.00,1.00
2014.02.25 16:37:55.170,8.92618,8.92788,1.00,1.38
2014.02.25 16:37:55.474,8.92628,8.928,1.00,1.38
2014.02.25 16:37:56.343,8.9262,8.9279,1.00,1.38
2014.02.25 16:38:05.179,8.92628,8.9279,1.00,1.38
2014.02.25 16:38:15.409,8.9262,8.9279,1.00,1.38
2014.02.25 16:38:15.459,8.9262,8.9279,1.00,1.38
2014.02.25 16:38:15.662,8.9262,8.9279,1.00,1.38
2014.02.25 16:38:16.929,8.92618,8.92789,1.00,1.38
2014.02.25 16:38:17.129,8.92628,8.92789,1.00,1.38
2014.02.25 16:38:22.330,8.92618,8.9279,1.50,1.38
2014.02.25 16:38:22.482,8.92618,8.9279,1.50,1.38
2014.02.25 16:38:22.684,8.92618,8.92789,1.00,1.38
2014.02.25 16:38:24.059,8.92628,8.92789,1.00,1.38
2014.02.25 16:38:28.181,8.92628,8.928,1.00,1.38
2014.02.25 16:38:28.434,8.92628,8.928,1.00,1.38
2014.02.25 16:38:28.535,8.92619,8.92791,1.00,1.38
2014.02.25 16:38:28.844,8.9263,8.928,1.00,1.38
2014.02.25 16:38:28.946,8.92621,8.92791,1.00,1.38
2014.02.25 16:38:29.963,8.92621,8.92791,1.00,1.38
2014.02.25 16:38:30.401,8.92638,8.92791,1.00,1.38
2014.02.25 16:38:32.111,8.92621,8.92791,1.00,1.38
2014.02.25 16:38:32.221,8.9263,8.92802,1.00,1.38
2014.02.25 16:38:32.273,8.9263,8.92802,1.00,1.38
2014.02.25 16:38:33.270,8.9263,8.92802,1.00,1.38
2014.02.25 16:38:35.047,8.92617,8.92788,1.00,1.38
2014.02.25 16:38:35.098,8.92637,8.92788,1.00,1.38
2014.02.25 16:38:35.308,8.92618,8.92788,1.00,1.38
2014.02.25 16:38:35.411,8.92625,8.92797,1.00,1.38
2014.02.25 16:38:35.470,8.92625,8.92797,1.00,1.38
2014.02.25 16:38:35.521,8.92635,8.92805,1.00,1.38
2014.02.25 16:38:35.928,8.92625,8.92795,1.00,1.38
2014.02.25 16:38:36.610,8.92637,8.92795,1.00,1.38
2014.02.25 16:38:37.203,8.92637,8.92795,1.00,1.38
2014.02.25 16:38:38.029,8.92638,8.92795,1.00,1.38
2014.02.25 16:38:42.110,8.92637,8.92805,1.00,1.38
2014.02.25 16:38:42.161,8.92637,8.92805,1.00,1.38
2014.02.25 16:38:44.102,8.92647,8.92805,1.00,1.38
2014.02.25 16:38:44.856,8.92638,8.92795,1.00,1.38
2014.02.25 16:38:44.907,8.92638,8.92795,1.00,1.38
2014.02.25 16:38:46.059,8.92635,8.92805,1.00,1.38
2014.02.25 16:38:46.470,8.92635,8.92805,1.00,1.38
2014.02.25 16:38:46.521,8.92625,8.92795,1.00,1.38
2014.02.25 16:38:47.429,8.92625,8.92795,1.00,1.38
2014.02.25 16:38:55.671,8.92608,8.9278,1.00,1.38
2014.02.25 16:38:56.882,8.92608,8.9278,1.00,1.38
2014.02.25 16:39:00.798,8.92618,8.9278,1.00,1.38
2014.02.25 16:39:03.124,8.92608,8.9278,1.00,1.38
2014.02.25 16:39:03.572,8.92618,8.9278,1.00,1.38
2014.02.25 16:39:05.721,8.92618,8.9278,1.00,1.38
2014.02.25 16:39:06.990,8.9263,8.928,1.00,1.38
2014.02.25 16:39:07.306,8.92657,8.9279,1.00,1.38
2014.02.25 16:39:07.875,8.92648,8.92802,1.00,1.38
2014.02.25 16:39:07.926,8.92648,8.92802,1.00,1.38
2014.02.25 16:39:08.658,8.92634,8.92806,1.00,1.38
2014.02.25 16:39:08.862,8.92648,8.92806,1.00,1.38
2014.02.25 16:39:09.182,8.92658,8.92787,1.00,1.38
2014.02.25 16:39:10.189,8.92627,8.92797,1.50,1.38
2014.02.25 16:39:12.177,8.92628,8.92784,1.00,1.38
2014.02.25 16:39:13.827,8.92614,8.92784,1.00,1.38
2014.02.25 16:39:13.978,8.92614,8.92784,1.38,1.38
2014.02.25 16:39:16.090,8.92657,8.92795,1.00,1.38
2014.02.25 16:39:17.078,8.92667,8.92795,1.00,1.38
2014.02.25 16:39:17.314,8.92647,8.92795,1.38,1.38
2014.02.25 16:39:18.771,8.92647,8.92795,1.13,1.15
2014.02.25 16:39:19.662,8.92647,8.92795,1.38,1.38
2014.02.25 16:39:43.689,8.92633,8.92805,1.00,1.38
2014.02.25 16:39:43.790,8.92617,8.92778,1.00,1.38
2014.02.25 16:39:43.891,8.92617,8.92764,1.00,1.38
2014.02.25 16:39:44.839,8.92637,8.92772,1.00,1.38
2014.02.25 16:39:45.177,8.92637,8.92772,1.00,1.38
2014.02.25 16:39:45.897,8.92618,8.92763,1.00,1.38
2014.02.25 16:39:47.218,8.92638,8.92763,1.00,1.38
2014.02.25 16:39:51.670,8.92637,8.92763,1.00,1.38
2014.02.25 16:39:51.721,8.92637,8.92763,1.00,1.38
2014.02.25 16:39:52.688,8.92637,8.92763,1.00,1.38
2014.02.25 16:39:54.698,8.92637,8.92763,1.00,1.38
2014.02.25 16:39:56.134,8.92648,8.92763,1.00,1.38
2014.02.25 16:40:00.884,8.92657,8.92763,1.00,1.38
2014.02.25 16:40:01.193,8.92657,8.92747,1.00,1.75
2014.02.25 16:40:04.160,8.92638,8.92763,1.00,1.38
2014.02.25 16:40:07.900,8.92658,8.92763,1.00,1.38
2014.02.25 16:40:11.065,8.92658,8.92774,1.00,1.38
2014.02.25 16:40:12.096,8.92667,8.92774,1.00,1.38
2014.02.25 16:40:13.068,8.92647,8.92774,1.00,1.38
2014.02.25 16:40:13.330,8.92658,8.92774,1.00,1.38
2014.02.25 16:40:13.799,8.92658,8.92774,1.00,1.38
2014.02.25 16:40:16.370,8.92638,8.92774,1.00,1.38
2014.02.25 16:40:40.239,8.92617,8.92766,1.00,1.38
2014.02.25 16:40:52.129,8.92604,8.92776,1.00,1.38
2014.02.25 16:40:52.188,8.92604,8.92776,1.38,1.38
2014.02.25 16:40:54.097,8.92608,8.92776,1.00,1.38
2014.02.25 16:41:05.688,8.92604,8.92776,1.38,1.38
2014.02.25 16:41:05.739,8.92604,8.92776,1.00,1.38
2014.02.25 16:41:12.087,8.926,8.92772,1.00,1.38
2014.02.25 16:41:32.317,8.92598,8.92768,1.00,1.38
2014.02.25 16:41:53.316,8.92599,8.92769,1.00,1.38
2014.02.25 16:42:05.945,8.92599,8.92769,1.38,1.00
2014.02.25 16:42:06.046,8.92613,8.92783,1.00,1.00
2014.02.25 16:42:06.097,8.92637,8.92803,1.00,1.00
2014.02.25 16:42:06.198,8.92637,8.92807,1.00,1.00
2014.02.25 16:42:06.985,8.92646,8.92816,1.00,1.38
2014.02.25 16:42:08.300,8.92656,8.92828,1.00,1.38
2014.02.25 16:42:08.927,8.92645,8.92817,1.00,1.38
2014.02.25 16:42:11.447,8.92645,8.92817,1.00,1.00
2014.02.25 16:42:11.549,8.92668,8.92837,1.00,1.00
2014.02.25 16:42:12.067,8.92668,8.92838,1.00,1.00
2014.02.25 16:42:15.669,8.92654,8.92824,1.00,1.00
2014.02.25 16:42:20.447,8.92654,8.92824,1.00,1.38
2014.02.25 16:42:20.548,8.92639,8.92811,1.00,1.00
2014.02.25 16:42:20.801,8.92629,8.92801,1.00,1.00
2014.02.25 16:42:41.324,8.92626,8.92796,1.00,1.00
2014.02.25 16:42:51.122,8.92636,8.92808,1.00,1.00
2014.02.25 16:42:51.325,8.92625,8.92795,1.00,1.00
2014.02.25 16:42:58.582,8.92634,8.92804,1.00,1.00
2014.02.25 16:42:58.870,8.92624,8.92796,1.00,1.00
2014.02.25 16:42:59.225,8.92634,8.92804,1.00,1.00
2014.02.25 16:43:19.276,8.92634,8.92806,1.00,1.00
2014.02.25 16:43:32.771,8.92644,8.92814,1.00,1.38
2014.02.25 16:43:47.075,8.92633,8.92805,1.00,1.00
2014.02.25 16:43:58.216,8.92625,8.92795,1.00,1.00
2014.02.25 16:44:05.449,8.92636,8.92806,1.00,1.00
2014.02.25 16:44:06.583,8.92626,8.92798,1.00,1.00
2014.02.25 16:44:25.001,8.92635,8.92807,1.00,1.00
2014.02.25 16:44:29.893,8.92646,8.92816,1.00,1.00
2014.02.25 16:44:30.860,8.92634,8.92804,1.00,1.00
2014.02.25 16:44:31.855,8.92643,8.92813,1.00,1.00
2014.02.25 16:44:46.335,8.92651,8.92823,1.00,1.00
2014.02.25 16:44:46.436,8.92666,8.92838,1.00,1.00
2014.02.25 16:44:46.739,8.9268,8.92852,1.00,1.00
2014.02.25 16:44:47.042,8.92664,8.92813,1.00,1.38
2014.02.25 16:44:47.093,8.92622,8.92794,1.00,1.38
2014.02.25 16:44:47.194,8.92604,8.92776,1.38,1.38
2014.02.25 16:44:56.665,8.92597,8.92757,1.30,1.38
2014.02.25 16:45:13.278,8.92588,8.92758,1.38,1.38
2014.02.25 16:45:15.177,8.92588,8.92758,1.38,1.38
2014.02.25 16:45:16.137,8.92588,8.92758,1.38,1.38
2014.02.25 16:46:20.184,8.92599,8.92769,1.30,1.38
2014.02.25 16:46:50.885,8.92586,8.92758,1.38,1.38
2014.02.25 16:46:51.894,8.92586,8.92758,1.38,1.38
2014.02.25 16:47:19.424,8.92586,8.92758,1.38,1.38
2014.02.25 16:47:20.954,8.92596,8.92768,1.38,1.38
2014.02.25 16:47:25.893,8.92586,8.92758,1.30,1.38
2014.02.25 16:47:30.862,8.92586,8.92758,1.38,1.00
2014.02.25 16:47:31.114,8.92617,8.92787,1.38,1.38
2014.02.25 16:47:31.215,8.92617,8.92787,1.38,1.38
2014.02.25 16:47:32.186,8.92617,8.92787,1.38,1.38
2014.02.25 16:47:33.192,8.92626,8.92796,1.38,1.38
2014.02.25 16:47:41.442,8.92637,8.92807,1.38,1.38
2014.02.25 16:47:51.472,8.92646,8.92818,1.38,1.38
2014.02.25 16:48:01.043,8.92646,8.92818,1.38,1.38
2014.02.25 16:48:01.362,8.92637,8.92809,1.38,1.38
2014.02.25 16:48:02.450,8.92646,8.92818,1.38,1.38
2014.02.25 16:48:33.997,8.92683,8.92827,1.00,1.38
2014.02.25 16:48:34.155,8.92703,8.92884,1.38,1.38
2014.02.25 16:48:34.308,8.92772,8.92914,1.00,1.98
2014.02.25 16:48:36.043,8.92752,8.92914,1.00,1.98
2014.02.25 16:48:36.094,8.92746,8.92897,1.00,2.48
2014.02.25 16:48:36.145,8.92746,8.92897,1.00,2.48
2014.02.25 16:48:36.297,8.92737,8.92881,1.00,2.48
2014.02.25 16:48:36.398,8.92728,8.92881,1.00,2.48
2014.02.25 16:48:36.449,8.92728,8.92881,1.00,2.48
2014.02.25 16:48:36.600,8.92718,8.92881,1.00,2.48
2014.02.25 16:48:36.651,8.92718,8.92881,1.00,2.48
2014.02.25 16:48:46.921,8.92718,8.92914,1.38,1.98
2014.02.25 16:48:47.022,8.92747,8.92922,1.00,2.48
2014.02.25 16:48:47.333,8.92747,8.92922,1.00,3.98
2014.02.25 16:49:03.324,8.92747,8.92922,1.00,2.48
2014.02.25 16:49:06.680,8.92747,8.92922,1.00,2.48
2014.02.25 16:49:20.541,8.92747,8.92917,1.00,1.98
2014.02.25 16:49:27.352,8.92749,8.92917,1.00,1.98
2014.02.25 16:49:42.721,8.92749,8.92855,1.00,2.48
2014.02.25 16:49:42.822,8.92718,8.92855,1.00,2.48
2014.02.25 16:49:42.924,8.92696,8.92855,1.00,2.48
2014.02.25 16:49:45.702,8.92688,8.92852,1.00,2.48
2014.02.25 16:49:46.573,8.92695,8.92863,1.00,2.48
2014.02.25 16:49:52.368,8.92688,8.92863,1.00,2.48
2014.02.25 16:49:58.071,8.92698,8.92883,1.00,2.25
2014.02.25 16:49:58.375,8.92717,8.92892,1.00,1.38
2014.02.25 16:49:58.739,8.92745,8.92892,1.00,1.38
2014.02.25 16:50:02.593,8.92745,8.9293,1.00,1.98
2014.02.25 16:50:03.364,8.92745,8.9293,1.00,1.98
2014.02.25 16:50:14.761,8.92757,8.9293,1.00,1.98
2014.02.25 16:50:16.560,8.92757,8.92817,1.00,2.10
2014.02.25 16:50:16.662,8.92757,8.9287,1.00,1.98
2014.02.25 16:50:16.712,8.92757,8.92852,1.00,1.98
2014.02.25 16:50:16.813,8.92706,8.92802,1.00,1.38
2014.02.25 16:50:16.915,8.92666,8.92832,1.98,1.88
2014.02.25 16:50:17.066,8.92728,8.92876,1.00,1.38
2014.02.25 16:50:17.382,8.92757,8.92897,1.00,1.38
2014.02.25 16:50:37.310,8.92748,8.92927,1.00,1.98
2014.02.25 16:51:12.576,8.92759,8.92927,1.00,1.38
2014.02.25 16:51:12.677,8.92759,8.92927,1.00,1.38
2014.02.25 16:51:21.420,8.92768,8.92923,1.00,1.38
2014.02.25 16:51:21.622,8.92739,8.92923,1.00,1.38
2014.02.25 16:51:22.167,8.92741,8.92913,1.00,1.38
2014.02.25 16:51:35.780,8.92733,8.92903,1.00,1.38
2014.02.25 16:51:38.790,8.92733,8.92903,1.00,1.38
2014.02.25 16:51:43.835,8.92733,8.92903,1.00,1.38
2014.02.25 16:51:45.583,8.92723,8.92895,1.00,1.38
2014.02.25 16:51:45.739,8.92732,8.92904,1.00,1.38
2014.02.25 16:51:46.073,8.92751,8.92921,1.00,1.38
2014.02.25 16:51:47.980,8.92751,8.92921,1.00,1.38
2014.02.25 16:52:06.349,8.92745,8.92917,1.00,1.38
2014.02.25 16:52:07.666,8.92736,8.92908,1.38,1.38
2014.02.25 16:52:08.907,8.92745,8.92915,1.00,1.38
2014.02.25 16:52:09.475,8.92745,8.92915,1.00,1.38
2014.02.25 16:52:13.024,8.92729,8.92899,1.38,1.38
2014.02.25 16:52:34.378,8.92742,8.92912,1.00,1.38
2014.02.25 16:52:55.313,8.92738,8.9291,1.13,1.38
2014.02.25 16:53:05.201,8.92738,8.9291,1.38,1.38
2014.02.25 16:53:14.660,8.92748,8.92918,1.00,1.98
2014.02.25 16:53:14.812,8.92725,8.92897,1.00,1.38
2014.02.25 16:53:14.913,8.92716,8.92888,1.00,1.38
2014.02.25 16:53:15.871,8.92708,8.92878,1.13,1.38
2014.02.25 16:53:25.447,8.92708,8.92878,1.38,1.38
2014.02.25 16:53:25.767,8.92721,8.92891,1.00,1.38
2014.02.25 16:53:35.467,8.92721,8.92891,1.38,1.38
2014.02.25 16:53:41.612,8.92707,8.92879,1.13,1.38
2014.02.25 16:53:51.947,8.92699,8.92869,1.38,1.38
2014.02.25 16:54:01.853,8.92708,8.92878,1.38,1.38
2014.02.25 16:54:11.881,8.92708,8.92878,1.38,1.38
2014.02.25 16:54:43.969,8.92724,8.92896,1.38,1.38
2014.02.25 16:54:56.168,8.9273,8.92902,1.00,1.38
2014.02.25 16:54:56.320,8.92718,8.92888,1.13,1.38
2014.02.25 16:55:16.387,8.92715,8.92887,1.38,1.38
2014.02.25 16:55:21.116,8.92727,8.92897,1.38,1.38
2014.02.25 16:55:22.111,8.92766,8.92936,1.00,1.38
2014.02.25 16:55:22.509,8.92775,8.92947,1.00,1.38
2014.02.25 16:55:23.389,8.92767,8.92937,1.00,1.38
2014.02.25 16:55:26.545,8.92767,8.92937,1.38,1.38
2014.02.25 16:55:36.556,8.92767,8.92937,1.38,1.38
2014.02.25 16:55:49.880,8.92795,8.92939,1.00,1.38
2014.02.25 16:55:50.183,8.92905,8.93044,1.38,1.00
2014.02.25 16:55:50.284,8.92979,8.93063,1.38,1.00
2014.02.25 16:55:50.335,8.92979,8.93149,1.38,1.38
2014.02.25 16:55:50.400,8.92979,8.93066,1.00,2.48
2014.02.25 16:55:50.553,8.92946,8.93066,1.00,2.48
2014.02.25 16:55:50.604,8.92926,8.93066,1.00,2.48
2014.02.25 16:55:50.655,8.92919,8.93066,1.00,2.48
2014.02.25 16:55:51.172,8.92928,8.93088,1.00,2.48
2014.02.25 16:55:52.249,8.92915,8.93087,1.38,1.98
2014.02.25 16:56:12.716,8.92918,8.93088,1.00,1.38
2014.02.25 16:56:18.857,8.92936,8.93088,1.98,1.00
2014.02.25 16:56:19.009,8.92947,8.93117,2.63,1.00
2014.02.25 16:56:19.111,8.93001,8.93173,1.38,1.38
2014.02.25 16:56:20.181,8.93053,8.93211,1.38,1.38
2014.02.25 16:56:25.777,8.93061,8.93182,1.38,2.48
2014.02.25 16:56:26.080,8.93028,8.93181,1.00,1.35
2014.02.25 16:56:26.131,8.93019,8.93178,1.00,2.48
2014.02.25 16:56:26.232,8.93002,8.93172,1.00,1.98
2014.02.25 16:56:46.368,8.93001,8.93171,1.00,1.38
2014.02.25 16:56:49.444,8.93001,8.93171,1.38,1.38
2014.02.25 16:57:06.034,8.9301,8.93182,1.00,1.38
2014.02.25 16:57:12.556,8.93,8.9317,1.38,1.38
2014.02.25 16:57:38.443,8.92989,8.93153,1.00,1.38
2014.02.25 16:57:38.494,8.92978,8.93148,1.00,1.38
2014.02.25 16:57:38.646,8.92978,8.93148,1.38,1.38
2014.02.25 16:57:39.453,8.92991,8.93153,1.00,1.38
2014.02.25 16:57:39.504,8.92976,8.93146,1.38,1.38
2014.02.25 16:57:39.956,8.92967,8.93137,1.38,1.38
2014.02.25 16:57:41.213,8.92987,8.93159,1.98,1.00
2014.02.25 16:57:41.415,8.92993,8.93159,1.38,1.00
2014.02.25 16:57:41.516,8.93046,8.93218,1.38,1.38
2014.02.25 16:57:50.425,8.93049,8.93219,1.00,1.38
2014.02.25 16:57:50.992,8.9303,8.93202,1.38,1.38
2014.02.25 16:57:57.809,8.93039,8.93211,1.38,1.38
2014.02.25 16:58:04.741,8.93058,8.9323,1.00,1.38
2014.02.25 16:58:04.842,8.93049,8.93219,1.00,1.38
2014.02.25 16:58:05.683,8.9303,8.93202,1.38,1.38
2014.02.25 16:58:19.892,8.9304,8.9321,1.38,1.38
2014.02.25 16:58:20.145,8.9305,8.9322,1.38,1.38
2014.02.25 16:58:22.643,8.93063,8.93233,1.00,1.38
2014.02.25 16:58:22.744,8.93052,8.93224,1.00,1.38
2014.02.25 16:58:22.845,8.93041,8.93211,1.38,1.38
2014.02.25 16:58:24.452,8.93041,8.93211,1.00,1.38
2014.02.25 16:58:24.553,8.93023,8.93193,1.38,1.38
2014.02.25 16:58:30.692,8.93014,8.93152,1.00,1.38
2014.02.25 16:58:30.743,8.92979,8.93151,1.00,1.38
2014.02.25 16:58:31.478,8.92969,8.93141,1.38,1.38
2014.02.25 16:58:32.033,8.92987,8.93141,1.38,1.38
2014.02.25 16:58:38.484,8.93011,8.93183,1.38,1.38
2014.02.25 16:58:38.945,8.93011,8.93182,1.00,1.38
2014.02.25 16:58:38.996,8.93002,8.93172,1.00,1.38
2014.02.25 16:58:39.098,8.92982,8.93141,1.00,1.38
2014.02.25 16:58:39.200,8.92969,8.93141,1.00,1.38
2014.02.25 16:58:40.159,8.92969,8.93139,1.00,1.38
2014.02.25 16:58:40.311,8.92959,8.93123,1.00,1.38
2014.02.25 16:58:40.361,8.92959,8.93123,1.00,1.38
2014.02.25 16:58:40.546,8.92948,8.9312,1.13,1.38
2014.02.25 16:58:45.433,8.92948,8.9312,1.00,1.38
2014.02.25 16:58:45.635,8.92939,8.93111,1.00,1.38
2014.02.25 16:58:45.737,8.92931,8.93101,1.00,1.38
2014.02.25 16:58:45.916,8.92939,8.93111,1.00,1.38
2014.02.25 16:58:46.627,8.92939,8.93111,1.00,1.38
2014.02.25 16:58:46.892,8.9293,8.93102,1.00,1.38
2014.02.25 16:58:55.134,8.9292,8.93092,1.00,1.38
2014.02.25 16:58:55.286,8.92902,8.93072,1.38,1.38
2014.02.25 16:58:55.895,8.92882,8.93052,1.38,1.38
2014.02.25 16:58:57.759,8.92896,8.93066,1.38,1.38
2014.02.25 16:58:58.945,8.92896,8.93066,1.00,1.38
2014.02.25 16:58:59.097,8.92882,8.93052,1.00,1.38
2014.02.25 16:58:59.198,8.9287,8.93042,1.38,1.00
2014.02.25 16:59:08.990,8.9287,8.93042,1.38,1.13
2014.02.25 16:59:09.974,8.9288,8.9305,1.00,1.38
2014.02.25 16:59:10.075,8.9287,8.93042,1.00,1.13
2014.02.25 16:59:10.176,8.9287,8.93042,1.38,1.00
2014.02.25 16:59:14.482,8.9287,8.93042,1.00,1.13
2014.02.25 16:59:17.654,8.9287,8.93042,1.38,1.13
2014.02.25 16:59:18.673,8.9287,8.93042,1.00,1.00
2014.02.25 16:59:21.387,8.9287,8.93042,1.38,1.00
2014.02.25 16:59:22.734,8.9287,8.93042,1.00,1.13
2014.02.25 16:59:22.835,8.92862,8.93032,1.38,1.00
2014.02.25 16:59:25.191,8.92876,8.93048,1.00,1.38
2014.02.25 16:59:26.925,8.92863,8.93033,1.38,1.00
2014.02.25 16:59:29.215,8.92863,8.93033,1.38,1.00
2014.02.25 16:59:29.537,8.92863,8.93033,1.38,1.00
2014.02.25 16:59:29.740,8.92871,8.93043,1.38,1.38
2014.02.25 16:59:29.892,8.92871,8.93043,1.38,1.13
2014.02.25 16:59:30.974,8.92881,8.93053,1.38,1.38
2014.02.25 16:59:31.669,8.92871,8.93041,1.38,1.00
2014.02.25 16:59:32.951,8.92871,8.93041,1.38,1.00
2014.02.25 16:59:33.864,8.92879,8.93051,1.38,1.38
2014.02.25 16:59:35.927,8.92879,8.93051,1.38,1.38
2014.02.25 16:59:38.908,8.92874,8.93044,1.38,1.38
2014.02.25 16:59:39.111,8.92868,8.93035,1.38,1.00
2014.02.25 16:59:40.280,8.92877,8.93047,1.38,1.38
2014.02.25 16:59:42.972,8.92877,8.93047,1.38,1.38
2014.02.25 16:59:43.369,8.92867,8.93037,1.88,1.00
2014.02.25 16:59:44.985,8.92878,8.93024,1.38,1.00
2014.02.25 16:59:45.187,8.92867,8.93024,1.88,1.00
2014.02.25 16:59:45.238,8.92867,8.93037,1.88,1.00
2014.02.25 16:59:45.289,8.92867,8.93029,1.38,1.00
2014.02.25 16:59:46.362,8.92857,8.93029,1.38,1.00
2014.02.25 16:59:46.564,8.92847,8.93019,1.38,1.00
2014.02.25 16:59:46.665,8.92862,8.93034,1.38,1.00
2014.02.25 16:59:52.177,8.92862,8.93033,1.38,1.00
2014.02.25 16:59:52.291,8.92834,8.93004,1.38,1.00
2014.02.25 16:59:52.594,8.92812,8.92965,1.38,1.38
2014.02.25 16:59:53.431,8.92793,8.92965,1.38,1.88
2014.02.25 16:59:54.944,8.92777,8.92945,1.13,1.38
2014.02.25 16:59:56.148,8.92768,8.92938,1.00,1.38
2014.02.25 16:59:56.717,8.92759,8.92929,1.38,1.38
2014.02.25 16:59:57.148,8.92759,8.92929,1.00,1.38
2014.02.25 16:59:58.951,8.9275,8.9292,1.15,1.38
