2011.10.07 07:00:00.620,9.13628,9.13875,1.50,1.34
2011.10.07 07:00:01.223,9.13643,9.13895,1.35,1.34
2011.10.07 07:00:01.661,9.13625,9.13895,1.50,1.34
2011.10.07 07:00:01.890,9.13638,9.13897,1.50,1.50
2011.10.07 07:00:02.540,9.13643,9.13897,1.50,1.50
2011.10.07 07:00:03.203,9.13647,9.13917,1.50,1.34
2011.10.07 07:00:03.668,9.13648,9.13917,1.50,1.34
2011.10.07 07:00:03.797,9.13647,9.13943,1.50,1.34
2011.10.07 07:00:19.500,9.13868,9.14026,1.58,1.50
2011.10.07 07:00:19.623,9.13878,9.1405,1.39,1.35
2011.10.07 07:00:19.992,9.13937,9.14051,1.50,1.35
2011.10.07 07:00:20.232,9.13943,9.14235,1.35,1.34
2011.10.07 07:00:20.357,9.13997,9.14261,1.13,1.34
2011.10.07 07:00:20.482,9.14033,9.14292,1.13,1.34
2011.10.07 07:00:21.147,9.14085,9.14292,1.50,1.50
2011.10.07 07:00:21.274,9.14083,9.14316,1.13,1.34
2011.10.07 07:00:21.401,9.14083,9.1434,1.13,1.34
2011.10.07 07:00:21.890,9.14083,9.14316,1.13,1.34
2011.10.07 07:00:22.700,9.14083,9.14316,1.13,1.34
2011.10.07 07:00:22.978,9.14063,9.14316,1.13,1.34
2011.10.07 07:00:23.964,9.1406,9.14316,1.13,1.34
2011.10.07 07:00:24.202,9.14048,9.14321,1.13,1.34
2011.10.07 07:00:24.442,9.14021,9.14293,1.13,1.34
2011.10.07 07:00:24.889,9.14027,9.14299,1.13,1.34
2011.10.07 07:00:25.941,9.14027,9.14299,1.13,1.34
2011.10.07 07:00:26.871,9.14006,9.14299,1.35,1.34
2011.10.07 07:00:26.991,9.14006,9.14221,1.35,1.13
2011.10.07 07:00:27.111,9.14002,9.14222,1.50,1.13
2011.10.07 07:00:27.233,9.13989,9.14252,1.50,1.35
2011.10.07 07:00:27.568,9.13976,9.14204,1.50,1.35
2011.10.07 07:00:27.689,9.13976,9.14228,1.50,1.35
2011.10.07 07:00:29.450,9.1397,9.14253,1.50,1.50
2011.10.07 07:00:29.570,9.1397,9.14218,1.50,1.50
2011.10.07 07:00:29.690,9.1397,9.14265,1.50,1.34
2011.10.07 07:00:32.987,9.1397,9.14265,1.50,1.34
2011.10.07 07:01:00.931,9.1397,9.1427,1.50,1.34
2011.10.07 07:01:01.889,9.1397,9.14265,1.50,1.34
2011.10.07 07:01:07.311,9.1397,9.14265,1.50,1.34
2011.10.07 07:01:07.431,9.1397,9.14262,1.50,1.34
2011.10.07 07:01:08.828,9.13962,9.14213,1.50,2.10
2011.10.07 07:01:09.059,9.13954,9.14213,1.50,2.10
2011.10.07 07:01:09.289,9.1395,9.14194,1.50,1.50
2011.10.07 07:01:09.410,9.1395,9.14239,1.50,1.35
2011.10.07 07:01:11.239,9.13947,9.14239,1.50,1.35
2011.10.07 07:01:12.787,9.13947,9.14243,1.50,1.19
2011.10.07 07:01:23.247,9.13947,9.14268,1.50,1.34
2011.10.07 07:01:23.479,9.1396,9.14269,1.50,1.34
2011.10.07 07:01:29.951,9.1396,9.14263,1.50,1.72
2011.10.07 07:01:30.067,9.1396,9.14269,1.50,1.72
2011.10.07 07:01:31.307,9.1396,9.14269,1.50,1.72
2011.10.07 07:01:35.148,9.1396,9.14218,1.50,2.48
2011.10.07 07:01:35.268,9.13972,9.14218,1.50,2.48
2011.10.07 07:01:35.391,9.13947,9.14124,1.50,1.50
2011.10.07 07:01:35.777,9.13972,9.14142,1.13,1.09
2011.10.07 07:01:35.907,9.14003,9.14142,1.50,1.09
2011.10.07 07:01:36.698,9.13988,9.14142,1.13,1.09
2011.10.07 07:01:36.827,9.13919,9.14234,1.50,1.72
2011.10.07 07:01:36.950,9.13892,9.14155,1.13,1.72
2011.10.07 07:01:37.074,9.13893,9.14155,1.50,1.72
2011.10.07 07:01:37.189,9.13935,9.14204,1.50,1.34
2011.10.07 07:01:37.473,9.13988,9.14204,1.13,1.34
2011.10.07 07:01:37.702,9.14007,9.14263,1.50,1.34
2011.10.07 07:01:37.929,9.14007,9.14228,1.50,1.13
2011.10.07 07:01:38.050,9.13969,9.14229,1.50,1.13
2011.10.07 07:01:38.170,9.13926,9.14229,1.50,1.72
2011.10.07 07:01:38.290,9.13938,9.14206,1.50,2.25
2011.10.07 07:01:38.409,9.13936,9.14225,1.50,1.34
2011.10.07 07:02:25.852,9.13934,9.1423,1.50,1.34
2011.10.07 07:02:26.477,9.13931,9.14226,1.50,1.34
2011.10.07 07:02:28.059,9.1396,9.1424,1.50,1.34
2011.10.07 07:02:28.179,9.1396,9.14259,1.50,1.34
2011.10.07 07:02:31.270,9.13957,9.14227,1.50,1.34
2011.10.07 07:02:33.529,9.13959,9.14232,1.50,1.34
2011.10.07 07:02:39.973,9.1396,9.14232,1.50,1.34
2011.10.07 07:02:40.089,9.13977,9.14249,1.13,1.34
2011.10.07 07:02:41.002,9.13956,9.14249,1.13,1.34
2011.10.07 07:02:41.240,9.13953,9.14206,1.13,1.13
2011.10.07 07:02:41.795,9.13925,9.14085,1.50,1.50
2011.10.07 07:02:41.894,9.13917,9.14164,1.50,1.50
2011.10.07 07:02:43.478,9.1391,9.14144,1.50,1.50
2011.10.07 07:02:43.601,9.1391,9.14206,1.50,1.34
2011.10.07 07:02:43.940,9.13906,9.14228,1.50,1.34
2011.10.07 07:03:24.360,9.13903,9.14225,1.50,1.34
2011.10.07 07:03:24.702,9.13898,9.14217,1.50,1.34
2011.10.07 07:04:05.558,9.13896,9.14216,1.50,1.34
2011.10.07 07:04:07.066,9.13895,9.14217,1.50,2.09
2011.10.07 07:04:46.277,9.13893,9.14213,1.50,1.34
2011.10.07 07:04:52.529,9.13893,9.14188,1.50,1.34
2011.10.07 07:04:52.758,9.13855,9.14175,1.50,1.34
2011.10.07 07:05:20.923,9.13852,9.14172,1.50,1.34
2011.10.07 07:05:21.046,9.13852,9.14167,1.50,1.34
2011.10.07 07:05:27.341,9.13856,9.14127,1.13,1.34
2011.10.07 07:05:27.945,9.13868,9.14138,1.50,1.34
2011.10.07 07:05:44.927,9.13874,9.14142,1.13,1.34
2011.10.07 07:05:50.267,9.13874,9.14144,1.50,1.34
2011.10.07 07:05:50.781,9.13875,9.14147,1.13,1.34
2011.10.07 07:05:51.791,9.13859,9.1414,1.50,1.50
2011.10.07 07:05:52.130,9.13859,9.1414,1.50,1.50
2011.10.07 07:05:52.753,9.13881,9.1414,1.13,1.50
2011.10.07 07:05:55.102,9.13859,9.1414,1.50,1.50
2011.10.07 07:05:56.338,9.13882,9.1414,1.13,1.50
2011.10.07 07:06:01.391,9.13898,9.14157,1.50,1.41
2011.10.07 07:06:01.884,9.13898,9.14157,1.50,1.41
2011.10.07 07:06:07.927,9.13938,9.14157,1.13,1.34
2011.10.07 07:06:08.268,9.14133,9.14332,1.35,1.34
2011.10.07 07:06:08.392,9.14174,9.14342,1.35,2.18
2011.10.07 07:06:08.509,9.14174,9.14468,1.35,1.34
2011.10.07 07:06:08.628,9.14174,9.14489,1.35,1.50
2011.10.07 07:06:08.751,9.14173,9.14489,1.35,1.50
2011.10.07 07:06:08.980,9.14173,9.14497,1.73,1.34
2011.10.07 07:06:09.321,9.14213,9.14489,1.73,2.09
2011.10.07 07:06:09.905,9.14144,9.1436,1.50,1.50
2011.10.07 07:06:10.029,9.14144,9.14367,1.50,1.35
2011.10.07 07:06:10.148,9.14144,9.14409,1.50,2.10
2011.10.07 07:07:03.241,9.14144,9.14439,1.50,1.34
2011.10.07 07:07:03.362,9.14144,9.14428,1.50,1.34
2011.10.07 07:07:24.408,9.14131,9.14428,1.50,1.34
2011.10.07 07:07:29.967,9.14131,9.14426,1.50,1.50
2011.10.07 07:07:30.209,9.14131,9.14419,1.50,1.34
2011.10.07 07:07:46.928,9.14123,9.14402,1.50,1.35
2011.10.07 07:07:47.277,9.14061,9.14318,1.50,1.50
2011.10.07 07:07:47.959,9.14078,9.14305,1.13,1.13
2011.10.07 07:07:48.409,9.14081,9.14285,1.13,1.13
2011.10.07 07:07:48.532,9.14067,9.14285,1.13,1.13
2011.10.07 07:07:48.782,9.14081,9.14285,1.13,1.13
2011.10.07 07:07:50.313,9.14061,9.14298,1.13,1.50
2011.10.07 07:07:50.760,9.14067,9.14286,1.13,1.13
2011.10.07 07:07:52.662,9.1406,9.14298,1.13,1.50
2011.10.07 07:07:52.787,9.14048,9.14298,1.13,1.50
2011.10.07 07:07:53.217,9.14048,9.1428,1.50,1.13
2011.10.07 07:07:54.248,9.14038,9.14283,1.50,1.50
2011.10.07 07:07:54.481,9.14038,9.14275,1.50,1.13
2011.10.07 07:07:58.734,9.14038,9.14281,2.25,1.13
2011.10.07 07:07:59.711,9.14038,9.14283,1.50,1.50
2011.10.07 07:08:00.050,9.14038,9.14281,1.50,1.13
2011.10.07 07:08:01.451,9.14038,9.14274,1.50,1.50
2011.10.07 07:08:02.693,9.14038,9.14274,1.50,1.50
2011.10.07 07:08:03.031,9.14038,9.14274,1.50,1.50
2011.10.07 07:08:03.153,9.14038,9.14274,1.50,1.50
2011.10.07 07:08:03.671,9.14038,9.14274,1.50,1.50
2011.10.07 07:08:04.952,9.14038,9.14274,1.50,1.50
2011.10.07 07:08:06.647,9.14098,9.14274,2.10,1.50
2011.10.07 07:08:06.767,9.14098,9.14299,2.10,1.50
2011.10.07 07:08:06.888,9.14136,9.14307,1.35,1.34
2011.10.07 07:08:07.009,9.14136,9.14393,1.35,1.50
2011.10.07 07:08:08.324,9.14136,9.14393,1.50,1.50
2011.10.07 07:08:16.582,9.14136,9.14391,1.50,1.50
2011.10.07 07:08:16.917,9.14063,9.14299,1.50,1.50
2011.10.07 07:08:17.147,9.1406,9.14299,1.13,1.50
2011.10.07 07:08:23.275,9.14048,9.14273,1.50,1.50
2011.10.07 07:08:24.011,9.14048,9.14273,1.13,1.50
2011.10.07 07:08:24.129,9.14048,9.14273,1.50,1.50
2011.10.07 07:08:26.245,9.14048,9.14273,1.50,1.50
2011.10.07 07:08:26.375,9.14048,9.14273,1.13,1.50
2011.10.07 07:08:26.491,9.14048,9.14273,1.50,1.50
2011.10.07 07:08:26.611,9.14048,9.14273,1.50,1.50
2011.10.07 07:08:31.499,9.14048,9.14273,1.13,1.50
2011.10.07 07:08:31.629,9.14048,9.14273,1.50,1.50
2011.10.07 07:08:36.940,9.14048,9.14273,1.13,1.50
2011.10.07 07:08:37.418,9.14048,9.14254,1.13,1.50
2011.10.07 07:08:37.863,9.14048,9.14254,1.13,1.50
2011.10.07 07:08:38.317,9.14048,9.14274,1.13,1.50
2011.10.07 07:08:38.444,9.14048,9.14271,1.13,1.13
2011.10.07 07:08:39.129,9.14048,9.14271,1.13,1.13
2011.10.07 07:08:39.642,9.14048,9.14253,1.13,1.50
2011.10.07 07:08:39.870,9.14048,9.14253,1.13,1.50
2011.10.07 07:08:39.992,9.14048,9.14253,1.13,1.50
2011.10.07 07:08:40.113,9.14048,9.1427,1.13,1.13
2011.10.07 07:08:40.678,9.14048,9.14253,1.13,1.50
2011.10.07 07:08:41.199,9.14048,9.14253,1.13,1.50
2011.10.07 07:08:41.749,9.14048,9.14274,1.13,1.50
2011.10.07 07:08:45.780,9.14048,9.14274,1.50,1.50
2011.10.07 07:08:46.815,9.14048,9.14274,1.50,1.50
2011.10.07 07:08:46.938,9.14048,9.14274,1.13,1.50
2011.10.07 07:08:47.320,9.14048,9.14274,1.50,1.50
2011.10.07 07:08:47.440,9.14048,9.14274,1.50,1.50
2011.10.07 07:08:48.081,9.14048,9.14274,1.13,1.50
2011.10.07 07:08:48.419,9.14048,9.14274,1.50,1.50
2011.10.07 07:08:49.388,9.14048,9.14274,1.13,1.50
2011.10.07 07:08:50.342,9.14048,9.14258,1.50,1.50
2011.10.07 07:08:50.589,9.14048,9.14258,1.13,1.50
2011.10.07 07:08:50.819,9.14048,9.14273,1.50,1.50
2011.10.07 07:08:52.128,9.14048,9.14258,1.13,1.50
2011.10.07 07:08:52.479,9.14048,9.14273,1.50,1.50
2011.10.07 07:08:53.521,9.14048,9.14274,1.13,1.50
2011.10.07 07:08:53.642,9.14048,9.1427,1.13,1.13
2011.10.07 07:08:54.684,9.14048,9.14273,1.13,1.50
2011.10.07 07:08:54.909,9.14048,9.1427,1.13,1.13
2011.10.07 07:08:56.093,9.14048,9.14253,1.13,1.50
2011.10.07 07:08:56.211,9.14048,9.14253,1.13,1.50
2011.10.07 07:08:57.464,9.14048,9.14253,1.13,1.50
2011.10.07 07:08:57.999,9.14048,9.14253,1.13,1.50
2011.10.07 07:08:59.102,9.14048,9.14253,1.13,1.50
2011.10.07 07:09:05.783,9.14055,9.14253,1.13,1.50
2011.10.07 07:09:06.336,9.14055,9.14253,1.13,1.50
2011.10.07 07:09:06.458,9.14055,9.14253,1.13,1.50
2011.10.07 07:09:15.934,9.14055,9.14253,1.13,1.50
2011.10.07 07:09:19.848,9.14038,9.14253,1.35,1.50
2011.10.07 07:09:19.973,9.14021,9.14193,1.13,1.34
2011.10.07 07:09:20.095,9.14001,9.14193,1.35,1.34
2011.10.07 07:09:20.222,9.14002,9.14209,1.73,1.34
2011.10.07 07:09:20.561,9.14008,9.14223,1.50,1.72
2011.10.07 07:09:20.899,9.14031,9.14224,1.35,1.34
2011.10.07 07:09:21.020,9.14031,9.14235,2.10,1.34
2011.10.07 07:09:21.362,9.14045,9.14235,1.35,1.34
2011.10.07 07:09:22.547,9.14032,9.14236,1.35,1.34
2011.10.07 07:09:22.673,9.1404,9.14236,1.35,1.34
2011.10.07 07:09:23.558,9.14044,9.14248,1.73,2.09
2011.10.07 07:09:23.679,9.14051,9.14248,1.13,1.50
2011.10.07 07:09:24.499,9.14045,9.14251,1.35,1.34
2011.10.07 07:09:24.729,9.14049,9.14251,1.35,1.34
2011.10.07 07:09:24.852,9.14049,9.14253,1.35,1.34
2011.10.07 07:09:24.970,9.14045,9.14269,2.48,1.34
2011.10.07 07:09:25.308,9.1406,9.14277,1.13,1.34
2011.10.07 07:09:34.883,9.14057,9.14287,1.50,1.34
2011.10.07 07:09:35.515,9.14049,9.14287,1.35,1.34
2011.10.07 07:09:35.860,9.1405,9.14291,1.13,1.94
2011.10.07 07:09:36.198,9.14041,9.14244,1.58,1.34
2011.10.07 07:09:36.772,9.14044,9.14248,1.73,1.34
2011.10.07 07:09:37.387,9.14044,9.14248,1.73,1.34
2011.10.07 07:09:37.511,9.14033,9.14239,1.13,1.34
2011.10.07 07:09:40.807,9.14033,9.14232,1.50,1.50
2011.10.07 07:09:41.540,9.14033,9.14239,1.50,1.34
2011.10.07 07:09:41.662,9.14047,9.14253,1.13,1.13
2011.10.07 07:09:41.889,9.14027,9.14231,1.50,1.34
2011.10.07 07:09:42.229,9.14025,9.14232,1.50,1.34
2011.10.07 07:09:42.789,9.14068,9.14272,1.13,1.34
2011.10.07 07:09:43.448,9.14069,9.14273,1.50,1.50
2011.10.07 07:09:43.926,9.14069,9.14273,1.13,1.50
2011.10.07 07:09:44.488,9.14062,9.14273,1.35,1.50
2011.10.07 07:09:44.612,9.14045,9.14249,1.35,1.34
2011.10.07 07:09:44.959,9.14045,9.14249,1.35,1.34
2011.10.07 07:09:45.081,9.14045,9.14273,1.35,1.34
2011.10.07 07:09:45.673,9.14052,9.14283,1.35,1.34
2011.10.07 07:09:45.911,9.1404,9.14273,1.35,1.34
2011.10.07 07:09:46.451,9.1404,9.14269,1.50,1.34
2011.10.07 07:09:46.575,9.14036,9.14266,1.50,1.34
2011.10.07 07:09:46.920,9.14017,9.14221,1.50,1.34
2011.10.07 07:09:47.282,9.13927,9.14134,1.13,1.34
2011.10.07 07:09:47.521,9.13914,9.14138,1.13,1.34
2011.10.07 07:09:48.090,9.13952,9.14145,1.50,1.19
2011.10.07 07:09:48.332,9.13923,9.14127,1.13,1.34
2011.10.07 07:09:48.451,9.13927,9.14129,1.50,1.34
2011.10.07 07:09:49.549,9.13968,9.14159,1.35,1.34
2011.10.07 07:09:49.780,9.13955,9.14187,1.50,1.34
2011.10.07 07:09:50.011,9.13978,9.14193,1.13,1.19
2011.10.07 07:09:50.872,9.13983,9.14209,1.20,1.34
2011.10.07 07:09:50.989,9.13988,9.14212,1.35,1.34
2011.10.07 07:09:51.111,9.13988,9.14227,1.35,1.34
2011.10.07 07:09:52.056,9.13997,9.14227,1.50,1.34
2011.10.07 07:09:52.636,9.14009,9.14246,1.50,1.34
2011.10.07 07:09:52.769,9.14009,9.14243,1.50,1.34
2011.10.07 07:09:53.315,9.14009,9.14251,1.50,1.34
2011.10.07 07:09:53.658,9.13993,9.14239,1.50,1.34
2011.10.07 07:09:54.789,9.14008,9.14252,1.50,1.34
2011.10.07 07:09:55.133,9.13993,9.14238,1.50,1.34
2011.10.07 07:09:56.052,9.13993,9.14238,1.50,1.34
2011.10.07 07:09:56.527,9.14008,9.14246,1.50,1.34
2011.10.07 07:10:01.110,9.14008,9.14232,1.50,1.34
2011.10.07 07:10:01.448,9.13993,9.14242,1.50,1.34
2011.10.07 07:10:02.313,9.14008,9.14233,1.50,1.34
2011.10.07 07:10:02.541,9.14008,9.14252,1.50,1.34
2011.10.07 07:10:02.771,9.14008,9.14245,1.50,1.34
2011.10.07 07:10:06.809,9.13995,9.14232,1.50,1.34
2011.10.07 07:10:07.259,9.13998,9.14249,1.50,1.34
2011.10.07 07:10:11.837,9.13995,9.1422,1.50,1.34
2011.10.07 07:10:14.198,9.13995,9.14232,1.50,1.34
2011.10.07 07:10:14.320,9.13998,9.14232,1.50,1.34
2011.10.07 07:10:14.547,9.13996,9.14232,1.50,1.34
2011.10.07 07:10:16.488,9.14,9.14229,1.50,1.34
2011.10.07 07:10:16.720,9.14,9.14232,1.50,1.34
2011.10.07 07:10:16.947,9.13995,9.14232,1.50,1.34
2011.10.07 07:10:17.999,9.13995,9.14223,1.50,1.34
2011.10.07 07:10:24.423,9.14007,9.14233,1.50,1.34
2011.10.07 07:10:24.753,9.14007,9.14233,1.50,1.34
2011.10.07 07:10:25.108,9.14007,9.14233,1.50,1.34
2011.10.07 07:10:25.449,9.14007,9.14233,1.50,1.34
2011.10.07 07:10:26.840,9.14007,9.14233,1.50,1.34
2011.10.07 07:10:27.791,9.14007,9.14233,1.50,1.34
2011.10.07 07:10:28.130,9.14007,9.14233,1.50,1.34
2011.10.07 07:10:28.698,9.14007,9.14224,1.50,1.34
2011.10.07 07:10:29.231,9.14007,9.14232,1.50,1.34
2011.10.07 07:10:30.429,9.14007,9.14224,1.50,1.34
2011.10.07 07:10:39.533,9.14007,9.14232,1.50,1.34
2011.10.07 07:10:39.654,9.14007,9.14232,1.50,1.34
2011.10.07 07:10:40.452,9.14007,9.14232,1.50,1.34
2011.10.07 07:10:40.964,9.14007,9.14232,1.50,1.34
2011.10.07 07:10:41.190,9.14007,9.14232,1.50,1.34
2011.10.07 07:10:42.380,9.14007,9.14233,1.50,1.34
2011.10.07 07:10:42.717,9.14007,9.14233,1.50,1.34
2011.10.07 07:10:43.958,9.14007,9.14233,1.50,1.34
2011.10.07 07:10:44.301,9.14007,9.14233,1.50,1.34
2011.10.07 07:10:45.349,9.14007,9.14233,1.50,1.34
2011.10.07 07:10:45.581,9.13999,9.14233,1.50,1.34
2011.10.07 07:10:47.633,9.13994,9.14217,1.50,1.34
2011.10.07 07:10:47.937,9.13994,9.14217,1.50,1.34
2011.10.07 07:11:04.720,9.14009,9.14203,1.13,1.34
2011.10.07 07:11:05.060,9.14032,9.14243,1.13,1.34
2011.10.07 07:11:08.603,9.14,9.14203,1.35,1.34
2011.10.07 07:11:08.997,9.14017,9.14203,1.13,1.34
2011.10.07 07:11:09.350,9.14038,9.14244,1.13,1.34
2011.10.07 07:11:10.724,9.14033,9.14263,1.13,1.34
2011.10.07 07:11:11.172,9.14033,9.14263,1.13,1.34
2011.10.07 07:11:11.510,9.14017,9.14236,1.50,1.35
2011.10.07 07:11:11.634,9.14012,9.14235,1.35,1.34
2011.10.07 07:11:11.749,9.14017,9.14235,1.50,1.34
2011.10.07 07:11:11.870,9.14043,9.14249,1.13,1.34
2011.10.07 07:11:11.992,9.14043,9.14261,1.13,1.34
2011.10.07 07:11:12.571,9.14043,9.14274,1.13,1.34
2011.10.07 07:11:12.923,9.14018,9.14241,1.35,1.19
2011.10.07 07:11:13.587,9.14047,9.14278,1.13,1.34
2011.10.07 07:11:19.389,9.14052,9.14278,1.13,1.34
2011.10.07 07:11:19.732,9.14052,9.14278,1.13,1.34
2011.10.07 07:11:28.248,9.14052,9.14278,1.13,1.34
2011.10.07 07:11:28.589,9.14166,9.14278,1.50,1.34
2011.10.07 07:11:28.711,9.14224,9.14453,1.50,2.25
2011.10.07 07:11:28.828,9.14224,9.14518,1.50,1.34
2011.10.07 07:11:28.950,9.14233,9.14527,1.50,1.34
2011.10.07 07:11:29.179,9.14241,9.14537,1.50,1.34
2011.10.07 07:11:37.526,9.1427,9.14531,1.50,1.34
2011.10.07 07:11:37.999,9.14278,9.1454,1.50,1.34
2011.10.07 07:11:46.826,9.14278,9.1454,1.50,1.34
2011.10.07 07:11:47.074,9.14297,9.14556,1.50,1.34
2011.10.07 07:11:53.460,9.14302,9.14558,1.50,1.34
2011.10.07 07:11:54.349,9.14327,9.14633,1.50,2.25
2011.10.07 07:11:54.579,9.14538,9.14783,1.50,1.50
2011.10.07 07:11:54.699,9.14498,9.14717,1.50,1.35
2011.10.07 07:11:54.820,9.14493,9.14633,1.50,2.25
2011.10.07 07:11:55.048,9.14262,9.14583,1.50,1.50
2011.10.07 07:11:55.869,9.14466,9.14756,1.50,1.34
2011.10.07 07:11:56.401,9.14395,9.14703,1.50,2.84
2011.10.07 07:12:00.324,9.144,9.14656,1.50,1.34
2011.10.07 07:12:08.862,9.14373,9.14629,1.50,1.34
2011.10.07 07:12:10.527,9.14377,9.14631,1.50,1.34
2011.10.07 07:12:12.378,9.1435,9.14606,1.50,1.34
2011.10.07 07:12:14.439,9.14348,9.14604,1.50,1.34
2011.10.07 07:12:17.445,9.14342,9.14598,1.50,1.34
2011.10.07 07:12:18.339,9.1431,9.14564,1.50,1.34
2011.10.07 07:12:22.560,9.14281,9.14537,1.50,1.34
2011.10.07 07:12:22.792,9.14212,9.1446,1.50,1.34
2011.10.07 07:12:27.209,9.14208,9.1445,1.50,1.34
2011.10.07 07:12:34.189,9.14189,9.14443,1.50,1.34
2011.10.07 07:12:34.533,9.14189,9.1438,1.50,1.50
2011.10.07 07:12:34.651,9.14166,9.14372,1.50,1.34
2011.10.07 07:12:35.214,9.14166,9.14372,1.50,1.34
2011.10.07 07:12:35.736,9.14166,9.14372,1.50,1.34
2011.10.07 07:12:35.861,9.1419,9.14444,1.50,1.34
2011.10.07 07:12:36.987,9.1419,9.14444,1.50,1.34
2011.10.07 07:12:37.440,9.14188,9.14442,1.50,1.34
2011.10.07 07:12:47.471,9.14188,9.1438,1.50,1.50
2011.10.07 07:12:47.699,9.14171,9.14375,1.50,1.34
2011.10.07 07:12:48.285,9.14154,9.14359,1.50,1.50
2011.10.07 07:13:27.554,9.14154,9.14379,1.50,1.34
2011.10.07 07:13:27.673,9.14204,9.14436,1.50,1.34
2011.10.07 07:13:54.600,9.14228,9.14488,1.50,1.34
2011.10.07 07:13:54.721,9.14245,9.14488,1.50,1.34
2011.10.07 07:13:54.950,9.14277,9.14522,1.35,1.34
2011.10.07 07:13:55.069,9.14302,9.14523,1.50,1.34
2011.10.07 07:13:55.410,9.14312,9.14533,1.50,1.34
2011.10.07 07:13:57.629,9.14303,9.14527,1.50,1.50
2011.10.07 07:14:05.060,9.14303,9.14533,1.50,1.34
2011.10.07 07:14:07.659,9.14319,9.14566,1.50,1.34
2011.10.07 07:14:07.781,9.14302,9.14557,1.50,1.34
2011.10.07 07:14:08.677,9.14301,9.14531,1.50,1.34
2011.10.07 07:15:02.978,9.14302,9.14532,1.50,1.34
2011.10.07 07:15:03.798,9.14294,9.14531,1.50,1.34
2011.10.07 07:15:09.233,9.14319,9.14566,1.50,1.34
2011.10.07 07:15:09.965,9.14298,9.14549,1.50,1.34
2011.10.07 07:15:10.097,9.14298,9.14545,1.50,1.34
2011.10.07 07:15:26.518,9.14315,9.14568,1.50,1.34
2011.10.07 07:15:30.503,9.14399,9.146,1.50,1.34
2011.10.07 07:15:30.620,9.14399,9.14626,1.50,1.34
2011.10.07 07:15:32.661,9.14399,9.14599,1.50,2.10
2011.10.07 07:15:32.999,9.14398,9.14547,1.35,1.50
2011.10.07 07:15:33.121,9.14398,9.14607,2.10,1.34
2011.10.07 07:15:33.239,9.14463,9.14607,1.35,1.34
2011.10.07 07:15:35.233,9.14396,9.14452,1.50,1.13
2011.10.07 07:15:35.351,9.14352,9.14449,1.50,1.50
2011.10.07 07:15:35.469,9.14418,9.14499,1.35,1.50
2011.10.07 07:15:35.589,9.14418,9.14563,1.35,1.95
2011.10.07 07:15:35.710,9.14412,9.14662,1.35,1.34
2011.10.07 07:15:35.828,9.14412,9.14658,1.35,1.34
2011.10.07 07:15:36.420,9.14397,9.14612,1.50,1.19
2011.10.07 07:15:36.757,9.14368,9.14595,1.35,1.19
2011.10.07 07:15:41.823,9.1435,9.14578,1.50,1.19
2011.10.07 07:15:42.170,9.14312,9.14467,1.50,1.50
2011.10.07 07:15:42.405,9.14328,9.14553,1.50,1.34
2011.10.07 07:15:42.523,9.14318,9.14567,1.50,1.34
2011.10.07 07:15:43.110,9.14337,9.1457,1.50,1.34
2011.10.07 07:15:43.243,9.14337,9.14576,1.50,1.34
2011.10.07 07:15:52.836,9.14337,9.14581,1.50,1.34
2011.10.07 07:15:53.189,9.14317,9.14547,1.50,1.34
2011.10.07 07:15:53.420,9.14313,9.14565,1.50,1.34
2011.10.07 07:15:53.542,9.14313,9.14521,1.50,1.50
2011.10.07 07:15:54.041,9.14292,9.14498,1.50,1.34
2011.10.07 07:15:54.171,9.14267,9.14448,1.50,1.50
2011.10.07 07:15:56.002,9.14202,9.14373,1.50,1.50
2011.10.07 07:15:56.365,9.14188,9.14342,1.13,1.13
2011.10.07 07:15:57.126,9.14157,9.14322,1.50,1.35
2011.10.07 07:15:57.250,9.14144,9.14308,1.50,1.35
2011.10.07 07:15:57.375,9.14133,9.14287,1.13,1.13
2011.10.07 07:15:58.083,9.14107,9.1426,1.13,1.34
2011.10.07 07:15:58.209,9.14064,9.14248,1.35,1.13
2011.10.07 07:15:58.447,9.14018,9.14217,1.35,1.34
2011.10.07 07:15:58.572,9.13997,9.14183,1.50,1.19
2011.10.07 07:15:59.097,9.13971,9.14168,1.50,1.50
2011.10.07 07:15:59.225,9.13947,9.14168,2.10,1.50
2011.10.07 07:15:59.583,9.13971,9.14168,1.50,1.50
2011.10.07 07:15:59.811,9.13971,9.14168,1.50,1.50
2011.10.07 07:16:00.608,9.13947,9.14168,2.10,1.50
2011.10.07 07:16:01.838,9.1397,9.14176,1.50,1.35
2011.10.07 07:16:02.744,9.13971,9.14212,1.50,1.50
2011.10.07 07:16:02.971,9.13967,9.14175,1.50,1.35
2011.10.07 07:16:17.254,9.13947,9.14174,2.85,1.19
2011.10.07 07:16:17.494,9.13963,9.14177,1.35,1.34
2011.10.07 07:16:18.570,9.13971,9.14202,1.50,1.34
2011.10.07 07:16:21.720,9.13971,9.14202,1.50,1.34
2011.10.07 07:16:35.915,9.13957,9.14186,1.50,1.34
2011.10.07 07:16:41.302,9.13958,9.14202,1.50,1.34
2011.10.07 07:16:41.419,9.13977,9.1419,1.50,1.34
2011.10.07 07:16:41.771,9.13942,9.14128,1.13,1.50
2011.10.07 07:16:43.842,9.13977,9.1414,1.35,1.34
2011.10.07 07:16:43.960,9.1398,9.14098,1.35,1.13
2011.10.07 07:16:44.299,9.13937,9.14093,1.13,1.13
2011.10.07 07:16:44.421,9.13937,9.14093,1.13,1.13
2011.10.07 07:16:44.937,9.13937,9.14093,1.13,1.13
2011.10.07 07:16:45.068,9.13927,9.14058,1.50,1.13
2011.10.07 07:16:45.193,9.13927,9.14037,1.50,1.13
2011.10.07 07:16:45.547,9.13775,9.13877,1.50,1.50
2011.10.07 07:16:46.075,9.1367,9.13877,1.50,1.50
2011.10.07 07:16:47.778,9.13688,9.13857,1.50,1.50
2011.10.07 07:16:54.239,9.13718,9.13857,1.50,1.50
2011.10.07 07:16:54.358,9.13718,9.13876,1.50,1.35
2011.10.07 07:16:59.750,9.13718,9.13902,1.50,1.57
2011.10.07 07:16:59.871,9.13718,9.13917,1.50,1.34
2011.10.07 07:17:00.100,9.13718,9.13917,1.50,1.34
2011.10.07 07:17:02.121,9.13718,9.13911,1.50,1.34
2011.10.07 07:17:06.520,9.13768,9.13979,1.50,1.34
2011.10.07 07:17:06.645,9.13773,9.13979,1.50,1.34
2011.10.07 07:17:16.022,9.13817,9.13953,1.50,1.06
2011.10.07 07:17:21.303,9.13798,9.13979,1.50,1.34
2011.10.07 07:17:25.004,9.13777,9.13978,1.50,1.50
2011.10.07 07:17:25.120,9.13797,9.13979,1.50,1.34
2011.10.07 07:17:25.241,9.13777,9.13978,1.50,1.50
2011.10.07 07:17:33.907,9.13773,9.13978,1.50,1.50
2011.10.07 07:17:34.340,9.13778,9.13978,1.50,1.50
2011.10.07 07:17:36.520,9.13773,9.13978,1.50,1.50
2011.10.07 07:17:42.451,9.13773,9.13978,1.50,1.50
2011.10.07 07:17:43.734,9.13773,9.13978,1.50,1.50
2011.10.07 07:17:44.365,9.13558,9.13739,1.50,1.13
2011.10.07 07:17:44.499,9.13513,9.13728,1.50,1.13
2011.10.07 07:17:44.625,9.13512,9.13728,1.13,1.13
2011.10.07 07:17:46.282,9.13532,9.13688,1.13,1.13
2011.10.07 07:17:47.432,9.13532,9.13688,1.13,1.13
2011.10.07 07:17:51.278,9.13532,9.13688,1.13,1.13
2011.10.07 07:17:53.551,9.13527,9.13688,1.13,1.13
2011.10.07 07:17:53.782,9.13532,9.13688,1.13,1.13
2011.10.07 07:17:54.392,9.13527,9.13688,1.13,1.13
2011.10.07 07:18:00.709,9.13338,9.13488,3.75,2.10
2011.10.07 07:18:01.276,9.13184,9.13399,2.25,1.35
2011.10.07 07:18:01.408,9.13115,9.13399,1.50,1.35
2011.10.07 07:18:02.408,9.13132,9.13359,1.35,1.35
2011.10.07 07:18:02.768,9.13235,9.13382,1.88,1.50
2011.10.07 07:18:03.354,9.13188,9.13473,1.50,1.50
2011.10.07 07:18:03.480,9.13188,9.1345,1.50,1.35
2011.10.07 07:18:03.604,9.13188,9.1345,1.50,1.35
2011.10.07 07:18:08.840,9.1319,9.13434,1.50,1.50
2011.10.07 07:18:13.488,9.13247,9.1345,2.25,1.35
2011.10.07 07:18:13.841,9.13296,9.13444,1.50,1.50
2011.10.07 07:18:13.960,9.13292,9.13469,1.50,1.50
2011.10.07 07:18:14.082,9.13267,9.13469,2.25,1.50
2011.10.07 07:18:32.919,9.13277,9.13483,1.50,1.34
2011.10.07 07:18:33.049,9.13253,9.13467,1.50,1.34
2011.10.07 07:18:36.758,9.13253,9.13459,1.50,1.34
2011.10.07 07:18:39.862,9.13235,9.13453,1.50,1.34
2011.10.07 07:18:40.423,9.13236,9.13453,1.50,1.34
2011.10.07 07:18:44.374,9.13224,9.13453,1.50,2.09
2011.10.07 07:18:47.646,9.13258,9.13464,1.50,1.34
2011.10.07 07:18:47.772,9.13258,9.13483,1.50,1.34
2011.10.07 07:18:49.738,9.13288,9.13472,1.50,1.34
2011.10.07 07:18:50.106,9.13308,9.13504,1.50,1.34
2011.10.07 07:18:50.233,9.13325,9.13464,1.50,2.10
2011.10.07 07:18:50.358,9.13308,9.13464,1.50,2.10
2011.10.07 07:18:50.483,9.13247,9.13453,1.50,1.19
2011.10.07 07:18:51.970,9.13308,9.1348,1.35,1.34
2011.10.07 07:18:52.326,9.13392,9.13548,1.13,1.13
2011.10.07 07:18:53.690,9.13405,9.1356,1.13,1.35
2011.10.07 07:18:53.836,9.13342,9.13548,1.13,1.13
2011.10.07 07:18:53.962,9.13342,9.13548,1.13,1.88
2011.10.07 07:18:54.325,9.13342,9.13548,1.13,1.88
2011.10.07 07:18:55.335,9.13353,9.13548,1.13,1.50
2011.10.07 07:18:55.483,9.13353,9.13548,1.13,1.50
2011.10.07 07:18:56.423,9.13353,9.13548,1.13,1.50
2011.10.07 07:18:57.338,9.13353,9.13548,1.13,1.50
2011.10.07 07:18:57.562,9.13353,9.13548,1.13,1.50
2011.10.07 07:18:59.579,9.13353,9.13533,1.13,1.35
2011.10.07 07:18:59.705,9.13346,9.13533,1.13,1.35
2011.10.07 07:18:59.824,9.13346,9.13533,1.13,2.10
2011.10.07 07:19:02.687,9.13346,9.13512,1.13,1.13
2011.10.07 07:19:02.925,9.13303,9.13507,1.50,1.13
2011.10.07 07:19:03.043,9.13292,9.13493,1.50,1.35
2011.10.07 07:19:03.163,9.13277,9.13492,1.50,1.19
2011.10.07 07:19:04.061,9.13268,9.13468,1.50,1.35
2011.10.07 07:19:05.324,9.13268,9.13468,1.50,1.35
2011.10.07 07:19:09.413,9.13257,9.13468,1.50,1.19
2011.10.07 07:19:11.039,9.13257,9.13463,1.50,1.34
2011.10.07 07:19:25.462,9.13253,9.13468,1.50,1.19
2011.10.07 07:19:25.581,9.13253,9.13459,1.50,1.34
2011.10.07 07:19:26.108,9.13253,9.13468,1.50,1.19
2011.10.07 07:19:26.891,9.13253,9.13459,1.50,1.34
2011.10.07 07:19:30.242,9.13253,9.13468,1.50,1.19
2011.10.07 07:19:46.432,9.13418,9.13528,2.10,1.13
2011.10.07 07:19:47.046,9.13466,9.13553,1.35,1.50
2011.10.07 07:19:47.403,9.13522,9.13812,1.13,1.34
2011.10.07 07:19:47.522,9.13542,9.13811,1.13,1.34
2011.10.07 07:19:48.304,9.13542,9.13811,1.13,1.34
2011.10.07 07:19:49.250,9.13542,9.13771,1.13,1.34
2011.10.07 07:19:49.594,9.13542,9.13771,1.13,1.34
2011.10.07 07:19:50.207,9.13542,9.13771,1.13,1.34
2011.10.07 07:19:51.795,9.13542,9.13771,1.13,1.34
2011.10.07 07:20:03.141,9.13542,9.13774,1.13,1.34
2011.10.07 07:20:03.484,9.13553,9.13765,1.13,1.34
2011.10.07 07:20:04.501,9.13553,9.13765,1.13,1.34
2011.10.07 07:20:04.864,9.13553,9.13765,1.13,1.34
2011.10.07 07:20:22.170,9.13553,9.13765,1.13,1.34
2011.10.07 07:20:23.058,9.13553,9.13765,1.13,1.34
2011.10.07 07:20:58.504,9.13553,9.13766,1.13,1.34
2011.10.07 07:21:06.847,9.13553,9.13766,1.13,1.34
2011.10.07 07:21:13.025,9.13553,9.13766,1.13,1.34
2011.10.07 07:21:13.134,9.13553,9.13766,1.13,1.34
2011.10.07 07:21:13.283,9.13553,9.13766,1.13,1.34
2011.10.07 07:21:15.628,9.13553,9.13766,1.13,1.34
2011.10.07 07:21:37.235,9.13553,9.13766,1.13,1.34
2011.10.07 07:21:38.140,9.13553,9.13674,1.13,2.10
2011.10.07 07:21:38.485,9.13527,9.13625,1.50,2.10
2011.10.07 07:21:38.927,9.13403,9.13625,1.73,2.10
2011.10.07 07:21:39.435,9.13397,9.13625,1.06,2.10
2011.10.07 07:21:48.688,9.13417,9.13629,1.06,1.34
2011.10.07 07:21:48.819,9.13397,9.13629,1.49,1.34
2011.10.07 07:21:49.382,9.13395,9.13625,1.50,1.34
2011.10.07 07:21:52.872,9.13369,9.13619,1.50,1.34
2011.10.07 07:21:58.430,9.13369,9.13599,1.50,1.34
2011.10.07 07:21:58.660,9.13309,9.13548,1.50,1.34
2011.10.07 07:22:09.443,9.13225,9.13454,1.50,1.34
2011.10.07 07:22:09.571,9.13207,9.13439,1.50,1.34
2011.10.07 07:22:09.690,9.13207,9.13442,1.50,1.34
2011.10.07 07:22:12.573,9.13212,9.13442,1.50,1.34
2011.10.07 07:22:12.910,9.13207,9.13437,2.25,1.34
2011.10.07 07:22:14.031,9.13221,9.13437,1.50,1.34
2011.10.07 07:22:14.151,9.13221,9.13444,1.50,1.34
2011.10.07 07:22:14.381,9.13222,9.13451,2.25,1.34
2011.10.07 07:22:16.525,9.13233,9.13457,1.50,1.34
2011.10.07 07:22:16.655,9.13233,9.13463,2.25,1.34
2011.10.07 07:22:21.924,9.13252,9.13463,1.50,1.34
2011.10.07 07:22:24.353,9.13252,9.13467,1.50,1.34
2011.10.07 07:22:31.158,9.13237,9.13467,1.50,1.34
2011.10.07 07:22:39.956,9.13247,9.13467,1.50,1.34
2011.10.07 07:22:42.625,9.13237,9.13467,1.50,1.34
2011.10.07 07:22:44.463,9.13213,9.13467,1.50,1.34
2011.10.07 07:22:45.121,9.13207,9.13441,1.50,1.50
2011.10.07 07:22:45.246,9.13207,9.1344,1.50,1.34
2011.10.07 07:22:46.533,9.13185,9.13402,1.50,1.34
2011.10.07 07:22:47.194,9.13148,9.13327,1.13,1.50
2011.10.07 07:22:47.321,9.13107,9.13321,1.50,1.72
2011.10.07 07:22:49.457,9.13092,9.13214,1.13,2.10
2011.10.07 07:22:49.592,9.13006,9.13193,1.50,1.35
2011.10.07 07:22:49.712,9.12998,9.13193,1.13,1.35
2011.10.07 07:22:50.161,9.13006,9.13198,1.50,1.35
2011.10.07 07:22:50.282,9.13027,9.13252,1.35,1.34
2011.10.07 07:22:50.400,9.13023,9.13283,1.73,1.19
2011.10.07 07:22:50.520,9.13038,9.13263,1.73,1.19
2011.10.07 07:22:50.752,9.13034,9.13263,1.73,1.19
2011.10.07 07:22:52.421,9.13034,9.1324,1.73,1.34
2011.10.07 07:22:55.094,9.13034,9.1324,1.73,1.34
2011.10.07 07:22:55.425,9.13034,9.1324,1.73,1.34
2011.10.07 07:23:02.344,9.13034,9.1324,1.73,1.34
2011.10.07 07:23:02.682,9.13052,9.13258,1.50,1.34
2011.10.07 07:23:04.068,9.13063,9.13263,1.50,1.35
2011.10.07 07:23:06.991,9.13051,9.13257,1.50,1.34
2011.10.07 07:23:11.148,9.13051,9.13257,1.50,1.34
2011.10.07 07:23:11.269,9.13051,9.13257,1.50,1.34
2011.10.07 07:23:24.314,9.13051,9.13257,1.50,1.34
2011.10.07 07:23:27.009,9.13051,9.13257,1.50,1.34
2011.10.07 07:23:27.703,9.13051,9.13257,1.50,1.34
2011.10.07 07:23:31.529,9.13051,9.13257,1.50,1.34
2011.10.07 07:23:33.210,9.13051,9.13257,1.50,1.34
2011.10.07 07:23:35.122,9.13051,9.13257,1.50,1.34
2011.10.07 07:23:36.775,9.13051,9.13257,1.50,1.34
2011.10.07 07:23:43.070,9.13051,9.13257,1.50,1.34
2011.10.07 07:23:44.785,9.13051,9.13257,1.50,1.34
2011.10.07 07:24:00.124,9.13059,9.13265,1.50,1.34
2011.10.07 07:24:00.602,9.13083,9.1329,1.50,1.34
2011.10.07 07:24:02.628,9.13058,9.13303,1.88,1.34
2011.10.07 07:24:02.970,9.13063,9.13309,1.50,1.34
2011.10.07 07:24:21.629,9.13104,9.13309,1.35,1.34
2011.10.07 07:24:21.748,9.13134,9.1334,1.50,1.34
2011.10.07 07:24:21.871,9.13134,9.1334,1.50,1.34
2011.10.07 07:24:22.305,9.13203,9.13352,1.50,1.34
2011.10.07 07:24:22.441,9.13248,9.13443,1.50,1.88
2011.10.07 07:24:22.673,9.13242,9.13424,1.13,1.35
2011.10.07 07:24:23.010,9.13232,9.13422,1.13,1.50
2011.10.07 07:24:45.153,9.13133,9.13337,1.50,1.19
2011.10.07 07:24:45.269,9.13108,9.13335,1.50,1.35
2011.10.07 07:25:02.293,9.13108,9.13325,1.50,1.19
2011.10.07 07:25:16.429,9.13094,9.13324,1.50,1.19
2011.10.07 07:25:26.789,9.13092,9.13323,1.50,1.19
2011.10.07 07:25:45.490,9.13092,9.13333,1.50,1.34
2011.10.07 07:25:48.389,9.13094,9.13333,1.50,1.34
2011.10.07 07:25:52.159,9.13094,9.13323,1.50,1.19
2011.10.07 07:25:52.621,9.13094,9.13296,1.50,1.35
2011.10.07 07:25:52.971,9.13037,9.13225,1.13,1.34
2011.10.07 07:25:54.963,9.13004,9.13213,1.50,1.34
2011.10.07 07:25:55.627,9.12988,9.13203,1.50,1.34
2011.10.07 07:25:56.180,9.1299,9.13212,1.50,1.72
2011.10.07 07:25:56.590,9.1299,9.13213,1.50,1.34
2011.10.07 07:25:56.715,9.12977,9.13178,2.25,1.34
2011.10.07 07:25:57.050,9.13017,9.13178,1.35,1.34
2011.10.07 07:25:57.172,9.13028,9.13212,1.35,1.34
2011.10.07 07:25:57.290,9.13028,9.13212,1.35,1.34
2011.10.07 07:25:58.910,9.13028,9.13234,1.35,1.34
2011.10.07 07:25:59.370,9.13047,9.13243,1.13,2.09
2011.10.07 07:25:59.710,9.13048,9.13243,1.13,2.09
2011.10.07 07:25:59.831,9.13048,9.13243,1.13,1.34
2011.10.07 07:25:59.955,9.13053,9.13243,1.13,1.34
2011.10.07 07:26:00.075,9.13053,9.13243,1.13,1.34
2011.10.07 07:26:01.631,9.13055,9.13262,1.50,1.34
2011.10.07 07:26:01.753,9.13055,9.13265,1.50,1.34
2011.10.07 07:26:07.722,9.13055,9.13241,1.50,1.34
2011.10.07 07:26:07.840,9.13035,9.13218,1.50,1.50
2011.10.07 07:26:07.961,9.12977,9.13203,1.50,1.34
2011.10.07 07:26:10.220,9.12977,9.13181,1.50,1.34
2011.10.07 07:26:10.340,9.12962,9.13163,1.50,1.34
2011.10.07 07:26:10.572,9.12948,9.13152,2.25,1.34
2011.10.07 07:26:17.264,9.12948,9.13133,2.25,1.34
2011.10.07 07:26:17.493,9.12948,9.13133,2.25,1.34
2011.10.07 07:26:17.613,9.12948,9.13133,2.25,1.34
2011.10.07 07:26:17.737,9.12948,9.13088,1.50,2.10
2011.10.07 07:26:17.866,9.12895,9.13088,1.50,2.10
2011.10.07 07:26:17.981,9.12887,9.13091,1.50,1.34
2011.10.07 07:26:18.101,9.12873,9.13097,1.35,1.19
2011.10.07 07:26:20.562,9.12873,9.13097,1.35,1.19
2011.10.07 07:26:20.683,9.12873,9.13059,1.35,1.50
2011.10.07 07:26:20.803,9.12868,9.13004,1.50,1.13
2011.10.07 07:26:20.921,9.12782,9.13004,1.13,1.72
2011.10.07 07:26:21.045,9.12782,9.13004,1.50,1.34
2011.10.07 07:26:21.164,9.12788,9.13004,1.50,1.72
2011.10.07 07:26:21.849,9.12827,9.13008,1.13,1.72
2011.10.07 07:26:24.652,9.12842,9.13008,1.13,1.72
2011.10.07 07:26:25.241,9.12842,9.13008,1.13,1.72
2011.10.07 07:26:27.639,9.12842,9.13008,1.13,1.72
2011.10.07 07:26:28.169,9.12842,9.13008,1.13,1.72
2011.10.07 07:26:30.155,9.12842,9.13008,1.13,1.72
2011.10.07 07:26:36.443,9.12842,9.13008,1.13,1.72
2011.10.07 07:26:38.352,9.12842,9.13008,1.13,1.72
2011.10.07 07:26:41.578,9.12842,9.13008,1.13,1.72
2011.10.07 07:26:41.921,9.12842,9.13006,1.13,1.72
2011.10.07 07:26:43.133,9.12842,9.13006,1.13,1.72
2011.10.07 07:26:47.533,9.12842,9.13006,1.13,1.72
2011.10.07 07:26:51.933,9.12842,9.13006,1.13,1.72
2011.10.07 07:27:09.452,9.12842,9.13006,1.13,1.72
2011.10.07 07:27:15.451,9.12868,9.13006,1.50,1.34
2011.10.07 07:27:15.573,9.12868,9.13067,1.50,1.34
2011.10.07 07:27:16.133,9.12868,9.13077,1.50,1.19
2011.10.07 07:27:16.833,9.12868,9.13077,1.50,1.19
2011.10.07 07:27:17.071,9.12868,9.13085,1.50,1.34
2011.10.07 07:27:17.762,9.12886,9.1309,1.50,1.34
2011.10.07 07:27:18.101,9.129,9.13093,1.50,1.34
2011.10.07 07:27:19.088,9.1292,9.13093,1.50,1.34
2011.10.07 07:27:19.674,9.1292,9.13098,1.50,1.34
2011.10.07 07:27:44.246,9.1292,9.13098,1.50,1.34
2011.10.07 07:27:44.386,9.1294,9.13102,1.50,1.34
2011.10.07 07:27:45.422,9.12942,9.13102,1.50,1.34
2011.10.07 07:27:45.764,9.12958,9.13102,1.50,1.34
2011.10.07 07:27:54.819,9.12941,9.13102,1.50,1.34
2011.10.07 07:28:03.731,9.12962,9.13102,1.50,1.34
2011.10.07 07:28:07.653,9.12954,9.13108,1.50,1.34
2011.10.07 07:28:07.775,9.12954,9.13108,1.50,1.34
2011.10.07 07:28:08.014,9.12954,9.1312,1.50,1.34
2011.10.07 07:28:12.741,9.12972,9.1312,1.50,1.34
2011.10.07 07:28:21.819,9.12906,9.1312,1.50,1.34
2011.10.07 07:28:22.690,9.12907,9.13123,2.25,1.34
2011.10.07 07:28:23.469,9.12907,9.13125,2.25,1.34
2011.10.07 07:29:09.255,9.12932,9.13125,1.35,1.34
2011.10.07 07:29:09.592,9.13026,9.1313,1.50,1.34
2011.10.07 07:29:14.858,9.13038,9.13136,1.50,1.34
2011.10.07 07:29:14.990,9.1286,9.13037,1.50,1.50
2011.10.07 07:29:15.116,9.12827,9.13023,1.13,1.34
2011.10.07 07:29:15.243,9.13032,9.13203,2.10,2.25
2011.10.07 07:29:15.582,9.13093,9.13324,1.50,1.50
2011.10.07 07:29:15.702,9.1308,9.13324,1.50,1.50
2011.10.07 07:29:15.821,9.1308,9.13231,1.50,1.34
2011.10.07 07:29:17.157,9.13138,9.13257,1.50,1.34
2011.10.07 07:29:17.610,9.13138,9.13271,1.50,1.34
2011.10.07 07:29:18.425,9.13202,9.13271,1.50,1.34
2011.10.07 07:29:18.547,9.13187,9.13303,1.35,1.34
2011.10.07 07:29:18.674,9.13187,9.13303,1.35,1.34
2011.10.07 07:29:18.991,9.13254,9.1331,1.50,1.34
2011.10.07 07:29:20.898,9.13254,9.1333,1.50,1.34
2011.10.07 07:29:24.929,9.13235,9.1333,1.50,1.34
2011.10.07 07:29:25.457,9.13235,9.13326,1.50,1.34
2011.10.07 07:29:33.893,9.13251,9.13326,1.50,1.34
2011.10.07 07:29:36.399,9.13233,9.13326,1.50,1.34
2011.10.07 07:29:47.827,9.13233,9.13365,1.50,1.34
2011.10.07 07:29:51.680,9.13233,9.13365,1.50,1.34
2011.10.07 07:29:51.799,9.13228,9.13365,1.50,1.34
2011.10.07 07:29:57.735,9.13278,9.13387,1.50,1.34
2011.10.07 07:29:57.974,9.13327,9.13555,1.13,1.34
2011.10.07 07:30:00.771,9.13333,9.13535,1.13,1.34
2011.10.07 07:30:01.492,9.13327,9.13547,1.88,1.34
2011.10.07 07:30:02.491,9.13332,9.13547,1.13,1.34
2011.10.07 07:30:12.229,9.13332,9.13523,1.13,1.34
2011.10.07 07:30:14.193,9.13332,9.13547,1.13,1.34
2011.10.07 07:30:23.388,9.13332,9.13523,1.13,1.34
2011.10.07 07:30:26.532,9.13332,9.13547,1.13,1.34
2011.10.07 07:30:27.610,9.13429,9.13547,2.10,1.34
2011.10.07 07:30:27.951,9.13561,9.13674,1.50,1.34
2011.10.07 07:30:28.072,9.13593,9.13697,1.35,1.34
2011.10.07 07:30:28.192,9.13593,9.13807,1.35,1.34
2011.10.07 07:30:28.313,9.13593,9.13781,1.35,1.34
2011.10.07 07:30:33.158,9.13613,9.13789,1.35,1.34
2011.10.07 07:30:43.071,9.13613,9.13789,1.35,1.34
2011.10.07 07:30:43.422,9.13613,9.13789,1.35,1.34
2011.10.07 07:30:43.663,9.13674,9.13814,1.35,1.34
2011.10.07 07:30:43.782,9.13674,9.13867,1.35,1.34
2011.10.07 07:30:44.755,9.13674,9.13857,1.35,1.34
2011.10.07 07:30:46.507,9.13674,9.13857,1.35,1.34
2011.10.07 07:30:49.615,9.13674,9.13857,1.35,1.34
2011.10.07 07:30:50.172,9.13674,9.13857,1.35,1.34
2011.10.07 07:30:54.501,9.13672,9.13857,1.35,1.34
2011.10.07 07:30:54.840,9.13683,9.13889,1.13,1.34
2011.10.07 07:30:56.057,9.13683,9.13889,1.13,1.34
2011.10.07 07:30:56.180,9.13683,9.13889,1.13,1.34
2011.10.07 07:30:56.986,9.13683,9.13889,1.13,1.34
2011.10.07 07:31:02.104,9.13683,9.13889,1.13,1.34
2011.10.07 07:31:02.453,9.13688,9.13892,1.13,1.34
2011.10.07 07:31:02.684,9.13696,9.13902,1.13,1.34
2011.10.07 07:31:05.469,9.13696,9.13902,1.13,1.34
2011.10.07 07:31:07.375,9.13696,9.13902,1.13,1.34
2011.10.07 07:31:07.558,9.13696,9.13902,1.13,1.34
2011.10.07 07:31:12.698,9.13696,9.13902,1.50,1.34
2011.10.07 07:31:13.745,9.13704,9.13903,1.50,1.35
2011.10.07 07:31:19.002,9.13704,9.13903,1.50,1.35
2011.10.07 07:31:20.723,9.13711,9.13903,1.50,1.35
2011.10.07 07:31:29.170,9.13711,9.13917,1.50,1.34
2011.10.07 07:31:29.707,9.13717,9.13921,1.50,1.34
2011.10.07 07:31:30.849,9.13717,9.13921,1.50,1.34
2011.10.07 07:31:33.972,9.13717,9.13923,1.50,1.34
2011.10.07 07:31:40.221,9.13707,9.13923,1.50,1.34
2011.10.07 07:31:40.560,9.13677,9.13867,1.73,1.34
2011.10.07 07:31:40.791,9.13638,9.13864,1.50,1.34
2011.10.07 07:31:40.911,9.13638,9.13864,1.50,1.34
2011.10.07 07:31:41.499,9.13657,9.13864,1.50,1.34
2011.10.07 07:31:47.844,9.13643,9.13847,1.50,1.34
2011.10.07 07:31:48.270,9.13658,9.13852,1.50,1.34
2011.10.07 07:31:49.598,9.13643,9.13847,1.50,1.34
2011.10.07 07:31:56.084,9.13657,9.13853,1.50,1.34
2011.10.07 07:31:56.199,9.13643,9.13847,1.50,1.34
2011.10.07 07:31:57.304,9.13658,9.13852,1.50,1.34
2011.10.07 07:31:58.981,9.13643,9.13847,1.50,1.34
2011.10.07 07:32:00.745,9.13657,9.13853,1.50,1.34
2011.10.07 07:32:01.568,9.13643,9.13847,1.50,1.34
2011.10.07 07:32:01.731,9.13658,9.13852,1.50,1.34
2011.10.07 07:32:03.309,9.13643,9.13847,1.50,1.34
2011.10.07 07:32:08.002,9.13634,9.1383,1.35,1.34
2011.10.07 07:32:08.349,9.13627,9.1383,1.58,1.34
2011.10.07 07:32:08.483,9.13627,9.13826,1.20,1.34
2011.10.07 07:32:08.848,9.13626,9.13842,1.58,1.34
2011.10.07 07:32:19.300,9.13621,9.13851,1.73,1.34
2011.10.07 07:32:40.235,9.13608,9.13754,1.50,1.13
2011.10.07 07:32:40.355,9.13595,9.13754,1.50,1.13
2011.10.07 07:32:40.473,9.13584,9.13754,1.50,1.50
2011.10.07 07:32:41.010,9.13584,9.13698,1.50,1.35
2011.10.07 07:32:41.252,9.13503,9.13665,1.13,1.13
2011.10.07 07:32:41.373,9.13477,9.13665,1.50,1.13
2011.10.07 07:32:41.672,9.13548,9.13667,1.35,1.34
2011.10.07 07:32:41.792,9.13548,9.13739,1.35,1.34
2011.10.07 07:32:41.912,9.13551,9.13739,1.35,1.34
2011.10.07 07:32:42.139,9.13551,9.13759,1.35,1.34
2011.10.07 07:32:42.771,9.1357,9.13759,1.35,1.34
2011.10.07 07:32:50.112,9.1357,9.13754,1.35,1.34
2011.10.07 07:32:50.566,9.13579,9.13754,1.13,1.34
2011.10.07 07:32:50.683,9.13583,9.13797,1.13,1.19
2011.10.07 07:32:51.661,9.13586,9.13815,1.50,1.34
2011.10.07 07:32:52.187,9.13633,9.1385,1.13,1.34
2011.10.07 07:32:52.522,9.13645,9.1385,1.50,1.34
2011.10.07 07:32:52.646,9.13648,9.13854,1.50,1.34
2011.10.07 07:32:53.439,9.13648,9.13878,1.50,1.34
2011.10.07 07:32:54.226,9.13638,9.13878,1.50,1.34
2011.10.07 07:32:54.451,9.13638,9.13877,1.50,1.34
2011.10.07 07:33:00.402,9.13638,9.13852,1.50,3.44
2011.10.07 07:33:00.742,9.13604,9.1376,1.50,1.13
2011.10.07 07:33:01.753,9.13604,9.1376,1.50,1.13
2011.10.07 07:33:01.872,9.13598,9.1376,1.13,1.13
2011.10.07 07:33:19.702,9.13604,9.1376,1.50,1.13
2011.10.07 07:33:20.073,9.13604,9.1376,1.50,1.13
2011.10.07 07:33:22.221,9.13604,9.1376,1.50,1.13
2011.10.07 07:33:24.778,9.13604,9.1376,1.50,1.13
2011.10.07 07:33:26.963,9.13604,9.1376,1.50,1.13
2011.10.07 07:33:29.880,9.13617,9.1376,1.35,1.13
2011.10.07 07:33:30.001,9.13618,9.13833,1.73,1.34
2011.10.07 07:33:30.121,9.13643,9.13846,1.35,1.34
2011.10.07 07:33:30.418,9.13646,9.13852,1.50,1.34
2011.10.07 07:33:30.551,9.1367,9.13897,1.73,1.19
2011.10.07 07:33:31.105,9.13683,9.13897,1.13,1.19
2011.10.07 07:33:34.801,9.13683,9.13897,1.88,1.19
2011.10.07 07:33:36.761,9.13683,9.13897,1.88,1.19
2011.10.07 07:33:39.940,9.13683,9.13897,1.88,1.19
2011.10.07 07:33:40.840,9.13683,9.13897,1.88,1.19
2011.10.07 07:33:42.046,9.13683,9.13897,1.88,1.19
2011.10.07 07:33:45.779,9.13683,9.13897,1.88,1.19
2011.10.07 07:33:47.801,9.13683,9.13897,1.88,1.19
2011.10.07 07:33:48.994,9.13683,9.138,1.50,1.13
2011.10.07 07:33:49.312,9.13687,9.138,1.50,1.13
2011.10.07 07:33:49.440,9.13767,9.13945,1.50,1.34
2011.10.07 07:33:49.562,9.13767,9.13965,1.50,1.34
2011.10.07 07:33:50.075,9.13767,9.13965,1.50,1.34
2011.10.07 07:33:50.192,9.13849,9.14002,1.35,1.50
2011.10.07 07:33:50.310,9.13892,9.14058,1.13,1.34
2011.10.07 07:33:51.001,9.13853,9.13995,1.50,1.13
2011.10.07 07:33:51.622,9.13815,9.14045,1.50,1.34
2011.10.07 07:33:52.634,9.13814,9.14045,1.50,1.34
2011.10.07 07:34:03.720,9.13811,9.14044,1.50,1.34
2011.10.07 07:34:03.844,9.13814,9.14044,1.50,1.34
2011.10.07 07:34:04.375,9.13814,9.14015,1.50,2.48
2011.10.07 07:34:04.747,9.1384,9.139,1.50,1.34
2011.10.07 07:34:04.863,9.13841,9.13971,1.50,1.34
2011.10.07 07:34:04.980,9.13841,9.13997,1.50,1.34
2011.10.07 07:34:05.762,9.13791,9.1391,2.25,1.50
2011.10.07 07:34:05.883,9.13711,9.1391,1.50,1.50
2011.10.07 07:34:06.003,9.13711,9.13932,1.50,1.34
2011.10.07 07:34:06.125,9.13796,9.13925,1.50,1.34
2011.10.07 07:34:06.938,9.13796,9.13925,1.50,1.34
2011.10.07 07:34:07.081,9.1377,9.1393,1.50,1.34
2011.10.07 07:34:18.401,9.1379,9.13897,1.50,4.50
2011.10.07 07:34:18.522,9.13765,9.13842,1.50,2.18
2011.10.07 07:34:18.643,9.1374,9.13826,1.50,1.34
2011.10.07 07:34:18.761,9.13607,9.13805,2.85,1.50
2011.10.07 07:34:18.884,9.13762,9.13859,1.50,1.34
2011.10.07 07:34:19.220,9.13762,9.13901,1.50,1.34
2011.10.07 07:34:19.746,9.13762,9.13901,1.50,1.34
2011.10.07 07:34:42.845,9.13782,9.13904,1.50,1.34
2011.10.07 07:34:48.859,9.13777,9.13904,1.50,1.34
2011.10.07 07:34:51.398,9.13777,9.13904,1.50,1.34
2011.10.07 07:34:55.813,9.13777,9.13904,1.50,1.34
2011.10.07 07:34:56.850,9.13777,9.13922,1.50,1.34
2011.10.07 07:34:56.974,9.13777,9.13922,1.50,1.34
2011.10.07 07:34:57.212,9.13777,9.13929,1.50,1.34
2011.10.07 07:34:57.684,9.13762,9.13929,1.50,1.34
2011.10.07 07:35:04.732,9.13861,9.14123,1.50,1.50
2011.10.07 07:35:04.852,9.13898,9.14124,1.50,1.34
2011.10.07 07:35:05.402,9.139,9.14124,1.50,1.34
2011.10.07 07:35:06.286,9.139,9.14104,1.50,1.34
2011.10.07 07:35:06.774,9.139,9.14104,1.50,1.34
2011.10.07 07:35:07.112,9.139,9.14104,1.50,1.34
2011.10.07 07:35:08.802,9.139,9.14104,1.50,1.34
2011.10.07 07:35:11.452,9.139,9.14104,1.50,1.34
2011.10.07 07:35:13.931,9.139,9.14104,1.50,1.34
2011.10.07 07:35:14.172,9.13898,9.14104,1.50,1.34
2011.10.07 07:35:14.412,9.13889,9.14055,1.50,1.50
2011.10.07 07:35:15.084,9.13878,9.14042,1.13,1.34
2011.10.07 07:35:15.447,9.13937,9.14042,1.50,1.50
2011.10.07 07:35:15.684,9.13856,9.14016,1.50,1.50
2011.10.07 07:35:15.910,9.1383,9.14016,1.13,1.50
2011.10.07 07:35:17.100,9.13846,9.14048,1.35,1.34
2011.10.07 07:35:17.224,9.13841,9.14033,2.10,1.34
2011.10.07 07:35:19.353,9.13863,9.14067,1.35,1.34
2011.10.07 07:35:19.473,9.13863,9.14067,1.50,1.34
2011.10.07 07:35:19.701,9.13874,9.1408,1.50,1.34
2011.10.07 07:35:20.241,9.13861,9.1408,1.13,1.34
2011.10.07 07:35:20.367,9.13861,9.14102,1.13,1.34
2011.10.07 07:35:25.200,9.13874,9.14103,1.50,1.34
2011.10.07 07:35:31.384,9.1386,9.14112,1.50,2.09
2011.10.07 07:35:46.642,9.13886,9.14092,1.51,1.72
2011.10.07 07:35:47.335,9.13886,9.14092,1.36,1.72
2011.10.07 07:35:49.254,9.13886,9.14092,1.33,1.72
2011.10.07 07:35:50.386,9.13886,9.14112,1.39,2.09
2011.10.07 07:35:52.022,9.13886,9.14093,1.11,1.72
2011.10.07 07:35:52.618,9.13886,9.14112,1.29,2.84
2011.10.07 07:35:54.171,9.13868,9.14112,1.50,2.84
2011.10.07 07:36:06.928,9.1386,9.1409,1.50,1.34
2011.10.07 07:36:07.572,9.13835,9.14046,1.50,1.50
2011.10.07 07:36:07.693,9.13811,9.14063,1.50,1.13
2011.10.07 07:36:08.036,9.13811,9.14064,1.50,1.72
2011.10.07 07:36:10.255,9.13808,9.14039,1.50,1.34
2011.10.07 07:36:10.392,9.13808,9.1402,1.50,1.34
2011.10.07 07:36:11.324,9.13808,9.1404,1.50,1.34
2011.10.07 07:36:14.545,9.13808,9.1404,1.50,1.34
2011.10.07 07:37:09.399,9.13787,9.1404,1.50,1.34
2011.10.07 07:37:11.564,9.13776,9.14032,1.50,1.34
2011.10.07 07:37:19.561,9.13776,9.1403,1.50,1.34
2011.10.07 07:37:27.306,9.13775,9.14029,1.50,1.34
2011.10.07 07:38:08.039,9.13775,9.14029,1.50,1.34
2011.10.07 07:38:09.650,9.138,9.14031,1.50,1.34
2011.10.07 07:38:09.990,9.13784,9.14033,1.50,1.34
2011.10.07 07:38:12.122,9.13799,9.14037,1.50,1.34
2011.10.07 07:38:12.470,9.13785,9.14033,1.50,1.34
2011.10.07 07:38:34.034,9.13776,9.14025,1.50,1.34
2011.10.07 07:38:34.602,9.1376,9.14012,1.50,1.34
2011.10.07 07:38:39.140,9.1378,9.14027,1.50,1.34
2011.10.07 07:38:43.095,9.1378,9.14025,1.50,1.34
2011.10.07 07:38:43.432,9.1378,9.1403,1.50,1.34
2011.10.07 07:38:49.905,9.13774,9.14019,1.50,1.72
2011.10.07 07:38:50.145,9.13739,9.1399,1.50,1.34
2011.10.07 07:38:50.374,9.13717,9.13938,1.50,1.34
2011.10.07 07:38:50.492,9.13707,9.13936,1.50,1.34
2011.10.07 07:38:50.611,9.13717,9.13937,1.50,1.34
2011.10.07 07:38:52.555,9.13717,9.1395,1.50,1.34
2011.10.07 07:38:54.521,9.13731,9.13975,1.50,1.34
2011.10.07 07:38:54.641,9.1375,9.14001,1.50,1.34
2011.10.07 07:39:05.199,9.1375,9.14001,1.50,1.34
2011.10.07 07:40:00.223,9.13745,9.14001,1.50,1.34
2011.10.07 07:40:35.791,9.13745,9.13976,1.50,1.34
2011.10.07 07:40:44.526,9.13745,9.13992,1.50,1.34
2011.10.07 07:40:48.821,9.13745,9.13976,1.50,1.34
2011.10.07 07:40:48.942,9.13745,9.13976,1.50,2.09
2011.10.07 07:40:49.060,9.1373,9.13959,1.50,1.34
2011.10.07 07:40:53.972,9.1373,9.13951,1.50,1.50
2011.10.07 07:40:54.675,9.1373,9.13951,1.50,1.50
2011.10.07 07:41:03.215,9.1373,9.13951,1.50,1.50
2011.10.07 07:41:06.000,9.1373,9.13951,1.50,1.50
2011.10.07 07:41:12.476,9.1373,9.13951,1.50,1.50
2011.10.07 07:41:14.954,9.1373,9.13951,1.50,1.50
2011.10.07 07:41:43.851,9.1373,9.13951,1.50,1.50
2011.10.07 07:41:50.031,9.1373,9.1396,1.50,1.34
2011.10.07 07:41:50.883,9.137,9.1388,1.13,1.50
2011.10.07 07:41:52.134,9.13716,9.13906,1.13,1.50
2011.10.07 07:41:52.255,9.13725,9.13937,2.10,1.34
2011.10.07 07:41:52.372,9.13756,9.13937,1.35,1.50
2011.10.07 07:41:52.603,9.13723,9.1391,1.50,1.13
2011.10.07 07:41:52.722,9.13706,9.1391,1.13,1.13
2011.10.07 07:41:52.912,9.137,9.1391,1.13,1.13
2011.10.07 07:41:53.041,9.137,9.1391,1.13,1.13
2011.10.07 07:41:55.056,9.137,9.13906,1.13,1.13
2011.10.07 07:41:55.833,9.137,9.13906,1.13,1.13
2011.10.07 07:41:59.138,9.137,9.13906,1.13,1.13
2011.10.07 07:41:59.256,9.137,9.13906,1.13,1.13
2011.10.07 07:42:30.817,9.13696,9.13843,1.35,1.50
2011.10.07 07:42:31.154,9.13681,9.13836,1.73,1.50
2011.10.07 07:42:31.384,9.13689,9.13893,1.73,1.34
2011.10.07 07:42:32.194,9.13689,9.13893,1.73,1.34
2011.10.07 07:42:33.265,9.13689,9.13802,1.35,1.13
2011.10.07 07:42:33.506,9.13636,9.13816,1.13,1.50
2011.10.07 07:42:36.901,9.13657,9.13816,1.50,1.50
2011.10.07 07:42:37.257,9.13703,9.13896,1.50,1.13
2011.10.07 07:42:39.722,9.13703,9.13896,1.50,1.13
2011.10.07 07:42:40.942,9.13678,9.13855,2.25,1.35
2011.10.07 07:42:41.065,9.13678,9.13841,1.50,1.50
2011.10.07 07:42:44.001,9.1366,9.13816,1.13,1.13
2011.10.07 07:42:44.354,9.13653,9.13812,1.50,1.13
2011.10.07 07:42:45.086,9.13645,9.13812,1.13,1.13
2011.10.07 07:42:45.995,9.1368,9.13862,1.35,1.34
2011.10.07 07:42:46.560,9.1368,9.13871,1.35,1.34
2011.10.07 07:42:46.897,9.1368,9.13871,1.35,1.34
2011.10.07 07:42:47.016,9.1368,9.13871,1.35,1.34
2011.10.07 07:42:48.443,9.1368,9.13871,1.35,1.34
2011.10.07 07:42:48.562,9.13667,9.13842,1.35,1.50
2011.10.07 07:42:48.683,9.13655,9.13836,1.13,1.50
2011.10.07 07:42:49.025,9.13655,9.13836,1.13,1.50
2011.10.07 07:42:51.892,9.13643,9.13836,1.13,1.50
2011.10.07 07:42:52.473,9.1368,9.13841,1.35,1.34
2011.10.07 07:42:52.704,9.1368,9.13873,1.35,1.34
2011.10.07 07:42:55.522,9.1368,9.13873,1.35,1.34
2011.10.07 07:42:57.211,9.1368,9.13873,1.35,1.34
2011.10.07 07:42:57.553,9.1368,9.13873,1.35,1.34
2011.10.07 07:42:58.534,9.1368,9.13873,1.35,1.34
2011.10.07 07:42:59.380,9.1368,9.13873,1.35,1.34
2011.10.07 07:43:00.524,9.1368,9.13873,1.35,1.34
2011.10.07 07:43:00.752,9.1368,9.13873,1.35,1.34
2011.10.07 07:43:01.612,9.1368,9.13873,1.35,1.34
2011.10.07 07:43:09.600,9.13681,9.13858,1.35,1.34
2011.10.07 07:43:09.822,9.13681,9.1387,1.35,1.34
2011.10.07 07:43:10.058,9.13683,9.1387,1.35,1.34
2011.10.07 07:43:10.433,9.13681,9.1387,1.35,1.34
2011.10.07 07:43:14.304,9.13681,9.1387,1.35,1.34
2011.10.07 07:43:14.487,9.13681,9.1387,1.35,1.34
2011.10.07 07:43:27.763,9.13666,9.13852,1.13,1.50
2011.10.07 07:43:28.948,9.13659,9.13826,1.13,1.13
2011.10.07 07:43:29.936,9.13659,9.13826,1.13,1.13
2011.10.07 07:43:30.885,9.13659,9.13826,1.13,1.13
2011.10.07 07:43:38.146,9.1361,9.13813,1.50,1.35
2011.10.07 07:43:38.942,9.13595,9.13814,1.13,1.57
2011.10.07 07:43:39.283,9.1361,9.13814,1.50,1.57
2011.10.07 07:43:40.226,9.13607,9.13801,1.50,1.13
2011.10.07 07:43:40.458,9.13596,9.13801,1.13,1.72
2011.10.07 07:43:40.793,9.13596,9.138,1.13,1.72
2011.10.07 07:43:42.973,9.13596,9.138,1.13,1.72
2011.10.07 07:43:43.092,9.13591,9.13795,1.13,1.34
2011.10.07 07:43:43.214,9.13587,9.13778,1.50,1.35
2011.10.07 07:43:43.442,9.13586,9.13765,1.13,1.50
2011.10.07 07:43:43.963,9.13577,9.13765,1.13,1.50
2011.10.07 07:43:48.395,9.13547,9.13735,1.50,1.35
2011.10.07 07:43:48.817,9.13511,9.13715,1.13,1.72
2011.10.07 07:43:49.034,9.13507,9.13715,1.13,1.72
2011.10.07 07:43:49.265,9.13496,9.13675,1.13,1.50
2011.10.07 07:43:49.383,9.13481,9.13675,1.13,1.50
2011.10.07 07:44:04.463,9.13475,9.1365,1.50,1.13
2011.10.07 07:44:08.363,9.13478,9.13673,1.13,1.50
2011.10.07 07:44:36.182,9.13478,9.13657,1.50,1.13
2011.10.07 07:44:36.302,9.13477,9.13675,1.50,1.13
2011.10.07 07:44:42.903,9.1347,9.13663,1.50,1.13
2011.10.07 07:44:44.286,9.13473,9.13657,1.50,1.13
2011.10.07 07:44:54.660,9.13473,9.13652,1.50,1.13
2011.10.07 07:44:55.889,9.13473,9.13657,1.50,1.13
2011.10.07 07:44:57.985,9.13476,9.13657,1.50,1.13
2011.10.07 07:44:58.951,9.13476,9.13652,1.50,1.13
2011.10.07 07:44:59.989,9.13474,9.13658,1.50,1.13
2011.10.07 07:45:01.700,9.13463,9.13652,1.50,1.13
2011.10.07 07:45:02.741,9.13463,9.13657,1.50,1.13
2011.10.07 07:45:03.902,9.13463,9.13657,1.50,1.13
2011.10.07 07:45:05.131,9.13473,9.13653,1.50,1.13
2011.10.07 07:45:05.651,9.13473,9.13658,1.50,1.13
2011.10.07 07:45:07.230,9.13463,9.13658,1.50,1.13
2011.10.07 07:45:39.361,9.13463,9.13663,1.50,1.13
2011.10.07 07:45:44.586,9.13482,9.13668,1.50,1.13
2011.10.07 07:45:45.854,9.13482,9.13668,1.50,1.13
2011.10.07 07:45:51.115,9.13497,9.13686,1.35,1.34
2011.10.07 07:45:51.453,9.13619,9.13785,1.35,1.34
2011.10.07 07:45:51.683,9.13612,9.138,2.10,1.34
2011.10.07 07:45:53.199,9.13595,9.138,1.50,1.34
2011.10.07 07:45:53.425,9.13595,9.13807,1.50,1.34
2011.10.07 07:45:54.682,9.13564,9.13807,1.50,1.34
2011.10.07 07:46:07.273,9.13576,9.13807,1.50,1.34
2011.10.07 07:46:07.626,9.13677,9.13903,1.50,1.34
2011.10.07 07:46:08.292,9.13677,9.13881,1.50,1.34
2011.10.07 07:46:08.943,9.13697,9.13881,1.50,1.34
2011.10.07 07:46:09.813,9.13697,9.13893,1.50,1.34
2011.10.07 07:46:52.696,9.13705,9.13909,1.13,1.34
2011.10.07 07:46:54.159,9.13705,9.13913,1.13,1.34
2011.10.07 07:47:05.892,9.13705,9.13925,1.13,1.34
2011.10.07 07:47:19.138,9.13716,9.13945,1.13,1.72
2011.10.07 07:47:22.216,9.13716,9.13932,1.13,1.34
2011.10.07 07:47:22.337,9.13787,9.14017,1.50,1.35
2011.10.07 07:47:22.841,9.13811,9.14042,1.50,1.72
2011.10.07 07:47:22.847,9.13828,9.14042,1.50,1.13
2011.10.07 07:47:22.969,9.13898,9.14093,1.13,1.50
2011.10.07 07:47:23.084,9.13898,9.14093,1.13,1.50
2011.10.07 07:47:24.559,9.13881,9.14062,1.50,1.35
2011.10.07 07:47:24.674,9.13881,9.14068,1.13,1.34
2011.10.07 07:47:24.904,9.13904,9.14076,1.35,1.34
2011.10.07 07:47:25.245,9.14025,9.14108,1.50,1.34
2011.10.07 07:47:25.369,9.13939,9.14134,1.50,1.34
2011.10.07 07:47:25.704,9.13955,9.14134,2.25,1.34
2011.10.07 07:47:25.823,9.14005,9.14134,1.50,1.34
2011.10.07 07:47:26.276,9.13984,9.14135,1.50,1.34
2011.10.07 07:47:26.560,9.13984,9.14135,1.50,1.34
2011.10.07 07:47:26.794,9.13998,9.14139,1.50,1.34
2011.10.07 07:47:27.515,9.13997,9.14148,1.50,1.34
2011.10.07 07:47:35.734,9.13998,9.14148,1.50,1.34
2011.10.07 07:47:35.962,9.13998,9.14161,1.50,1.34
2011.10.07 07:47:36.192,9.13998,9.14166,1.50,1.34
2011.10.07 07:48:16.804,9.13984,9.14166,1.50,1.34
2011.10.07 07:48:57.817,9.13955,9.14182,1.50,1.34
2011.10.07 07:48:58.040,9.13955,9.14182,1.50,1.34
2011.10.07 07:49:00.851,9.13981,9.14182,1.50,1.34
2011.10.07 07:49:01.193,9.14027,9.14259,1.50,1.34
2011.10.07 07:49:03.357,9.14042,9.14283,1.50,1.34
2011.10.07 07:49:04.292,9.14076,9.14311,1.50,1.34
2011.10.07 07:49:04.966,9.14076,9.14183,1.50,1.35
2011.10.07 07:49:05.308,9.14023,9.14187,1.35,1.34
2011.10.07 07:49:05.430,9.14106,9.14205,1.50,1.34
2011.10.07 07:49:05.654,9.14007,9.14205,1.88,1.34
2011.10.07 07:49:06.187,9.14007,9.14229,1.88,1.34
2011.10.07 07:49:06.314,9.13998,9.14219,1.50,1.19
2011.10.07 07:49:06.436,9.13984,9.14214,1.50,1.34
2011.10.07 07:49:06.663,9.13977,9.14205,1.50,1.34
2011.10.07 07:49:13.452,9.13988,9.14205,1.13,1.34
2011.10.07 07:49:13.683,9.14011,9.14261,1.50,1.34
2011.10.07 07:49:26.676,9.14017,9.1424,1.50,1.34
2011.10.07 07:49:26.903,9.14017,9.1423,1.50,1.13
2011.10.07 07:49:27.023,9.14017,9.14222,1.50,1.50
2011.10.07 07:49:27.144,9.14014,9.14205,1.50,1.50
2011.10.07 07:49:30.742,9.14007,9.14205,1.13,1.50
2011.10.07 07:49:51.715,9.13989,9.14182,1.50,1.50
2011.10.07 07:49:51.944,9.13969,9.14169,1.50,1.73
2011.10.07 07:49:53.966,9.13968,9.14169,1.50,1.73
2011.10.07 07:50:06.027,9.13968,9.14169,1.50,1.73
2011.10.07 07:50:06.363,9.13968,9.14163,1.50,1.73
2011.10.07 07:50:06.933,9.13895,9.14021,1.50,1.35
2011.10.07 07:50:07.060,9.13813,9.14009,1.50,1.50
2011.10.07 07:50:07.226,9.13838,9.14009,1.50,1.50
2011.10.07 07:50:07.453,9.13715,9.13881,1.50,2.10
2011.10.07 07:50:07.573,9.13631,9.13822,1.50,2.10
2011.10.07 07:50:07.694,9.13583,9.13822,1.50,2.48
2011.10.07 07:50:07.813,9.13544,9.13822,1.50,2.48
2011.10.07 07:50:07.935,9.13567,9.13822,1.50,2.48
2011.10.07 07:50:08.272,9.13594,9.13822,1.50,2.48
2011.10.07 07:50:09.087,9.13604,9.13802,1.50,2.48
2011.10.07 07:50:09.203,9.13604,9.13802,1.50,2.10
2011.10.07 07:50:09.328,9.13603,9.13802,1.50,2.48
2011.10.07 07:50:09.443,9.13603,9.13802,1.50,2.48
2011.10.07 07:50:10.255,9.1359,9.13794,1.50,1.19
2011.10.07 07:50:12.888,9.1359,9.13794,1.50,1.19
2011.10.07 07:50:13.205,9.1359,9.13794,1.50,1.57
2011.10.07 07:50:13.329,9.13607,9.13794,1.50,1.57
2011.10.07 07:50:13.665,9.13637,9.13838,1.35,1.34
2011.10.07 07:50:13.784,9.13628,9.13801,1.50,1.13
2011.10.07 07:50:13.904,9.13628,9.13801,1.50,1.13
2011.10.07 07:50:43.683,9.13647,9.13793,1.50,1.13
2011.10.07 07:50:44.023,9.13506,9.13719,1.50,1.50
2011.10.07 07:50:44.793,9.13464,9.1366,1.50,1.50
2011.10.07 07:50:45.453,9.13487,9.1366,1.13,1.13
2011.10.07 07:50:45.580,9.13488,9.13686,1.13,1.34
2011.10.07 07:50:46.746,9.1345,9.13591,1.50,1.35
2011.10.07 07:50:46.865,9.13437,9.13594,1.35,1.50
2011.10.07 07:50:46.985,9.13438,9.13623,1.35,1.34
2011.10.07 07:50:47.104,9.13438,9.13648,1.35,1.34
2011.10.07 07:50:47.223,9.13433,9.13644,1.35,1.34
2011.10.07 07:50:47.453,9.13438,9.13669,1.73,1.72
2011.10.07 07:50:50.856,9.13453,9.13652,1.13,1.34
2011.10.07 07:50:53.505,9.13447,9.13644,1.13,1.34
2011.10.07 07:51:13.983,9.13412,9.13605,1.13,1.35
2011.10.07 07:51:14.214,9.13408,9.13605,1.13,1.35
2011.10.07 07:51:18.559,9.13401,9.13602,1.50,1.50
2011.10.07 07:51:18.675,9.13376,9.13486,1.50,1.35
2011.10.07 07:51:18.795,9.13312,9.13486,1.50,1.35
2011.10.07 07:51:18.916,9.13305,9.13492,1.35,1.34
2011.10.07 07:51:19.034,9.13308,9.13543,1.13,1.72
2011.10.07 07:51:19.153,9.13308,9.1355,1.13,2.32
2011.10.07 07:51:19.492,9.13318,9.1355,1.13,1.57
2011.10.07 07:51:22.313,9.13322,9.1353,1.13,1.57
2011.10.07 07:51:22.807,9.13322,9.1353,1.13,1.57
2011.10.07 07:51:38.166,9.13322,9.1353,1.13,1.57
2011.10.07 07:51:38.332,9.13322,9.1353,1.13,1.57
2011.10.07 07:51:43.094,9.13368,9.13541,1.50,1.34
2011.10.07 07:51:43.323,9.13463,9.13607,1.35,1.50
2011.10.07 07:51:43.554,9.13445,9.13667,1.50,1.50
2011.10.07 07:51:43.674,9.13457,9.13667,1.35,1.50
2011.10.07 07:51:43.794,9.13447,9.13667,2.10,1.34
2011.10.07 07:51:46.843,9.13485,9.13669,1.35,1.34
2011.10.07 07:51:46.965,9.13499,9.1367,1.35,1.34
2011.10.07 07:51:47.504,9.13499,9.13673,1.35,1.34
2011.10.07 07:51:52.315,9.13499,9.13676,1.35,1.34
2011.10.07 07:51:52.433,9.13499,9.13676,1.35,1.34
2011.10.07 07:52:52.738,9.13462,9.13677,1.13,1.34
2011.10.07 07:52:57.156,9.13457,9.13677,1.13,1.34
2011.10.07 07:53:03.820,9.13462,9.13677,1.13,1.34
2011.10.07 07:53:24.971,9.13457,9.13677,1.13,1.34
2011.10.07 07:53:42.463,9.13458,9.13677,1.13,1.34
2011.10.07 07:54:25.641,9.13513,9.13676,1.50,1.34
2011.10.07 07:54:25.973,9.1359,9.13837,1.50,1.13
2011.10.07 07:54:26.203,9.1359,9.13836,1.50,1.50
2011.10.07 07:54:26.876,9.1359,9.13836,1.50,1.50
2011.10.07 07:54:29.484,9.1359,9.13816,1.50,1.50
2011.10.07 07:54:29.823,9.13586,9.13797,1.50,1.35
2011.10.07 07:54:29.945,9.1361,9.13817,1.50,1.34
2011.10.07 07:54:30.065,9.1361,9.13851,1.50,1.34
2011.10.07 07:54:30.185,9.13634,9.13851,1.50,1.34
2011.10.07 07:54:30.489,9.13649,9.13858,1.50,1.13
2011.10.07 07:54:32.184,9.13598,9.13843,1.50,1.50
2011.10.07 07:54:32.304,9.13598,9.13829,1.50,1.34
2011.10.07 07:54:32.424,9.13562,9.1381,1.50,1.72
2011.10.07 07:54:32.874,9.13546,9.13782,1.50,1.50
2011.10.07 07:54:32.994,9.13546,9.13777,1.50,1.34
2011.10.07 07:54:40.637,9.13574,9.13804,1.50,1.34
2011.10.07 07:55:02.495,9.13574,9.13785,1.50,1.13
2011.10.07 07:55:02.926,9.13584,9.13785,1.50,1.13
2011.10.07 07:55:17.652,9.13584,9.13785,1.50,1.13
2011.10.07 07:55:17.993,9.13608,9.13801,1.50,1.50
2011.10.07 07:55:20.735,9.13608,9.13782,1.50,1.13
2011.10.07 07:55:20.968,9.13596,9.13782,1.50,1.13
2011.10.07 07:55:38.563,9.13596,9.13782,1.50,1.50
2011.10.07 07:55:38.794,9.13596,9.13756,1.50,1.50
2011.10.07 07:55:38.916,9.13573,9.13702,1.50,1.35
2011.10.07 07:55:39.034,9.13537,9.13675,1.50,1.50
2011.10.07 07:55:39.154,9.13535,9.13675,1.50,1.50
2011.10.07 07:55:40.473,9.13517,9.13675,1.50,1.50
2011.10.07 07:55:41.468,9.13535,9.13675,1.50,1.50
2011.10.07 07:55:42.867,9.13535,9.13675,1.50,1.50
2011.10.07 07:55:44.475,9.13535,9.13675,1.50,1.50
2011.10.07 07:55:48.575,9.13535,9.13675,1.50,1.50
2011.10.07 07:55:48.698,9.13535,9.13675,1.50,1.50
2011.10.07 07:55:49.101,9.13535,9.13675,1.50,1.50
2011.10.07 07:55:49.549,9.13527,9.13675,1.50,1.50
2011.10.07 07:55:49.999,9.13527,9.13715,1.50,1.35
2011.10.07 07:55:50.113,9.13528,9.1372,1.50,1.73
2011.10.07 07:55:50.235,9.13532,9.1372,1.50,1.73
2011.10.07 07:55:50.868,9.13529,9.1372,1.50,1.73
2011.10.07 07:56:10.058,9.13537,9.1372,1.50,1.35
2011.10.07 07:56:10.286,9.13537,9.13707,1.50,1.13
2011.10.07 07:56:14.928,9.13526,9.13705,1.50,1.13
2011.10.07 07:56:15.044,9.13518,9.13705,2.25,1.13
2011.10.07 07:56:25.362,9.13514,9.13705,1.50,2.10
2011.10.07 07:56:26.378,9.13514,9.13705,1.50,2.10
2011.10.07 07:56:35.959,9.13527,9.13705,1.50,1.35
2011.10.07 07:56:36.298,9.13537,9.13732,1.50,1.13
2011.10.07 07:56:36.747,9.13542,9.13728,1.50,1.13
2011.10.07 07:57:36.639,9.13542,9.13764,1.50,1.50
2011.10.07 07:57:45.283,9.13542,9.13771,1.50,1.34
2011.10.07 07:57:45.402,9.13545,9.13774,1.50,1.34
2011.10.07 07:57:45.734,9.13538,9.13768,1.50,1.34
2011.10.07 07:57:49.111,9.13537,9.13768,2.25,1.34
2011.10.07 07:57:49.333,9.13541,9.13771,1.50,1.34
2011.10.07 07:57:50.512,9.13562,9.13782,1.50,1.50
2011.10.07 07:58:09.026,9.13587,9.13726,1.50,1.13
2011.10.07 07:58:09.368,9.13467,9.13619,1.50,1.35
2011.10.07 07:58:09.896,9.13457,9.13622,1.50,1.35
2011.10.07 07:58:10.022,9.13457,9.1362,1.50,1.50
2011.10.07 07:58:10.440,9.13477,9.13625,1.35,1.50
2011.10.07 07:58:10.557,9.13477,9.13627,1.35,1.50
2011.10.07 07:58:10.896,9.13477,9.13642,1.13,1.50
2011.10.07 07:58:11.016,9.13478,9.13695,1.13,1.73
2011.10.07 07:58:11.245,9.13478,9.13695,1.88,1.73
2011.10.07 07:58:12.968,9.13478,9.13684,1.88,1.73
2011.10.07 07:58:13.417,9.13502,9.13672,1.50,1.50
2011.10.07 07:58:13.757,9.13507,9.13689,1.50,1.50
2011.10.07 07:58:15.027,9.1351,9.13689,1.50,1.50
2011.10.07 07:58:19.424,9.1351,9.13723,1.50,1.50
2011.10.07 07:58:23.497,9.1351,9.1372,1.50,1.50
2011.10.07 07:58:24.360,9.1351,9.1372,1.50,1.50
2011.10.07 07:58:25.915,9.1351,9.1372,1.50,1.50
2011.10.07 07:58:31.837,9.1351,9.1372,1.50,1.50
2011.10.07 07:58:34.766,9.13506,9.1372,1.50,1.50
2011.10.07 07:58:36.107,9.13506,9.1372,1.50,1.50
2011.10.07 07:58:36.656,9.13506,9.13693,1.50,1.35
2011.10.07 07:58:36.776,9.13437,9.13685,1.50,1.34
2011.10.07 07:58:37.318,9.13416,9.13663,1.50,1.34
2011.10.07 07:58:37.999,9.13416,9.13663,1.50,1.34
2011.10.07 07:58:38.230,9.13407,9.13651,1.50,1.34
2011.10.07 07:58:39.237,9.13399,9.13655,1.50,1.34
2011.10.07 07:59:19.528,9.1343,9.13655,1.50,1.34
2011.10.07 07:59:19.797,9.13488,9.1371,1.50,1.50
2011.10.07 07:59:21.199,9.13488,9.1371,1.50,1.50
2011.10.07 07:59:23.401,9.13488,9.1371,1.50,1.50
2011.10.07 07:59:23.737,9.13488,9.1371,1.50,1.50
2011.10.07 07:59:24.871,9.13488,9.1371,1.50,1.50
2011.10.07 07:59:27.935,9.13488,9.1371,1.50,1.50
2011.10.07 07:59:29.263,9.13488,9.1371,1.50,1.50
2011.10.07 07:59:39.925,9.13488,9.13673,1.50,1.50
2011.10.07 07:59:40.284,9.13488,9.13673,1.50,1.50
2011.10.07 07:59:40.407,9.13488,9.13685,1.50,1.50
2011.10.07 07:59:40.642,9.13488,9.13673,1.50,1.50
2011.10.07 07:59:40.759,9.13438,9.13665,1.50,1.34
2011.10.07 07:59:40.878,9.13427,9.13665,1.50,1.34
2011.10.07 07:59:41.820,9.13414,9.13658,1.50,1.34
2011.10.07 07:59:42.159,9.13402,9.13656,1.50,1.34
2011.10.07 07:59:50.769,9.1348,9.13683,1.50,1.50
2011.10.07 07:59:50.890,9.13491,9.13736,1.50,1.34
2011.10.07 07:59:53.727,9.13516,9.13736,1.50,1.34
2011.10.07 07:59:57.596,9.13516,9.13736,1.50,1.34
2011.10.07 07:59:59.906,9.13516,9.13736,1.50,1.34
