2011.10.31 17:00:34.982,9.01828,9.02083,1.50,1.50
2011.10.31 17:00:47.211,9.01795,9.02095,2.10,1.50
2011.10.31 17:00:47.573,9.01795,9.02087,2.10,1.50
2011.10.31 17:01:04.431,9.01812,9.02081,1.50,1.50
2011.10.31 17:01:05.696,9.01812,9.02082,1.50,1.50
2011.10.31 17:01:07.179,9.01812,9.02081,1.50,2.25
2011.10.31 17:01:12.256,9.01796,9.02085,1.50,1.50
2011.10.31 17:01:28.199,9.01812,9.02081,1.50,1.50
2011.10.31 17:01:28.663,9.01812,9.02104,1.58,1.50
2011.10.31 17:01:56.925,9.01858,9.02095,1.50,1.50
2011.10.31 17:02:47.441,9.01858,9.02148,1.50,1.50
2011.10.31 17:03:39.697,9.01907,9.02114,1.97,1.50
2011.10.31 17:03:40.499,9.01917,9.0213,2.23,1.50
2011.10.31 17:03:41.217,9.01861,9.02131,1.50,1.50
2011.10.31 17:03:52.014,9.01839,9.02143,1.50,2.25
2011.10.31 17:04:47.798,9.01823,9.02109,1.50,1.50
2011.10.31 17:04:48.507,9.01823,9.02072,1.50,1.35
2011.10.31 17:05:17.538,9.01826,9.02073,1.50,1.35
2011.10.31 17:06:01.563,9.01823,9.02077,1.50,1.35
2011.10.31 17:06:32.080,9.0184,9.02082,1.50,2.14
2011.10.31 17:06:32.607,9.01857,9.02083,1.50,3.05
2011.10.31 17:07:44.644,9.01872,9.02083,1.35,2.67
2011.10.31 17:07:45.175,9.01889,9.02082,1.50,1.93
2011.10.31 17:07:47.625,9.01889,9.02083,1.50,1.22
2011.10.31 17:07:55.218,9.01913,9.02083,2.25,1.22
2011.10.31 17:07:55.945,9.01931,9.02082,1.50,1.08
2011.10.31 17:07:57.294,9.01981,9.02082,1.50,1.08
2011.10.31 17:07:57.417,9.01981,9.02281,1.50,1.35
2011.10.31 17:07:58.489,9.01981,9.02241,1.50,1.35
2011.10.31 17:08:07.813,9.01966,9.02241,1.50,1.35
2011.10.31 17:08:17.329,9.02058,9.02254,2.10,1.50
2011.10.31 17:08:17.660,9.02089,9.02276,1.35,1.50
2011.10.31 17:08:17.791,9.02028,9.02254,1.13,1.50
2011.10.31 17:08:17.910,9.02,9.02254,1.13,1.50
2011.10.31 17:08:19.470,9.01992,9.02265,1.50,1.35
2011.10.31 17:09:10.963,9.01987,9.02265,1.50,1.35
2011.10.31 17:09:15.347,9.01987,9.02265,1.50,1.35
2011.10.31 17:09:17.478,9.01983,9.02251,1.13,1.35
2011.10.31 17:09:26.439,9.01987,9.02262,1.50,1.58
2011.10.31 17:09:31.215,9.01991,9.02275,1.50,1.35
2011.10.31 17:09:38.161,9.02004,9.02275,1.13,1.35
2011.10.31 17:09:48.876,9.01987,9.02275,1.50,1.35
2011.10.31 17:09:48.998,9.01947,9.02215,1.13,1.35
2011.10.31 17:10:03.468,9.01987,9.02215,1.50,1.35
2011.10.31 17:10:04.239,9.01982,9.02266,1.50,1.35
2011.10.31 17:10:42.471,9.01981,9.02252,1.13,1.50
2011.10.31 17:10:42.811,9.01946,9.0222,2.45,1.35
2011.10.31 17:11:02.509,9.01929,9.02208,1.35,2.25
2011.10.31 17:11:02.632,9.01929,9.02208,1.35,1.50
2011.10.31 17:11:02.968,9.01926,9.02186,1.35,1.50
2011.10.31 17:11:23.808,9.01898,9.02163,2.48,1.50
2011.10.31 17:11:23.926,9.01887,9.02161,1.50,1.35
2011.10.31 17:11:24.159,9.01868,9.02158,1.35,1.50
2011.10.31 17:11:59.254,9.01902,9.0215,1.50,1.50
2011.10.31 17:11:59.718,9.01902,9.02161,1.50,1.35
2011.10.31 17:12:08.721,9.01882,9.02107,1.50,1.50
2011.10.31 17:12:15.003,9.01879,9.02102,1.50,1.50
2011.10.31 17:12:17.996,9.01879,9.02085,1.50,1.50
2011.10.31 17:12:25.185,9.01847,9.02087,1.70,1.50
2011.10.31 17:12:30.707,9.01874,9.02098,1.35,1.50
2011.10.31 17:12:30.940,9.01874,9.02119,1.35,1.13
2011.10.31 17:12:31.279,9.01893,9.02119,1.50,1.50
2011.10.31 17:12:32.240,9.01949,9.02147,1.35,1.13
2011.10.31 17:12:32.365,9.01949,9.02166,1.35,1.50
2011.10.31 17:12:37.379,9.01948,9.02159,1.35,1.50
2011.10.31 17:12:37.497,9.01878,9.02065,1.70,1.50
2011.10.31 17:12:37.617,9.019,9.02142,2.30,1.58
2011.10.31 17:12:37.740,9.01942,9.02143,1.50,1.81
2011.10.31 17:12:37.967,9.01942,9.02165,1.50,1.50
2011.10.31 17:12:38.718,9.01942,9.02165,1.50,1.13
2011.10.31 17:12:39.058,9.01942,9.02157,1.50,1.13
2011.10.31 17:12:39.508,9.01942,9.02164,1.50,1.13
2011.10.31 17:12:39.848,9.01942,9.02164,1.50,1.13
2011.10.31 17:12:43.226,9.01942,9.02135,1.50,1.13
2011.10.31 17:12:43.568,9.01934,9.02135,1.35,1.13
2011.10.31 17:12:43.690,9.01934,9.02131,1.35,1.13
2011.10.31 17:12:51.591,9.01934,9.02113,1.35,1.13
2011.10.31 17:12:51.708,9.01888,9.02109,1.13,1.50
2011.10.31 17:13:10.791,9.01888,9.0215,2.48,1.50
2011.10.31 17:13:11.129,9.01919,9.02168,1.35,1.58
2011.10.31 17:13:11.255,9.01919,9.02194,1.35,1.50
2011.10.31 17:13:23.390,9.01936,9.022,1.35,1.50
2011.10.31 17:13:37.958,9.01967,9.02172,2.21,1.50
2011.10.31 17:13:42.029,9.01891,9.02161,1.24,1.35
2011.10.31 17:13:42.146,9.01891,9.02161,1.05,1.35
2011.10.31 17:13:42.719,9.01958,9.02161,2.65,1.35
2011.10.31 17:13:48.589,9.01968,9.02167,1.66,1.35
2011.10.31 17:13:48.708,9.01994,9.02172,1.35,1.58
2011.10.31 17:13:48.830,9.01994,9.02198,1.35,1.13
2011.10.31 17:13:49.061,9.01995,9.02271,1.50,1.50
2011.10.31 17:13:50.058,9.02057,9.02285,1.28,1.35
2011.10.31 17:13:51.285,9.02047,9.0222,2.79,1.35
2011.10.31 17:13:52.621,9.01925,9.0222,1.73,1.35
2011.10.31 17:13:52.753,9.02038,9.0222,1.20,1.35
2011.10.31 17:14:44.778,9.02058,9.0222,1.20,1.35
2011.10.31 17:14:52.870,9.01924,9.02248,1.50,1.50
2011.10.31 17:14:55.072,9.01998,9.02248,1.12,1.50
2011.10.31 17:16:34.109,9.02001,9.02251,1.20,1.50
2011.10.31 17:16:34.232,9.02083,9.02252,1.50,1.50
2011.10.31 17:16:34.458,9.02184,9.0239,1.35,1.54
2011.10.31 17:16:34.580,9.02184,9.0239,1.35,1.50
2011.10.31 17:16:34.699,9.02184,9.02433,1.35,1.13
2011.10.31 17:16:34.817,9.02184,9.02444,1.35,1.13
2011.10.31 17:16:35.920,9.02238,9.02427,2.29,1.13
2011.10.31 17:16:36.258,9.02238,9.02453,2.22,1.50
2011.10.31 17:16:38.519,9.02238,9.02453,2.22,1.50
2011.10.31 17:16:43.079,9.02237,9.02473,1.49,1.50
2011.10.31 17:16:43.428,9.02237,9.02469,1.65,1.50
2011.10.31 17:16:44.893,9.02237,9.02486,1.27,1.50
2011.10.31 17:16:45.470,9.02255,9.02495,1.32,1.35
2011.10.31 17:16:48.835,9.02242,9.0243,2.15,1.35
2011.10.31 17:16:48.968,9.02242,9.02435,1.02,1.35
2011.10.31 17:16:52.689,9.02242,9.02508,1.40,1.50
2011.10.31 17:16:52.812,9.02237,9.02508,1.71,1.50
2011.10.31 17:17:25.141,9.02237,9.02453,1.33,2.10
2011.10.31 17:17:34.760,9.02237,9.02463,1.33,1.50
2011.10.31 17:17:40.931,9.02277,9.02511,1.50,1.50
2011.10.31 17:17:47.532,9.02428,9.02581,2.10,1.50
2011.10.31 17:17:47.650,9.02423,9.02581,1.50,1.50
2011.10.31 17:17:47.774,9.02435,9.02636,1.50,1.50
2011.10.31 17:17:47.900,9.02442,9.02636,1.50,1.50
2011.10.31 17:17:48.238,9.02469,9.02669,2.25,1.50
2011.10.31 17:17:48.929,9.02503,9.02677,1.50,1.50
2011.10.31 17:17:50.708,9.02506,9.02677,2.25,1.50
2011.10.31 17:17:54.236,9.02369,9.02677,1.50,1.50
2011.10.31 17:17:56.667,9.02458,9.02677,1.50,1.50
2011.10.31 17:17:56.900,9.02558,9.02835,2.25,1.50
2011.10.31 17:17:59.223,9.02594,9.02815,1.58,1.50
2011.10.31 17:17:59.762,9.02738,9.02815,1.02,1.50
2011.10.31 17:18:09.977,9.02758,9.03183,1.02,1.58
2011.10.31 17:18:22.928,9.02768,9.03145,1.18,1.21
2011.10.31 17:18:23.269,9.02788,9.03032,1.50,1.50
2011.10.31 17:18:38.689,9.02788,9.03053,1.50,1.50
2011.10.31 17:18:38.809,9.02788,9.03053,1.50,1.50
2011.10.31 17:18:47.167,9.02777,9.03053,1.58,1.50
2011.10.31 17:18:47.287,9.02767,9.03046,1.80,1.50
2011.10.31 17:18:47.920,9.02767,9.03046,1.31,1.50
2011.10.31 17:18:54.749,9.02748,9.02882,1.02,1.13
2011.10.31 17:18:55.196,9.02497,9.02882,1.70,1.13
2011.10.31 17:18:55.921,9.02522,9.02855,1.50,1.50
2011.10.31 17:19:00.222,9.02735,9.02999,1.35,1.50
2011.10.31 17:19:02.337,9.02755,9.02979,1.50,1.50
2011.10.31 17:19:02.681,9.02868,9.03184,1.50,1.50
2011.10.31 17:19:26.307,9.02895,9.03226,1.50,1.50
2011.10.31 17:19:26.428,9.02895,9.0314,1.70,2.10
2011.10.31 17:19:26.768,9.02878,9.0314,1.32,2.10
2011.10.31 17:19:26.997,9.02875,9.0314,1.13,2.85
2011.10.31 17:19:27.159,9.02836,9.0314,1.70,2.85
2011.10.31 17:19:27.387,9.02781,9.03111,1.70,1.50
2011.10.31 17:19:27.510,9.02696,9.0317,1.70,1.50
2011.10.31 17:19:27.627,9.02696,9.0317,1.70,1.50
2011.10.31 17:19:29.334,9.02696,9.0317,1.70,1.50
2011.10.31 17:19:36.210,9.02696,9.0317,1.70,1.50
2011.10.31 17:19:43.301,9.02672,9.03125,1.13,1.50
2011.10.31 17:19:43.529,9.02655,9.02934,1.13,1.50
2011.10.31 17:19:50.742,9.02585,9.02829,1.32,1.50
2011.10.31 17:19:50.860,9.02543,9.02829,1.70,1.50
2011.10.31 17:19:58.316,9.02597,9.02813,1.13,1.50
2011.10.31 17:19:58.438,9.02798,9.03092,2.10,4.50
2011.10.31 17:19:58.559,9.02798,9.03075,2.10,1.50
2011.10.31 17:19:58.680,9.02816,9.03182,1.35,2.25
2011.10.31 17:20:02.846,9.02869,9.03142,1.35,1.50
2011.10.31 17:20:03.078,9.02848,9.03155,1.50,1.50
2011.10.31 17:20:03.307,9.02848,9.03178,1.50,1.50
2011.10.31 17:20:03.661,9.02829,9.0316,1.50,1.50
2011.10.31 17:20:04.384,9.02829,9.0316,1.50,1.50
2011.10.31 17:20:05.211,9.02867,9.03155,1.50,1.50
2011.10.31 17:20:17.218,9.02838,9.03097,2.25,2.10
2011.10.31 17:20:17.338,9.02813,9.03069,1.13,1.35
2011.10.31 17:20:17.567,9.02766,9.03093,1.32,1.50
2011.10.31 17:20:17.688,9.02763,9.03093,1.70,1.50
2011.10.31 17:20:20.721,9.02718,9.03124,1.70,1.50
2011.10.31 17:20:26.198,9.02843,9.031,1.50,1.13
2011.10.31 17:20:29.219,9.02887,9.03166,1.50,1.50
2011.10.31 17:20:35.571,9.02873,9.03171,1.13,1.50
2011.10.31 17:20:35.688,9.02863,9.03115,1.70,1.35
2011.10.31 17:20:37.072,9.02809,9.03091,1.70,1.50
2011.10.31 17:20:37.192,9.0279,9.02998,1.70,2.10
2011.10.31 17:20:37.431,9.02708,9.02996,1.50,1.35
2011.10.31 17:20:37.769,9.02718,9.02996,1.50,1.35
2011.10.31 17:20:38.201,9.02672,9.02976,1.70,1.35
2011.10.31 17:20:41.263,9.02725,9.02973,1.50,1.13
2011.10.31 17:20:41.382,9.02743,9.03031,1.50,1.50
2011.10.31 17:20:49.195,9.02743,9.02991,1.50,1.35
2011.10.31 17:20:56.679,9.02698,9.02991,2.10,1.35
2011.10.31 17:20:57.183,9.02698,9.02979,2.10,1.50
2011.10.31 17:21:06.228,9.02677,9.02968,1.35,1.50
2011.10.31 17:21:06.353,9.02653,9.02816,1.70,1.35
2011.10.31 17:21:06.473,9.02613,9.02848,1.50,2.85
2011.10.31 17:21:06.588,9.02648,9.02874,2.30,1.50
2011.10.31 17:21:06.710,9.02681,9.02971,1.50,1.58
2011.10.31 17:21:06.829,9.02681,9.02971,1.50,1.58
2011.10.31 17:21:15.236,9.02679,9.02925,1.35,1.50
2011.10.31 17:21:15.819,9.02679,9.02925,1.35,1.50
2011.10.31 17:22:24.902,9.02647,9.02915,1.70,1.50
2011.10.31 17:22:37.188,9.02622,9.02901,1.70,1.50
2011.10.31 17:22:37.312,9.02622,9.02901,1.70,1.50
2011.10.31 17:22:37.428,9.02622,9.02938,1.70,1.50
2011.10.31 17:22:37.658,9.02628,9.02912,1.70,1.50
2011.10.31 17:24:19.731,9.02612,9.02879,1.70,1.50
2011.10.31 17:24:20.179,9.02599,9.02879,1.50,1.50
2011.10.31 17:24:25.831,9.02599,9.02845,1.50,1.50
2011.10.31 17:24:26.669,9.02586,9.02845,1.50,1.50
2011.10.31 17:24:28.262,9.02622,9.0287,1.35,1.50
2011.10.31 17:24:28.386,9.02622,9.02914,1.35,1.50
2011.10.31 17:24:28.516,9.02622,9.02914,1.35,1.50
2011.10.31 17:24:28.660,9.02629,9.02912,1.35,1.50
2011.10.31 17:24:29.680,9.02606,9.02852,1.70,1.35
2011.10.31 17:24:30.559,9.02572,9.02852,1.50,1.35
2011.10.31 17:24:32.198,9.02609,9.02852,1.13,1.35
2011.10.31 17:24:32.320,9.02621,9.02863,1.35,1.50
2011.10.31 17:24:32.438,9.02621,9.02911,1.35,2.25
2011.10.31 17:24:32.559,9.02621,9.02911,1.35,1.50
2011.10.31 17:24:32.680,9.02628,9.02911,1.35,2.25
2011.10.31 17:24:33.664,9.02605,9.02882,1.70,1.35
2011.10.31 17:24:37.710,9.02541,9.02816,1.70,1.50
2011.10.31 17:24:40.798,9.02541,9.02816,1.50,1.35
2011.10.31 17:24:40.918,9.02608,9.0284,1.13,1.50
2011.10.31 17:24:41.039,9.02608,9.02878,1.13,1.50
2011.10.31 17:24:41.159,9.02608,9.02908,1.13,1.50
2011.10.31 17:24:41.279,9.02612,9.02905,1.50,1.50
2011.10.31 17:24:43.169,9.02602,9.02789,1.32,1.13
2011.10.31 17:24:46.013,9.02538,9.02769,1.70,1.13
2011.10.31 17:24:47.658,9.02538,9.02768,1.70,1.13
2011.10.31 17:25:26.819,9.02537,9.02769,1.70,1.13
2011.10.31 17:25:26.940,9.02537,9.02779,1.70,1.13
2011.10.31 17:25:28.068,9.02526,9.02782,1.70,1.50
2011.10.31 17:25:28.299,9.02526,9.02659,1.50,1.13
2011.10.31 17:25:28.420,9.02402,9.02659,1.70,1.13
2011.10.31 17:25:37.331,9.02422,9.02638,1.70,1.13
2011.10.31 17:25:37.450,9.02422,9.02608,1.32,1.50
2011.10.31 17:25:37.569,9.02422,9.02608,1.13,1.50
2011.10.31 17:25:37.690,9.02353,9.02594,1.35,1.13
2011.10.31 17:25:43.641,9.02353,9.02632,1.35,1.50
2011.10.31 17:25:44.479,9.02353,9.02632,1.35,1.50
2011.10.31 17:25:50.198,9.02353,9.02632,1.35,1.50
2011.10.31 17:25:50.651,9.02353,9.02632,1.35,1.50
2011.10.31 17:26:02.959,9.02353,9.02631,1.35,1.50
2011.10.31 17:26:03.540,9.02353,9.02631,1.35,1.50
2011.10.31 17:26:14.128,9.02353,9.02631,1.35,1.50
2011.10.31 17:26:14.468,9.02353,9.02631,1.35,1.50
2011.10.31 17:26:16.940,9.02338,9.02578,1.70,1.50
2011.10.31 17:26:17.389,9.02299,9.02578,1.35,1.50
2011.10.31 17:26:17.730,9.02299,9.02578,1.35,1.50
2011.10.31 17:27:06.454,9.02384,9.02609,2.10,1.50
2011.10.31 17:27:06.576,9.02402,9.02609,1.35,1.50
2011.10.31 17:27:07.259,9.02384,9.02615,2.10,1.50
2011.10.31 17:27:52.877,9.02384,9.02523,2.10,1.50
2011.10.31 17:27:53.000,9.02232,9.02521,1.50,1.35
2011.10.31 17:28:44.922,9.02388,9.02539,2.10,1.50
2011.10.31 17:28:45.272,9.02432,9.02597,2.10,1.50
2011.10.31 17:28:45.391,9.02432,9.0266,2.10,1.50
2011.10.31 17:28:45.618,9.02411,9.0266,1.50,1.50
2011.10.31 17:28:45.850,9.02387,9.02646,1.50,1.50
2011.10.31 17:28:46.078,9.02369,9.02646,2.25,1.50
2011.10.31 17:28:46.198,9.02342,9.02646,1.50,1.50
2011.10.31 17:28:51.251,9.02346,9.02646,2.25,1.50
2011.10.31 17:28:54.828,9.0236,9.02644,1.50,1.50
2011.10.31 17:28:55.168,9.0236,9.02642,1.50,1.50
2011.10.31 17:28:55.428,9.0236,9.02645,1.50,1.50
2011.10.31 17:28:55.769,9.0236,9.02648,1.50,1.50
2011.10.31 17:29:00.172,9.02346,9.02648,1.50,1.50
2011.10.31 17:29:00.292,9.02338,9.02648,1.35,1.50
2011.10.31 17:29:45.887,9.02332,9.02648,1.50,1.50
2011.10.31 17:29:46.008,9.02316,9.02647,1.50,1.50
2011.10.31 17:29:50.675,9.02316,9.02647,1.50,1.50
2011.10.31 17:29:55.688,9.02478,9.02647,1.13,2.25
2011.10.31 17:29:55.811,9.02478,9.02776,1.13,1.58
2011.10.31 17:29:56.044,9.02478,9.02807,1.13,1.50
2011.10.31 17:30:04.169,9.02498,9.02764,1.70,1.13
2011.10.31 17:30:04.771,9.02498,9.02789,1.32,1.35
2011.10.31 17:30:04.891,9.02498,9.02789,1.32,1.35
2011.10.31 17:30:05.231,9.02498,9.02789,1.32,1.35
2011.10.31 17:30:17.223,9.02498,9.02789,1.32,1.35
2011.10.31 17:30:19.272,9.02503,9.02789,1.32,1.35
2011.10.31 17:30:19.390,9.02498,9.02789,1.32,1.35
2011.10.31 17:30:19.860,9.02505,9.02789,1.32,1.35
2011.10.31 17:30:20.091,9.02501,9.02789,1.32,1.35
2011.10.31 17:30:21.746,9.02501,9.02804,1.32,1.35
2011.10.31 17:30:28.317,9.02507,9.02821,1.17,1.35
2011.10.31 17:30:28.441,9.02507,9.02818,1.55,1.13
2011.10.31 17:30:28.563,9.02556,9.02838,1.70,1.35
2011.10.31 17:30:30.263,9.02558,9.02843,1.32,1.35
2011.10.31 17:30:30.719,9.02557,9.02833,1.70,1.35
2011.10.31 17:30:30.952,9.02599,9.02862,1.35,1.13
2011.10.31 17:30:31.312,9.02599,9.029,1.55,1.50
2011.10.31 17:30:38.891,9.02679,9.02875,2.25,1.50
2011.10.31 17:30:39.290,9.02728,9.029,1.50,1.35
2011.10.31 17:30:39.414,9.02638,9.02897,3.95,1.50
2011.10.31 17:30:40.322,9.02638,9.02897,1.50,1.50
2011.10.31 17:30:40.442,9.02606,9.02879,1.70,1.35
2011.10.31 17:30:41.650,9.0255,9.02856,1.70,1.50
2011.10.31 17:30:41.990,9.0255,9.02856,1.70,1.50
2011.10.31 17:30:42.970,9.02541,9.02834,1.55,1.50
2011.10.31 17:30:47.718,9.02541,9.02834,1.35,1.50
2011.10.31 17:31:40.149,9.02541,9.02814,1.35,1.50
2011.10.31 17:32:39.088,9.02489,9.02774,1.35,1.50
2011.10.31 17:32:39.432,9.02434,9.02732,1.70,1.50
2011.10.31 17:34:30.533,9.02404,9.02658,1.70,1.50
2011.10.31 17:34:30.653,9.02404,9.02658,1.70,1.50
2011.10.31 17:34:31.016,9.02374,9.02658,1.35,1.50
2011.10.31 17:34:31.912,9.02374,9.02658,1.35,1.50
2011.10.31 17:34:32.252,9.02374,9.02658,1.35,1.50
2011.10.31 17:34:33.318,9.02374,9.02622,1.35,1.50
2011.10.31 17:34:33.660,9.02374,9.02622,1.35,1.50
2011.10.31 17:35:32.718,9.02338,9.0263,1.50,1.50
2011.10.31 17:35:42.449,9.02337,9.02616,1.50,1.50
2011.10.31 17:35:55.108,9.02289,9.02549,1.35,1.50
2011.10.31 17:35:55.440,9.02289,9.02565,1.35,1.50
2011.10.31 17:35:55.783,9.02289,9.02565,1.35,1.50
2011.10.31 17:35:56.784,9.02289,9.02565,1.35,1.50
2011.10.31 17:35:57.122,9.02289,9.02565,1.35,1.50
2011.10.31 17:35:57.241,9.02289,9.02565,1.35,1.50
2011.10.31 17:35:57.876,9.02289,9.02546,1.35,1.50
2011.10.31 17:35:58.669,9.02289,9.02546,1.35,1.50
2011.10.31 17:35:58.909,9.02249,9.0254,1.35,1.35
2011.10.31 17:35:59.562,9.02249,9.0254,1.35,1.35
2011.10.31 17:36:00.011,9.02249,9.0253,1.35,1.50
2011.10.31 17:36:45.682,9.02248,9.02461,1.35,1.50
2011.10.31 17:38:48.390,9.02305,9.02482,1.35,1.50
2011.10.31 17:38:48.621,9.02297,9.02482,1.35,1.50
2011.10.31 17:38:48.741,9.02287,9.02486,1.13,1.35
2011.10.31 17:38:48.860,9.02198,9.02475,1.70,1.50
2011.10.31 17:38:48.983,9.02202,9.02475,1.70,1.50
2011.10.31 17:38:49.440,9.02177,9.02475,1.70,1.50
2011.10.31 17:38:49.889,9.02177,9.02475,1.70,1.50
2011.10.31 17:38:50.371,9.02248,9.02475,1.13,1.50
2011.10.31 17:38:50.612,9.02378,9.02569,1.50,1.50
2011.10.31 17:38:50.972,9.02378,9.0259,1.50,1.50
2011.10.31 17:39:11.170,9.02398,9.0259,2.25,1.50
2011.10.31 17:39:11.533,9.02568,9.02869,1.50,1.50
2011.10.31 17:39:45.999,9.02617,9.0283,1.50,1.50
2011.10.31 17:39:54.773,9.02607,9.02853,1.50,1.13
2011.10.31 17:39:55.001,9.02607,9.02868,1.50,1.13
2011.10.31 17:40:34.032,9.02617,9.02868,1.50,1.50
2011.10.31 17:40:53.839,9.02601,9.02905,1.50,1.50
2011.10.31 17:40:54.378,9.02608,9.02856,1.50,1.50
2011.10.31 17:40:54.503,9.02608,9.02858,1.50,1.13
2011.10.31 17:40:56.192,9.02601,9.02872,1.50,1.50
2011.10.31 17:40:56.551,9.02601,9.02852,1.50,1.50
2011.10.31 17:40:56.894,9.02598,9.02825,1.13,1.50
2011.10.31 17:41:00.020,9.02617,9.02825,1.50,1.50
2011.10.31 17:41:00.262,9.02607,9.02872,1.50,1.50
2011.10.31 17:41:00.490,9.02607,9.02872,1.50,1.50
2011.10.31 17:41:50.760,9.02581,9.0278,1.50,2.10
2011.10.31 17:41:51.016,9.02237,9.02852,3.20,1.50
2011.10.31 17:41:51.142,9.02248,9.02826,3.20,1.50
2011.10.31 17:41:51.264,9.02248,9.02812,3.20,1.50
2011.10.31 17:41:51.502,9.02248,9.02795,3.20,1.50
2011.10.31 17:41:52.480,9.02287,9.02791,3.20,1.50
2011.10.31 17:42:21.861,9.02287,9.02785,3.20,1.50
2011.10.31 17:43:16.890,9.02287,9.02786,3.20,1.50
2011.10.31 17:43:33.790,9.02288,9.02787,3.20,1.50
2011.10.31 17:43:34.129,9.02288,9.02789,3.20,1.50
2011.10.31 17:43:49.093,9.02288,9.02763,3.20,1.35
2011.10.31 17:43:49.431,9.02211,9.02545,1.70,1.50
2011.10.31 17:43:49.981,9.02211,9.02545,1.70,1.50
2011.10.31 17:43:50.320,9.02226,9.02568,1.35,1.50
2011.10.31 17:43:50.670,9.02227,9.02528,1.13,1.50
2011.10.31 17:43:54.502,9.02232,9.02528,1.50,1.50
2011.10.31 17:43:54.621,9.02287,9.02553,2.85,1.58
2011.10.31 17:43:54.742,9.02287,9.02533,2.85,1.58
2011.10.31 17:43:54.865,9.02257,9.02538,3.00,1.50
2011.10.31 17:43:54.981,9.02289,9.02598,1.13,1.50
2011.10.31 17:43:55.101,9.02269,9.02598,1.50,1.50
2011.10.31 17:43:55.841,9.02269,9.02598,1.70,1.50
2011.10.31 17:43:56.201,9.02181,9.02413,1.13,1.43
2011.10.31 17:43:56.321,9.02152,9.02413,1.70,1.43
2011.10.31 17:44:00.855,9.02131,9.02373,1.32,1.43
2011.10.31 17:44:01.201,9.02059,9.02302,1.70,1.35
2011.10.31 17:44:01.322,9.02038,9.02302,1.70,1.35
2011.10.31 17:45:03.178,9.02038,9.0232,1.70,1.50
2011.10.31 17:45:03.629,9.02038,9.0232,1.70,1.50
2011.10.31 17:46:10.618,9.02037,9.02357,1.70,1.43
2011.10.31 17:46:32.836,9.02033,9.02294,1.50,1.50
2011.10.31 17:46:33.181,9.01952,9.02226,1.32,1.35
2011.10.31 17:46:49.262,9.01947,9.02176,1.13,1.35
2011.10.31 17:47:12.409,9.01897,9.02157,1.50,1.50
2011.10.31 17:47:13.212,9.01867,9.0215,1.70,1.35
2011.10.31 17:47:30.291,9.01867,9.0215,2.07,1.35
2011.10.31 17:47:30.923,9.01868,9.02172,1.70,1.06
2011.10.31 17:47:31.272,9.01907,9.02174,1.32,1.73
2011.10.31 17:47:31.802,9.01902,9.02174,1.32,1.73
2011.10.31 17:47:32.156,9.01896,9.02156,1.32,1.13
2011.10.31 17:47:34.112,9.01896,9.02162,1.32,1.13
2011.10.31 17:47:34.670,9.01902,9.0217,1.32,1.13
2011.10.31 17:47:37.732,9.01902,9.0217,1.32,1.50
2011.10.31 17:47:38.082,9.01857,9.02131,2.45,1.35
2011.10.31 17:47:39.461,9.01851,9.02127,1.32,1.35
2011.10.31 17:48:43.693,9.01882,9.02166,1.13,1.81
2011.10.31 17:48:43.923,9.01918,9.02191,1.50,1.35
2011.10.31 17:48:44.166,9.01982,9.022,1.50,1.50
2011.10.31 17:48:44.285,9.01982,9.02232,1.50,1.73
2011.10.31 17:48:44.403,9.01982,9.02233,1.50,1.17
2011.10.31 17:48:51.310,9.01982,9.02203,1.50,2.10
2011.10.31 17:48:51.547,9.01972,9.02192,1.13,1.35
2011.10.31 17:48:51.933,9.01954,9.02203,1.70,2.10
2011.10.31 17:48:52.052,9.01958,9.02221,1.70,1.21
2011.10.31 17:48:52.173,9.01961,9.02221,1.32,1.13
2011.10.31 17:48:52.457,9.01961,9.02219,1.32,1.13
2011.10.31 17:48:52.802,9.01957,9.02227,2.45,1.73
2011.10.31 17:48:53.920,9.01967,9.02228,1.70,1.73
2011.10.31 17:49:06.244,9.01957,9.02227,3.20,1.73
2011.10.31 17:49:13.470,9.01968,9.02222,2.45,1.35
2011.10.31 17:49:14.274,9.01982,9.0224,1.13,1.35
2011.10.31 17:49:17.714,9.01992,9.02222,1.50,1.35
2011.10.31 17:49:21.071,9.01953,9.02167,1.70,2.10
2011.10.31 17:49:21.190,9.01948,9.02157,1.70,1.35
2011.10.31 17:50:21.121,9.01913,9.02192,1.70,1.58
2011.10.31 17:50:47.981,9.01913,9.02192,1.70,1.58
2011.10.31 17:55:47.945,9.01882,9.02213,1.70,1.50
2011.10.31 17:56:25.680,9.01837,9.02247,1.70,1.35
2011.10.31 17:56:27.864,9.01837,9.02247,1.70,1.35
2011.10.31 17:56:29.023,9.01837,9.02247,1.70,1.35
2011.10.31 17:56:32.187,9.019,9.02222,1.70,1.35
2011.10.31 17:56:35.061,9.01897,9.02222,1.70,1.35
2011.10.31 17:56:40.097,9.01877,9.02207,1.70,1.50
2011.10.31 17:56:49.997,9.01898,9.02222,1.70,1.35
2011.10.31 17:56:56.318,9.01874,9.02203,1.70,1.50
2011.10.31 17:56:59.830,9.01891,9.0222,1.70,1.50
2011.10.31 17:57:02.772,9.01913,9.02195,1.70,1.58
2011.10.31 17:57:43.629,9.01897,9.02192,1.70,1.58
2011.10.31 17:58:05.017,9.01889,9.02173,1.70,1.50
2011.10.31 17:58:25.186,9.0191,9.02192,1.70,1.50
2011.10.31 17:58:26.798,9.01977,9.02226,1.50,1.35
2011.10.31 17:58:26.932,9.01988,9.02251,1.50,1.13
2011.10.31 17:58:38.418,9.01988,9.02272,1.50,1.73
2011.10.31 17:58:43.823,9.02071,9.02297,1.35,1.50
2011.10.31 17:58:44.056,9.02113,9.02302,1.50,1.50
2011.10.31 17:58:44.176,9.02113,9.02377,1.50,1.35
2011.10.31 17:58:44.295,9.02117,9.02387,3.00,1.35
2011.10.31 17:58:46.769,9.02188,9.02425,1.50,1.50
2011.10.31 17:58:46.899,9.02188,9.02451,1.50,1.35
2011.10.31 17:58:47.637,9.02188,9.02453,1.50,1.35
2011.10.31 17:58:58.673,9.02202,9.02476,1.50,2.48
2011.10.31 17:59:46.298,9.02198,9.02452,1.13,1.35
2011.10.31 17:59:52.175,9.0218,9.02331,1.70,2.10
2011.10.31 17:59:52.402,9.02048,9.023,1.70,1.35
2011.10.31 17:59:52.521,9.02048,9.023,1.70,1.35
2011.10.31 17:59:53.951,9.02068,9.02274,1.70,1.50
2011.10.31 17:59:59.540,9.02068,9.0228,1.70,1.35
