2015.08.04 17:00:00.353,9.47196,9.47419,1.00,1.35
2015.08.04 17:00:00.465,9.47196,9.47422,1.00,1.35
2015.08.04 17:00:01.862,9.47196,9.47419,1.00,1.35
2015.08.04 17:00:02.063,9.47196,9.47423,1.00,1.35
2015.08.04 17:00:07.913,9.47196,9.47419,1.00,1.35
2015.08.04 17:00:10.921,9.47196,9.47423,1.00,1.35
2015.08.04 17:00:23.469,9.47196,9.47422,1.00,1.67
2015.08.04 17:00:44.007,9.47196,9.47422,1.00,1.97
2015.08.04 17:00:50.281,9.47186,9.47422,1.00,1.97
2015.08.04 17:00:50.481,9.47186,9.47417,1.00,1.35
2015.08.04 17:00:52.280,9.47186,9.47417,1.00,1.35
2015.08.04 17:00:52.382,9.47176,9.47415,1.00,1.35
2015.08.04 17:00:52.483,9.47176,9.47415,1.00,1.35
2015.08.04 17:00:52.838,9.47166,9.47409,1.00,1.35
2015.08.04 17:00:53.835,9.47156,9.47414,1.00,1.35
2015.08.04 17:00:54.333,9.47156,9.47414,1.00,1.35
2015.08.04 17:00:54.791,9.47237,9.47422,2.10,1.75
2015.08.04 17:00:54.841,9.47226,9.47422,2.10,1.75
2015.08.04 17:00:54.892,9.47276,9.47422,1.00,1.75
2015.08.04 17:00:54.994,9.47276,9.47484,1.00,1.12
2015.08.04 17:00:55.196,9.47247,9.47419,1.00,1.35
2015.08.04 17:00:55.248,9.47232,9.47419,1.00,1.35
2015.08.04 17:00:55.350,9.47196,9.47419,1.00,1.35
2015.08.04 17:00:55.692,9.47196,9.47418,1.00,1.35
2015.08.04 17:00:56.795,9.47196,9.47418,1.00,1.35
2015.08.04 17:00:56.996,9.47196,9.47418,1.00,1.35
2015.08.04 17:00:58.001,9.47196,9.47416,1.00,1.35
2015.08.04 17:00:59.953,9.47196,9.47416,1.00,1.35
2015.08.04 17:01:00.207,9.47196,9.47418,1.00,1.35
2015.08.04 17:01:01.161,9.47196,9.47418,1.00,1.35
2015.08.04 17:01:02.517,9.47196,9.47418,1.00,1.35
2015.08.04 17:01:03.133,9.47196,9.47421,1.00,1.35
2015.08.04 17:01:05.682,9.47196,9.47419,1.00,1.35
2015.08.04 17:01:05.928,9.47196,9.47419,1.00,1.35
2015.08.04 17:01:10.746,9.47196,9.4742,1.00,1.35
2015.08.04 17:01:10.947,9.47196,9.4742,1.00,1.35
2015.08.04 17:01:12.512,9.47196,9.4742,1.00,1.35
2015.08.04 17:01:14.509,9.47196,9.47418,1.00,1.35
2015.08.04 17:01:14.573,9.47196,9.47418,1.00,1.35
2015.08.04 17:01:14.681,9.47196,9.47418,1.00,1.35
2015.08.04 17:01:18.673,9.47196,9.4742,1.00,1.35
2015.08.04 17:01:20.188,9.47196,9.4742,1.00,1.35
2015.08.04 17:01:22.744,9.47196,9.4742,1.00,1.35
2015.08.04 17:01:24.061,9.47196,9.47421,1.00,1.35
2015.08.04 17:01:29.013,9.47196,9.47417,1.00,1.35
2015.08.04 17:01:29.231,9.47196,9.47417,1.00,1.35
2015.08.04 17:01:29.995,9.47196,9.47417,1.00,1.35
2015.08.04 17:01:30.221,9.47196,9.47417,1.00,1.35
2015.08.04 17:01:31.211,9.47196,9.47419,1.00,1.35
2015.08.04 17:01:31.432,9.47196,9.47419,1.00,1.35
2015.08.04 17:01:35.153,9.47196,9.47419,1.00,1.35
2015.08.04 17:01:35.894,9.47196,9.47417,1.00,1.35
2015.08.04 17:01:35.946,9.47196,9.47417,1.00,1.35
2015.08.04 17:01:36.161,9.47196,9.47417,1.00,1.35
2015.08.04 17:01:41.195,9.47196,9.47417,1.00,1.35
2015.08.04 17:01:42.762,9.47196,9.47417,1.00,1.35
2015.08.04 17:01:44.405,9.47196,9.47419,1.00,1.35
2015.08.04 17:01:44.732,9.47196,9.47419,1.00,1.35
2015.08.04 17:01:47.683,9.47196,9.47417,1.00,1.35
2015.08.04 17:01:48.921,9.47196,9.4742,1.00,1.35
2015.08.04 17:01:50.210,9.47196,9.47418,1.00,1.35
2015.08.04 17:01:50.430,9.47196,9.47418,1.00,1.35
2015.08.04 17:01:55.381,9.47196,9.47419,1.00,1.35
2015.08.04 17:01:55.741,9.47196,9.47419,1.00,1.35
2015.08.04 17:01:57.721,9.47196,9.47419,1.00,1.67
2015.08.04 17:01:59.459,9.47196,9.47419,1.00,1.35
2015.08.04 17:01:59.701,9.47196,9.47419,1.00,1.35
2015.08.04 17:02:04.978,9.47196,9.47419,1.00,1.35
2015.08.04 17:02:06.181,9.47196,9.47419,1.00,1.35
2015.08.04 17:02:08.948,9.47196,9.47416,1.00,1.35
2015.08.04 17:02:10.700,9.47196,9.47418,1.00,1.35
2015.08.04 17:02:11.912,9.47205,9.47416,1.00,1.35
2015.08.04 17:02:12.251,9.47205,9.47416,1.00,1.35
2015.08.04 17:02:13.207,9.47205,9.4742,1.00,1.35
2015.08.04 17:02:14.990,9.47205,9.4742,1.00,1.35
2015.08.04 17:02:16.941,9.47205,9.47418,1.00,1.35
2015.08.04 17:02:18.162,9.47205,9.47418,1.00,1.35
2015.08.04 17:02:19.188,9.47205,9.47418,1.00,1.35
2015.08.04 17:02:20.491,9.47205,9.4742,1.00,1.35
2015.08.04 17:02:21.811,9.47205,9.47418,1.00,1.35
2015.08.04 17:02:23.240,9.47205,9.47418,1.00,1.35
2015.08.04 17:02:26.530,9.47196,9.4742,1.00,1.35
2015.08.04 17:02:26.950,9.47196,9.47418,1.00,1.35
2015.08.04 17:02:28.190,9.47196,9.47418,1.00,1.35
2015.08.04 17:02:34.216,9.47196,9.47418,1.00,1.35
2015.08.04 17:02:34.468,9.47196,9.47418,1.00,1.35
2015.08.04 17:02:40.392,9.47196,9.47416,1.00,1.35
2015.08.04 17:02:42.240,9.47196,9.47418,1.00,1.35
2015.08.04 17:02:42.479,9.47196,9.47418,1.00,1.35
2015.08.04 17:02:44.006,9.47196,9.47418,1.00,1.35
2015.08.04 17:02:45.240,9.47196,9.4742,1.00,1.35
2015.08.04 17:02:49.733,9.47196,9.47418,1.00,1.35
2015.08.04 17:02:50.942,9.47196,9.47418,1.00,1.35
2015.08.04 17:02:53.480,9.47196,9.47418,1.00,1.35
2015.08.04 17:02:53.600,9.47196,9.47418,1.00,1.35
2015.08.04 17:02:57.174,9.47196,9.47418,1.00,1.35
2015.08.04 17:03:07.100,9.47196,9.47418,1.00,1.35
2015.08.04 17:03:07.465,9.47195,9.47409,1.00,1.35
2015.08.04 17:03:07.566,9.47175,9.47409,1.00,1.35
2015.08.04 17:03:08.439,9.47175,9.47409,1.00,1.35
2015.08.04 17:03:09.888,9.47166,9.47404,1.00,1.35
2015.08.04 17:03:09.990,9.47166,9.47404,1.00,1.35
2015.08.04 17:03:10.626,9.47166,9.47402,1.00,1.35
2015.08.04 17:03:10.881,9.47156,9.47406,1.00,1.35
2015.08.04 17:03:10.949,9.47156,9.47406,1.00,1.35
2015.08.04 17:03:13.180,9.47156,9.47402,1.00,1.35
2015.08.04 17:03:14.500,9.47156,9.47404,1.00,1.35
2015.08.04 17:03:15.461,9.47156,9.4741,1.00,1.35
2015.08.04 17:03:15.580,9.47146,9.47411,1.00,1.75
2015.08.04 17:03:15.681,9.47146,9.47411,1.00,1.75
2015.08.04 17:03:17.451,9.47146,9.47415,1.00,1.35
2015.08.04 17:03:18.539,9.47146,9.47415,1.00,1.35
2015.08.04 17:03:18.979,9.47146,9.47417,1.00,1.35
2015.08.04 17:03:21.362,9.47146,9.47407,1.00,1.75
2015.08.04 17:03:51.340,9.47136,9.47409,1.00,1.75
2015.08.04 17:03:51.465,9.47136,9.47409,1.00,1.75
2015.08.04 17:03:51.793,9.47145,9.47386,1.00,1.75
2015.08.04 17:03:51.895,9.47136,9.47386,1.00,1.75
2015.08.04 17:03:51.996,9.47136,9.47386,1.00,1.75
2015.08.04 17:03:52.307,9.47136,9.47386,1.00,1.75
2015.08.04 17:04:09.248,9.47136,9.47389,1.00,1.75
2015.08.04 17:04:13.918,9.47136,9.47389,1.00,1.75
2015.08.04 17:04:15.329,9.47136,9.47389,1.00,1.75
2015.08.04 17:04:21.580,9.47136,9.47389,1.00,1.75
2015.08.04 17:04:22.584,9.47136,9.47389,1.00,1.75
2015.08.04 17:04:28.089,9.47136,9.47392,1.00,1.75
2015.08.04 17:04:29.407,9.47136,9.47392,1.00,1.75
2015.08.04 17:04:34.129,9.47136,9.47392,1.00,1.75
2015.08.04 17:04:36.795,9.47136,9.47392,1.00,1.75
2015.08.04 17:04:39.612,9.47136,9.47391,1.00,1.75
2015.08.04 17:05:05.131,9.47136,9.47384,1.00,1.75
2015.08.04 17:05:07.472,9.47136,9.47384,1.00,1.75
2015.08.04 17:05:10.649,9.47146,9.47384,1.00,1.75
2015.08.04 17:05:28.171,9.47136,9.47387,1.00,1.75
2015.08.04 17:05:32.632,9.47126,9.47386,1.60,1.35
2015.08.04 17:05:33.150,9.47126,9.47384,1.60,1.35
2015.08.04 17:05:33.716,9.47126,9.47386,1.60,1.35
2015.08.04 17:05:33.868,9.4712,9.47383,1.60,1.75
2015.08.04 17:05:49.461,9.47128,9.47383,1.60,1.75
2015.08.04 17:05:56.971,9.47128,9.47381,1.60,1.75
2015.08.04 17:06:04.025,9.47128,9.47381,1.60,1.75
2015.08.04 17:06:06.890,9.47128,9.47383,1.00,1.75
2015.08.04 17:06:12.151,9.47128,9.47383,1.00,1.75
2015.08.04 17:06:20.504,9.47127,9.47387,1.35,1.75
2015.08.04 17:06:30.704,9.47127,9.47402,1.60,1.75
2015.08.04 17:06:30.857,9.47127,9.47402,1.60,1.75
2015.08.04 17:06:43.810,9.47128,9.47403,1.60,1.75
2015.08.04 17:06:54.148,9.47128,9.47402,1.60,1.75
2015.08.04 17:06:54.690,9.47128,9.47402,1.60,1.75
2015.08.04 17:07:00.394,9.47128,9.47402,1.60,1.75
2015.08.04 17:07:00.652,9.47124,9.47402,1.60,1.75
2015.08.04 17:07:00.765,9.47124,9.47402,1.60,1.75
2015.08.04 17:07:01.116,9.47136,9.47402,1.00,1.75
2015.08.04 17:07:01.751,9.47136,9.47401,1.00,1.75
2015.08.04 17:07:02.131,9.47126,9.47408,1.60,1.75
2015.08.04 17:07:02.289,9.47126,9.47408,1.60,1.75
2015.08.04 17:07:02.521,9.47126,9.47408,1.60,1.75
2015.08.04 17:07:02.890,9.47136,9.47408,1.00,2.10
2015.08.04 17:07:03.224,9.47136,9.47408,1.00,2.10
2015.08.04 17:07:03.489,9.47136,9.47408,1.00,1.75
2015.08.04 17:07:03.891,9.47126,9.47408,1.60,1.75
2015.08.04 17:07:04.576,9.47136,9.47408,1.00,2.10
2015.08.04 17:07:05.029,9.47136,9.474,1.00,1.75
2015.08.04 17:07:06.646,9.47126,9.474,1.60,1.75
2015.08.04 17:07:07.794,9.47126,9.474,1.60,1.75
2015.08.04 17:07:07.999,9.47136,9.474,1.00,1.75
2015.08.04 17:07:08.101,9.47124,9.47379,1.60,1.35
2015.08.04 17:07:08.360,9.47124,9.47379,1.60,1.35
2015.08.04 17:07:11.403,9.47124,9.47377,1.60,1.35
2015.08.04 17:07:12.808,9.47124,9.47379,1.60,1.35
2015.08.04 17:07:13.094,9.47124,9.47379,1.60,1.35
2015.08.04 17:07:13.828,9.47124,9.47377,1.60,1.35
2015.08.04 17:07:14.030,9.47124,9.47357,1.00,1.35
2015.08.04 17:07:14.082,9.47116,9.47357,1.60,1.35
2015.08.04 17:07:14.301,9.47116,9.47357,1.60,1.35
2015.08.04 17:07:15.034,9.47116,9.4738,1.60,1.75
2015.08.04 17:07:15.287,9.4713,9.4739,1.00,1.75
2015.08.04 17:07:20.400,9.47121,9.4739,1.60,1.75
2015.08.04 17:07:49.092,9.47125,9.47388,1.60,1.75
2015.08.04 17:07:56.447,9.47126,9.47388,1.60,1.75
2015.08.04 17:07:56.778,9.47126,9.47388,1.60,1.75
2015.08.04 17:07:56.949,9.47126,9.47409,1.60,1.75
2015.08.04 17:07:57.820,9.47126,9.47409,1.60,1.75
2015.08.04 17:08:04.239,9.47126,9.4741,2.10,1.75
2015.08.04 17:08:04.349,9.47126,9.4741,2.10,1.75
2015.08.04 17:08:04.528,9.47126,9.4741,2.10,1.75
2015.08.04 17:08:04.792,9.47126,9.4741,2.10,1.75
2015.08.04 17:08:06.268,9.47126,9.4741,2.10,1.75
2015.08.04 17:08:11.590,9.47126,9.4741,2.10,2.25
2015.08.04 17:08:14.987,9.47126,9.4741,2.10,2.25
2015.08.04 17:08:15.869,9.47126,9.47409,1.60,1.35
2015.08.04 17:08:15.970,9.47126,9.47409,1.60,1.35
2015.08.04 17:08:39.588,9.47129,9.47409,1.60,1.35
2015.08.04 17:08:40.798,9.47129,9.47409,1.60,1.35
2015.08.04 17:08:41.271,9.47129,9.47409,1.60,1.35
2015.08.04 17:08:42.086,9.47129,9.47413,1.60,2.85
2015.08.04 17:08:42.493,9.47126,9.47381,1.60,1.35
2015.08.04 17:08:43.829,9.47115,9.47379,1.60,1.35
2015.08.04 17:08:44.346,9.47115,9.47382,1.60,1.35
2015.08.04 17:08:54.778,9.47115,9.47379,1.60,1.35
2015.08.04 17:08:57.542,9.47115,9.47376,1.60,1.35
2015.08.04 17:08:57.959,9.47115,9.47376,1.60,1.35
2015.08.04 17:08:58.281,9.47115,9.47333,1.00,1.35
2015.08.04 17:08:58.332,9.47112,9.47333,1.00,1.35
2015.08.04 17:08:58.434,9.47112,9.47324,1.00,1.35
2015.08.04 17:08:58.485,9.47086,9.47324,1.00,1.35
2015.08.04 17:08:58.770,9.47086,9.47322,1.00,1.35
2015.08.04 17:08:59.514,9.47086,9.47324,1.00,1.35
2015.08.04 17:09:02.562,9.47089,9.47351,2.10,1.75
2015.08.04 17:09:02.714,9.47092,9.47351,2.10,1.75
2015.08.04 17:09:02.817,9.47115,9.47362,1.60,1.75
2015.08.04 17:09:03.098,9.47115,9.47348,1.00,1.35
2015.08.04 17:09:03.149,9.47115,9.47346,1.00,1.35
2015.08.04 17:09:03.200,9.47103,9.47346,1.60,1.35
2015.08.04 17:09:07.432,9.47095,9.47346,1.60,1.35
2015.08.04 17:09:13.801,9.47095,9.47337,1.60,1.35
2015.08.04 17:09:32.537,9.47095,9.47342,1.60,1.35
2015.08.04 17:09:34.147,9.47095,9.47342,1.60,1.35
2015.08.04 17:09:47.017,9.47095,9.47342,1.60,1.35
2015.08.04 17:09:56.124,9.47096,9.47342,1.60,1.35
2015.08.04 17:09:57.177,9.47106,9.47342,1.00,1.35
2015.08.04 17:09:58.280,9.47106,9.47342,1.00,1.35
2015.08.04 17:10:11.224,9.47106,9.47344,1.00,1.35
2015.08.04 17:10:11.522,9.47106,9.47365,1.60,1.75
2015.08.04 17:10:11.665,9.4709,9.47372,2.10,1.75
2015.08.04 17:10:11.817,9.47106,9.47383,1.60,1.75
2015.08.04 17:10:12.020,9.47138,9.47405,1.00,1.35
2015.08.04 17:10:12.324,9.47116,9.47352,1.00,1.35
2015.08.04 17:10:15.054,9.47116,9.47347,1.00,1.35
2015.08.04 17:10:15.172,9.47116,9.47347,1.00,1.35
2015.08.04 17:10:15.429,9.47116,9.47354,1.00,1.35
2015.08.04 17:10:15.830,9.47116,9.4738,1.60,1.75
2015.08.04 17:10:16.181,9.47124,9.47392,1.00,1.35
2015.08.04 17:11:04.020,9.47123,9.47399,1.60,1.75
2015.08.04 17:11:14.520,9.47123,9.47399,1.60,1.75
2015.08.04 17:11:32.853,9.47136,9.47398,1.00,1.75
2015.08.04 17:11:34.158,9.47136,9.47398,1.00,1.75
2015.08.04 17:11:34.599,9.47146,9.47398,1.00,1.75
2015.08.04 17:11:34.700,9.47146,9.47398,1.00,1.75
2015.08.04 17:11:34.852,9.47126,9.47398,1.60,1.75
2015.08.04 17:11:36.467,9.47126,9.47398,1.60,1.75
2015.08.04 17:11:39.979,9.47126,9.47396,1.60,1.75
2015.08.04 17:11:40.328,9.47135,9.47396,1.00,1.75
2015.08.04 17:11:40.578,9.47126,9.47396,1.60,1.75
2015.08.04 17:11:41.269,9.47126,9.47396,1.60,1.75
2015.08.04 17:11:41.430,9.47126,9.47396,1.60,1.75
2015.08.04 17:11:41.781,9.47126,9.47396,1.60,1.75
2015.08.04 17:11:42.029,9.47115,9.47398,1.60,1.75
2015.08.04 17:11:42.179,9.47115,9.47398,1.60,1.75
2015.08.04 17:11:42.283,9.47115,9.47398,1.60,1.75
2015.08.04 17:11:42.399,9.47115,9.47398,1.60,1.75
2015.08.04 17:11:42.935,9.47115,9.47398,1.60,1.75
2015.08.04 17:11:43.339,9.47125,9.47398,1.60,1.75
2015.08.04 17:12:01.979,9.47125,9.47397,1.60,1.75
2015.08.04 17:12:09.819,9.47125,9.47397,1.60,1.75
2015.08.04 17:12:14.018,9.47116,9.47393,1.60,1.75
2015.08.04 17:12:38.571,9.47116,9.47394,1.60,1.35
2015.08.04 17:12:39.579,9.47116,9.47395,1.60,1.75
2015.08.04 17:12:39.731,9.47116,9.47396,1.60,1.75
2015.08.04 17:12:40.787,9.47116,9.47395,1.60,1.35
2015.08.04 17:12:40.949,9.47116,9.47395,1.60,1.35
2015.08.04 17:12:41.138,9.47116,9.47397,1.60,1.75
2015.08.04 17:12:41.292,9.47116,9.47394,1.60,1.35
2015.08.04 17:12:41.472,9.47113,9.47394,1.60,1.35
2015.08.04 17:12:44.909,9.47113,9.47394,1.60,1.35
2015.08.04 17:13:15.791,9.47118,9.474,1.60,1.35
2015.08.04 17:13:15.898,9.47118,9.474,1.60,1.35
2015.08.04 17:13:16.268,9.47118,9.47402,1.60,1.75
2015.08.04 17:13:16.478,9.47118,9.47402,1.60,1.75
2015.08.04 17:13:16.529,9.47118,9.47402,1.60,2.10
2015.08.04 17:13:16.681,9.47118,9.47402,1.60,2.10
2015.08.04 17:13:17.528,9.47118,9.47402,1.60,1.75
2015.08.04 17:13:17.798,9.47118,9.47402,1.60,1.75
2015.08.04 17:13:17.900,9.47118,9.47402,1.60,1.75
2015.08.04 17:13:18.450,9.47126,9.47402,1.60,2.10
2015.08.04 17:13:19.028,9.47126,9.474,1.60,1.35
2015.08.04 17:13:19.352,9.47126,9.474,1.60,1.35
2015.08.04 17:13:40.291,9.47126,9.47394,1.60,1.75
2015.08.04 17:13:47.828,9.47126,9.47397,1.60,1.75
2015.08.04 17:14:01.797,9.47126,9.47397,1.60,1.75
2015.08.04 17:14:04.848,9.47126,9.47397,1.60,1.75
2015.08.04 17:14:09.261,9.47126,9.47397,1.60,1.75
2015.08.04 17:14:19.793,9.47126,9.4738,1.60,1.35
2015.08.04 17:14:20.045,9.47106,9.4738,1.60,1.35
2015.08.04 17:14:20.147,9.47106,9.4738,1.60,1.35
2015.08.04 17:14:20.295,9.47106,9.47381,1.60,1.75
2015.08.04 17:14:20.517,9.47106,9.4738,1.60,1.35
2015.08.04 17:14:20.751,9.47106,9.4738,1.60,1.35
2015.08.04 17:14:21.148,9.47106,9.4738,1.60,1.35
2015.08.04 17:14:33.035,9.47106,9.47378,1.60,1.35
2015.08.04 17:14:33.352,9.47106,9.47378,1.60,1.35
2015.08.04 17:14:35.543,9.47106,9.47376,1.60,1.35
2015.08.04 17:14:55.565,9.47116,9.47376,1.60,1.35
2015.08.04 17:14:57.314,9.47116,9.47384,1.60,1.75
2015.08.04 17:14:57.467,9.47115,9.47398,1.60,1.35
2015.08.04 17:14:58.067,9.47115,9.47391,1.60,1.35
2015.08.04 17:15:00.634,9.47106,9.47389,1.60,1.75
2015.08.04 17:15:03.271,9.47106,9.47389,1.60,1.75
2015.08.04 17:15:03.664,9.47106,9.47389,1.60,2.10
2015.08.04 17:15:03.716,9.47106,9.47389,1.60,2.10
2015.08.04 17:15:09.227,9.47106,9.47389,1.60,2.10
2015.08.04 17:15:21.452,9.47107,9.47377,1.60,1.75
2015.08.04 17:15:28.762,9.47107,9.47377,1.60,1.75
2015.08.04 17:15:58.009,9.47099,9.47377,1.60,1.75
2015.08.04 17:16:08.702,9.47106,9.47377,1.60,1.75
2015.08.04 17:16:32.538,9.47106,9.47377,1.60,1.75
2015.08.04 17:16:32.904,9.47116,9.47377,1.60,1.75
2015.08.04 17:16:33.322,9.47116,9.47376,1.60,1.75
2015.08.04 17:16:33.451,9.47116,9.47376,1.60,1.75
2015.08.04 17:16:33.743,9.47116,9.47376,1.60,1.75
2015.08.04 17:16:34.261,9.47116,9.47376,1.60,1.75
2015.08.04 17:16:34.705,9.47116,9.47376,1.60,1.75
2015.08.04 17:16:34.912,9.47116,9.47376,1.60,1.75
2015.08.04 17:16:35.281,9.47116,9.47376,1.60,1.75
2015.08.04 17:16:35.466,9.47116,9.47376,1.60,1.75
2015.08.04 17:16:38.522,9.47116,9.47376,1.60,1.75
2015.08.04 17:16:49.542,9.47106,9.47376,1.60,1.75
2015.08.04 17:16:54.569,9.47106,9.47376,1.60,1.75
2015.08.04 17:17:04.692,9.47106,9.47376,1.60,1.75
2015.08.04 17:17:26.792,9.47106,9.47373,1.60,1.75
2015.08.04 17:17:28.521,9.47106,9.47373,1.60,1.75
2015.08.04 17:17:49.161,9.47106,9.47373,1.60,1.75
2015.08.04 17:18:10.062,9.47106,9.47373,1.60,1.75
2015.08.04 17:18:32.940,9.47106,9.47373,1.60,1.75
2015.08.04 17:18:40.862,9.47106,9.47373,1.60,1.75
2015.08.04 17:19:01.649,9.47116,9.47372,1.60,1.75
2015.08.04 17:19:02.389,9.47116,9.47372,1.60,1.75
2015.08.04 17:19:02.750,9.47116,9.47372,1.60,1.75
2015.08.04 17:19:04.396,9.47116,9.47372,1.60,1.75
2015.08.04 17:19:07.529,9.47116,9.47372,1.60,1.75
2015.08.04 17:19:17.489,9.47116,9.47372,1.60,1.75
2015.08.04 17:19:19.270,9.47116,9.47372,1.60,1.75
2015.08.04 17:19:20.647,9.47116,9.47379,1.60,1.35
2015.08.04 17:19:21.776,9.47116,9.47381,1.60,1.35
2015.08.04 17:19:21.877,9.47116,9.47378,1.60,1.35
2015.08.04 17:19:23.030,9.47116,9.47381,1.60,1.35
2015.08.04 17:19:48.530,9.47106,9.47379,1.60,1.35
2015.08.04 17:19:48.814,9.47106,9.47381,1.60,1.35
2015.08.04 17:19:49.141,9.47106,9.47381,1.60,1.35
2015.08.04 17:20:04.606,9.47096,9.47373,1.60,1.75
2015.08.04 17:20:10.718,9.47096,9.47373,1.60,1.75
2015.08.04 17:20:21.363,9.47096,9.47373,1.60,1.75
2015.08.04 17:20:21.955,9.47096,9.47373,1.60,1.75
2015.08.04 17:20:50.051,9.47116,9.47373,1.60,1.75
2015.08.04 17:21:07.777,9.47116,9.47373,1.60,1.75
2015.08.04 17:21:08.550,9.47116,9.47373,1.60,1.75
2015.08.04 17:21:09.022,9.47116,9.47373,1.60,1.75
2015.08.04 17:21:28.767,9.47116,9.47373,1.60,1.75
2015.08.04 17:21:28.986,9.47116,9.47373,1.60,1.75
2015.08.04 17:21:31.496,9.47116,9.47373,1.60,1.75
2015.08.04 17:21:40.824,9.47116,9.47373,1.60,1.75
2015.08.04 17:21:43.716,9.47116,9.47373,1.60,1.75
2015.08.04 17:21:50.706,9.47116,9.47373,1.60,1.75
2015.08.04 17:21:51.526,9.47116,9.47373,1.60,1.75
2015.08.04 17:22:09.789,9.47106,9.47375,1.60,1.75
2015.08.04 17:22:11.267,9.47106,9.47375,1.60,1.75
2015.08.04 17:22:11.650,9.47106,9.47375,1.60,1.75
2015.08.04 17:22:12.047,9.47106,9.47375,1.60,1.75
2015.08.04 17:22:25.016,9.47106,9.47379,1.60,1.75
2015.08.04 17:22:31.552,9.47106,9.47379,1.60,1.75
2015.08.04 17:22:45.804,9.47106,9.47381,1.60,1.35
2015.08.04 17:22:46.304,9.47106,9.47383,1.60,1.35
2015.08.04 17:22:50.820,9.47101,9.47379,1.60,1.35
2015.08.04 17:22:57.956,9.47106,9.47307,1.60,1.75
2015.08.04 17:22:58.007,9.47106,9.47307,1.60,1.75
2015.08.04 17:22:58.058,9.47046,9.47257,1.00,1.00
2015.08.04 17:22:58.160,9.46958,9.47242,1.00,1.75
2015.08.04 17:22:58.261,9.46923,9.47207,1.00,1.00
2015.08.04 17:22:58.436,9.46888,9.47172,1.00,1.00
2015.08.04 17:22:58.752,9.46908,9.47192,1.00,1.00
2015.08.04 17:22:59.624,9.46893,9.47177,1.00,1.00
2015.08.04 17:22:59.936,9.46907,9.47191,1.00,1.00
2015.08.04 17:23:00.441,9.46903,9.47187,1.00,1.00
2015.08.04 17:23:01.166,9.46879,9.47163,1.00,1.00
2015.08.04 17:23:01.470,9.46861,9.47145,1.00,1.00
2015.08.04 17:23:13.665,9.46842,9.47126,1.00,1.00
2015.08.04 17:23:15.600,9.4681,9.47094,1.00,1.00
2015.08.04 17:23:16.599,9.46793,9.47077,1.00,1.00
2015.08.04 17:23:17.671,9.46775,9.47059,1.00,1.00
2015.08.04 17:23:20.414,9.4679,9.47074,1.00,1.00
2015.08.04 17:23:20.764,9.46774,9.47058,1.00,1.00
2015.08.04 17:23:22.933,9.46774,9.47058,1.00,1.07
2015.08.04 17:23:23.574,9.46755,9.47041,1.00,1.00
2015.08.04 17:23:24.230,9.46755,9.47041,1.00,1.07
2015.08.04 17:23:24.580,9.4674,9.47026,1.00,1.00
2015.08.04 17:23:25.764,9.46723,9.47007,1.00,1.00
2015.08.04 17:23:28.579,9.46706,9.4699,1.57,1.00
2015.08.04 17:23:29.498,9.46706,9.4699,1.00,1.00
2015.08.04 17:23:32.189,9.46696,9.46975,1.00,1.00
2015.08.04 17:23:32.814,9.46691,9.46975,1.00,1.00
2015.08.04 17:23:33.326,9.46709,9.46993,1.00,1.12
2015.08.04 17:23:34.162,9.46716,9.46993,1.00,1.00
2015.08.04 17:23:34.635,9.46716,9.46978,1.00,1.00
2015.08.04 17:23:37.624,9.46716,9.46999,1.00,1.00
2015.08.04 17:23:38.125,9.46713,9.46999,1.00,1.00
2015.08.04 17:23:38.655,9.46713,9.46999,1.00,1.37
2015.08.04 17:23:39.494,9.46697,9.46981,1.00,1.00
2015.08.04 17:23:39.646,9.46716,9.46981,1.00,1.00
2015.08.04 17:23:40.626,9.46697,9.46981,1.07,1.00
2015.08.04 17:23:40.728,9.46696,9.46967,1.00,1.00
2015.08.04 17:23:42.389,9.46706,9.46967,1.00,1.00
2015.08.04 17:23:42.715,9.46716,9.46967,1.00,1.00
2015.08.04 17:23:44.596,9.46706,9.46967,1.00,1.00
2015.08.04 17:23:47.643,9.46706,9.46983,1.00,1.37
2015.08.04 17:23:48.596,9.46706,9.46983,1.00,1.00
2015.08.04 17:23:49.562,9.46706,9.46983,1.00,1.50
2015.08.04 17:23:50.066,9.46716,9.46983,1.00,1.50
2015.08.04 17:23:51.069,9.46706,9.46983,1.00,1.50
2015.08.04 17:24:00.315,9.46697,9.46983,1.00,1.00
2015.08.04 17:24:00.495,9.46704,9.46988,1.00,1.00
2015.08.04 17:24:00.802,9.46719,9.47003,1.00,1.00
2015.08.04 17:24:01.103,9.46721,9.47003,1.00,1.00
2015.08.04 17:24:01.504,9.46757,9.47003,1.00,1.00
2015.08.04 17:24:01.945,9.46757,9.47023,1.00,1.00
2015.08.04 17:24:20.413,9.46757,9.47026,1.00,1.00
2015.08.04 17:24:40.444,9.46757,9.47032,1.00,1.00
2015.08.04 17:24:46.014,9.46757,9.47032,1.00,1.60
2015.08.04 17:24:46.318,9.46755,9.46994,1.00,1.00
2015.08.04 17:24:46.644,9.46755,9.46994,1.00,1.07
2015.08.04 17:24:47.375,9.46746,9.46974,1.00,1.00
2015.08.04 17:24:47.824,9.46746,9.46974,1.00,1.07
2015.08.04 17:24:51.666,9.46736,9.46974,1.00,1.37
2015.08.04 17:24:55.806,9.46736,9.46955,1.00,2.17
2015.08.04 17:24:55.858,9.46716,9.46954,1.00,2.17
2015.08.04 17:24:55.960,9.46706,9.46938,1.00,1.35
2015.08.04 17:24:56.213,9.46706,9.46934,1.00,1.97
2015.08.04 17:24:56.761,9.46706,9.46934,1.00,1.97
2015.08.04 17:24:57.625,9.46696,9.46934,1.00,1.97
2015.08.04 17:24:59.463,9.46696,9.46919,1.00,1.35
2015.08.04 17:25:00.014,9.46696,9.46913,1.00,1.35
2015.08.04 17:25:01.570,9.46686,9.46911,1.00,1.35
2015.08.04 17:25:06.860,9.46686,9.46911,1.00,1.35
2015.08.04 17:25:07.848,9.46666,9.46888,1.00,1.35
2015.08.04 17:25:07.949,9.4666,9.46888,1.00,1.35
2015.08.04 17:25:08.000,9.46656,9.46874,1.00,1.97
2015.08.04 17:25:08.051,9.46626,9.46869,1.00,2.47
2015.08.04 17:25:08.102,9.46626,9.46857,1.00,1.05
2015.08.04 17:25:08.406,9.46676,9.46843,1.00,1.35
2015.08.04 17:25:08.844,9.46676,9.46857,1.00,1.35
2015.08.04 17:25:09.291,9.46676,9.46852,1.00,2.47
2015.08.04 17:25:09.529,9.46676,9.46857,1.00,1.35
2015.08.04 17:25:11.029,9.46676,9.46856,1.00,2.47
2015.08.04 17:25:12.553,9.46666,9.46857,1.00,1.35
2015.08.04 17:25:14.769,9.46666,9.46862,1.00,1.35
2015.08.04 17:25:15.769,9.46666,9.46863,1.00,1.75
2015.08.04 17:25:15.871,9.46626,9.46863,1.12,1.75
2015.08.04 17:25:15.923,9.46626,9.46863,1.12,1.00
2015.08.04 17:25:15.974,9.46626,9.46891,1.07,1.00
2015.08.04 17:25:16.075,9.46626,9.46909,1.07,1.00
2015.08.04 17:25:16.126,9.46626,9.46909,1.37,1.00
2015.08.04 17:25:16.469,9.46626,9.46909,1.75,1.00
2015.08.04 17:25:17.707,9.46641,9.4691,1.75,1.00
2015.08.04 17:25:20.258,9.46641,9.4691,1.75,1.00
2015.08.04 17:25:24.563,9.46641,9.4691,1.75,1.60
2015.08.04 17:25:27.869,9.46641,9.4691,1.75,1.60
2015.08.04 17:25:31.279,9.46641,9.4691,1.75,1.60
2015.08.04 17:25:32.528,9.46641,9.4691,1.75,1.60
2015.08.04 17:25:32.819,9.46641,9.4691,1.75,1.60
2015.08.04 17:25:33.802,9.46675,9.4691,1.37,1.60
2015.08.04 17:25:34.008,9.46675,9.4691,1.75,1.60
2015.08.04 17:25:34.859,9.46675,9.4691,1.75,1.60
2015.08.04 17:25:40.769,9.46666,9.4691,1.75,1.60
2015.08.04 17:25:41.071,9.46656,9.4691,1.75,1.60
2015.08.04 17:25:43.296,9.46666,9.4691,1.75,1.60
2015.08.04 17:25:45.029,9.46666,9.4691,1.75,1.60
2015.08.04 17:25:50.410,9.46666,9.4691,1.75,1.60
2015.08.04 17:25:50.528,9.46666,9.4691,1.75,1.35
2015.08.04 17:25:50.728,9.46666,9.4691,1.75,1.35
2015.08.04 17:25:51.102,9.46666,9.4691,1.75,1.60
2015.08.04 17:25:52.065,9.46666,9.4691,1.75,1.60
2015.08.04 17:25:54.541,9.46666,9.4691,1.75,1.60
2015.08.04 17:25:55.042,9.46686,9.4691,1.75,1.00
2015.08.04 17:25:55.093,9.46686,9.46941,1.75,1.75
2015.08.04 17:25:55.144,9.46646,9.46925,1.75,1.00
2015.08.04 17:25:55.314,9.46668,9.46952,1.75,1.00
2015.08.04 17:25:55.467,9.46668,9.46952,1.75,1.00
2015.08.04 17:25:55.809,9.46668,9.46952,1.75,1.00
2015.08.04 17:25:58.336,9.46675,9.46952,1.75,1.00
2015.08.04 17:25:59.320,9.46675,9.46952,1.75,1.00
2015.08.04 17:26:00.320,9.46675,9.46952,1.75,1.00
2015.08.04 17:26:00.473,9.46675,9.46959,2.25,1.00
2015.08.04 17:26:00.524,9.46675,9.46959,2.25,1.00
2015.08.04 17:26:04.269,9.46675,9.46959,2.25,1.00
2015.08.04 17:26:04.478,9.46675,9.46959,2.25,1.00
2015.08.04 17:26:05.224,9.46675,9.46959,2.25,1.00
2015.08.04 17:26:05.276,9.46675,9.46959,2.25,1.00
2015.08.04 17:26:08.790,9.46675,9.46959,2.25,1.00
2015.08.04 17:26:11.759,9.46675,9.46959,2.25,1.00
2015.08.04 17:26:13.509,9.46675,9.46959,2.25,1.00
2015.08.04 17:26:14.514,9.46676,9.46959,1.75,1.00
2015.08.04 17:26:15.040,9.46676,9.46959,1.75,1.00
2015.08.04 17:26:15.259,9.46676,9.46959,1.75,1.00
2015.08.04 17:26:17.809,9.46676,9.46959,1.75,1.00
2015.08.04 17:26:20.126,9.46696,9.4698,1.75,1.00
2015.08.04 17:26:20.511,9.46691,9.46975,1.75,1.00
2015.08.04 17:26:26.804,9.46686,9.46958,1.75,1.00
2015.08.04 17:26:27.028,9.46686,9.46958,1.75,1.00
2015.08.04 17:26:29.118,9.46686,9.46958,1.75,1.00
2015.08.04 17:26:34.418,9.46686,9.46958,1.75,1.00
2015.08.04 17:26:37.719,9.46675,9.46958,2.25,1.00
2015.08.04 17:26:41.260,9.46686,9.46958,1.75,1.00
2015.08.04 17:26:42.678,9.46686,9.46958,1.75,1.00
2015.08.04 17:26:42.899,9.46686,9.46958,1.75,1.00
2015.08.04 17:26:44.558,9.46676,9.46958,1.75,1.00
2015.08.04 17:26:44.878,9.46676,9.46958,1.75,1.00
2015.08.04 17:26:46.309,9.46676,9.46958,1.75,1.00
2015.08.04 17:26:47.575,9.46676,9.46958,1.75,1.60
2015.08.04 17:26:47.676,9.46676,9.46958,1.75,1.60
2015.08.04 17:26:47.778,9.46676,9.46958,1.75,1.35
2015.08.04 17:26:48.835,9.46676,9.4695,1.75,1.00
2015.08.04 17:26:49.137,9.46676,9.46945,1.75,1.00
2015.08.04 17:27:00.480,9.46686,9.4695,1.75,1.00
2015.08.04 17:27:03.894,9.46669,9.46953,1.75,1.00
2015.08.04 17:27:03.945,9.46669,9.46953,1.75,1.00
2015.08.04 17:27:04.147,9.46669,9.46953,1.75,1.00
2015.08.04 17:27:04.491,9.46669,9.46953,1.75,1.00
2015.08.04 17:27:04.828,9.46685,9.46953,1.75,1.60
2015.08.04 17:27:04.929,9.46685,9.46953,1.75,1.60
2015.08.04 17:27:05.031,9.46685,9.46932,1.75,1.60
2015.08.04 17:27:08.777,9.46685,9.46925,1.75,1.00
2015.08.04 17:27:08.879,9.46648,9.46932,1.75,1.00
2015.08.04 17:27:08.980,9.46665,9.46949,1.75,1.00
2015.08.04 17:27:09.981,9.46675,9.46949,1.75,1.00
2015.08.04 17:27:10.617,9.46666,9.46949,1.75,1.00
2015.08.04 17:27:10.976,9.46665,9.46949,1.37,1.00
2015.08.04 17:27:11.289,9.46665,9.46949,1.07,1.00
2015.08.04 17:27:11.900,9.46656,9.4693,1.37,1.00
2015.08.04 17:27:12.929,9.46656,9.4693,1.07,1.00
2015.08.04 17:27:13.191,9.46656,9.4693,1.75,1.00
2015.08.04 17:27:14.908,9.46666,9.4693,1.00,1.00
2015.08.04 17:27:15.078,9.46646,9.46881,1.37,2.10
2015.08.04 17:27:15.426,9.46626,9.46874,1.75,2.10
2015.08.04 17:27:15.477,9.46626,9.46874,1.75,2.10
2015.08.04 17:27:15.580,9.46626,9.46859,1.75,1.60
2015.08.04 17:27:15.834,9.46616,9.4686,1.75,2.85
2015.08.04 17:27:15.937,9.46616,9.4686,1.75,1.60
2015.08.04 17:27:16.469,9.46606,9.4686,1.50,1.60
2015.08.04 17:27:20.631,9.46606,9.46863,1.75,1.60
2015.08.04 17:27:21.084,9.46606,9.46863,1.75,1.00
2015.08.04 17:27:21.185,9.46613,9.46863,1.75,1.00
2015.08.04 17:27:21.236,9.46633,9.46917,1.37,1.00
2015.08.04 17:27:21.440,9.46651,9.46935,1.37,1.37
2015.08.04 17:27:21.772,9.46651,9.46935,1.75,1.00
2015.08.04 17:27:22.987,9.46651,9.46935,1.75,1.00
2015.08.04 17:27:23.177,9.46651,9.46935,1.75,1.00
2015.08.04 17:27:23.764,9.46651,9.46935,1.37,1.00
2015.08.04 17:27:24.148,9.46651,9.46935,1.75,1.00
2015.08.04 17:27:25.469,9.46651,9.46935,1.75,1.00
2015.08.04 17:27:26.265,9.46651,9.46935,1.75,1.00
2015.08.04 17:27:31.218,9.46651,9.46935,1.75,1.00
2015.08.04 17:27:32.730,9.46651,9.46935,1.75,1.00
2015.08.04 17:27:33.034,9.46665,9.46935,1.75,1.00
2015.08.04 17:27:33.949,9.46667,9.46951,1.75,1.00
2015.08.04 17:27:36.928,9.46667,9.46951,1.37,1.00
2015.08.04 17:27:36.978,9.4665,9.46936,1.50,1.00
2015.08.04 17:27:38.922,9.4665,9.46936,1.37,1.00
2015.08.04 17:27:40.225,9.46665,9.46936,1.37,1.00
2015.08.04 17:27:40.675,9.46665,9.46932,1.37,1.00
2015.08.04 17:27:41.428,9.46656,9.46932,1.75,1.00
2015.08.04 17:27:41.780,9.46656,9.46932,1.75,1.00
2015.08.04 17:27:41.983,9.46662,9.46946,1.75,1.75
2015.08.04 17:27:42.627,9.46662,9.46946,1.75,1.75
2015.08.04 17:27:42.678,9.46662,9.46946,1.75,1.00
2015.08.04 17:27:42.957,9.46662,9.46946,1.75,1.00
2015.08.04 17:27:43.286,9.46662,9.46946,1.75,1.00
2015.08.04 17:27:43.746,9.46676,9.46946,1.75,1.00
2015.08.04 17:27:44.167,9.46676,9.46946,1.75,1.00
2015.08.04 17:27:45.377,9.46676,9.46946,1.75,1.00
2015.08.04 17:27:45.482,9.46681,9.46965,1.75,1.75
2015.08.04 17:27:46.149,9.46681,9.46965,1.75,1.75
2015.08.04 17:27:46.945,9.46681,9.46965,1.75,1.75
2015.08.04 17:27:47.513,9.46681,9.46965,1.75,1.75
2015.08.04 17:27:47.838,9.46681,9.46965,1.75,1.75
2015.08.04 17:27:47.955,9.46681,9.46965,1.75,1.75
2015.08.04 17:27:48.677,9.46681,9.46965,1.75,1.75
2015.08.04 17:27:53.016,9.46676,9.46947,1.75,1.00
2015.08.04 17:27:54.982,9.46663,9.46947,1.75,1.00
2015.08.04 17:27:59.678,9.46663,9.46947,1.75,1.00
2015.08.04 17:28:00.491,9.46665,9.46939,1.75,1.00
2015.08.04 17:28:00.810,9.46665,9.46939,1.75,1.37
2015.08.04 17:28:01.277,9.46665,9.46935,1.75,1.00
2015.08.04 17:28:02.260,9.46669,9.46953,1.75,1.75
2015.08.04 17:28:02.796,9.46669,9.46953,1.75,1.12
2015.08.04 17:28:05.011,9.46669,9.46953,1.75,1.12
2015.08.04 17:28:05.538,9.46669,9.46953,1.75,1.12
2015.08.04 17:28:05.589,9.46659,9.46936,1.75,1.00
2015.08.04 17:28:12.908,9.46663,9.46936,1.75,1.00
2015.08.04 17:28:14.637,9.46663,9.46936,1.75,1.00
2015.08.04 17:28:15.283,9.46666,9.46952,1.75,1.00
2015.08.04 17:28:15.861,9.46666,9.46952,1.75,1.00
2015.08.04 17:28:17.020,9.46663,9.46936,1.75,1.00
2015.08.04 17:28:20.529,9.46663,9.46942,1.75,1.00
2015.08.04 17:28:22.669,9.46663,9.46942,1.75,1.00
2015.08.04 17:28:23.267,9.46663,9.46942,1.75,1.00
2015.08.04 17:28:23.596,9.46663,9.46928,1.75,1.00
2015.08.04 17:28:24.229,9.46663,9.46928,1.75,1.00
2015.08.04 17:28:25.644,9.46656,9.46928,1.75,1.00
2015.08.04 17:28:25.796,9.46658,9.46942,1.75,1.00
2015.08.04 17:28:25.999,9.46665,9.46942,1.75,1.00
2015.08.04 17:28:26.230,9.46665,9.46942,1.75,1.00
2015.08.04 17:28:26.971,9.46665,9.46942,1.75,1.00
2015.08.04 17:28:27.309,9.46665,9.46942,1.75,1.00
2015.08.04 17:28:35.992,9.4667,9.46942,1.75,1.00
2015.08.04 17:28:36.467,9.46658,9.46942,1.75,1.00
2015.08.04 17:28:37.118,9.46665,9.46927,1.75,1.00
2015.08.04 17:28:37.220,9.46665,9.46942,1.75,1.00
2015.08.04 17:28:37.422,9.46665,9.46942,1.75,1.00
2015.08.04 17:28:39.247,9.46665,9.46942,1.75,1.00
2015.08.04 17:28:40.560,9.46665,9.46929,1.75,1.00
2015.08.04 17:28:40.713,9.46665,9.46929,1.75,1.00
2015.08.04 17:28:41.012,9.46665,9.46945,1.75,1.00
2015.08.04 17:28:41.374,9.46665,9.46945,1.75,1.00
2015.08.04 17:28:41.925,9.46665,9.46945,1.75,1.00
2015.08.04 17:28:43.456,9.46665,9.46945,1.75,1.00
2015.08.04 17:28:47.642,9.46666,9.46945,1.75,1.00
2015.08.04 17:28:48.441,9.46665,9.46945,1.75,1.00
2015.08.04 17:28:48.543,9.46665,9.46945,1.75,1.00
2015.08.04 17:28:49.226,9.46665,9.46945,1.75,1.00
2015.08.04 17:28:49.730,9.46666,9.46945,1.75,1.00
2015.08.04 17:28:51.160,9.46666,9.46945,1.75,1.00
2015.08.04 17:28:51.410,9.46661,9.46945,1.75,1.00
2015.08.04 17:28:51.715,9.46665,9.46945,1.75,1.00
2015.08.04 17:28:55.932,9.46665,9.46945,1.75,1.00
2015.08.04 17:28:56.216,9.46665,9.46945,1.75,1.00
2015.08.04 17:28:56.887,9.46665,9.46945,1.75,1.00
2015.08.04 17:28:57.205,9.46665,9.46945,1.75,1.00
2015.08.04 17:29:00.450,9.46665,9.46937,1.75,1.00
2015.08.04 17:29:03.180,9.46665,9.46937,1.75,1.00
2015.08.04 17:29:03.518,9.46665,9.46937,1.75,1.00
2015.08.04 17:29:04.508,9.46665,9.46937,1.75,1.00
2015.08.04 17:29:04.725,9.46665,9.46937,1.75,1.00
2015.08.04 17:29:05.456,9.46665,9.46937,1.75,1.00
2015.08.04 17:29:05.931,9.46665,9.46937,1.75,1.00
2015.08.04 17:29:06.591,9.46665,9.4692,1.75,1.00
2015.08.04 17:29:06.935,9.46665,9.4692,1.75,1.00
2015.08.04 17:29:07.483,9.46656,9.4694,1.75,1.37
2015.08.04 17:29:07.682,9.46656,9.4694,1.75,1.37
2015.08.04 17:29:07.885,9.46656,9.4694,1.75,1.37
2015.08.04 17:29:08.433,9.4667,9.4694,1.75,1.00
2015.08.04 17:29:09.648,9.46656,9.4694,1.75,1.00
2015.08.04 17:29:10.228,9.46665,9.4694,1.75,1.00
2015.08.04 17:29:10.431,9.46665,9.4694,1.75,1.00
2015.08.04 17:29:10.634,9.46665,9.4694,1.75,1.00
2015.08.04 17:29:12.186,9.46665,9.4694,1.75,1.00
2015.08.04 17:29:12.753,9.46666,9.4694,1.75,1.00
2015.08.04 17:29:13.483,9.46656,9.4694,1.75,1.00
2015.08.04 17:29:13.939,9.46665,9.4694,1.75,1.00
2015.08.04 17:29:14.478,9.46665,9.4694,1.75,1.00
2015.08.04 17:29:14.729,9.46666,9.4694,1.75,1.00
2015.08.04 17:29:15.041,9.46666,9.4694,1.75,1.00
2015.08.04 17:29:15.499,9.46681,9.4696,1.75,1.00
2015.08.04 17:29:15.640,9.46681,9.46965,1.75,1.37
2015.08.04 17:29:15.986,9.46677,9.46946,1.75,1.00
2015.08.04 17:29:17.689,9.4666,9.46946,1.75,1.00
2015.08.04 17:29:18.580,9.46677,9.46946,1.75,1.00
2015.08.04 17:29:18.882,9.46677,9.46946,1.75,1.00
2015.08.04 17:29:20.187,9.4666,9.46946,1.75,1.37
2015.08.04 17:29:20.492,9.46645,9.46929,1.75,1.00
2015.08.04 17:29:21.072,9.46677,9.46929,1.75,1.00
2015.08.04 17:29:21.225,9.46677,9.46929,1.75,1.00
2015.08.04 17:29:21.983,9.46677,9.46929,1.75,1.00
2015.08.04 17:29:22.186,9.46677,9.46929,1.75,1.00
2015.08.04 17:29:22.237,9.46677,9.46913,1.75,1.00
2015.08.04 17:29:22.545,9.46677,9.46913,1.75,1.00
2015.08.04 17:29:23.400,9.46677,9.46913,1.75,1.00
2015.08.04 17:29:24.747,9.46677,9.46913,1.75,1.00
2015.08.04 17:29:25.508,9.46677,9.46913,1.75,1.00
2015.08.04 17:29:25.928,9.46677,9.46913,1.75,1.00
2015.08.04 17:29:26.493,9.46677,9.46913,1.75,1.00
2015.08.04 17:29:26.915,9.46649,9.46933,1.75,1.50
2015.08.04 17:29:27.017,9.46649,9.46933,1.75,1.00
2015.08.04 17:29:27.286,9.46677,9.46933,1.75,1.00
2015.08.04 17:29:28.238,9.46677,9.46933,1.75,1.00
2015.08.04 17:29:29.230,9.46673,9.46933,1.75,1.00
2015.08.04 17:29:30.316,9.46677,9.46933,1.75,1.00
2015.08.04 17:29:33.285,9.46677,9.46933,1.75,1.00
2015.08.04 17:29:38.568,9.46677,9.46933,1.75,1.00
2015.08.04 17:29:39.101,9.46677,9.46933,1.75,1.00
2015.08.04 17:29:39.572,9.46677,9.46933,1.37,1.00
2015.08.04 17:29:39.674,9.46677,9.46933,1.37,1.00
2015.08.04 17:29:39.885,9.46677,9.46933,1.75,1.00
2015.08.04 17:29:40.223,9.46677,9.46933,1.75,1.00
2015.08.04 17:29:54.892,9.46677,9.46933,1.75,1.00
2015.08.04 17:29:55.338,9.46677,9.46933,1.75,1.00
2015.08.04 17:29:56.472,9.46656,9.46917,1.75,1.00
2015.08.04 17:29:57.468,9.46651,9.46935,1.75,1.00
2015.08.04 17:29:57.578,9.46651,9.46935,1.75,1.00
2015.08.04 17:29:58.035,9.46651,9.46935,1.75,1.00
2015.08.04 17:29:58.508,9.46651,9.46935,1.75,1.00
2015.08.04 17:29:59.846,9.46651,9.46935,1.75,1.00
2015.08.04 17:30:00.186,9.4665,9.46919,1.75,1.00
2015.08.04 17:30:00.237,9.4665,9.46919,1.75,1.00
2015.08.04 17:30:00.724,9.46648,9.46932,1.75,1.00
2015.08.04 17:30:00.825,9.46648,9.46932,1.75,1.00
2015.08.04 17:30:01.028,9.46648,9.46932,1.75,1.00
2015.08.04 17:30:01.231,9.46648,9.46932,1.75,1.00
2015.08.04 17:30:02.540,9.46664,9.46932,1.75,1.00
2015.08.04 17:30:03.530,9.46664,9.46932,1.75,1.00
2015.08.04 17:30:05.730,9.46648,9.46932,1.75,1.00
2015.08.04 17:30:08.296,9.46648,9.46932,1.75,1.00
2015.08.04 17:30:08.372,9.46648,9.46922,1.75,1.00
2015.08.04 17:30:08.680,9.46664,9.46902,1.75,1.00
2015.08.04 17:30:08.731,9.46664,9.46922,1.75,1.00
2015.08.04 17:30:08.833,9.46664,9.46906,1.75,1.00
2015.08.04 17:30:09.910,9.46664,9.46927,1.75,1.00
2015.08.04 17:30:10.062,9.46664,9.46927,1.75,1.00
2015.08.04 17:30:10.280,9.46664,9.46927,1.75,1.00
2015.08.04 17:30:10.805,9.46664,9.46927,1.75,1.00
2015.08.04 17:30:11.048,9.46664,9.46927,1.37,1.00
2015.08.04 17:30:11.258,9.46664,9.46927,1.75,1.00
2015.08.04 17:30:11.563,9.46622,9.46899,1.12,1.00
2015.08.04 17:30:11.689,9.46622,9.46899,1.12,1.00
2015.08.04 17:30:11.740,9.46629,9.46915,1.75,1.00
2015.08.04 17:30:12.109,9.46655,9.46915,1.75,1.00
2015.08.04 17:30:12.416,9.46665,9.46933,1.75,1.37
2015.08.04 17:30:12.467,9.46665,9.46933,1.75,1.00
2015.08.04 17:30:12.568,9.46665,9.46933,1.75,1.00
2015.08.04 17:30:12.990,9.46665,9.46933,1.75,1.00
2015.08.04 17:30:13.259,9.46665,9.46933,1.75,1.00
2015.08.04 17:30:13.564,9.4666,9.46908,1.75,1.00
2015.08.04 17:30:13.770,9.4666,9.46908,1.75,1.00
2015.08.04 17:30:14.031,9.4666,9.46908,1.75,1.00
2015.08.04 17:30:15.011,9.4666,9.46908,1.75,1.00
2015.08.04 17:30:18.379,9.4666,9.46908,1.75,1.00
2015.08.04 17:30:22.601,9.4666,9.46908,1.75,1.00
2015.08.04 17:30:22.702,9.4666,9.46908,1.75,1.00
2015.08.04 17:30:22.822,9.4666,9.46908,1.75,1.00
2015.08.04 17:30:23.040,9.4666,9.46908,1.37,1.00
2015.08.04 17:30:24.000,9.4666,9.46908,1.75,1.00
2015.08.04 17:30:24.558,9.4666,9.46908,1.75,1.00
2015.08.04 17:30:25.964,9.4666,9.46925,1.75,1.00
2015.08.04 17:30:26.349,9.4666,9.46925,1.75,1.00
2015.08.04 17:30:26.561,9.4666,9.46925,1.75,1.00
2015.08.04 17:30:26.662,9.4666,9.46905,1.75,1.00
2015.08.04 17:30:26.849,9.4666,9.46905,1.37,1.00
2015.08.04 17:30:27.509,9.4666,9.46905,1.75,1.00
2015.08.04 17:30:27.661,9.4666,9.46922,1.75,1.00
2015.08.04 17:30:29.527,9.4666,9.46922,1.75,1.00
2015.08.04 17:30:29.970,9.4666,9.46922,1.75,1.00
2015.08.04 17:30:34.561,9.4666,9.46907,1.75,1.00
2015.08.04 17:30:40.467,9.4666,9.46914,1.75,1.00
2015.08.04 17:30:40.619,9.4666,9.46914,1.75,1.00
2015.08.04 17:30:42.076,9.4663,9.46914,1.75,1.00
2015.08.04 17:30:42.929,9.4666,9.46914,1.75,1.00
2015.08.04 17:30:43.620,9.4666,9.46914,1.75,1.00
2015.08.04 17:30:46.904,9.46664,9.46914,1.75,1.00
2015.08.04 17:30:47.207,9.46664,9.46898,1.75,1.00
2015.08.04 17:30:47.258,9.46664,9.46898,1.37,1.00
2015.08.04 17:30:47.663,9.46664,9.46898,1.75,1.00
2015.08.04 17:30:48.022,9.46664,9.46918,1.75,1.00
2015.08.04 17:30:48.073,9.46664,9.4692,1.75,1.00
2015.08.04 17:30:54.166,9.46636,9.4692,1.75,1.00
2015.08.04 17:30:55.547,9.46664,9.46895,1.75,1.00
2015.08.04 17:30:57.675,9.46628,9.46895,1.75,1.00
2015.08.04 17:30:57.776,9.46658,9.46921,1.75,1.00
2015.08.04 17:30:58.455,9.46665,9.46921,1.75,1.00
2015.08.04 17:30:59.526,9.46665,9.46921,1.75,1.00
2015.08.04 17:30:59.678,9.46665,9.46921,1.75,1.00
2015.08.04 17:31:00.201,9.46665,9.46921,1.75,1.00
2015.08.04 17:31:00.443,9.46665,9.46916,1.75,1.00
2015.08.04 17:31:01.219,9.46665,9.46916,1.75,1.00
2015.08.04 17:31:01.613,9.46665,9.46916,1.75,1.00
2015.08.04 17:31:01.980,9.46665,9.46916,1.75,1.00
2015.08.04 17:31:02.487,9.46665,9.46916,1.75,1.00
2015.08.04 17:31:03.170,9.46665,9.46916,1.37,1.00
2015.08.04 17:31:03.388,9.46665,9.46916,1.75,1.00
2015.08.04 17:31:04.378,9.46665,9.46916,1.37,1.00
2015.08.04 17:31:04.720,9.46665,9.46916,1.07,1.00
2015.08.04 17:31:04.963,9.46665,9.46899,1.07,1.00
2015.08.04 17:31:05.733,9.46665,9.46899,1.75,1.00
2015.08.04 17:31:06.037,9.46665,9.46899,1.75,1.00
2015.08.04 17:31:06.088,9.46665,9.46914,1.75,1.00
2015.08.04 17:31:06.139,9.46665,9.46914,1.75,1.00
2015.08.04 17:31:06.292,9.46665,9.46914,1.75,1.00
2015.08.04 17:31:06.596,9.4666,9.46914,1.75,1.00
2015.08.04 17:31:06.909,9.4666,9.46914,1.75,1.00
2015.08.04 17:31:07.129,9.4666,9.46914,1.75,1.00
2015.08.04 17:31:07.484,9.4666,9.46914,1.75,1.00
2015.08.04 17:31:08.489,9.4666,9.46914,1.75,1.00
2015.08.04 17:31:08.925,9.4666,9.46914,1.75,1.00
2015.08.04 17:31:11.529,9.4666,9.46914,1.75,1.00
2015.08.04 17:31:13.171,9.4666,9.46891,1.75,1.00
2015.08.04 17:31:13.222,9.4666,9.46891,1.37,1.00
2015.08.04 17:31:14.429,9.4666,9.46891,1.75,1.00
2015.08.04 17:31:14.480,9.4666,9.46915,1.75,1.00
2015.08.04 17:31:18.129,9.4666,9.46915,1.00,1.37
2015.08.04 17:31:18.592,9.4666,9.46892,1.00,1.00
2015.08.04 17:31:19.330,9.46656,9.46892,1.00,1.00
2015.08.04 17:31:19.482,9.46656,9.46892,1.00,1.37
2015.08.04 17:31:19.673,9.46646,9.46892,1.00,1.37
2015.08.04 17:31:19.900,9.46636,9.46892,1.00,1.37
2015.08.04 17:31:20.465,9.46636,9.46892,1.00,1.37
2015.08.04 17:31:21.459,9.46636,9.46898,1.00,1.75
2015.08.04 17:31:21.648,9.46636,9.46898,1.00,1.37
2015.08.04 17:31:21.869,9.46636,9.46898,1.00,1.75
2015.08.04 17:31:22.392,9.46635,9.46898,1.00,1.75
2015.08.04 17:31:22.443,9.46635,9.46898,1.00,1.37
2015.08.04 17:31:22.971,9.46635,9.46898,1.00,1.07
2015.08.04 17:31:23.188,9.46635,9.46898,1.00,1.12
2015.08.04 17:31:23.498,9.46635,9.46898,1.00,1.37
2015.08.04 17:31:28.739,9.46635,9.469,1.00,1.37
2015.08.04 17:31:29.170,9.46635,9.469,1.00,1.00
2015.08.04 17:31:30.078,9.46616,9.469,1.00,1.00
2015.08.04 17:31:30.876,9.46655,9.469,1.00,1.00
2015.08.04 17:31:40.473,9.46655,9.46895,1.00,1.00
2015.08.04 17:31:42.355,9.46655,9.46912,1.00,1.00
2015.08.04 17:31:44.486,9.46655,9.46897,1.00,1.00
2015.08.04 17:31:45.000,9.46656,9.46897,1.00,1.00
2015.08.04 17:31:45.579,9.46656,9.46911,1.00,1.00
2015.08.04 17:31:46.094,9.46655,9.46911,1.00,1.00
2015.08.04 17:31:46.878,9.46666,9.46911,1.00,1.00
2015.08.04 17:31:47.377,9.46656,9.46911,1.00,1.00
2015.08.04 17:31:49.828,9.46666,9.46911,1.00,1.00
2015.08.04 17:31:52.340,9.46656,9.46911,1.00,1.00
2015.08.04 17:31:54.122,9.46666,9.46926,1.00,1.00
2015.08.04 17:31:54.481,9.46666,9.46902,1.00,1.00
2015.08.04 17:31:54.901,9.46656,9.46902,1.00,1.00
2015.08.04 17:31:55.516,9.46656,9.46925,1.00,1.00
2015.08.04 17:31:55.669,9.46666,9.46925,1.00,1.00
2015.08.04 17:31:55.855,9.46656,9.46925,1.00,1.00
2015.08.04 17:31:56.356,9.46655,9.46925,1.00,1.00
2015.08.04 17:31:56.725,9.46656,9.46941,1.00,1.00
2015.08.04 17:31:57.061,9.46666,9.46941,1.00,1.00
2015.08.04 17:31:57.612,9.46656,9.46941,1.00,1.75
2015.08.04 17:31:57.714,9.46656,9.46941,1.00,1.00
2015.08.04 17:31:57.816,9.46656,9.46898,1.00,1.00
2015.08.04 17:31:59.820,9.46666,9.46898,1.00,1.00
2015.08.04 17:32:00.030,9.46656,9.46898,1.00,1.00
2015.08.04 17:32:04.869,9.46666,9.46898,1.00,1.00
2015.08.04 17:32:06.045,9.46666,9.46878,1.00,1.00
2015.08.04 17:32:06.298,9.46655,9.46878,1.00,1.00
2015.08.04 17:32:06.349,9.4666,9.46878,1.00,1.00
2015.08.04 17:32:06.451,9.4666,9.46894,1.00,1.00
2015.08.04 17:32:06.552,9.4666,9.46911,1.00,1.00
2015.08.04 17:32:06.654,9.4666,9.46911,1.00,1.07
2015.08.04 17:32:07.329,9.4666,9.46894,1.00,1.00
2015.08.04 17:32:07.652,9.46646,9.46877,1.00,1.00
2015.08.04 17:32:07.799,9.46646,9.46894,1.00,1.12
2015.08.04 17:32:08.640,9.4666,9.46879,1.00,1.00
2015.08.04 17:32:12.372,9.4666,9.46903,1.00,1.00
2015.08.04 17:32:12.954,9.4666,9.46903,1.00,1.07
2015.08.04 17:32:13.945,9.4666,9.46903,1.00,1.00
2015.08.04 17:32:17.781,9.4666,9.46887,1.00,1.00
2015.08.04 17:32:18.588,9.46655,9.46887,1.00,1.00
2015.08.04 17:32:18.790,9.46655,9.46902,1.00,1.00
2015.08.04 17:32:19.783,9.46655,9.4692,1.00,1.00
2015.08.04 17:32:20.494,9.46655,9.46917,1.00,1.00
2015.08.04 17:32:23.618,9.46656,9.46917,1.00,1.00
2015.08.04 17:32:24.163,9.46655,9.46917,1.00,1.00
2015.08.04 17:32:24.665,9.46656,9.46917,1.00,1.00
2015.08.04 17:32:27.089,9.46655,9.46917,1.00,1.00
2015.08.04 17:32:31.307,9.46655,9.46903,1.00,1.00
2015.08.04 17:32:31.899,9.46656,9.46903,1.00,1.00
2015.08.04 17:32:32.316,9.46656,9.46917,1.00,1.00
2015.08.04 17:32:32.419,9.46656,9.469,1.00,1.00
2015.08.04 17:32:32.723,9.46659,9.4689,1.00,1.00
2015.08.04 17:32:32.878,9.46659,9.46908,1.00,1.00
2015.08.04 17:32:32.929,9.46659,9.46908,1.00,1.07
2015.08.04 17:32:34.051,9.46659,9.46908,1.00,1.07
2015.08.04 17:32:34.909,9.46659,9.46908,1.00,1.00
2015.08.04 17:32:35.568,9.46655,9.46908,1.00,1.00
2015.08.04 17:32:36.108,9.46659,9.46908,1.00,1.00
2015.08.04 17:32:36.411,9.46659,9.46906,1.00,1.00
2015.08.04 17:32:36.715,9.46659,9.46887,1.00,1.00
2015.08.04 17:32:36.918,9.46659,9.46907,1.00,1.07
2015.08.04 17:32:37.342,9.46656,9.46909,1.00,1.07
2015.08.04 17:32:37.444,9.46656,9.46909,1.00,1.00
2015.08.04 17:32:37.914,9.46646,9.46909,1.00,1.07
2015.08.04 17:32:38.133,9.46666,9.46909,1.00,1.00
2015.08.04 17:32:38.337,9.4666,9.46909,1.00,1.00
2015.08.04 17:32:39.197,9.4666,9.46909,1.00,1.07
2015.08.04 17:32:39.679,9.4666,9.46909,1.00,1.07
2015.08.04 17:32:40.000,9.4666,9.46887,1.00,1.00
2015.08.04 17:32:40.429,9.4666,9.46891,1.00,1.00
2015.08.04 17:32:42.318,9.4666,9.46876,1.00,1.00
2015.08.04 17:32:42.609,9.4662,9.46876,1.00,1.00
2015.08.04 17:32:42.867,9.46626,9.46876,1.00,1.00
2015.08.04 17:32:43.180,9.46654,9.46876,1.00,1.00
2015.08.04 17:32:43.603,9.46656,9.46876,1.00,1.00
2015.08.04 17:32:44.129,9.46656,9.46892,1.00,1.00
2015.08.04 17:32:44.180,9.46666,9.46892,1.00,1.00
2015.08.04 17:32:44.231,9.46666,9.46912,1.00,1.00
2015.08.04 17:32:44.383,9.46666,9.46923,1.00,1.00
2015.08.04 17:32:44.926,9.46656,9.46923,1.00,1.00
2015.08.04 17:32:45.036,9.46656,9.46909,1.00,1.00
2015.08.04 17:32:45.738,9.46656,9.46925,1.00,1.00
2015.08.04 17:32:45.789,9.46666,9.46925,1.00,1.00
2015.08.04 17:32:46.102,9.46666,9.46912,1.00,1.00
2015.08.04 17:32:47.564,9.46656,9.46912,1.00,1.00
2015.08.04 17:32:47.877,9.46666,9.46912,1.00,1.00
2015.08.04 17:32:48.904,9.46655,9.46912,1.00,1.00
2015.08.04 17:32:49.340,9.46666,9.46912,1.00,1.00
2015.08.04 17:32:52.081,9.46655,9.46912,1.00,1.00
2015.08.04 17:32:52.674,9.46656,9.46912,1.00,1.00
2015.08.04 17:32:53.376,9.46666,9.46912,1.00,1.00
2015.08.04 17:32:53.817,9.46676,9.46912,1.00,1.00
2015.08.04 17:32:54.817,9.46666,9.46912,1.00,1.00
2015.08.04 17:32:57.954,9.46666,9.46926,1.00,1.00
2015.08.04 17:32:58.106,9.46668,9.46926,1.00,1.00
2015.08.04 17:32:58.752,9.46668,9.46902,1.00,1.00
2015.08.04 17:32:59.450,9.46668,9.46917,1.00,1.00
2015.08.04 17:33:00.468,9.46668,9.46914,1.00,1.00
2015.08.04 17:33:20.399,9.46668,9.46918,1.00,1.00
2015.08.04 17:33:26.184,9.46668,9.46918,1.00,1.07
2015.08.04 17:33:35.899,9.46668,9.46903,1.00,1.00
2015.08.04 17:33:36.879,9.46668,9.46917,1.00,1.07
2015.08.04 17:33:40.407,9.46668,9.46911,1.00,1.00
2015.08.04 17:33:58.311,9.46636,9.46911,1.00,1.00
2015.08.04 17:33:59.410,9.46656,9.46911,1.00,1.00
2015.08.04 17:34:00.450,9.46656,9.4691,1.00,1.00
2015.08.04 17:34:12.335,9.46666,9.4691,1.00,1.00
2015.08.04 17:34:17.211,9.46666,9.46925,1.00,1.00
2015.08.04 17:34:20.423,9.46666,9.46919,1.00,1.00
2015.08.04 17:34:40.413,9.46666,9.4692,1.00,1.00
2015.08.04 17:34:41.828,9.46656,9.4692,1.00,1.00
2015.08.04 17:34:42.132,9.46636,9.46883,1.00,1.60
2015.08.04 17:34:42.438,9.46636,9.46859,1.00,1.60
2015.08.04 17:34:42.598,9.46626,9.46859,1.00,1.60
2015.08.04 17:34:43.117,9.46626,9.46859,1.00,1.60
2015.08.04 17:34:43.522,9.46626,9.46859,1.00,1.67
2015.08.04 17:34:44.082,9.46626,9.46859,1.00,1.60
2015.08.04 17:34:46.792,9.46626,9.46845,1.00,1.60
2015.08.04 17:34:52.838,9.46636,9.46845,1.00,1.60
2015.08.04 17:34:57.047,9.46636,9.46845,1.00,1.60
2015.08.04 17:34:57.276,9.46636,9.46845,1.00,1.60
2015.08.04 17:34:58.824,9.46636,9.46845,1.00,1.60
2015.08.04 17:34:58.875,9.46616,9.46845,1.00,1.60
2015.08.04 17:34:59.133,9.46616,9.46845,1.00,1.60
2015.08.04 17:34:59.907,9.46616,9.46845,1.00,1.60
2015.08.04 17:35:00.136,9.46616,9.46845,1.00,1.60
2015.08.04 17:35:01.182,9.46616,9.46857,1.00,1.35
2015.08.04 17:35:01.778,9.46616,9.46857,1.00,1.35
2015.08.04 17:35:02.149,9.46616,9.46857,1.00,1.35
2015.08.04 17:35:02.545,9.46616,9.46857,1.00,1.35
2015.08.04 17:35:09.815,9.46616,9.46857,1.00,1.35
2015.08.04 17:35:10.153,9.46626,9.46857,1.00,1.35
2015.08.04 17:35:12.029,9.46626,9.46857,1.00,1.35
2015.08.04 17:35:14.528,9.46626,9.46857,1.00,1.35
2015.08.04 17:35:44.517,9.46626,9.46857,1.00,1.35
2015.08.04 17:35:46.323,9.46626,9.46857,1.00,2.85
2015.08.04 17:35:47.324,9.46616,9.46846,1.00,1.60
2015.08.04 17:35:47.527,9.46616,9.46846,1.37,1.60
2015.08.04 17:35:47.578,9.46616,9.46846,1.82,1.60
2015.08.04 17:35:47.882,9.46625,9.46866,1.00,2.85
2015.08.04 17:36:00.863,9.46635,9.46855,1.00,1.60
2015.08.04 17:36:05.571,9.46635,9.46855,1.00,1.60
2015.08.04 17:36:06.310,9.46635,9.46855,1.00,1.60
2015.08.04 17:36:07.328,9.46635,9.46855,1.00,1.60
2015.08.04 17:36:07.558,9.46635,9.46855,1.00,1.60
2015.08.04 17:36:14.527,9.46635,9.46857,1.60,1.00
2015.08.04 17:36:14.629,9.46623,9.46857,2.17,1.00
2015.08.04 17:36:14.680,9.46634,9.46895,1.60,1.67
2015.08.04 17:36:14.731,9.46634,9.46904,1.60,1.60
2015.08.04 17:36:14.832,9.46666,9.46904,2.10,1.00
2015.08.04 17:36:14.933,9.4667,9.46918,2.10,1.00
2015.08.04 17:36:14.984,9.46682,9.46966,1.60,1.67
2015.08.04 17:36:15.035,9.46682,9.46966,1.60,1.67
2015.08.04 17:36:15.187,9.46682,9.46966,1.60,1.97
2015.08.04 17:36:15.507,9.46682,9.46966,1.60,1.97
2015.08.04 17:36:15.811,9.4669,9.46966,2.10,1.37
2015.08.04 17:36:15.917,9.4669,9.46966,2.10,1.00
2015.08.04 17:36:16.069,9.46698,9.46966,1.35,1.00
2015.08.04 17:36:16.527,9.46705,9.46966,1.35,1.00
2015.08.04 17:36:16.767,9.46701,9.46966,1.05,1.00
2015.08.04 17:36:17.027,9.46703,9.46966,1.35,1.00
2015.08.04 17:36:17.267,9.46698,9.46966,1.50,1.00
2015.08.04 17:36:17.469,9.46686,9.46945,1.50,1.00
2015.08.04 17:36:17.778,9.46686,9.4693,1.37,1.00
2015.08.04 17:36:18.233,9.46666,9.4693,1.37,1.00
2015.08.04 17:36:20.502,9.46676,9.46923,1.37,1.00
2015.08.04 17:36:21.669,9.46676,9.46923,1.00,1.00
2015.08.04 17:36:22.188,9.46676,9.46904,1.00,1.00
2015.08.04 17:36:27.078,9.46676,9.46921,1.00,1.00
2015.08.04 17:36:29.367,9.46669,9.46921,1.00,1.00
2015.08.04 17:36:29.477,9.46669,9.46921,1.37,1.00
2015.08.04 17:36:29.863,9.46669,9.46921,1.75,1.00
2015.08.04 17:36:29.922,9.46669,9.46921,1.07,1.00
2015.08.04 17:36:30.024,9.46655,9.46938,1.37,1.00
2015.08.04 17:36:30.217,9.46655,9.46938,1.75,1.00
2015.08.04 17:36:30.679,9.46655,9.46938,1.75,1.00
2015.08.04 17:36:31.427,9.46672,9.46938,1.75,1.00
2015.08.04 17:36:35.167,9.46672,9.46938,1.37,1.00
2015.08.04 17:36:35.540,9.46672,9.46938,1.07,1.00
2015.08.04 17:36:36.751,9.46672,9.46938,1.37,1.00
2015.08.04 17:36:37.727,9.46672,9.46938,1.00,1.00
2015.08.04 17:36:38.686,9.46672,9.46938,1.37,1.00
2015.08.04 17:36:39.702,9.46672,9.46938,1.00,1.00
2015.08.04 17:36:40.421,9.46672,9.46935,1.00,1.00
2015.08.04 17:36:40.742,9.46672,9.46935,1.37,1.00
2015.08.04 17:36:43.640,9.46672,9.46935,1.75,1.00
2015.08.04 17:36:45.063,9.46656,9.46935,1.75,1.00
2015.08.04 17:36:48.509,9.46666,9.46935,1.12,1.00
2015.08.04 17:36:52.999,9.4667,9.46935,1.07,1.00
2015.08.04 17:37:00.458,9.4667,9.46938,1.07,1.00
2015.08.04 17:37:04.620,9.4667,9.46952,1.07,1.00
2015.08.04 17:37:04.671,9.4667,9.46952,1.37,1.00
2015.08.04 17:37:04.788,9.4667,9.46952,1.07,1.00
2015.08.04 17:37:07.727,9.4667,9.46952,1.37,1.00
2015.08.04 17:37:10.337,9.4667,9.46938,1.37,1.00
2015.08.04 17:37:12.126,9.4667,9.46938,1.07,1.00
2015.08.04 17:37:12.676,9.4667,9.46938,1.37,1.00
2015.08.04 17:37:16.349,9.4667,9.46952,1.37,1.00
2015.08.04 17:37:20.426,9.46673,9.46957,1.37,1.00
2015.08.04 17:37:33.659,9.4667,9.46938,1.37,1.00
2015.08.04 17:37:40.472,9.4667,9.46945,1.37,1.00
2015.08.04 17:37:49.309,9.46678,9.46945,1.12,1.00
2015.08.04 17:37:49.839,9.46681,9.46929,1.12,1.00
2015.08.04 17:37:50.929,9.46677,9.46947,1.12,1.00
2015.08.04 17:37:52.167,9.46666,9.46947,1.12,1.00
2015.08.04 17:37:56.032,9.46671,9.46947,1.12,1.00
2015.08.04 17:38:00.419,9.46679,9.46963,1.75,1.00
2015.08.04 17:38:00.520,9.46676,9.4696,1.75,1.00
2015.08.04 17:38:01.845,9.46676,9.4696,1.07,1.00
2015.08.04 17:38:14.840,9.46676,9.4696,1.00,1.00
2015.08.04 17:38:15.461,9.46659,9.46943,1.75,1.00
2015.08.04 17:38:17.796,9.46666,9.46943,1.12,1.00
2015.08.04 17:38:18.118,9.46646,9.46927,1.87,1.00
2015.08.04 17:38:18.353,9.46646,9.46927,1.75,1.00
2015.08.04 17:38:18.589,9.46648,9.46927,1.12,1.00
2015.08.04 17:38:18.904,9.46671,9.46927,1.12,1.00
2015.08.04 17:38:20.107,9.46646,9.46927,1.75,1.00
2015.08.04 17:38:20.299,9.46657,9.46941,1.07,1.00
2015.08.04 17:38:20.504,9.46665,9.46949,1.47,1.00
2015.08.04 17:38:22.561,9.46665,9.46949,1.75,1.00
2015.08.04 17:38:40.488,9.46662,9.46946,1.75,1.00
2015.08.04 17:38:42.215,9.46662,9.46946,1.75,1.00
2015.08.04 17:38:44.363,9.46662,9.46946,1.57,1.00
2015.08.04 17:38:47.151,9.46659,9.46931,1.12,1.00
2015.08.04 17:38:48.434,9.46652,9.46931,1.12,1.00
2015.08.04 17:38:48.734,9.46647,9.46931,1.87,1.00
2015.08.04 17:38:51.106,9.46677,9.46931,1.00,1.00
2015.08.04 17:38:51.535,9.46677,9.46931,1.07,1.00
2015.08.04 17:38:51.737,9.46677,9.46931,1.00,1.00
2015.08.04 17:38:52.188,9.46655,9.46931,1.00,1.00
2015.08.04 17:38:52.845,9.46656,9.46931,1.00,1.00
2015.08.04 17:38:53.615,9.46666,9.46931,1.00,1.00
2015.08.04 17:38:54.274,9.46656,9.46931,1.00,1.00
2015.08.04 17:38:55.649,9.46656,9.46915,1.00,1.00
2015.08.04 17:38:55.999,9.46655,9.46897,1.00,1.00
2015.08.04 17:38:56.050,9.46655,9.46913,1.00,1.00
2015.08.04 17:38:58.737,9.46655,9.46897,1.00,1.00
2015.08.04 17:38:59.147,9.46655,9.46912,1.00,1.00
2015.08.04 17:38:59.830,9.46655,9.46897,1.00,1.00
2015.08.04 17:39:00.214,9.46655,9.46881,1.00,1.00
2015.08.04 17:39:09.736,9.46655,9.46912,1.00,1.00
2015.08.04 17:39:09.787,9.46655,9.46894,1.00,1.00
2015.08.04 17:39:10.586,9.46655,9.46879,1.00,1.00
2015.08.04 17:39:11.107,9.46656,9.46879,1.00,1.00
2015.08.04 17:39:12.416,9.46655,9.46879,1.00,1.00
2015.08.04 17:39:12.916,9.46636,9.46879,1.00,1.00
2015.08.04 17:39:13.045,9.4666,9.46879,1.00,1.00
2015.08.04 17:39:14.626,9.46665,9.46879,1.00,1.00
2015.08.04 17:39:16.282,9.46665,9.46898,1.00,1.00
2015.08.04 17:39:16.433,9.46665,9.46874,1.00,1.12
2015.08.04 17:39:16.765,9.46665,9.46866,1.00,1.00
2015.08.04 17:39:17.069,9.46665,9.46862,1.00,1.00
2015.08.04 17:39:17.413,9.46665,9.46814,1.00,1.12
2015.08.04 17:39:17.516,9.46665,9.46838,1.00,1.00
2015.08.04 17:39:17.567,9.46665,9.46858,1.00,1.00
2015.08.04 17:39:17.620,9.46665,9.46924,1.00,1.00
2015.08.04 17:39:18.075,9.46665,9.46944,1.00,1.50
2015.08.04 17:39:19.121,9.46667,9.46944,1.00,1.00
2015.08.04 17:39:19.591,9.46667,9.4693,1.00,1.00
2015.08.04 17:39:30.921,9.46667,9.46944,1.00,1.00
2015.08.04 17:39:31.744,9.46667,9.46944,1.07,1.00
2015.08.04 17:39:31.977,9.4666,9.46944,1.00,1.00
2015.08.04 17:39:32.332,9.4666,9.46944,1.37,1.00
2015.08.04 17:39:32.518,9.4666,9.46944,1.00,1.00
2015.08.04 17:39:35.730,9.4666,9.46944,1.37,1.00
2015.08.04 17:39:36.034,9.4666,9.46944,1.00,1.00
2015.08.04 17:39:36.210,9.46668,9.46944,1.00,1.00
2015.08.04 17:39:36.728,9.4666,9.46944,1.07,1.00
2015.08.04 17:39:36.829,9.4666,9.46944,1.37,1.00
2015.08.04 17:39:37.024,9.4666,9.46944,1.00,1.00
2015.08.04 17:39:37.375,9.46668,9.46944,1.00,1.00
2015.08.04 17:39:38.477,9.4666,9.46944,1.00,1.00
2015.08.04 17:39:39.775,9.4666,9.46944,1.07,1.00
2015.08.04 17:39:39.995,9.4666,9.46944,1.00,1.00
2015.08.04 17:39:40.508,9.46659,9.46941,1.00,1.00
2015.08.04 17:39:42.532,9.46659,9.46941,1.07,1.00
2015.08.04 17:39:42.796,9.46659,9.46941,1.00,1.00
2015.08.04 17:39:42.964,9.46659,9.46941,1.07,1.00
2015.08.04 17:39:43.117,9.46672,9.46956,1.37,1.00
2015.08.04 17:39:43.168,9.46672,9.46956,1.75,1.00
2015.08.04 17:39:43.269,9.46672,9.46956,1.00,1.00
2015.08.04 17:39:45.244,9.46659,9.46934,1.07,1.00
2015.08.04 17:39:47.145,9.46666,9.4695,1.37,1.00
2015.08.04 17:39:48.246,9.46666,9.4695,1.00,1.00
2015.08.04 17:39:51.266,9.46659,9.46935,1.20,1.00
2015.08.04 17:39:51.770,9.46659,9.46935,1.50,1.00
2015.08.04 17:39:51.984,9.46659,9.46935,1.20,1.00
2015.08.04 17:39:53.635,9.46659,9.46935,1.37,1.00
2015.08.04 17:39:54.515,9.46659,9.46935,1.00,1.00
2015.08.04 17:40:00.477,9.46659,9.46941,1.00,1.00
2015.08.04 17:40:06.326,9.46659,9.46941,1.37,1.00
2015.08.04 17:40:07.321,9.46659,9.46941,1.00,1.00
2015.08.04 17:40:07.531,9.46659,9.46941,1.37,1.00
2015.08.04 17:40:08.736,9.46657,9.46941,1.10,1.00
2015.08.04 17:40:09.207,9.46658,9.46927,1.00,1.00
2015.08.04 17:40:09.552,9.46659,9.46927,1.37,1.00
2015.08.04 17:40:09.704,9.4666,9.46944,1.37,1.00
2015.08.04 17:40:09.805,9.4666,9.46944,1.07,1.00
2015.08.04 17:40:10.091,9.46667,9.46944,1.00,1.00
2015.08.04 17:40:11.238,9.46667,9.46944,1.37,1.00
2015.08.04 17:40:12.019,9.46667,9.46944,1.00,1.00
2015.08.04 17:40:12.772,9.46667,9.46944,1.07,1.00
2015.08.04 17:40:13.316,9.46657,9.46929,1.12,1.00
2015.08.04 17:40:16.969,9.46651,9.46929,1.75,1.00
2015.08.04 17:40:17.365,9.46651,9.46929,1.87,1.00
2015.08.04 17:40:19.481,9.46651,9.46929,1.75,1.00
2015.08.04 17:40:19.701,9.46656,9.46929,1.12,1.00
2015.08.04 17:40:20.691,9.46651,9.46929,1.75,1.00
2015.08.04 17:40:31.365,9.46651,9.46929,1.07,1.00
2015.08.04 17:40:31.846,9.46643,9.46929,1.00,1.00
2015.08.04 17:40:32.345,9.46632,9.46916,1.82,1.00
2015.08.04 17:40:32.699,9.46655,9.46916,1.00,1.00
2015.08.04 17:40:39.394,9.46655,9.46931,1.00,1.00
2015.08.04 17:40:41.499,9.46661,9.46945,1.00,1.00
2015.08.04 17:40:42.566,9.46675,9.46959,1.00,1.00
2015.08.04 17:40:43.280,9.4666,9.46943,1.00,1.00
2015.08.04 17:40:43.584,9.46659,9.46943,1.37,1.00
2015.08.04 17:40:43.731,9.46659,9.46943,1.00,1.00
2015.08.04 17:40:44.012,9.46659,9.46943,1.07,1.00
2015.08.04 17:40:45.922,9.46659,9.46943,1.37,1.00
2015.08.04 17:40:46.503,9.46695,9.46979,1.00,1.00
2015.08.04 17:40:46.554,9.46695,9.46979,1.07,1.00
2015.08.04 17:40:46.858,9.46719,9.47003,1.75,1.00
2015.08.04 17:40:46.909,9.46719,9.47003,1.00,1.00
2015.08.04 17:40:47.023,9.46698,9.46982,1.07,1.00
2015.08.04 17:40:47.342,9.46693,9.46977,1.50,1.00
2015.08.04 17:40:47.648,9.46696,9.46977,1.12,1.00
2015.08.04 17:40:48.188,9.46693,9.46977,1.75,1.00
2015.08.04 17:40:48.760,9.46693,9.46977,1.75,1.00
2015.08.04 17:40:48.921,9.46711,9.46997,1.75,1.12
2015.08.04 17:40:49.028,9.46697,9.46981,1.75,1.00
2015.08.04 17:40:49.196,9.46677,9.46961,1.75,1.00
2015.08.04 17:40:49.298,9.46663,9.46947,2.25,1.00
2015.08.04 17:40:52.197,9.4667,9.46951,1.00,1.00
2015.08.04 17:40:52.299,9.4667,9.46928,1.00,1.00
2015.08.04 17:40:53.360,9.4667,9.46942,1.00,1.00
2015.08.04 17:40:54.417,9.4667,9.46927,1.00,1.00
2015.08.04 17:41:00.372,9.46647,9.46927,1.00,1.00
2015.08.04 17:41:00.474,9.46677,9.46927,1.00,1.00
2015.08.04 17:41:00.525,9.46677,9.46936,1.00,1.00
2015.08.04 17:41:01.081,9.46652,9.46936,1.00,1.00
2015.08.04 17:41:01.221,9.46673,9.46957,1.00,1.00
2015.08.04 17:41:01.757,9.46674,9.46957,1.00,1.00
2015.08.04 17:41:02.356,9.46673,9.46957,1.00,1.00
2015.08.04 17:41:04.937,9.46688,9.46972,1.00,1.00
2015.08.04 17:41:07.820,9.46671,9.46955,1.00,1.00
2015.08.04 17:41:13.193,9.46677,9.46955,1.00,1.00
2015.08.04 17:41:16.279,9.46712,9.46955,1.00,1.00
2015.08.04 17:41:20.492,9.46712,9.46949,1.00,1.00
2015.08.04 17:41:40.400,9.46712,9.46955,1.00,1.00
2015.08.04 17:41:42.408,9.46712,9.4694,1.00,1.00
2015.08.04 17:41:45.419,9.46712,9.4694,1.07,1.00
2015.08.04 17:41:45.670,9.46712,9.4694,1.00,1.00
2015.08.04 17:41:46.039,9.46712,9.46956,1.00,1.00
2015.08.04 17:41:46.422,9.46677,9.46956,1.00,1.00
2015.08.04 17:41:46.542,9.46706,9.46956,1.00,1.00
2015.08.04 17:41:56.867,9.46706,9.46956,1.07,1.00
2015.08.04 17:41:59.699,9.46706,9.46956,1.37,1.00
2015.08.04 17:42:02.130,9.46706,9.46956,1.75,1.00
2015.08.04 17:42:02.453,9.46706,9.46956,1.37,1.00
2015.08.04 17:42:06.519,9.46706,9.46956,1.07,1.00
2015.08.04 17:42:08.862,9.46706,9.4697,1.07,1.37
2015.08.04 17:42:08.983,9.46706,9.4697,1.37,1.37
2015.08.04 17:42:09.084,9.46706,9.4697,1.07,1.37
2015.08.04 17:42:09.136,9.46706,9.4697,1.07,1.75
2015.08.04 17:42:09.463,9.46706,9.46944,1.37,1.00
2015.08.04 17:42:09.514,9.46706,9.46959,1.37,1.75
2015.08.04 17:42:10.608,9.46706,9.46959,1.07,1.75
2015.08.04 17:42:13.240,9.46706,9.46959,1.37,1.75
2015.08.04 17:42:20.720,9.46706,9.46967,1.07,1.75
2015.08.04 17:42:38.759,9.46706,9.46951,1.07,1.00
2015.08.04 17:42:38.911,9.46706,9.46951,1.07,1.37
2015.08.04 17:42:39.165,9.46706,9.46951,1.07,1.00
2015.08.04 17:42:39.267,9.46706,9.46951,1.07,1.37
2015.08.04 17:42:45.619,9.46676,9.46955,1.37,1.00
2015.08.04 17:42:46.052,9.46671,9.46955,1.07,1.00
2015.08.04 17:42:46.449,9.46706,9.46955,1.00,1.00
2015.08.04 17:43:00.410,9.46706,9.46954,1.00,1.00
2015.08.04 17:43:19.233,9.46706,9.46954,1.07,1.00
2015.08.04 17:43:19.698,9.46706,9.46954,1.00,1.00
2015.08.04 17:43:20.399,9.46706,9.46947,1.00,1.00
2015.08.04 17:43:40.418,9.46706,9.46954,1.00,1.00
2015.08.04 17:43:46.460,9.46676,9.46954,1.07,1.00
2015.08.04 17:44:00.398,9.46676,9.46953,1.00,1.00
2015.08.04 17:44:06.614,9.46683,9.46967,1.00,1.00
2015.08.04 17:44:06.767,9.46683,9.46967,1.50,1.00
2015.08.04 17:44:07.079,9.46683,9.46967,1.37,1.00
2015.08.04 17:44:07.703,9.46676,9.46945,1.37,1.00
2015.08.04 17:44:07.958,9.46666,9.46945,1.07,1.00
2015.08.04 17:44:08.507,9.46676,9.46945,1.37,1.00
2015.08.04 17:44:09.167,9.46676,9.46945,1.07,1.00
2015.08.04 17:44:09.975,9.46676,9.46945,1.00,1.00
2015.08.04 17:44:10.127,9.46666,9.46945,1.00,1.00
2015.08.04 17:44:10.423,9.46678,9.46962,1.00,1.07
2015.08.04 17:44:16.628,9.46676,9.46946,1.00,1.00
2015.08.04 17:44:20.424,9.46676,9.46959,1.00,1.00
2015.08.04 17:44:27.042,9.46686,9.46959,1.00,1.00
2015.08.04 17:44:38.909,9.46696,9.46959,1.00,1.00
2015.08.04 17:44:40.481,9.46696,9.4696,1.00,1.00
2015.08.04 17:44:43.267,9.46696,9.4696,1.00,1.07
2015.08.04 17:44:55.479,9.46696,9.4696,1.00,1.00
2015.08.04 17:44:55.580,9.46686,9.4696,1.00,1.00
2015.08.04 17:44:58.097,9.46695,9.4696,1.00,1.00
2015.08.04 17:45:00.513,9.46695,9.46963,1.00,1.00
2015.08.04 17:45:05.387,9.46686,9.46963,1.10,1.00
2015.08.04 17:45:20.452,9.46684,9.46968,1.07,1.00
2015.08.04 17:45:29.469,9.46676,9.46952,1.07,1.00
2015.08.04 17:45:40.476,9.46668,9.46952,1.00,1.00
2015.08.04 17:45:41.790,9.46666,9.4694,1.00,1.00
2015.08.04 17:45:42.093,9.46681,9.46965,1.00,1.00
2015.08.04 17:45:42.664,9.46681,9.46965,1.07,1.00
2015.08.04 17:45:42.991,9.46666,9.46944,1.37,1.00
2015.08.04 17:45:44.111,9.46676,9.4696,1.07,1.00
2015.08.04 17:45:44.424,9.46676,9.4696,1.00,1.00
2015.08.04 17:45:44.996,9.46666,9.46944,1.00,1.00
2015.08.04 17:45:45.650,9.46666,9.46944,1.07,1.00
2015.08.04 17:45:52.470,9.46666,9.46944,1.00,1.00
2015.08.04 17:45:52.571,9.46676,9.46944,1.00,1.00
2015.08.04 17:45:57.324,9.46666,9.46944,1.00,1.00
2015.08.04 17:45:58.621,9.46676,9.46944,1.00,1.00
2015.08.04 17:45:59.081,9.46686,9.46944,1.00,1.00
2015.08.04 17:46:00.417,9.46686,9.46953,1.00,1.00
2015.08.04 17:46:05.245,9.46676,9.46953,1.00,1.00
2015.08.04 17:46:10.139,9.46691,9.46973,1.00,1.00
2015.08.04 17:46:10.693,9.46691,9.46975,1.00,1.37
2015.08.04 17:46:13.764,9.46709,9.46993,1.00,1.75
2015.08.04 17:46:13.916,9.46709,9.46993,1.00,1.00
2015.08.04 17:46:13.966,9.46729,9.47013,1.00,2.25
2015.08.04 17:46:14.904,9.46729,9.47006,1.00,1.12
2015.08.04 17:46:16.071,9.46773,9.47022,1.00,1.12
2015.08.04 17:46:17.124,9.46773,9.47025,1.00,1.12
2015.08.04 17:46:18.241,9.46789,9.47025,1.00,1.12
2015.08.04 17:46:19.555,9.46774,9.47025,1.00,1.12
2015.08.04 17:46:20.442,9.46781,9.47025,1.00,1.12
2015.08.04 17:46:23.919,9.46781,9.47037,1.00,1.12
2015.08.04 17:46:23.970,9.46801,9.47037,1.00,1.12
2015.08.04 17:46:24.581,9.46801,9.47074,1.00,1.35
2015.08.04 17:46:24.633,9.46801,9.47045,1.00,1.35
2015.08.04 17:46:25.176,9.46801,9.47044,1.00,1.35
2015.08.04 17:46:25.375,9.46801,9.4708,1.00,2.85
2015.08.04 17:46:25.566,9.46801,9.47072,1.00,1.35
2015.08.04 17:46:25.963,9.46796,9.4707,1.00,1.97
2015.08.04 17:46:26.228,9.46796,9.47045,1.00,1.30
2015.08.04 17:46:26.894,9.46804,9.4705,1.00,1.35
2015.08.04 17:46:27.282,9.46804,9.47087,1.00,1.35
2015.08.04 17:46:27.533,9.46804,9.47086,1.00,2.47
2015.08.04 17:46:27.584,9.46796,9.47073,1.00,1.60
2015.08.04 17:46:28.034,9.46796,9.47073,1.00,1.60
2015.08.04 17:46:28.287,9.46796,9.47073,1.00,1.67
2015.08.04 17:46:28.557,9.46796,9.47073,1.00,1.60
2015.08.04 17:46:32.523,9.46796,9.47073,1.50,1.60
2015.08.04 17:46:33.201,9.46796,9.47072,1.00,1.35
2015.08.04 17:46:42.125,9.46796,9.47059,1.00,1.35
2015.08.04 17:46:43.734,9.46796,9.47071,1.00,1.35
2015.08.04 17:46:46.705,9.46796,9.4706,1.35,1.00
2015.08.04 17:46:46.923,9.46796,9.4706,1.00,1.72
2015.08.04 17:46:47.308,9.46796,9.4706,1.60,1.37
2015.08.04 17:46:49.452,9.46796,9.47067,1.60,1.05
2015.08.04 17:46:49.763,9.46796,9.47067,1.60,1.05
2015.08.04 17:46:50.067,9.46847,9.47104,1.00,1.97
2015.08.04 17:46:50.270,9.46847,9.47126,1.00,1.82
2015.08.04 17:46:50.372,9.46862,9.47146,1.00,1.37
2015.08.04 17:46:50.473,9.46862,9.47146,1.00,1.00
2015.08.04 17:46:51.075,9.46845,9.47129,1.00,1.00
2015.08.04 17:46:51.379,9.46864,9.47148,1.00,1.00
2015.08.04 17:46:52.867,9.46881,9.47148,1.00,1.00
2015.08.04 17:46:53.081,9.46891,9.47175,1.00,1.00
2015.08.04 17:46:53.334,9.46913,9.47175,1.00,1.00
2015.08.04 17:46:54.128,9.46913,9.47153,1.00,1.00
2015.08.04 17:46:54.235,9.46913,9.47168,1.00,1.00
2015.08.04 17:46:54.444,9.46914,9.47188,1.00,1.26
2015.08.04 17:46:54.596,9.46914,9.47184,1.00,1.01
2015.08.04 17:46:55.124,9.46913,9.47172,1.00,1.75
2015.08.04 17:46:56.174,9.46913,9.47146,1.00,1.00
2015.08.04 17:46:56.326,9.46862,9.47146,1.00,1.00
2015.08.04 17:46:56.987,9.46888,9.47172,1.00,1.00
2015.08.04 17:46:57.361,9.46868,9.47145,1.00,1.00
2015.08.04 17:46:57.412,9.46861,9.47145,1.50,1.00
2015.08.04 17:46:57.564,9.469,9.47145,1.00,1.00
2015.08.04 17:46:58.331,9.469,9.47166,1.00,1.00
2015.08.04 17:47:00.372,9.469,9.47162,1.00,1.00
2015.08.04 17:47:03.323,9.4694,9.47162,1.00,1.00
2015.08.04 17:47:03.704,9.4694,9.47183,1.00,1.37
2015.08.04 17:47:04.487,9.47001,9.47183,1.00,1.37
2015.08.04 17:47:10.207,9.47001,9.47164,1.00,1.00
2015.08.04 17:47:13.091,9.47001,9.47207,1.00,1.75
2015.08.04 17:47:13.929,9.47001,9.47207,1.00,1.00
2015.08.04 17:47:14.099,9.47001,9.47222,1.00,1.17
2015.08.04 17:47:14.850,9.47001,9.47221,1.00,1.92
2015.08.04 17:47:15.588,9.47001,9.47185,1.00,1.00
2015.08.04 17:47:15.939,9.47001,9.47185,1.00,1.75
2015.08.04 17:47:16.643,9.47001,9.472,1.00,1.37
2015.08.04 17:47:30.859,9.47001,9.47204,1.00,1.75
2015.08.04 17:47:45.346,9.47001,9.47225,1.60,1.17
2015.08.04 17:47:45.397,9.47015,9.47234,1.00,1.17
2015.08.04 17:47:45.802,9.46993,9.47276,1.60,1.69
2015.08.04 17:47:45.955,9.47011,9.47294,1.60,2.03
2015.08.04 17:47:46.006,9.47011,9.47295,1.60,1.07
2015.08.04 17:47:46.158,9.46993,9.47271,1.60,1.00
2015.08.04 17:47:46.260,9.47003,9.47287,1.60,1.37
2015.08.04 17:47:46.473,9.47017,9.47287,1.00,1.37
2015.08.04 17:47:46.817,9.4705,9.47289,1.00,1.45
2015.08.04 17:47:49.984,9.4705,9.47289,1.00,1.00
2015.08.04 17:47:52.449,9.4705,9.47289,1.00,1.37
2015.08.04 17:47:56.661,9.4705,9.47289,1.00,1.75
2015.08.04 17:47:57.578,9.47005,9.47289,1.00,1.75
2015.08.04 17:47:57.679,9.46985,9.47269,1.50,1.07
2015.08.04 17:47:58.102,9.46969,9.47253,1.00,1.00
2015.08.04 17:47:59.423,9.46969,9.47253,1.00,1.07
2015.08.04 17:47:59.704,9.46955,9.47238,1.00,1.00
2015.08.04 17:47:59.958,9.46955,9.47238,1.00,1.75
2015.08.04 17:48:00.714,9.46955,9.47206,1.00,1.00
2015.08.04 17:48:01.058,9.46955,9.47187,1.00,1.00
2015.08.04 17:48:01.392,9.46955,9.47172,1.00,1.00
2015.08.04 17:48:01.671,9.46955,9.47192,1.00,1.75
2015.08.04 17:48:01.874,9.46955,9.47173,1.00,1.00
2015.08.04 17:48:02.297,9.46955,9.47192,1.00,1.75
2015.08.04 17:48:02.664,9.46955,9.47192,1.00,1.00
2015.08.04 17:48:03.995,9.46955,9.47176,1.00,1.00
2015.08.04 17:48:05.112,9.46955,9.47195,1.00,1.00
2015.08.04 17:48:05.283,9.46955,9.4718,1.00,1.00
2015.08.04 17:48:06.024,9.46955,9.47195,1.00,1.00
2015.08.04 17:48:06.128,9.46955,9.47172,1.00,1.00
2015.08.04 17:48:06.582,9.46955,9.47191,1.00,1.00
2015.08.04 17:48:07.234,9.46955,9.47176,1.00,1.00
2015.08.04 17:48:07.386,9.46955,9.47191,1.00,1.00
2015.08.04 17:48:07.685,9.46955,9.4717,1.00,1.00
2015.08.04 17:48:08.587,9.46955,9.47186,1.00,1.00
2015.08.04 17:48:08.689,9.46955,9.47169,1.00,1.00
2015.08.04 17:48:09.433,9.46955,9.47186,1.00,1.00
2015.08.04 17:48:09.595,9.46955,9.47192,1.00,1.00
2015.08.04 17:48:10.439,9.46955,9.47178,1.00,1.00
2015.08.04 17:48:11.030,9.46955,9.47194,1.00,1.00
2015.08.04 17:48:11.909,9.46955,9.4718,1.00,1.00
2015.08.04 17:48:12.822,9.46955,9.47195,1.00,1.00
2015.08.04 17:48:13.405,9.46955,9.4718,1.00,1.00
2015.08.04 17:48:14.018,9.46955,9.47195,1.00,1.00
2015.08.04 17:48:14.322,9.46955,9.4718,1.00,1.37
2015.08.04 17:48:14.674,9.46955,9.47165,1.00,1.00
2015.08.04 17:48:14.955,9.46955,9.47188,1.00,1.00
2015.08.04 17:48:15.866,9.46955,9.47188,1.00,1.75
2015.08.04 17:48:16.187,9.46955,9.47167,1.00,1.00
2015.08.04 17:48:16.237,9.46955,9.47183,1.00,1.37
2015.08.04 17:48:16.753,9.46955,9.47167,1.00,1.00
2015.08.04 17:48:20.128,9.46955,9.47185,1.00,1.00
2015.08.04 17:48:20.439,9.46955,9.47201,1.00,1.75
2015.08.04 17:48:20.490,9.46955,9.47201,1.00,1.00
2015.08.04 17:48:20.592,9.46955,9.47201,1.00,1.75
2015.08.04 17:48:20.746,9.46955,9.47197,1.00,1.00
2015.08.04 17:48:22.371,9.46968,9.47197,1.00,1.00
2015.08.04 17:48:22.834,9.46968,9.47183,1.00,1.00
2015.08.04 17:48:23.754,9.46968,9.47197,1.00,1.00
2015.08.04 17:48:24.261,9.46968,9.47216,1.00,1.00
2015.08.04 17:48:25.442,9.46968,9.47231,1.00,1.00
2015.08.04 17:48:25.754,9.46968,9.47216,1.00,1.00
2015.08.04 17:48:26.244,9.46968,9.47232,1.00,1.00
2015.08.04 17:48:26.447,9.46965,9.47232,1.00,1.00
2015.08.04 17:48:29.960,9.46965,9.47247,1.00,1.00
2015.08.04 17:48:30.170,9.46978,9.47262,1.00,1.00
2015.08.04 17:48:30.462,9.46965,9.47242,1.00,1.00
2015.08.04 17:48:37.303,9.46973,9.47257,1.00,1.00
2015.08.04 17:48:43.107,9.46973,9.47257,1.37,1.00
2015.08.04 17:48:43.524,9.46973,9.47257,1.00,1.00
2015.08.04 17:49:00.406,9.4698,9.47264,1.00,1.10
2015.08.04 17:49:02.808,9.4698,9.47264,1.00,1.07
2015.08.04 17:49:02.960,9.46965,9.47243,1.00,1.00
2015.08.04 17:49:03.501,9.46965,9.47242,1.00,1.00
2015.08.04 17:49:03.936,9.46965,9.47214,1.00,1.00
2015.08.04 17:49:05.863,9.46965,9.472,1.00,1.00
2015.08.04 17:49:07.568,9.46965,9.4722,1.00,1.00
2015.08.04 17:49:07.670,9.46965,9.47203,1.00,1.00
2015.08.04 17:49:07.988,9.46965,9.47188,1.00,1.00
2015.08.04 17:49:08.774,9.46965,9.47167,1.00,1.00
2015.08.04 17:49:08.825,9.46936,9.47167,1.00,1.00
2015.08.04 17:49:08.977,9.46936,9.47188,1.00,1.00
2015.08.04 17:49:09.248,9.46936,9.47168,1.00,1.00
2015.08.04 17:49:10.096,9.4694,9.47168,1.00,1.00
2015.08.04 17:49:10.427,9.4694,9.47168,1.00,1.07
2015.08.04 17:49:11.049,9.4694,9.47153,1.00,1.00
2015.08.04 17:49:11.701,9.4694,9.47168,1.00,1.07
2015.08.04 17:49:13.137,9.4694,9.4715,1.00,1.00
2015.08.04 17:49:13.559,9.4694,9.47164,1.00,1.07
2015.08.04 17:49:18.574,9.4694,9.47147,1.00,1.00
2015.08.04 17:49:18.880,9.46915,9.47067,1.00,1.00
2015.08.04 17:49:18.932,9.46872,9.47067,1.00,1.00
2015.08.04 17:49:18.984,9.46872,9.47085,1.60,1.00
2015.08.04 17:49:19.035,9.46872,9.47085,1.60,1.00
2015.08.04 17:49:19.363,9.46904,9.47105,1.00,1.00
2015.08.04 17:49:19.414,9.46883,9.47167,1.00,1.00
2015.08.04 17:49:19.466,9.46863,9.47138,1.00,1.00
2015.08.04 17:49:19.517,9.46854,9.47138,1.00,1.00
2015.08.04 17:49:19.568,9.46834,9.47093,1.00,1.00
2015.08.04 17:49:19.620,9.46809,9.47093,1.07,1.00
2015.08.04 17:49:19.722,9.46809,9.47093,1.37,1.00
2015.08.04 17:49:20.026,9.46814,9.471,1.75,1.00
2015.08.04 17:49:20.155,9.46846,9.4713,1.07,1.00
2015.08.04 17:49:20.257,9.46826,9.4711,1.87,1.00
2015.08.04 17:49:20.308,9.46826,9.4711,1.00,1.00
2015.08.04 17:49:20.463,9.46835,9.47119,1.00,1.00
2015.08.04 17:49:20.768,9.46835,9.47119,1.37,1.00
2015.08.04 17:49:21.299,9.46835,9.47119,1.75,1.00
2015.08.04 17:49:22.241,9.46835,9.47119,1.75,1.00
2015.08.04 17:49:22.762,9.46854,9.47138,1.75,1.00
2015.08.04 17:49:22.965,9.46869,9.47153,1.50,1.00
2015.08.04 17:49:23.172,9.46853,9.47137,1.75,1.00
2015.08.04 17:49:23.766,9.46867,9.47153,1.75,1.75
2015.08.04 17:49:23.867,9.46867,9.47153,1.75,1.00
2015.08.04 17:49:24.121,9.46867,9.47153,1.10,1.00
2015.08.04 17:49:24.466,9.46851,9.47135,1.00,1.00
2015.08.04 17:49:24.770,9.46847,9.47131,1.50,1.00
2015.08.04 17:49:25.074,9.46848,9.47083,1.00,1.00
2015.08.04 17:49:25.402,9.46859,9.47083,1.00,1.00
2015.08.04 17:49:25.605,9.46859,9.47098,1.00,1.00
2015.08.04 17:49:25.909,9.46859,9.47122,1.00,1.00
2015.08.04 17:49:37.818,9.46838,9.47122,1.00,1.00
2015.08.04 17:49:37.970,9.46838,9.47122,1.37,1.00
2015.08.04 17:49:38.021,9.46853,9.47137,1.00,1.00
2015.08.04 17:49:38.072,9.46853,9.47137,1.75,1.00
2015.08.04 17:49:38.174,9.46853,9.47137,1.00,1.00
2015.08.04 17:49:38.281,9.46855,9.47136,1.00,1.00
2015.08.04 17:49:38.332,9.46875,9.47159,1.00,1.00
2015.08.04 17:49:38.536,9.46865,9.47144,1.00,1.00
2015.08.04 17:49:38.739,9.46881,9.47167,1.00,1.00
2015.08.04 17:49:38.891,9.46881,9.47165,1.00,1.00
2015.08.04 17:49:39.196,9.46865,9.47143,1.00,1.00
2015.08.04 17:49:39.370,9.46859,9.47143,1.00,1.00
2015.08.04 17:49:39.976,9.46859,9.47138,1.00,1.00
2015.08.04 17:49:40.078,9.46834,9.47118,1.00,1.00
2015.08.04 17:49:40.230,9.46825,9.47103,1.00,1.00
2015.08.04 17:49:40.433,9.46825,9.47108,1.00,1.00
2015.08.04 17:49:41.062,9.46825,9.47088,1.00,1.00
2015.08.04 17:49:41.315,9.46815,9.47087,1.00,1.00
2015.08.04 17:49:42.322,9.46815,9.47068,1.00,1.00
2015.08.04 17:49:42.736,9.46815,9.47088,1.00,1.00
2015.08.04 17:49:42.788,9.46815,9.47088,1.75,1.00
2015.08.04 17:49:42.941,9.46825,9.47109,1.37,1.00
2015.08.04 17:49:42.993,9.46826,9.47109,1.75,1.00
2015.08.04 17:49:43.044,9.46846,9.47124,1.75,1.52
2015.08.04 17:49:43.201,9.4685,9.4713,1.37,1.00
2015.08.04 17:49:43.252,9.4687,9.47154,1.00,1.66
2015.08.04 17:49:43.404,9.46853,9.47137,1.00,1.00
2015.08.04 17:49:43.520,9.46853,9.47137,1.75,1.00
2015.08.04 17:49:43.622,9.46877,9.47161,1.00,1.00
2015.08.04 17:49:43.913,9.46857,9.47141,1.75,1.00
2015.08.04 17:49:44.015,9.46862,9.47146,1.75,1.00
2015.08.04 17:49:44.117,9.46872,9.47156,1.00,1.00
2015.08.04 17:49:44.219,9.46864,9.47148,1.50,1.00
2015.08.04 17:49:44.321,9.46873,9.47157,1.00,1.00
2015.08.04 17:49:44.423,9.46867,9.47139,1.00,1.00
2015.08.04 17:49:44.524,9.46869,9.47155,1.00,1.00
2015.08.04 17:49:44.575,9.46876,9.47155,1.00,1.00
2015.08.04 17:49:44.626,9.46896,9.4718,1.00,1.00
2015.08.04 17:49:44.728,9.46877,9.47161,1.00,1.00
2015.08.04 17:49:45.052,9.46867,9.47138,1.00,1.00
2015.08.04 17:49:45.256,9.46867,9.47146,1.00,1.00
2015.08.04 17:49:45.308,9.46867,9.47146,1.37,1.00
2015.08.04 17:49:45.715,9.46867,9.47144,1.37,1.00
2015.08.04 17:49:45.817,9.46867,9.47144,1.00,1.00
2015.08.04 17:49:46.610,9.46867,9.47144,1.37,1.00
2015.08.04 17:49:46.915,9.46867,9.47141,1.37,1.00
2015.08.04 17:49:47.017,9.46873,9.47157,1.00,1.00
2015.08.04 17:49:47.350,9.46867,9.4714,1.50,1.00
2015.08.04 17:49:47.554,9.46867,9.47147,1.75,1.00
2015.08.04 17:49:47.605,9.46863,9.47147,1.75,1.00
2015.08.04 17:49:47.757,9.46878,9.47162,1.37,1.00
2015.08.04 17:49:47.909,9.46878,9.47162,1.75,1.00
2015.08.04 17:49:47.960,9.46893,9.47177,1.37,1.00
2015.08.04 17:49:48.011,9.46893,9.47172,1.37,1.00
2015.08.04 17:49:48.266,9.469,9.47184,1.00,1.50
2015.08.04 17:49:48.317,9.4688,9.47164,1.37,1.00
2015.08.04 17:49:48.503,9.4688,9.47164,1.00,1.00
2015.08.04 17:49:48.655,9.46862,9.47146,1.37,1.00
2015.08.04 17:49:48.859,9.4688,9.47166,1.00,1.00
2015.08.04 17:49:48.910,9.4688,9.47161,1.00,1.00
2015.08.04 17:49:49.216,9.46858,9.47124,1.00,1.00
2015.08.04 17:49:49.543,9.46858,9.4711,1.00,1.00
2015.08.04 17:49:49.645,9.46826,9.4711,1.37,1.00
2015.08.04 17:49:49.746,9.46822,9.47093,1.75,1.00
2015.08.04 17:49:49.951,9.46838,9.47122,1.00,1.00
2015.08.04 17:49:50.053,9.46831,9.47115,1.00,1.00
2015.08.04 17:49:50.357,9.46826,9.47091,1.00,1.00
2015.08.04 17:49:50.672,9.46865,9.47073,1.00,1.00
2015.08.04 17:49:53.611,9.46855,9.47073,1.00,1.00
2015.08.04 17:49:53.662,9.46855,9.47102,1.00,1.00
2015.08.04 17:49:53.763,9.46855,9.47116,1.00,1.00
2015.08.04 17:49:53.956,9.46855,9.47131,1.00,1.00
2015.08.04 17:49:54.134,9.46855,9.47131,1.37,1.00
2015.08.04 17:49:54.649,9.46855,9.47116,1.37,1.00
2015.08.04 17:49:54.962,9.4691,9.47151,1.00,1.00
2015.08.04 17:49:55.264,9.4691,9.47132,1.00,1.00
2015.08.04 17:49:55.572,9.4691,9.47123,1.00,1.00
2015.08.04 17:49:55.854,9.4691,9.47143,1.00,1.00
2015.08.04 17:49:55.905,9.4691,9.4716,1.00,1.07
2015.08.04 17:49:56.132,9.4691,9.47125,1.00,1.00
2015.08.04 17:49:56.449,9.4691,9.47143,1.00,1.00
2015.08.04 17:49:56.657,9.4691,9.47129,1.00,1.00
2015.08.04 17:49:56.860,9.4691,9.47149,1.00,1.00
2015.08.04 17:49:56.911,9.4691,9.47154,1.00,1.00
2015.08.04 17:49:57.188,9.4691,9.47128,1.00,1.00
2015.08.04 17:49:57.664,9.4691,9.47143,1.00,1.00
2015.08.04 17:49:57.856,9.4691,9.47125,1.00,1.00
2015.08.04 17:49:58.059,9.4691,9.47145,1.00,1.00
2015.08.04 17:49:58.110,9.4691,9.47147,1.00,1.00
2015.08.04 17:49:58.341,9.4691,9.47165,1.00,1.07
2015.08.04 17:49:58.392,9.4691,9.47128,1.00,1.00
2015.08.04 17:49:58.772,9.4691,9.47142,1.00,1.00
2015.08.04 17:49:59.167,9.4691,9.47118,1.00,1.00
2015.08.04 17:49:59.683,9.4691,9.47138,1.00,1.00
2015.08.04 17:49:59.734,9.4691,9.47153,1.00,1.00
2015.08.04 17:49:59.856,9.4691,9.47133,1.00,1.00
2015.08.04 17:50:00.158,9.4691,9.47153,1.00,1.00
2015.08.04 17:50:00.443,9.4691,9.47123,1.00,1.00
2015.08.04 17:50:00.773,9.4691,9.47139,1.00,1.00
2015.08.04 17:50:00.824,9.4691,9.47148,1.00,1.00
2015.08.04 17:50:00.875,9.4691,9.47129,1.00,1.00
2015.08.04 17:50:01.180,9.4691,9.47141,1.00,1.00
2015.08.04 17:50:01.231,9.4691,9.47145,1.00,1.00
2015.08.04 17:50:01.507,9.4691,9.47129,1.00,1.00
2015.08.04 17:50:01.819,9.4691,9.47109,1.00,1.00
2015.08.04 17:50:01.870,9.4691,9.47124,1.00,1.00
2015.08.04 17:50:02.073,9.4691,9.47135,1.00,1.00
2015.08.04 17:50:02.175,9.4691,9.47116,1.00,1.00
2015.08.04 17:50:02.277,9.4691,9.47136,1.00,1.00
2015.08.04 17:50:02.328,9.4691,9.4714,1.00,1.00
2015.08.04 17:50:02.669,9.4691,9.47123,1.00,1.00
2015.08.04 17:50:02.975,9.46916,9.47134,1.00,1.00
2015.08.04 17:50:03.184,9.46916,9.47151,1.00,1.00
2015.08.04 17:50:03.287,9.46916,9.47121,1.00,1.00
2015.08.04 17:50:03.491,9.46916,9.47136,1.00,1.00
2015.08.04 17:50:03.796,9.46916,9.47118,1.00,1.00
2015.08.04 17:50:04.490,9.46916,9.47133,1.00,1.00
2015.08.04 17:50:04.977,9.46916,9.47118,1.00,1.00
2015.08.04 17:50:05.193,9.46916,9.47138,1.00,1.00
2015.08.04 17:50:05.244,9.46916,9.47146,1.00,1.00
2015.08.04 17:50:05.294,9.46916,9.4713,1.00,1.00
2015.08.04 17:50:05.345,9.4691,9.4713,1.00,1.00
2015.08.04 17:50:05.396,9.4691,9.47138,1.00,1.00
2015.08.04 17:50:05.599,9.4691,9.47117,1.00,1.00
2015.08.04 17:50:05.802,9.4691,9.47136,1.00,1.00
2015.08.04 17:50:05.853,9.46906,9.47136,1.00,1.00
2015.08.04 17:50:05.904,9.46852,9.47136,1.00,1.00
2015.08.04 17:50:06.006,9.46816,9.47096,1.00,1.00
2015.08.04 17:50:06.189,9.46827,9.47111,1.00,1.00
2015.08.04 17:50:07.210,9.46803,9.47087,1.00,1.00
2015.08.04 17:50:07.525,9.46818,9.47102,1.00,1.00
2015.08.04 17:50:07.861,9.46832,9.47116,1.00,1.00
2015.08.04 17:50:08.601,9.46815,9.47099,1.00,1.00
2015.08.04 17:50:09.013,9.46862,9.47146,1.00,1.00
2015.08.04 17:50:09.325,9.46878,9.47162,1.00,1.00
2015.08.04 17:50:10.027,9.46878,9.47162,1.37,1.00
2015.08.04 17:50:10.421,9.46919,9.47203,1.00,1.07
2015.08.04 17:50:10.522,9.46898,9.47182,1.00,1.00
2015.08.04 17:50:11.060,9.46899,9.47183,1.00,1.00
2015.08.04 17:50:11.350,9.46914,9.47183,1.00,1.00
2015.08.04 17:50:12.394,9.46933,9.47203,1.00,1.00
2015.08.04 17:50:12.445,9.46933,9.47217,1.00,1.00
2015.08.04 17:50:12.496,9.46914,9.47194,1.00,1.00
2015.08.04 17:50:12.699,9.46918,9.47204,1.00,1.00
2015.08.04 17:50:12.800,9.4694,9.47223,1.00,1.07
2015.08.04 17:50:13.029,9.46914,9.47197,1.00,1.00
2015.08.04 17:50:13.233,9.46943,9.47227,1.00,1.07
2015.08.04 17:50:13.357,9.46914,9.47198,1.50,1.00
2015.08.04 17:50:13.509,9.46941,9.47218,1.00,1.00
2015.08.04 17:50:13.559,9.46941,9.47225,1.00,1.07
2015.08.04 17:50:13.610,9.46921,9.47185,1.00,1.00
2015.08.04 17:50:13.661,9.46914,9.47185,1.00,1.00
2015.08.04 17:50:18.010,9.46914,9.47185,1.37,1.00
2015.08.04 17:50:20.410,9.46914,9.47196,1.37,1.00
2015.08.04 17:50:22.525,9.46914,9.47196,1.00,1.00
2015.08.04 17:50:23.539,9.46949,9.47233,1.00,1.07
2015.08.04 17:50:23.641,9.46922,9.47206,1.00,1.00
2015.08.04 17:50:23.742,9.46931,9.47215,1.00,1.00
2015.08.04 17:50:24.011,9.46925,9.47211,1.00,1.00
2015.08.04 17:50:24.164,9.46934,9.47218,1.00,1.00
2015.08.04 17:50:24.469,9.46922,9.47206,1.00,1.00
2015.08.04 17:50:27.969,9.46937,9.47221,1.00,1.00
2015.08.04 17:50:28.832,9.46965,9.47241,1.00,1.00
2015.08.04 17:50:28.885,9.46965,9.47249,1.00,1.00
2015.08.04 17:50:29.163,9.4698,9.47264,1.00,1.10
2015.08.04 17:50:40.459,9.46985,9.47269,1.00,1.00
2015.08.04 17:50:51.034,9.4697,9.47254,1.00,1.00
2015.08.04 17:50:52.718,9.46948,9.47232,1.00,1.00
2015.08.04 17:50:53.041,9.46972,9.47256,1.00,1.00
2015.08.04 17:50:53.344,9.46979,9.47263,1.00,1.00
2015.08.04 17:50:53.648,9.46956,9.4724,1.00,1.00
2015.08.04 17:50:54.646,9.46973,9.47257,1.00,1.00
2015.08.04 17:51:00.412,9.46977,9.47261,1.00,1.00
2015.08.04 17:51:07.339,9.46959,9.47243,1.00,1.00
2015.08.04 17:51:10.814,9.46944,9.47228,1.00,1.00
2015.08.04 17:51:16.300,9.47028,9.47228,2.10,1.00
2015.08.04 17:51:16.401,9.47043,9.47308,2.10,1.37
2015.08.04 17:51:16.452,9.47067,9.47309,1.35,1.37
2015.08.04 17:51:16.554,9.47092,9.47326,1.35,1.37
2015.08.04 17:51:16.605,9.47107,9.47391,1.60,1.37
2015.08.04 17:51:16.807,9.47107,9.47391,1.00,1.07
2015.08.04 17:51:16.859,9.47107,9.47391,1.00,1.82
2015.08.04 17:51:17.077,9.46985,9.47271,1.00,1.07
2015.08.04 17:51:17.178,9.46985,9.47256,1.00,1.00
2015.08.04 17:51:17.381,9.4691,9.47194,1.00,1.00
2015.08.04 17:51:17.675,9.46913,9.47194,1.00,1.00
2015.08.04 17:51:17.776,9.46933,9.47217,1.00,1.00
2015.08.04 17:51:20.471,9.46936,9.4722,1.00,1.00
2015.08.04 17:51:20.775,9.47116,9.47335,1.35,1.00
2015.08.04 17:51:20.826,9.47069,9.47353,1.82,1.00
2015.08.04 17:51:20.877,9.47133,9.47373,1.00,1.00
2015.08.04 17:51:20.928,9.47133,9.47361,1.00,1.00
2015.08.04 17:51:21.049,9.47086,9.47323,1.00,1.00
2015.08.04 17:51:21.100,9.47019,9.47303,1.00,1.00
2015.08.04 17:51:21.303,9.47019,9.47303,1.00,1.07
2015.08.04 17:51:22.698,9.47002,9.47286,1.00,1.00
2015.08.04 17:51:22.750,9.47002,9.47286,1.00,1.07
2015.08.04 17:51:22.858,9.47002,9.47286,1.00,1.07
2015.08.04 17:51:23.370,9.47002,9.47286,1.00,1.82
2015.08.04 17:51:23.461,9.46987,9.47271,1.00,1.45
2015.08.04 17:51:23.720,9.47002,9.47286,1.00,1.82
2015.08.04 17:51:24.583,9.46985,9.47271,1.00,1.07
2015.08.04 17:51:29.535,9.46996,9.47271,1.00,1.07
2015.08.04 17:51:29.840,9.47016,9.473,1.00,1.75
2015.08.04 17:51:33.178,9.47031,9.47315,1.00,1.75
2015.08.04 17:51:33.721,9.47031,9.47315,1.00,1.75
2015.08.04 17:51:34.025,9.47031,9.47315,1.00,1.75
2015.08.04 17:51:40.420,9.47021,9.47305,1.00,1.00
2015.08.04 17:51:49.803,9.47021,9.47305,1.00,1.75
2015.08.04 17:51:50.005,9.47021,9.47305,1.00,1.00
2015.08.04 17:51:51.017,9.47021,9.47305,1.00,1.75
2015.08.04 17:51:58.248,9.47021,9.47305,1.00,1.00
2015.08.04 17:52:00.509,9.47015,9.47301,1.50,1.00
2015.08.04 17:52:14.150,9.47031,9.47315,1.00,1.00
2015.08.04 17:52:14.451,9.47015,9.47299,1.50,1.00
2015.08.04 17:52:15.628,9.47015,9.47299,1.50,1.37
2015.08.04 17:52:15.950,9.4703,9.47314,1.00,1.75
2015.08.04 17:52:16.818,9.47015,9.47299,1.50,1.37
2015.08.04 17:52:24.427,9.47015,9.47299,1.50,1.00
2015.08.04 17:52:26.003,9.47029,9.47313,1.00,1.00
2015.08.04 17:52:26.830,9.47029,9.47312,1.00,1.00
2015.08.04 17:52:27.201,9.47015,9.47292,1.00,1.37
2015.08.04 17:52:27.804,9.47023,9.47307,1.00,1.75
2015.08.04 17:52:32.576,9.47038,9.47322,1.00,1.87
2015.08.04 17:52:33.195,9.47023,9.47307,1.00,1.75
2015.08.04 17:52:34.494,9.47008,9.47292,1.00,1.37
2015.08.04 17:52:34.596,9.47008,9.47292,1.00,1.00
2015.08.04 17:52:35.515,9.47023,9.47307,1.00,1.00
2015.08.04 17:52:36.309,9.47023,9.47307,1.00,1.75
2015.08.04 17:52:40.400,9.4702,9.47304,1.00,1.75
2015.08.04 17:52:44.823,9.47035,9.47319,1.00,1.75
2015.08.04 17:52:45.477,9.47035,9.47319,1.00,1.00
2015.08.04 17:52:46.420,9.47018,9.47302,1.00,1.00
2015.08.04 17:52:46.845,9.47018,9.47302,1.00,1.75
2015.08.04 17:52:46.997,9.47018,9.47302,1.00,1.12
2015.08.04 17:52:47.989,9.46996,9.4728,1.00,1.37
2015.08.04 17:52:49.020,9.4701,9.47294,1.00,1.37
2015.08.04 17:52:49.223,9.4701,9.47294,1.00,1.07
2015.08.04 17:52:49.438,9.4701,9.47294,1.00,1.75
2015.08.04 17:52:50.191,9.46989,9.47272,1.00,1.37
2015.08.04 17:52:50.242,9.46986,9.47272,1.00,1.37
2015.08.04 17:52:50.293,9.46986,9.47272,1.00,1.75
2015.08.04 17:52:51.320,9.46986,9.47272,1.00,1.37
2015.08.04 17:52:52.230,9.4698,9.47255,1.00,1.07
2015.08.04 17:52:52.281,9.4698,9.47255,1.00,1.37
2015.08.04 17:52:54.179,9.4698,9.47217,1.00,1.00
2015.08.04 17:52:54.355,9.4698,9.47237,1.00,1.07
2015.08.04 17:52:55.150,9.4698,9.47208,1.00,1.00
2015.08.04 17:52:55.352,9.4698,9.47228,1.00,1.07
2015.08.04 17:52:55.684,9.4698,9.47211,1.00,1.07
2015.08.04 17:52:59.227,9.4698,9.47225,1.00,1.10
2015.08.04 17:53:00.792,9.4698,9.47224,1.00,1.00
2015.08.04 17:53:01.851,9.4698,9.47224,1.00,1.37
2015.08.04 17:53:06.008,9.4698,9.47224,1.00,1.00
2015.08.04 17:53:06.262,9.4698,9.47238,1.00,1.07
2015.08.04 17:53:07.313,9.4698,9.47191,1.00,1.00
2015.08.04 17:53:07.415,9.4698,9.47227,1.00,1.00
2015.08.04 17:53:07.466,9.4698,9.47227,1.00,1.07
2015.08.04 17:53:16.712,9.4698,9.47245,1.00,1.00
2015.08.04 17:53:18.794,9.4698,9.47245,1.00,1.37
2015.08.04 17:53:19.280,9.4698,9.47247,1.00,1.07
2015.08.04 17:53:19.850,9.4698,9.47232,1.00,1.00
2015.08.04 17:53:20.436,9.4698,9.47244,1.00,1.07
2015.08.04 17:53:20.567,9.4698,9.47244,1.00,1.37
2015.08.04 17:53:22.657,9.46986,9.47259,1.00,1.37
2015.08.04 17:53:22.759,9.46986,9.47259,1.00,1.07
2015.08.04 17:53:22.911,9.4698,9.47259,1.00,1.07
2015.08.04 17:53:22.962,9.4698,9.4724,1.00,1.12
2015.08.04 17:53:23.864,9.4698,9.47256,1.00,1.75
2015.08.04 17:53:25.957,9.4698,9.47238,1.00,1.37
2015.08.04 17:53:33.728,9.4698,9.47254,1.00,1.75
2015.08.04 17:53:35.706,9.4698,9.47236,1.00,1.37
2015.08.04 17:53:37.507,9.4698,9.47236,1.00,1.75
2015.08.04 17:53:42.542,9.4698,9.47236,1.00,1.37
2015.08.04 17:53:45.086,9.4698,9.47236,1.00,1.07
2015.08.04 17:53:45.289,9.4698,9.47236,1.00,1.00
2015.08.04 17:53:45.495,9.4698,9.47255,1.00,1.00
2015.08.04 17:53:46.230,9.4698,9.4724,1.00,1.00
2015.08.04 17:53:46.582,9.4698,9.47257,1.00,1.37
2015.08.04 17:53:47.010,9.46966,9.47241,1.00,1.07
2015.08.04 17:53:47.529,9.46978,9.47262,1.00,1.37
2015.08.04 17:53:47.833,9.46966,9.47243,1.00,1.75
2015.08.04 17:53:47.883,9.46959,9.47243,1.00,1.75
2015.08.04 17:53:54.336,9.46959,9.47243,1.00,1.37
2015.08.04 17:53:57.293,9.46959,9.47243,1.00,1.75
2015.08.04 17:54:00.708,9.46959,9.47243,1.00,1.07
2015.08.04 17:54:02.018,9.46959,9.47243,1.00,1.12
2015.08.04 17:54:02.119,9.46959,9.47243,1.00,1.00
2015.08.04 17:54:02.324,9.46946,9.47227,1.00,1.00
2015.08.04 17:54:02.665,9.46956,9.47227,1.00,1.00
2015.08.04 17:54:03.026,9.46976,9.47227,1.00,1.00
2015.08.04 17:54:03.228,9.46976,9.47244,1.00,1.00
2015.08.04 17:54:04.173,9.46976,9.4726,1.00,1.07
2015.08.04 17:54:05.967,9.46962,9.47246,1.00,1.10
2015.08.04 17:54:20.484,9.46969,9.47253,1.00,1.07
2015.08.04 17:54:40.441,9.46966,9.4725,1.50,1.07
2015.08.04 17:54:42.269,9.46966,9.4725,1.00,1.00
2015.08.04 17:54:43.432,9.46949,9.47233,1.00,1.00
2015.08.04 17:54:43.775,9.46935,9.47219,1.75,1.00
2015.08.04 17:54:45.707,9.46951,9.47235,1.00,1.07
2015.08.04 17:54:46.539,9.46951,9.47235,1.00,1.00
2015.08.04 17:54:47.318,9.47029,9.47255,1.60,1.00
2015.08.04 17:54:47.572,9.4707,9.47354,1.00,1.07
2015.08.04 17:54:47.623,9.47055,9.47339,1.00,1.82
2015.08.04 17:54:47.724,9.47035,9.47299,1.00,1.00
2015.08.04 17:54:47.775,9.47015,9.47277,1.00,1.00
2015.08.04 17:54:47.827,9.46995,9.47275,1.00,1.00
2015.08.04 17:54:47.935,9.46972,9.47256,1.00,1.00
2015.08.04 17:54:48.996,9.46972,9.47256,1.00,1.07
2015.08.04 17:54:49.555,9.46972,9.47256,1.00,1.00
2015.08.04 17:54:49.977,9.46972,9.47256,1.00,1.07
2015.08.04 17:54:50.988,9.46972,9.47256,1.00,1.00
2015.08.04 17:54:52.413,9.46954,9.47238,1.75,1.00
2015.08.04 17:54:53.116,9.46954,9.47238,1.00,1.00
2015.08.04 17:54:54.616,9.46937,9.47221,1.50,1.00
2015.08.04 17:54:56.629,9.46953,9.47237,1.00,1.00
2015.08.04 17:55:00.467,9.46943,9.47229,1.75,1.00
2015.08.04 17:55:00.808,9.46943,9.47229,1.75,1.00
2015.08.04 17:55:01.786,9.46943,9.47229,1.00,1.00
2015.08.04 17:55:02.170,9.46961,9.47245,1.00,1.00
2015.08.04 17:55:05.701,9.46961,9.4724,1.00,1.00
2015.08.04 17:55:05.752,9.46936,9.4722,1.00,1.00
2015.08.04 17:55:07.764,9.46936,9.4722,1.00,1.37
2015.08.04 17:55:07.866,9.46957,9.47241,1.00,1.82
2015.08.04 17:55:07.969,9.46926,9.4721,1.00,1.00
2015.08.04 17:55:08.062,9.46926,9.47193,1.00,1.00
2015.08.04 17:55:08.115,9.46889,9.47172,1.00,1.00
2015.08.04 17:55:08.167,9.46868,9.47152,1.00,1.00
2015.08.04 17:55:08.268,9.46886,9.4717,1.00,1.00
2015.08.04 17:55:08.573,9.46877,9.47161,1.00,1.00
2015.08.04 17:55:09.222,9.46877,9.47153,1.00,1.00
2015.08.04 17:55:09.273,9.46849,9.47133,1.00,1.00
2015.08.04 17:55:09.374,9.46833,9.47117,1.00,1.00
2015.08.04 17:55:09.774,9.46854,9.47138,1.00,1.00
2015.08.04 17:55:10.117,9.46869,9.47153,1.00,1.37
2015.08.04 17:55:10.626,9.46869,9.47153,1.00,1.00
2015.08.04 17:55:11.400,9.46884,9.47168,1.00,1.00
2015.08.04 17:55:12.518,9.46939,9.47168,1.00,1.00
2015.08.04 17:55:12.670,9.46923,9.47207,1.00,1.07
2015.08.04 17:55:12.773,9.46944,9.47228,1.00,1.37
2015.08.04 17:55:13.042,9.46916,9.472,1.00,1.07
2015.08.04 17:55:13.597,9.46932,9.47216,1.00,1.37
2015.08.04 17:55:13.750,9.46933,9.47217,1.00,1.00
2015.08.04 17:55:14.327,9.46933,9.47215,1.00,1.00
2015.08.04 17:55:14.378,9.46911,9.47195,1.00,1.00
2015.08.04 17:55:14.543,9.46915,9.47195,1.00,1.00
2015.08.04 17:55:14.594,9.46935,9.47219,1.00,1.00
2015.08.04 17:55:15.864,9.46952,9.47236,1.00,1.00
2015.08.04 17:55:18.712,9.46937,9.47221,1.00,1.00
2015.08.04 17:55:19.088,9.46952,9.47236,1.00,1.00
2015.08.04 17:55:19.676,9.46937,9.47221,1.00,1.00
2015.08.04 17:55:20.476,9.46933,9.47217,1.00,1.00
2015.08.04 17:55:22.916,9.46918,9.47202,1.00,1.00
2015.08.04 17:55:25.538,9.46918,9.47202,1.37,1.00
2015.08.04 17:55:27.237,9.46918,9.47202,1.37,1.00
2015.08.04 17:55:27.338,9.46918,9.47202,1.00,1.00
2015.08.04 17:55:27.389,9.46935,9.47219,1.00,1.00
2015.08.04 17:55:28.006,9.4695,9.47234,1.00,1.00
2015.08.04 17:55:30.316,9.46934,9.47218,1.00,1.00
2015.08.04 17:55:31.206,9.46948,9.47232,1.00,1.00
2015.08.04 17:55:40.450,9.46959,9.47243,1.00,1.00
2015.08.04 17:55:41.740,9.4694,9.47224,1.00,1.00
2015.08.04 17:55:42.529,9.46924,9.47208,1.00,1.00
2015.08.04 17:55:42.832,9.4692,9.47192,1.00,1.00
2015.08.04 17:55:47.273,9.46926,9.4721,1.00,1.00
2015.08.04 17:55:56.095,9.46926,9.47205,1.00,1.00
2015.08.04 17:55:56.866,9.46926,9.4721,1.00,1.00
2015.08.04 17:55:56.968,9.4691,9.47194,1.50,1.00
2015.08.04 17:55:57.298,9.46998,9.47282,1.60,1.37
2015.08.04 17:55:57.603,9.46998,9.47282,1.60,1.37
2015.08.04 17:55:57.776,9.46998,9.47282,1.60,1.37
2015.08.04 17:55:57.878,9.46998,9.47282,1.00,1.00
2015.08.04 17:55:59.793,9.47019,9.47282,1.00,1.00
2015.08.04 17:56:00.438,9.47019,9.47287,1.00,1.00
2015.08.04 17:56:20.535,9.47019,9.47289,1.00,1.00
2015.08.04 17:56:23.521,9.47024,9.47308,1.00,1.00
2015.08.04 17:56:23.848,9.47019,9.47293,1.60,1.00
2015.08.04 17:56:29.806,9.47019,9.47293,1.00,1.00
2015.08.04 17:56:37.242,9.47027,9.47311,1.00,1.00
2015.08.04 17:56:41.265,9.47046,9.47311,1.00,1.00
2015.08.04 17:56:41.468,9.47076,9.4735,1.00,1.50
2015.08.04 17:56:41.711,9.47186,9.4735,1.00,1.00
2015.08.04 17:56:41.762,9.47186,9.47388,1.00,1.00
2015.08.04 17:56:41.865,9.47186,9.47423,1.00,1.00
2015.08.04 17:56:41.916,9.47139,9.47423,1.07,1.00
2015.08.04 17:56:41.967,9.47153,9.47439,1.07,1.00
2015.08.04 17:56:42.490,9.47153,9.47439,1.00,1.00
2015.08.04 17:56:42.552,9.47169,9.47453,1.00,1.00
2015.08.04 17:56:43.060,9.47184,9.47468,1.00,1.00
2015.08.04 17:56:43.485,9.47168,9.47454,1.00,1.00
2015.08.04 17:56:43.955,9.47188,9.47472,1.00,1.00
2015.08.04 17:56:44.975,9.47208,9.47492,1.00,1.00
2015.08.04 17:56:46.429,9.47208,9.47492,1.00,1.75
2015.08.04 17:56:46.480,9.47191,9.47475,1.00,1.00
2015.08.04 17:56:49.811,9.47178,9.47462,1.00,1.00
2015.08.04 17:56:53.817,9.47192,9.47476,1.00,1.00
2015.08.04 17:57:00.314,9.47192,9.47476,1.00,1.75
2015.08.04 17:57:00.416,9.47174,9.4746,1.00,1.75
2015.08.04 17:57:00.517,9.47174,9.4746,1.00,1.75
2015.08.04 17:57:00.619,9.47159,9.47443,1.00,1.50
2015.08.04 17:57:01.914,9.47144,9.47428,1.00,1.00
2015.08.04 17:57:03.125,9.47144,9.47422,1.00,1.00
2015.08.04 17:57:03.458,9.47144,9.47422,1.00,1.07
2015.08.04 17:57:03.935,9.47144,9.47422,1.00,1.00
2015.08.04 17:57:07.165,9.47144,9.47422,1.00,1.75
2015.08.04 17:57:07.216,9.47129,9.47413,1.00,1.50
2015.08.04 17:57:07.451,9.47129,9.47413,1.00,1.00
2015.08.04 17:57:16.548,9.47129,9.47413,1.00,1.37
2015.08.04 17:57:16.649,9.47112,9.47398,1.00,1.00
2015.08.04 17:57:18.054,9.47098,9.47382,1.00,1.00
2015.08.04 17:57:18.309,9.47112,9.47398,1.00,1.00
2015.08.04 17:57:19.006,9.47112,9.47398,1.00,1.07
2015.08.04 17:57:19.120,9.47091,9.47375,1.00,1.00
2015.08.04 17:57:19.521,9.47105,9.47389,1.00,1.07
2015.08.04 17:57:20.179,9.47105,9.47389,1.00,1.00
2015.08.04 17:57:20.463,9.4711,9.47394,1.00,1.00
2015.08.04 17:57:22.175,9.47095,9.47379,1.00,1.00
2015.08.04 17:57:23.459,9.47081,9.47365,1.00,1.00
2015.08.04 17:57:27.557,9.47066,9.4735,1.50,1.00
2015.08.04 17:57:28.644,9.47082,9.47366,1.00,1.00
2015.08.04 17:57:29.654,9.47066,9.47347,1.00,1.00
2015.08.04 17:57:30.660,9.47066,9.47332,1.00,1.00
2015.08.04 17:57:31.010,9.47086,9.47332,1.00,1.00
2015.08.04 17:57:34.462,9.47086,9.47352,1.00,1.00
2015.08.04 17:57:34.513,9.47086,9.47354,1.00,1.00
2015.08.04 17:57:35.140,9.47086,9.47354,1.37,1.00
2015.08.04 17:57:35.477,9.47096,9.47354,1.00,1.00
2015.08.04 17:57:35.578,9.47096,9.47369,1.00,1.00
2015.08.04 17:57:35.879,9.47116,9.47369,1.00,1.00
2015.08.04 17:57:36.482,9.47116,9.47385,1.00,1.00
2015.08.04 17:57:36.583,9.47125,9.47365,1.00,1.00
2015.08.04 17:57:36.685,9.47105,9.47365,1.00,1.00
2015.08.04 17:57:36.736,9.47102,9.47365,1.00,1.00
2015.08.04 17:57:37.413,9.47076,9.47351,1.00,1.00
2015.08.04 17:57:37.687,9.47067,9.4731,1.37,1.00
2015.08.04 17:57:38.190,9.47076,9.4731,1.00,1.00
2015.08.04 17:57:38.891,9.47067,9.4731,1.00,1.00
2015.08.04 17:57:39.402,9.47067,9.4731,1.37,1.00
2015.08.04 17:57:40.383,9.47086,9.4731,1.00,1.00
2015.08.04 17:57:41.412,9.47066,9.4731,1.50,1.00
2015.08.04 17:57:46.328,9.47066,9.4731,1.87,1.00
2015.08.04 17:57:47.125,9.47066,9.4731,1.50,1.00
2015.08.04 17:57:48.427,9.47083,9.4731,1.00,1.00
2015.08.04 17:57:50.350,9.47066,9.4731,1.75,1.00
2015.08.04 17:57:53.558,9.47066,9.4731,1.00,1.00
2015.08.04 17:57:53.760,9.47085,9.4731,1.00,1.00
2015.08.04 17:57:56.123,9.47066,9.4731,1.75,1.00
2015.08.04 17:57:57.320,9.47069,9.4731,1.00,1.00
2015.08.04 17:57:57.372,9.47089,9.4731,1.00,1.00
2015.08.04 17:58:00.436,9.4708,9.4731,1.00,1.00
2015.08.04 17:58:09.753,9.47098,9.4731,1.00,1.00
2015.08.04 17:58:10.097,9.47074,9.4731,1.75,1.00
2015.08.04 17:58:13.757,9.47094,9.4731,1.00,1.00
2015.08.04 17:58:13.859,9.47076,9.4731,1.37,1.00
2015.08.04 17:58:14.184,9.47089,9.4731,1.00,1.00
2015.08.04 17:58:15.009,9.47065,9.4731,1.75,1.00
2015.08.04 17:58:15.110,9.47065,9.4731,1.00,1.00
2015.08.04 17:58:16.312,9.47065,9.4731,1.75,1.00
2015.08.04 17:58:16.641,9.47079,9.4731,1.00,1.00
2015.08.04 17:58:17.525,9.47079,9.4731,1.75,1.00
2015.08.04 17:58:17.847,9.47096,9.4731,1.00,1.00
2015.08.04 17:58:19.309,9.47081,9.4731,1.50,1.00
2015.08.04 17:58:20.131,9.47081,9.4731,1.00,1.00
2015.08.04 17:58:20.538,9.47073,9.4731,1.00,1.00
2015.08.04 17:58:22.235,9.47073,9.4731,1.75,1.00
2015.08.04 17:58:22.540,9.47091,9.4731,1.00,1.00
2015.08.04 17:58:31.185,9.47075,9.4731,1.75,1.00
2015.08.04 17:58:31.393,9.47075,9.4731,1.00,1.00
2015.08.04 17:58:35.208,9.47075,9.4731,1.50,1.00
2015.08.04 17:58:37.690,9.47075,9.47359,1.50,1.00
2015.08.04 17:58:44.854,9.47075,9.47359,1.37,1.00
2015.08.04 17:58:45.365,9.47075,9.47359,1.00,1.00
2015.08.04 17:59:00.426,9.47068,9.47352,1.00,1.00
2015.08.04 17:59:00.751,9.4705,9.47334,1.00,1.00
2015.08.04 17:59:01.531,9.47066,9.4735,1.00,1.00
2015.08.04 17:59:02.765,9.47066,9.4735,1.00,1.75
2015.08.04 17:59:02.867,9.47051,9.47335,1.00,1.00
2015.08.04 17:59:02.968,9.47049,9.47333,1.00,1.00
2015.08.04 17:59:03.362,9.4703,9.47316,1.00,1.00
2015.08.04 17:59:03.615,9.47046,9.47316,1.00,1.00
2015.08.04 17:59:03.666,9.47047,9.47331,1.00,1.00
2015.08.04 17:59:05.044,9.47046,9.47316,1.00,1.00
2015.08.04 17:59:05.146,9.47032,9.47316,1.00,1.00
2015.08.04 17:59:05.607,9.47032,9.47291,1.00,1.00
2015.08.04 17:59:05.759,9.47016,9.47291,1.50,1.00
2015.08.04 17:59:05.912,9.47016,9.47291,1.50,1.37
2015.08.04 17:59:06.605,9.47006,9.47281,1.00,1.37
2015.08.04 17:59:06.757,9.47006,9.47262,1.00,1.00
2015.08.04 17:59:07.052,9.47006,9.47277,1.00,1.00
2015.08.04 17:59:09.161,9.47016,9.47277,1.00,1.00
2015.08.04 17:59:12.421,9.47006,9.47277,1.00,1.00
2015.08.04 17:59:18.842,9.47026,9.47277,1.00,1.00
2015.08.04 17:59:19.649,9.47015,9.47277,1.00,1.00
2015.08.04 17:59:19.864,9.46986,9.47259,1.37,1.00
2015.08.04 17:59:19.965,9.46986,9.47259,1.00,1.00
2015.08.04 17:59:20.067,9.46986,9.47232,1.00,1.00
2015.08.04 17:59:20.371,9.47006,9.47238,1.00,1.00
2015.08.04 17:59:20.883,9.47005,9.47238,1.00,1.00
2015.08.04 17:59:21.193,9.47006,9.47223,1.00,1.00
2015.08.04 17:59:21.395,9.46986,9.47223,1.00,1.00
2015.08.04 17:59:22.210,9.46986,9.47207,1.00,1.00
2015.08.04 17:59:23.601,9.46985,9.47207,1.00,1.00
2015.08.04 17:59:24.604,9.46986,9.47207,1.00,1.00
2015.08.04 17:59:40.510,9.46986,9.47201,1.00,1.00
2015.08.04 17:59:53.385,9.47006,9.47201,1.00,1.00
