2011.12.01 12:00:01.728,9.13023,9.13147,1.50,2.25
2011.12.01 12:00:02.536,9.13031,9.13155,1.50,2.25
2011.12.01 12:00:03.155,9.13042,9.13168,1.50,2.25
2011.12.01 12:00:03.956,9.13029,9.13153,1.50,2.25
2011.12.01 12:00:09.071,9.13036,9.13162,1.50,2.25
2011.12.01 12:00:12.915,9.13036,9.13153,1.50,1.13
2011.12.01 12:00:13.255,9.13028,9.13152,1.50,2.25
2011.12.01 12:00:13.374,9.13037,9.13163,1.50,2.25
2011.12.01 12:00:17.750,9.13029,9.13153,1.50,2.25
2011.12.01 12:00:17.880,9.13038,9.13164,1.50,2.25
2011.12.01 12:00:19.377,9.13046,9.13172,1.50,2.63
2011.12.01 12:00:19.735,9.13055,9.13172,1.50,1.13
2011.12.01 12:00:21.083,9.13048,9.13172,1.50,2.63
2011.12.01 12:00:25.140,9.13062,9.13172,1.50,1.13
2011.12.01 12:00:27.076,9.13046,9.13172,1.50,2.63
2011.12.01 12:00:27.565,9.13046,9.13142,1.50,1.13
2011.12.01 12:00:27.686,9.13027,9.13142,1.50,1.13
2011.12.01 12:00:27.807,9.13018,9.13142,1.50,1.13
2011.12.01 12:00:28.900,9.13005,9.13119,1.50,1.13
2011.12.01 12:00:29.028,9.13022,9.13143,1.50,1.13
2011.12.01 12:00:30.296,9.13013,9.13139,1.50,2.25
2011.12.01 12:00:31.661,9.13005,9.13131,1.50,2.25
2011.12.01 12:00:34.422,9.12996,9.13122,1.50,2.25
2011.12.01 12:00:41.079,9.12986,9.1311,1.50,2.25
2011.12.01 12:00:43.968,9.12986,9.13093,1.50,1.50
2011.12.01 12:00:44.317,9.12986,9.13093,1.50,1.50
2011.12.01 12:00:44.559,9.12969,9.13093,2.25,1.50
2011.12.01 12:00:44.687,9.12969,9.13073,1.50,1.50
2011.12.01 12:00:45.416,9.12918,9.13042,1.50,2.25
2011.12.01 12:00:45.841,9.1291,9.13034,1.50,2.25
2011.12.01 12:00:46.382,9.1291,9.13034,1.58,2.25
2011.12.01 12:00:46.967,9.1291,9.13034,1.58,2.25
2011.12.01 12:00:47.383,9.12925,9.13049,1.50,2.25
2011.12.01 12:00:56.736,9.12915,9.13041,1.58,2.25
2011.12.01 12:00:56.966,9.12915,9.13041,1.50,2.25
2011.12.01 12:00:57.083,9.12906,9.13032,1.50,2.25
2011.12.01 12:00:57.313,9.12897,9.13021,1.50,2.25
2011.12.01 12:00:58.941,9.12907,9.13012,1.50,1.50
2011.12.01 12:00:59.069,9.12894,9.13012,1.50,1.50
2011.12.01 12:00:59.985,9.12894,9.13002,1.58,1.50
2011.12.01 12:01:00.464,9.12894,9.12983,1.50,1.50
2011.12.01 12:01:02.024,9.1287,9.12918,2.25,2.10
2011.12.01 12:01:02.254,9.12863,9.12918,1.50,2.10
2011.12.01 12:01:02.485,9.12853,9.12918,1.50,2.10
2011.12.01 12:01:02.825,9.12853,9.12943,1.50,1.35
2011.12.01 12:01:03.056,9.12841,9.12943,1.88,1.35
2011.12.01 12:01:04.154,9.12849,9.12943,1.50,1.35
2011.12.01 12:01:06.457,9.12849,9.12943,1.50,1.50
2011.12.01 12:01:07.706,9.12849,9.12943,1.50,1.50
2011.12.01 12:01:07.824,9.1286,9.12943,1.50,1.50
2011.12.01 12:01:08.458,9.12835,9.12943,1.50,1.50
2011.12.01 12:01:08.579,9.12826,9.12952,1.50,2.25
2011.12.01 12:01:08.950,9.12801,9.1288,1.50,2.25
2011.12.01 12:01:09.075,9.12801,9.1288,1.50,2.25
2011.12.01 12:01:09.621,9.12756,9.1288,1.50,2.25
2011.12.01 12:01:10.664,9.12748,9.12872,1.50,2.25
2011.12.01 12:01:12.671,9.12739,9.12865,1.50,2.25
2011.12.01 12:01:14.225,9.12728,9.12853,2.44,1.50
2011.12.01 12:01:14.575,9.12728,9.12854,1.88,2.25
2011.12.01 12:01:14.695,9.12688,9.12798,1.50,1.50
2011.12.01 12:01:14.815,9.12658,9.12784,1.50,1.50
2011.12.01 12:01:16.526,9.12658,9.12784,1.50,1.58
2011.12.01 12:01:17.523,9.12658,9.12784,1.50,1.50
2011.12.01 12:01:17.754,9.12658,9.12783,1.50,1.50
2011.12.01 12:01:18.083,9.12658,9.12783,1.50,1.50
2011.12.01 12:01:18.604,9.12658,9.12783,2.10,1.50
2011.12.01 12:01:18.845,9.12728,9.12854,1.50,2.44
2011.12.01 12:01:18.966,9.12728,9.12832,1.50,1.13
2011.12.01 12:01:19.611,9.12738,9.12812,1.32,2.25
2011.12.01 12:01:19.750,9.12753,9.12879,2.25,2.25
2011.12.01 12:01:20.106,9.12769,9.12895,2.25,2.25
2011.12.01 12:01:21.722,9.12776,9.12902,2.25,3.00
2011.12.01 12:01:22.733,9.12784,9.12902,1.50,1.50
2011.12.01 12:01:24.857,9.12793,9.12902,1.50,1.50
2011.12.01 12:01:26.266,9.12763,9.12887,1.50,2.25
2011.12.01 12:01:27.529,9.12741,9.12867,1.88,1.50
2011.12.01 12:01:27.765,9.12741,9.12867,1.88,2.25
2011.12.01 12:01:28.508,9.1275,9.12872,1.50,1.50
2011.12.01 12:01:29.581,9.1275,9.12872,1.50,1.50
2011.12.01 12:01:31.765,9.1274,9.12864,1.88,2.25
2011.12.01 12:01:32.376,9.1274,9.12864,1.88,2.25
2011.12.01 12:01:35.595,9.12749,9.12872,1.50,1.50
2011.12.01 12:01:36.684,9.12749,9.12872,1.50,1.50
2011.12.01 12:01:36.915,9.12749,9.12872,1.50,1.50
2011.12.01 12:01:37.159,9.12749,9.12872,1.50,1.50
2011.12.01 12:01:37.524,9.12749,9.12872,1.50,1.50
2011.12.01 12:01:37.757,9.12749,9.12872,1.50,1.50
2011.12.01 12:01:37.879,9.12738,9.12864,1.88,2.25
2011.12.01 12:01:38.115,9.12747,9.12871,1.50,2.25
2011.12.01 12:01:38.667,9.12747,9.12871,1.50,2.25
2011.12.01 12:01:38.795,9.12749,9.12872,1.50,1.50
2011.12.01 12:01:41.509,9.12749,9.12872,1.50,1.50
2011.12.01 12:01:41.882,9.12749,9.12872,1.50,1.50
2011.12.01 12:01:49.104,9.12762,9.12872,1.50,1.50
2011.12.01 12:01:49.227,9.12762,9.12872,1.50,1.50
2011.12.01 12:01:49.349,9.12779,9.12872,1.50,1.50
2011.12.01 12:01:49.715,9.12779,9.12872,1.50,1.50
2011.12.01 12:01:49.835,9.12765,9.12872,1.50,1.50
2011.12.01 12:01:50.929,9.12755,9.12872,1.50,1.50
2011.12.01 12:01:51.047,9.12755,9.12879,2.25,2.25
2011.12.01 12:01:51.287,9.12779,9.12903,1.88,1.50
2011.12.01 12:01:51.863,9.12779,9.12903,1.88,1.50
2011.12.01 12:01:52.205,9.12788,9.12903,1.50,1.50
2011.12.01 12:01:55.994,9.12788,9.12903,1.50,1.50
2011.12.01 12:01:56.443,9.1278,9.12903,1.50,1.50
2011.12.01 12:01:56.574,9.12779,9.12882,1.50,1.50
2011.12.01 12:01:57.004,9.12771,9.12882,1.50,1.50
2011.12.01 12:01:57.858,9.12771,9.12882,1.50,1.50
2011.12.01 12:01:58.360,9.12771,9.12882,1.50,1.50
2011.12.01 12:01:58.487,9.12771,9.12882,1.50,1.50
2011.12.01 12:01:59.245,9.12771,9.12882,1.50,1.50
2011.12.01 12:02:00.537,9.12771,9.12882,1.50,1.50
2011.12.01 12:02:00.655,9.12771,9.12882,1.50,1.50
2011.12.01 12:02:00.998,9.1278,9.12882,1.50,1.50
2011.12.01 12:02:01.328,9.1278,9.12882,1.50,1.50
2011.12.01 12:02:01.968,9.1278,9.12902,1.50,1.50
2011.12.01 12:02:02.084,9.12787,9.12902,1.50,1.50
2011.12.01 12:02:02.207,9.12787,9.12902,1.50,1.50
2011.12.01 12:02:02.331,9.12772,9.12896,1.88,2.25
2011.12.01 12:02:02.461,9.12772,9.12896,1.88,2.25
2011.12.01 12:02:02.824,9.1278,9.12902,1.50,1.50
2011.12.01 12:02:02.979,9.1278,9.12902,1.50,1.50
2011.12.01 12:02:03.699,9.1278,9.12902,1.50,1.50
2011.12.01 12:02:04.338,9.12772,9.12898,1.88,2.25
2011.12.01 12:02:04.724,9.12772,9.12898,1.88,2.25
2011.12.01 12:02:04.981,9.12772,9.12898,1.88,2.25
2011.12.01 12:02:07.226,9.1278,9.12902,1.50,1.50
2011.12.01 12:02:09.715,9.1278,9.12902,1.50,1.50
2011.12.01 12:02:10.100,9.1278,9.12902,1.50,1.50
2011.12.01 12:02:11.779,9.1278,9.12902,1.50,1.50
2011.12.01 12:02:11.906,9.12772,9.12896,1.88,2.25
2011.12.01 12:02:12.151,9.12745,9.12869,2.25,1.50
2011.12.01 12:02:12.276,9.12745,9.12869,2.25,1.88
2011.12.01 12:02:12.639,9.12689,9.12815,1.58,2.25
2011.12.01 12:02:12.876,9.12689,9.12815,1.58,2.25
2011.12.01 12:02:13.576,9.12679,9.12805,1.50,2.25
2011.12.01 12:02:13.696,9.12679,9.12803,1.50,1.50
2011.12.01 12:02:14.301,9.12667,9.12793,1.50,2.25
2011.12.01 12:02:14.706,9.12667,9.12793,1.50,2.25
2011.12.01 12:02:15.687,9.12667,9.12793,1.50,2.25
2011.12.01 12:02:15.805,9.12667,9.12793,1.50,2.25
2011.12.01 12:02:15.927,9.12667,9.12793,1.50,2.25
2011.12.01 12:02:16.721,9.12667,9.12793,1.50,2.25
2011.12.01 12:02:16.971,9.12678,9.12803,1.50,1.50
2011.12.01 12:02:18.924,9.12687,9.12803,1.50,1.50
2011.12.01 12:02:20.149,9.12679,9.12803,1.50,1.50
2011.12.01 12:02:21.464,9.12679,9.12805,2.25,2.25
2011.12.01 12:02:21.585,9.1269,9.12814,1.50,2.25
2011.12.01 12:02:22.043,9.1269,9.12814,1.50,2.25
2011.12.01 12:02:26.272,9.1269,9.12814,1.50,2.25
2011.12.01 12:02:26.403,9.12704,9.12823,1.50,1.50
2011.12.01 12:02:29.486,9.12697,9.12821,1.50,2.25
2011.12.01 12:02:37.465,9.12688,9.12814,1.50,2.25
2011.12.01 12:02:40.777,9.12697,9.12821,1.50,1.50
2011.12.01 12:02:41.301,9.12697,9.12821,1.50,2.25
2011.12.01 12:02:42.021,9.12688,9.12812,1.50,2.25
2011.12.01 12:02:42.373,9.12688,9.12812,1.50,2.63
2011.12.01 12:02:42.712,9.12672,9.12796,1.50,2.25
2011.12.01 12:02:44.585,9.1265,9.12773,1.50,1.50
2011.12.01 12:02:45.662,9.1265,9.12762,1.50,1.50
2011.12.01 12:02:46.007,9.1264,9.12762,1.50,1.50
2011.12.01 12:02:47.186,9.12624,9.12697,1.58,2.48
2011.12.01 12:02:47.307,9.12552,9.12678,3.00,2.10
2011.12.01 12:02:47.426,9.12552,9.12678,2.63,1.50
2011.12.01 12:02:47.545,9.12568,9.12689,1.32,1.50
2011.12.01 12:02:49.256,9.12572,9.12698,2.25,2.25
2011.12.01 12:02:49.378,9.12582,9.12706,1.50,2.25
2011.12.01 12:02:50.087,9.1257,9.12696,1.50,2.25
2011.12.01 12:02:51.169,9.12563,9.12687,2.07,1.50
2011.12.01 12:02:55.196,9.12571,9.12697,1.50,2.25
2011.12.01 12:02:55.316,9.12562,9.12688,2.07,1.50
2011.12.01 12:02:56.794,9.12562,9.12688,2.14,1.50
2011.12.01 12:02:59.855,9.12552,9.12676,1.02,1.50
2011.12.01 12:03:00.084,9.12558,9.12684,2.14,1.50
2011.12.01 12:03:08.770,9.12558,9.12684,2.07,1.50
2011.12.01 12:03:15.966,9.12549,9.12675,2.44,1.50
2011.12.01 12:03:18.080,9.12568,9.12717,1.32,1.50
2011.12.01 12:03:18.206,9.12708,9.12799,1.35,1.50
2011.12.01 12:03:18.327,9.12744,9.12837,2.25,1.50
2011.12.01 12:03:18.444,9.12744,9.12875,1.50,2.10
2011.12.01 12:03:18.564,9.12657,9.12774,1.32,1.50
2011.12.01 12:03:18.686,9.12655,9.12774,1.32,1.50
2011.12.01 12:03:19.717,9.12675,9.12774,1.32,1.50
2011.12.01 12:03:20.804,9.12675,9.12783,1.32,1.50
2011.12.01 12:03:23.710,9.12751,9.12875,1.50,2.25
2011.12.01 12:03:24.614,9.12751,9.12875,1.50,2.25
2011.12.01 12:03:25.343,9.12759,9.12883,1.50,2.25
2011.12.01 12:03:26.388,9.12759,9.12844,1.50,2.10
2011.12.01 12:03:26.505,9.12722,9.12844,1.50,3.60
2011.12.01 12:03:26.626,9.12694,9.12779,1.50,1.50
2011.12.01 12:03:26.744,9.12653,9.12779,2.25,1.50
2011.12.01 12:03:28.227,9.12632,9.12791,2.25,1.50
2011.12.01 12:03:30.110,9.12627,9.12779,1.32,1.50
2011.12.01 12:03:31.190,9.12627,9.12768,1.32,1.50
2011.12.01 12:03:36.124,9.12627,9.12777,1.32,1.50
2011.12.01 12:03:36.935,9.12643,9.12804,2.25,1.50
2011.12.01 12:03:38.563,9.12627,9.12784,1.32,1.50
2011.12.01 12:03:43.018,9.12627,9.12777,1.32,1.50
2011.12.01 12:03:47.938,9.12627,9.12786,1.32,1.50
2011.12.01 12:03:50.919,9.12627,9.12778,1.32,1.50
2011.12.01 12:03:52.246,9.12627,9.12713,1.32,2.25
2011.12.01 12:03:52.364,9.12589,9.12713,1.50,2.25
2011.12.01 12:03:53.806,9.12577,9.12703,1.50,2.25
2011.12.01 12:03:54.556,9.12591,9.12715,1.50,2.25
2011.12.01 12:03:54.676,9.1258,9.12706,1.50,2.25
2011.12.01 12:03:55.307,9.12564,9.12688,1.50,1.50
2011.12.01 12:03:56.990,9.1255,9.12674,2.25,1.50
2011.12.01 12:03:59.499,9.12558,9.12682,1.88,1.50
2011.12.01 12:04:01.482,9.12565,9.12691,1.50,1.50
2011.12.01 12:04:02.636,9.12581,9.12705,1.50,2.25
2011.12.01 12:04:03.065,9.12573,9.12697,1.50,1.50
2011.12.01 12:04:03.873,9.12565,9.12689,1.50,1.50
2011.12.01 12:04:04.223,9.12554,9.1268,1.88,1.50
2011.12.01 12:04:06.216,9.12563,9.12687,1.50,1.50
2011.12.01 12:04:07.274,9.12581,9.12705,1.50,2.25
2011.12.01 12:04:10.553,9.12572,9.12698,1.50,2.25
2011.12.01 12:04:11.284,9.12572,9.12698,1.50,2.25
2011.12.01 12:04:19.257,9.12583,9.12707,1.50,2.25
2011.12.01 12:04:19.605,9.1259,9.12713,1.50,1.13
2011.12.01 12:04:19.839,9.1258,9.12704,1.50,2.25
2011.12.01 12:04:20.419,9.1259,9.12713,1.50,1.13
2011.12.01 12:04:21.478,9.12581,9.12707,1.50,2.25
2011.12.01 12:04:24.376,9.12573,9.12699,1.50,2.25
2011.12.01 12:04:28.429,9.12595,9.12713,1.50,1.13
2011.12.01 12:04:29.150,9.12588,9.12711,1.50,1.13
2011.12.01 12:04:30.764,9.1258,9.12704,1.50,2.25
2011.12.01 12:04:33.874,9.12571,9.12697,1.50,2.25
2011.12.01 12:04:34.187,9.12562,9.12686,1.50,1.50
2011.12.01 12:04:34.309,9.12575,9.12701,1.50,2.25
2011.12.01 12:04:34.646,9.12568,9.12692,1.50,2.25
2011.12.01 12:04:35.334,9.12575,9.12701,1.50,2.25
2011.12.01 12:04:40.245,9.12586,9.1271,1.50,2.25
2011.12.01 12:04:52.997,9.12577,9.12703,1.50,2.25
2011.12.01 12:04:54.215,9.12569,9.12695,1.50,2.25
2011.12.01 12:04:55.775,9.12579,9.12703,1.50,2.25
2011.12.01 12:04:56.917,9.12568,9.12692,1.50,2.25
2011.12.01 12:04:58.065,9.1263,9.12756,1.50,2.25
2011.12.01 12:05:07.225,9.1263,9.12756,1.50,2.25
2011.12.01 12:05:10.875,9.12639,9.12763,1.50,2.25
2011.12.01 12:05:11.395,9.12638,9.12764,1.50,2.25
2011.12.01 12:05:13.525,9.12629,9.12755,1.50,2.25
2011.12.01 12:05:15.175,9.12639,9.12765,1.50,2.25
2011.12.01 12:05:17.585,9.12651,9.12775,1.50,2.25
2011.12.01 12:05:18.168,9.12637,9.12763,1.50,2.25
2011.12.01 12:05:21.110,9.12647,9.12771,1.50,2.25
2011.12.01 12:05:21.237,9.12636,9.12762,1.50,2.25
2011.12.01 12:05:23.646,9.12628,9.12752,1.50,2.25
2011.12.01 12:05:23.927,9.12637,9.12761,1.50,2.25
2011.12.01 12:05:28.676,9.12618,9.12744,1.88,2.25
2011.12.01 12:05:30.996,9.12626,9.1275,1.50,2.25
2011.12.01 12:05:34.566,9.12634,9.12753,1.50,1.50
2011.12.01 12:05:38.069,9.12641,9.12753,1.50,1.50
2011.12.01 12:05:41.754,9.12634,9.12753,1.50,1.50
2011.12.01 12:05:42.095,9.12634,9.12758,1.50,2.25
2011.12.01 12:05:45.080,9.12645,9.12771,1.50,2.45
2011.12.01 12:05:47.211,9.12636,9.12762,1.50,2.25
2011.12.01 12:05:47.801,9.12646,9.1277,1.50,2.25
2011.12.01 12:06:02.608,9.12635,9.12743,1.50,1.50
2011.12.01 12:06:02.834,9.12619,9.12743,2.25,1.50
2011.12.01 12:06:03.625,9.12619,9.12732,2.25,1.50
2011.12.01 12:06:04.959,9.12627,9.12742,2.25,1.50
2011.12.01 12:06:05.614,9.1264,9.12742,1.50,1.50
2011.12.01 12:06:05.962,9.12649,9.12742,1.50,1.50
2011.12.01 12:06:06.811,9.12658,9.12742,1.50,1.50
2011.12.01 12:06:06.932,9.12647,9.12742,1.50,1.50
2011.12.01 12:06:11.129,9.12655,9.12742,1.50,1.50
2011.12.01 12:06:12.416,9.12647,9.12742,1.50,1.50
2011.12.01 12:06:15.334,9.12639,9.12742,1.50,1.50
2011.12.01 12:06:27.684,9.1262,9.12743,1.50,1.50
2011.12.01 12:06:27.806,9.12607,9.12733,1.50,2.25
2011.12.01 12:06:27.925,9.12607,9.12733,2.25,2.25
2011.12.01 12:06:28.158,9.12607,9.12733,2.25,3.00
2011.12.01 12:06:29.097,9.12617,9.12733,1.50,1.50
2011.12.01 12:06:38.519,9.12597,9.12721,2.25,2.25
2011.12.01 12:06:38.638,9.12617,9.12722,1.50,1.50
2011.12.01 12:06:44.833,9.12627,9.12743,1.50,1.50
2011.12.01 12:06:54.294,9.12615,9.12723,1.50,1.50
2011.12.01 12:07:00.498,9.126,9.12723,2.25,1.50
2011.12.01 12:07:01.336,9.12618,9.12723,1.50,1.50
2011.12.01 12:07:03.094,9.12627,9.12723,1.50,1.50
2011.12.01 12:07:07.635,9.12618,9.12712,1.50,1.50
2011.12.01 12:07:07.755,9.12618,9.12722,1.50,1.50
2011.12.01 12:07:08.100,9.1261,9.12722,1.88,1.50
2011.12.01 12:07:08.580,9.12622,9.12722,1.50,1.50
2011.12.01 12:07:11.176,9.12688,9.12772,1.50,1.58
2011.12.01 12:07:11.405,9.12688,9.12772,1.50,1.58
2011.12.01 12:07:11.748,9.12666,9.12772,1.50,1.20
2011.12.01 12:07:11.868,9.12624,9.1275,1.50,2.25
2011.12.01 12:07:18.895,9.12617,9.12723,1.50,1.50
2011.12.01 12:07:24.555,9.12625,9.12723,1.50,1.50
2011.12.01 12:07:25.376,9.12617,9.12723,1.50,1.50
2011.12.01 12:07:26.121,9.12617,9.12712,1.50,1.50
2011.12.01 12:07:29.317,9.12609,9.12712,1.88,1.50
2011.12.01 12:07:30.148,9.12616,9.12732,1.50,1.50
2011.12.01 12:07:34.044,9.12628,9.12732,1.50,1.50
2011.12.01 12:07:41.898,9.12616,9.12732,1.50,1.50
2011.12.01 12:07:43.525,9.12624,9.12732,1.50,1.50
2011.12.01 12:07:47.598,9.12624,9.12732,1.50,1.50
2011.12.01 12:07:49.137,9.12624,9.12732,1.50,1.50
2011.12.01 12:07:49.502,9.12599,9.12723,2.25,2.25
2011.12.01 12:07:50.016,9.12618,9.12732,1.50,1.50
2011.12.01 12:07:50.458,9.12608,9.12732,2.25,1.50
2011.12.01 12:07:51.817,9.12617,9.12732,1.50,1.50
2011.12.01 12:07:53.630,9.12628,9.12732,1.50,1.50
2011.12.01 12:07:55.884,9.12618,9.12732,1.50,1.50
2011.12.01 12:07:57.295,9.12627,9.12732,1.50,1.50
2011.12.01 12:07:58.918,9.1261,9.12732,1.88,1.50
2011.12.01 12:07:59.749,9.12623,9.12732,1.50,1.50
2011.12.01 12:08:00.716,9.12636,9.12732,1.50,1.50
2011.12.01 12:08:02.252,9.12646,9.12732,1.50,1.50
2011.12.01 12:08:02.377,9.12632,9.12732,1.50,1.50
2011.12.01 12:08:02.726,9.12632,9.12732,1.50,1.50
2011.12.01 12:08:03.708,9.12632,9.12732,1.50,1.50
2011.12.01 12:08:22.950,9.12623,9.12732,1.50,1.50
2011.12.01 12:08:30.844,9.12631,9.12757,1.50,2.25
2011.12.01 12:08:31.746,9.12623,9.12749,1.50,2.25
2011.12.01 12:08:32.788,9.12631,9.12757,1.50,2.25
2011.12.01 12:08:35.934,9.1265,9.12769,1.50,1.32
2011.12.01 12:08:36.058,9.1265,9.12769,1.50,1.32
2011.12.01 12:08:37.876,9.12641,9.12764,1.50,1.32
2011.12.01 12:08:39.049,9.12627,9.12753,1.50,2.25
2011.12.01 12:08:39.301,9.12637,9.12763,1.50,2.44
2011.12.01 12:08:42.008,9.12625,9.12751,1.50,2.25
2011.12.01 12:08:45.200,9.12625,9.12751,1.50,2.25
2011.12.01 12:08:45.992,9.12625,9.12751,1.50,2.25
2011.12.01 12:08:51.418,9.12625,9.12751,1.50,2.25
2011.12.01 12:08:55.531,9.12633,9.12759,1.50,2.25
2011.12.01 12:08:57.026,9.12624,9.1275,1.50,2.25
2011.12.01 12:08:58.406,9.12624,9.1275,1.50,2.25
2011.12.01 12:08:58.509,9.12615,9.12741,1.50,2.25
2011.12.01 12:08:58.928,9.12615,9.12741,1.50,1.50
2011.12.01 12:08:59.157,9.12634,9.1276,1.50,2.25
2011.12.01 12:08:59.397,9.12624,9.1275,1.50,2.25
2011.12.01 12:08:59.844,9.12624,9.1275,1.50,2.25
2011.12.01 12:08:59.964,9.12616,9.1274,1.50,2.25
2011.12.01 12:09:04.937,9.12623,9.12749,1.50,2.25
2011.12.01 12:09:05.760,9.12609,9.12735,1.88,2.25
2011.12.01 12:09:06.122,9.12587,9.12711,2.25,2.25
2011.12.01 12:09:09.312,9.12612,9.12736,1.50,2.25
2011.12.01 12:09:09.428,9.12612,9.12736,1.50,2.25
2011.12.01 12:09:09.736,9.12623,9.12747,1.50,2.25
2011.12.01 12:09:10.215,9.12631,9.12757,1.50,2.25
2011.12.01 12:09:12.848,9.12619,9.12743,1.50,2.25
2011.12.01 12:09:20.627,9.12629,9.12755,1.50,2.25
2011.12.01 12:09:20.854,9.12627,9.12751,1.50,2.25
2011.12.01 12:09:21.113,9.12627,9.12751,1.50,2.25
2011.12.01 12:09:21.234,9.12627,9.12751,1.50,2.25
2011.12.01 12:09:21.484,9.12627,9.12751,1.50,2.25
2011.12.01 12:09:21.605,9.12636,9.12762,1.50,2.25
2011.12.01 12:09:24.060,9.12629,9.12753,1.50,2.25
2011.12.01 12:09:28.386,9.12629,9.12753,1.50,2.25
2011.12.01 12:09:28.508,9.12621,9.12745,1.50,2.25
2011.12.01 12:09:28.856,9.12621,9.12745,1.50,2.25
2011.12.01 12:09:28.978,9.12595,9.12718,1.50,2.25
2011.12.01 12:09:29.438,9.12592,9.12718,1.88,2.25
2011.12.01 12:09:29.564,9.12581,9.12707,1.50,1.50
2011.12.01 12:09:29.905,9.12569,9.12695,1.88,1.50
2011.12.01 12:09:30.378,9.12561,9.12685,2.25,1.50
2011.12.01 12:09:30.767,9.12561,9.12685,2.25,2.25
2011.12.01 12:09:31.465,9.12569,9.12693,1.50,2.25
2011.12.01 12:09:33.574,9.12569,9.12672,1.50,1.50
2011.12.01 12:09:34.833,9.12576,9.12672,1.50,1.50
2011.12.01 12:09:43.753,9.12576,9.12672,1.50,1.50
2011.12.01 12:09:43.872,9.12576,9.12672,1.50,1.50
2011.12.01 12:09:45.142,9.12576,9.12672,2.25,1.50
2011.12.01 12:09:56.937,9.12571,9.12672,2.25,1.50
2011.12.01 12:09:58.115,9.12571,9.12653,1.50,1.50
2011.12.01 12:09:58.358,9.12553,9.12672,1.50,1.69
2011.12.01 12:10:01.398,9.12553,9.12643,1.50,1.69
2011.12.01 12:10:01.745,9.12553,9.12653,1.50,1.69
2011.12.01 12:10:01.978,9.12553,9.12643,1.50,1.69
2011.12.01 12:10:02.786,9.12542,9.12643,1.50,1.69
2011.12.01 12:10:02.916,9.12542,9.12652,1.50,1.69
2011.12.01 12:10:03.038,9.12542,9.12663,1.50,1.69
2011.12.01 12:10:05.206,9.12556,9.12662,1.50,1.69
2011.12.01 12:10:05.817,9.12544,9.12632,1.50,1.50
2011.12.01 12:10:05.943,9.12544,9.12653,1.50,1.69
2011.12.01 12:10:06.173,9.12544,9.12653,1.50,1.69
2011.12.01 12:10:06.301,9.12535,9.12661,1.50,2.44
2011.12.01 12:10:06.539,9.12535,9.12647,1.50,1.32
2011.12.01 12:10:06.656,9.12524,9.12647,1.50,1.32
2011.12.01 12:10:08.746,9.12524,9.12613,1.50,1.50
2011.12.01 12:10:09.562,9.12524,9.12613,1.50,1.50
2011.12.01 12:10:09.929,9.12516,9.12613,1.50,1.50
2011.12.01 12:10:12.522,9.12507,9.12613,1.50,1.50
2011.12.01 12:10:12.999,9.12507,9.12613,1.50,1.50
2011.12.01 12:10:13.528,9.12507,9.12613,1.50,1.50
2011.12.01 12:10:13.867,9.12507,9.12613,1.50,1.50
2011.12.01 12:10:13.985,9.12493,9.12613,1.50,1.50
2011.12.01 12:10:14.731,9.12493,9.12613,2.25,1.50
2011.12.01 12:10:15.094,9.12493,9.12613,1.50,1.50
2011.12.01 12:10:15.217,9.12503,9.12613,1.50,1.50
2011.12.01 12:10:15.459,9.12489,9.12592,1.50,1.50
2011.12.01 12:10:15.580,9.12476,9.12573,1.50,1.50
2011.12.01 12:10:15.925,9.12488,9.12602,1.50,1.13
2011.12.01 12:10:17.806,9.12481,9.12573,1.50,1.50
2011.12.01 12:10:18.103,9.12481,9.12572,1.50,1.50
2011.12.01 12:10:18.336,9.12469,9.12572,1.50,1.50
2011.12.01 12:10:18.564,9.12469,9.12572,1.50,1.50
2011.12.01 12:10:23.937,9.1245,9.12572,1.50,1.50
2011.12.01 12:10:24.168,9.12462,9.12572,1.50,1.50
2011.12.01 12:10:24.766,9.12471,9.12572,1.50,1.50
2011.12.01 12:10:25.319,9.12463,9.12572,1.50,1.50
2011.12.01 12:10:27.629,9.12475,9.12572,1.50,1.50
2011.12.01 12:10:30.156,9.12475,9.12573,1.50,1.50
2011.12.01 12:10:30.277,9.12487,9.12573,1.50,1.50
2011.12.01 12:10:31.670,9.12487,9.12572,1.50,1.50
2011.12.01 12:10:33.144,9.12487,9.12572,1.50,1.50
2011.12.01 12:10:33.484,9.12479,9.12572,1.50,1.50
2011.12.01 12:10:37.707,9.12479,9.12572,1.50,1.50
2011.12.01 12:10:41.379,9.12471,9.12572,1.50,1.50
2011.12.01 12:10:41.785,9.12471,9.12572,1.50,1.50
2011.12.01 12:10:42.707,9.12462,9.12552,1.50,1.50
2011.12.01 12:10:43.473,9.12487,9.12552,1.50,1.50
2011.12.01 12:10:44.193,9.12488,9.12552,1.50,1.50
2011.12.01 12:10:45.226,9.12488,9.12553,1.50,1.50
2011.12.01 12:10:45.349,9.12486,9.12553,1.50,1.50
2011.12.01 12:10:46.550,9.12475,9.12553,1.50,1.50
2011.12.01 12:10:46.684,9.12475,9.12552,1.50,1.50
2011.12.01 12:10:48.296,9.12467,9.12552,1.50,1.50
2011.12.01 12:10:50.055,9.12467,9.12552,1.50,1.50
2011.12.01 12:10:50.689,9.12467,9.12577,1.50,1.13
2011.12.01 12:10:50.806,9.12458,9.12577,1.50,1.13
2011.12.01 12:10:50.927,9.12448,9.12533,1.50,1.13
2011.12.01 12:10:51.265,9.12429,9.12533,1.50,1.13
2011.12.01 12:11:00.167,9.1244,9.12513,1.50,1.50
2011.12.01 12:11:01.626,9.12426,9.12533,1.50,1.88
2011.12.01 12:11:02.175,9.12418,9.12533,1.50,1.88
2011.12.01 12:11:06.530,9.12427,9.12512,1.50,1.50
2011.12.01 12:11:06.866,9.12418,9.12512,1.50,1.50
2011.12.01 12:11:07.861,9.12427,9.12512,1.50,1.50
2011.12.01 12:11:08.097,9.12418,9.12512,1.50,1.50
2011.12.01 12:11:08.926,9.12429,9.12532,1.50,1.50
2011.12.01 12:11:10.251,9.12365,9.12473,1.50,1.13
2011.12.01 12:11:10.608,9.12365,9.12473,1.50,1.13
2011.12.01 12:11:14.074,9.12353,9.12462,1.50,1.13
2011.12.01 12:11:14.198,9.12353,9.12462,1.50,1.13
2011.12.01 12:11:14.875,9.12365,9.12462,1.50,1.13
2011.12.01 12:11:15.520,9.12365,9.12443,1.50,1.50
2011.12.01 12:11:15.653,9.12353,9.12443,1.50,1.50
2011.12.01 12:11:16.577,9.12345,9.12443,1.50,1.50
2011.12.01 12:11:17.518,9.12332,9.12443,1.50,1.50
2011.12.01 12:11:17.660,9.12332,9.12443,1.50,1.50
2011.12.01 12:11:18.939,9.12332,9.12443,1.50,1.50
2011.12.01 12:11:19.320,9.12332,9.12443,1.50,1.50
2011.12.01 12:11:20.345,9.1234,9.12443,1.50,1.50
2011.12.01 12:11:21.023,9.12349,9.12443,1.50,1.50
2011.12.01 12:11:21.149,9.12349,9.12443,1.50,1.50
2011.12.01 12:11:21.712,9.12357,9.12443,1.50,1.50
2011.12.01 12:11:23.322,9.12349,9.12443,1.50,1.50
2011.12.01 12:11:23.445,9.12339,9.12443,1.50,1.50
2011.12.01 12:11:24.918,9.12339,9.12443,1.50,1.50
2011.12.01 12:11:25.476,9.12339,9.12443,1.50,1.50
2011.12.01 12:11:25.707,9.12363,9.12443,1.50,1.50
2011.12.01 12:11:25.825,9.12363,9.12443,1.50,1.50
2011.12.01 12:11:26.055,9.12343,9.12443,1.50,1.50
2011.12.01 12:11:27.466,9.12343,9.12443,1.50,1.50
2011.12.01 12:11:27.586,9.12343,9.12432,1.50,1.13
2011.12.01 12:11:28.113,9.12317,9.12432,1.50,1.32
2011.12.01 12:11:28.900,9.1231,9.12432,1.50,1.32
2011.12.01 12:11:29.450,9.12295,9.12413,1.50,1.50
2011.12.01 12:11:31.085,9.12283,9.12403,1.50,1.50
2011.12.01 12:11:31.556,9.12294,9.12403,1.50,1.50
2011.12.01 12:11:32.026,9.12305,9.12431,1.50,2.44
2011.12.01 12:11:35.365,9.12294,9.12418,1.50,2.25
2011.12.01 12:11:35.490,9.12306,9.12423,1.50,1.69
2011.12.01 12:11:37.278,9.12295,9.12419,2.25,2.25
2011.12.01 12:11:40.701,9.12319,9.12443,1.50,2.44
2011.12.01 12:11:41.047,9.1231,9.12434,1.50,2.44
2011.12.01 12:11:50.524,9.12301,9.12425,1.88,2.44
2011.12.01 12:12:01.623,9.12309,9.12433,1.50,2.44
2011.12.01 12:12:05.285,9.12299,9.12425,2.25,2.44
2011.12.01 12:12:09.057,9.12275,9.12377,2.25,2.25
2011.12.01 12:12:09.302,9.12251,9.12377,2.25,1.50
2011.12.01 12:12:09.429,9.12251,9.12377,2.25,1.50
2011.12.01 12:12:09.547,9.12285,9.124,1.50,2.25
2011.12.01 12:12:10.046,9.12301,9.12427,1.50,2.63
2011.12.01 12:12:10.403,9.1231,9.12422,1.50,1.13
2011.12.01 12:12:11.355,9.12319,9.12422,1.50,1.13
2011.12.01 12:12:11.819,9.12294,9.12412,1.50,1.50
2011.12.01 12:12:12.760,9.12287,9.12411,1.50,2.25
2011.12.01 12:12:17.794,9.12277,9.12403,1.50,3.00
2011.12.01 12:12:19.569,9.12289,9.12403,1.50,1.50
2011.12.01 12:12:21.890,9.12296,9.12403,1.50,1.50
2011.12.01 12:12:22.174,9.12283,9.12403,1.50,1.50
2011.12.01 12:12:23.215,9.12283,9.12383,1.50,1.50
2011.12.01 12:12:23.335,9.12265,9.12383,1.88,1.50
2011.12.01 12:12:23.457,9.12278,9.12382,1.50,1.50
2011.12.01 12:12:23.809,9.12287,9.12413,1.50,2.25
2011.12.01 12:12:25.380,9.12278,9.12404,1.50,2.25
2011.12.01 12:12:25.498,9.12305,9.12418,1.50,1.13
2011.12.01 12:12:25.725,9.12295,9.12419,1.50,2.25
2011.12.01 12:12:25.845,9.12295,9.12419,1.50,2.25
2011.12.01 12:12:29.441,9.1228,9.12406,1.50,2.25
2011.12.01 12:12:29.897,9.1228,9.12406,1.50,2.25
2011.12.01 12:12:30.015,9.12278,9.12402,1.50,2.25
2011.12.01 12:12:31.059,9.12286,9.1241,1.50,2.25
2011.12.01 12:12:33.705,9.12276,9.12402,1.50,2.25
2011.12.01 12:12:34.285,9.12285,9.12409,1.50,2.25
2011.12.01 12:12:37.082,9.12293,9.12412,1.50,1.13
2011.12.01 12:12:38.230,9.123,9.12412,1.50,1.13
2011.12.01 12:12:39.608,9.1229,9.12416,1.50,2.25
2011.12.01 12:12:42.639,9.12282,9.12403,1.50,1.50
2011.12.01 12:12:43.132,9.12291,9.12417,1.50,2.63
2011.12.01 12:12:43.986,9.12283,9.12407,1.50,2.25
2011.12.01 12:12:47.220,9.12291,9.12415,1.50,2.25
2011.12.01 12:12:49.355,9.12289,9.12413,1.50,2.25
2011.12.01 12:12:50.079,9.12275,9.12401,1.50,2.25
2011.12.01 12:12:51.135,9.12286,9.12412,1.50,2.25
2011.12.01 12:13:01.435,9.123,9.12417,1.50,1.13
2011.12.01 12:13:01.981,9.12291,9.12417,1.50,2.63
2011.12.01 12:13:04.304,9.12281,9.12405,1.50,2.25
2011.12.01 12:13:11.983,9.12294,9.12417,1.50,1.13
2011.12.01 12:13:13.656,9.12283,9.12409,1.50,2.25
2011.12.01 12:13:16.085,9.12274,9.124,1.50,2.25
2011.12.01 12:13:18.272,9.12296,9.12417,1.50,1.13
2011.12.01 12:13:19.667,9.12288,9.12414,1.50,2.25
2011.12.01 12:13:21.184,9.12286,9.12412,1.50,2.25
2011.12.01 12:13:21.300,9.12286,9.12412,1.50,2.25
2011.12.01 12:13:21.425,9.12294,9.12423,1.50,2.25
2011.12.01 12:13:26.666,9.12299,9.12417,1.50,1.13
2011.12.01 12:13:27.237,9.12289,9.12397,1.50,1.13
2011.12.01 12:13:29.527,9.1228,9.12397,1.50,1.13
2011.12.01 12:13:31.175,9.1228,9.12397,1.50,1.13
2011.12.01 12:13:31.836,9.1228,9.12402,1.50,1.50
2011.12.01 12:13:32.299,9.12289,9.12402,1.50,1.50
2011.12.01 12:13:32.761,9.12289,9.12415,1.50,1.50
2011.12.01 12:13:32.892,9.12302,9.12426,1.50,2.25
2011.12.01 12:13:33.411,9.12322,9.12432,1.50,1.13
2011.12.01 12:13:34.377,9.12312,9.12432,1.50,1.13
2011.12.01 12:13:37.743,9.12335,9.12452,1.50,1.55
2011.12.01 12:13:39.111,9.12326,9.12452,1.50,3.05
2011.12.01 12:13:40.976,9.12319,9.12443,1.50,2.25
2011.12.01 12:13:43.373,9.12311,9.12435,1.50,1.88
2011.12.01 12:13:44.660,9.12302,9.12428,2.25,1.50
2011.12.01 12:13:44.777,9.12328,9.12454,1.50,1.80
2011.12.01 12:13:44.895,9.12328,9.12454,2.25,1.80
2011.12.01 12:13:45.475,9.12349,9.12473,2.25,1.05
2011.12.01 12:13:49.241,9.12375,9.12473,1.50,1.09
2011.12.01 12:13:54.796,9.12377,9.12473,1.50,1.09
2011.12.01 12:13:56.726,9.12361,9.12473,2.25,1.09
2011.12.01 12:13:58.827,9.1237,9.12473,1.50,1.09
2011.12.01 12:14:00.603,9.12368,9.12473,2.25,1.09
2011.12.01 12:14:00.826,9.12375,9.12473,1.50,1.09
2011.12.01 12:14:02.620,9.12384,9.12473,1.50,1.09
2011.12.01 12:14:07.820,9.12378,9.12473,1.50,1.09
2011.12.01 12:14:08.570,9.12368,9.12473,2.25,1.09
2011.12.01 12:14:08.687,9.12378,9.12473,1.50,1.09
2011.12.01 12:14:19.258,9.12392,9.12472,1.50,1.25
2011.12.01 12:14:21.846,9.12384,9.12472,1.50,1.25
2011.12.01 12:14:21.986,9.12367,9.12472,1.50,1.25
2011.12.01 12:14:25.354,9.12376,9.12472,1.50,1.25
2011.12.01 12:14:26.221,9.12384,9.12472,1.50,1.25
2011.12.01 12:14:26.969,9.12393,9.12472,1.50,1.25
2011.12.01 12:14:27.624,9.12382,9.12472,1.50,1.25
2011.12.01 12:14:28.616,9.12372,9.12472,1.50,1.25
2011.12.01 12:14:29.005,9.12381,9.12472,1.50,1.25
2011.12.01 12:14:36.247,9.1237,9.12472,1.50,1.25
2011.12.01 12:14:36.368,9.12362,9.12472,1.50,1.25
2011.12.01 12:14:37.745,9.1237,9.12472,1.50,1.25
2011.12.01 12:14:39.615,9.1237,9.12496,1.50,2.25
2011.12.01 12:14:39.738,9.12379,9.12497,1.50,1.13
2011.12.01 12:14:43.093,9.12387,9.12497,1.50,1.13
2011.12.01 12:14:43.336,9.12404,9.12503,1.50,1.50
2011.12.01 12:14:46.464,9.12414,9.12502,1.50,1.50
2011.12.01 12:14:46.821,9.12403,9.12508,1.50,1.13
2011.12.01 12:14:48.965,9.12394,9.12508,1.50,1.13
2011.12.01 12:14:49.981,9.12374,9.12498,1.50,2.25
2011.12.01 12:14:51.377,9.12374,9.12498,1.50,2.25
2011.12.01 12:14:51.606,9.12365,9.12487,1.50,1.13
2011.12.01 12:14:54.820,9.12383,9.12473,1.50,1.50
2011.12.01 12:14:54.939,9.12375,9.12473,1.50,1.50
2011.12.01 12:14:55.776,9.12385,9.12487,1.50,1.13
2011.12.01 12:14:57.017,9.12378,9.12487,1.50,1.13
2011.12.01 12:15:00.861,9.12378,9.12487,1.50,1.13
2011.12.01 12:15:01.294,9.12378,9.12487,1.50,1.13
2011.12.01 12:15:05.283,9.12369,9.12487,1.50,1.13
2011.12.01 12:15:10.678,9.12369,9.12495,2.25,2.25
2011.12.01 12:15:10.796,9.12369,9.12495,2.25,1.50
2011.12.01 12:15:10.921,9.12388,9.12507,2.25,1.13
2011.12.01 12:15:11.050,9.12388,9.12483,1.50,1.50
2011.12.01 12:15:11.166,9.1238,9.12483,1.50,1.50
2011.12.01 12:15:19.062,9.12387,9.12483,1.50,1.50
2011.12.01 12:15:19.851,9.12361,9.12472,2.25,1.13
2011.12.01 12:15:19.979,9.12375,9.12472,1.50,1.13
2011.12.01 12:15:20.205,9.12367,9.12472,1.50,1.13
2011.12.01 12:15:20.325,9.12367,9.12447,1.50,1.13
2011.12.01 12:15:20.679,9.12349,9.12423,1.50,1.50
2011.12.01 12:15:21.684,9.12341,9.12432,1.50,1.50
2011.12.01 12:15:25.417,9.12332,9.12432,1.50,1.50
2011.12.01 12:15:25.765,9.12354,9.12463,1.50,1.50
2011.12.01 12:15:27.120,9.12347,9.12463,1.50,1.50
2011.12.01 12:15:27.239,9.12357,9.12463,1.50,1.50
2011.12.01 12:15:30.458,9.12372,9.12463,1.50,1.50
2011.12.01 12:15:30.797,9.12372,9.12482,1.50,1.69
2011.12.01 12:15:30.920,9.12451,9.12507,1.50,2.44
2011.12.01 12:15:31.041,9.12464,9.12542,1.50,1.38
2011.12.01 12:15:31.827,9.12454,9.12542,2.25,1.38
2011.12.01 12:15:31.954,9.12437,9.12542,2.25,1.38
2011.12.01 12:15:32.081,9.12437,9.12543,2.25,1.20
2011.12.01 12:15:34.217,9.12437,9.12543,2.25,1.20
2011.12.01 12:15:34.337,9.12437,9.12542,2.25,1.29
2011.12.01 12:15:37.867,9.12437,9.12542,2.25,1.29
2011.12.01 12:15:40.047,9.12448,9.12542,1.50,1.29
2011.12.01 12:15:40.167,9.12448,9.12561,1.50,1.72
2011.12.01 12:15:40.764,9.12502,9.12612,1.65,1.50
2011.12.01 12:15:42.442,9.1251,9.1262,1.50,1.50
2011.12.01 12:15:43.537,9.12519,9.1262,1.50,1.50
2011.12.01 12:15:44.182,9.12508,9.1262,1.50,1.50
2011.12.01 12:15:44.426,9.12495,9.1262,1.50,1.50
2011.12.01 12:15:44.545,9.12507,9.1262,1.50,1.50
2011.12.01 12:15:52.675,9.12478,9.12604,1.50,2.25
2011.12.01 12:15:52.921,9.12463,9.12572,1.50,1.13
2011.12.01 12:16:00.194,9.12463,9.12553,1.50,1.50
2011.12.01 12:16:00.321,9.12434,9.12523,1.50,1.13
2011.12.01 12:16:00.451,9.12462,9.12548,2.25,2.25
2011.12.01 12:16:00.579,9.12478,9.12583,1.13,1.50
2011.12.01 12:16:00.887,9.12478,9.1259,1.13,1.50
2011.12.01 12:16:01.020,9.12544,9.12652,1.50,1.50
2011.12.01 12:16:01.355,9.12544,9.12653,1.50,1.50
2011.12.01 12:16:02.138,9.12536,9.12653,1.50,1.50
2011.12.01 12:16:02.256,9.12545,9.12653,1.50,1.50
2011.12.01 12:16:02.758,9.12545,9.12653,1.50,1.50
2011.12.01 12:16:03.142,9.12558,9.12653,1.50,1.50
2011.12.01 12:16:03.509,9.12564,9.12672,1.50,1.50
2011.12.01 12:16:04.344,9.12555,9.12672,1.50,1.50
2011.12.01 12:16:05.718,9.12555,9.12653,1.50,1.50
2011.12.01 12:16:06.221,9.12555,9.12653,1.50,1.50
2011.12.01 12:16:10.756,9.12555,9.12673,1.50,1.50
2011.12.01 12:16:14.139,9.12555,9.12662,1.50,1.50
2011.12.01 12:16:14.257,9.12555,9.12672,1.50,1.50
2011.12.01 12:16:21.857,9.12564,9.12672,1.50,1.50
2011.12.01 12:16:22.208,9.12578,9.12672,1.50,1.50
2011.12.01 12:16:25.997,9.12563,9.12672,1.50,1.50
2011.12.01 12:16:29.937,9.12573,9.12672,1.50,1.50
2011.12.01 12:16:35.005,9.12583,9.12672,1.50,1.50
2011.12.01 12:16:36.839,9.12575,9.12692,1.50,1.50
2011.12.01 12:16:38.779,9.12567,9.12692,1.50,1.50
2011.12.01 12:16:39.340,9.12567,9.12662,1.50,1.50
2011.12.01 12:16:39.694,9.12526,9.12643,1.50,1.32
2011.12.01 12:16:39.822,9.12483,9.12607,1.88,2.25
2011.12.01 12:16:40.441,9.12494,9.1262,1.50,2.44
2011.12.01 12:16:42.267,9.12486,9.12612,1.50,2.25
2011.12.01 12:16:46.296,9.125,9.12622,1.50,1.32
2011.12.01 12:16:47.244,9.12493,9.12617,1.50,2.44
2011.12.01 12:16:47.707,9.12493,9.12617,1.88,1.69
2011.12.01 12:16:47.827,9.12515,9.12639,1.50,2.44
2011.12.01 12:16:48.522,9.12527,9.12651,1.50,2.44
2011.12.01 12:16:51.666,9.125,9.12622,1.50,1.69
2011.12.01 12:16:51.789,9.125,9.12593,1.50,1.13
2011.12.01 12:16:52.619,9.12491,9.12593,1.50,1.13
2011.12.01 12:16:53.307,9.12491,9.12602,1.50,1.50
2011.12.01 12:16:53.716,9.12491,9.12593,1.50,1.13
2011.12.01 12:16:55.177,9.12491,9.12603,1.50,1.50
2011.12.01 12:16:55.519,9.12499,9.12603,1.50,1.50
2011.12.01 12:16:59.008,9.12499,9.12603,1.50,1.50
2011.12.01 12:16:59.346,9.12487,9.12603,1.50,1.50
2011.12.01 12:17:01.444,9.12474,9.12598,2.25,2.25
2011.12.01 12:17:01.570,9.12484,9.12603,1.50,1.50
2011.12.01 12:17:10.807,9.12515,9.12603,1.50,1.50
2011.12.01 12:17:11.330,9.12506,9.12603,1.50,1.50
2011.12.01 12:17:11.803,9.12517,9.12603,1.50,1.50
2011.12.01 12:17:12.485,9.12517,9.12587,1.50,1.13
2011.12.01 12:17:13.003,9.12501,9.12603,1.50,1.69
2011.12.01 12:17:13.132,9.12501,9.12587,1.50,1.13
2011.12.01 12:17:13.498,9.12506,9.12587,1.50,1.13
2011.12.01 12:17:14.419,9.12497,9.12587,1.50,1.13
2011.12.01 12:17:15.256,9.12497,9.12583,1.50,1.13
2011.12.01 12:17:15.392,9.1249,9.12583,1.50,1.13
2011.12.01 12:17:15.991,9.12482,9.12583,1.50,1.13
2011.12.01 12:17:16.469,9.1247,9.12583,1.50,1.13
2011.12.01 12:17:17.227,9.1246,9.12583,1.50,1.13
2011.12.01 12:17:17.851,9.12464,9.12583,1.50,1.13
2011.12.01 12:17:20.017,9.12471,9.12583,1.50,1.13
2011.12.01 12:17:20.785,9.12486,9.12583,1.50,1.13
2011.12.01 12:17:24.048,9.12476,9.12583,1.50,1.13
2011.12.01 12:17:24.632,9.12466,9.12583,1.50,1.13
2011.12.01 12:17:27.528,9.12474,9.12583,1.50,1.13
2011.12.01 12:17:30.416,9.12474,9.126,1.50,1.69
2011.12.01 12:17:30.540,9.12498,9.12613,1.50,1.32
2011.12.01 12:17:30.659,9.12498,9.12622,1.50,1.13
2011.12.01 12:17:30.778,9.12498,9.12623,1.50,1.13
2011.12.01 12:17:30.895,9.12508,9.12623,1.50,1.13
2011.12.01 12:17:32.688,9.12501,9.12623,1.50,1.13
2011.12.01 12:17:34.333,9.12509,9.12623,1.50,1.13
2011.12.01 12:17:35.306,9.12493,9.12603,1.50,1.50
2011.12.01 12:17:35.441,9.12484,9.12608,1.50,1.13
2011.12.01 12:17:35.568,9.12467,9.12557,1.50,1.35
2011.12.01 12:17:35.693,9.12418,9.12538,2.25,1.13
2011.12.01 12:17:35.820,9.12429,9.12538,1.50,1.13
2011.12.01 12:17:35.949,9.12429,9.12538,1.50,1.13
2011.12.01 12:17:36.590,9.12437,9.12538,1.50,1.13
2011.12.01 12:17:37.376,9.12418,9.12538,1.50,1.13
2011.12.01 12:17:38.332,9.12409,9.12535,1.50,2.25
2011.12.01 12:17:39.513,9.12425,9.12542,1.50,1.13
2011.12.01 12:17:40.028,9.12439,9.12542,1.50,1.13
2011.12.01 12:17:43.282,9.1242,9.12542,1.50,1.13
2011.12.01 12:17:43.837,9.12429,9.12542,1.50,1.13
2011.12.01 12:17:46.218,9.1244,9.12552,1.50,1.50
2011.12.01 12:17:46.337,9.1244,9.12557,1.50,1.13
2011.12.01 12:17:47.334,9.12462,9.12557,1.50,1.13
2011.12.01 12:17:47.463,9.12454,9.12557,1.50,1.13
2011.12.01 12:17:48.287,9.12463,9.12557,1.50,1.13
2011.12.01 12:17:50.407,9.12456,9.12557,1.50,1.13
2011.12.01 12:17:51.798,9.12445,9.12557,1.50,1.13
2011.12.01 12:17:52.521,9.12445,9.12569,1.50,1.50
2011.12.01 12:17:52.658,9.12461,9.12587,1.50,1.50
2011.12.01 12:17:52.947,9.12443,9.12569,1.50,2.25
2011.12.01 12:17:53.068,9.12434,9.12557,1.50,1.13
2011.12.01 12:17:53.417,9.12434,9.12553,1.50,1.50
2011.12.01 12:17:53.766,9.12423,9.12543,1.50,1.50
2011.12.01 12:17:56.166,9.12423,9.12543,1.50,1.50
2011.12.01 12:17:56.287,9.12408,9.12513,1.50,1.13
2011.12.01 12:17:56.523,9.12408,9.12532,1.88,1.50
2011.12.01 12:17:56.653,9.1243,9.12554,1.50,1.50
2011.12.01 12:17:56.999,9.12445,9.12569,1.50,2.25
2011.12.01 12:17:57.926,9.12453,9.12573,1.50,1.13
2011.12.01 12:18:06.242,9.12462,9.12588,1.88,2.25
2011.12.01 12:18:06.369,9.12487,9.12602,1.50,1.50
2011.12.01 12:18:06.595,9.12487,9.12613,1.50,1.50
2011.12.01 12:18:07.141,9.12479,9.12603,1.50,1.50
2011.12.01 12:18:08.837,9.12492,9.12616,1.50,2.25
2011.12.01 12:18:09.554,9.12492,9.12616,1.50,2.25
2011.12.01 12:18:10.140,9.12502,9.12622,1.50,1.50
2011.12.01 12:18:11.958,9.1251,9.12627,1.50,1.13
2011.12.01 12:18:12.210,9.1251,9.12622,1.50,1.50
2011.12.01 12:18:12.435,9.12502,9.12622,1.50,1.50
2011.12.01 12:18:14.699,9.12482,9.12582,1.50,1.13
2011.12.01 12:18:15.053,9.12464,9.12573,1.50,1.13
2011.12.01 12:18:16.727,9.12456,9.12573,1.50,1.13
2011.12.01 12:18:18.584,9.12456,9.12573,1.50,1.88
2011.12.01 12:18:26.407,9.12456,9.12572,1.50,1.50
2011.12.01 12:18:26.535,9.12439,9.12565,1.50,2.25
2011.12.01 12:18:26.660,9.12416,9.12517,1.50,1.13
2011.12.01 12:18:26.887,9.12416,9.1254,2.25,2.44
2011.12.01 12:18:27.009,9.12446,9.12572,1.50,1.50
2011.12.01 12:18:27.346,9.12461,9.12583,1.50,1.88
2011.12.01 12:18:27.936,9.12461,9.12587,1.50,2.63
2011.12.01 12:18:28.275,9.12471,9.12587,1.50,1.13
2011.12.01 12:18:29.218,9.12495,9.12621,1.50,2.44
2011.12.01 12:18:29.458,9.12504,9.12628,1.50,2.25
2011.12.01 12:18:29.986,9.12504,9.12612,1.50,1.13
2011.12.01 12:18:30.710,9.12504,9.12612,1.50,1.88
2011.12.01 12:18:31.608,9.12504,9.12612,1.50,1.88
2011.12.01 12:18:37.485,9.12495,9.12612,1.50,1.88
2011.12.01 12:18:37.620,9.12474,9.12587,1.50,1.13
2011.12.01 12:18:38.345,9.12466,9.12583,1.50,1.35
2011.12.01 12:18:38.467,9.12477,9.12576,1.50,1.35
2011.12.01 12:18:38.586,9.12432,9.12512,1.50,1.13
2011.12.01 12:18:38.706,9.12432,9.12512,1.50,1.50
2011.12.01 12:18:38.829,9.12412,9.12512,1.50,1.69
2011.12.01 12:18:40.219,9.12403,9.12493,1.50,1.13
2011.12.01 12:18:41.116,9.12394,9.12494,1.50,1.13
2011.12.01 12:18:43.647,9.12394,9.12493,1.50,1.50
2011.12.01 12:18:50.121,9.12402,9.12493,1.50,1.50
2011.12.01 12:18:51.026,9.12392,9.12493,1.50,1.50
2011.12.01 12:18:51.758,9.12392,9.12493,1.50,1.50
2011.12.01 12:18:54.239,9.12382,9.12492,1.50,1.13
2011.12.01 12:18:55.010,9.12394,9.12492,1.50,1.13
2011.12.01 12:18:56.824,9.12384,9.12492,1.50,1.13
2011.12.01 12:18:58.152,9.12393,9.12492,1.50,1.13
2011.12.01 12:19:01.976,9.12406,9.12492,1.50,1.13
2011.12.01 12:19:02.096,9.12398,9.12492,1.50,1.13
2011.12.01 12:19:04.540,9.12423,9.12493,1.50,1.50
2011.12.01 12:19:05.141,9.12424,9.12493,1.50,1.50
2011.12.01 12:19:05.834,9.12416,9.12493,1.50,1.50
2011.12.01 12:19:06.199,9.12408,9.12493,1.50,1.50
2011.12.01 12:19:06.320,9.12399,9.12493,1.50,1.50
2011.12.01 12:19:06.964,9.12407,9.12493,1.50,1.50
2011.12.01 12:19:08.570,9.124,9.12493,1.50,1.50
2011.12.01 12:19:09.428,9.1238,9.12493,1.50,1.50
2011.12.01 12:19:09.548,9.12389,9.12493,1.50,1.50
2011.12.01 12:19:14.707,9.1238,9.12493,1.50,1.50
2011.12.01 12:19:18.695,9.12398,9.12493,1.50,1.50
2011.12.01 12:19:18.820,9.12398,9.12494,1.50,1.13
2011.12.01 12:19:18.940,9.12407,9.12494,1.50,1.13
2011.12.01 12:19:24.797,9.12399,9.12494,1.50,1.13
2011.12.01 12:19:26.285,9.12384,9.12494,1.50,1.13
2011.12.01 12:19:26.515,9.12384,9.12493,1.50,1.13
2011.12.01 12:19:27.507,9.12385,9.12493,1.50,1.13
2011.12.01 12:19:30.489,9.12375,9.12492,1.50,1.13
2011.12.01 12:19:34.647,9.12383,9.12492,1.50,1.13
2011.12.01 12:19:42.974,9.12394,9.12492,1.50,1.13
2011.12.01 12:19:44.222,9.12394,9.12489,1.50,1.13
2011.12.01 12:19:44.352,9.12385,9.12489,1.50,1.13
2011.12.01 12:19:44.486,9.12374,9.12489,1.50,1.13
2011.12.01 12:19:44.836,9.12382,9.12489,1.50,1.13
2011.12.01 12:19:45.069,9.12372,9.12489,1.50,1.13
2011.12.01 12:19:46.408,9.12382,9.12489,1.50,1.13
2011.12.01 12:19:46.755,9.12391,9.12489,1.50,1.13
2011.12.01 12:19:47.108,9.12354,9.12453,1.50,1.13
2011.12.01 12:19:49.223,9.12363,9.12453,1.50,1.13
2011.12.01 12:19:50.417,9.12356,9.12453,1.50,1.13
2011.12.01 12:19:55.287,9.12347,9.12453,1.50,1.13
2011.12.01 12:19:58.290,9.12353,9.12473,1.13,1.69
2011.12.01 12:19:58.521,9.12369,9.12495,2.25,2.25
2011.12.01 12:19:58.637,9.12369,9.12479,1.50,1.13
2011.12.01 12:19:59.637,9.12369,9.12473,1.50,1.50
2011.12.01 12:20:00.822,9.12369,9.12473,1.50,1.50
2011.12.01 12:20:02.105,9.12369,9.12479,1.50,1.13
2011.12.01 12:20:06.216,9.12349,9.12473,1.50,1.50
2011.12.01 12:20:06.858,9.12349,9.1245,1.50,1.13
2011.12.01 12:20:13.516,9.12341,9.1245,1.50,1.13
2011.12.01 12:20:16.382,9.12344,9.12465,1.35,2.25
2011.12.01 12:20:16.896,9.12372,9.12479,1.50,1.13
2011.12.01 12:20:18.897,9.12372,9.12473,1.50,1.50
2011.12.01 12:20:19.020,9.12364,9.12473,1.50,1.50
2011.12.01 12:20:19.265,9.12342,9.12468,1.50,2.25
2011.12.01 12:20:19.619,9.12362,9.12473,1.50,1.50
2011.12.01 12:20:20.512,9.1235,9.12473,1.50,1.50
2011.12.01 12:20:21.477,9.12359,9.12473,1.50,1.50
2011.12.01 12:20:22.221,9.12359,9.12473,1.50,1.69
2011.12.01 12:20:22.339,9.12343,9.12454,1.50,1.13
2011.12.01 12:20:29.616,9.12353,9.12453,1.50,1.50
2011.12.01 12:20:34.155,9.12331,9.12453,1.50,2.25
2011.12.01 12:20:34.511,9.12288,9.12404,1.50,1.13
2011.12.01 12:20:36.383,9.1228,9.12379,1.50,1.13
2011.12.01 12:20:41.620,9.12272,9.12379,1.50,1.13
2011.12.01 12:20:41.740,9.12261,9.12379,1.50,1.13
2011.12.01 12:20:41.864,9.12237,9.12361,2.10,1.50
2011.12.01 12:20:42.812,9.12258,9.12379,1.50,1.13
2011.12.01 12:20:43.439,9.12266,9.12392,1.50,1.50
2011.12.01 12:20:43.556,9.12275,9.12401,1.50,1.50
2011.12.01 12:20:45.862,9.12285,9.12402,1.50,1.50
2011.12.01 12:20:46.569,9.12293,9.12402,1.50,1.50
2011.12.01 12:20:47.825,9.12293,9.12402,2.10,1.50
2011.12.01 12:20:48.519,9.12357,9.12424,1.50,1.13
2011.12.01 12:20:48.640,9.12307,9.12424,1.50,1.13
2011.12.01 12:20:50.009,9.12325,9.12445,1.50,1.32
2011.12.01 12:20:50.128,9.12335,9.12445,1.50,1.32
2011.12.01 12:20:52.516,9.12325,9.12443,1.50,1.69
2011.12.01 12:20:53.015,9.12314,9.12438,1.50,1.50
2011.12.01 12:20:53.618,9.12321,9.12443,1.50,1.69
2011.12.01 12:20:55.419,9.12329,9.12443,1.50,1.69
2011.12.01 12:20:55.797,9.12347,9.12443,1.50,1.69
2011.12.01 12:20:59.479,9.12336,9.12445,1.50,1.32
2011.12.01 12:21:01.560,9.12336,9.12443,1.50,1.69
2011.12.01 12:21:01.683,9.12322,9.12443,1.50,1.69
2011.12.01 12:21:03.055,9.12329,9.12443,1.50,1.69
2011.12.01 12:21:03.467,9.12338,9.12455,1.13,1.69
2011.12.01 12:21:03.826,9.12373,9.12492,1.50,1.50
2011.12.01 12:21:04.166,9.12373,9.12493,1.50,1.50
2011.12.01 12:21:04.980,9.1238,9.12493,1.50,1.50
2011.12.01 12:21:08.152,9.1238,9.12492,1.50,1.50
2011.12.01 12:21:09.025,9.12343,9.12462,1.50,1.50
2011.12.01 12:21:17.159,9.12357,9.12462,1.50,1.50
2011.12.01 12:21:17.797,9.12347,9.12462,1.50,1.50
2011.12.01 12:21:19.009,9.12347,9.12473,1.50,2.25
2011.12.01 12:21:19.236,9.12365,9.12474,1.50,1.13
2011.12.01 12:21:20.309,9.12365,9.12473,1.50,1.50
2011.12.01 12:21:20.872,9.12365,9.12474,1.50,1.13
2011.12.01 12:21:21.507,9.12374,9.12474,1.50,1.13
2011.12.01 12:21:25.005,9.12366,9.12474,1.50,1.13
2011.12.01 12:21:25.509,9.12357,9.12474,1.50,1.13
2011.12.01 12:21:26.748,9.12366,9.12474,1.50,1.13
2011.12.01 12:21:28.122,9.12366,9.12473,1.50,1.50
2011.12.01 12:21:28.608,9.12343,9.12467,1.50,1.50
2011.12.01 12:21:28.730,9.12343,9.12444,1.50,1.13
2011.12.01 12:21:33.931,9.12334,9.12444,1.50,1.13
2011.12.01 12:21:42.267,9.12365,9.12464,1.50,1.13
2011.12.01 12:21:42.397,9.12365,9.12464,1.50,1.13
2011.12.01 12:21:42.643,9.12356,9.12464,1.50,1.13
2011.12.01 12:21:43.542,9.12356,9.12464,1.50,1.13
2011.12.01 12:21:44.875,9.12356,9.12464,1.50,1.13
2011.12.01 12:21:49.513,9.12356,9.12463,1.50,1.50
2011.12.01 12:21:49.877,9.12356,9.12455,1.50,1.13
2011.12.01 12:21:50.112,9.12339,9.12455,1.50,1.13
2011.12.01 12:21:50.238,9.12339,9.12452,1.50,1.50
2011.12.01 12:21:50.826,9.12329,9.12452,1.50,1.50
2011.12.01 12:21:50.949,9.12329,9.12452,1.50,1.50
2011.12.01 12:21:52.355,9.12337,9.12452,1.50,1.50
2011.12.01 12:21:52.476,9.12337,9.12453,1.50,1.50
2011.12.01 12:21:52.840,9.12337,9.12452,1.50,1.50
2011.12.01 12:21:54.096,9.12345,9.12452,1.50,1.50
2011.12.01 12:22:00.497,9.12334,9.12452,1.50,1.50
2011.12.01 12:22:01.758,9.12347,9.12464,1.50,1.13
2011.12.01 12:22:03.636,9.12347,9.12464,1.50,1.13
2011.12.01 12:22:04.383,9.12356,9.12464,1.50,1.13
2011.12.01 12:22:07.881,9.12346,9.12464,1.50,1.13
2011.12.01 12:22:08.003,9.12355,9.12464,1.50,1.13
2011.12.01 12:22:09.506,9.12347,9.1245,1.50,1.13
2011.12.01 12:22:11.984,9.12347,9.12442,1.50,1.50
2011.12.01 12:22:12.109,9.12347,9.1245,1.50,1.13
2011.12.01 12:22:12.229,9.12347,9.12442,1.50,1.50
2011.12.01 12:22:12.458,9.12347,9.1245,1.50,1.13
2011.12.01 12:22:12.965,9.12347,9.12442,1.50,1.50
2011.12.01 12:22:14.521,9.12336,9.12442,1.50,1.50
2011.12.01 12:22:19.575,9.12325,9.12442,1.50,1.50
2011.12.01 12:22:20.050,9.12335,9.12442,1.50,1.50
2011.12.01 12:22:23.823,9.12335,9.12443,1.50,1.50
2011.12.01 12:22:24.059,9.12353,9.12472,1.50,1.50
2011.12.01 12:22:24.901,9.12335,9.12461,1.50,2.25
2011.12.01 12:22:25.146,9.12343,9.12469,1.50,2.25
2011.12.01 12:22:28.887,9.12363,9.12472,1.50,1.50
2011.12.01 12:22:30.876,9.12363,9.12457,1.50,1.13
2011.12.01 12:22:31.108,9.12342,9.12452,1.50,1.50
2011.12.01 12:22:31.335,9.1233,9.12452,1.50,1.50
2011.12.01 12:22:33.675,9.1233,9.12432,1.50,1.50
2011.12.01 12:22:34.565,9.1233,9.12432,1.50,1.50
2011.12.01 12:22:35.984,9.12323,9.12432,1.50,1.50
2011.12.01 12:22:37.038,9.12323,9.12432,1.50,1.50
2011.12.01 12:22:37.622,9.12334,9.12432,1.50,1.50
2011.12.01 12:22:41.382,9.1231,9.12432,1.50,1.50
2011.12.01 12:22:41.508,9.1231,9.12432,1.50,1.50
2011.12.01 12:22:42.126,9.12328,9.12432,1.50,1.50
2011.12.01 12:22:42.355,9.12318,9.12432,1.50,1.50
2011.12.01 12:22:44.280,9.1233,9.12432,1.50,1.50
2011.12.01 12:22:44.766,9.12323,9.12432,1.50,1.50
2011.12.01 12:22:46.330,9.12323,9.12432,1.50,1.50
2011.12.01 12:22:46.444,9.1234,9.12432,1.50,1.50
2011.12.01 12:22:46.786,9.12333,9.12432,1.50,1.50
2011.12.01 12:22:47.029,9.12324,9.12432,1.50,1.50
2011.12.01 12:22:48.798,9.12333,9.12432,1.50,1.50
2011.12.01 12:22:49.588,9.12333,9.12432,1.50,1.50
2011.12.01 12:22:50.589,9.12318,9.12432,1.50,1.50
2011.12.01 12:22:50.709,9.12311,9.12432,1.50,1.50
2011.12.01 12:22:51.613,9.12329,9.12432,1.50,1.50
2011.12.01 12:22:51.860,9.12318,9.12432,1.50,1.50
2011.12.01 12:22:52.919,9.12328,9.12432,1.50,1.50
2011.12.01 12:22:53.182,9.12316,9.12432,1.50,1.50
2011.12.01 12:22:53.714,9.12324,9.12432,1.50,1.50
2011.12.01 12:22:53.838,9.12313,9.12432,1.50,1.50
2011.12.01 12:22:54.071,9.12294,9.1242,2.25,2.25
2011.12.01 12:22:54.190,9.12294,9.1242,2.25,2.25
2011.12.01 12:22:54.777,9.12303,9.12427,1.50,2.25
2011.12.01 12:22:55.554,9.12295,9.12419,2.25,2.25
2011.12.01 12:22:55.921,9.12303,9.12427,1.50,2.25
2011.12.01 12:22:57.681,9.12303,9.12412,1.50,1.50
2011.12.01 12:22:57.798,9.12284,9.1241,1.50,2.25
2011.12.01 12:22:58.362,9.12295,9.12412,1.50,1.50
2011.12.01 12:22:58.707,9.12295,9.12412,1.50,1.50
2011.12.01 12:22:59.052,9.12318,9.12412,1.50,1.50
2011.12.01 12:22:59.656,9.1231,9.12412,1.50,1.50
2011.12.01 12:22:59.903,9.12304,9.12412,1.50,1.50
2011.12.01 12:23:03.215,9.12315,9.12412,1.50,1.50
2011.12.01 12:23:03.758,9.12315,9.12412,1.50,1.50
2011.12.01 12:23:03.887,9.12322,9.12412,1.50,1.50
2011.12.01 12:23:05.659,9.12314,9.12412,1.50,1.50
2011.12.01 12:23:09.728,9.12314,9.12423,1.50,1.50
2011.12.01 12:23:09.850,9.12341,9.12443,1.50,1.69
2011.12.01 12:23:10.722,9.12332,9.12443,1.50,1.50
2011.12.01 12:23:11.229,9.12332,9.12443,1.50,1.50
2011.12.01 12:23:11.476,9.12355,9.12443,1.50,1.50
2011.12.01 12:23:11.607,9.12345,9.12443,1.50,1.50
2011.12.01 12:23:11.732,9.12345,9.12443,1.50,1.50
2011.12.01 12:23:11.851,9.12323,9.12443,1.50,1.50
2011.12.01 12:23:12.676,9.12323,9.12443,1.50,1.50
2011.12.01 12:23:13.108,9.12314,9.1244,1.88,2.25
2011.12.01 12:23:13.652,9.12314,9.1244,1.88,2.25
2011.12.01 12:23:14.772,9.12323,9.12443,1.50,1.50
2011.12.01 12:23:17.174,9.123,9.12426,2.25,2.25
2011.12.01 12:23:17.532,9.12318,9.12442,1.50,2.25
2011.12.01 12:23:17.926,9.12318,9.12442,1.50,2.44
2011.12.01 12:23:18.421,9.12306,9.1243,1.50,2.25
2011.12.01 12:23:20.619,9.12306,9.12423,1.50,1.50
2011.12.01 12:23:23.532,9.12291,9.12415,1.50,2.25
2011.12.01 12:23:23.949,9.12291,9.12415,1.50,2.25
2011.12.01 12:23:24.411,9.12291,9.12415,1.50,2.25
2011.12.01 12:23:27.475,9.12291,9.12415,2.25,2.25
2011.12.01 12:23:30.165,9.12303,9.12429,2.25,2.25
2011.12.01 12:23:30.628,9.12303,9.12429,2.25,2.25
2011.12.01 12:23:34.369,9.12296,9.1242,2.25,2.25
2011.12.01 12:23:34.599,9.12305,9.12429,2.25,2.25
2011.12.01 12:23:39.071,9.12295,9.12421,2.25,2.25
2011.12.01 12:23:41.812,9.12306,9.1243,2.25,2.25
2011.12.01 12:23:43.353,9.12306,9.1243,2.25,2.25
2011.12.01 12:23:43.479,9.12316,9.12439,2.25,1.13
2011.12.01 12:23:44.697,9.12303,9.12427,2.25,2.25
2011.12.01 12:23:44.926,9.12303,9.12427,2.25,2.25
2011.12.01 12:23:49.501,9.12303,9.12427,2.25,2.25
2011.12.01 12:23:52.917,9.12303,9.12427,2.25,2.25
2011.12.01 12:23:53.147,9.12311,9.12437,2.25,2.25
2011.12.01 12:23:59.207,9.12304,9.12428,2.25,2.25
2011.12.01 12:24:07.281,9.12303,9.12427,2.25,1.50
2011.12.01 12:24:07.401,9.1231,9.12436,2.25,1.50
2011.12.01 12:24:07.519,9.12333,9.12444,1.50,1.32
2011.12.01 12:24:07.644,9.12325,9.12444,2.25,1.32
2011.12.01 12:24:07.773,9.12325,9.12442,2.25,1.69
2011.12.01 12:24:08.735,9.12325,9.12442,1.50,1.69
2011.12.01 12:24:09.177,9.12314,9.1244,2.25,2.25
2011.12.01 12:24:09.296,9.12324,9.12442,1.50,1.69
2011.12.01 12:24:09.628,9.12324,9.12435,1.50,1.13
2011.12.01 12:24:10.309,9.12316,9.12435,1.50,1.13
2011.12.01 12:24:10.538,9.12316,9.1244,1.50,2.25
2011.12.01 12:24:11.049,9.12316,9.12435,1.50,1.13
2011.12.01 12:24:11.559,9.12306,9.12432,1.50,2.25
2011.12.01 12:24:11.682,9.12295,9.12421,2.25,1.50
2011.12.01 12:24:12.135,9.12304,9.1243,1.50,1.50
2011.12.01 12:24:12.765,9.12292,9.12418,2.25,1.50
2011.12.01 12:24:15.108,9.12306,9.1243,1.50,1.50
2011.12.01 12:24:15.227,9.12296,9.12422,2.25,1.50
2011.12.01 12:24:16.168,9.12296,9.12422,2.25,2.25
2011.12.01 12:24:19.496,9.12296,9.12422,2.25,2.25
2011.12.01 12:24:20.219,9.12304,9.1243,1.50,2.25
2011.12.01 12:24:23.108,9.12314,9.12438,1.50,2.25
2011.12.01 12:24:23.449,9.12314,9.12438,2.25,2.25
2011.12.01 12:24:23.800,9.12305,9.12429,2.25,2.25
2011.12.01 12:24:25.949,9.12293,9.12417,1.50,1.50
2011.12.01 12:24:27.586,9.12293,9.12417,1.50,2.25
2011.12.01 12:24:29.451,9.12301,9.12421,1.50,1.13
2011.12.01 12:24:29.845,9.12301,9.12421,1.50,1.13
2011.12.01 12:24:33.737,9.12292,9.12418,1.50,2.25
2011.12.01 12:24:34.701,9.12269,9.12395,2.25,1.50
2011.12.01 12:24:34.817,9.12277,9.12403,2.25,2.25
2011.12.01 12:24:37.841,9.12302,9.12421,1.50,1.13
2011.12.01 12:24:38.410,9.12292,9.12418,1.50,2.25
2011.12.01 12:24:38.527,9.12301,9.12421,1.50,1.13
2011.12.01 12:24:38.755,9.12284,9.12408,2.25,2.25
2011.12.01 12:24:38.987,9.12292,9.12416,1.50,2.25
2011.12.01 12:24:39.337,9.12299,9.12421,1.50,1.13
2011.12.01 12:24:39.839,9.12289,9.12413,1.50,2.25
2011.12.01 12:24:41.154,9.12289,9.12413,1.50,1.50
2011.12.01 12:24:41.288,9.12304,9.12402,1.50,1.13
2011.12.01 12:24:41.408,9.12296,9.12402,1.50,1.13
2011.12.01 12:24:41.857,9.12288,9.12402,1.50,1.13
2011.12.01 12:24:43.949,9.12288,9.12412,2.25,2.25
2011.12.01 12:24:45.470,9.12297,9.12421,2.25,2.25
2011.12.01 12:24:45.829,9.12297,9.12421,2.25,2.25
2011.12.01 12:24:47.680,9.12294,9.12418,2.25,2.25
2011.12.01 12:24:47.922,9.12314,9.12429,2.25,1.13
2011.12.01 12:24:49.738,9.12303,9.12427,2.25,2.25
2011.12.01 12:24:53.786,9.12299,9.12404,1.50,1.13
2011.12.01 12:24:55.395,9.12299,9.12404,1.50,1.13
2011.12.01 12:24:56.616,9.12299,9.12404,1.50,1.13
2011.12.01 12:25:01.918,9.12299,9.12404,1.50,1.13
2011.12.01 12:25:03.150,9.12307,9.12404,1.50,1.13
2011.12.01 12:25:03.704,9.12316,9.12404,1.50,1.13
2011.12.01 12:25:03.950,9.12316,9.12405,1.50,1.13
2011.12.01 12:25:04.071,9.12334,9.12405,1.50,1.13
2011.12.01 12:25:04.187,9.12334,9.12433,1.50,1.69
2011.12.01 12:25:04.309,9.12357,9.12433,1.50,1.32
2011.12.01 12:25:04.432,9.12357,9.12433,1.50,1.13
2011.12.01 12:25:05.606,9.12349,9.12433,1.50,1.13
2011.12.01 12:25:06.206,9.12341,9.12432,1.50,1.13
2011.12.01 12:25:07.016,9.12333,9.12432,1.50,1.13
2011.12.01 12:25:07.141,9.12323,9.12432,1.50,1.13
2011.12.01 12:25:07.262,9.12332,9.12432,1.50,1.13
2011.12.01 12:25:08.983,9.12323,9.12432,1.50,1.13
2011.12.01 12:25:11.026,9.12309,9.12433,1.50,2.25
2011.12.01 12:25:11.492,9.12297,9.12423,1.50,2.44
2011.12.01 12:25:12.000,9.12283,9.12407,2.25,2.25
2011.12.01 12:25:12.107,9.12294,9.1242,1.50,2.25
2011.12.01 12:25:20.448,9.12294,9.1242,1.50,1.50
2011.12.01 12:25:20.981,9.12313,9.12439,1.50,1.69
2011.12.01 12:25:21.100,9.12313,9.12439,1.50,1.50
2011.12.01 12:25:26.015,9.12305,9.12431,2.25,1.50
2011.12.01 12:25:26.974,9.12305,9.12431,2.25,2.25
2011.12.01 12:25:27.577,9.12293,9.12419,2.25,1.50
2011.12.01 12:25:31.248,9.12292,9.12407,1.13,1.50
2011.12.01 12:25:31.476,9.12292,9.12415,1.13,1.50
2011.12.01 12:25:43.125,9.12298,9.12424,2.25,2.25
2011.12.01 12:25:43.246,9.12298,9.12424,2.25,2.25
2011.12.01 12:25:45.446,9.12298,9.12424,2.25,2.25
2011.12.01 12:25:48.677,9.12308,9.12431,1.50,2.25
2011.12.01 12:25:49.359,9.12319,9.12445,2.25,2.44
2011.12.01 12:25:50.447,9.12331,9.12457,1.88,1.69
2011.12.01 12:25:50.567,9.12332,9.12457,1.13,1.69
2011.12.01 12:25:50.907,9.12331,9.12457,2.25,1.50
2011.12.01 12:25:51.249,9.12344,9.12462,2.25,1.13
2011.12.01 12:25:53.812,9.12323,9.12449,1.50,2.44
2011.12.01 12:25:53.938,9.12304,9.1243,2.25,2.25
2011.12.01 12:25:55.626,9.12387,9.12455,1.50,2.44
2011.12.01 12:25:55.749,9.12387,9.12492,1.50,1.69
2011.12.01 12:25:55.868,9.12387,9.12513,2.25,1.50
2011.12.01 12:25:55.987,9.12362,9.12449,2.25,1.50
2011.12.01 12:25:56.108,9.12325,9.12449,1.50,1.50
2011.12.01 12:25:56.228,9.12336,9.1246,2.25,1.50
2011.12.01 12:25:56.348,9.12345,9.12471,2.25,1.50
2011.12.01 12:26:00.059,9.12348,9.12471,1.50,1.50
2011.12.01 12:26:00.287,9.12481,9.12623,2.25,1.26
2011.12.01 12:26:00.406,9.12481,9.12623,2.25,2.01
2011.12.01 12:26:01.316,9.12503,9.12629,2.25,2.25
2011.12.01 12:26:01.436,9.12503,9.12622,1.50,1.50
2011.12.01 12:26:01.907,9.12511,9.12622,1.50,1.50
2011.12.01 12:26:02.892,9.12511,9.12622,1.50,1.50
2011.12.01 12:26:03.577,9.12511,9.12622,1.50,1.50
2011.12.01 12:26:05.218,9.12531,9.12643,1.50,1.50
2011.12.01 12:26:05.617,9.12542,9.12643,1.50,1.50
2011.12.01 12:26:07.454,9.12551,9.12643,1.50,1.50
2011.12.01 12:26:11.073,9.1256,9.12663,1.50,1.50
2011.12.01 12:26:14.136,9.1257,9.12694,1.50,2.44
2011.12.01 12:26:16.377,9.1257,9.12694,2.10,2.44
2011.12.01 12:26:16.499,9.12577,9.12694,1.35,1.50
2011.12.01 12:26:16.618,9.12672,9.12763,2.10,2.25
2011.12.01 12:26:16.848,9.12682,9.12781,2.10,2.25
2011.12.01 12:26:16.968,9.12707,9.12833,1.50,2.25
2011.12.01 12:26:18.077,9.12707,9.12823,1.50,1.54
2011.12.01 12:26:18.199,9.12634,9.1276,1.50,2.25
2011.12.01 12:26:19.557,9.12627,9.12751,1.50,2.25
2011.12.01 12:26:20.233,9.12637,9.12761,1.50,2.25
2011.12.01 12:26:23.426,9.12628,9.12754,1.50,2.25
2011.12.01 12:26:26.167,9.1262,9.12746,1.50,2.25
2011.12.01 12:26:29.958,9.12636,9.12762,1.50,2.25
2011.12.01 12:26:30.078,9.12636,9.12762,1.50,2.25
2011.12.01 12:26:30.309,9.12636,9.12762,1.50,2.25
2011.12.01 12:26:30.877,9.12637,9.12761,1.50,2.25
2011.12.01 12:26:34.055,9.12625,9.12749,1.50,2.25
2011.12.01 12:26:40.249,9.12616,9.12742,1.50,1.50
2011.12.01 12:26:40.811,9.12608,9.12732,1.50,1.50
2011.12.01 12:26:41.857,9.12615,9.12741,1.50,1.50
2011.12.01 12:26:43.009,9.12624,9.12748,1.50,2.25
2011.12.01 12:26:48.167,9.12632,9.12756,1.50,2.25
2011.12.01 12:26:48.801,9.12617,9.12743,1.50,2.25
2011.12.01 12:26:49.731,9.12615,9.12741,1.50,1.50
2011.12.01 12:26:53.577,9.12623,9.12749,1.50,2.25
2011.12.01 12:26:55.119,9.12632,9.12758,1.50,2.25
2011.12.01 12:26:56.102,9.12641,9.12765,1.50,2.25
2011.12.01 12:26:56.673,9.12651,9.12777,1.50,2.25
2011.12.01 12:26:56.803,9.12643,9.12769,1.50,2.25
2011.12.01 12:26:57.389,9.12633,9.12759,1.50,2.25
2011.12.01 12:27:09.248,9.12641,9.12767,1.50,2.25
2011.12.01 12:27:10.160,9.12634,9.12758,1.50,2.25
2011.12.01 12:27:11.176,9.12608,9.12632,1.50,1.50
2011.12.01 12:27:11.298,9.12466,9.12632,2.25,2.44
2011.12.01 12:27:11.530,9.12657,9.12794,1.50,1.50
2011.12.01 12:27:11.648,9.12641,9.12825,1.50,2.33
2011.12.01 12:27:11.887,9.12641,9.12823,1.50,1.50
2011.12.01 12:27:12.007,9.12629,9.12815,1.50,2.25
2011.12.01 12:27:12.241,9.12617,9.12803,1.50,2.25
2011.12.01 12:27:12.577,9.12657,9.12708,1.50,2.10
2011.12.01 12:27:12.697,9.12629,9.12708,1.50,2.10
2011.12.01 12:27:12.818,9.12604,9.12654,2.25,1.69
2011.12.01 12:27:13.049,9.1253,9.12654,2.25,1.69
2011.12.01 12:27:20.035,9.12478,9.12659,2.25,1.69
2011.12.01 12:27:24.135,9.12491,9.1266,2.25,1.69
2011.12.01 12:27:26.676,9.1248,9.12659,2.25,1.69
2011.12.01 12:27:27.135,9.1248,9.12659,2.25,1.69
2011.12.01 12:27:30.207,9.12483,9.12655,2.25,1.69
2011.12.01 12:27:30.736,9.12483,9.12655,2.25,1.69
2011.12.01 12:27:31.082,9.12527,9.12655,1.13,1.69
2011.12.01 12:27:31.318,9.12531,9.12655,1.13,1.50
2011.12.01 12:27:31.439,9.12565,9.12689,1.50,1.50
2011.12.01 12:27:31.558,9.12574,9.12698,1.50,1.50
2011.12.01 12:27:32.030,9.12583,9.12709,1.50,1.50
2011.12.01 12:27:32.772,9.12576,9.127,1.50,1.50
2011.12.01 12:27:33.147,9.12602,9.12728,1.50,2.44
2011.12.01 12:27:34.584,9.12594,9.12718,1.50,2.25
2011.12.01 12:27:37.325,9.12586,9.1271,1.50,1.50
2011.12.01 12:27:48.411,9.12571,9.12697,1.50,1.50
2011.12.01 12:27:50.366,9.12579,9.12705,1.50,1.50
2011.12.01 12:27:57.198,9.12572,9.12696,1.50,1.50
2011.12.01 12:27:59.103,9.12579,9.12705,1.50,1.50
2011.12.01 12:28:06.774,9.12588,9.12712,1.50,2.25
2011.12.01 12:28:07.145,9.12596,9.1272,1.50,2.25
2011.12.01 12:28:08.760,9.12584,9.1271,1.50,1.50
2011.12.01 12:28:11.597,9.12584,9.1271,2.25,1.50
2011.12.01 12:28:12.108,9.12584,9.1271,1.50,1.50
2011.12.01 12:28:12.983,9.12584,9.1271,2.25,1.50
2011.12.01 12:28:17.448,9.12584,9.1271,1.50,1.50
2011.12.01 12:28:18.760,9.12576,9.12702,1.50,1.50
2011.12.01 12:28:19.269,9.12576,9.12702,2.25,1.50
2011.12.01 12:28:19.499,9.12576,9.12702,1.50,1.50
2011.12.01 12:28:20.826,9.12584,9.1271,1.50,1.50
2011.12.01 12:28:24.024,9.1258,9.12704,1.50,1.50
2011.12.01 12:28:29.046,9.12558,9.12684,2.25,1.50
2011.12.01 12:28:29.449,9.12566,9.12692,1.50,1.50
2011.12.01 12:28:31.661,9.12574,9.127,1.50,1.50
2011.12.01 12:28:33.825,9.1257,9.12696,1.50,1.50
2011.12.01 12:28:34.167,9.12589,9.12713,1.50,2.25
2011.12.01 12:28:34.287,9.12579,9.12705,1.50,1.50
2011.12.01 12:28:43.578,9.12588,9.12712,1.50,1.50
2011.12.01 12:28:49.574,9.12588,9.12712,1.50,3.60
2011.12.01 12:28:49.930,9.12551,9.12632,1.35,1.69
2011.12.01 12:28:50.161,9.12596,9.12686,1.50,1.50
2011.12.01 12:28:50.282,9.12606,9.1275,1.50,2.44
2011.12.01 12:28:50.516,9.12606,9.1275,1.50,1.50
2011.12.01 12:28:51.226,9.12593,9.12719,1.50,1.50
2011.12.01 12:28:55.631,9.12583,9.12707,1.50,1.50
2011.12.01 12:28:55.966,9.12583,9.12707,1.50,2.25
2011.12.01 12:28:56.089,9.12572,9.12698,1.50,1.50
2011.12.01 12:28:58.357,9.12564,9.12688,1.50,1.50
2011.12.01 12:28:59.910,9.12562,9.12686,1.50,1.50
2011.12.01 12:29:03.187,9.12562,9.12686,1.50,2.25
2011.12.01 12:29:03.528,9.12552,9.12671,1.50,1.13
2011.12.01 12:29:03.649,9.12542,9.12668,1.50,2.25
2011.12.01 12:29:06.290,9.12532,9.12656,1.50,1.50
2011.12.01 12:29:08.100,9.12539,9.12665,1.50,1.50
2011.12.01 12:29:08.220,9.12539,9.12665,1.50,2.25
2011.12.01 12:29:08.560,9.12539,9.12665,1.50,1.50
2011.12.01 12:29:13.971,9.12539,9.12665,1.50,2.25
2011.12.01 12:29:14.195,9.12539,9.12665,1.50,1.50
2011.12.01 12:29:14.987,9.12529,9.12655,1.50,1.50
2011.12.01 12:29:15.688,9.12529,9.12655,1.50,2.25
2011.12.01 12:29:20.659,9.12529,9.12655,1.50,1.50
2011.12.01 12:29:21.430,9.12529,9.12655,1.50,2.25
2011.12.01 12:29:30.010,9.12541,9.12667,1.50,2.25
2011.12.01 12:29:32.913,9.12532,9.12658,1.50,2.25
2011.12.01 12:29:33.277,9.12532,9.12658,1.50,1.50
2011.12.01 12:29:34.019,9.12532,9.12658,1.50,2.25
2011.12.01 12:29:39.356,9.12532,9.12658,1.50,1.50
2011.12.01 12:29:40.447,9.12532,9.12654,1.50,1.13
2011.12.01 12:29:40.679,9.1252,9.12644,1.50,1.50
2011.12.01 12:29:41.322,9.1252,9.12644,1.50,2.44
2011.12.01 12:29:41.573,9.12495,9.12593,1.50,1.69
2011.12.01 12:29:41.697,9.12457,9.12583,1.50,1.69
2011.12.01 12:29:42.037,9.12449,9.12575,1.50,1.69
2011.12.01 12:29:47.698,9.12449,9.12575,2.25,1.69
2011.12.01 12:29:48.324,9.12502,9.12626,1.50,2.25
2011.12.01 12:29:51.214,9.12502,9.12626,1.50,2.25
2011.12.01 12:29:51.342,9.12494,9.12618,2.63,2.25
2011.12.01 12:29:51.977,9.12494,9.12601,1.13,1.50
2011.12.01 12:29:52.096,9.12494,9.1261,1.13,2.25
2011.12.01 12:29:52.610,9.12494,9.1261,1.13,2.25
2011.12.01 12:29:55.938,9.12494,9.12617,1.13,1.50
2011.12.01 12:29:56.069,9.12493,9.12574,1.50,1.32
2011.12.01 12:29:56.189,9.12434,9.12558,1.50,1.50
2011.12.01 12:30:02.653,9.12446,9.1257,1.50,2.25
2011.12.01 12:30:02.777,9.12434,9.1256,1.50,1.50
2011.12.01 12:30:03.601,9.12443,9.12567,1.50,2.25
2011.12.01 12:30:04.449,9.12443,9.12567,1.50,2.25
2011.12.01 12:30:04.680,9.12434,9.1256,1.50,2.25
2011.12.01 12:30:05.021,9.12434,9.1256,1.50,2.25
2011.12.01 12:30:05.367,9.12415,9.12533,1.50,1.50
2011.12.01 12:30:05.709,9.12407,9.12531,1.50,2.25
2011.12.01 12:30:08.747,9.12398,9.12522,1.50,1.88
2011.12.01 12:30:12.652,9.12407,9.12531,1.50,2.25
2011.12.01 12:30:14.365,9.12396,9.12522,1.50,1.88
2011.12.01 12:30:17.688,9.1241,9.12534,1.50,2.25
2011.12.01 12:30:18.282,9.1241,9.12534,1.50,1.50
2011.12.01 12:30:19.701,9.12423,9.12534,1.32,1.50
2011.12.01 12:30:19.817,9.12428,9.12554,2.07,1.50
2011.12.01 12:30:19.938,9.12434,9.12563,2.07,1.50
2011.12.01 12:30:20.062,9.12429,9.12553,2.07,1.50
2011.12.01 12:30:20.187,9.12429,9.12553,1.50,1.50
2011.12.01 12:30:20.308,9.12419,9.12545,1.50,1.50
2011.12.01 12:30:31.893,9.12411,9.12535,2.25,1.50
2011.12.01 12:30:32.258,9.12407,9.12522,1.50,1.50
2011.12.01 12:30:32.608,9.1244,9.12566,2.25,1.50
2011.12.01 12:30:32.728,9.12448,9.12574,2.25,1.50
2011.12.01 12:30:32.849,9.12484,9.12574,1.13,1.50
2011.12.01 12:30:33.993,9.12484,9.12581,1.13,1.50
2011.12.01 12:30:34.347,9.12484,9.1259,1.13,1.50
2011.12.01 12:30:35.656,9.12484,9.12597,1.13,1.50
2011.12.01 12:30:36.868,9.12484,9.12607,1.13,1.50
2011.12.01 12:30:41.770,9.12514,9.12638,1.50,2.07
2011.12.01 12:30:41.891,9.12503,9.12629,1.50,1.50
2011.12.01 12:30:42.228,9.12495,9.12621,1.50,1.50
2011.12.01 12:30:42.566,9.12488,9.12612,2.25,1.50
2011.12.01 12:30:43.263,9.12484,9.12602,1.13,1.50
2011.12.01 12:30:45.596,9.12491,9.12615,1.50,1.50
2011.12.01 12:30:48.062,9.12484,9.12607,1.13,1.50
2011.12.01 12:30:48.965,9.12484,9.12598,1.13,1.50
2011.12.01 12:30:49.323,9.12484,9.12575,1.13,1.50
2011.12.01 12:30:49.968,9.12467,9.12575,1.50,1.50
2011.12.01 12:30:50.622,9.12467,9.12591,3.00,1.50
2011.12.01 12:30:51.237,9.12474,9.126,2.25,1.50
2011.12.01 12:30:52.621,9.12485,9.12611,1.50,1.50
2011.12.01 12:30:53.831,9.12494,9.12618,1.50,1.50
2011.12.01 12:30:54.172,9.12506,9.1263,1.50,2.25
2011.12.01 12:30:54.779,9.12506,9.12623,1.50,1.50
2011.12.01 12:30:56.161,9.12495,9.12621,1.50,1.50
2011.12.01 12:31:00.888,9.12487,9.12613,1.50,1.50
2011.12.01 12:31:01.253,9.12467,9.12584,1.50,1.50
2011.12.01 12:31:02.926,9.12468,9.12592,2.25,1.50
2011.12.01 12:31:03.380,9.12475,9.12601,2.25,1.50
2011.12.01 12:31:04.351,9.12485,9.12611,1.88,1.50
2011.12.01 12:31:04.827,9.12499,9.12623,1.50,2.25
2011.12.01 12:31:07.641,9.12508,9.12632,1.50,2.44
2011.12.01 12:31:08.213,9.12515,9.12641,1.50,2.44
2011.12.01 12:31:09.604,9.12508,9.12632,1.50,2.44
2011.12.01 12:31:10.416,9.12499,9.12625,1.50,2.25
2011.12.01 12:31:17.209,9.12499,9.12625,2.25,1.50
2011.12.01 12:31:19.334,9.12522,9.12646,2.25,2.07
2011.12.01 12:31:20.358,9.12504,9.12628,2.25,1.50
2011.12.01 12:31:22.203,9.12515,9.12641,2.25,1.69
2011.12.01 12:31:23.119,9.125,9.12624,2.25,1.50
2011.12.01 12:31:25.438,9.12538,9.12624,1.13,1.50
2011.12.01 12:31:25.557,9.12538,9.1264,1.13,1.69
2011.12.01 12:31:25.788,9.12524,9.1264,1.13,1.69
2011.12.01 12:31:26.389,9.12531,9.12655,1.50,1.69
2011.12.01 12:31:30.900,9.12539,9.12665,1.50,2.44
2011.12.01 12:31:32.371,9.12547,9.12673,1.50,2.44
2011.12.01 12:31:32.903,9.12547,9.12673,1.50,2.25
2011.12.01 12:31:34.850,9.12539,9.12665,1.50,2.25
2011.12.01 12:31:38.278,9.12531,9.12657,1.50,1.50
2011.12.01 12:31:40.931,9.12541,9.12665,1.50,2.25
2011.12.01 12:31:44.682,9.12515,9.12639,3.75,1.50
2011.12.01 12:31:44.911,9.12522,9.12648,1.88,1.50
2011.12.01 12:31:46.872,9.12541,9.12667,1.50,2.25
2011.12.01 12:31:49.543,9.12524,9.12648,1.88,1.50
2011.12.01 12:31:57.159,9.12531,9.12657,1.50,1.50
2011.12.01 12:31:59.809,9.12523,9.12649,1.88,1.50
2011.12.01 12:32:00.525,9.12528,9.12652,1.50,1.50
2011.12.01 12:32:03.946,9.12536,9.1266,1.50,1.50
2011.12.01 12:32:04.730,9.12527,9.12653,1.50,1.50
2011.12.01 12:32:10.583,9.12518,9.12642,2.25,1.50
2011.12.01 12:32:11.053,9.12528,9.12652,1.50,1.50
2011.12.01 12:32:12.858,9.12528,9.12652,2.25,1.50
2011.12.01 12:32:13.558,9.12538,9.12662,2.25,1.50
2011.12.01 12:32:22.750,9.12549,9.12675,2.25,1.50
2011.12.01 12:32:22.876,9.12541,9.12667,2.25,1.50
2011.12.01 12:32:23.678,9.12532,9.12658,2.25,1.50
2011.12.01 12:32:24.206,9.12524,9.12643,1.13,1.50
2011.12.01 12:32:27.117,9.12527,9.12651,2.25,1.50
2011.12.01 12:32:29.245,9.12536,9.12662,2.25,1.50
2011.12.01 12:32:38.678,9.12507,9.12631,2.25,2.25
2011.12.01 12:32:41.814,9.12498,9.12622,2.25,1.50
2011.12.01 12:32:47.508,9.12489,9.12613,2.25,1.50
2011.12.01 12:32:49.862,9.1248,9.12606,2.25,1.50
2011.12.01 12:32:50.218,9.12469,9.12588,1.13,1.50
2011.12.01 12:32:51.407,9.12472,9.12596,2.25,1.50
2011.12.01 12:32:51.759,9.12479,9.12605,2.25,2.25
2011.12.01 12:32:52.757,9.12489,9.12605,1.13,1.50
2011.12.01 12:32:52.880,9.12493,9.12619,2.25,1.50
2011.12.01 12:32:53.787,9.12501,9.12627,2.25,1.50
2011.12.01 12:32:54.609,9.12511,9.12637,2.25,1.50
2011.12.01 12:32:54.729,9.12511,9.12637,2.25,2.25
2011.12.01 12:32:54.959,9.12504,9.12628,2.25,1.50
2011.12.01 12:32:58.817,9.12504,9.12628,2.25,2.25
2011.12.01 12:32:59.160,9.12487,9.12613,2.25,2.44
2011.12.01 12:33:02.778,9.12472,9.12593,1.50,1.50
2011.12.01 12:33:02.901,9.12489,9.12615,2.25,1.69
2011.12.01 12:33:03.037,9.12478,9.12602,2.25,1.50
2011.12.01 12:33:03.387,9.12478,9.12602,2.25,1.50
2011.12.01 12:33:06.623,9.12478,9.12602,2.25,2.25
2011.12.01 12:33:09.653,9.12467,9.12593,2.25,2.25
2011.12.01 12:33:10.023,9.1246,9.12584,2.25,2.25
2011.12.01 12:33:18.882,9.12483,9.12607,2.25,2.63
2011.12.01 12:33:20.276,9.12494,9.12573,2.25,1.50
2011.12.01 12:33:20.404,9.12441,9.12565,2.25,2.44
2011.12.01 12:33:21.764,9.12417,9.12541,2.25,2.25
2011.12.01 12:33:21.892,9.12417,9.12541,2.25,2.25
2011.12.01 12:33:23.124,9.12337,9.12461,2.25,2.25
2011.12.01 12:33:23.491,9.12327,9.12451,2.25,2.25
2011.12.01 12:33:26.679,9.12353,9.12441,1.13,1.50
2011.12.01 12:33:26.800,9.12376,9.12502,2.25,2.44
2011.12.01 12:33:26.921,9.12376,9.12502,2.25,2.25
2011.12.01 12:33:27.043,9.12376,9.12502,2.25,2.25
2011.12.01 12:33:27.291,9.12357,9.12467,2.25,2.25
2011.12.01 12:33:27.411,9.12316,9.12442,2.25,2.25
2011.12.01 12:33:28.330,9.12321,9.12443,1.50,1.50
2011.12.01 12:33:29.409,9.12325,9.12443,1.50,1.50
2011.12.01 12:33:31.629,9.12325,9.12451,2.25,2.25
2011.12.01 12:33:31.749,9.12347,9.12451,1.13,1.50
2011.12.01 12:33:32.349,9.12385,9.12475,1.50,1.50
2011.12.01 12:33:32.479,9.12385,9.12511,1.50,1.50
2011.12.01 12:33:32.602,9.12377,9.12503,1.50,2.25
2011.12.01 12:33:34.672,9.12377,9.12503,1.50,2.25
2011.12.01 12:33:35.752,9.12376,9.12502,1.50,2.25
2011.12.01 12:33:36.090,9.124,9.12526,1.88,2.44
2011.12.01 12:33:36.210,9.12453,9.12526,1.35,1.50
2011.12.01 12:33:36.330,9.12477,9.12537,1.50,1.50
2011.12.01 12:33:36.452,9.12481,9.12605,1.50,1.50
2011.12.01 12:33:36.571,9.12481,9.12605,1.50,1.69
2011.12.01 12:33:37.170,9.1248,9.12604,1.50,1.69
2011.12.01 12:33:37.737,9.1248,9.12604,1.50,2.44
2011.12.01 12:33:38.586,9.1248,9.12604,1.50,2.44
2011.12.01 12:33:39.562,9.1248,9.12604,1.50,2.44
2011.12.01 12:33:40.218,9.1248,9.12604,1.50,2.44
2011.12.01 12:33:40.464,9.12487,9.12608,1.50,1.32
2011.12.01 12:33:41.917,9.12501,9.12608,1.50,1.32
2011.12.01 12:33:43.736,9.12492,9.12608,1.50,1.32
2011.12.01 12:33:51.459,9.12485,9.12608,1.50,1.32
2011.12.01 12:33:56.601,9.12485,9.12582,1.50,1.50
2011.12.01 12:33:56.941,9.12416,9.12542,1.50,2.25
2011.12.01 12:33:57.169,9.12391,9.12483,1.50,1.50
2011.12.01 12:33:57.288,9.12391,9.12495,1.50,2.44
2011.12.01 12:33:57.408,9.12391,9.12502,1.50,1.32
2011.12.01 12:33:57.532,9.12385,9.12502,1.50,1.32
2011.12.01 12:33:59.238,9.12378,9.12502,1.50,2.82
2011.12.01 12:34:09.801,9.12385,9.12502,1.50,1.32
2011.12.01 12:34:10.432,9.12394,9.12502,1.50,1.32
2011.12.01 12:34:11.271,9.12387,9.12502,1.50,1.69
2011.12.01 12:34:13.929,9.12408,9.12511,1.35,2.44
2011.12.01 12:34:14.269,9.12432,9.12553,1.50,1.69
2011.12.01 12:34:21.465,9.12432,9.12531,1.50,2.44
2011.12.01 12:34:21.598,9.12366,9.12483,1.50,1.50
2011.12.01 12:34:25.190,9.12358,9.12483,2.25,1.50
2011.12.01 12:34:25.483,9.12366,9.12483,1.50,1.50
2011.12.01 12:34:29.002,9.12355,9.12481,2.25,2.25
2011.12.01 12:34:31.238,9.12452,9.12601,2.10,1.50
2011.12.01 12:34:31.358,9.12452,9.12601,2.10,1.50
2011.12.01 12:34:31.485,9.12422,9.12598,1.13,1.13
2011.12.01 12:34:31.612,9.12475,9.12617,1.50,1.50
2011.12.01 12:34:31.735,9.12436,9.12582,2.25,1.50
2011.12.01 12:34:31.858,9.12436,9.12582,2.25,2.25
2011.12.01 12:34:32.488,9.12419,9.12545,1.50,1.50
2011.12.01 12:34:32.733,9.12419,9.12545,1.50,2.25
2011.12.01 12:34:33.114,9.12402,9.12528,1.50,2.25
2011.12.01 12:34:33.470,9.12357,9.12483,1.50,2.25
2011.12.01 12:34:33.827,9.12338,9.12464,1.50,2.25
2011.12.01 12:34:34.069,9.12329,9.12453,1.50,2.25
2011.12.01 12:34:35.042,9.12312,9.12438,2.25,1.50
2011.12.01 12:34:35.957,9.12321,9.12445,1.50,1.50
2011.12.01 12:34:37.048,9.12313,9.12437,2.25,1.50
2011.12.01 12:34:37.918,9.1232,9.12446,1.50,1.50
2011.12.01 12:34:39.170,9.12329,9.12455,1.50,2.25
2011.12.01 12:34:44.175,9.1233,9.12454,1.50,2.25
2011.12.01 12:34:51.725,9.12337,9.12463,1.50,2.25
2011.12.01 12:34:53.486,9.12329,9.12453,1.50,2.25
2011.12.01 12:34:54.088,9.12336,9.12462,1.50,2.25
2011.12.01 12:34:56.120,9.12329,9.12453,1.50,2.25
2011.12.01 12:34:56.870,9.12321,9.12445,1.50,1.50
2011.12.01 12:34:58.289,9.12331,9.12455,1.50,2.25
2011.12.01 12:35:00.434,9.12348,9.12472,1.50,2.25
2011.12.01 12:35:00.561,9.12333,9.12459,1.50,2.25
2011.12.01 12:35:01.421,9.12333,9.12459,2.25,2.25
2011.12.01 12:35:01.539,9.12333,9.12459,1.50,2.25
2011.12.01 12:35:02.907,9.12333,9.12459,1.50,1.50
2011.12.01 12:35:03.137,9.12333,9.12459,1.50,2.25
2011.12.01 12:35:03.255,9.12333,9.12459,1.50,1.50
2011.12.01 12:35:06.815,9.12333,9.12459,2.25,1.50
2011.12.01 12:35:08.307,9.12342,9.12468,1.50,1.50
2011.12.01 12:35:09.535,9.12334,9.1246,2.25,1.50
2011.12.01 12:35:13.585,9.12327,9.12451,2.25,1.50
2011.12.01 12:35:16.889,9.12317,9.12443,3.00,1.50
2011.12.01 12:35:17.012,9.12331,9.12457,2.25,1.50
2011.12.01 12:35:17.241,9.12331,9.12457,1.50,1.50
2011.12.01 12:35:17.356,9.12318,9.12442,1.50,1.50
2011.12.01 12:35:17.697,9.12318,9.12442,2.25,1.50
2011.12.01 12:35:17.939,9.12325,9.12451,2.25,1.88
2011.12.01 12:35:18.056,9.12325,9.12451,2.25,1.50
2011.12.01 12:35:19.720,9.12343,9.12469,2.25,1.50
2011.12.01 12:35:20.020,9.12355,9.12481,2.25,2.25
2011.12.01 12:35:21.882,9.12348,9.12472,2.25,2.25
2011.12.01 12:35:22.587,9.12347,9.12464,1.50,1.50
2011.12.01 12:35:23.721,9.12347,9.12456,1.50,1.50
2011.12.01 12:35:24.061,9.12455,9.12608,1.50,2.44
2011.12.01 12:35:24.295,9.12421,9.12585,2.25,1.69
2011.12.01 12:35:24.420,9.12406,9.12572,2.25,1.50
2011.12.01 12:35:24.651,9.12416,9.12582,2.25,1.50
2011.12.01 12:35:26.677,9.12444,9.1257,2.25,1.50
2011.12.01 12:35:31.417,9.12424,9.1255,1.50,2.25
2011.12.01 12:35:32.393,9.12416,9.12542,2.07,2.25
2011.12.01 12:35:34.407,9.12462,9.12534,1.13,1.50
2011.12.01 12:35:34.531,9.12499,9.12618,1.50,1.13
2011.12.01 12:35:34.647,9.12499,9.12623,1.50,2.25
2011.12.01 12:35:35.721,9.1248,9.12606,2.25,1.50
2011.12.01 12:35:36.249,9.12493,9.12617,2.25,1.50
2011.12.01 12:35:36.950,9.125,9.12626,1.50,2.25
2011.12.01 12:35:38.902,9.12509,9.12633,1.50,2.25
2011.12.01 12:35:40.989,9.12578,9.12633,2.10,1.50
2011.12.01 12:35:41.110,9.12627,9.12772,1.50,1.20
2011.12.01 12:35:41.230,9.12627,9.12773,2.25,1.88
2011.12.01 12:35:41.459,9.1264,9.12784,1.50,2.25
2011.12.01 12:35:42.348,9.12636,9.12762,1.50,2.25
2011.12.01 12:35:42.773,9.1265,9.12774,2.25,1.50
2011.12.01 12:35:43.140,9.12697,9.12774,1.13,1.50
2011.12.01 12:35:43.740,9.12787,9.12933,1.50,2.25
2011.12.01 12:35:43.861,9.12787,9.12933,1.50,1.50
2011.12.01 12:35:43.978,9.12772,9.12918,1.50,1.50
2011.12.01 12:35:44.318,9.12772,9.12918,2.25,2.25
2011.12.01 12:35:44.548,9.12772,9.12918,2.25,1.50
2011.12.01 12:35:44.969,9.12782,9.12906,1.50,1.50
2011.12.01 12:35:50.295,9.12762,9.12886,2.25,1.50
2011.12.01 12:35:50.930,9.12776,9.129,2.25,1.50
2011.12.01 12:35:51.493,9.12787,9.129,1.32,1.50
2011.12.01 12:35:51.623,9.1283,9.12952,2.25,1.50
2011.12.01 12:35:51.849,9.1283,9.12954,2.25,2.25
2011.12.01 12:35:52.877,9.12838,9.12962,1.50,2.25
2011.12.01 12:35:53.389,9.12828,9.12952,2.25,2.25
2011.12.01 12:35:58.117,9.12877,9.12952,2.10,1.50
2011.12.01 12:35:58.726,9.12958,9.13104,1.50,2.25
2011.12.01 12:35:58.856,9.12948,9.13092,1.50,2.25
2011.12.01 12:36:00.029,9.12937,9.13063,1.50,1.50
2011.12.01 12:36:00.892,9.12929,9.13055,1.50,1.50
2011.12.01 12:36:03.392,9.12929,9.13055,1.50,2.25
2011.12.01 12:36:03.616,9.12929,9.13055,1.50,1.50
2011.12.01 12:36:05.059,9.12929,9.13055,1.50,2.25
2011.12.01 12:36:05.817,9.12919,9.13045,1.50,1.50
2011.12.01 12:36:05.939,9.12908,9.13032,2.82,1.50
2011.12.01 12:36:06.058,9.12908,9.13032,2.07,1.50
2011.12.01 12:36:06.297,9.12908,9.13032,2.07,2.25
2011.12.01 12:36:06.636,9.12849,9.12975,1.50,1.69
2011.12.01 12:36:07.785,9.12857,9.12983,1.50,1.69
2011.12.01 12:36:08.620,9.12824,9.13003,1.50,2.44
2011.12.01 12:36:09.929,9.12832,9.13011,1.50,2.44
2011.12.01 12:36:10.050,9.12819,9.13,1.50,1.69
2011.12.01 12:36:11.033,9.12832,9.13011,1.50,2.44
2011.12.01 12:36:11.929,9.12822,9.13003,1.50,1.69
2011.12.01 12:36:12.571,9.12842,9.13021,1.50,1.69
2011.12.01 12:36:13.849,9.12842,9.12929,1.50,1.69
2011.12.01 12:36:14.092,9.12768,9.12892,1.50,2.25
2011.12.01 12:36:14.209,9.12758,9.12884,1.50,2.25
2011.12.01 12:36:15.578,9.12751,9.12875,1.50,1.50
2011.12.01 12:36:16.797,9.1274,9.12866,1.50,1.50
2011.12.01 12:36:17.528,9.12749,9.12873,1.50,2.25
2011.12.01 12:36:18.058,9.12749,9.12873,1.50,2.25
2011.12.01 12:36:18.687,9.12749,9.12873,1.50,2.25
2011.12.01 12:36:20.069,9.12749,9.12873,1.50,2.25
2011.12.01 12:36:20.211,9.12758,9.12882,1.50,3.00
2011.12.01 12:36:20.441,9.12758,9.12882,1.50,2.25
2011.12.01 12:36:20.956,9.12827,9.12952,1.35,1.69
2011.12.01 12:36:21.090,9.12832,9.12956,1.50,2.07
2011.12.01 12:36:21.708,9.12832,9.12944,1.50,1.69
2011.12.01 12:36:21.840,9.12761,9.12872,1.50,1.50
2011.12.01 12:36:21.965,9.12741,9.12867,2.25,2.25
2011.12.01 12:36:22.093,9.12741,9.12867,1.50,2.25
2011.12.01 12:36:23.151,9.12733,9.12859,1.50,2.25
2011.12.01 12:36:24.798,9.12726,9.1285,1.50,2.25
2011.12.01 12:36:27.021,9.1269,9.12814,1.50,2.25
2011.12.01 12:36:28.869,9.1269,9.12814,1.50,1.50
2011.12.01 12:36:28.989,9.1286,9.12975,2.25,1.50
2011.12.01 12:36:29.108,9.12849,9.13035,2.25,2.25
2011.12.01 12:36:30.637,9.12898,9.13022,2.25,2.25
2011.12.01 12:36:31.799,9.12909,9.13033,1.50,2.25
2011.12.01 12:36:31.922,9.12909,9.13033,1.50,2.25
2011.12.01 12:36:32.270,9.12909,9.13033,1.50,2.25
2011.12.01 12:36:33.213,9.1289,9.13014,2.25,2.25
2011.12.01 12:36:33.334,9.12906,9.1303,2.25,2.25
2011.12.01 12:36:33.460,9.12906,9.1303,2.25,2.25
2011.12.01 12:36:34.491,9.1284,9.12956,1.13,1.50
2011.12.01 12:36:34.619,9.1284,9.12963,1.13,1.50
2011.12.01 12:36:34.744,9.12853,9.12977,1.50,1.50
2011.12.01 12:36:35.769,9.1284,9.12965,1.13,1.50
2011.12.01 12:36:38.151,9.12848,9.12965,1.50,1.50
2011.12.01 12:36:38.269,9.12855,9.12977,1.13,1.50
2011.12.01 12:36:38.799,9.12862,9.12986,1.50,1.50
2011.12.01 12:36:39.148,9.12862,9.12986,1.50,2.25
2011.12.01 12:36:39.270,9.12851,9.12977,2.25,2.25
2011.12.01 12:36:39.389,9.12851,9.12977,1.50,2.25
2011.12.01 12:36:39.509,9.12838,9.12964,1.50,2.25
2011.12.01 12:36:45.830,9.12826,9.1295,1.50,1.88
2011.12.01 12:36:45.949,9.12834,9.12958,1.50,2.25
2011.12.01 12:36:47.839,9.12834,9.12958,1.50,2.25
2011.12.01 12:36:48.069,9.12815,9.12941,1.50,2.25
2011.12.01 12:36:53.883,9.12815,9.12941,1.50,2.25
2011.12.01 12:36:54.000,9.12791,9.12911,2.25,2.25
2011.12.01 12:36:54.121,9.12787,9.12911,1.50,2.25
2011.12.01 12:36:54.591,9.12774,9.129,1.50,2.25
2011.12.01 12:37:02.590,9.12783,9.12907,1.50,2.25
2011.12.01 12:37:04.299,9.12774,9.129,1.50,2.25
2011.12.01 12:37:08.739,9.12764,9.12888,1.50,2.25
2011.12.01 12:37:08.879,9.12747,9.1287,1.32,1.50
2011.12.01 12:37:09.001,9.12758,9.12884,2.25,1.88
2011.12.01 12:37:11.146,9.12768,9.12894,1.50,2.25
2011.12.01 12:37:11.916,9.12777,9.12901,1.50,2.25
2011.12.01 12:37:13.678,9.12777,9.12901,1.50,1.88
2011.12.01 12:37:13.799,9.12793,9.12919,1.50,2.25
2011.12.01 12:37:14.891,9.12802,9.12923,1.50,1.50
2011.12.01 12:37:20.390,9.12794,9.12918,1.50,2.25
2011.12.01 12:37:22.663,9.12792,9.12916,1.50,2.25
2011.12.01 12:37:24.148,9.12784,9.12908,1.50,2.25
2011.12.01 12:37:26.640,9.12792,9.12918,1.50,2.25
2011.12.01 12:37:29.430,9.12775,9.12901,1.50,2.25
2011.12.01 12:37:29.551,9.12786,9.1291,1.50,2.25
2011.12.01 12:37:36.001,9.12795,9.12919,1.50,2.25
2011.12.01 12:37:39.950,9.12795,9.12919,1.50,2.25
2011.12.01 12:37:40.587,9.12783,9.12909,1.50,2.25
2011.12.01 12:37:42.988,9.12793,9.12917,1.50,2.25
2011.12.01 12:37:44.558,9.12804,9.12922,1.50,1.50
2011.12.01 12:37:45.500,9.12804,9.12922,1.50,1.50
2011.12.01 12:37:45.915,9.12797,9.12921,1.50,2.25
2011.12.01 12:37:47.757,9.12787,9.12911,1.50,2.25
2011.12.01 12:38:03.522,9.12799,9.12922,1.50,1.50
2011.12.01 12:38:03.659,9.12802,9.12922,1.50,1.50
2011.12.01 12:38:04.967,9.12793,9.12919,1.50,2.25
2011.12.01 12:38:13.716,9.12793,9.12919,1.50,2.25
2011.12.01 12:38:13.838,9.12783,9.12909,1.50,2.25
2011.12.01 12:38:14.069,9.12769,9.12895,1.50,2.25
2011.12.01 12:38:15.098,9.1277,9.12894,1.50,2.25
2011.12.01 12:38:16.220,9.12782,9.12906,1.50,2.25
2011.12.01 12:38:18.614,9.12782,9.12906,1.50,2.25
2011.12.01 12:38:20.912,9.12774,9.12898,1.50,2.25
2011.12.01 12:38:26.686,9.12784,9.12902,1.50,1.50
2011.12.01 12:38:30.915,9.12802,9.12922,1.50,1.50
2011.12.01 12:38:31.040,9.12794,9.12918,1.50,2.25
2011.12.01 12:38:31.271,9.12803,9.12922,1.50,1.50
2011.12.01 12:38:32.468,9.12795,9.12921,1.50,2.25
2011.12.01 12:38:32.587,9.12786,9.12912,1.50,3.00
2011.12.01 12:38:34.666,9.12779,9.12903,1.50,2.25
2011.12.01 12:38:36.703,9.12768,9.12894,1.50,2.25
2011.12.01 12:38:37.196,9.12777,9.12903,1.50,2.25
2011.12.01 12:38:46.447,9.12786,9.1291,1.50,2.25
2011.12.01 12:38:46.565,9.12786,9.1291,1.50,2.25
2011.12.01 12:38:53.180,9.12772,9.12896,1.50,1.88
2011.12.01 12:38:54.124,9.12779,9.12905,1.50,2.25
2011.12.01 12:38:55.905,9.12779,9.12905,1.50,2.25
2011.12.01 12:39:07.847,9.12779,9.12905,1.50,2.25
2011.12.01 12:39:08.299,9.12771,9.12895,1.50,1.88
2011.12.01 12:39:08.800,9.12761,9.12885,2.25,1.50
2011.12.01 12:39:09.355,9.12773,9.12897,1.50,2.25
2011.12.01 12:39:10.566,9.12781,9.12905,1.50,2.25
2011.12.01 12:39:14.628,9.12789,9.12913,1.50,2.25
2011.12.01 12:39:15.086,9.12798,9.12913,1.50,1.50
2011.12.01 12:39:16.727,9.12788,9.12912,1.50,2.25
2011.12.01 12:39:17.923,9.12778,9.12904,1.50,2.25
2011.12.01 12:39:22.136,9.12786,9.12912,1.50,2.25
2011.12.01 12:39:23.834,9.12786,9.12912,1.50,3.00
2011.12.01 12:39:23.960,9.12777,9.12903,1.50,2.25
2011.12.01 12:39:24.648,9.12797,9.12912,1.50,1.50
2011.12.01 12:39:24.768,9.12788,9.12912,1.50,2.25
2011.12.01 12:39:26.386,9.1278,9.12902,1.50,1.50
2011.12.01 12:39:30.456,9.1278,9.12904,1.50,2.25
2011.12.01 12:39:37.179,9.1279,9.12912,1.50,1.50
2011.12.01 12:39:38.378,9.12797,9.12912,1.50,1.50
2011.12.01 12:39:39.279,9.12797,9.12912,1.50,1.50
2011.12.01 12:39:39.399,9.12788,9.12912,1.50,1.50
2011.12.01 12:39:40.306,9.12781,9.12905,1.50,2.25
2011.12.01 12:39:45.369,9.12769,9.12882,1.50,1.13
2011.12.01 12:39:51.076,9.12779,9.12882,1.50,1.13
2011.12.01 12:39:51.346,9.12771,9.12882,1.50,1.13
2011.12.01 12:39:52.016,9.12761,9.12882,1.50,1.13
2011.12.01 12:39:52.597,9.1277,9.12882,1.50,1.13
2011.12.01 12:39:55.518,9.12782,9.12892,1.50,1.13
2011.12.01 12:39:56.597,9.12782,9.12892,1.50,1.13
2011.12.01 12:39:56.828,9.12782,9.12892,1.50,1.13
2011.12.01 12:40:01.371,9.12782,9.12892,1.50,1.13
2011.12.01 12:40:04.946,9.12782,9.12902,1.50,1.50
2011.12.01 12:40:05.068,9.12774,9.12898,1.50,2.25
2011.12.01 12:40:06.487,9.12764,9.1289,1.50,2.25
2011.12.01 12:40:13.000,9.12774,9.12882,1.50,1.13
2011.12.01 12:40:15.880,9.12797,9.12918,1.50,1.13
2011.12.01 12:40:16.002,9.12797,9.12921,1.50,2.25
2011.12.01 12:40:16.118,9.12788,9.12914,1.50,2.25
2011.12.01 12:40:20.890,9.12799,9.12913,1.50,1.50
2011.12.01 12:40:21.958,9.12807,9.12913,1.50,1.50
2011.12.01 12:40:25.965,9.12799,9.12913,1.50,1.50
2011.12.01 12:40:34.395,9.12831,9.12913,1.50,1.50
2011.12.01 12:40:35.546,9.12823,9.12932,1.50,1.50
2011.12.01 12:40:35.834,9.12814,9.12932,1.50,1.50
2011.12.01 12:40:37.369,9.12805,9.12929,1.50,2.25
2011.12.01 12:40:38.571,9.12816,9.12932,1.50,1.50
2011.12.01 12:40:38.800,9.12792,9.12918,1.50,2.25
2011.12.01 12:40:38.919,9.12801,9.12925,1.50,2.25
2011.12.01 12:40:42.916,9.12801,9.12913,1.50,1.50
2011.12.01 12:40:43.041,9.12782,9.12908,1.50,2.25
2011.12.01 12:40:44.655,9.12767,9.12891,1.50,2.25
2011.12.01 12:40:44.782,9.12775,9.12899,1.50,2.25
2011.12.01 12:40:45.668,9.12767,9.12891,1.50,2.25
2011.12.01 12:40:46.592,9.12756,9.1288,2.25,1.50
2011.12.01 12:40:47.529,9.12763,9.1288,1.50,1.50
2011.12.01 12:40:47.867,9.12787,9.12902,1.50,1.50
2011.12.01 12:40:48.425,9.12772,9.12898,1.50,2.25
2011.12.01 12:40:49.254,9.12788,9.12902,1.50,1.50
2011.12.01 12:40:49.378,9.12779,9.12902,1.50,1.50
2011.12.01 12:40:50.939,9.12771,9.12897,1.50,2.25
2011.12.01 12:40:55.470,9.12791,9.12912,1.50,1.13
2011.12.01 12:40:57.112,9.128,9.12912,1.50,1.13
2011.12.01 12:41:00.893,9.1282,9.12912,1.50,1.13
2011.12.01 12:41:01.649,9.12811,9.12933,1.50,2.25
2011.12.01 12:41:01.766,9.12803,9.12929,1.50,2.25
2011.12.01 12:41:04.242,9.12788,9.12912,1.50,2.25
2011.12.01 12:41:06.433,9.12798,9.12913,1.50,1.50
2011.12.01 12:41:06.673,9.1278,9.12903,1.50,1.50
2011.12.01 12:41:07.390,9.1278,9.12892,1.50,1.35
2011.12.01 12:41:07.510,9.12754,9.12851,1.50,2.25
2011.12.01 12:41:07.630,9.12725,9.12851,1.50,2.25
2011.12.01 12:41:09.023,9.12737,9.12861,1.50,2.25
2011.12.01 12:41:13.113,9.12728,9.12854,1.50,2.25
2011.12.01 12:41:14.541,9.12741,9.12863,1.50,1.50
2011.12.01 12:41:15.462,9.12732,9.12858,1.50,2.25
2011.12.01 12:41:17.739,9.12724,9.1285,1.50,2.25
2011.12.01 12:41:17.867,9.12724,9.1285,1.50,1.50
2011.12.01 12:41:17.992,9.12724,9.1285,2.25,1.50
2011.12.01 12:41:18.331,9.12736,9.1286,1.50,1.50
2011.12.01 12:41:20.069,9.12709,9.12835,2.25,1.50
2011.12.01 12:41:20.198,9.12724,9.1285,2.25,1.50
2011.12.01 12:41:20.727,9.12711,9.12835,2.25,1.50
2011.12.01 12:41:20.858,9.12718,9.12844,2.25,1.50
2011.12.01 12:41:21.089,9.12726,9.12852,2.25,1.50
2011.12.01 12:41:21.231,9.12726,9.12852,2.25,1.50
2011.12.01 12:41:22.146,9.12734,9.1286,2.25,1.50
2011.12.01 12:41:23.851,9.12742,9.12868,2.25,2.25
2011.12.01 12:41:24.550,9.12727,9.12853,2.25,1.50
2011.12.01 12:41:24.958,9.12741,9.12867,2.25,2.25
2011.12.01 12:41:26.955,9.12726,9.1285,2.25,1.50
2011.12.01 12:41:27.634,9.12726,9.1285,2.25,1.50
2011.12.01 12:41:27.872,9.12726,9.1285,2.25,2.25
2011.12.01 12:41:28.218,9.12726,9.1285,2.25,2.25
2011.12.01 12:41:33.523,9.12692,9.12816,2.25,1.50
2011.12.01 12:41:38.918,9.12772,9.12895,2.25,1.50
2011.12.01 12:41:39.039,9.12788,9.12932,1.50,3.00
2011.12.01 12:41:39.158,9.12788,9.12932,2.25,1.50
2011.12.01 12:41:39.510,9.12808,9.12952,2.25,2.25
2011.12.01 12:41:40.708,9.12842,9.12958,2.25,1.13
2011.12.01 12:41:43.562,9.12842,9.12958,2.25,1.13
2011.12.01 12:41:47.341,9.12835,9.12952,2.25,1.50
2011.12.01 12:41:47.459,9.1281,9.12917,1.50,1.35
2011.12.01 12:41:47.580,9.12753,9.12877,2.25,1.50
2011.12.01 12:41:47.820,9.12753,9.12877,2.25,1.50
2011.12.01 12:41:50.462,9.12742,9.12867,1.13,1.50
2011.12.01 12:41:51.777,9.1275,9.12874,2.25,1.50
2011.12.01 12:41:53.202,9.1275,9.12874,2.25,2.25
2011.12.01 12:41:53.551,9.12728,9.12852,2.25,1.50
2011.12.01 12:41:53.670,9.12714,9.12838,2.25,1.50
2011.12.01 12:41:55.208,9.12714,9.12838,2.25,2.25
2011.12.01 12:41:55.562,9.12713,9.12819,1.13,1.50
2011.12.01 12:41:56.218,9.12713,9.12819,1.13,2.25
2011.12.01 12:41:57.011,9.12713,9.12828,1.13,2.25
2011.12.01 12:41:57.310,9.12713,9.12828,1.13,2.25
2011.12.01 12:41:57.549,9.12713,9.12837,2.63,2.25
2011.12.01 12:41:57.891,9.12713,9.12837,2.63,2.25
2011.12.01 12:41:58.231,9.12726,9.1285,2.25,2.25
2011.12.01 12:42:02.248,9.12726,9.1285,2.25,2.25
2011.12.01 12:42:03.324,9.12713,9.12825,1.13,2.25
2011.12.01 12:42:05.702,9.12731,9.12857,2.25,2.25
2011.12.01 12:42:06.463,9.12731,9.12857,2.25,2.25
2011.12.01 12:42:08.948,9.12731,9.12857,2.25,2.25
2011.12.01 12:42:09.069,9.12746,9.12867,2.25,1.13
2011.12.01 12:42:25.897,9.12739,9.12863,2.25,2.25
2011.12.01 12:42:27.267,9.12739,9.12863,2.25,2.25
2011.12.01 12:42:29.299,9.12739,9.12863,2.25,2.25
2011.12.01 12:42:30.228,9.12758,9.12867,2.25,1.13
2011.12.01 12:42:32.198,9.12745,9.12867,2.25,1.13
2011.12.01 12:42:34.219,9.12729,9.12853,2.25,1.50
2011.12.01 12:42:34.464,9.12729,9.12853,2.25,2.25
2011.12.01 12:42:35.245,9.12713,9.12837,1.13,1.50
2011.12.01 12:42:35.368,9.12723,9.12847,2.25,2.25
2011.12.01 12:42:35.983,9.12723,9.12847,2.25,1.50
2011.12.01 12:42:36.475,9.12732,9.12856,2.25,1.50
2011.12.01 12:42:36.610,9.1274,9.12866,2.25,2.25
2011.12.01 12:42:39.639,9.12732,9.12858,2.25,1.50
2011.12.01 12:42:40.007,9.12722,9.12848,2.25,2.25
2011.12.01 12:42:40.557,9.12735,9.12859,2.25,1.50
2011.12.01 12:42:41.423,9.12726,9.12852,2.25,1.50
2011.12.01 12:42:42.022,9.12714,9.1284,2.25,1.50
2011.12.01 12:42:42.947,9.1273,9.12854,2.25,1.50
2011.12.01 12:42:45.508,9.12716,9.1284,2.25,1.50
2011.12.01 12:42:45.847,9.12713,9.12831,1.13,1.50
2011.12.01 12:42:47.330,9.12713,9.12805,1.13,1.50
2011.12.01 12:42:47.680,9.12713,9.12813,1.13,1.50
2011.12.01 12:42:48.857,9.12713,9.1282,1.13,1.50
2011.12.01 12:42:50.826,9.12713,9.12831,1.13,1.50
2011.12.01 12:42:54.850,9.12713,9.12831,1.13,1.50
2011.12.01 12:42:55.079,9.12788,9.12914,2.25,2.25
2011.12.01 12:42:56.713,9.12788,9.12902,2.25,1.35
2011.12.01 12:42:57.172,9.12788,9.12902,1.50,1.35
2011.12.01 12:42:57.306,9.12713,9.12838,1.13,1.50
2011.12.01 12:43:04.898,9.1272,9.12846,2.25,1.50
2011.12.01 12:43:05.284,9.1272,9.12846,2.25,2.25
2011.12.01 12:43:05.410,9.12721,9.12845,2.25,1.50
2011.12.01 12:43:12.422,9.12736,9.12862,2.25,1.50
2011.12.01 12:43:13.357,9.12729,9.12853,2.25,1.50
2011.12.01 12:43:16.017,9.12721,9.12845,2.25,1.50
2011.12.01 12:43:16.491,9.12713,9.12837,2.63,1.50
2011.12.01 12:43:17.087,9.12713,9.12829,1.13,1.50
2011.12.01 12:43:18.436,9.12713,9.12837,1.13,1.50
2011.12.01 12:43:26.617,9.12721,9.12845,2.25,1.50
2011.12.01 12:43:32.204,9.12713,9.12831,1.13,1.50
2011.12.01 12:43:32.329,9.12714,9.12838,2.25,1.50
2011.12.01 12:43:32.449,9.12713,9.12827,1.13,1.50
2011.12.01 12:43:33.710,9.12713,9.12834,1.13,1.50
2011.12.01 12:43:35.607,9.12713,9.12834,1.13,2.25
2011.12.01 12:43:39.894,9.12723,9.12847,2.25,2.25
2011.12.01 12:43:42.072,9.12723,9.12847,2.25,2.25
2011.12.01 12:43:47.720,9.12714,9.12838,2.25,1.50
2011.12.01 12:43:56.245,9.1272,9.12846,2.25,2.25
2011.12.01 12:43:56.816,9.1272,9.12846,1.50,2.25
2011.12.01 12:43:57.158,9.1273,9.12854,1.50,2.25
2011.12.01 12:44:03.067,9.12703,9.12829,2.25,1.50
2011.12.01 12:44:03.977,9.12711,9.12837,1.88,1.50
2011.12.01 12:44:08.726,9.1272,9.12846,1.50,2.25
2011.12.01 12:44:14.766,9.12729,9.12853,1.50,2.25
2011.12.01 12:44:14.894,9.12729,9.12853,1.50,1.50
2011.12.01 12:44:16.368,9.12729,9.12853,1.50,2.25
2011.12.01 12:44:16.598,9.12719,9.12843,1.50,2.25
2011.12.01 12:44:18.527,9.1271,9.12836,1.88,1.50
2011.12.01 12:44:18.902,9.12701,9.12827,2.25,1.50
2011.12.01 12:44:19.249,9.12701,9.12827,2.25,2.25
2011.12.01 12:44:19.487,9.12701,9.12827,2.25,1.50
2011.12.01 12:44:20.044,9.1271,9.12834,1.88,1.50
2011.12.01 12:44:20.669,9.1271,9.12834,1.88,2.25
2011.12.01 12:44:20.873,9.1271,9.12834,1.88,1.50
2011.12.01 12:44:21.197,9.1271,9.12834,1.88,2.25
2011.12.01 12:44:22.257,9.12695,9.12821,2.25,1.50
2011.12.01 12:44:22.940,9.12701,9.12825,2.25,2.25
2011.12.01 12:44:29.936,9.12716,9.12842,1.50,2.25
2011.12.01 12:44:30.922,9.12716,9.12842,1.50,2.25
2011.12.01 12:44:31.990,9.12709,9.12833,1.88,2.25
2011.12.01 12:44:34.298,9.12709,9.12833,1.88,2.25
2011.12.01 12:44:37.151,9.12709,9.12833,1.88,2.25
2011.12.01 12:44:43.720,9.12691,9.12815,2.25,2.25
2011.12.01 12:44:45.683,9.12718,9.12842,1.50,2.25
2011.12.01 12:44:45.801,9.12718,9.12842,1.50,2.25
2011.12.01 12:44:45.917,9.12729,9.12855,1.50,2.25
2011.12.01 12:44:46.040,9.12722,9.12846,1.50,2.25
2011.12.01 12:44:46.838,9.12729,9.12855,1.50,2.25
2011.12.01 12:44:49.497,9.12718,9.12844,1.50,2.25
2011.12.01 12:44:50.116,9.12708,9.12834,2.25,2.25
2011.12.01 12:44:53.128,9.12727,9.12851,1.50,2.25
2011.12.01 12:44:55.135,9.12716,9.1284,1.50,2.25
2011.12.01 12:44:56.366,9.12726,9.1285,1.50,2.25
2011.12.01 12:44:58.807,9.12716,9.12842,1.50,2.25
2011.12.01 12:44:59.698,9.12725,9.12849,1.50,2.25
2011.12.01 12:44:59.816,9.12716,9.12842,1.50,2.25
2011.12.01 12:45:04.936,9.12716,9.12842,1.50,2.25
2011.12.01 12:45:05.275,9.12716,9.12842,1.50,2.25
2011.12.01 12:45:05.507,9.12716,9.12842,1.50,2.25
2011.12.01 12:45:06.736,9.12716,9.12842,1.50,2.25
2011.12.01 12:45:09.207,9.12716,9.12842,1.50,2.25
2011.12.01 12:45:09.369,9.12716,9.12842,1.50,2.25
2011.12.01 12:45:20.627,9.12725,9.12849,1.50,2.25
2011.12.01 12:45:21.819,9.12717,9.12841,1.50,2.25
2011.12.01 12:45:24.479,9.12727,9.12851,1.88,2.25
2011.12.01 12:45:24.601,9.12744,9.12867,2.25,1.50
2011.12.01 12:45:24.719,9.12744,9.12867,2.25,1.50
2011.12.01 12:45:24.948,9.12744,9.1287,2.25,1.50
2011.12.01 12:45:25.071,9.12744,9.1287,2.25,2.25
2011.12.01 12:45:25.613,9.12744,9.1287,2.25,2.25
2011.12.01 12:45:26.577,9.12744,9.1287,2.25,2.25
2011.12.01 12:45:26.697,9.12744,9.1287,2.25,2.25
2011.12.01 12:45:36.450,9.12728,9.12854,2.25,2.25
2011.12.01 12:45:37.948,9.12736,9.12862,2.25,2.25
2011.12.01 12:45:38.189,9.12739,9.12865,2.25,2.25
2011.12.01 12:45:40.629,9.12711,9.12834,1.50,2.25
2011.12.01 12:45:41.221,9.12711,9.12828,1.50,2.25
2011.12.01 12:45:44.580,9.12728,9.12854,1.50,2.25
2011.12.01 12:45:46.825,9.12721,9.12845,1.50,2.25
2011.12.01 12:45:46.947,9.12711,9.12832,1.50,2.25
2011.12.01 12:45:47.299,9.12729,9.12855,1.50,2.25
2011.12.01 12:45:47.700,9.12729,9.12855,1.50,2.25
2011.12.01 12:45:49.461,9.12729,9.12855,1.50,2.25
2011.12.01 12:45:51.079,9.12729,9.12855,1.50,2.25
2011.12.01 12:45:51.530,9.12738,9.12862,1.50,2.25
2011.12.01 12:45:51.758,9.12729,9.12853,1.50,2.25
2011.12.01 12:45:52.990,9.12738,9.12862,1.50,2.25
2011.12.01 12:45:53.890,9.1273,9.12854,1.50,2.25
2011.12.01 12:45:55.705,9.12738,9.12864,1.50,2.25
2011.12.01 12:45:56.172,9.1275,9.12874,1.50,1.13
2011.12.01 12:45:56.523,9.1276,9.12874,1.50,1.13
2011.12.01 12:45:57.217,9.12752,9.12874,1.50,1.13
2011.12.01 12:45:57.908,9.12744,9.1287,1.50,2.25
2011.12.01 12:45:58.384,9.12728,9.12854,1.50,2.25
2011.12.01 12:45:58.508,9.12741,9.12867,1.50,2.25
2011.12.01 12:46:00.848,9.12734,9.12858,1.50,2.25
2011.12.01 12:46:02.656,9.12744,9.12868,1.50,2.25
2011.12.01 12:46:02.787,9.12732,9.12858,1.50,2.25
2011.12.01 12:46:04.067,9.12724,9.12848,1.50,2.25
2011.12.01 12:46:04.192,9.12724,9.12848,1.50,2.25
2011.12.01 12:46:04.741,9.12724,9.12848,1.50,2.25
2011.12.01 12:46:05.791,9.12731,9.12857,1.50,2.25
2011.12.01 12:46:06.151,9.12735,9.12861,1.50,2.25
2011.12.01 12:46:06.817,9.12728,9.12852,1.50,2.25
2011.12.01 12:46:06.940,9.12733,9.12857,1.50,2.25
2011.12.01 12:46:08.733,9.12733,9.12857,1.50,2.25
2011.12.01 12:46:08.851,9.12742,9.12866,1.50,2.25
2011.12.01 12:46:09.412,9.12727,9.12853,1.50,2.25
2011.12.01 12:46:10.846,9.12727,9.12853,1.50,2.25
2011.12.01 12:46:11.111,9.12727,9.12853,1.50,2.25
2011.12.01 12:46:12.525,9.12711,9.12798,1.50,2.25
2011.12.01 12:46:13.074,9.12711,9.12813,1.50,2.25
2011.12.01 12:46:16.536,9.1272,9.12844,1.50,2.25
2011.12.01 12:46:18.538,9.12727,9.12853,1.50,2.25
2011.12.01 12:46:23.058,9.12727,9.12853,1.50,2.25
2011.12.01 12:46:25.150,9.12727,9.12853,1.50,2.25
2011.12.01 12:46:28.951,9.12738,9.12864,1.50,2.25
2011.12.01 12:46:29.067,9.1273,9.12854,1.50,2.25
2011.12.01 12:46:30.771,9.12738,9.12862,1.50,2.25
2011.12.01 12:46:33.316,9.12723,9.12847,1.50,2.25
2011.12.01 12:46:36.728,9.12734,9.1286,1.50,2.25
2011.12.01 12:46:38.688,9.12726,9.12852,1.50,2.25
2011.12.01 12:46:38.915,9.12729,9.12853,1.50,2.25
2011.12.01 12:46:39.430,9.12711,9.12835,2.25,2.25
2011.12.01 12:46:39.767,9.12719,9.12843,1.50,2.25
2011.12.01 12:46:41.543,9.12734,9.1286,1.50,2.25
2011.12.01 12:46:41.800,9.12725,9.12849,1.50,2.25
2011.12.01 12:46:42.576,9.12725,9.12849,1.50,2.25
2011.12.01 12:46:43.275,9.12725,9.12849,1.50,2.25
2011.12.01 12:46:43.395,9.12725,9.12849,1.50,2.25
2011.12.01 12:46:43.736,9.12717,9.12841,1.88,2.25
2011.12.01 12:46:45.318,9.12717,9.12841,1.88,2.25
2011.12.01 12:46:46.695,9.12717,9.12841,1.88,2.25
2011.12.01 12:46:46.933,9.12717,9.12841,2.25,1.50
2011.12.01 12:46:47.053,9.12717,9.12837,2.25,1.50
2011.12.01 12:46:47.979,9.1271,9.1282,1.13,1.50
2011.12.01 12:46:48.210,9.1271,9.12831,1.13,1.50
2011.12.01 12:46:48.331,9.1271,9.12822,1.13,1.50
2011.12.01 12:46:50.140,9.12698,9.12822,2.25,1.50
2011.12.01 12:46:50.314,9.12706,9.1283,1.88,1.50
2011.12.01 12:46:50.817,9.12706,9.1283,1.88,1.50
2011.12.01 12:46:51.389,9.12706,9.1283,1.88,1.50
2011.12.01 12:46:56.858,9.12615,9.12739,2.25,2.25
2011.12.01 12:46:56.988,9.12612,9.12717,1.50,1.50
2011.12.01 12:46:58.245,9.12609,9.12735,2.25,1.50
2011.12.01 12:46:58.930,9.12609,9.12711,2.25,2.25
2011.12.01 12:46:59.171,9.12545,9.12669,2.25,1.50
2011.12.01 12:46:59.410,9.12545,9.12669,2.25,2.25
2011.12.01 12:46:59.530,9.12545,9.12669,2.25,2.25
2011.12.01 12:47:00.790,9.12529,9.12653,2.25,1.50
2011.12.01 12:47:01.720,9.12529,9.12653,2.25,2.25
2011.12.01 12:47:02.080,9.12519,9.12643,2.25,2.25
2011.12.01 12:47:02.588,9.12502,9.12622,1.13,2.25
2011.12.01 12:47:03.679,9.12502,9.12604,1.13,2.25
2011.12.01 12:47:04.026,9.12501,9.12604,1.13,2.25
2011.12.01 12:47:04.531,9.12501,9.12604,1.13,2.25
2011.12.01 12:47:05.272,9.1248,9.12604,2.25,2.25
2011.12.01 12:47:05.669,9.12667,9.12804,1.13,1.50
2011.12.01 12:47:05.791,9.12637,9.12823,2.25,1.50
2011.12.01 12:47:06.616,9.1267,9.12854,2.25,1.50
2011.12.01 12:47:08.272,9.12698,9.12822,2.25,2.10
2011.12.01 12:47:08.776,9.12626,9.1275,2.25,1.50
2011.12.01 12:47:09.582,9.12616,9.12742,2.25,1.50
2011.12.01 12:47:10.360,9.12608,9.12732,2.25,1.50
2011.12.01 12:47:10.861,9.12616,9.1274,2.25,1.50
2011.12.01 12:47:11.516,9.12643,9.12769,2.25,2.25
2011.12.01 12:47:12.668,9.12643,9.12769,2.25,2.25
2011.12.01 12:47:16.269,9.12658,9.12784,2.25,2.25
2011.12.01 12:47:17.700,9.12669,9.12795,2.25,1.50
2011.12.01 12:47:19.589,9.12669,9.12795,1.50,2.25
2011.12.01 12:47:20.750,9.12679,9.12803,1.50,2.25
2011.12.01 12:47:21.579,9.12689,9.12812,1.50,1.13
2011.12.01 12:47:21.944,9.12698,9.12812,1.50,1.13
2011.12.01 12:47:22.423,9.12698,9.12812,1.50,1.13
2011.12.01 12:47:22.674,9.1269,9.12812,1.50,1.13
2011.12.01 12:47:24.828,9.12682,9.12806,1.50,2.25
2011.12.01 12:47:28.019,9.12691,9.12812,1.50,1.13
2011.12.01 12:47:28.259,9.12691,9.12812,1.50,1.13
2011.12.01 12:47:28.381,9.12701,9.12812,1.50,1.13
2011.12.01 12:47:28.498,9.12692,9.12817,1.50,1.13
2011.12.01 12:47:29.902,9.12701,9.12817,1.50,1.13
2011.12.01 12:47:30.877,9.12701,9.12823,1.50,1.69
2011.12.01 12:47:30.999,9.12701,9.12817,1.50,1.13
2011.12.01 12:47:31.124,9.12692,9.12817,1.50,1.13
2011.12.01 12:47:31.250,9.12694,9.12817,1.50,1.13
2011.12.01 12:47:31.623,9.12694,9.12818,1.50,1.88
2011.12.01 12:47:32.363,9.12686,9.1281,1.50,1.50
2011.12.01 12:47:33.318,9.12686,9.1281,1.50,2.25
2011.12.01 12:47:33.960,9.12678,9.12802,1.50,1.50
2011.12.01 12:47:42.213,9.12685,9.12811,1.50,1.50
2011.12.01 12:47:43.356,9.12693,9.12819,1.50,1.88
2011.12.01 12:47:43.929,9.12686,9.1281,1.50,1.50
2011.12.01 12:47:44.751,9.12672,9.12798,1.50,1.50
2011.12.01 12:47:49.480,9.12685,9.12809,1.50,1.50
2011.12.01 12:47:49.598,9.12692,9.12818,1.50,1.88
2011.12.01 12:47:50.972,9.12683,9.12807,1.50,1.50
2011.12.01 12:47:54.346,9.12673,9.12799,1.50,1.50
2011.12.01 12:47:58.227,9.12682,9.12806,1.50,1.50
2011.12.01 12:47:58.699,9.1269,9.12814,1.50,1.50
2011.12.01 12:48:01.321,9.12679,9.12803,1.50,1.50
2011.12.01 12:48:01.669,9.12687,9.12811,1.50,1.50
2011.12.01 12:48:02.628,9.12679,9.12803,1.50,1.50
2011.12.01 12:48:08.559,9.12665,9.12791,1.50,1.50
2011.12.01 12:48:08.797,9.12676,9.12802,1.50,1.50
2011.12.01 12:48:13.290,9.12668,9.12794,1.50,1.50
2011.12.01 12:48:18.720,9.12679,9.12805,1.50,1.50
2011.12.01 12:48:19.912,9.12671,9.12795,1.50,1.50
2011.12.01 12:48:26.317,9.12679,9.12805,1.50,1.50
2011.12.01 12:48:27.563,9.12672,9.12796,1.50,1.50
2011.12.01 12:48:28.177,9.12672,9.12796,2.25,1.50
2011.12.01 12:48:29.858,9.12664,9.12788,2.25,1.50
2011.12.01 12:48:35.440,9.12663,9.12777,1.13,1.50
2011.12.01 12:48:36.558,9.12663,9.12786,1.13,1.50
2011.12.01 12:48:38.385,9.12663,9.12778,1.13,1.50
2011.12.01 12:48:38.849,9.12664,9.1279,2.25,1.50
2011.12.01 12:48:40.699,9.12673,9.12797,2.25,1.50
2011.12.01 12:48:42.461,9.12672,9.12796,2.25,1.50
2011.12.01 12:48:42.577,9.12663,9.12782,1.13,1.50
2011.12.01 12:48:47.360,9.12666,9.1279,2.25,1.50
2011.12.01 12:48:56.488,9.12663,9.12773,1.13,1.50
2011.12.01 12:48:57.239,9.12663,9.12783,1.13,1.50
2011.12.01 12:49:02.848,9.12663,9.12768,1.13,1.50
2011.12.01 12:49:02.971,9.12663,9.12782,1.13,1.50
2011.12.01 12:49:10.701,9.12664,9.12759,1.13,1.50
2011.12.01 12:49:10.824,9.12664,9.1277,1.13,1.50
2011.12.01 12:49:11.167,9.12664,9.12778,1.13,1.50
2011.12.01 12:49:12.328,9.12664,9.12786,1.13,1.50
2011.12.01 12:49:12.717,9.12664,9.12786,1.13,2.25
2011.12.01 12:49:12.945,9.12664,9.12786,1.13,1.50
2011.12.01 12:49:13.341,9.1268,9.12804,2.25,2.25
2011.12.01 12:49:13.688,9.12665,9.12791,2.25,1.50
2011.12.01 12:49:17.230,9.12665,9.12791,2.25,2.25
2011.12.01 12:49:17.699,9.12664,9.12773,1.13,1.50
2011.12.01 12:49:18.497,9.12664,9.12781,1.13,1.50
2011.12.01 12:49:20.936,9.12664,9.12788,2.63,2.25
2011.12.01 12:49:21.801,9.12664,9.12776,1.13,1.50
2011.12.01 12:49:25.726,9.12664,9.12788,1.13,2.25
2011.12.01 12:49:28.342,9.12662,9.12788,1.88,2.25
2011.12.01 12:49:28.961,9.12675,9.12801,1.50,2.25
2011.12.01 12:49:29.189,9.12662,9.12786,1.88,2.25
2011.12.01 12:49:30.522,9.12674,9.12798,1.50,2.25
2011.12.01 12:49:31.265,9.12674,9.12798,1.50,1.50
2011.12.01 12:49:31.636,9.12674,9.12798,1.50,2.25
2011.12.01 12:49:32.716,9.12663,9.12789,1.88,2.25
2011.12.01 12:49:33.863,9.12638,9.12739,2.25,1.50
2011.12.01 12:49:34.447,9.1262,9.12729,2.25,1.50
2011.12.01 12:49:34.573,9.12622,9.12746,2.25,1.50
2011.12.01 12:49:35.022,9.1263,9.12756,2.25,1.50
2011.12.01 12:49:35.609,9.1265,9.12776,2.25,2.25
2011.12.01 12:49:36.768,9.12672,9.12798,1.50,2.25
2011.12.01 12:49:37.728,9.12658,9.12782,2.25,2.25
2011.12.01 12:49:38.189,9.12667,9.12791,1.50,2.25
2011.12.01 12:49:46.469,9.12667,9.12791,1.50,2.25
2011.12.01 12:49:46.699,9.12683,9.12807,1.50,2.25
2011.12.01 12:49:47.406,9.12682,9.12806,1.50,2.25
2011.12.01 12:49:47.888,9.12688,9.12812,1.50,2.25
2011.12.01 12:49:48.650,9.12679,9.12805,1.50,2.25
2011.12.01 12:49:53.756,9.12671,9.12797,1.50,2.25
2011.12.01 12:49:54.019,9.12655,9.12781,2.25,1.50
2011.12.01 12:49:54.554,9.12666,9.12792,1.50,2.25
2011.12.01 12:49:56.778,9.12659,9.12783,2.25,2.25
2011.12.01 12:49:59.304,9.12725,9.12783,2.10,1.50
2011.12.01 12:49:59.428,9.12808,9.12912,2.25,1.50
2011.12.01 12:49:59.551,9.1282,9.12952,1.13,1.50
2011.12.01 12:50:00.311,9.12808,9.12952,3.00,1.50
2011.12.01 12:50:00.730,9.12815,9.12941,2.25,2.25
2011.12.01 12:50:03.029,9.12824,9.12948,1.50,2.25
2011.12.01 12:50:03.670,9.12824,9.12948,1.50,2.25
2011.12.01 12:50:05.137,9.12867,9.12948,2.10,1.50
2011.12.01 12:50:05.495,9.12934,9.13078,1.50,2.25
2011.12.01 12:50:05.959,9.12945,9.13089,1.50,2.25
2011.12.01 12:50:06.663,9.12945,9.13069,1.50,2.25
2011.12.01 12:50:07.230,9.12944,9.13068,1.50,2.25
2011.12.01 12:50:07.618,9.12952,9.13076,1.50,2.25
2011.12.01 12:50:08.392,9.12952,9.13076,1.50,2.25
2011.12.01 12:50:08.742,9.12961,9.13082,1.50,1.50
2011.12.01 12:50:10.025,9.12962,9.13082,1.50,1.50
2011.12.01 12:50:10.600,9.12962,9.13082,1.50,1.50
2011.12.01 12:50:11.077,9.12965,9.13082,1.50,1.50
2011.12.01 12:50:11.207,9.12965,9.13089,1.50,2.25
2011.12.01 12:50:11.780,9.12965,9.13082,1.50,1.50
2011.12.01 12:50:12.064,9.12943,9.13067,1.50,2.25
2011.12.01 12:50:12.647,9.12943,9.13062,1.50,1.50
2011.12.01 12:50:13.014,9.12935,9.13059,1.50,2.25
2011.12.01 12:50:13.660,9.12924,9.13048,1.50,2.25
2011.12.01 12:50:14.657,9.12924,9.13048,1.50,2.25
2011.12.01 12:50:15.860,9.12934,9.1306,1.50,2.25
2011.12.01 12:50:15.980,9.12934,9.1306,1.50,1.50
2011.12.01 12:50:16.098,9.12934,9.1306,2.07,1.50
2011.12.01 12:50:16.328,9.12942,9.13068,2.07,1.50
2011.12.01 12:50:18.187,9.12951,9.13077,1.50,1.50
2011.12.01 12:50:23.966,9.12934,9.1306,2.07,1.50
2011.12.01 12:50:24.094,9.12946,9.13072,2.07,1.50
2011.12.01 12:50:24.480,9.12957,9.13083,1.50,2.25
2011.12.01 12:50:25.295,9.1295,9.13074,1.50,1.50
2011.12.01 12:50:33.025,9.12942,9.13066,2.07,1.50
2011.12.01 12:50:39.385,9.12949,9.13075,1.50,1.50
2011.12.01 12:50:41.955,9.12957,9.13083,1.50,2.25
2011.12.01 12:50:42.312,9.12956,9.1308,1.50,1.50
2011.12.01 12:50:44.391,9.12947,9.13073,2.07,1.50
2011.12.01 12:50:46.826,9.12938,9.13062,2.07,1.50
2011.12.01 12:50:57.874,9.12927,9.13048,1.32,1.50
2011.12.01 12:50:58.423,9.12927,9.13044,1.32,1.50
2011.12.01 12:50:58.878,9.12939,9.13065,2.07,1.50
2011.12.01 12:51:08.700,9.12947,9.13073,2.07,1.50
2011.12.01 12:51:08.826,9.12963,9.13087,1.50,2.25
2011.12.01 12:51:10.058,9.12955,9.13079,1.50,1.50
2011.12.01 12:51:11.281,9.12947,9.13071,2.07,1.50
2011.12.01 12:51:13.900,9.12938,9.13062,2.07,1.50
2011.12.01 12:51:16.529,9.12938,9.13062,1.50,1.50
2011.12.01 12:51:36.234,9.12958,9.13084,1.50,1.50
2011.12.01 12:51:37.160,9.12947,9.13073,1.50,1.50
2011.12.01 12:51:42.838,9.12963,9.13087,1.50,1.50
2011.12.01 12:51:43.413,9.12963,9.13087,2.10,1.50
2011.12.01 12:51:43.537,9.12975,9.13101,1.50,1.50
2011.12.01 12:51:43.666,9.12985,9.13111,1.50,1.50
2011.12.01 12:51:44.027,9.13058,9.13184,1.50,2.25
2011.12.01 12:51:44.750,9.13051,9.13175,1.50,2.25
2011.12.01 12:51:44.871,9.13026,9.13147,1.50,1.50
2011.12.01 12:51:45.331,9.13037,9.13169,1.50,1.50
2011.12.01 12:51:45.572,9.13026,9.13158,1.50,1.50
2011.12.01 12:51:46.648,9.13006,9.1314,1.50,1.50
2011.12.01 12:51:48.170,9.13048,9.1314,1.50,1.50
2011.12.01 12:51:48.519,9.13096,9.1314,1.13,1.50
2011.12.01 12:51:48.753,9.1312,9.13264,2.25,1.50
2011.12.01 12:51:49.221,9.13131,9.13275,1.50,1.50
2011.12.01 12:51:49.586,9.13139,9.13283,1.50,1.50
2011.12.01 12:51:49.714,9.13129,9.13275,1.50,1.50
2011.12.01 12:51:49.962,9.13137,9.13263,1.50,1.50
2011.12.01 12:52:02.471,9.13122,9.13248,2.25,1.50
2011.12.01 12:52:02.701,9.13133,9.13257,1.50,1.50
2011.12.01 12:52:03.281,9.13119,9.13243,2.25,1.50
2011.12.01 12:52:05.137,9.13127,9.13251,2.25,1.50
2011.12.01 12:52:08.028,9.13139,9.13265,1.50,1.50
2011.12.01 12:52:08.480,9.13153,9.13279,1.50,1.50
2011.12.01 12:52:08.983,9.13144,9.1327,1.50,1.50
2011.12.01 12:52:12.180,9.13144,9.1327,1.50,2.25
2011.12.01 12:52:13.423,9.13134,9.1326,1.50,2.25
2011.12.01 12:52:14.181,9.13134,9.1326,1.50,1.50
2011.12.01 12:52:15.256,9.13146,9.13272,1.50,1.50
2011.12.01 12:52:18.672,9.13155,9.13281,1.50,2.25
2011.12.01 12:52:19.418,9.13155,9.13281,1.50,1.50
2011.12.01 12:52:21.461,9.13147,9.13273,1.50,1.50
2011.12.01 12:52:28.446,9.13138,9.13264,1.50,1.50
2011.12.01 12:52:29.899,9.13356,9.13462,1.35,3.75
2011.12.01 12:52:30.129,9.13358,9.13544,2.25,1.50
2011.12.01 12:52:30.251,9.13378,9.13562,2.25,1.50
2011.12.01 12:52:30.481,9.13387,9.13573,1.50,1.69
2011.12.01 12:52:30.707,9.13387,9.13573,2.25,1.50
2011.12.01 12:52:32.488,9.13436,9.1356,1.50,1.50
2011.12.01 12:52:36.692,9.13449,9.13575,1.50,2.25
2011.12.01 12:52:37.299,9.13449,9.13575,1.50,2.44
2011.12.01 12:52:38.022,9.1344,9.13564,1.50,2.25
2011.12.01 12:52:40.034,9.13388,9.13514,2.25,2.25
2011.12.01 12:52:40.163,9.13362,9.13488,1.50,2.25
2011.12.01 12:52:40.284,9.13362,9.13483,1.50,1.50
2011.12.01 12:52:40.999,9.13314,9.1344,1.50,2.25
2011.12.01 12:52:43.169,9.13306,9.13432,1.50,2.25
2011.12.01 12:52:47.093,9.133,9.13424,1.50,2.25
2011.12.01 12:52:47.842,9.13291,9.13417,1.50,2.25
2011.12.01 12:52:48.785,9.13278,9.13402,1.50,1.50
2011.12.01 12:52:48.911,9.13286,9.1341,1.50,1.50
2011.12.01 12:52:49.664,9.13287,9.13411,1.50,1.50
2011.12.01 12:52:50.180,9.13278,9.13402,1.50,1.50
2011.12.01 12:52:51.542,9.13289,9.13413,1.50,2.25
2011.12.01 12:52:57.204,9.13279,9.13403,1.50,1.50
2011.12.01 12:52:57.666,9.13287,9.13411,1.50,1.50
2011.12.01 12:52:59.881,9.13301,9.13427,1.50,2.25
2011.12.01 12:53:00.627,9.13294,9.13418,1.50,2.25
2011.12.01 12:53:00.747,9.13304,9.1343,1.50,2.25
2011.12.01 12:53:07.296,9.13291,9.13415,1.50,2.25
2011.12.01 12:53:25.044,9.13282,9.13406,1.50,1.50
2011.12.01 12:53:26.027,9.13269,9.13393,1.50,1.50
2011.12.01 12:53:26.446,9.13257,9.13372,1.13,1.50
2011.12.01 12:53:26.588,9.13257,9.13381,2.63,1.50
2011.12.01 12:53:27.932,9.13265,9.13391,1.50,1.50
2011.12.01 12:53:28.330,9.13274,9.13398,1.50,1.50
2011.12.01 12:53:29.107,9.13283,9.13407,1.50,1.50
2011.12.01 12:53:29.967,9.13293,9.13417,1.50,2.25
2011.12.01 12:53:30.199,9.13283,9.13409,1.50,1.50
2011.12.01 12:53:30.803,9.13298,9.13422,1.50,2.25
2011.12.01 12:53:32.633,9.13317,9.13433,1.50,1.50
2011.12.01 12:53:32.990,9.13309,9.13433,1.50,2.25
2011.12.01 12:53:34.369,9.13299,9.13425,1.50,2.25
2011.12.01 12:53:34.490,9.13292,9.13416,1.50,2.25
2011.12.01 12:53:37.572,9.13292,9.13413,1.50,1.50
2011.12.01 12:53:37.921,9.1328,9.13404,1.50,1.50
2011.12.01 12:53:39.999,9.13287,9.13413,1.50,3.00
2011.12.01 12:53:41.052,9.1327,9.13396,1.50,2.25
2011.12.01 12:53:41.170,9.13255,9.13381,1.50,2.25
2011.12.01 12:53:43.729,9.13265,9.13391,1.50,2.25
2011.12.01 12:53:46.471,9.13255,9.13379,1.50,2.25
2011.12.01 12:53:46.601,9.13247,9.13371,1.50,2.25
2011.12.01 12:53:46.724,9.13247,9.13371,1.50,1.50
2011.12.01 12:53:46.851,9.13259,9.13382,1.50,1.50
2011.12.01 12:53:47.216,9.1327,9.13382,1.50,1.50
2011.12.01 12:53:50.509,9.13277,9.13402,1.50,1.50
2011.12.01 12:53:51.581,9.13298,9.13383,1.50,1.50
2011.12.01 12:53:51.809,9.13298,9.13424,1.50,2.25
2011.12.01 12:53:51.932,9.13307,9.13431,1.50,2.25
2011.12.01 12:53:54.919,9.13307,9.13431,1.50,2.25
2011.12.01 12:53:55.312,9.13298,9.13422,1.50,2.25
2011.12.01 12:53:55.750,9.13298,9.13422,1.50,2.25
2011.12.01 12:53:55.992,9.13298,9.13422,1.50,2.25
2011.12.01 12:53:56.114,9.13307,9.13431,1.50,2.25
2011.12.01 12:53:56.690,9.13316,9.13432,1.50,1.50
2011.12.01 12:53:57.950,9.13316,9.13432,1.50,1.50
2011.12.01 12:53:58.372,9.13306,9.13432,1.50,3.00
2011.12.01 12:53:59.490,9.13291,9.13415,1.50,1.50
2011.12.01 12:53:59.615,9.13283,9.13407,1.50,2.25
2011.12.01 12:54:00.552,9.13274,9.134,1.50,2.25
2011.12.01 12:54:01.757,9.13274,9.13383,1.50,1.50
2011.12.01 12:54:02.004,9.13266,9.13383,1.88,1.50
2011.12.01 12:54:02.542,9.13274,9.13383,1.50,1.50
2011.12.01 12:54:03.261,9.13274,9.13383,1.50,1.50
2011.12.01 12:54:05.899,9.13274,9.13383,1.50,1.50
2011.12.01 12:54:07.302,9.13275,9.13383,1.50,1.50
2011.12.01 12:54:07.422,9.13284,9.13383,1.50,1.50
2011.12.01 12:54:11.236,9.13275,9.13383,1.50,1.50
2011.12.01 12:54:15.613,9.13275,9.13393,1.50,1.50
2011.12.01 12:54:15.744,9.13294,9.1342,2.25,2.25
2011.12.01 12:54:15.873,9.13306,9.13432,2.25,2.25
2011.12.01 12:54:19.440,9.13294,9.13415,1.50,1.35
2011.12.01 12:54:19.560,9.13282,9.13353,1.50,1.50
2011.12.01 12:54:19.786,9.13252,9.13353,1.32,1.50
2011.12.01 12:54:20.796,9.13248,9.13346,1.32,1.50
2011.12.01 12:54:21.488,9.13248,9.13329,1.32,1.50
2011.12.01 12:54:21.609,9.13192,9.13318,2.25,2.25
2011.12.01 12:54:21.729,9.13192,9.13318,1.50,2.25
2011.12.01 12:54:24.448,9.13185,9.13309,1.88,2.25
2011.12.01 12:54:30.657,9.13185,9.13309,1.50,1.50
2011.12.01 12:54:30.777,9.13163,9.13287,1.50,1.50
2011.12.01 12:54:31.399,9.13139,9.13216,1.32,1.50
2011.12.01 12:54:31.750,9.13136,9.13207,1.32,1.50
2011.12.01 12:54:33.587,9.13136,9.13199,1.32,1.50
2011.12.01 12:54:36.002,9.13136,9.13207,1.32,1.50
2011.12.01 12:54:36.811,9.13136,9.13218,1.32,1.50
2011.12.01 12:54:37.768,9.13136,9.13209,1.32,1.50
2011.12.01 12:54:44.551,9.13136,9.13199,1.32,1.50
2011.12.01 12:54:44.901,9.13136,9.13176,1.32,1.50
2011.12.01 12:54:48.204,9.131,9.13167,1.32,1.50
2011.12.01 12:54:52.075,9.13096,9.13174,1.32,1.50
2011.12.01 12:54:52.529,9.13096,9.13182,1.32,1.50
2011.12.01 12:55:00.684,9.13096,9.1317,1.32,1.50
2011.12.01 12:55:03.211,9.13096,9.13157,1.32,1.50
2011.12.01 12:55:03.454,9.13096,9.1317,1.32,1.50
2011.12.01 12:55:04.030,9.13096,9.13162,1.32,1.50
2011.12.01 12:55:05.781,9.13096,9.1318,1.32,1.50
2011.12.01 12:55:09.512,9.13096,9.13171,1.32,1.50
2011.12.01 12:55:10.068,9.13059,9.13168,1.32,1.50
2011.12.01 12:55:12.300,9.13047,9.1317,1.32,1.50
2011.12.01 12:55:14.179,9.13039,9.13169,1.32,1.50
2011.12.01 12:55:14.629,9.13049,9.13182,2.07,1.50
2011.12.01 12:55:15.139,9.13063,9.13196,2.07,1.50
2011.12.01 12:55:15.267,9.13071,9.13204,2.07,1.50
2011.12.01 12:55:15.749,9.13062,9.13195,2.07,1.50
2011.12.01 12:55:17.157,9.13055,9.13186,2.07,1.50
2011.12.01 12:55:17.558,9.13047,9.13178,2.07,1.50
2011.12.01 12:55:17.915,9.13064,9.13197,2.07,1.50
2011.12.01 12:55:18.756,9.13056,9.13189,2.07,1.50
2011.12.01 12:55:19.790,9.13048,9.13181,2.07,1.50
2011.12.01 12:55:20.422,9.1304,9.13173,2.07,1.50
2011.12.01 12:55:20.905,9.13039,9.13165,2.07,1.50
2011.12.01 12:55:21.667,9.13039,9.13165,1.50,1.50
2011.12.01 12:55:21.791,9.13039,9.13165,1.50,2.25
2011.12.01 12:55:22.720,9.13032,9.13156,1.50,1.50
2011.12.01 12:55:22.844,9.1302,9.13146,1.50,1.50
2011.12.01 12:55:26.756,9.13008,9.13132,1.50,1.50
2011.12.01 12:55:37.352,9.12991,9.13115,1.50,2.25
2011.12.01 12:55:37.588,9.12981,9.13105,1.50,1.50
2011.12.01 12:55:39.113,9.12972,9.13098,2.07,1.50
2011.12.01 12:55:39.720,9.12982,9.13106,1.50,1.50
2011.12.01 12:55:44.837,9.12976,9.13102,2.07,1.50
2011.12.01 12:55:45.661,9.12969,9.13093,2.07,1.50
2011.12.01 12:55:46.617,9.12977,9.13101,2.07,1.50
2011.12.01 12:55:47.738,9.12984,9.1311,1.50,1.50
2011.12.01 12:55:48.548,9.12976,9.131,2.07,1.50
2011.12.01 12:55:48.912,9.12964,9.1309,2.07,1.50
2011.12.01 12:55:50.146,9.12972,9.13098,2.07,1.50
2011.12.01 12:55:52.662,9.12981,9.13105,1.50,1.50
2011.12.01 12:55:54.885,9.13,9.13124,1.50,1.50
2011.12.01 12:55:56.669,9.12984,9.1311,1.50,1.50
2011.12.01 12:55:56.899,9.12993,9.13119,1.50,1.50
2011.12.01 12:55:57.237,9.12843,9.13034,1.50,1.50
2011.12.01 12:55:57.469,9.1275,9.13032,2.25,1.50
2011.12.01 12:55:57.588,9.1275,9.13032,2.25,1.50
2011.12.01 12:55:58.105,9.12745,9.13025,2.25,1.50
2011.12.01 12:55:59.091,9.12758,9.13034,2.25,1.50
2011.12.01 12:55:59.429,9.12926,9.1307,2.25,1.50
2011.12.01 12:55:59.548,9.12931,9.1307,1.32,1.50
2011.12.01 12:56:00.338,9.12933,9.13079,2.07,1.50
2011.12.01 12:56:00.677,9.12983,9.13109,1.50,1.50
2011.12.01 12:56:01.203,9.12991,9.13117,1.50,1.50
2011.12.01 12:56:02.310,9.13005,9.13129,1.50,2.25
2011.12.01 12:56:04.858,9.12997,9.13121,1.50,1.50
2011.12.01 12:56:07.723,9.12981,9.13107,1.50,1.50
2011.12.01 12:56:07.851,9.12998,9.13124,1.50,2.25
2011.12.01 12:56:13.853,9.12991,9.13115,1.50,1.50
2011.12.01 12:56:15.183,9.12987,9.13111,1.50,1.50
2011.12.01 12:56:19.620,9.12998,9.13122,1.50,1.50
2011.12.01 12:56:20.737,9.13007,9.13133,1.50,1.50
2011.12.01 12:56:21.421,9.1302,9.13146,1.50,1.50
2011.12.01 12:56:21.773,9.13006,9.13132,1.50,1.50
2011.12.01 12:56:22.133,9.13006,9.13132,2.50,1.50
2011.12.01 12:56:22.683,9.12997,9.13123,4.64,1.50
2011.12.01 12:56:22.933,9.12997,9.13123,1.50,1.50
2011.12.01 12:56:23.759,9.13007,9.13131,1.50,1.50
2011.12.01 12:56:23.879,9.12997,9.13123,1.50,1.50
2011.12.01 12:56:23.999,9.13007,9.13133,1.50,1.50
2011.12.01 12:56:29.199,9.13017,9.13143,1.50,1.50
2011.12.01 12:56:29.981,9.13051,9.13153,1.35,2.25
2011.12.01 12:56:30.125,9.1314,9.13275,2.25,1.50
2011.12.01 12:56:30.483,9.1314,9.13275,2.33,1.50
2011.12.01 12:56:30.739,9.1314,9.13275,2.40,1.50
2011.12.01 12:56:31.659,9.13149,9.13263,1.65,1.50
2011.12.01 12:56:32.428,9.13149,9.13273,1.65,2.25
2011.12.01 12:56:32.554,9.13165,9.13283,1.65,1.50
2011.12.01 12:56:33.381,9.13168,9.13282,1.65,1.50
2011.12.01 12:56:34.719,9.13159,9.13283,1.65,1.50
2011.12.01 12:56:35.548,9.13159,9.13283,1.65,1.50
2011.12.01 12:56:36.803,9.13159,9.13283,1.80,1.50
2011.12.01 12:56:37.213,9.13159,9.13283,1.80,1.50
2011.12.01 12:56:38.766,9.13159,9.13283,1.50,1.50
2011.12.01 12:56:38.888,9.13159,9.13213,1.50,2.10
2011.12.01 12:56:39.008,9.13135,9.13171,1.50,1.50
2011.12.01 12:56:39.130,9.13067,9.13146,1.50,1.50
2011.12.01 12:56:39.250,9.13037,9.13146,1.02,2.25
2011.12.01 12:56:39.482,9.13077,9.13137,1.32,2.25
2011.12.01 12:56:40.111,9.13162,9.13308,1.50,2.25
2011.12.01 12:56:40.337,9.13162,9.13303,1.65,1.50
2011.12.01 12:56:40.693,9.13159,9.13279,1.65,1.20
2011.12.01 12:56:40.822,9.13159,9.13279,1.58,1.50
2011.12.01 12:56:40.942,9.13159,9.13223,1.50,1.35
2011.12.01 12:56:41.289,9.13031,9.13191,1.32,1.35
2011.12.01 12:56:41.657,9.13038,9.13145,1.32,2.25
2011.12.01 12:56:41.901,9.13133,9.13299,1.50,2.25
2011.12.01 12:56:42.692,9.13153,9.13235,1.50,2.10
2011.12.01 12:56:43.039,9.13117,9.13224,1.58,1.02
2011.12.01 12:56:43.159,9.13117,9.1323,1.50,1.50
2011.12.01 12:56:43.283,9.13074,9.13171,1.43,2.25
2011.12.01 12:56:43.409,9.13101,9.13249,1.50,1.13
2011.12.01 12:56:44.118,9.13101,9.13212,1.50,2.10
2011.12.01 12:56:44.487,9.13112,9.13161,1.50,2.25
2011.12.01 12:56:44.938,9.13112,9.13238,1.50,2.44
2011.12.01 12:56:45.417,9.13109,9.13233,1.50,2.25
2011.12.01 12:56:45.547,9.13136,9.13262,1.50,1.50
2011.12.01 12:56:46.253,9.13149,9.13275,1.50,2.25
2011.12.01 12:56:46.711,9.13149,9.13275,1.88,1.50
2011.12.01 12:56:47.361,9.13158,9.13282,1.50,3.00
2011.12.01 12:56:48.201,9.1315,9.13274,1.50,1.50
2011.12.01 12:56:48.701,9.1315,9.13274,1.65,1.50
2011.12.01 12:56:49.609,9.1315,9.13274,1.65,2.25
2011.12.01 12:56:50.691,9.13158,9.13282,1.65,3.00
2011.12.01 12:56:51.126,9.13146,9.1327,1.65,1.50
2011.12.01 12:56:51.481,9.13089,9.13155,1.32,1.50
2011.12.01 12:56:51.601,9.13098,9.13296,1.32,1.50
2011.12.01 12:56:51.720,9.13097,9.13332,1.50,1.50
2011.12.01 12:56:51.839,9.13098,9.13352,1.50,2.25
2011.12.01 12:56:52.179,9.13098,9.13248,1.50,2.10
2011.12.01 12:56:52.422,9.13162,9.1329,1.35,1.88
2011.12.01 12:56:52.537,9.13137,9.13267,2.07,1.50
2011.12.01 12:56:52.660,9.13206,9.13352,1.50,1.50
2011.12.01 12:56:52.780,9.13206,9.13352,1.50,2.25
2011.12.01 12:56:53.228,9.13206,9.13332,1.80,2.25
2011.12.01 12:56:53.729,9.13206,9.13332,1.80,3.00
2011.12.01 12:56:54.241,9.13206,9.13332,1.80,2.25
2011.12.01 12:56:54.907,9.13206,9.13332,1.80,3.00
2011.12.01 12:56:55.830,9.13206,9.13332,1.50,2.25
2011.12.01 12:56:55.951,9.13206,9.13312,1.50,1.50
2011.12.01 12:56:56.179,9.13157,9.13265,1.32,1.50
2011.12.01 12:56:56.302,9.13148,9.13265,2.07,1.50
2011.12.01 12:56:56.794,9.13153,9.13265,1.09,1.50
2011.12.01 12:56:57.249,9.13199,9.13325,2.18,1.50
2011.12.01 12:56:57.838,9.13199,9.13325,2.03,1.50
2011.12.01 12:56:57.956,9.13199,9.13325,1.88,1.50
2011.12.01 12:56:59.095,9.13199,9.13325,2.03,1.50
2011.12.01 12:57:00.870,9.13199,9.13325,1.88,1.50
2011.12.01 12:57:03.249,9.13199,9.13325,2.03,1.50
2011.12.01 12:57:03.710,9.13199,9.13325,2.18,1.50
2011.12.01 12:57:04.758,9.13199,9.13325,2.18,2.25
2011.12.01 12:57:05.099,9.13068,9.13186,1.32,1.50
2011.12.01 12:57:05.222,9.13115,9.13161,1.50,1.50
2011.12.01 12:57:05.340,9.13186,9.13352,1.50,1.69
2011.12.01 12:57:05.897,9.13186,9.13352,2.25,1.79
2011.12.01 12:57:06.327,9.13206,9.13352,2.33,1.79
2011.12.01 12:57:06.682,9.13206,9.13332,2.40,1.50
2011.12.01 12:57:07.034,9.13206,9.13332,2.40,1.50
2011.12.01 12:57:07.452,9.13203,9.13302,1.20,1.50
2011.12.01 12:57:07.574,9.13048,9.13205,1.13,1.35
2011.12.01 12:57:07.701,9.13017,9.13169,1.50,2.25
2011.12.01 12:57:07.820,9.13023,9.13169,1.32,2.25
2011.12.01 12:57:08.159,9.13042,9.13169,1.35,2.25
2011.12.01 12:57:08.521,9.13117,9.13251,1.50,1.50
2011.12.01 12:57:08.645,9.13173,9.13297,1.50,2.25
2011.12.01 12:57:09.091,9.13173,9.13297,1.65,2.25
2011.12.01 12:57:09.453,9.13082,9.13173,2.10,2.25
2011.12.01 12:57:09.700,9.13107,9.13297,1.35,2.25
2011.12.01 12:57:10.051,9.13161,9.13307,1.50,2.25
2011.12.01 12:57:10.360,9.13137,9.13283,1.50,1.50
2011.12.01 12:57:10.607,9.13077,9.13204,1.32,2.25
2011.12.01 12:57:11.079,9.13055,9.13153,1.50,1.50
2011.12.01 12:57:11.210,9.13125,9.13177,1.50,1.50
2011.12.01 12:57:11.334,9.13144,9.1327,1.50,2.25
2011.12.01 12:57:12.063,9.1313,9.13256,1.50,2.33
2011.12.01 12:57:12.195,9.1313,9.13256,1.50,2.33
2011.12.01 12:57:12.317,9.1313,9.13256,1.50,2.25
2011.12.01 12:57:12.437,9.13123,9.13247,1.50,1.50
2011.12.01 12:57:13.150,9.13113,9.13237,1.88,1.50
2011.12.01 12:57:13.751,9.13121,9.13245,1.88,1.50
2011.12.01 12:57:14.048,9.13121,9.13219,1.88,2.10
2011.12.01 12:57:14.280,9.13043,9.13138,1.50,1.50
2011.12.01 12:57:14.401,9.13113,9.13163,1.35,1.50
2011.12.01 12:57:14.521,9.13137,9.13239,1.50,1.69
2011.12.01 12:57:14.749,9.13137,9.13261,1.88,1.50
2011.12.01 12:57:16.101,9.13137,9.13261,2.25,1.50
2011.12.01 12:57:16.669,9.13157,9.13281,2.25,2.25
2011.12.01 12:57:17.007,9.13171,9.13281,1.05,1.50
2011.12.01 12:57:18.001,9.13172,9.1329,1.05,1.50
2011.12.01 12:57:21.078,9.13161,9.13287,2.25,1.50
2011.12.01 12:57:23.084,9.13161,9.13282,2.25,1.50
2011.12.01 12:57:23.211,9.13131,9.13257,1.50,2.25
2011.12.01 12:57:23.328,9.13073,9.13197,2.07,1.50
2011.12.01 12:57:23.449,9.13133,9.13197,1.35,1.50
2011.12.01 12:57:23.692,9.13169,9.13293,2.25,1.50
2011.12.01 12:57:33.568,9.13161,9.13285,2.25,1.50
2011.12.01 12:57:33.808,9.13167,9.13285,1.13,1.50
2011.12.01 12:57:33.928,9.13177,9.13303,2.25,2.25
2011.12.01 12:57:34.847,9.13187,9.13313,2.25,1.50
2011.12.01 12:57:36.822,9.13179,9.13305,2.25,1.50
2011.12.01 12:57:38.097,9.13179,9.13305,2.25,2.25
2011.12.01 12:57:41.105,9.1317,9.13296,2.25,1.50
2011.12.01 12:57:42.059,9.13179,9.13303,2.25,1.50
2011.12.01 12:57:42.220,9.13186,9.13312,2.25,1.50
2011.12.01 12:57:43.041,9.13179,9.13303,2.25,1.50
2011.12.01 12:57:43.380,9.13278,9.13393,1.50,1.29
2011.12.01 12:57:52.607,9.13302,9.13413,2.25,1.66
2011.12.01 12:57:55.844,9.13302,9.13413,2.25,1.59
2011.12.01 12:57:56.343,9.13324,9.13413,1.50,1.59
2011.12.01 12:57:56.474,9.13324,9.13448,1.50,1.50
2011.12.01 12:57:58.934,9.13324,9.13448,1.50,2.25
2011.12.01 12:57:59.493,9.13324,9.13448,1.50,1.50
2011.12.01 12:58:02.465,9.13324,9.13448,1.50,2.25
2011.12.01 12:58:02.593,9.13313,9.13437,1.88,2.25
2011.12.01 12:58:03.313,9.13323,9.13447,1.50,2.25
2011.12.01 12:58:03.594,9.13315,9.13439,1.88,2.25
2011.12.01 12:58:03.832,9.13315,9.13439,1.88,2.25
2011.12.01 12:58:05.586,9.13322,9.13448,1.50,2.25
2011.12.01 12:58:07.110,9.13322,9.13448,1.50,1.50
2011.12.01 12:58:07.228,9.1333,9.13452,1.50,1.50
2011.12.01 12:58:10.047,9.1333,9.13452,1.50,1.50
2011.12.01 12:58:11.095,9.13315,9.13439,1.88,2.25
2011.12.01 12:58:13.314,9.13323,9.13447,1.50,2.25
2011.12.01 12:58:13.645,9.13304,9.13428,2.25,2.25
2011.12.01 12:58:13.891,9.13327,9.13442,1.50,2.25
2011.12.01 12:58:15.418,9.13333,9.13457,1.50,2.25
2011.12.01 12:58:16.573,9.13333,9.13457,1.50,2.25
2011.12.01 12:58:17.751,9.13333,9.13457,1.50,2.25
2011.12.01 12:58:18.110,9.13347,9.13471,1.50,2.25
2011.12.01 12:58:18.340,9.13335,9.13461,1.50,2.25
2011.12.01 12:58:20.060,9.13344,9.13468,1.50,2.25
2011.12.01 12:58:20.469,9.13328,9.13442,1.50,1.50
2011.12.01 12:58:20.589,9.13298,9.13422,1.17,2.25
2011.12.01 12:58:20.713,9.1335,9.13476,1.50,2.25
2011.12.01 12:58:20.839,9.1335,9.13473,1.50,1.50
2011.12.01 12:58:22.711,9.1335,9.13473,1.50,1.50
2011.12.01 12:58:23.436,9.13336,9.1346,1.50,2.25
2011.12.01 12:58:24.801,9.13336,9.13452,1.50,1.13
2011.12.01 12:58:25.160,9.13327,9.13451,1.50,2.25
2011.12.01 12:58:26.873,9.13318,9.13444,1.50,2.25
2011.12.01 12:58:27.239,9.13325,9.13451,1.50,2.25
2011.12.01 12:58:29.597,9.13325,9.13437,1.50,1.13
2011.12.01 12:58:29.828,9.13315,9.13437,1.50,1.13
2011.12.01 12:58:30.670,9.13315,9.13439,2.25,1.50
2011.12.01 12:58:30.791,9.1333,9.13456,1.50,1.50
2011.12.01 12:58:30.909,9.13339,9.13463,1.50,2.25
2011.12.01 12:58:35.182,9.13339,9.13463,1.50,2.63
2011.12.01 12:58:35.530,9.13328,9.13447,1.50,1.13
2011.12.01 12:58:36.471,9.1332,9.13437,1.50,1.13
2011.12.01 12:58:36.592,9.13309,9.13435,1.50,2.25
2011.12.01 12:58:37.319,9.13318,9.13443,1.50,1.13
2011.12.01 12:58:37.683,9.13327,9.13443,1.50,1.13
2011.12.01 12:58:38.791,9.13324,9.13433,1.50,1.13
2011.12.01 12:58:39.678,9.13324,9.1345,1.50,2.25
2011.12.01 12:58:40.258,9.13324,9.13433,1.50,1.13
2011.12.01 12:58:41.678,9.13316,9.13433,1.50,1.13
2011.12.01 12:58:43.587,9.13303,9.13429,1.50,2.25
2011.12.01 12:58:49.114,9.13303,9.13429,1.58,2.25
2011.12.01 12:58:49.489,9.13337,9.13419,1.52,2.25
2011.12.01 12:58:50.655,9.13337,9.13487,1.52,1.13
2011.12.01 12:58:53.097,9.13337,9.13433,1.52,1.50
2011.12.01 12:58:53.447,9.13337,9.13424,1.52,1.50
2011.12.01 12:58:55.347,9.13337,9.13414,1.52,1.50
2011.12.01 12:58:59.088,9.1329,9.13414,2.14,1.50
2011.12.01 12:58:59.212,9.1329,9.13414,2.22,1.50
2011.12.01 12:59:00.219,9.1329,9.13501,2.37,2.25
2011.12.01 12:59:02.716,9.1329,9.13522,2.37,2.25
2011.12.01 12:59:04.191,9.13298,9.13424,2.22,1.50
2011.12.01 12:59:06.022,9.13316,9.1344,1.65,2.25
2011.12.01 12:59:08.130,9.133,9.13424,1.65,1.50
2011.12.01 12:59:09.067,9.133,9.13424,1.50,1.50
2011.12.01 12:59:10.979,9.13282,9.13406,2.07,1.50
2011.12.01 12:59:13.231,9.13289,9.13415,2.07,1.50
2011.12.01 12:59:13.908,9.13289,9.13415,1.50,1.50
2011.12.01 12:59:21.518,9.1331,9.13436,1.50,2.25
2011.12.01 12:59:22.077,9.13301,9.13427,1.50,1.88
2011.12.01 12:59:24.756,9.1328,9.13406,1.50,1.50
2011.12.01 12:59:25.257,9.133,9.13426,1.88,1.50
2011.12.01 12:59:25.773,9.13308,9.13434,1.50,1.50
2011.12.01 12:59:26.308,9.13317,9.13443,1.50,2.25
2011.12.01 12:59:27.199,9.13304,9.1343,1.58,1.88
2011.12.01 12:59:27.649,9.13304,9.13426,1.58,1.13
2011.12.01 12:59:27.779,9.13314,9.1344,1.50,2.25
2011.12.01 12:59:30.168,9.13314,9.1344,1.58,2.25
2011.12.01 12:59:30.728,9.13322,9.13441,1.50,1.13
2011.12.01 12:59:30.850,9.13314,9.1344,1.58,2.25
2011.12.01 12:59:30.970,9.13329,9.13441,1.50,1.13
2011.12.01 12:59:31.582,9.13329,9.13432,1.50,1.50
2011.12.01 12:59:32.547,9.13321,9.13426,1.50,1.13
2011.12.01 12:59:32.785,9.13306,9.13426,1.50,1.13
2011.12.01 12:59:33.671,9.13328,9.13426,1.01,1.13
2011.12.01 12:59:34.574,9.13328,9.13432,1.01,1.88
2011.12.01 12:59:35.919,9.13328,9.13432,1.01,2.25
2011.12.01 12:59:36.040,9.13306,9.13402,2.33,1.13
2011.12.01 12:59:36.269,9.13306,9.13407,1.50,1.13
2011.12.01 12:59:36.390,9.13287,9.13407,1.50,1.13
2011.12.01 12:59:40.799,9.13287,9.13411,1.50,2.63
2011.12.01 12:59:48.629,9.13296,9.13411,1.50,1.13
2011.12.01 12:59:51.181,9.13284,9.1341,1.50,2.25
2011.12.01 12:59:51.630,9.13284,9.1341,1.50,2.25
2011.12.01 12:59:52.538,9.13284,9.1341,1.50,1.50
2011.12.01 12:59:52.771,9.13284,9.13401,1.50,1.35
2011.12.01 12:59:53.007,9.1323,9.13356,1.50,2.25
2011.12.01 12:59:53.130,9.13241,9.13367,1.50,2.63
2011.12.01 12:59:53.359,9.13227,9.13353,1.50,1.50
2011.12.01 12:59:53.993,9.13249,9.13373,1.50,1.50
2011.12.01 12:59:55.052,9.13256,9.13382,1.50,1.88
2011.12.01 12:59:55.170,9.13245,9.13369,1.50,1.50
2011.12.01 12:59:57.440,9.13245,9.13367,1.50,1.13
2011.12.01 12:59:57.559,9.13231,9.13357,1.50,1.50
2011.12.01 12:59:57.990,9.13231,9.13357,2.25,1.50
2011.12.01 12:59:58.120,9.13253,9.13377,1.50,1.50
2011.12.01 12:59:59.119,9.13264,9.1339,1.50,1.50
2011.12.01 12:59:59.592,9.13264,9.13367,1.50,1.13
2011.12.01 12:59:59.711,9.13264,9.13383,1.50,1.13
2011.12.01 12:59:59.942,9.13251,9.13377,1.50,1.50
