2011.07.18 08:00:00.446,9.23848,9.24027,1.13,1.34
2011.07.18 08:00:07.449,9.23848,9.24024,1.50,1.34
2011.07.18 08:00:17.902,9.23847,9.24032,1.13,1.34
2011.07.18 08:00:20.389,9.23848,9.24024,1.50,1.34
2011.07.18 08:00:29.400,9.23828,9.24032,1.50,1.34
2011.07.18 08:00:29.521,9.23817,9.24022,1.88,1.50
2011.07.18 08:00:29.638,9.23817,9.24015,1.13,1.34
2011.07.18 08:00:30.901,9.23817,9.24015,1.13,1.34
2011.07.18 08:01:23.720,9.23818,9.24012,1.50,1.50
2011.07.18 08:01:24.059,9.23848,9.24026,1.35,1.34
2011.07.18 08:01:24.170,9.23848,9.24026,1.35,1.34
2011.07.18 08:01:40.178,9.23877,9.24082,1.50,1.34
2011.07.18 08:01:40.288,9.23918,9.24082,1.13,1.34
2011.07.18 08:01:40.400,9.24022,9.24322,1.50,2.84
2011.07.18 08:01:40.629,9.24027,9.24175,2.25,1.34
2011.07.18 08:01:42.663,9.24042,9.2414,1.50,1.34
2011.07.18 08:02:04.190,9.23997,9.24116,2.25,1.34
2011.07.18 08:02:04.311,9.23933,9.24116,1.13,1.34
2011.07.18 08:02:05.851,9.23933,9.24128,1.13,1.34
2011.07.18 08:02:07.838,9.23933,9.24128,1.13,1.34
2011.07.18 08:02:08.819,9.23933,9.24128,1.13,1.34
2011.07.18 08:02:11.227,9.24013,9.24132,2.10,1.34
2011.07.18 08:02:11.341,9.24013,9.24152,2.10,2.25
2011.07.18 08:02:11.679,9.24013,9.24162,2.10,2.25
2011.07.18 08:02:15.970,9.24033,9.24143,2.10,2.25
2011.07.18 08:02:17.013,9.24033,9.24143,2.10,3.00
2011.07.18 08:02:17.134,9.23948,9.24137,1.50,1.50
2011.07.18 08:02:17.473,9.23957,9.24137,1.50,1.50
2011.07.18 08:02:33.470,9.24033,9.24143,2.10,3.00
2011.07.18 08:02:33.705,9.24033,9.24163,2.10,2.25
2011.07.18 08:02:33.821,9.24033,9.24188,2.10,2.25
2011.07.18 08:02:33.939,9.24033,9.24224,2.10,1.34
2011.07.18 08:03:01.870,9.24033,9.24226,2.10,1.34
2011.07.18 08:03:03.230,9.24033,9.24229,2.10,1.34
2011.07.18 08:03:03.573,9.24033,9.2423,2.10,1.34
2011.07.18 08:03:04.023,9.23974,9.24173,1.50,2.25
2011.07.18 08:03:04.140,9.23974,9.24163,1.50,2.25
2011.07.18 08:03:05.030,9.23974,9.24162,1.50,2.25
2011.07.18 08:03:05.371,9.23974,9.24172,1.50,2.25
2011.07.18 08:03:05.492,9.23971,9.24172,1.50,2.25
2011.07.18 08:03:05.609,9.23971,9.24163,1.50,2.25
2011.07.18 08:03:06.050,9.23971,9.24133,1.50,2.25
2011.07.18 08:03:14.331,9.23971,9.24143,1.50,2.25
2011.07.18 08:03:23.171,9.23971,9.24142,1.50,2.25
2011.07.18 08:03:32.068,9.23971,9.24132,1.50,2.25
2011.07.18 08:03:37.411,9.23967,9.24132,1.50,2.25
2011.07.18 08:03:37.631,9.23963,9.24132,1.50,2.25
2011.07.18 08:03:41.000,9.23963,9.24143,1.50,2.25
2011.07.18 08:03:46.440,9.23963,9.24143,1.50,3.00
2011.07.18 08:03:46.560,9.23878,9.241,1.50,1.34
2011.07.18 08:03:48.399,9.23878,9.241,1.50,1.34
2011.07.18 08:03:48.624,9.23855,9.24059,1.50,1.34
2011.07.18 08:03:51.771,9.23852,9.24058,1.50,1.34
2011.07.18 08:04:05.491,9.23849,9.2403,1.13,1.35
2011.07.18 08:04:05.719,9.23849,9.2403,1.13,1.35
2011.07.18 08:04:06.771,9.2385,9.2403,1.50,1.35
2011.07.18 08:04:07.794,9.23841,9.2403,1.50,1.35
2011.07.18 08:04:09.930,9.23841,9.2403,1.50,1.35
2011.07.18 08:04:10.160,9.23841,9.24027,1.50,1.50
2011.07.18 08:04:10.283,9.23827,9.24007,3.75,1.34
2011.07.18 08:04:10.510,9.23827,9.2403,3.75,1.19
2011.07.18 08:04:11.851,9.23849,9.2403,1.13,1.19
2011.07.18 08:04:12.859,9.23849,9.2403,1.13,1.19
2011.07.18 08:04:13.849,9.23849,9.2403,1.13,1.19
2011.07.18 08:04:45.959,9.23858,9.2403,1.13,1.35
2011.07.18 08:04:46.071,9.23838,9.2403,1.50,1.35
2011.07.18 08:05:00.139,9.23848,9.2403,1.13,1.35
2011.07.18 08:05:25.709,9.23848,9.24008,1.13,1.35
2011.07.18 08:05:25.821,9.23778,9.23983,1.50,1.35
2011.07.18 08:05:26.051,9.23768,9.23983,1.13,1.35
2011.07.18 08:05:26.170,9.23767,9.23979,1.13,1.34
2011.07.18 08:05:38.419,9.23768,9.23983,1.50,1.19
2011.07.18 08:05:38.749,9.23768,9.23983,1.50,1.19
2011.07.18 08:06:12.420,9.23778,9.23994,1.50,1.34
2011.07.18 08:06:12.540,9.23823,9.24013,1.50,2.25
2011.07.18 08:06:12.659,9.23823,9.24013,1.50,3.00
2011.07.18 08:06:13.099,9.23806,9.24013,1.50,2.25
2011.07.18 08:06:13.209,9.23831,9.24002,1.50,2.25
2011.07.18 08:06:13.321,9.23845,9.24032,1.50,2.25
2011.07.18 08:06:13.551,9.23848,9.24033,1.50,2.25
2011.07.18 08:06:14.109,9.23848,9.24022,1.50,2.25
2011.07.18 08:06:14.770,9.23848,9.24023,1.50,2.25
2011.07.18 08:06:14.890,9.23835,9.24023,1.50,2.25
2011.07.18 08:06:30.112,9.23857,9.24047,2.25,2.84
2011.07.18 08:06:30.233,9.23858,9.24065,1.50,1.71
2011.07.18 08:06:30.570,9.23888,9.24103,3.00,1.34
2011.07.18 08:06:30.803,9.23904,9.24119,1.13,1.34
2011.07.18 08:06:32.389,9.23904,9.24118,1.50,1.34
2011.07.18 08:06:32.500,9.23938,9.24134,3.00,2.09
2011.07.18 08:06:35.072,9.23977,9.24158,1.50,1.34
2011.07.18 08:06:35.300,9.23996,9.24169,1.35,1.34
2011.07.18 08:06:35.522,9.23987,9.24162,1.50,1.34
2011.07.18 08:07:00.101,9.24077,9.24171,2.25,1.35
2011.07.18 08:07:00.238,9.24182,9.24538,1.50,1.50
2011.07.18 08:07:00.463,9.24183,9.24448,2.25,1.13
2011.07.18 08:07:00.691,9.24113,9.24266,2.25,1.34
2011.07.18 08:07:00.809,9.24057,9.24266,2.25,1.34
2011.07.18 08:07:02.620,9.24077,9.24226,2.25,1.34
2011.07.18 08:07:10.581,9.24052,9.24228,2.25,1.34
2011.07.18 08:07:10.701,9.24018,9.24228,1.13,1.34
2011.07.18 08:07:10.819,9.24018,9.24228,1.13,1.34
2011.07.18 08:07:31.419,9.24049,9.24228,2.10,1.34
2011.07.18 08:07:31.752,9.24097,9.24277,3.00,3.21
2011.07.18 08:07:33.771,9.24307,9.24603,2.85,1.35
2011.07.18 08:07:33.890,9.24307,9.24406,2.25,1.19
2011.07.18 08:07:34.011,9.24217,9.24406,2.25,1.19
2011.07.18 08:07:34.132,9.24106,9.24397,1.50,1.19
2011.07.18 08:07:36.234,9.24123,9.24363,1.50,2.84
2011.07.18 08:08:17.041,9.24123,9.24362,1.50,2.84
2011.07.18 08:08:57.930,9.24121,9.24353,1.50,2.84
2011.07.18 08:09:17.451,9.24207,9.24377,3.00,1.34
2011.07.18 08:09:17.571,9.24231,9.24463,1.13,1.34
2011.07.18 08:09:17.690,9.24231,9.24469,1.50,1.34
2011.07.18 08:09:18.030,9.24235,9.24469,1.13,1.34
2011.07.18 08:09:19.890,9.24255,9.24469,1.50,1.34
2011.07.18 08:09:20.000,9.24292,9.24496,1.50,1.34
2011.07.18 08:09:20.120,9.24377,9.24521,2.10,1.34
2011.07.18 08:09:20.349,9.24357,9.24521,2.25,1.34
2011.07.18 08:09:20.461,9.24397,9.24556,2.25,1.34
2011.07.18 08:09:20.580,9.24343,9.24556,1.35,1.34
2011.07.18 08:09:20.700,9.24348,9.24564,1.50,1.34
2011.07.18 08:09:22.909,9.24353,9.24564,1.13,1.34
2011.07.18 08:09:23.880,9.24353,9.24564,1.13,1.34
2011.07.18 08:09:24.842,9.24353,9.24564,1.13,1.34
2011.07.18 08:09:47.883,9.24348,9.24554,1.88,1.34
2011.07.18 08:09:48.001,9.24348,9.24552,1.88,3.00
2011.07.18 08:10:05.921,9.24348,9.24542,1.50,1.34
2011.07.18 08:10:06.154,9.24374,9.2458,1.35,1.34
2011.07.18 08:10:06.382,9.24395,9.24599,1.35,1.34
2011.07.18 08:10:06.502,9.24368,9.24587,1.13,1.35
2011.07.18 08:10:06.621,9.24368,9.24587,1.13,1.35
2011.07.18 08:10:13.749,9.24368,9.2458,1.13,1.34
2011.07.18 08:10:32.555,9.24368,9.24579,1.13,1.34
2011.07.18 08:10:36.098,9.24373,9.24579,1.35,1.34
2011.07.18 08:10:36.210,9.24373,9.24602,1.35,2.84
2011.07.18 08:10:36.330,9.24376,9.24602,1.35,2.84
2011.07.18 08:10:36.659,9.24368,9.24582,1.13,1.34
2011.07.18 08:10:36.881,9.24368,9.24579,1.13,1.34
2011.07.18 08:10:37.261,9.24367,9.24602,1.50,1.34
2011.07.18 08:10:37.648,9.24367,9.24573,1.50,1.34
2011.07.18 08:10:46.910,9.24373,9.24596,1.35,1.34
2011.07.18 08:10:47.705,9.24368,9.24602,1.50,2.84
2011.07.18 08:10:47.881,9.24373,9.24602,1.50,2.84
2011.07.18 08:10:50.524,9.23937,9.24317,1.50,2.25
2011.07.18 08:10:50.863,9.24157,9.24419,1.50,2.63
2011.07.18 08:10:51.309,9.24157,9.24493,1.50,1.50
2011.07.18 08:10:51.420,9.24157,9.24523,1.50,1.50
2011.07.18 08:10:51.531,9.24309,9.24493,2.10,2.03
2011.07.18 08:10:51.872,9.24227,9.24396,1.50,1.50
2011.07.18 08:10:53.800,9.24247,9.24396,1.50,1.50
2011.07.18 08:11:01.160,9.24228,9.24396,1.50,1.50
2011.07.18 08:11:04.961,9.24237,9.24453,3.00,2.25
2011.07.18 08:11:05.080,9.24237,9.24493,3.00,2.25
2011.07.18 08:11:07.770,9.2423,9.24472,1.50,2.25
2011.07.18 08:11:08.192,9.24229,9.24472,1.50,2.84
2011.07.18 08:12:02.902,9.24229,9.24473,1.50,2.84
2011.07.18 08:12:04.431,9.2431,9.24484,1.35,1.34
2011.07.18 08:12:04.661,9.2431,9.24528,1.35,1.34
2011.07.18 08:12:06.090,9.2433,9.24547,1.35,1.34
2011.07.18 08:12:06.530,9.24382,9.24553,1.35,1.34
2011.07.18 08:12:08.180,9.24398,9.24594,1.50,1.34
2011.07.18 08:12:08.300,9.24443,9.24594,1.35,1.34
2011.07.18 08:12:08.412,9.24443,9.24604,1.35,1.13
2011.07.18 08:12:08.529,9.24443,9.24635,1.35,1.34
2011.07.18 08:12:11.154,9.24463,9.24635,1.35,1.34
2011.07.18 08:12:13.484,9.24547,9.24673,3.00,1.34
2011.07.18 08:12:13.711,9.24547,9.24719,1.73,1.34
2011.07.18 08:12:13.830,9.24517,9.24713,2.25,1.35
2011.07.18 08:12:14.274,9.24521,9.24713,1.50,1.35
2011.07.18 08:12:14.567,9.24519,9.24713,1.50,1.35
2011.07.18 08:12:22.960,9.24495,9.24677,1.50,1.35
2011.07.18 08:12:23.181,9.24486,9.24677,1.50,1.35
2011.07.18 08:12:23.301,9.24477,9.24677,1.50,1.35
2011.07.18 08:12:24.351,9.24477,9.24672,1.50,3.23
2011.07.18 08:12:24.690,9.24459,9.24642,1.50,2.85
2011.07.18 08:12:25.301,9.24459,9.24632,1.50,2.25
2011.07.18 08:12:32.140,9.24459,9.24642,1.50,2.25
2011.07.18 08:12:41.231,9.24459,9.24632,1.50,2.25
2011.07.18 08:12:42.743,9.24459,9.24593,1.50,3.00
2011.07.18 08:12:42.863,9.24374,9.2458,1.50,1.34
2011.07.18 08:12:42.982,9.24359,9.2458,1.13,1.34
2011.07.18 08:13:22.226,9.24363,9.2458,1.13,1.34
2011.07.18 08:13:22.563,9.24362,9.24574,1.13,1.34
2011.07.18 08:13:22.681,9.24377,9.24566,1.50,1.34
2011.07.18 08:13:23.255,9.24377,9.24573,1.50,1.34
2011.07.18 08:13:23.376,9.24399,9.24579,1.50,1.35
2011.07.18 08:13:33.590,9.24399,9.24579,1.50,1.35
2011.07.18 08:13:33.708,9.24367,9.24579,1.50,1.35
2011.07.18 08:13:52.231,9.24382,9.24579,1.50,1.35
2011.07.18 08:13:55.961,9.24394,9.24573,1.13,1.34
2011.07.18 08:14:08.881,9.24425,9.24573,2.10,1.34
2011.07.18 08:14:09.004,9.2447,9.24602,1.50,2.25
2011.07.18 08:14:09.334,9.2447,9.24693,1.50,1.34
2011.07.18 08:14:09.457,9.24481,9.24693,1.13,1.34
2011.07.18 08:14:09.684,9.24484,9.24689,1.13,1.56
2011.07.18 08:14:09.910,9.24467,9.24683,3.00,1.19
2011.07.18 08:14:10.132,9.24429,9.24659,1.50,1.19
2011.07.18 08:14:27.428,9.24453,9.24662,1.50,2.84
2011.07.18 08:14:27.537,9.24577,9.24788,2.25,1.34
2011.07.18 08:14:27.760,9.24578,9.24831,2.25,1.34
2011.07.18 08:14:28.330,9.24577,9.24831,2.25,1.34
2011.07.18 08:14:28.440,9.24531,9.24831,1.50,1.34
2011.07.18 08:14:33.891,9.24647,9.24811,2.25,1.34
2011.07.18 08:14:34.121,9.24648,9.24819,2.25,1.34
2011.07.18 08:14:34.731,9.24647,9.24822,2.25,1.34
2011.07.18 08:14:36.652,9.24677,9.24822,2.25,1.34
2011.07.18 08:14:36.774,9.24547,9.24822,1.50,1.34
2011.07.18 08:14:42.271,9.24568,9.24824,1.50,1.34
2011.07.18 08:14:42.751,9.24608,9.24824,2.25,1.34
2011.07.18 08:14:46.288,9.24628,9.24828,2.25,1.34
2011.07.18 08:14:46.980,9.24678,9.24828,2.25,1.34
2011.07.18 08:14:47.531,9.24677,9.24828,2.25,1.34
2011.07.18 08:14:55.044,9.24677,9.24809,2.25,1.34
2011.07.18 08:14:55.164,9.24557,9.24788,3.00,1.34
2011.07.18 08:15:00.431,9.24554,9.24762,1.50,2.84
2011.07.18 08:15:02.033,9.24508,9.24688,3.00,1.13
2011.07.18 08:15:02.153,9.24457,9.24683,2.25,1.34
2011.07.18 08:15:02.271,9.24434,9.24672,1.35,2.84
2011.07.18 08:15:08.597,9.24434,9.2468,1.35,1.34
2011.07.18 08:15:43.310,9.24428,9.24581,2.25,1.34
2011.07.18 08:15:50.169,9.24418,9.24581,2.85,1.34
2011.07.18 08:16:05.149,9.24418,9.24581,3.60,1.34
2011.07.18 08:16:05.479,9.24494,9.24672,1.50,2.25
2011.07.18 08:16:05.701,9.24494,9.24691,1.50,1.13
2011.07.18 08:16:09.951,9.24498,9.24691,1.50,1.13
2011.07.18 08:16:20.422,9.24407,9.24533,3.00,3.00
2011.07.18 08:16:20.541,9.24407,9.24533,2.25,3.00
2011.07.18 08:16:20.660,9.24443,9.24533,2.10,2.25
2011.07.18 08:16:20.769,9.24443,9.24623,2.10,2.84
2011.07.18 08:16:20.880,9.24418,9.24642,2.25,1.34
2011.07.18 08:16:21.001,9.24418,9.24673,3.00,1.34
2011.07.18 08:16:21.792,9.24419,9.24672,1.50,2.84
2011.07.18 08:16:23.550,9.24439,9.24672,1.50,2.84
2011.07.18 08:16:27.000,9.24439,9.24669,1.50,1.34
2011.07.18 08:16:32.813,9.24494,9.24669,2.10,1.34
2011.07.18 08:16:33.217,9.2453,9.24715,1.35,1.71
2011.07.18 08:16:33.337,9.24486,9.24672,1.50,2.85
2011.07.18 08:16:33.450,9.24493,9.24663,1.50,2.85
2011.07.18 08:16:33.680,9.24471,9.24663,1.50,2.85
2011.07.18 08:17:05.202,9.24471,9.24663,1.50,3.00
2011.07.18 08:17:05.435,9.24447,9.24652,1.50,3.00
2011.07.18 08:17:05.781,9.24438,9.24652,1.50,3.00
2011.07.18 08:17:14.211,9.24438,9.24643,1.50,3.00
2011.07.18 08:17:14.551,9.24442,9.24643,1.50,3.00
2011.07.18 08:17:46.951,9.24442,9.24643,1.50,3.00
2011.07.18 08:17:47.292,9.24418,9.24638,1.50,1.50
2011.07.18 08:17:48.931,9.24411,9.24638,1.50,1.50
2011.07.18 08:17:54.941,9.24411,9.2462,1.50,1.35
2011.07.18 08:17:55.052,9.24411,9.24634,1.50,1.35
2011.07.18 08:17:55.172,9.24411,9.2462,1.50,1.35
2011.07.18 08:17:56.912,9.24404,9.2462,1.13,1.35
2011.07.18 08:18:28.382,9.24402,9.2462,1.50,1.35
2011.07.18 08:18:28.502,9.24405,9.2462,1.50,1.35
2011.07.18 08:18:29.801,9.24399,9.2462,1.50,1.35
2011.07.18 08:18:35.961,9.24395,9.2462,1.50,1.35
2011.07.18 08:18:36.180,9.24398,9.2462,1.13,1.35
2011.07.18 08:18:37.882,9.24398,9.2462,1.13,1.35
2011.07.18 08:18:40.263,9.24434,9.24662,1.35,2.25
2011.07.18 08:18:40.381,9.24427,9.24683,3.00,2.25
2011.07.18 08:18:41.059,9.24428,9.24682,3.00,2.25
2011.07.18 08:18:41.622,9.24427,9.24683,3.00,2.25
2011.07.18 08:18:50.161,9.24427,9.24672,1.50,2.25
2011.07.18 08:18:59.036,9.24427,9.24673,1.50,2.25
2011.07.18 08:18:59.152,9.24427,9.24683,3.75,2.25
2011.07.18 08:19:00.080,9.24427,9.24683,3.75,2.25
2011.07.18 08:19:05.672,9.24436,9.24683,1.50,3.00
2011.07.18 08:19:06.113,9.24484,9.24697,1.50,1.50
2011.07.18 08:19:06.511,9.24489,9.24697,1.50,1.50
2011.07.18 08:19:12.151,9.24489,9.24697,1.50,1.50
2011.07.18 08:19:12.487,9.24491,9.24693,1.50,3.75
2011.07.18 08:19:13.171,9.24488,9.24693,1.50,3.75
2011.07.18 08:19:30.632,9.2449,9.24693,1.50,3.00
2011.07.18 08:19:30.752,9.2449,9.24702,1.50,3.00
2011.07.18 08:19:30.872,9.24438,9.24665,3.00,1.34
2011.07.18 08:19:30.992,9.24438,9.24665,2.25,1.34
2011.07.18 08:19:31.111,9.24435,9.24663,1.50,2.84
2011.07.18 08:19:31.230,9.24435,9.24663,1.50,2.25
2011.07.18 08:19:35.162,9.24435,9.24683,1.50,2.84
2011.07.18 08:19:40.242,9.24435,9.24683,1.50,3.00
2011.07.18 08:20:12.422,9.24458,9.24687,1.50,1.34
2011.07.18 08:20:53.791,9.24458,9.24673,1.50,3.00
2011.07.18 08:20:54.010,9.24457,9.24673,2.25,3.00
2011.07.18 08:21:34.484,9.24457,9.24673,1.50,3.00
2011.07.18 08:21:34.604,9.24453,9.24663,1.50,3.00
2011.07.18 08:22:15.263,9.24453,9.24663,1.50,3.00
2011.07.18 08:22:15.381,9.24453,9.24653,1.50,3.00
2011.07.18 08:22:55.921,9.2445,9.24653,1.50,3.00
2011.07.18 08:22:56.141,9.24447,9.24648,1.50,1.50
2011.07.18 08:23:08.051,9.24468,9.24654,1.13,1.35
2011.07.18 08:23:08.392,9.24526,9.24753,1.50,2.25
2011.07.18 08:23:08.512,9.24537,9.24752,1.50,2.25
2011.07.18 08:23:10.580,9.24537,9.24763,1.50,2.25
2011.07.18 08:23:10.690,9.24537,9.24753,1.50,2.25
2011.07.18 08:23:11.806,9.24537,9.24752,1.50,2.25
2011.07.18 08:23:12.351,9.24485,9.24715,1.50,1.34
2011.07.18 08:23:12.462,9.24485,9.24715,1.50,1.34
2011.07.18 08:23:12.835,9.2448,9.2471,1.50,1.34
2011.07.18 08:23:13.791,9.2448,9.2471,1.50,1.34
2011.07.18 08:23:15.712,9.24473,9.24682,1.13,1.34
2011.07.18 08:23:15.833,9.24468,9.24677,1.13,1.34
2011.07.18 08:23:15.951,9.24468,9.24677,1.13,1.34
2011.07.18 08:23:16.291,9.24468,9.24677,1.13,1.34
2011.07.18 08:23:28.819,9.24029,9.24332,1.35,2.10
2011.07.18 08:23:29.041,9.24187,9.24372,1.50,2.10
2011.07.18 08:23:29.150,9.24193,9.24372,1.13,2.10
2011.07.18 08:23:29.480,9.24187,9.24372,1.50,2.10
2011.07.18 08:23:31.171,9.24242,9.24412,1.50,2.84
2011.07.18 08:23:31.292,9.2425,9.24412,1.50,2.25
2011.07.18 08:23:31.411,9.24268,9.24479,3.75,1.34
2011.07.18 08:23:31.693,9.24268,9.24484,3.75,1.34
2011.07.18 08:23:32.001,9.24277,9.2446,2.25,1.19
2011.07.18 08:23:32.341,9.24297,9.24467,2.25,2.10
2011.07.18 08:23:32.463,9.24348,9.24509,2.25,1.34
2011.07.18 08:23:32.583,9.24408,9.24509,2.25,1.34
2011.07.18 08:23:33.831,9.24408,9.24544,2.25,1.34
2011.07.18 08:23:35.800,9.24408,9.24549,2.25,1.34
2011.07.18 08:23:37.651,9.24408,9.24556,2.25,1.34
2011.07.18 08:23:38.074,9.24408,9.2456,2.25,1.34
2011.07.18 08:23:38.782,9.24437,9.24623,2.25,1.34
2011.07.18 08:23:38.900,9.24437,9.24623,2.25,1.34
2011.07.18 08:23:39.131,9.24437,9.24623,3.00,1.34
2011.07.18 08:23:39.350,9.24467,9.24678,2.25,1.34
2011.07.18 08:23:39.904,9.24468,9.24678,2.25,1.34
2011.07.18 08:23:41.473,9.24472,9.24678,2.25,1.34
2011.07.18 08:23:41.703,9.24498,9.24726,2.25,1.34
2011.07.18 08:23:41.944,9.24242,9.24432,1.13,1.35
2011.07.18 08:23:42.061,9.24243,9.24432,1.13,1.35
2011.07.18 08:23:45.321,9.24283,9.24462,1.13,1.50
2011.07.18 08:23:45.432,9.24288,9.24463,1.13,2.25
2011.07.18 08:23:45.541,9.24288,9.24512,1.13,2.25
2011.07.18 08:23:45.652,9.24317,9.24573,2.25,2.25
2011.07.18 08:23:47.672,9.24386,9.24573,1.35,2.25
2011.07.18 08:23:47.792,9.24386,9.24612,1.35,3.00
2011.07.18 08:23:47.911,9.24386,9.24633,1.35,2.85
2011.07.18 08:23:48.023,9.24408,9.24643,1.35,2.25
2011.07.18 08:23:48.253,9.24407,9.24663,3.23,3.23
2011.07.18 08:23:49.412,9.24407,9.24573,3.00,2.10
2011.07.18 08:23:49.521,9.24397,9.24573,3.00,2.10
2011.07.18 08:23:49.632,9.24379,9.24622,1.50,2.25
2011.07.18 08:23:50.082,9.2435,9.24622,1.50,2.25
2011.07.18 08:23:51.306,9.2435,9.24568,1.50,4.50
2011.07.18 08:23:51.643,9.24291,9.24493,1.50,1.35
2011.07.18 08:23:52.845,9.24282,9.24493,1.13,1.35
2011.07.18 08:23:53.433,9.24248,9.24492,2.25,3.23
2011.07.18 08:23:53.553,9.24238,9.24492,3.00,3.23
2011.07.18 08:23:53.675,9.24228,9.24463,1.50,2.25
2011.07.18 08:23:56.032,9.24227,9.24473,1.50,2.63
2011.07.18 08:23:56.873,9.24234,9.24482,1.50,2.63
2011.07.18 08:23:58.931,9.24248,9.24482,1.50,2.63
2011.07.18 08:23:59.785,9.24248,9.24482,1.50,2.63
2011.07.18 08:24:17.110,9.24247,9.24482,1.50,2.63
2011.07.18 08:24:23.872,9.24247,9.24482,2.25,2.63
2011.07.18 08:24:24.212,9.24263,9.24505,1.35,1.34
2011.07.18 08:24:24.585,9.24265,9.24493,1.50,1.34
2011.07.18 08:24:25.432,9.24257,9.24471,3.00,1.34
2011.07.18 08:24:25.551,9.24247,9.24468,1.50,1.34
2011.07.18 08:24:26.802,9.24247,9.24465,2.25,1.34
2011.07.18 08:24:27.141,9.24248,9.24473,1.50,1.34
2011.07.18 08:24:27.752,9.24258,9.24474,1.50,1.56
2011.07.18 08:24:27.871,9.24258,9.24474,1.50,1.56
2011.07.18 08:24:55.833,9.24268,9.24474,1.13,1.56
2011.07.18 08:25:03.714,9.24267,9.24474,1.50,1.19
2011.07.18 08:25:03.945,9.24267,9.24474,1.50,1.19
2011.07.18 08:25:04.917,9.24277,9.24474,1.13,1.19
2011.07.18 08:25:07.641,9.24277,9.24474,1.13,1.19
2011.07.18 08:25:19.826,9.24277,9.24474,1.13,1.19
2011.07.18 08:25:26.692,9.24278,9.24478,1.50,1.34
2011.07.18 08:25:26.814,9.24278,9.2448,1.50,1.34
2011.07.18 08:25:29.832,9.24317,9.2448,1.13,1.34
2011.07.18 08:25:31.061,9.24317,9.24433,1.13,5.10
2011.07.18 08:25:31.282,9.24218,9.24398,3.00,1.35
2011.07.18 08:25:31.401,9.24198,9.24363,1.50,1.35
2011.07.18 08:25:31.512,9.24178,9.24363,1.50,1.35
2011.07.18 08:25:32.354,9.24212,9.24394,1.35,1.34
2011.07.18 08:25:32.475,9.24212,9.24418,1.35,1.34
2011.07.18 08:25:32.594,9.24212,9.24432,1.35,1.34
2011.07.18 08:25:34.844,9.24232,9.24432,1.35,1.34
2011.07.18 08:25:35.860,9.24232,9.24432,1.35,1.34
2011.07.18 08:25:40.412,9.24208,9.24407,2.85,1.34
2011.07.18 08:25:40.532,9.24202,9.24382,1.13,1.50
2011.07.18 08:25:40.761,9.24177,9.24366,1.50,1.34
2011.07.18 08:25:42.623,9.24145,9.24351,1.50,1.34
2011.07.18 08:25:42.745,9.24127,9.24293,2.25,1.35
2011.07.18 08:25:42.862,9.24091,9.24293,1.50,1.35
2011.07.18 08:26:03.238,9.24069,9.24282,1.35,2.84
2011.07.18 08:26:03.353,9.24072,9.24292,1.35,2.84
2011.07.18 08:26:03.472,9.24078,9.24307,2.25,1.34
2011.07.18 08:26:03.949,9.24077,9.2431,3.00,1.34
2011.07.18 08:26:08.244,9.24097,9.24315,3.00,1.34
2011.07.18 08:26:08.585,9.24117,9.24341,3.38,1.34
2011.07.18 08:26:10.891,9.24121,9.2435,1.50,1.34
2011.07.18 08:26:20.201,9.24158,9.2433,2.25,1.34
2011.07.18 08:26:20.662,9.24168,9.2433,2.25,1.34
2011.07.18 08:26:29.171,9.24157,9.2433,2.25,1.34
2011.07.18 08:26:38.170,9.24168,9.2433,2.25,1.34
2011.07.18 08:26:44.921,9.24168,9.24307,2.25,1.34
2011.07.18 08:26:45.032,9.24142,9.24307,2.25,1.34
2011.07.18 08:26:45.151,9.24098,9.24307,1.13,1.34
2011.07.18 08:26:46.911,9.24098,9.24307,1.13,1.34
2011.07.18 08:26:48.904,9.24098,9.24307,1.13,1.34
2011.07.18 08:26:49.813,9.24098,9.24208,1.13,2.10
2011.07.18 08:26:49.931,9.24077,9.24172,3.00,1.35
2011.07.18 08:26:50.151,9.24007,9.24172,1.50,1.35
2011.07.18 08:26:51.591,9.24007,9.24172,1.13,1.35
2011.07.18 08:26:53.131,9.23982,9.24162,1.13,1.50
2011.07.18 08:26:53.242,9.23957,9.24127,1.50,1.34
2011.07.18 08:26:53.871,9.24008,9.24127,2.25,1.34
2011.07.18 08:26:53.984,9.23983,9.24127,2.25,1.34
2011.07.18 08:26:54.819,9.23957,9.24137,1.50,1.35
2011.07.18 08:26:57.861,9.23958,9.24152,1.50,1.35
2011.07.18 08:26:57.974,9.23984,9.24163,1.35,2.25
2011.07.18 08:26:58.313,9.24067,9.24214,1.35,1.34
2011.07.18 08:26:58.432,9.24067,9.24263,1.35,1.34
2011.07.18 08:26:58.882,9.24148,9.24264,2.10,1.34
2011.07.18 08:26:59.004,9.24167,9.24304,2.85,1.34
2011.07.18 08:26:59.560,9.24167,9.2433,2.85,1.34
2011.07.18 08:26:59.941,9.24167,9.2433,2.25,1.34
2011.07.18 08:27:00.275,9.24167,9.2433,2.25,1.34
2011.07.18 08:27:03.513,9.24148,9.24353,2.25,1.34
2011.07.18 08:27:03.740,9.24142,9.24348,2.25,1.34
2011.07.18 08:27:03.961,9.24098,9.24348,3.00,1.34
2011.07.18 08:27:09.802,9.24098,9.24349,3.00,1.34
2011.07.18 08:27:10.023,9.24088,9.24342,3.00,2.84
2011.07.18 08:27:15.181,9.24113,9.24333,1.50,2.84
2011.07.18 08:27:15.511,9.24198,9.24422,3.00,1.34
2011.07.18 08:27:15.624,9.242,9.24422,1.50,1.34
2011.07.18 08:27:17.936,9.24147,9.24246,1.50,1.35
2011.07.18 08:27:18.163,9.23967,9.24246,1.50,1.35
2011.07.18 08:27:19.161,9.23967,9.24193,1.50,1.32
2011.07.18 08:27:22.843,9.23991,9.24233,1.35,2.82
2011.07.18 08:27:24.841,9.24047,9.2426,1.50,1.17
2011.07.18 08:28:05.769,9.24029,9.24233,1.50,1.15
2011.07.18 08:28:22.892,9.24004,9.24233,1.50,1.15
2011.07.18 08:28:44.891,9.23998,9.2422,1.50,1.15
2011.07.18 08:28:46.854,9.24016,9.2422,1.50,1.15
2011.07.18 08:28:57.064,9.24014,9.2422,1.50,1.15
2011.07.18 08:28:57.185,9.23998,9.2422,1.50,1.15
2011.07.18 08:28:57.635,9.23998,9.24213,1.50,1.15
2011.07.18 08:28:58.682,9.23998,9.24213,1.50,1.15
2011.07.18 08:28:59.792,9.24007,9.24213,1.50,1.15
2011.07.18 08:29:24.223,9.23998,9.24213,3.00,1.15
2011.07.18 08:29:38.232,9.23988,9.24203,3.00,1.15
2011.07.18 08:29:40.255,9.24128,9.24228,3.75,1.34
2011.07.18 08:29:40.372,9.24128,9.24298,3.75,1.34
2011.07.18 08:29:40.482,9.24078,9.24272,4.50,1.19
2011.07.18 08:29:40.592,9.24073,9.24242,1.13,2.25
2011.07.18 08:29:40.712,9.24061,9.24252,1.50,2.25
2011.07.18 08:29:51.741,9.24081,9.24212,1.50,2.25
2011.07.18 08:30:08.542,9.24078,9.24223,1.50,2.25
2011.07.18 08:30:08.662,9.24059,9.24223,1.50,2.25
2011.07.18 08:30:40.742,9.24035,9.24223,1.50,2.25
2011.07.18 08:30:56.471,9.24035,9.24203,1.50,1.50
2011.07.18 08:30:56.912,9.24018,9.24192,1.50,2.25
2011.07.18 08:31:05.433,9.24087,9.24217,2.25,2.85
2011.07.18 08:31:05.664,9.24083,9.24213,1.50,2.85
2011.07.18 08:31:05.784,9.24039,9.24192,1.50,2.25
2011.07.18 08:31:05.902,9.24021,9.24192,1.35,2.25
2011.07.18 08:31:13.230,9.23987,9.24182,1.13,2.25
2011.07.18 08:31:13.346,9.23987,9.24182,1.13,3.00
2011.07.18 08:31:13.694,9.23987,9.24173,1.13,1.34
2011.07.18 08:31:14.872,9.23987,9.24173,1.13,1.34
2011.07.18 08:31:15.434,9.23982,9.24173,1.13,1.34
2011.07.18 08:31:15.553,9.23982,9.24175,1.13,1.34
2011.07.18 08:31:15.673,9.23977,9.24182,1.13,2.84
2011.07.18 08:31:15.792,9.23984,9.24182,1.50,2.25
2011.07.18 08:31:16.932,9.23976,9.24182,1.50,2.84
2011.07.18 08:31:17.165,9.23976,9.24173,1.50,2.25
2011.07.18 08:31:18.409,9.23967,9.24124,2.25,1.34
2011.07.18 08:31:18.530,9.23927,9.24124,1.35,1.34
2011.07.18 08:31:39.744,9.23953,9.24124,1.35,1.34
2011.07.18 08:31:39.863,9.23953,9.24163,1.35,2.84
2011.07.18 08:31:40.092,9.23953,9.24163,1.35,2.84
2011.07.18 08:31:42.932,9.23962,9.24163,1.13,2.84
2011.07.18 08:31:45.473,9.23953,9.24163,1.73,2.84
2011.07.18 08:31:45.592,9.23958,9.24163,1.50,2.25
2011.07.18 08:31:48.604,9.23957,9.24198,1.50,1.34
2011.07.18 08:31:48.722,9.23956,9.24187,1.50,1.34
2011.07.18 08:31:49.283,9.23953,9.24162,1.73,2.84
2011.07.18 08:31:49.402,9.23955,9.24162,1.50,2.25
2011.07.18 08:31:53.415,9.23958,9.24172,1.50,2.25
2011.07.18 08:31:55.553,9.23958,9.24173,1.50,2.25
2011.07.18 08:31:55.943,9.23958,9.24163,1.50,2.25
2011.07.18 08:32:29.322,9.23968,9.24212,1.50,2.84
2011.07.18 08:32:32.172,9.23947,9.24121,2.25,1.34
2011.07.18 08:32:38.432,9.23947,9.24121,3.00,1.34
2011.07.18 08:32:38.543,9.23963,9.24182,1.13,1.34
2011.07.18 08:32:52.537,9.24059,9.24213,2.10,3.00
2011.07.18 08:32:52.764,9.24042,9.24223,1.50,2.25
2011.07.18 08:32:53.102,9.24065,9.24223,1.35,2.25
2011.07.18 08:32:53.394,9.24087,9.24252,1.35,1.52
2011.07.18 08:32:53.515,9.24061,9.24252,1.50,1.52
2011.07.18 08:32:53.744,9.24096,9.24252,1.50,1.52
2011.07.18 08:32:54.782,9.24105,9.24252,1.50,1.52
2011.07.18 08:32:55.453,9.24112,9.24252,1.50,1.52
2011.07.18 08:32:55.792,9.24112,9.24252,1.50,1.52
2011.07.18 08:32:56.842,9.24123,9.24252,1.50,1.52
2011.07.18 08:33:05.933,9.24126,9.24252,1.50,1.52
2011.07.18 08:33:06.273,9.24131,9.24252,1.50,1.52
2011.07.18 08:33:44.233,9.24156,9.24252,1.50,1.52
2011.07.18 08:33:44.451,9.24217,9.24422,3.00,2.25
2011.07.18 08:33:44.563,9.24217,9.24432,3.00,2.25
2011.07.18 08:33:44.682,9.24267,9.24496,2.25,1.34
2011.07.18 08:33:46.673,9.24257,9.24476,2.25,1.34
2011.07.18 08:33:46.793,9.24257,9.24481,2.25,1.34
2011.07.18 08:34:27.833,9.24257,9.24487,3.00,1.34
2011.07.18 08:35:07.591,9.2423,9.24412,1.50,2.25
2011.07.18 08:35:07.707,9.2423,9.24412,1.50,2.25
2011.07.18 08:35:08.574,9.2423,9.24412,1.50,2.25
2011.07.18 08:35:08.693,9.24227,9.24472,1.50,2.84
2011.07.18 08:35:34.232,9.24271,9.24463,1.50,2.25
2011.07.18 08:35:34.343,9.24271,9.24523,1.50,5.09
2011.07.18 08:35:41.683,9.24322,9.24525,1.50,1.34
2011.07.18 08:35:41.802,9.24377,9.24573,3.00,1.43
2011.07.18 08:35:42.023,9.24408,9.24602,2.25,1.22
2011.07.18 08:35:42.363,9.24412,9.24628,1.50,1.06
2011.07.18 08:36:22.821,9.24417,9.24623,1.13,1.06
2011.07.18 08:36:23.615,9.24417,9.24624,1.13,1.06
2011.07.18 08:37:04.163,9.24422,9.24629,1.13,1.06
2011.07.18 08:37:05.187,9.24422,9.24632,1.13,1.06
2011.07.18 08:37:10.913,9.24398,9.24608,3.00,1.60
2011.07.18 08:37:11.024,9.24397,9.24578,1.13,1.60
2011.07.18 08:37:12.054,9.24402,9.24606,1.13,1.43
2011.07.18 08:37:12.173,9.24422,9.2463,1.13,1.06
2011.07.18 08:37:16.491,9.24172,9.24393,1.50,2.10
2011.07.18 08:37:16.603,9.24173,9.24352,1.50,2.85
2011.07.18 08:37:16.723,9.24184,9.24352,1.50,2.25
2011.07.18 08:37:16.953,9.24152,9.24342,1.50,2.25
2011.07.18 08:37:17.182,9.2411,9.24352,1.50,2.25
2011.07.18 08:37:17.294,9.2411,9.24343,1.50,2.25
2011.07.18 08:37:17.633,9.24161,9.24483,1.50,2.25
2011.07.18 08:37:17.754,9.24188,9.2455,1.50,1.19
2011.07.18 08:37:20.181,9.24188,9.24553,1.50,2.84
2011.07.18 08:37:25.973,9.24188,9.24512,1.50,2.25
2011.07.18 08:37:26.355,9.24188,9.24523,1.50,2.25
2011.07.18 08:37:27.524,9.2421,9.24513,1.50,2.25
2011.07.18 08:37:27.961,9.2421,9.24513,1.50,2.25
2011.07.18 08:37:35.178,9.2421,9.24503,1.50,2.25
2011.07.18 08:37:44.339,9.2421,9.24502,1.50,2.25
2011.07.18 08:37:44.459,9.2421,9.24512,1.50,2.25
2011.07.18 08:37:53.032,9.2421,9.24492,1.50,2.25
2011.07.18 08:37:53.144,9.2421,9.24502,1.50,2.25
2011.07.18 08:38:02.093,9.2421,9.24503,1.50,2.25
2011.07.18 08:38:02.452,9.2421,9.24512,1.50,2.25
2011.07.18 08:38:08.493,9.24215,9.24469,1.50,1.34
2011.07.18 08:38:22.122,9.24217,9.24473,1.50,1.34
2011.07.18 08:38:49.142,9.24217,9.24473,1.50,1.34
2011.07.18 08:39:07.254,9.24087,9.24297,2.25,1.34
2011.07.18 08:39:11.315,9.24128,9.24262,2.25,1.34
2011.07.18 08:39:12.244,9.24128,9.24262,3.00,1.34
2011.07.18 08:39:12.362,9.24138,9.24329,3.00,1.34
2011.07.18 08:39:12.694,9.24138,9.24334,3.00,1.34
2011.07.18 08:39:12.813,9.24127,9.24334,2.25,1.34
2011.07.18 08:39:14.123,9.24138,9.24394,1.50,1.34
2011.07.18 08:39:14.246,9.24178,9.24394,3.00,1.34
2011.07.18 08:39:14.581,9.24228,9.24394,2.25,1.34
2011.07.18 08:39:14.692,9.24228,9.24445,2.25,1.34
2011.07.18 08:39:15.315,9.24227,9.24445,2.25,1.34
2011.07.18 08:39:17.775,9.24253,9.24445,2.25,1.34
2011.07.18 08:39:18.002,9.24278,9.24517,3.00,1.34
2011.07.18 08:39:19.413,9.24278,9.24342,3.00,2.25
2011.07.18 08:39:19.755,9.24106,9.24302,3.00,1.50
2011.07.18 08:39:19.877,9.24083,9.24302,1.88,1.50
2011.07.18 08:39:21.058,9.24208,9.24322,1.50,2.25
2011.07.18 08:39:21.173,9.24208,9.24393,1.50,2.25
2011.07.18 08:39:21.294,9.24237,9.24439,2.25,1.34
2011.07.18 08:39:21.413,9.24237,9.24452,2.25,1.34
2011.07.18 08:39:23.243,9.24237,9.24452,2.25,1.34
2011.07.18 08:39:27.754,9.24277,9.24472,2.25,1.34
2011.07.18 08:39:27.982,9.24277,9.24496,2.25,1.34
2011.07.18 08:39:35.985,9.24277,9.24472,2.25,1.34
2011.07.18 08:39:36.105,9.24252,9.24432,2.25,2.25
2011.07.18 08:39:36.229,9.24252,9.24422,2.25,2.25
2011.07.18 08:39:36.343,9.24188,9.24422,1.50,2.84
2011.07.18 08:39:38.626,9.24188,9.24419,1.50,1.34
2011.07.18 08:39:38.997,9.24176,9.24398,1.50,1.50
2011.07.18 08:39:40.885,9.24176,9.24402,1.50,3.00
2011.07.18 08:39:41.114,9.24178,9.24417,3.00,1.19
2011.07.18 08:39:42.986,9.24176,9.24398,1.50,1.50
2011.07.18 08:39:43.213,9.24171,9.24398,1.50,1.50
2011.07.18 08:39:44.685,9.24168,9.24395,1.13,1.34
2011.07.18 08:39:45.385,9.24168,9.24393,1.13,1.50
2011.07.18 08:39:46.153,9.24164,9.24394,1.50,1.34
2011.07.18 08:39:46.264,9.24147,9.24351,2.25,1.34
2011.07.18 08:39:46.605,9.24147,9.24332,2.25,1.34
2011.07.18 08:39:46.725,9.24118,9.24331,3.00,1.34
2011.07.18 08:39:49.257,9.24118,9.24331,2.25,1.34
2011.07.18 08:39:49.485,9.24118,9.24338,2.25,1.34
2011.07.18 08:39:57.943,9.24113,9.24332,1.13,2.84
2011.07.18 08:40:27.375,9.24108,9.24338,3.38,1.34
2011.07.18 08:40:30.895,9.24117,9.24334,1.50,1.34
2011.07.18 08:40:31.019,9.24158,9.24341,3.00,1.34
2011.07.18 08:40:31.334,9.24158,9.24366,3.00,1.71
2011.07.18 08:40:31.460,9.24168,9.24378,1.50,1.34
2011.07.18 08:40:34.423,9.24187,9.24365,1.50,1.19
2011.07.18 08:40:34.768,9.24182,9.24377,1.35,1.34
2011.07.18 08:40:34.887,9.24182,9.24377,1.35,1.34
2011.07.18 08:40:35.113,9.24182,9.24377,1.35,1.34
2011.07.18 08:40:37.763,9.24167,9.24337,3.00,1.35
2011.07.18 08:40:38.797,9.2415,9.24352,1.50,1.35
2011.07.18 08:40:38.913,9.24183,9.24353,1.35,3.75
2011.07.18 08:40:39.023,9.24183,9.24378,1.35,1.34
2011.07.18 08:40:39.253,9.24184,9.2439,1.50,1.34
2011.07.18 08:40:46.142,9.24197,9.24382,1.50,1.50
2011.07.18 08:40:52.474,9.24198,9.24393,1.50,1.50
2011.07.18 08:40:53.412,9.24198,9.24373,1.50,2.48
2011.07.18 08:40:53.742,9.24166,9.24338,1.50,1.35
2011.07.18 08:40:55.166,9.24183,9.24352,1.35,3.00
2011.07.18 08:40:55.392,9.24183,9.24377,1.35,1.34
2011.07.18 08:41:09.364,9.24197,9.24381,1.50,1.34
2011.07.18 08:41:09.704,9.24217,9.24423,1.35,1.34
2011.07.18 08:41:09.827,9.24218,9.24431,2.25,1.34
2011.07.18 08:41:09.946,9.24218,9.24431,2.25,1.34
2011.07.18 08:41:11.983,9.24218,9.24431,3.00,1.34
2011.07.18 08:41:13.050,9.24218,9.24406,3.00,1.19
2011.07.18 08:41:13.382,9.24172,9.24352,1.13,3.00
2011.07.18 08:41:13.492,9.24157,9.24352,1.50,3.00
2011.07.18 08:41:21.300,9.24167,9.24322,1.35,1.50
2011.07.18 08:41:21.413,9.24196,9.24352,1.35,2.25
2011.07.18 08:41:21.534,9.24218,9.24422,1.13,1.34
2011.07.18 08:41:21.653,9.24227,9.24448,2.25,1.34
2011.07.18 08:41:21.764,9.24218,9.24448,3.00,1.34
2011.07.18 08:42:02.665,9.24217,9.24462,3.75,1.34
2011.07.18 08:42:18.040,9.24217,9.24373,3.75,2.10
2011.07.18 08:42:18.375,9.24172,9.24339,1.13,1.35
2011.07.18 08:42:18.549,9.24154,9.24339,1.50,1.35
2011.07.18 08:42:19.685,9.24258,9.24351,2.25,1.19
2011.07.18 08:42:19.804,9.24318,9.24478,2.85,2.25
2011.07.18 08:42:19.924,9.24318,9.2445,2.85,1.34
2011.07.18 08:42:20.153,9.24318,9.2445,2.85,1.34
2011.07.18 08:42:35.787,9.24277,9.24353,2.25,3.00
2011.07.18 08:42:36.015,9.24152,9.24352,2.63,1.50
2011.07.18 08:42:36.134,9.24143,9.24352,1.50,1.50
2011.07.18 08:42:37.630,9.24213,9.24352,1.50,1.50
2011.07.18 08:42:37.963,9.24357,9.24477,2.25,1.34
2011.07.18 08:42:38.303,9.24357,9.24475,2.25,1.34
2011.07.18 08:42:41.287,9.24358,9.24455,1.50,1.34
2011.07.18 08:43:00.342,9.24206,9.24429,1.50,1.34
2011.07.18 08:43:00.563,9.24179,9.24382,1.50,2.25
2011.07.18 08:43:00.674,9.24143,9.24352,1.50,1.50
2011.07.18 08:43:02.414,9.24173,9.24352,1.13,1.50
2011.07.18 08:43:02.534,9.24263,9.24393,2.10,1.34
2011.07.18 08:43:02.654,9.24277,9.24393,2.25,1.34
2011.07.18 08:43:02.776,9.24277,9.24474,2.25,1.34
2011.07.18 08:43:03.006,9.24277,9.24477,2.25,1.34
2011.07.18 08:43:17.509,9.24259,9.24362,2.25,3.00
2011.07.18 08:43:17.626,9.24163,9.24357,3.00,1.50
2011.07.18 08:43:17.744,9.24157,9.24357,1.13,1.50
2011.07.18 08:43:17.862,9.24139,9.24353,1.50,1.34
2011.07.18 08:43:18.922,9.24316,9.24383,1.50,2.25
2011.07.18 08:43:19.034,9.24316,9.24432,1.50,2.25
2011.07.18 08:43:19.155,9.24316,9.24432,1.50,2.84
2011.07.18 08:43:19.495,9.24337,9.24432,2.25,1.34
2011.07.18 08:43:24.204,9.24357,9.24527,4.50,1.34
2011.07.18 08:43:24.323,9.24357,9.24553,4.50,1.34
2011.07.18 08:43:24.433,9.24357,9.24553,5.25,1.34
2011.07.18 08:43:25.663,9.24357,9.24553,2.25,1.34
2011.07.18 08:43:25.772,9.24357,9.24553,2.25,1.34
2011.07.18 08:43:27.815,9.24377,9.24543,2.25,1.34
2011.07.18 08:43:29.544,9.24357,9.24548,3.00,1.34
2011.07.18 08:43:30.664,9.24333,9.24513,3.00,2.25
2011.07.18 08:43:30.783,9.2425,9.24503,1.50,2.84
2011.07.18 08:43:31.224,9.2424,9.24493,1.50,2.84
2011.07.18 08:43:34.482,9.24257,9.24494,3.38,1.34
2011.07.18 08:43:35.364,9.24257,9.24493,1.50,2.84
2011.07.18 08:43:37.124,9.24242,9.24472,1.50,1.34
2011.07.18 08:43:37.244,9.24242,9.24472,1.50,1.34
2011.07.18 08:43:37.475,9.24218,9.24468,5.10,1.34
2011.07.18 08:43:44.583,9.24218,9.24441,2.85,1.34
2011.07.18 08:43:44.924,9.24177,9.24353,1.50,3.75
2011.07.18 08:43:45.044,9.24172,9.24353,1.13,3.75
2011.07.18 08:43:46.694,9.2426,9.24378,2.10,1.50
2011.07.18 08:43:46.816,9.24287,9.24392,2.85,2.25
2011.07.18 08:43:46.938,9.24287,9.24392,2.25,2.25
2011.07.18 08:43:47.165,9.24287,9.24554,2.25,1.34
2011.07.18 08:43:52.815,9.24307,9.24558,3.00,1.34
2011.07.18 08:43:53.156,9.24182,9.24357,1.13,3.00
2011.07.18 08:43:53.495,9.24083,9.24327,1.50,1.50
2011.07.18 08:43:58.193,9.24103,9.24287,2.85,1.50
2011.07.18 08:43:58.408,9.24103,9.24292,2.85,3.00
2011.07.18 08:43:58.530,9.24134,9.24363,1.35,1.19
2011.07.18 08:43:59.704,9.24138,9.24363,1.35,1.19
2011.07.18 08:43:59.824,9.24187,9.24372,1.50,3.00
2011.07.18 08:43:59.944,9.24193,9.24402,1.50,1.34
2011.07.18 08:44:00.063,9.24198,9.24404,1.50,1.34
2011.07.18 08:44:01.154,9.24197,9.24408,3.00,1.34
2011.07.18 08:44:01.274,9.24173,9.24399,1.50,2.10
2011.07.18 08:44:01.401,9.24137,9.24364,1.35,1.19
2011.07.18 08:44:01.781,9.24137,9.24364,1.35,1.19
2011.07.18 08:44:02.225,9.2412,9.24292,1.50,3.00
2011.07.18 08:44:02.564,9.24092,9.24292,1.50,3.75
2011.07.18 08:44:06.647,9.24092,9.24292,1.50,3.75
2011.07.18 08:44:06.767,9.24102,9.24292,2.10,2.25
2011.07.18 08:44:06.886,9.24137,9.24317,1.35,2.25
2011.07.18 08:44:07.006,9.24137,9.24363,1.35,2.09
2011.07.18 08:44:07.125,9.24137,9.24364,1.35,1.19
2011.07.18 08:44:08.936,9.24128,9.24346,3.00,1.34
2011.07.18 08:44:09.164,9.24118,9.24325,3.00,1.34
2011.07.18 08:44:09.616,9.24128,9.24349,2.25,1.34
2011.07.18 08:44:09.735,9.24128,9.24367,3.00,1.19
2011.07.18 08:44:09.963,9.24119,9.24352,1.50,2.84
2011.07.18 08:44:10.985,9.24119,9.24343,1.50,3.75
2011.07.18 08:44:11.213,9.24112,9.24328,1.13,1.34
2011.07.18 08:44:11.662,9.24098,9.24343,2.63,3.59
2011.07.18 08:44:11.885,9.24123,9.24373,1.35,3.96
2011.07.18 08:44:12.113,9.24123,9.24373,1.35,3.21
2011.07.18 08:44:12.548,9.24123,9.2435,1.35,1.34
2011.07.18 08:44:12.884,9.24112,9.24332,1.13,1.34
2011.07.18 08:44:13.725,9.24124,9.24372,1.35,1.34
2011.07.18 08:44:15.006,9.2412,9.24342,1.50,3.75
2011.07.18 08:44:15.235,9.24113,9.24332,1.13,1.34
2011.07.18 08:44:15.375,9.24128,9.24332,1.50,1.34
2011.07.18 08:44:16.484,9.24119,9.24264,1.50,1.35
2011.07.18 08:44:16.604,9.24097,9.24264,1.13,1.35
2011.07.18 08:44:20.021,9.24101,9.24264,1.50,1.35
2011.07.18 08:44:20.686,9.24083,9.24264,1.50,1.35
2011.07.18 08:44:20.915,9.24083,9.24278,1.50,1.35
2011.07.18 08:44:21.036,9.24103,9.24283,2.10,2.25
2011.07.18 08:44:21.156,9.2413,9.24307,1.35,2.25
2011.07.18 08:44:21.614,9.24138,9.24357,1.35,2.84
2011.07.18 08:44:25.124,9.24123,9.24343,1.13,1.34
2011.07.18 08:44:25.233,9.24123,9.24339,1.13,1.34
2011.07.18 08:44:25.454,9.24123,9.24336,1.13,1.34
2011.07.18 08:44:27.223,9.24112,9.24336,1.13,1.34
2011.07.18 08:44:27.334,9.24112,9.24323,1.13,1.34
2011.07.18 08:44:28.524,9.24117,9.24342,1.50,2.25
2011.07.18 08:44:28.644,9.24118,9.24372,3.00,2.84
2011.07.18 08:44:29.265,9.24118,9.24373,1.88,3.21
2011.07.18 08:44:29.816,9.24118,9.24348,1.50,1.34
2011.07.18 08:44:30.043,9.24113,9.24327,1.13,1.34
2011.07.18 08:44:30.785,9.24127,9.24352,2.25,1.34
2011.07.18 08:44:30.905,9.24127,9.24352,3.00,1.34
2011.07.18 08:44:31.133,9.2412,9.24373,1.50,3.21
2011.07.18 08:44:32.235,9.2412,9.24342,1.50,3.75
2011.07.18 08:44:32.463,9.24112,9.24328,1.13,1.34
2011.07.18 08:44:33.064,9.24102,9.24342,3.00,3.59
2011.07.18 08:44:33.184,9.24118,9.24362,1.50,2.84
2011.07.18 08:44:34.695,9.24118,9.24329,1.50,1.34
2011.07.18 08:44:35.163,9.24099,9.24342,1.50,1.34
2011.07.18 08:44:35.493,9.24119,9.24343,1.50,2.25
2011.07.18 08:44:35.606,9.24119,9.24352,1.50,2.84
2011.07.18 08:44:36.923,9.24108,9.24352,1.50,2.84
2011.07.18 08:44:38.234,9.24122,9.24336,1.13,1.34
2011.07.18 08:44:38.816,9.24122,9.24333,1.13,1.34
2011.07.18 08:44:39.943,9.24104,9.24292,1.50,3.00
2011.07.18 08:44:40.163,9.24088,9.24252,1.50,3.00
2011.07.18 08:44:40.383,9.24073,9.24252,1.13,3.00
2011.07.18 08:44:41.703,9.24113,9.24252,1.35,3.00
2011.07.18 08:44:41.923,9.24128,9.24282,3.00,1.50
2011.07.18 08:44:42.114,9.24128,9.24346,3.00,1.34
2011.07.18 08:44:42.348,9.24102,9.24282,1.13,1.50
2011.07.18 08:44:43.073,9.24097,9.24283,1.13,3.00
2011.07.18 08:44:43.296,9.24128,9.24335,2.25,1.34
2011.07.18 08:44:43.414,9.24128,9.24369,3.00,1.34
2011.07.18 08:44:44.133,9.24117,9.24372,3.38,1.34
2011.07.18 08:44:45.984,9.24117,9.24362,3.00,2.09
2011.07.18 08:44:46.203,9.24123,9.24332,1.13,1.34
2011.07.18 08:44:49.913,9.24107,9.24321,1.50,1.34
2011.07.18 08:44:50.683,9.24038,9.24266,2.85,1.34
2011.07.18 08:44:52.996,9.24042,9.24266,2.25,1.34
2011.07.18 08:44:53.224,9.24042,9.24264,2.25,1.34
2011.07.18 08:44:53.672,9.24018,9.24264,1.13,1.34
2011.07.18 08:44:56.034,9.24017,9.2424,1.13,1.34
2011.07.18 08:44:56.373,9.24017,9.24229,1.13,1.34
2011.07.18 08:44:56.713,9.24017,9.24247,3.00,1.34
2011.07.18 08:44:56.969,9.24018,9.24273,1.50,3.59
2011.07.18 08:44:57.193,9.24018,9.24271,1.13,1.34
2011.07.18 08:44:58.133,9.24018,9.24247,1.13,1.34
2011.07.18 08:44:58.355,9.24018,9.24232,1.13,1.34
2011.07.18 08:44:59.023,9.2402,9.2425,1.50,1.34
2011.07.18 08:44:59.132,9.2402,9.24253,1.50,2.84
2011.07.18 08:44:59.684,9.2402,9.24273,1.50,3.21
2011.07.18 08:45:00.694,9.2402,9.24227,1.50,1.34
2011.07.18 08:45:01.363,9.24007,9.24232,1.50,1.34
2011.07.18 08:45:01.585,9.24017,9.24251,3.00,1.34
2011.07.18 08:45:01.923,9.2402,9.24273,1.50,3.21
2011.07.18 08:45:03.102,9.24027,9.24249,1.50,1.34
2011.07.18 08:45:03.323,9.2402,9.24226,1.50,1.34
2011.07.18 08:45:03.843,9.24008,9.24232,1.50,3.59
2011.07.18 08:45:04.073,9.2402,9.24272,1.50,3.59
2011.07.18 08:45:06.994,9.2402,9.24233,1.50,1.34
2011.07.18 08:45:07.443,9.24022,9.24253,1.50,2.84
2011.07.18 08:45:07.993,9.2402,9.24273,1.50,3.21
2011.07.18 08:45:09.224,9.24018,9.24266,1.13,1.34
2011.07.18 08:45:10.005,9.24018,9.24262,3.00,1.71
2011.07.18 08:45:12.069,9.24018,9.24237,3.00,1.34
2011.07.18 08:45:12.403,9.24017,9.24231,1.13,1.34
2011.07.18 08:45:13.234,9.24018,9.24248,3.00,1.34
2011.07.18 08:45:13.574,9.24021,9.24273,1.50,3.21
2011.07.18 08:45:14.833,9.24038,9.24292,3.00,2.84
2011.07.18 08:45:17.164,9.24038,9.24158,3.00,1.35
2011.07.18 08:45:17.284,9.24038,9.24158,2.25,1.35
2011.07.18 08:45:17.538,9.24001,9.24158,1.50,1.35
2011.07.18 08:45:18.524,9.24051,9.24172,1.13,2.25
2011.07.18 08:45:18.754,9.24051,9.24257,1.13,1.56
2011.07.18 08:45:20.248,9.24051,9.24267,1.50,1.34
2011.07.18 08:45:20.365,9.24058,9.24267,1.13,1.34
2011.07.18 08:45:20.644,9.24058,9.24267,1.73,1.34
2011.07.18 08:45:20.764,9.24064,9.24293,1.73,2.84
2011.07.18 08:45:20.884,9.24074,9.24317,1.35,1.56
2011.07.18 08:45:21.191,9.24074,9.24317,1.35,1.56
2011.07.18 08:45:22.285,9.24052,9.24257,1.13,1.50
2011.07.18 08:45:22.623,9.23992,9.24171,1.13,1.35
2011.07.18 08:45:22.846,9.23971,9.24152,1.13,1.50
2011.07.18 08:45:29.454,9.24002,9.24142,2.10,2.25
2011.07.18 08:45:29.577,9.24002,9.24176,2.10,1.34
2011.07.18 08:45:29.694,9.24028,9.24212,2.85,1.34
2011.07.18 08:45:29.924,9.24017,9.24235,3.23,1.34
2011.07.18 08:45:30.046,9.24017,9.24243,3.23,1.34
2011.07.18 08:45:31.467,9.24017,9.24243,2.25,1.34
2011.07.18 08:45:31.585,9.24017,9.24166,2.25,2.10
2011.07.18 08:45:31.924,9.23932,9.24113,1.13,3.75
2011.07.18 08:45:32.163,9.23912,9.24113,1.50,3.75
2011.07.18 08:45:35.740,9.24008,9.24116,1.35,1.34
2011.07.18 08:45:35.856,9.24008,9.24153,1.35,2.25
2011.07.18 08:45:35.976,9.24037,9.24204,2.25,1.34
2011.07.18 08:45:36.203,9.24037,9.24218,2.25,1.34
2011.07.18 08:45:46.284,9.24067,9.24258,2.25,1.34
2011.07.18 08:45:46.952,9.24067,9.24253,2.25,1.34
2011.07.18 08:45:47.173,9.24057,9.24253,2.25,1.34
2011.07.18 08:45:47.962,9.24048,9.24253,2.25,1.34
2011.07.18 08:45:48.353,9.24033,9.24229,2.25,1.34
2011.07.18 08:45:48.795,9.24047,9.24173,2.85,1.34
2011.07.18 08:45:49.023,9.24047,9.24175,2.85,1.34
2011.07.18 08:45:49.136,9.24047,9.24201,2.85,1.34
2011.07.18 08:45:51.099,9.24053,9.24201,2.25,1.34
2011.07.18 08:45:51.324,9.24077,9.2427,2.25,1.34
2011.07.18 08:45:51.925,9.24033,9.24133,3.00,3.75
2011.07.18 08:45:52.154,9.2394,9.24133,1.50,3.75
2011.07.18 08:45:53.611,9.23965,9.24113,1.50,3.00
2011.07.18 08:45:53.724,9.24014,9.24113,2.10,3.00
2011.07.18 08:45:53.845,9.24048,9.24194,2.85,1.34
2011.07.18 08:45:54.073,9.24048,9.24213,2.85,1.34
2011.07.18 08:45:56.074,9.24078,9.2428,2.25,1.34
2011.07.18 08:45:57.345,9.24037,9.2428,2.25,1.34
2011.07.18 08:45:58.934,9.24057,9.24265,2.25,1.34
2011.07.18 08:45:59.053,9.24057,9.24277,3.00,1.34
2011.07.18 08:45:59.162,9.24057,9.24302,3.00,1.34
2011.07.18 08:46:01.685,9.24041,9.24283,1.50,2.84
2011.07.18 08:46:08.736,9.24041,9.24283,1.50,2.84
2011.07.18 08:46:11.684,9.24041,9.24203,1.50,1.50
2011.07.18 08:46:11.808,9.24003,9.24167,2.25,1.50
2011.07.18 08:46:11.924,9.2395,9.24167,1.50,1.50
2011.07.18 08:46:12.625,9.23937,9.24157,1.13,1.34
2011.07.18 08:46:13.393,9.23999,9.24172,2.10,2.84
2011.07.18 08:46:13.505,9.23999,9.24172,2.10,2.25
2011.07.18 08:46:13.623,9.24038,9.24197,2.85,2.84
2011.07.18 08:46:13.955,9.24028,9.24162,2.25,3.00
2011.07.18 08:46:14.073,9.24003,9.24123,2.25,3.75
2011.07.18 08:46:14.183,9.23941,9.24123,1.13,3.75
2011.07.18 08:46:14.404,9.23938,9.24123,1.13,3.00
2011.07.18 08:46:14.525,9.23988,9.24148,3.00,2.63
2011.07.18 08:46:14.863,9.23988,9.24148,3.00,2.25
2011.07.18 08:46:14.974,9.24027,9.24243,2.25,1.34
2011.07.18 08:46:15.828,9.24028,9.24243,2.25,1.34
2011.07.18 08:46:17.256,9.24028,9.24167,2.25,1.50
2011.07.18 08:46:17.373,9.23994,9.24167,1.50,1.50
2011.07.18 08:46:17.483,9.2396,9.24166,1.50,1.34
2011.07.18 08:46:17.593,9.23937,9.24166,1.13,1.34
2011.07.18 08:46:19.233,9.23937,9.2415,1.13,1.34
2011.07.18 08:46:21.233,9.23937,9.24152,1.13,1.34
2011.07.18 08:46:21.622,9.24011,9.24193,1.35,2.63
2011.07.18 08:46:21.738,9.24037,9.24217,2.85,2.84
2011.07.18 08:46:21.859,9.24037,9.24217,2.85,2.25
2011.07.18 08:46:22.306,9.24037,9.24249,2.85,1.34
2011.07.18 08:46:22.994,9.24037,9.24167,2.25,1.50
2011.07.18 08:46:23.116,9.23957,9.24167,1.50,1.50
2011.07.18 08:46:24.594,9.23928,9.24127,1.50,1.35
2011.07.18 08:46:57.933,9.23918,9.24097,1.50,1.34
2011.07.18 08:46:59.404,9.23888,9.24078,3.75,1.35
2011.07.18 08:47:00.613,9.23902,9.24092,1.35,3.59
2011.07.18 08:47:00.723,9.23902,9.24092,1.35,2.84
2011.07.18 08:47:00.945,9.23913,9.24113,1.50,1.50
2011.07.18 08:47:02.483,9.23909,9.24077,1.13,1.35
2011.07.18 08:47:05.204,9.23896,9.24093,1.50,1.35
2011.07.18 08:47:06.104,9.23922,9.24112,1.50,3.75
2011.07.18 08:47:09.145,9.23923,9.24113,1.50,1.50
2011.07.18 08:47:10.266,9.23922,9.24113,1.50,1.50
2011.07.18 08:47:15.986,9.23913,9.24112,1.13,1.50
2011.07.18 08:47:33.237,9.23902,9.24092,1.35,3.21
2011.07.18 08:47:42.724,9.23918,9.24112,1.50,1.50
2011.07.18 08:47:43.926,9.23913,9.24112,1.50,1.50
2011.07.18 08:47:47.005,9.23919,9.24123,1.50,2.09
2011.07.18 08:47:47.746,9.23919,9.24123,1.50,2.09
2011.07.18 08:47:58.195,9.23922,9.24123,1.50,1.50
2011.07.18 08:48:31.125,9.23917,9.24113,1.50,1.50
2011.07.18 08:48:31.247,9.23898,9.24078,1.50,1.35
2011.07.18 08:48:48.734,9.23867,9.2406,1.50,1.34
2011.07.18 08:48:48.854,9.23867,9.24068,1.50,1.34
2011.07.18 08:48:50.264,9.23859,9.24063,1.50,1.34
2011.07.18 08:48:51.413,9.23867,9.24071,2.25,1.34
2011.07.18 08:48:53.785,9.23872,9.24078,1.50,1.94
2011.07.18 08:48:55.464,9.23917,9.24087,1.35,1.34
2011.07.18 08:48:55.574,9.23917,9.24111,1.35,1.34
2011.07.18 08:49:35.244,9.23937,9.24111,1.13,1.34
2011.07.18 08:49:35.464,9.23917,9.24098,2.10,1.34
2011.07.18 08:49:49.871,9.23918,9.24104,1.50,1.34
2011.07.18 08:50:02.213,9.23898,9.24097,1.50,1.34
2011.07.18 08:50:35.245,9.23893,9.24092,1.50,1.50
2011.07.18 08:50:35.910,9.23837,9.24035,1.50,1.34
2011.07.18 08:50:44.986,9.23827,9.24032,1.13,1.50
2011.07.18 08:50:45.105,9.23817,9.23993,1.35,1.34
2011.07.18 08:50:45.676,9.23832,9.24022,1.13,1.50
2011.07.18 08:50:58.877,9.23818,9.24012,1.50,1.50
2011.07.18 08:50:59.214,9.2378,9.23972,1.50,1.35
2011.07.18 08:51:15.925,9.23767,9.23938,1.50,1.35
2011.07.18 08:51:16.268,9.23747,9.23938,1.13,1.35
2011.07.18 08:51:16.386,9.23744,9.23938,1.13,1.35
2011.07.18 08:51:27.195,9.23742,9.23922,1.50,1.50
2011.07.18 08:51:28.797,9.23782,9.23972,1.35,1.34
2011.07.18 08:51:28.916,9.23782,9.23993,1.35,1.34
2011.07.18 08:51:31.775,9.23793,9.23993,1.13,1.34
2011.07.18 08:52:23.747,9.23793,9.23993,1.13,1.34
2011.07.18 08:52:31.837,9.2377,9.23999,1.50,1.71
2011.07.18 08:54:51.047,9.2377,9.23974,1.50,1.19
2011.07.18 08:54:51.384,9.23748,9.23943,1.50,1.34
2011.07.18 08:58:11.144,9.23733,9.23947,1.50,1.34
2011.07.18 08:58:11.366,9.23761,9.23965,1.50,1.34
2011.07.18 08:58:11.488,9.23761,9.23965,1.50,1.34
2011.07.18 08:59:26.674,9.23748,9.23949,1.50,1.34
2011.07.18 08:59:46.788,9.23748,9.23952,1.50,1.34
