2018.03.19 02:00:04.132,10.07251,10.07718,1.75,1.00
2018.03.19 02:00:04.904,10.07251,10.07718,1.37,1.37
2018.03.19 02:00:05.317,10.07241,10.07718,1.75,1.00
2018.03.19 02:00:05.648,10.07231,10.07718,1.75,1.37
2018.03.19 02:00:06.188,10.07231,10.07718,1.37,1.75
2018.03.19 02:00:07.605,10.072,10.07705,1.75,1.75
2018.03.19 02:00:09.586,10.07201,10.07705,1.37,1.75
2018.03.19 02:00:14.560,10.072,10.07705,1.37,1.75
2018.03.19 02:00:15.062,10.07201,10.07705,1.37,1.75
2018.03.19 02:00:16.319,10.072,10.07708,1.75,1.75
2018.03.19 02:00:17.162,10.07181,10.07684,1.75,1.37
2018.03.19 02:00:17.662,10.07181,10.07684,1.75,1.37
2018.03.19 02:00:19.462,10.07185,10.07684,1.00,1.75
2018.03.19 02:00:19.971,10.07181,10.07684,1.75,1.37
2018.03.19 02:00:20.475,10.07185,10.07684,1.00,1.75
2018.03.19 02:00:20.607,10.07181,10.07684,1.50,1.75
2018.03.19 02:00:23.430,10.07181,10.07684,1.75,1.75
2018.03.19 02:00:31.539,10.07181,10.07684,1.50,1.75
2018.03.19 02:00:45.618,10.07181,10.07684,1.37,1.75
2018.03.19 02:00:45.669,10.07181,10.07684,1.00,1.75
2018.03.19 02:00:45.720,10.07181,10.07684,1.00,1.37
2018.03.19 02:00:45.965,10.07181,10.07684,1.37,1.75
2018.03.19 02:00:51.152,10.07181,10.07684,1.75,1.37
2018.03.19 02:01:01.270,10.07181,10.07694,1.75,1.75
2018.03.19 02:01:02.854,10.07181,10.07685,1.75,1.75
2018.03.19 02:01:12.349,10.07171,10.07674,1.75,1.37
2018.03.19 02:01:13.111,10.07171,10.07688,1.37,1.75
2018.03.19 02:01:13.193,10.07171,10.07688,1.75,1.75
2018.03.19 02:01:14.493,10.07171,10.07674,1.75,1.75
2018.03.19 02:01:15.561,10.07171,10.07685,1.75,1.50
2018.03.19 02:01:16.409,10.0717,10.0769,1.75,1.75
2018.03.19 02:01:16.735,10.07171,10.07674,1.75,1.37
2018.03.19 02:01:17.753,10.07171,10.07674,1.75,1.37
2018.03.19 02:01:18.753,10.07171,10.07674,1.37,1.00
2018.03.19 02:01:18.805,10.07171,10.07684,1.37,1.75
2018.03.19 02:01:19.456,10.07171,10.07675,1.75,1.75
2018.03.19 02:01:20.118,10.07171,10.07689,1.75,1.75
2018.03.19 02:01:20.270,10.07171,10.07674,1.75,1.75
2018.03.19 02:01:28.272,10.07175,10.07689,1.37,1.75
2018.03.19 02:01:28.897,10.07175,10.07689,1.00,1.75
2018.03.19 02:01:28.948,10.07175,10.07674,1.37,1.75
2018.03.19 02:01:29.152,10.0717,10.0769,1.00,2.25
2018.03.19 02:01:29.203,10.07171,10.07689,1.37,2.25
2018.03.19 02:01:29.356,10.07171,10.07675,1.75,1.75
2018.03.19 02:01:29.812,10.0717,10.07674,1.75,1.37
2018.03.19 02:01:29.863,10.07171,10.07689,1.75,1.75
2018.03.19 02:01:29.916,10.07171,10.07689,1.37,1.75
2018.03.19 02:01:30.763,10.07171,10.07674,1.75,1.75
2018.03.19 02:01:34.376,10.07171,10.07674,1.75,1.37
2018.03.19 02:01:44.031,10.07171,10.07684,1.37,1.75
2018.03.19 02:01:44.082,10.07171,10.07674,1.75,1.37
2018.03.19 02:01:47.003,10.07171,10.07674,1.75,1.37
2018.03.19 02:01:54.026,10.07171,10.07674,1.37,1.37
2018.03.19 02:01:54.077,10.07171,10.07686,1.75,1.75
2018.03.19 02:01:54.179,10.07171,10.07675,1.75,1.50
2018.03.19 02:01:54.230,10.07171,10.07675,1.37,1.50
2018.03.19 02:01:54.282,10.07171,10.07675,1.75,1.50
2018.03.19 02:01:54.333,10.07171,10.07675,1.37,1.50
2018.03.19 02:01:54.849,10.07171,10.07675,1.75,1.50
2018.03.19 02:02:06.164,10.07161,10.07684,1.75,1.75
2018.03.19 02:02:07.350,10.07151,10.07685,1.75,1.75
2018.03.19 02:02:08.196,10.07151,10.07685,1.75,1.75
2018.03.19 02:02:13.078,10.07151,10.07685,1.75,1.75
2018.03.19 02:02:13.966,10.07151,10.07685,1.37,1.75
2018.03.19 02:02:14.162,10.07151,10.07685,1.75,1.75
2018.03.19 02:02:15.061,10.07151,10.07697,1.37,1.75
2018.03.19 02:02:15.403,10.07151,10.07684,1.37,1.75
2018.03.19 02:02:24.134,10.07151,10.07698,1.75,1.75
2018.03.19 02:02:27.702,10.07151,10.07697,1.37,1.37
2018.03.19 02:02:27.753,10.07175,10.07697,1.00,1.75
2018.03.19 02:02:28.207,10.07155,10.07684,1.37,1.75
2018.03.19 02:02:28.715,10.07151,10.07684,1.75,1.75
2018.03.19 02:02:29.030,10.07151,10.07684,1.75,1.75
2018.03.19 02:02:30.716,10.07151,10.07684,1.75,1.75
2018.03.19 02:02:32.091,10.07151,10.07675,1.37,1.00
2018.03.19 02:02:32.592,10.0715,10.07684,1.37,1.75
2018.03.19 02:02:33.077,10.0715,10.07684,1.75,1.75
2018.03.19 02:02:47.734,10.07175,10.07696,1.00,1.75
2018.03.19 02:02:47.785,10.07151,10.07696,1.75,1.75
2018.03.19 02:02:48.093,10.07151,10.07684,1.75,1.37
2018.03.19 02:02:49.629,10.07151,10.07684,1.75,1.37
2018.03.19 02:02:51.309,10.0715,10.07684,1.75,1.75
2018.03.19 02:03:01.167,10.07151,10.07699,1.75,1.75
2018.03.19 02:03:04.312,10.07151,10.07674,1.75,1.37
2018.03.19 02:03:07.991,10.07151,10.07689,1.75,1.75
2018.03.19 02:03:08.044,10.07151,10.07675,1.75,1.37
2018.03.19 02:03:08.145,10.07151,10.07689,1.37,1.37
2018.03.19 02:03:08.196,10.07151,10.07675,1.37,1.00
2018.03.19 02:03:08.504,10.07151,10.07674,1.75,1.37
2018.03.19 02:03:09.058,10.07151,10.07689,1.75,1.75
2018.03.19 02:03:09.406,10.07151,10.07679,1.75,1.37
2018.03.19 02:03:10.551,10.0715,10.07679,1.75,1.37
2018.03.19 02:03:10.602,10.0715,10.07679,1.75,1.37
2018.03.19 02:03:11.379,10.07151,10.07679,1.75,1.37
2018.03.19 02:03:14.805,10.0715,10.0769,1.75,1.87
2018.03.19 02:03:18.773,10.07151,10.07674,1.75,1.37
2018.03.19 02:03:19.135,10.07151,10.07674,1.75,1.37
2018.03.19 02:03:21.695,10.07151,10.07674,1.75,1.37
2018.03.19 02:03:22.149,10.0715,10.07674,1.75,1.37
2018.03.19 02:03:22.784,10.0715,10.07674,1.75,1.37
2018.03.19 02:03:28.318,10.07151,10.07689,1.75,1.37
2018.03.19 02:03:28.771,10.07151,10.07674,1.75,1.37
2018.03.19 02:03:29.797,10.07151,10.07674,1.75,1.37
2018.03.19 02:03:29.848,10.07151,10.07689,1.37,1.37
2018.03.19 02:03:29.900,10.07151,10.07689,1.75,1.37
2018.03.19 02:03:30.218,10.07151,10.07689,1.75,2.62
2018.03.19 02:03:32.855,10.07151,10.07674,1.75,1.37
2018.03.19 02:03:39.709,10.07151,10.07674,1.75,1.37
2018.03.19 02:03:43.784,10.07151,10.07674,1.75,1.37
2018.03.19 02:03:46.278,10.07151,10.07674,1.75,1.37
2018.03.19 02:03:56.167,10.07151,10.07684,1.75,1.37
2018.03.19 02:04:02.378,10.07151,10.07699,1.37,1.75
2018.03.19 02:04:02.430,10.07151,10.07699,1.37,1.75
2018.03.19 02:04:02.482,10.07151,10.07674,1.75,1.37
2018.03.19 02:04:02.585,10.07151,10.07674,1.75,1.37
2018.03.19 02:04:03.622,10.07131,10.07674,1.75,1.37
2018.03.19 02:04:03.834,10.07131,10.07674,1.75,1.37
2018.03.19 02:04:07.483,10.07131,10.07684,1.75,1.37
2018.03.19 02:04:08.657,10.07141,10.07684,1.75,1.37
2018.03.19 02:04:13.353,10.07141,10.07684,1.75,1.37
2018.03.19 02:04:13.405,10.07141,10.07684,1.75,1.37
2018.03.19 02:04:13.516,10.07141,10.07684,1.37,1.37
2018.03.19 02:04:13.569,10.07141,10.07699,1.75,3.00
2018.03.19 02:04:14.929,10.07141,10.07698,1.75,1.75
2018.03.19 02:04:16.317,10.07141,10.07684,1.75,1.37
2018.03.19 02:04:28.465,10.07141,10.07684,1.37,1.37
2018.03.19 02:04:28.516,10.07141,10.07684,1.75,1.37
2018.03.19 02:04:29.714,10.07141,10.07684,1.75,1.37
2018.03.19 02:04:31.195,10.07141,10.07684,1.75,1.37
2018.03.19 02:04:49.186,10.07141,10.07684,1.75,1.37
2018.03.19 02:04:50.172,10.0714,10.07684,1.37,1.00
2018.03.19 02:04:50.224,10.0714,10.07684,1.75,1.37
2018.03.19 02:04:53.451,10.07141,10.07684,1.75,1.37
2018.03.19 02:04:57.725,10.07141,10.07684,1.75,1.37
2018.03.19 02:05:02.759,10.07141,10.07685,1.75,1.50
2018.03.19 02:05:08.946,10.0714,10.07684,1.37,1.37
2018.03.19 02:05:09.939,10.0714,10.07684,1.75,1.37
2018.03.19 02:05:32.575,10.07141,10.07684,1.75,1.37
2018.03.19 02:05:36.180,10.07141,10.07684,1.75,1.37
2018.03.19 02:05:58.799,10.07147,10.07614,1.75,1.00
2018.03.19 02:05:59.139,10.07155,10.07612,1.37,1.00
2018.03.19 02:06:00.288,10.07155,10.07612,1.37,1.00
2018.03.19 02:06:01.501,10.07155,10.07612,1.37,1.00
2018.03.19 02:06:18.371,10.07144,10.07612,1.75,1.00
2018.03.19 02:06:26.121,10.07144,10.07612,1.75,1.00
2018.03.19 02:06:36.881,10.07145,10.07612,1.50,1.00
2018.03.19 02:06:52.491,10.07145,10.07612,1.50,1.00
2018.03.19 02:06:53.977,10.07145,10.07612,1.12,1.00
2018.03.19 02:06:55.006,10.07145,10.07612,1.50,1.00
2018.03.19 02:06:59.374,10.07141,10.07615,1.75,1.00
2018.03.19 02:06:59.881,10.07141,10.07616,2.25,1.00
2018.03.19 02:07:03.595,10.07142,10.07631,1.75,1.00
2018.03.19 02:07:04.909,10.07141,10.07615,2.25,1.00
2018.03.19 02:07:06.077,10.07141,10.07615,2.25,1.00
2018.03.19 02:07:07.652,10.07141,10.07615,2.25,1.00
2018.03.19 02:07:09.555,10.07141,10.07615,2.25,1.00
2018.03.19 02:07:09.636,10.07145,10.07632,1.50,1.00
2018.03.19 02:07:09.799,10.07145,10.07615,1.75,1.00
2018.03.19 02:07:10.659,10.07144,10.07614,1.75,1.00
2018.03.19 02:07:11.701,10.07144,10.07614,1.75,1.00
2018.03.19 02:07:13.616,10.07144,10.07614,1.75,1.00
2018.03.19 02:07:14.404,10.07141,10.07615,1.75,1.00
2018.03.19 02:07:14.911,10.07141,10.07616,2.25,1.00
2018.03.19 02:07:15.907,10.07141,10.07616,2.25,1.00
2018.03.19 02:07:29.435,10.07141,10.07614,2.25,1.00
2018.03.19 02:07:29.941,10.07141,10.07613,2.25,1.00
2018.03.19 02:07:33.893,10.07144,10.07628,1.75,1.00
2018.03.19 02:07:35.480,10.07144,10.07628,1.75,1.00
2018.03.19 02:07:37.808,10.07142,10.07631,1.75,1.00
2018.03.19 02:07:37.859,10.07142,10.07631,1.75,1.00
2018.03.19 02:07:37.962,10.07142,10.07631,1.75,1.00
2018.03.19 02:07:38.767,10.0715,10.07615,1.75,1.00
2018.03.19 02:07:39.472,10.0715,10.07615,1.75,1.00
2018.03.19 02:07:44.346,10.0715,10.07615,1.37,1.00
2018.03.19 02:07:45.158,10.07144,10.07614,1.37,1.00
2018.03.19 02:07:45.260,10.07144,10.07614,1.75,1.00
2018.03.19 02:07:47.493,10.07144,10.07614,1.75,1.00
2018.03.19 02:07:51.791,10.07144,10.07614,1.75,1.00
2018.03.19 02:07:52.663,10.07139,10.07686,1.75,1.75
2018.03.19 02:07:52.738,10.07154,10.07616,1.75,1.00
2018.03.19 02:07:53.081,10.0715,10.07614,1.75,1.00
2018.03.19 02:07:53.259,10.0714,10.07624,1.75,1.00
2018.03.19 02:07:53.310,10.07148,10.07611,1.75,1.00
2018.03.19 02:07:55.260,10.07148,10.07611,1.75,1.00
2018.03.19 02:07:56.843,10.07148,10.07612,1.75,1.00
2018.03.19 02:07:59.500,10.07148,10.0761,1.75,1.00
2018.03.19 02:08:05.955,10.07148,10.0761,1.37,1.00
2018.03.19 02:08:06.172,10.07148,10.0761,1.75,1.00
2018.03.19 02:08:07.393,10.07148,10.0761,1.75,1.00
2018.03.19 02:08:08.577,10.07148,10.0761,1.37,1.00
2018.03.19 02:08:08.725,10.07148,10.0761,1.75,1.00
2018.03.19 02:08:08.831,10.07141,10.07628,1.75,1.00
2018.03.19 02:08:08.939,10.07148,10.07611,1.75,1.00
2018.03.19 02:08:10.648,10.07148,10.07611,1.75,1.00
2018.03.19 02:08:28.208,10.07142,10.07632,1.75,1.00
2018.03.19 02:08:28.260,10.07142,10.07636,1.37,1.00
2018.03.19 02:08:29.032,10.07152,10.07617,1.75,1.00
2018.03.19 02:08:29.137,10.07144,10.07634,1.75,1.00
2018.03.19 02:08:29.188,10.07151,10.07618,1.75,1.00
2018.03.19 02:08:29.592,10.07151,10.07618,1.75,1.00
2018.03.19 02:08:30.010,10.07146,10.07615,1.75,1.00
2018.03.19 02:08:30.163,10.07141,10.0763,1.75,1.00
2018.03.19 02:08:30.595,10.07151,10.07615,1.75,1.00
2018.03.19 02:08:36.880,10.07151,10.07615,1.75,1.00
2018.03.19 02:08:42.487,10.07151,10.07615,1.75,1.00
2018.03.19 02:08:44.229,10.07151,10.07615,1.75,1.00
2018.03.19 02:08:45.049,10.07141,10.07631,1.75,1.00
2018.03.19 02:08:45.100,10.07141,10.07616,1.75,1.00
2018.03.19 02:08:45.662,10.07141,10.07616,2.25,1.00
2018.03.19 02:08:51.964,10.07141,10.07616,2.25,1.00
2018.03.19 02:08:53.389,10.07141,10.07616,2.25,1.00
2018.03.19 02:08:59.614,10.07141,10.07615,1.75,1.00
2018.03.19 02:09:00.117,10.07146,10.07619,1.75,1.00
2018.03.19 02:09:00.896,10.07146,10.07619,1.75,1.00
2018.03.19 02:09:04.298,10.07146,10.07619,1.75,1.00
2018.03.19 02:09:07.872,10.07146,10.07619,1.37,1.00
2018.03.19 02:09:08.003,10.07146,10.07619,1.75,1.00
2018.03.19 02:09:11.290,10.07146,10.07619,1.75,1.00
2018.03.19 02:09:12.430,10.07146,10.07619,1.75,1.00
2018.03.19 02:09:14.746,10.07141,10.07619,1.75,1.00
2018.03.19 02:09:15.151,10.07141,10.07615,1.75,1.00
2018.03.19 02:09:24.587,10.07141,10.07653,1.75,1.00
2018.03.19 02:09:25.839,10.07141,10.07677,2.25,1.00
2018.03.19 02:09:25.992,10.07148,10.07687,1.75,1.37
2018.03.19 02:09:26.044,10.07164,10.07704,1.75,1.00
2018.03.19 02:09:26.095,10.07142,10.07706,1.12,1.37
2018.03.19 02:09:26.299,10.07147,10.07685,1.75,1.00
2018.03.19 02:09:26.452,10.07147,10.07685,1.75,1.00
2018.03.19 02:09:26.962,10.07147,10.07685,1.75,1.00
2018.03.19 02:09:27.166,10.07147,10.07685,1.75,1.00
2018.03.19 02:09:27.317,10.0716,10.07699,1.75,1.00
2018.03.19 02:09:27.368,10.07157,10.07719,1.75,1.37
2018.03.19 02:09:27.469,10.07157,10.07719,1.75,1.37
2018.03.19 02:09:27.812,10.07161,10.07719,1.75,1.37
2018.03.19 02:09:28.337,10.07161,10.07719,1.75,1.00
2018.03.19 02:09:29.682,10.07178,10.07716,1.75,1.00
2018.03.19 02:09:37.334,10.0718,10.07731,2.25,1.00
2018.03.19 02:09:38.134,10.07181,10.07731,1.75,1.00
2018.03.19 02:09:38.490,10.07181,10.07742,1.75,1.00
2018.03.19 02:09:39.644,10.07191,10.07742,1.75,1.00
2018.03.19 02:09:39.695,10.0719,10.07753,1.75,1.00
2018.03.19 02:09:40.821,10.07191,10.07753,1.75,1.00
2018.03.19 02:09:44.704,10.07191,10.07745,1.75,1.00
2018.03.19 02:09:44.756,10.07191,10.07745,1.75,1.00
2018.03.19 02:09:45.160,10.07191,10.07747,1.75,1.00
2018.03.19 02:09:59.735,10.07235,10.07749,1.00,1.00
2018.03.19 02:10:03.732,10.07235,10.0775,1.00,1.00
2018.03.19 02:10:07.061,10.07191,10.0775,1.75,1.00
2018.03.19 02:10:11.812,10.07235,10.0775,1.00,1.00
2018.03.19 02:10:14.476,10.07191,10.07751,1.75,1.00
2018.03.19 02:10:15.221,10.07191,10.07747,1.75,1.00
2018.03.19 02:10:17.287,10.07191,10.07747,1.75,1.00
2018.03.19 02:10:20.681,10.07191,10.07747,1.75,1.00
2018.03.19 02:10:23.543,10.07191,10.07747,1.75,1.00
2018.03.19 02:10:26.087,10.07191,10.07747,1.75,1.00
2018.03.19 02:10:26.823,10.07191,10.07747,1.75,1.00
2018.03.19 02:10:26.929,10.07191,10.07767,1.75,1.00
2018.03.19 02:10:27.032,10.07191,10.07745,1.75,1.00
2018.03.19 02:10:28.478,10.0719,10.07745,1.75,1.00
2018.03.19 02:10:29.473,10.07181,10.07746,1.75,1.00
2018.03.19 02:10:29.795,10.07181,10.0775,1.75,1.00
2018.03.19 02:10:29.984,10.07181,10.07755,1.75,1.00
2018.03.19 02:10:37.131,10.07181,10.07755,1.75,1.00
2018.03.19 02:10:44.913,10.07181,10.07753,1.75,1.00
2018.03.19 02:10:46.833,10.07181,10.07754,1.75,1.00
2018.03.19 02:10:46.884,10.07181,10.07754,1.75,1.00
2018.03.19 02:10:47.476,10.07181,10.07748,1.75,1.00
2018.03.19 02:10:48.228,10.07181,10.07748,1.75,1.00
2018.03.19 02:10:49.437,10.07181,10.07748,1.75,1.00
2018.03.19 02:10:50.521,10.07181,10.07739,1.75,1.00
2018.03.19 02:10:52.202,10.07171,10.07739,1.75,1.00
2018.03.19 02:10:54.880,10.07171,10.07753,1.75,1.00
2018.03.19 02:10:56.430,10.07171,10.07753,1.75,1.00
2018.03.19 02:10:57.584,10.07171,10.07753,1.75,1.00
2018.03.19 02:10:59.892,10.07171,10.07745,1.75,1.00
2018.03.19 02:11:00.867,10.07171,10.07745,1.75,1.00
2018.03.19 02:11:02.661,10.07171,10.07745,1.75,1.00
2018.03.19 02:11:04.399,10.07171,10.07745,1.75,1.00
2018.03.19 02:11:04.708,10.07171,10.07745,1.75,1.00
2018.03.19 02:11:05.543,10.07171,10.07745,1.75,1.00
2018.03.19 02:11:06.482,10.07171,10.07745,1.75,1.00
2018.03.19 02:11:08.659,10.07181,10.07745,1.75,1.00
2018.03.19 02:11:14.885,10.07181,10.07744,1.75,1.00
2018.03.19 02:11:15.852,10.07181,10.07764,1.75,1.00
2018.03.19 02:11:15.973,10.07181,10.07764,1.37,1.00
2018.03.19 02:11:16.025,10.07181,10.07764,1.75,1.00
2018.03.19 02:11:17.184,10.07181,10.07748,1.75,1.00
2018.03.19 02:11:17.235,10.07181,10.07748,1.75,1.00
2018.03.19 02:11:22.210,10.07181,10.07748,1.75,1.00
2018.03.19 02:11:29.915,10.07181,10.07747,1.75,1.00
2018.03.19 02:11:39.054,10.07181,10.07747,1.75,1.00
2018.03.19 02:11:40.335,10.07181,10.07747,1.75,1.00
2018.03.19 02:11:44.945,10.07181,10.0774,1.75,1.00
2018.03.19 02:11:45.452,10.0718,10.07739,1.37,1.00
2018.03.19 02:11:49.569,10.0718,10.07739,1.37,1.00
2018.03.19 02:12:10.995,10.0718,10.07739,1.37,1.00
2018.03.19 02:12:12.476,10.07181,10.07739,1.37,1.00
2018.03.19 02:12:13.425,10.07171,10.07735,1.37,1.00
2018.03.19 02:12:13.639,10.07161,10.07735,1.75,1.00
2018.03.19 02:12:15.005,10.0715,10.07723,1.75,1.00
2018.03.19 02:12:15.474,10.07151,10.07733,1.75,1.00
2018.03.19 02:12:15.653,10.07159,10.07753,1.75,1.00
2018.03.19 02:12:20.655,10.07181,10.07745,1.37,1.00
2018.03.19 02:12:24.737,10.07181,10.07745,1.37,1.00
2018.03.19 02:12:27.339,10.07181,10.07745,1.37,1.00
2018.03.19 02:12:30.035,10.07181,10.07744,1.37,1.00
2018.03.19 02:13:11.687,10.07181,10.07744,1.37,1.00
2018.03.19 02:13:15.125,10.07181,10.07745,1.37,1.00
2018.03.19 02:13:22.147,10.07181,10.07745,1.37,1.00
2018.03.19 02:14:23.331,10.07181,10.07745,1.37,1.00
2018.03.19 02:14:23.383,10.07181,10.07766,1.37,1.00
2018.03.19 02:14:23.520,10.07181,10.07789,1.75,1.00
2018.03.19 02:14:23.571,10.07181,10.07762,1.75,1.00
2018.03.19 02:14:24.310,10.07171,10.07741,1.37,1.00
2018.03.19 02:14:24.362,10.07171,10.07741,1.37,1.00
2018.03.19 02:14:25.425,10.07161,10.07731,1.75,1.00
2018.03.19 02:14:25.735,10.0715,10.07719,1.75,1.00
2018.03.19 02:14:27.336,10.0715,10.07719,1.75,1.00
2018.03.19 02:14:27.840,10.07151,10.07734,1.75,1.00
2018.03.19 02:14:27.942,10.07151,10.07721,1.75,1.00
2018.03.19 02:14:28.493,10.07151,10.07721,1.75,1.00
2018.03.19 02:14:30.324,10.07151,10.07716,1.37,1.00
2018.03.19 02:14:30.837,10.07161,10.07717,1.37,1.00
2018.03.19 02:14:31.203,10.07161,10.07726,1.37,1.00
2018.03.19 02:14:31.270,10.07161,10.07728,1.37,1.00
2018.03.19 02:14:31.473,10.07161,10.07728,1.37,1.00
2018.03.19 02:14:31.616,10.07161,10.07739,1.75,1.00
2018.03.19 02:14:31.718,10.07161,10.07726,1.75,1.00
2018.03.19 02:14:37.601,10.07161,10.07726,1.37,1.00
2018.03.19 02:14:40.221,10.07161,10.07738,1.75,1.00
2018.03.19 02:14:40.371,10.07161,10.07743,1.75,1.00
2018.03.19 02:14:44.133,10.07161,10.07743,1.75,1.00
2018.03.19 02:14:45.304,10.07161,10.0774,1.75,1.00
2018.03.19 02:14:45.406,10.07161,10.0774,1.75,1.00
2018.03.19 02:14:45.761,10.07161,10.07738,1.75,1.00
2018.03.19 02:14:48.183,10.07161,10.07738,1.75,1.00
2018.03.19 02:15:00.335,10.07161,10.0774,1.75,1.00
2018.03.19 02:15:22.394,10.07161,10.07753,1.75,1.00
2018.03.19 02:15:22.445,10.07161,10.07749,1.75,1.00
2018.03.19 02:15:22.650,10.0716,10.07738,1.75,1.00
2018.03.19 02:15:23.572,10.07161,10.07738,1.75,1.00
2018.03.19 02:15:24.820,10.07161,10.07738,1.75,1.00
2018.03.19 02:15:26.427,10.0716,10.07726,1.75,1.00
2018.03.19 02:15:26.478,10.07161,10.07726,1.37,1.00
2018.03.19 02:15:28.475,10.07161,10.07726,1.37,1.00
2018.03.19 02:15:30.394,10.07161,10.07734,1.37,1.00
2018.03.19 02:15:30.446,10.07161,10.07738,1.75,1.00
2018.03.19 02:15:31.263,10.07171,10.07791,1.75,1.00
2018.03.19 02:15:31.315,10.07171,10.07784,1.75,1.00
2018.03.19 02:15:31.886,10.0718,10.07763,1.37,1.00
2018.03.19 02:15:33.592,10.07181,10.07763,1.75,1.00
2018.03.19 02:15:36.159,10.0718,10.07763,1.75,1.00
2018.03.19 02:15:37.771,10.07181,10.07763,1.75,1.00
2018.03.19 02:15:38.097,10.07181,10.07761,1.37,1.00
2018.03.19 02:15:38.402,10.07181,10.07753,1.37,1.00
2018.03.19 02:15:38.453,10.07181,10.07766,1.37,1.00
2018.03.19 02:15:38.600,10.07181,10.07755,1.37,1.00
2018.03.19 02:15:39.299,10.07181,10.07755,1.37,1.00
2018.03.19 02:15:39.893,10.07181,10.07759,1.37,1.00
2018.03.19 02:15:40.542,10.07181,10.07759,1.37,1.00
2018.03.19 02:15:45.257,10.07181,10.07752,1.37,1.00
2018.03.19 02:15:45.308,10.07181,10.07752,1.00,1.00
2018.03.19 02:15:45.359,10.07181,10.07752,1.37,1.00
2018.03.19 02:15:45.410,10.07181,10.07758,1.37,1.00
2018.03.19 02:15:45.512,10.07181,10.07778,1.75,1.00
2018.03.19 02:15:45.564,10.07181,10.07758,1.37,1.00
2018.03.19 02:15:45.774,10.0718,10.07758,1.00,1.00
2018.03.19 02:15:46.308,10.0718,10.07758,1.37,1.00
2018.03.19 02:15:46.766,10.0718,10.07746,1.37,1.00
2018.03.19 02:15:50.524,10.07181,10.07746,1.37,1.00
2018.03.19 02:15:52.800,10.07181,10.07746,1.37,1.00
2018.03.19 02:15:54.475,10.0718,10.07741,1.37,1.00
2018.03.19 02:15:55.798,10.0718,10.07741,1.37,1.00
2018.03.19 02:15:57.346,10.0718,10.0774,1.37,1.00
2018.03.19 02:15:58.534,10.07161,10.0774,1.75,1.00
2018.03.19 02:16:00.069,10.07161,10.0774,1.75,1.00
2018.03.19 02:16:00.455,10.07161,10.07733,1.75,1.00
2018.03.19 02:16:02.613,10.07161,10.07733,1.37,1.00
2018.03.19 02:16:05.054,10.07161,10.07733,1.37,1.00
2018.03.19 02:16:06.478,10.07161,10.0773,1.37,1.00
2018.03.19 02:16:07.826,10.07151,10.07746,1.75,1.00
2018.03.19 02:16:09.100,10.07151,10.07746,1.75,1.00
2018.03.19 02:16:15.485,10.07151,10.07739,1.75,1.00
2018.03.19 02:16:30.532,10.07151,10.07749,1.75,1.00
2018.03.19 02:16:45.714,10.07151,10.07749,1.75,1.00
2018.03.19 02:16:48.379,10.07151,10.07749,1.75,1.00
2018.03.19 02:16:52.921,10.07151,10.07749,1.75,1.00
2018.03.19 02:17:00.245,10.07151,10.07749,1.75,1.00
2018.03.19 02:17:00.640,10.07151,10.07738,1.75,1.00
2018.03.19 02:17:02.477,10.07151,10.07738,1.75,1.00
2018.03.19 02:17:15.605,10.07161,10.07733,1.37,1.00
2018.03.19 02:17:31.990,10.07161,10.07749,1.75,1.00
2018.03.19 02:17:32.447,10.07161,10.07734,1.75,1.00
2018.03.19 02:17:34.359,10.0716,10.07734,1.37,1.00
2018.03.19 02:17:45.665,10.07161,10.07737,1.37,1.00
2018.03.19 02:18:00.694,10.07161,10.07738,1.37,1.00
2018.03.19 02:18:02.684,10.07161,10.07738,1.37,1.00
2018.03.19 02:18:06.365,10.07161,10.07769,1.75,1.00
2018.03.19 02:18:06.572,10.07161,10.07753,1.75,1.00
2018.03.19 02:18:07.491,10.07161,10.07753,1.75,1.00
2018.03.19 02:18:08.473,10.07161,10.0774,1.75,1.00
2018.03.19 02:18:13.692,10.07161,10.0774,1.75,1.00
2018.03.19 02:18:22.079,10.07161,10.0774,1.75,1.00
2018.03.19 02:18:23.246,10.07161,10.0774,1.75,1.00
2018.03.19 02:18:24.425,10.07161,10.07731,1.75,1.00
2018.03.19 02:18:24.476,10.07161,10.07731,1.37,1.00
2018.03.19 02:18:25.474,10.0716,10.07734,1.37,1.00
2018.03.19 02:18:26.791,10.07171,10.07734,1.37,1.00
2018.03.19 02:18:27.367,10.07171,10.07753,1.37,1.00
2018.03.19 02:18:30.805,10.0717,10.0774,1.37,1.00
2018.03.19 02:18:31.321,10.0717,10.0774,1.37,1.00
2018.03.19 02:18:33.731,10.0717,10.07739,1.37,1.00
2018.03.19 02:18:35.332,10.0717,10.07739,1.37,1.00
2018.03.19 02:18:36.863,10.0717,10.07739,1.37,1.00
2018.03.19 02:18:38.131,10.0717,10.07739,1.37,1.00
2018.03.19 02:18:39.694,10.0717,10.07739,1.37,1.00
2018.03.19 02:18:42.460,10.0717,10.07739,1.37,1.00
2018.03.19 02:18:47.978,10.07171,10.07739,1.00,1.00
2018.03.19 02:18:48.030,10.07171,10.07748,1.37,1.00
2018.03.19 02:18:48.408,10.0717,10.07736,1.37,1.00
2018.03.19 02:18:48.895,10.0717,10.07749,1.37,1.00
2018.03.19 02:18:49.166,10.0717,10.07737,1.37,1.00
2018.03.19 02:18:49.476,10.07171,10.07733,1.37,1.00
2018.03.19 02:18:52.277,10.07171,10.07733,1.37,1.00
2018.03.19 02:18:56.003,10.07171,10.07733,1.37,1.00
2018.03.19 02:18:58.943,10.07171,10.07739,1.37,1.00
2018.03.19 02:19:00.815,10.0717,10.07735,1.37,1.00
2018.03.19 02:19:00.917,10.0717,10.07735,1.37,1.00
2018.03.19 02:19:05.607,10.07171,10.07735,1.75,1.00
2018.03.19 02:19:07.574,10.07171,10.07735,1.37,1.00
2018.03.19 02:19:08.482,10.07171,10.07749,1.75,1.00
2018.03.19 02:19:09.428,10.07171,10.07749,1.75,1.00
2018.03.19 02:19:15.844,10.07181,10.07742,1.37,1.00
2018.03.19 02:19:19.452,10.07181,10.07742,1.37,1.00
2018.03.19 02:19:22.984,10.07181,10.07742,1.37,1.00
2018.03.19 02:19:24.428,10.07181,10.07742,1.37,1.00
2018.03.19 02:19:25.450,10.07181,10.07742,1.37,1.00
2018.03.19 02:19:28.153,10.07181,10.07742,1.37,1.00
2018.03.19 02:19:28.326,10.07181,10.07762,1.75,1.00
2018.03.19 02:19:30.066,10.07181,10.07762,1.75,1.00
2018.03.19 02:19:30.874,10.07181,10.07744,1.75,1.00
2018.03.19 02:19:42.845,10.07181,10.07744,1.37,1.00
2018.03.19 02:19:44.084,10.07171,10.07744,1.37,1.00
2018.03.19 02:19:45.905,10.07171,10.07741,1.37,1.00
2018.03.19 02:19:46.411,10.07171,10.0774,1.37,1.00
2018.03.19 02:19:52.295,10.07171,10.0774,1.37,1.00
2018.03.19 02:20:00.893,10.07171,10.0774,1.00,1.00
2018.03.19 02:20:00.945,10.07171,10.07736,1.37,1.00
2018.03.19 02:20:01.400,10.07171,10.07738,1.37,1.00
2018.03.19 02:20:02.050,10.07171,10.07738,1.37,1.00
2018.03.19 02:20:02.425,10.07171,10.07734,1.37,1.00
2018.03.19 02:20:03.425,10.07161,10.07729,1.75,1.00
2018.03.19 02:20:03.733,10.07161,10.07729,1.37,1.00
2018.03.19 02:20:10.589,10.07161,10.07729,1.37,1.00
2018.03.19 02:20:10.691,10.07161,10.07736,1.75,1.00
2018.03.19 02:20:11.115,10.07161,10.07729,1.37,1.00
2018.03.19 02:20:12.425,10.07161,10.07731,1.37,1.00
2018.03.19 02:20:12.476,10.07171,10.07734,1.37,1.00
2018.03.19 02:20:12.577,10.07171,10.07738,1.37,1.00
2018.03.19 02:20:12.680,10.07171,10.07751,1.37,1.00
2018.03.19 02:20:13.053,10.07171,10.07757,1.37,1.00
2018.03.19 02:20:13.358,10.07171,10.0775,1.37,1.00
2018.03.19 02:20:13.530,10.07171,10.07791,1.75,1.37
2018.03.19 02:20:13.784,10.07171,10.07822,1.75,1.37
2018.03.19 02:20:13.835,10.07171,10.07822,1.75,1.37
2018.03.19 02:20:14.008,10.07171,10.07767,1.37,1.00
2018.03.19 02:20:14.335,10.07171,10.07774,1.37,1.37
2018.03.19 02:20:15.402,10.07171,10.07755,1.37,1.00
2018.03.19 02:20:15.708,10.07171,10.07753,1.37,1.00
2018.03.19 02:20:16.015,10.0718,10.07749,1.37,1.00
2018.03.19 02:20:17.907,10.0718,10.07749,1.37,1.00
2018.03.19 02:20:20.146,10.07181,10.07749,1.37,1.00
2018.03.19 02:20:21.466,10.07181,10.07749,1.37,1.00
2018.03.19 02:20:23.048,10.07181,10.07749,1.37,1.00
2018.03.19 02:20:30.899,10.07181,10.07749,1.37,1.00
2018.03.19 02:20:30.949,10.07181,10.07749,1.37,1.00
2018.03.19 02:20:31.000,10.07181,10.07752,1.37,1.00
2018.03.19 02:20:32.618,10.07181,10.07752,1.75,1.00
2018.03.19 02:20:33.717,10.07181,10.07752,1.37,1.00
2018.03.19 02:20:35.990,10.07181,10.07767,1.75,1.00
2018.03.19 02:20:37.369,10.07181,10.07767,1.75,1.00
2018.03.19 02:20:40.702,10.07181,10.07767,1.75,1.00
2018.03.19 02:20:45.289,10.07181,10.07752,1.37,1.00
2018.03.19 02:20:46.025,10.07181,10.07746,1.37,1.00
2018.03.19 02:20:47.299,10.07181,10.07746,1.37,1.00
2018.03.19 02:20:49.504,10.07181,10.07746,1.37,1.00
2018.03.19 02:20:56.028,10.07181,10.07746,1.37,1.00
2018.03.19 02:20:56.080,10.07181,10.07746,1.37,1.00
2018.03.19 02:20:56.221,10.07181,10.07746,1.37,1.00
2018.03.19 02:20:56.425,10.07181,10.07739,1.37,1.00
2018.03.19 02:20:56.987,10.07171,10.07742,1.75,1.00
2018.03.19 02:20:57.478,10.07171,10.07773,1.75,1.00
2018.03.19 02:20:57.581,10.0717,10.07754,1.75,1.00
2018.03.19 02:20:58.476,10.07171,10.07754,1.75,1.00
2018.03.19 02:20:58.527,10.07171,10.07769,1.75,1.00
2018.03.19 02:20:59.441,10.07171,10.07755,1.75,1.00
2018.03.19 02:20:59.692,10.07171,10.07755,1.75,1.00
2018.03.19 02:21:00.518,10.07181,10.0776,1.75,1.00
2018.03.19 02:21:00.940,10.07181,10.0776,1.75,1.00
2018.03.19 02:21:01.054,10.07181,10.07748,1.75,1.00
2018.03.19 02:21:01.776,10.07181,10.07747,1.37,1.00
2018.03.19 02:21:04.223,10.07181,10.07747,1.37,1.00
2018.03.19 02:21:05.589,10.07181,10.07747,1.37,1.00
2018.03.19 02:21:05.776,10.07181,10.07742,1.37,1.00
2018.03.19 02:21:05.827,10.07181,10.07755,1.00,1.00
2018.03.19 02:21:05.879,10.07181,10.07755,1.37,1.00
2018.03.19 02:21:06.425,10.07181,10.07748,1.37,1.00
2018.03.19 02:21:08.052,10.07181,10.07752,1.75,1.00
2018.03.19 02:21:10.640,10.07181,10.07752,1.37,1.00
2018.03.19 02:21:11.101,10.07181,10.07752,1.00,1.00
2018.03.19 02:21:11.153,10.07181,10.07752,1.37,1.00
2018.03.19 02:21:12.278,10.07181,10.07752,1.37,1.00
2018.03.19 02:21:13.686,10.07181,10.07752,1.37,1.00
2018.03.19 02:21:16.084,10.07181,10.07747,1.37,1.00
2018.03.19 02:21:16.541,10.07181,10.07744,1.37,1.00
2018.03.19 02:21:19.030,10.07181,10.0776,1.75,1.00
2018.03.19 02:21:20.758,10.07181,10.0776,1.37,1.00
2018.03.19 02:21:21.894,10.07181,10.0776,1.37,1.00
2018.03.19 02:21:23.411,10.07181,10.0776,1.37,1.00
2018.03.19 02:21:30.643,10.07181,10.0775,1.37,1.00
2018.03.19 02:21:30.695,10.07181,10.07767,1.75,1.00
2018.03.19 02:21:30.747,10.07181,10.07767,1.75,1.00
2018.03.19 02:21:31.073,10.07181,10.07754,1.75,1.00
2018.03.19 02:21:31.369,10.07181,10.07763,1.37,1.00
2018.03.19 02:21:31.420,10.07181,10.07763,1.37,1.00
2018.03.19 02:21:32.751,10.07181,10.0775,1.37,1.00
2018.03.19 02:21:33.425,10.07181,10.07744,1.37,1.00
2018.03.19 02:21:33.756,10.07181,10.0775,1.37,1.00
2018.03.19 02:21:33.858,10.07171,10.0775,1.37,1.00
2018.03.19 02:21:34.425,10.07171,10.0774,1.37,1.00
2018.03.19 02:21:35.264,10.07161,10.0774,1.75,1.00
2018.03.19 02:21:39.320,10.07161,10.07746,1.75,1.00
2018.03.19 02:21:40.694,10.0716,10.07746,1.75,1.00
2018.03.19 02:21:41.425,10.0716,10.07739,1.75,1.00
2018.03.19 02:21:42.700,10.07171,10.07738,1.37,1.00
2018.03.19 02:21:43.217,10.0717,10.07738,1.37,1.00
2018.03.19 02:21:44.479,10.07171,10.07738,1.37,1.00
2018.03.19 02:21:45.622,10.07171,10.07738,1.37,1.00
2018.03.19 02:21:46.145,10.07171,10.07744,1.37,1.00
2018.03.19 02:21:47.379,10.07171,10.07744,1.37,1.00
2018.03.19 02:21:48.163,10.07171,10.07763,1.75,1.00
2018.03.19 02:21:48.215,10.07171,10.07781,1.75,1.37
2018.03.19 02:21:48.327,10.07171,10.07759,1.75,1.00
2018.03.19 02:21:49.980,10.07171,10.07759,1.75,1.00
2018.03.19 02:21:51.490,10.07171,10.07759,1.37,1.00
2018.03.19 02:21:52.936,10.07171,10.07759,1.75,1.00
2018.03.19 02:21:53.856,10.07171,10.07742,1.37,1.00
2018.03.19 02:21:54.037,10.07171,10.07742,1.75,1.00
2018.03.19 02:21:54.088,10.07171,10.07742,1.37,1.00
2018.03.19 02:21:54.190,10.07171,10.07754,1.75,1.00
2018.03.19 02:21:55.606,10.07171,10.07754,1.75,1.00
2018.03.19 02:21:56.384,10.0717,10.07742,1.37,1.00
2018.03.19 02:21:57.202,10.07171,10.07742,1.37,1.00
2018.03.19 02:21:58.389,10.07171,10.07757,1.37,1.00
2018.03.19 02:21:58.542,10.07171,10.07776,1.75,1.00
2018.03.19 02:21:58.644,10.07171,10.07754,1.75,1.00
2018.03.19 02:21:59.144,10.0717,10.07774,1.75,1.00
2018.03.19 02:21:59.454,10.07171,10.07762,1.75,1.00
2018.03.19 02:21:59.891,10.0719,10.07762,1.37,1.00
2018.03.19 02:22:00.811,10.07191,10.07762,1.37,1.00
2018.03.19 02:22:01.223,10.07191,10.07751,1.37,1.00
2018.03.19 02:22:04.273,10.07191,10.07766,1.37,1.00
2018.03.19 02:22:07.478,10.07191,10.07783,1.75,1.00
2018.03.19 02:22:07.530,10.07191,10.07783,1.75,1.00
2018.03.19 02:22:07.735,10.07191,10.07783,1.75,1.00
2018.03.19 02:22:08.030,10.07191,10.07767,1.75,1.00
2018.03.19 02:22:11.479,10.072,10.07767,1.37,1.00
2018.03.19 02:22:13.631,10.07201,10.07772,1.37,1.00
2018.03.19 02:22:13.794,10.07201,10.07761,1.00,1.00
2018.03.19 02:22:14.088,10.07201,10.07771,1.37,1.00
2018.03.19 02:22:14.396,10.07201,10.07782,1.37,1.00
2018.03.19 02:22:14.447,10.07201,10.07806,1.75,1.37
2018.03.19 02:22:14.875,10.07201,10.07793,1.75,1.00
2018.03.19 02:22:15.371,10.07211,10.0778,1.37,1.00
2018.03.19 02:22:16.206,10.07211,10.07778,1.37,1.00
2018.03.19 02:22:17.069,10.07211,10.07778,1.37,1.00
2018.03.19 02:22:19.220,10.07211,10.07784,1.37,1.00
2018.03.19 02:22:19.649,10.07211,10.07786,1.37,1.00
2018.03.19 02:22:23.476,10.07211,10.07788,1.37,1.00
2018.03.19 02:22:23.748,10.07211,10.07778,1.12,1.00
2018.03.19 02:22:24.884,10.07146,10.07778,1.75,1.00
2018.03.19 02:22:27.913,10.07151,10.07764,1.35,1.00
2018.03.19 02:22:31.246,10.07151,10.07757,1.35,1.00
2018.03.19 02:22:31.561,10.07141,10.07744,1.75,1.00
2018.03.19 02:22:31.613,10.07141,10.07744,1.75,1.00
2018.03.19 02:22:33.660,10.07141,10.07744,1.75,1.00
2018.03.19 02:22:33.711,10.07141,10.07733,1.75,1.00
2018.03.19 02:22:34.110,10.07141,10.07749,1.75,1.00
2018.03.19 02:22:34.217,10.07141,10.07743,1.75,1.00
2018.03.19 02:22:34.426,10.07141,10.07755,1.75,1.00
2018.03.19 02:22:34.480,10.07141,10.07757,1.75,1.12
2018.03.19 02:22:34.635,10.07161,10.07771,1.37,1.00
2018.03.19 02:22:35.734,10.07171,10.07771,1.37,1.00
2018.03.19 02:22:36.063,10.07171,10.07756,1.37,1.00
2018.03.19 02:22:37.812,10.07171,10.07756,1.37,1.00
2018.03.19 02:22:40.781,10.07171,10.07743,1.37,1.00
2018.03.19 02:22:44.247,10.07171,10.07748,1.37,1.00
2018.03.19 02:22:46.020,10.07171,10.07748,1.37,1.00
2018.03.19 02:22:46.366,10.0717,10.07746,1.37,1.00
2018.03.19 02:22:52.118,10.07171,10.07746,1.37,1.00
2018.03.19 02:23:00.422,10.0717,10.07746,1.37,1.00
2018.03.19 02:23:00.699,10.07171,10.07761,1.37,1.00
2018.03.19 02:23:00.801,10.07171,10.07752,1.37,1.00
2018.03.19 02:23:00.852,10.07171,10.07759,1.37,1.00
2018.03.19 02:23:01.047,10.07171,10.07751,1.37,1.00
2018.03.19 02:23:01.099,10.07171,10.07756,1.37,1.00
2018.03.19 02:23:01.751,10.07171,10.07751,1.37,1.00
2018.03.19 02:23:02.347,10.07171,10.0774,1.37,1.00
2018.03.19 02:23:03.477,10.07171,10.0774,1.37,1.00
2018.03.19 02:23:08.671,10.07171,10.0774,1.37,1.00
2018.03.19 02:23:12.482,10.07171,10.07762,1.75,1.00
2018.03.19 02:23:15.445,10.07171,10.07762,1.37,1.00
2018.03.19 02:23:15.746,10.07171,10.07742,1.37,1.00
2018.03.19 02:23:16.325,10.07171,10.07743,1.37,1.00
2018.03.19 02:23:22.343,10.07171,10.07743,1.37,1.00
2018.03.19 02:23:25.208,10.07171,10.07743,1.37,1.00
2018.03.19 02:23:28.426,10.07171,10.07743,1.37,1.00
2018.03.19 02:23:31.456,10.07161,10.07743,1.75,1.00
2018.03.19 02:23:31.840,10.07161,10.0774,1.75,1.00
2018.03.19 02:23:36.647,10.07161,10.0774,1.97,1.00
2018.03.19 02:23:46.250,10.0717,10.0774,1.37,1.00
2018.03.19 02:23:46.405,10.07171,10.07746,1.37,1.00
2018.03.19 02:23:46.892,10.07171,10.07739,1.37,1.00
2018.03.19 02:23:47.465,10.07171,10.07739,1.37,1.00
2018.03.19 02:23:57.707,10.07171,10.07743,1.37,1.00
2018.03.19 02:24:01.415,10.07171,10.0774,1.37,1.00
2018.03.19 02:24:05.706,10.07171,10.0774,1.37,1.00
2018.03.19 02:24:07.067,10.07171,10.0774,1.37,1.00
2018.03.19 02:24:08.369,10.07171,10.0774,1.37,1.00
2018.03.19 02:24:10.943,10.07161,10.0774,1.37,1.00
2018.03.19 02:24:15.170,10.07161,10.07731,1.37,1.00
2018.03.19 02:24:15.221,10.07161,10.07731,1.37,1.00
2018.03.19 02:24:15.273,10.07161,10.07741,1.37,1.00
2018.03.19 02:24:15.324,10.07161,10.07752,1.75,1.00
2018.03.19 02:24:15.375,10.07161,10.07757,1.75,1.00
2018.03.19 02:24:15.427,10.07161,10.07757,1.75,1.00
2018.03.19 02:24:16.445,10.07161,10.07754,1.75,1.00
2018.03.19 02:24:16.547,10.07161,10.07754,1.75,1.00
2018.03.19 02:24:16.949,10.07161,10.07748,1.75,1.00
2018.03.19 02:24:17.476,10.07161,10.07747,1.75,1.00
2018.03.19 02:24:23.784,10.07161,10.07747,1.75,1.00
2018.03.19 02:24:29.968,10.07161,10.07747,1.75,1.00
2018.03.19 02:24:31.475,10.07161,10.07744,1.75,1.00
2018.03.19 02:24:42.397,10.07161,10.07744,1.75,1.00
2018.03.19 02:24:46.505,10.07161,10.0774,1.75,1.00
2018.03.19 02:24:47.310,10.07161,10.0774,1.75,1.00
2018.03.19 02:24:48.427,10.07161,10.0774,1.75,1.00
2018.03.19 02:24:53.306,10.07161,10.0774,1.75,1.00
2018.03.19 02:24:59.160,10.07161,10.0774,1.75,1.60
2018.03.19 02:24:59.467,10.07131,10.07524,1.00,1.00
2018.03.19 02:24:59.787,10.07131,10.07524,1.00,1.37
2018.03.19 02:24:59.889,10.07101,10.0751,1.37,1.37
2018.03.19 02:25:00.674,10.07087,10.07501,1.37,1.37
2018.03.19 02:25:16.838,10.07081,10.07495,1.37,1.00
2018.03.19 02:25:18.411,10.07085,10.07496,1.37,1.00
2018.03.19 02:25:21.052,10.07085,10.07496,1.37,1.00
2018.03.19 02:25:21.104,10.07092,10.07503,1.37,1.37
2018.03.19 02:25:25.843,10.07087,10.07498,1.37,1.00
2018.03.19 02:25:26.082,10.07091,10.07502,1.37,1.12
2018.03.19 02:25:26.327,10.07091,10.07502,1.37,1.37
2018.03.19 02:25:33.996,10.07092,10.07503,1.37,1.37
2018.03.19 02:25:35.453,10.07092,10.07503,1.37,1.37
2018.03.19 02:25:38.033,10.07091,10.07502,1.37,1.00
2018.03.19 02:25:51.564,10.07098,10.07509,1.37,1.37
2018.03.19 02:26:17.727,10.07103,10.07514,1.00,1.37
2018.03.19 02:26:18.477,10.07103,10.07514,1.37,1.37
2018.03.19 02:26:21.650,10.07103,10.07514,1.37,1.37
2018.03.19 02:26:30.233,10.07102,10.07513,1.37,1.00
2018.03.19 02:26:45.887,10.07091,10.07525,1.75,1.00
2018.03.19 02:26:45.939,10.07091,10.07539,1.75,1.00
2018.03.19 02:26:46.105,10.07091,10.07539,1.75,1.00
2018.03.19 02:26:46.435,10.07081,10.07543,1.75,1.00
2018.03.19 02:26:46.831,10.07084,10.0756,1.75,1.00
2018.03.19 02:26:46.883,10.07082,10.07565,1.12,1.00
2018.03.19 02:26:46.935,10.07082,10.07579,1.12,1.00
2018.03.19 02:26:46.987,10.07107,10.0763,1.12,1.37
2018.03.19 02:26:47.038,10.07134,10.07615,1.75,1.00
2018.03.19 02:26:47.090,10.07148,10.07624,1.12,1.00
2018.03.19 02:26:47.488,10.07148,10.07609,1.12,1.00
2018.03.19 02:26:47.641,10.07148,10.07628,1.12,1.00
2018.03.19 02:26:47.693,10.07148,10.07654,1.12,1.00
2018.03.19 02:26:47.841,10.07148,10.07654,1.12,1.00
2018.03.19 02:26:48.308,10.07155,10.07657,1.12,1.00
2018.03.19 02:26:48.553,10.07157,10.07657,1.12,1.00
2018.03.19 02:26:48.893,10.07181,10.07657,1.12,1.00
2018.03.19 02:26:48.995,10.07181,10.07659,1.12,1.00
2018.03.19 02:26:49.732,10.07171,10.07681,1.12,1.00
2018.03.19 02:26:49.783,10.07192,10.07715,1.75,1.37
2018.03.19 02:26:49.835,10.07221,10.07703,1.75,1.00
2018.03.19 02:26:49.993,10.07221,10.07703,1.75,1.00
2018.03.19 02:26:50.170,10.07221,10.07703,1.75,1.00
2018.03.19 02:26:50.827,10.07208,10.07703,1.12,1.00
2018.03.19 02:26:51.801,10.0721,10.07703,1.12,1.00
2018.03.19 02:26:52.477,10.07207,10.07725,1.12,1.00
2018.03.19 02:26:52.985,10.07222,10.07725,1.87,1.00
2018.03.19 02:26:53.656,10.07223,10.07725,1.75,1.00
2018.03.19 02:26:59.959,10.07223,10.07761,1.12,1.37
2018.03.19 02:27:00.010,10.07238,10.07761,1.12,1.37
2018.03.19 02:27:00.136,10.07238,10.0773,1.12,1.00
2018.03.19 02:27:00.645,10.07222,10.0773,1.12,1.00
2018.03.19 02:27:01.252,10.07226,10.0773,1.12,1.00
2018.03.19 02:27:01.775,10.07226,10.07727,1.12,1.00
2018.03.19 02:27:02.310,10.07226,10.07728,1.12,1.00
2018.03.19 02:27:02.617,10.07241,10.07728,1.87,1.00
2018.03.19 02:27:02.942,10.07251,10.07728,1.75,1.00
2018.03.19 02:27:03.872,10.0726,10.07728,1.75,1.00
2018.03.19 02:27:06.347,10.07261,10.07728,1.75,1.00
2018.03.19 02:27:08.461,10.07286,10.07786,1.75,1.37
2018.03.19 02:27:08.513,10.07291,10.07763,1.75,1.00
2018.03.19 02:27:08.666,10.07321,10.07763,1.75,1.00
2018.03.19 02:27:12.478,10.07321,10.07786,1.75,1.00
2018.03.19 02:27:12.529,10.07321,10.07786,1.75,1.00
2018.03.19 02:27:12.581,10.07332,10.07786,1.12,1.00
2018.03.19 02:27:13.639,10.07341,10.07891,1.87,1.37
2018.03.19 02:27:13.690,10.07341,10.07581,1.37,1.88
2018.03.19 02:27:13.794,10.07291,10.07659,1.00,1.22
2018.03.19 02:27:13.897,10.07271,10.07686,1.00,1.45
2018.03.19 02:27:14.003,10.07271,10.07686,1.37,1.00
2018.03.19 02:27:14.514,10.0726,10.07707,1.37,1.00
2018.03.19 02:27:14.713,10.0726,10.07712,1.75,1.00
2018.03.19 02:27:14.867,10.07261,10.07727,1.75,1.00
2018.03.19 02:27:14.918,10.07261,10.07727,1.75,1.00
2018.03.19 02:27:14.970,10.07271,10.07779,1.12,1.12
2018.03.19 02:27:15.021,10.07285,10.07779,1.12,1.00
2018.03.19 02:27:15.073,10.07315,10.07807,1.12,1.00
2018.03.19 02:27:15.124,10.07315,10.07807,1.12,1.00
2018.03.19 02:27:15.430,10.0735,10.07857,1.37,1.00
2018.03.19 02:27:15.533,10.07351,10.07835,1.75,1.75
2018.03.19 02:27:15.790,10.0726,10.077,1.00,1.00
2018.03.19 02:27:15.945,10.07261,10.07699,1.37,1.00
2018.03.19 02:27:16.256,10.07261,10.07699,1.75,1.00
2018.03.19 02:27:16.519,10.07251,10.0772,1.75,1.00
2018.03.19 02:27:16.571,10.07251,10.07743,1.75,1.00
2018.03.19 02:27:16.905,10.07251,10.07743,1.75,1.00
2018.03.19 02:27:17.261,10.07242,10.07744,1.75,1.00
2018.03.19 02:27:18.412,10.07243,10.07744,1.12,1.00
2018.03.19 02:27:28.466,10.07248,10.07761,1.12,1.00
2018.03.19 02:27:28.517,10.07248,10.07765,1.12,1.00
2018.03.19 02:27:28.784,10.07238,10.07765,1.12,1.00
2018.03.19 02:27:38.744,10.07226,10.07765,1.12,1.00
2018.03.19 02:27:39.247,10.07224,10.07765,1.12,1.00
2018.03.19 02:27:40.146,10.07224,10.07765,1.12,1.00
2018.03.19 02:27:46.865,10.07226,10.07751,1.12,1.00
2018.03.19 02:27:46.916,10.07226,10.07751,1.12,1.00
2018.03.19 02:27:48.602,10.07226,10.07751,1.12,1.00
2018.03.19 02:28:07.429,10.07226,10.07751,1.12,1.00
2018.03.19 02:28:16.925,10.07213,10.07754,1.12,1.00
2018.03.19 02:28:22.761,10.07261,10.07837,1.12,1.37
2018.03.19 02:28:22.812,10.07261,10.07822,1.12,1.00
2018.03.19 02:28:22.966,10.07253,10.07822,1.12,1.00
2018.03.19 02:28:23.017,10.07253,10.078,1.12,1.00
2018.03.19 02:28:24.299,10.07232,10.078,1.12,1.00
2018.03.19 02:28:26.473,10.07252,10.078,1.12,1.00
2018.03.19 02:28:28.331,10.07242,10.078,1.12,1.00
2018.03.19 02:28:29.473,10.07242,10.0782,1.12,1.00
2018.03.19 02:28:30.134,10.0725,10.0782,1.12,1.00
2018.03.19 02:28:30.347,10.0725,10.0782,1.12,1.00
2018.03.19 02:28:34.111,10.07248,10.0782,1.12,1.00
2018.03.19 02:28:39.332,10.07248,10.0782,1.12,1.00
2018.03.19 02:28:46.984,10.07244,10.07821,1.12,1.00
2018.03.19 02:28:47.086,10.07244,10.07821,1.12,1.00
2018.03.19 02:28:47.441,10.07238,10.07823,1.12,1.00
2018.03.19 02:28:48.424,10.07239,10.07823,1.12,1.00
2018.03.19 02:28:49.723,10.07242,10.07823,1.12,1.00
2018.03.19 02:28:53.349,10.0724,10.07823,1.75,1.00
2018.03.19 02:28:55.722,10.0724,10.07823,1.75,1.00
2018.03.19 02:28:56.610,10.07241,10.07843,1.75,1.00
2018.03.19 02:29:00.297,10.07242,10.07843,1.12,1.00
2018.03.19 02:29:02.471,10.07241,10.07844,1.87,1.00
2018.03.19 02:29:10.043,10.07241,10.07844,1.75,1.37
2018.03.19 02:29:12.733,10.07241,10.07844,1.75,1.00
2018.03.19 02:29:13.970,10.07241,10.07844,1.75,1.00
2018.03.19 02:29:17.094,10.07231,10.07829,1.75,1.00
2018.03.19 02:29:17.145,10.07231,10.07829,1.75,1.00
2018.03.19 02:29:18.554,10.07231,10.07829,1.75,1.00
2018.03.19 02:29:20.511,10.07231,10.07829,1.75,1.00
2018.03.19 02:29:32.075,10.07241,10.0783,1.75,1.00
2018.03.19 02:29:32.177,10.07241,10.0783,1.75,1.00
2018.03.19 02:29:34.725,10.07241,10.0783,1.75,1.00
2018.03.19 02:29:38.374,10.07241,10.07852,1.75,1.37
2018.03.19 02:29:38.683,10.07241,10.0783,1.75,1.00
2018.03.19 02:29:39.353,10.07241,10.07852,1.75,1.37
2018.03.19 02:29:39.861,10.07241,10.07831,1.75,1.00
2018.03.19 02:29:40.689,10.07241,10.07831,1.75,1.00
2018.03.19 02:29:42.054,10.07241,10.07831,1.75,1.00
2018.03.19 02:29:43.215,10.07241,10.07831,1.75,1.00
2018.03.19 02:29:44.437,10.07241,10.07831,1.75,1.00
2018.03.19 02:29:46.485,10.07241,10.07831,1.75,1.00
2018.03.19 02:29:46.587,10.07241,10.07852,1.75,1.37
2018.03.19 02:29:47.844,10.07241,10.0784,1.75,1.37
2018.03.19 02:29:49.701,10.07241,10.0784,1.75,1.00
2018.03.19 02:29:53.444,10.07241,10.07862,1.75,1.37
2018.03.19 02:29:53.495,10.07241,10.07862,1.75,1.00
2018.03.19 02:29:53.897,10.07241,10.07839,1.75,1.00
2018.03.19 02:29:59.015,10.07241,10.07839,1.75,1.00
2018.03.19 02:30:02.127,10.07241,10.07839,1.75,1.00
2018.03.19 02:30:02.178,10.07241,10.07834,1.75,1.00
2018.03.19 02:30:03.429,10.07241,10.07834,1.75,1.00
2018.03.19 02:30:07.307,10.07241,10.07834,1.75,1.00
2018.03.19 02:30:09.483,10.07241,10.07834,1.75,1.00
2018.03.19 02:30:17.165,10.07241,10.07829,1.75,1.00
2018.03.19 02:30:20.568,10.07241,10.07829,1.75,1.00
2018.03.19 02:30:30.243,10.07241,10.07829,1.37,1.00
2018.03.19 02:30:30.540,10.07231,10.07808,1.37,1.00
2018.03.19 02:30:32.195,10.07231,10.07798,1.97,1.00
2018.03.19 02:30:32.501,10.0723,10.07798,1.97,1.00
2018.03.19 02:30:32.809,10.07231,10.07796,1.97,1.00
2018.03.19 02:30:33.575,10.07231,10.07796,1.97,1.00
2018.03.19 02:30:35.428,10.07231,10.07796,1.37,1.00
2018.03.19 02:30:37.428,10.07221,10.07796,1.37,1.00
2018.03.19 02:30:39.460,10.07209,10.07777,1.97,1.00
2018.03.19 02:30:40.569,10.07211,10.07777,1.97,1.00
2018.03.19 02:30:42.403,10.07211,10.07775,1.97,1.00
2018.03.19 02:30:45.566,10.07211,10.07775,1.37,1.00
2018.03.19 02:30:45.753,10.0721,10.07768,1.37,1.00
2018.03.19 02:30:46.559,10.07201,10.07808,1.37,1.37
2018.03.19 02:30:46.680,10.07201,10.07829,1.37,1.37
2018.03.19 02:30:46.810,10.07201,10.07781,1.37,1.00
2018.03.19 02:30:47.227,10.07201,10.07767,1.37,1.00
2018.03.19 02:30:47.739,10.07201,10.07766,1.37,1.00
2018.03.19 02:30:50.559,10.07201,10.07766,1.37,1.00
2018.03.19 02:31:02.255,10.07201,10.07768,1.37,1.00
2018.03.19 02:31:02.711,10.07201,10.07761,1.37,1.00
2018.03.19 02:31:04.598,10.07201,10.07761,1.37,1.00
2018.03.19 02:31:05.814,10.07201,10.07761,1.37,1.00
2018.03.19 02:31:07.373,10.07201,10.07761,1.37,1.00
2018.03.19 02:31:07.858,10.07201,10.07781,2.47,1.00
2018.03.19 02:31:08.029,10.07201,10.0777,1.37,1.00
2018.03.19 02:31:08.330,10.07201,10.07768,1.37,1.00
2018.03.19 02:31:08.472,10.07201,10.07768,1.37,1.00
2018.03.19 02:31:11.950,10.07201,10.07799,1.75,1.37
2018.03.19 02:31:12.052,10.07201,10.07777,1.37,1.00
2018.03.19 02:31:14.481,10.07201,10.07777,1.37,1.00
2018.03.19 02:31:17.333,10.07201,10.07765,1.37,1.00
2018.03.19 02:31:20.172,10.07201,10.07765,1.37,1.00
2018.03.19 02:31:20.474,10.07201,10.07759,1.37,1.00
2018.03.19 02:31:21.822,10.07201,10.07755,1.37,1.00
2018.03.19 02:31:23.994,10.07201,10.07755,1.37,1.00
2018.03.19 02:31:24.045,10.07201,10.07755,1.00,1.00
2018.03.19 02:31:24.096,10.07201,10.07755,1.37,1.00
2018.03.19 02:31:24.705,10.07201,10.07776,1.37,1.00
2018.03.19 02:31:24.756,10.07201,10.07761,1.37,1.00
2018.03.19 02:31:25.285,10.07201,10.07761,2.47,1.00
2018.03.19 02:31:30.013,10.07201,10.07761,2.47,1.00
2018.03.19 02:31:31.627,10.07201,10.07761,1.37,1.00
2018.03.19 02:31:32.318,10.07201,10.07759,1.37,1.00
2018.03.19 02:31:32.789,10.07201,10.07759,1.37,1.00
2018.03.19 02:31:33.115,10.07201,10.07775,1.37,1.00
2018.03.19 02:31:34.070,10.07201,10.07775,1.37,1.00
2018.03.19 02:31:35.232,10.07201,10.07775,1.37,1.00
2018.03.19 02:31:36.399,10.07201,10.07775,1.37,1.00
2018.03.19 02:31:38.094,10.07201,10.07775,1.37,1.00
2018.03.19 02:31:39.040,10.07201,10.07775,1.37,1.00
2018.03.19 02:31:39.304,10.07201,10.07784,1.37,1.00
2018.03.19 02:31:40.211,10.07201,10.07784,1.37,1.00
2018.03.19 02:31:41.351,10.07202,10.07784,1.35,1.00
2018.03.19 02:31:42.846,10.07201,10.07784,1.72,1.00
2018.03.19 02:31:43.571,10.07201,10.07824,1.37,1.37
2018.03.19 02:31:44.498,10.07201,10.07809,1.37,1.37
2018.03.19 02:31:44.910,10.07201,10.078,1.37,1.00
2018.03.19 02:31:44.962,10.072,10.07802,1.37,1.00
2018.03.19 02:31:45.273,10.07201,10.078,1.37,1.00
2018.03.19 02:31:46.285,10.07201,10.078,1.37,1.00
2018.03.19 02:31:47.330,10.07201,10.07789,1.97,1.00
2018.03.19 02:31:47.686,10.07201,10.07789,1.97,1.00
2018.03.19 02:31:47.806,10.07203,10.07808,1.35,1.37
2018.03.19 02:31:48.492,10.07202,10.07808,1.35,1.00
2018.03.19 02:31:49.016,10.07201,10.07807,1.37,1.00
2018.03.19 02:31:49.460,10.07201,10.07791,1.37,1.00
2018.03.19 02:31:49.613,10.07201,10.07786,1.37,1.00
2018.03.19 02:31:53.479,10.07201,10.07786,1.37,1.00
2018.03.19 02:31:53.787,10.07201,10.07796,1.37,1.37
2018.03.19 02:31:53.838,10.07201,10.07791,1.37,1.00
2018.03.19 02:31:54.145,10.07201,10.07766,1.37,1.00
2018.03.19 02:31:54.690,10.07201,10.07766,1.37,1.00
2018.03.19 02:31:58.873,10.07201,10.07768,1.37,1.00
2018.03.19 02:32:00.870,10.07201,10.07765,1.37,1.00
2018.03.19 02:32:01.381,10.07201,10.07765,1.37,1.00
2018.03.19 02:32:02.375,10.07201,10.07768,1.37,1.00
2018.03.19 02:32:02.476,10.07201,10.07768,1.37,1.00
2018.03.19 02:32:02.881,10.07201,10.07772,1.37,1.00
2018.03.19 02:32:03.835,10.07201,10.07772,1.37,1.00
2018.03.19 02:32:08.326,10.07195,10.07776,1.35,1.00
2018.03.19 02:32:08.480,10.07181,10.07782,1.75,1.00
2018.03.19 02:32:08.533,10.07181,10.07776,1.75,1.00
2018.03.19 02:32:09.453,10.07181,10.07768,1.75,1.00
2018.03.19 02:32:09.746,10.07181,10.07768,1.75,1.00
2018.03.19 02:32:09.952,10.07181,10.07759,1.75,1.00
2018.03.19 02:32:15.060,10.07181,10.07759,1.75,1.00
2018.03.19 02:32:17.404,10.07181,10.07758,1.75,1.00
2018.03.19 02:32:17.727,10.07181,10.07758,1.75,1.00
2018.03.19 02:32:17.919,10.07181,10.07763,1.75,1.00
2018.03.19 02:32:20.276,10.07181,10.07774,1.75,1.37
2018.03.19 02:32:20.671,10.07181,10.07774,1.75,1.00
2018.03.19 02:32:21.147,10.07181,10.07754,1.75,1.00
2018.03.19 02:32:21.981,10.07181,10.07754,1.37,1.00
2018.03.19 02:32:22.425,10.07181,10.07752,1.75,1.00
2018.03.19 02:32:23.357,10.07171,10.07747,1.75,1.00
2018.03.19 02:32:24.731,10.07171,10.07747,1.75,1.00
2018.03.19 02:32:27.910,10.07171,10.07747,1.75,1.00
2018.03.19 02:32:30.955,10.07171,10.07747,1.75,1.00
2018.03.19 02:32:32.435,10.07171,10.07741,1.75,1.00
2018.03.19 02:32:34.839,10.07171,10.07761,1.75,1.00
2018.03.19 02:32:36.052,10.07171,10.07761,1.75,1.00
2018.03.19 02:32:47.465,10.07171,10.07751,1.75,1.00
2018.03.19 02:32:47.567,10.07171,10.07751,1.75,1.00
2018.03.19 02:32:52.356,10.07171,10.07751,1.75,1.00
2018.03.19 02:32:58.827,10.07172,10.07751,1.35,1.00
2018.03.19 02:33:02.497,10.07172,10.07747,1.35,1.00
2018.03.19 02:33:02.951,10.07172,10.07747,1.35,1.00
2018.03.19 02:33:05.738,10.07171,10.07747,1.75,1.00
2018.03.19 02:33:10.601,10.07163,10.07747,1.35,1.00
2018.03.19 02:33:11.604,10.07163,10.07736,1.35,1.00
2018.03.19 02:33:12.024,10.07163,10.07736,1.35,1.00
2018.03.19 02:33:17.336,10.07162,10.07736,1.35,1.00
2018.03.19 02:33:17.524,10.07162,10.07748,1.35,1.00
2018.03.19 02:33:17.981,10.07162,10.07742,1.35,1.00
2018.03.19 02:33:20.371,10.07162,10.07742,1.35,1.00
2018.03.19 02:33:29.162,10.07151,10.07742,1.75,1.00
2018.03.19 02:33:32.555,10.07151,10.07743,1.75,1.00
2018.03.19 02:33:32.656,10.07151,10.07743,1.75,1.00
2018.03.19 02:33:45.552,10.07151,10.07743,1.75,1.00
2018.03.19 02:33:47.585,10.07154,10.07737,1.35,1.00
2018.03.19 02:33:49.453,10.07154,10.07737,1.35,1.00
2018.03.19 02:33:54.231,10.07164,10.07737,1.35,1.00
2018.03.19 02:33:57.631,10.07165,10.07737,1.35,1.00
2018.03.19 02:33:58.284,10.07151,10.07726,1.75,1.00
2018.03.19 02:33:59.211,10.07151,10.07726,1.75,1.00
2018.03.19 02:34:00.818,10.0715,10.07733,2.10,1.00
2018.03.19 02:34:00.869,10.0715,10.07733,2.10,1.00
2018.03.19 02:34:02.428,10.07151,10.07733,1.75,1.00
2018.03.19 02:34:02.941,10.07151,10.07727,1.75,1.00
2018.03.19 02:34:15.024,10.07151,10.07727,1.75,1.00
2018.03.19 02:34:16.229,10.07151,10.07727,1.75,1.00
2018.03.19 02:34:16.432,10.07151,10.07743,1.75,1.00
2018.03.19 02:34:17.645,10.07151,10.0774,1.75,1.00
2018.03.19 02:34:18.101,10.07151,10.07733,1.75,1.00
2018.03.19 02:34:20.473,10.07161,10.07733,1.35,1.00
2018.03.19 02:34:25.048,10.07151,10.07723,2.10,1.00
2018.03.19 02:34:25.356,10.07151,10.07718,2.10,1.00
2018.03.19 02:34:29.814,10.07154,10.07718,1.35,1.00
2018.03.19 02:34:32.675,10.07154,10.07726,1.35,1.00
2018.03.19 02:34:55.032,10.07151,10.07726,1.75,1.00
2018.03.19 02:34:56.609,10.07151,10.07726,1.75,1.00
2018.03.19 02:34:59.776,10.07151,10.07726,1.75,1.00
2018.03.19 02:35:01.038,10.07151,10.07726,1.75,1.00
2018.03.19 02:35:02.170,10.07151,10.07726,1.75,1.00
2018.03.19 02:35:02.785,10.07151,10.07729,1.75,1.00
2018.03.19 02:35:03.191,10.07151,10.07724,1.75,1.00
2018.03.19 02:35:10.969,10.07151,10.07724,1.75,1.00
2018.03.19 02:35:12.713,10.07151,10.07724,1.75,1.00
2018.03.19 02:35:17.140,10.07151,10.07724,1.37,1.00
2018.03.19 02:35:17.191,10.07151,10.07724,1.75,1.00
2018.03.19 02:35:17.765,10.07151,10.07722,1.75,1.00
2018.03.19 02:35:18.392,10.07151,10.07722,1.75,1.00
2018.03.19 02:35:19.504,10.0716,10.07722,1.35,1.00
2018.03.19 02:35:25.140,10.0716,10.07722,1.35,1.00
2018.03.19 02:35:27.496,10.0716,10.07722,1.35,1.00
2018.03.19 02:35:32.795,10.0716,10.07731,1.35,1.00
2018.03.19 02:35:32.897,10.0716,10.07731,1.35,1.00
2018.03.19 02:35:33.251,10.0716,10.07728,1.35,1.00
2018.03.19 02:35:34.084,10.0716,10.07728,1.35,1.00
2018.03.19 02:35:40.171,10.0716,10.07728,1.35,1.00
2018.03.19 02:35:47.875,10.0716,10.07727,1.35,1.00
2018.03.19 02:36:01.229,10.0716,10.07727,1.35,1.00
2018.03.19 02:36:01.400,10.07151,10.07717,1.75,1.00
2018.03.19 02:36:01.451,10.07151,10.07724,1.75,1.00
2018.03.19 02:36:01.503,10.07151,10.07724,1.37,1.00
2018.03.19 02:36:01.554,10.07151,10.07745,1.37,1.00
2018.03.19 02:36:02.819,10.07151,10.07745,1.37,1.00
2018.03.19 02:36:03.733,10.07151,10.07741,1.37,1.00
2018.03.19 02:36:05.092,10.07151,10.07741,1.37,1.00
2018.03.19 02:36:05.143,10.07151,10.07741,1.37,1.00
2018.03.19 02:36:06.479,10.07151,10.07722,1.37,1.00
2018.03.19 02:36:08.092,10.07151,10.07722,1.75,1.00
2018.03.19 02:36:16.288,10.07151,10.07722,1.75,1.00
2018.03.19 02:36:17.629,10.07151,10.07722,1.75,1.00
2018.03.19 02:36:17.896,10.07151,10.07728,1.75,1.00
2018.03.19 02:36:18.372,10.07151,10.07726,1.37,1.00
2018.03.19 02:36:19.453,10.07151,10.07727,1.75,1.00
2018.03.19 02:36:19.880,10.07151,10.07727,1.75,1.00
2018.03.19 02:36:22.053,10.07151,10.07727,1.75,1.00
2018.03.19 02:36:28.983,10.07151,10.07727,1.75,1.00
2018.03.19 02:36:32.915,10.07151,10.0772,1.75,1.00
2018.03.19 02:36:40.866,10.07151,10.0772,1.75,1.00
2018.03.19 02:36:44.751,10.07151,10.0772,1.75,1.00
2018.03.19 02:36:47.945,10.07151,10.07726,1.75,1.00
2018.03.19 02:36:50.137,10.07151,10.07726,1.75,1.00
2018.03.19 02:36:50.188,10.07151,10.07726,1.75,1.00
2018.03.19 02:36:50.291,10.07151,10.07726,1.75,1.00
2018.03.19 02:36:52.845,10.07151,10.07726,1.75,1.00
2018.03.19 02:36:55.313,10.07151,10.07726,1.75,1.00
2018.03.19 02:36:56.816,10.07151,10.07726,1.75,1.00
2018.03.19 02:37:02.975,10.07151,10.07722,1.75,1.00
2018.03.19 02:37:03.438,10.07151,10.07708,1.37,1.00
2018.03.19 02:37:03.490,10.07151,10.07708,1.37,1.00
2018.03.19 02:37:09.430,10.07151,10.07773,1.37,1.37
2018.03.19 02:37:09.481,10.07151,10.07747,1.75,1.00
2018.03.19 02:37:09.686,10.07151,10.07724,1.75,1.00
2018.03.19 02:37:10.873,10.07151,10.07724,1.75,1.00
2018.03.19 02:37:15.099,10.07151,10.07724,1.75,1.00
2018.03.19 02:37:18.005,10.07151,10.07717,1.75,1.00
2018.03.19 02:37:20.026,10.07151,10.07717,1.75,1.00
2018.03.19 02:37:20.191,10.07151,10.07732,1.75,1.00
2018.03.19 02:37:20.351,10.07151,10.07755,1.75,1.00
2018.03.19 02:37:20.449,10.07151,10.07769,1.75,1.12
2018.03.19 02:37:21.049,10.07151,10.07751,1.75,1.00
2018.03.19 02:37:21.395,10.07151,10.07751,1.75,1.00
2018.03.19 02:37:22.411,10.0715,10.0774,1.75,1.00
2018.03.19 02:37:23.364,10.0715,10.0774,1.75,1.00
2018.03.19 02:37:28.305,10.07161,10.0774,1.75,1.00
2018.03.19 02:37:34.338,10.0716,10.0774,1.75,1.00
2018.03.19 02:37:43.527,10.07161,10.0774,1.75,1.00
2018.03.19 02:37:48.065,10.07161,10.07742,1.75,1.00
2018.03.19 02:37:52.360,10.07161,10.07742,1.75,1.00
2018.03.19 02:38:03.095,10.07161,10.07745,1.75,1.00
2018.03.19 02:38:04.430,10.07161,10.07745,1.75,1.00
2018.03.19 02:38:05.475,10.07161,10.07744,1.75,1.00
2018.03.19 02:38:07.710,10.07161,10.07744,1.75,1.00
2018.03.19 02:38:07.929,10.07161,10.07755,1.75,1.00
2018.03.19 02:38:09.241,10.07161,10.07755,1.75,1.00
2018.03.19 02:38:10.421,10.07161,10.07755,1.75,1.00
2018.03.19 02:38:13.085,10.07161,10.07772,1.75,1.00
2018.03.19 02:38:13.440,10.07161,10.07758,1.75,1.00
2018.03.19 02:38:14.725,10.07161,10.07749,1.75,1.00
2018.03.19 02:38:16.727,10.0716,10.07749,1.75,1.00
2018.03.19 02:38:18.125,10.0716,10.0775,1.75,1.00
2018.03.19 02:38:20.653,10.07161,10.0775,1.75,1.00
2018.03.19 02:38:21.807,10.07161,10.07772,1.75,1.00
2018.03.19 02:38:22.807,10.07161,10.07754,1.75,1.00
2018.03.19 02:38:23.312,10.07161,10.07754,1.75,1.00
2018.03.19 02:38:28.728,10.07161,10.07741,1.37,1.00
2018.03.19 02:38:28.830,10.07161,10.07741,1.37,1.00
2018.03.19 02:38:30.053,10.07151,10.07741,1.75,1.00
2018.03.19 02:38:33.155,10.07151,10.07733,1.75,1.00
2018.03.19 02:38:37.392,10.07151,10.07733,1.75,1.00
2018.03.19 02:38:38.884,10.07151,10.07733,1.75,1.00
2018.03.19 02:38:40.836,10.07151,10.07709,1.37,1.00
2018.03.19 02:38:40.888,10.07151,10.07719,1.37,1.00
2018.03.19 02:38:40.940,10.07151,10.07719,1.37,1.00
2018.03.19 02:38:41.048,10.07151,10.07719,1.37,1.00
2018.03.19 02:38:41.100,10.07151,10.07719,1.37,1.00
2018.03.19 02:38:41.882,10.07151,10.07737,1.75,1.00
2018.03.19 02:38:42.696,10.07151,10.07737,1.75,1.00
2018.03.19 02:38:43.061,10.0715,10.0772,1.75,1.00
2018.03.19 02:38:43.880,10.07151,10.0772,1.75,1.00
2018.03.19 02:38:44.543,10.07151,10.07732,1.75,1.00
2018.03.19 02:38:47.691,10.0715,10.07732,1.75,1.00
2018.03.19 02:38:49.352,10.0715,10.07732,1.75,1.00
2018.03.19 02:38:50.445,10.07151,10.07732,1.75,1.00
2018.03.19 02:38:52.311,10.07151,10.07732,1.75,1.00
2018.03.19 02:39:02.360,10.07151,10.0774,1.75,1.00
2018.03.19 02:39:02.462,10.07151,10.07734,1.37,1.00
2018.03.19 02:39:03.215,10.07151,10.07733,1.37,1.00
2018.03.19 02:39:11.600,10.07151,10.07733,1.75,1.00
2018.03.19 02:39:13.759,10.07151,10.07733,1.75,1.00
2018.03.19 02:39:18.245,10.07151,10.07731,1.75,1.00
2018.03.19 02:39:33.275,10.07151,10.07737,1.75,1.00
2018.03.19 02:39:33.469,10.07151,10.07747,1.75,1.00
2018.03.19 02:39:34.932,10.07151,10.07733,1.37,1.00
2018.03.19 02:39:40.602,10.07151,10.07733,1.75,1.00
2018.03.19 02:39:45.812,10.07165,10.07733,1.35,1.00
2018.03.19 02:39:50.020,10.0717,10.07753,1.35,1.37
2018.03.19 02:39:50.906,10.0717,10.07753,1.35,1.00
2018.03.19 02:39:52.945,10.0717,10.07753,1.35,1.00
2018.03.19 02:39:57.485,10.0717,10.07753,1.35,1.60
2018.03.19 02:39:57.795,10.07131,10.07526,1.00,1.37
2018.03.19 02:39:58.169,10.07101,10.07526,1.00,1.37
2018.03.19 02:39:58.220,10.07064,10.0751,1.97,1.00
2018.03.19 02:39:58.271,10.07057,10.07507,1.72,1.00
2018.03.19 02:39:58.323,10.07062,10.0751,1.37,1.00
2018.03.19 02:39:58.374,10.07064,10.07512,1.37,1.00
2018.03.19 02:39:58.793,10.07069,10.07517,1.37,1.00
2018.03.19 02:39:59.114,10.07069,10.07517,1.37,1.37
2018.03.19 02:40:13.967,10.07069,10.07517,1.37,1.37
2018.03.19 02:40:14.106,10.07079,10.07526,1.00,1.37
2018.03.19 02:40:14.247,10.07072,10.0752,1.00,1.37
2018.03.19 02:40:14.468,10.07065,10.07513,1.37,1.37
2018.03.19 02:40:15.159,10.07071,10.07519,1.00,1.37
2018.03.19 02:40:15.369,10.07065,10.07513,1.37,1.37
2018.03.19 02:41:02.904,10.07057,10.07505,1.37,1.37
2018.03.19 02:41:05.529,10.07057,10.07505,1.37,1.37
2018.03.19 02:41:43.585,10.07057,10.07505,1.37,1.37
2018.03.19 02:41:44.786,10.07057,10.07505,1.37,1.37
2018.03.19 02:41:45.895,10.07057,10.07505,1.37,1.37
2018.03.19 02:41:47.314,10.07057,10.07505,1.37,1.37
2018.03.19 02:41:48.136,10.07044,10.07492,1.37,1.00
2018.03.19 02:41:49.764,10.07044,10.07492,1.37,1.37
2018.03.19 02:41:54.969,10.07044,10.07492,1.37,1.37
2018.03.19 02:42:01.029,10.07046,10.07494,1.37,1.37
2018.03.19 02:42:11.536,10.07046,10.07494,1.37,1.37
2018.03.19 02:42:11.887,10.0703,10.07478,1.37,1.00
2018.03.19 02:42:12.091,10.07037,10.07485,1.37,1.37
2018.03.19 02:42:14.467,10.07033,10.07481,1.37,1.00
2018.03.19 02:42:15.593,10.07033,10.07481,1.37,1.00
2018.03.19 02:42:35.425,10.07037,10.07485,1.37,1.37
2018.03.19 02:42:42.710,10.07032,10.0748,1.37,1.00
2018.03.19 02:42:47.018,10.07032,10.0748,1.37,1.37
2018.03.19 02:42:53.324,10.07047,10.07497,1.37,1.37
2018.03.19 02:42:59.634,10.0704,10.07488,1.37,1.00
2018.03.19 02:43:09.507,10.07055,10.07503,1.37,1.37
2018.03.19 02:43:11.198,10.07061,10.07509,1.75,1.37
2018.03.19 02:43:11.699,10.07052,10.075,1.37,1.37
2018.03.19 02:43:16.161,10.07052,10.075,1.37,1.37
2018.03.19 02:43:25.416,10.07052,10.075,1.37,1.37
2018.03.19 02:43:27.906,10.07052,10.075,1.37,1.37
2018.03.19 02:43:29.306,10.07051,10.07501,1.37,1.37
2018.03.19 02:43:36.348,10.07051,10.07501,1.37,1.37
2018.03.19 02:43:37.808,10.07052,10.075,1.37,1.37
2018.03.19 02:43:55.261,10.07061,10.07509,1.00,1.87
2018.03.19 02:44:15.560,10.07054,10.07502,1.37,1.37
2018.03.19 02:44:34.269,10.07043,10.07491,1.37,1.37
2018.03.19 02:45:00.073,10.07043,10.07474,1.37,1.37
2018.03.19 02:45:22.819,10.07033,10.07474,1.37,1.37
2018.03.19 02:45:22.871,10.07033,10.07474,1.00,1.00
2018.03.19 02:45:22.922,10.07033,10.07474,1.37,1.00
2018.03.19 02:45:26.638,10.07026,10.07474,1.87,1.37
2018.03.19 02:45:31.257,10.07026,10.07474,1.87,1.37
2018.03.19 02:45:34.978,10.07034,10.07474,1.37,1.37
2018.03.19 02:46:08.478,10.07027,10.07477,1.37,1.37
2018.03.19 02:46:09.620,10.07028,10.07476,1.37,1.37
2018.03.19 02:46:12.312,10.07023,10.07471,1.37,1.37
2018.03.19 02:46:41.229,10.07038,10.07486,1.37,1.37
2018.03.19 02:46:54.775,10.07038,10.07486,1.37,1.37
2018.03.19 02:46:56.707,10.07038,10.07486,1.37,1.37
2018.03.19 02:46:58.485,10.07038,10.07486,1.37,1.37
2018.03.19 02:47:04.836,10.07026,10.07509,1.35,1.37
2018.03.19 02:47:04.938,10.07018,10.07509,1.12,1.37
2018.03.19 02:47:06.147,10.07017,10.07517,1.12,1.37
2018.03.19 02:47:19.829,10.07011,10.07517,1.87,1.00
2018.03.19 02:47:20.467,10.07011,10.07517,2.25,1.00
2018.03.19 02:47:20.922,10.07011,10.07517,2.62,1.37
2018.03.19 02:47:35.820,10.07011,10.07517,1.75,1.37
2018.03.19 02:47:38.211,10.07011,10.07517,1.75,1.37
2018.03.19 02:47:52.325,10.07011,10.07517,1.75,1.37
2018.03.19 02:47:55.286,10.07025,10.07488,1.37,1.37
2018.03.19 02:48:09.812,10.07021,10.07489,1.37,1.00
2018.03.19 02:48:09.891,10.07021,10.07489,1.37,1.37
2018.03.19 02:48:14.608,10.07021,10.07489,1.37,1.37
2018.03.19 02:48:31.391,10.07021,10.07488,1.37,1.37
2018.03.19 02:48:33.481,10.07021,10.07488,1.37,1.37
2018.03.19 02:48:34.657,10.07021,10.07488,1.37,1.37
2018.03.19 02:48:41.657,10.07021,10.07488,1.37,1.37
2018.03.19 02:48:45.329,10.07021,10.07488,1.00,1.00
2018.03.19 02:48:45.381,10.07021,10.07488,1.37,1.37
2018.03.19 02:48:54.857,10.07021,10.07488,1.37,1.37
2018.03.19 02:48:57.257,10.07011,10.07488,1.75,1.37
2018.03.19 02:49:00.227,10.07011,10.07488,1.75,1.37
2018.03.19 02:49:02.210,10.07011,10.07488,1.75,1.37
2018.03.19 02:49:03.422,10.07011,10.07488,1.75,1.37
2018.03.19 02:49:22.890,10.07011,10.07488,1.75,1.37
2018.03.19 02:49:22.993,10.07011,10.07489,1.00,1.37
2018.03.19 02:49:23.335,10.06991,10.07489,1.75,1.37
2018.03.19 02:49:23.449,10.06991,10.07489,1.75,1.37
2018.03.19 02:49:25.039,10.06951,10.07489,1.75,1.37
2018.03.19 02:49:30.745,10.06951,10.07489,1.75,1.37
2018.03.19 02:49:33.977,10.06951,10.07489,1.75,1.37
2018.03.19 02:49:34.475,10.06951,10.07488,1.75,1.37
2018.03.19 02:49:40.415,10.06951,10.07488,1.75,1.37
2018.03.19 02:49:41.646,10.06951,10.07488,1.75,1.37
2018.03.19 02:49:41.697,10.06951,10.07488,1.75,1.37
2018.03.19 02:49:42.811,10.0695,10.07488,1.75,1.37
2018.03.19 02:49:43.015,10.06951,10.07488,1.75,1.37
2018.03.19 02:49:47.437,10.06951,10.07488,1.75,1.37
2018.03.19 02:49:47.488,10.06951,10.07488,1.75,1.37
2018.03.19 02:49:48.560,10.06951,10.07488,1.75,1.37
2018.03.19 02:49:54.023,10.0695,10.07488,1.75,1.37
2018.03.19 02:50:02.257,10.06951,10.07439,1.75,1.00
2018.03.19 02:50:03.262,10.06951,10.07479,1.75,1.37
2018.03.19 02:50:03.745,10.06951,10.07435,1.75,1.00
2018.03.19 02:50:04.266,10.06951,10.07477,1.75,1.37
2018.03.19 02:50:04.372,10.06951,10.07434,1.75,1.00
2018.03.19 02:50:05.104,10.06951,10.07434,1.75,1.00
2018.03.19 02:50:06.656,10.06951,10.07434,1.75,1.00
2018.03.19 02:50:08.411,10.06951,10.07434,1.75,1.00
2018.03.19 02:50:10.040,10.06951,10.07434,1.75,1.00
2018.03.19 02:50:11.911,10.06951,10.07434,1.75,1.00
2018.03.19 02:50:13.684,10.06954,10.07449,1.75,1.00
2018.03.19 02:50:13.736,10.06985,10.07451,1.00,1.00
2018.03.19 02:50:13.889,10.06968,10.07451,1.75,1.00
2018.03.19 02:50:13.940,10.06985,10.07451,1.00,1.00
2018.03.19 02:50:13.991,10.06991,10.07448,1.00,1.00
2018.03.19 02:50:14.326,10.06991,10.07447,1.37,1.00
2018.03.19 02:50:16.381,10.06991,10.07447,1.75,1.00
2018.03.19 02:50:16.432,10.06991,10.07447,1.37,1.00
2018.03.19 02:50:18.411,10.06991,10.07447,1.75,1.00
2018.03.19 02:50:19.614,10.06991,10.07457,1.75,1.00
2018.03.19 02:50:19.665,10.06991,10.0746,1.75,1.00
2018.03.19 02:50:28.411,10.06991,10.0746,1.37,1.00
2018.03.19 02:50:28.463,10.06991,10.07454,1.37,1.00
2018.03.19 02:50:28.782,10.06985,10.07444,1.37,1.00
2018.03.19 02:50:29.696,10.06984,10.07444,1.37,1.00
2018.03.19 02:50:32.096,10.06985,10.07444,1.00,1.00
2018.03.19 02:50:32.147,10.06985,10.07444,1.37,1.00
2018.03.19 02:50:33.404,10.06985,10.07444,1.37,1.00
2018.03.19 02:50:34.595,10.06985,10.07434,1.37,1.00
2018.03.19 02:50:35.289,10.06971,10.07322,1.00,1.00
2018.03.19 02:50:35.598,10.06991,10.07274,1.00,1.00
2018.03.19 02:50:35.905,10.06981,10.07274,1.00,1.00
2018.03.19 02:50:36.229,10.0697,10.07274,1.00,1.00
2018.03.19 02:50:36.851,10.06971,10.07274,1.00,1.00
2018.03.19 02:50:38.236,10.06951,10.07309,1.50,1.37
2018.03.19 02:50:38.354,10.06896,10.07329,1.37,1.37
2018.03.19 02:50:38.405,10.06905,10.07339,1.00,1.00
2018.03.19 02:50:38.457,10.06905,10.07369,1.00,1.37
2018.03.19 02:50:38.509,10.06904,10.07413,1.37,1.37
2018.03.19 02:50:38.832,10.0689,10.07413,1.75,1.37
2018.03.19 02:50:38.884,10.06891,10.07424,1.75,1.37
2018.03.19 02:50:38.986,10.06891,10.07429,1.75,1.75
2018.03.19 02:50:39.089,10.06944,10.07439,1.00,1.37
2018.03.19 02:50:39.140,10.06905,10.07396,1.37,1.00
2018.03.19 02:50:39.344,10.06904,10.07439,1.75,1.37
2018.03.19 02:50:39.976,10.06921,10.07427,1.75,1.37
2018.03.19 02:50:40.077,10.06931,10.07414,1.75,1.37
2018.03.19 02:50:40.179,10.06931,10.07414,1.75,1.37
2018.03.19 02:50:41.175,10.06931,10.07409,1.75,1.00
2018.03.19 02:50:44.429,10.06931,10.07409,1.75,1.00
2018.03.19 02:50:49.625,10.06931,10.07415,1.75,1.00
2018.03.19 02:50:49.727,10.06931,10.07419,1.75,1.00
2018.03.19 02:50:50.815,10.06951,10.07419,1.75,1.00
2018.03.19 02:50:51.028,10.06951,10.07419,1.75,1.00
2018.03.19 02:50:51.181,10.06951,10.07445,1.75,1.00
2018.03.19 02:50:51.233,10.06951,10.07463,1.75,1.37
2018.03.19 02:50:51.284,10.06951,10.07442,1.75,1.00
2018.03.19 02:50:52.382,10.06951,10.07442,1.75,1.00
2018.03.19 02:50:59.914,10.06951,10.07442,1.75,1.00
2018.03.19 02:51:04.655,10.06951,10.07439,1.75,1.00
2018.03.19 02:51:04.757,10.06951,10.07439,1.75,1.00
2018.03.19 02:51:07.070,10.06951,10.0744,1.75,1.00
2018.03.19 02:51:10.886,10.06951,10.0744,1.75,1.00
2018.03.19 02:51:13.331,10.06951,10.0744,1.75,1.00
2018.03.19 02:51:16.115,10.06951,10.0744,1.75,1.00
2018.03.19 02:51:16.217,10.06951,10.0744,1.75,1.00
2018.03.19 02:51:19.571,10.06951,10.0744,1.75,1.00
2018.03.19 02:51:19.674,10.06951,10.0744,1.75,1.00
2018.03.19 02:51:19.725,10.06951,10.07445,1.75,1.00
2018.03.19 02:51:19.777,10.06951,10.07445,1.75,1.00
2018.03.19 02:51:19.879,10.06951,10.07445,1.75,1.00
2018.03.19 02:51:20.321,10.06951,10.07445,1.75,1.00
2018.03.19 02:51:20.372,10.06951,10.07445,1.75,1.00
2018.03.19 02:51:21.641,10.06951,10.07445,1.75,1.00
2018.03.19 02:51:21.794,10.0695,10.07457,1.75,1.00
2018.03.19 02:51:21.846,10.06951,10.07457,1.75,1.00
2018.03.19 02:51:22.132,10.06951,10.07457,1.75,1.00
2018.03.19 02:51:22.728,10.06951,10.07457,1.75,1.00
2018.03.19 02:51:26.723,10.06951,10.07457,1.75,1.00
2018.03.19 02:51:31.963,10.06951,10.07457,1.75,1.00
2018.03.19 02:51:32.065,10.06951,10.07457,1.75,1.00
2018.03.19 02:51:34.067,10.06951,10.07457,1.75,1.00
2018.03.19 02:51:34.715,10.06951,10.07447,1.75,1.00
2018.03.19 02:51:38.087,10.06951,10.07447,1.75,1.00
2018.03.19 02:51:46.026,10.06957,10.07447,1.75,1.00
2018.03.19 02:51:46.128,10.06957,10.07447,1.75,1.00
2018.03.19 02:51:48.981,10.06958,10.07447,1.75,1.00
2018.03.19 02:51:49.796,10.06958,10.07445,1.75,1.00
2018.03.19 02:51:50.228,10.06958,10.07452,1.75,1.00
2018.03.19 02:51:51.540,10.06958,10.07452,1.75,1.00
2018.03.19 02:51:54.551,10.06968,10.07452,1.75,1.00
2018.03.19 02:51:56.555,10.06978,10.07452,1.37,1.00
2018.03.19 02:51:58.413,10.0699,10.07457,1.12,1.00
2018.03.19 02:51:58.515,10.06997,10.07457,1.00,1.00
2018.03.19 02:51:58.566,10.06987,10.07457,1.37,1.00
2018.03.19 02:52:04.775,10.06987,10.07455,1.37,1.00
2018.03.19 02:52:06.460,10.07065,10.07459,1.37,1.00
2018.03.19 02:52:06.766,10.07121,10.07505,1.25,1.37
2018.03.19 02:52:08.412,10.07131,10.07474,1.25,1.00
2018.03.19 02:52:09.649,10.07161,10.07529,1.25,1.37
2018.03.19 02:52:09.701,10.07201,10.07529,1.25,1.00
2018.03.19 02:52:11.245,10.07201,10.07487,1.00,1.00
2018.03.19 02:52:11.785,10.07141,10.07487,1.00,1.00
2018.03.19 02:52:11.888,10.07141,10.07463,1.00,1.00
2018.03.19 02:52:12.248,10.07121,10.07463,1.00,1.00
2018.03.19 02:52:12.600,10.07059,10.07463,1.37,1.00
2018.03.19 02:52:13.232,10.07021,10.07463,1.37,1.00
2018.03.19 02:52:14.255,10.07014,10.07459,1.37,1.00
2018.03.19 02:52:15.478,10.06982,10.07459,1.75,1.00
2018.03.19 02:52:18.727,10.06982,10.07459,1.75,1.00
2018.03.19 02:52:19.846,10.06995,10.07454,1.37,1.00
2018.03.19 02:52:20.904,10.06995,10.07453,1.37,1.00
2018.03.19 02:52:25.982,10.06995,10.07451,1.37,1.00
2018.03.19 02:52:33.968,10.06995,10.07451,1.37,1.00
2018.03.19 02:52:34.835,10.06995,10.07454,1.37,1.00
2018.03.19 02:52:42.904,10.06991,10.07454,1.75,1.00
2018.03.19 02:52:49.829,10.06991,10.07454,1.75,1.00
2018.03.19 02:52:51.106,10.06991,10.07454,1.75,1.00
2018.03.19 02:52:55.691,10.06991,10.07454,1.75,1.00
2018.03.19 02:52:56.079,10.06991,10.07477,1.37,1.00
2018.03.19 02:52:56.696,10.06991,10.07459,2.25,1.00
2018.03.19 02:52:56.963,10.06991,10.07459,2.25,1.00
2018.03.19 02:52:58.151,10.06991,10.07459,2.25,1.00
2018.03.19 02:52:59.699,10.06991,10.07459,2.25,1.00
2018.03.19 02:53:00.853,10.06991,10.07459,1.87,1.00
2018.03.19 02:53:00.905,10.06991,10.07459,2.25,1.00
2018.03.19 02:53:03.128,10.06991,10.07459,2.25,1.00
2018.03.19 02:53:04.895,10.06993,10.07458,1.75,1.00
2018.03.19 02:53:05.402,10.06999,10.07458,1.75,1.00
2018.03.19 02:53:07.371,10.06998,10.07458,1.37,1.00
2018.03.19 02:53:07.422,10.07011,10.07458,1.37,1.00
2018.03.19 02:53:08.562,10.07013,10.07458,1.37,1.00
2018.03.19 02:53:08.983,10.07019,10.07458,1.37,1.00
2018.03.19 02:53:09.286,10.07022,10.07458,1.00,1.00
2018.03.19 02:53:09.419,10.07029,10.07458,1.00,1.00
2018.03.19 02:53:09.621,10.07024,10.07458,1.00,1.00
2018.03.19 02:53:09.980,10.07221,10.07599,1.63,1.00
2018.03.19 02:53:10.032,10.07231,10.07604,1.25,1.12
2018.03.19 02:53:10.084,10.07231,10.07629,1.25,1.00
2018.03.19 02:53:10.594,10.07231,10.07629,1.63,1.00
2018.03.19 02:53:10.646,10.07271,10.0765,1.25,1.00
2018.03.19 02:53:10.749,10.07271,10.07705,1.25,1.00
2018.03.19 02:53:10.800,10.07271,10.07737,1.63,1.00
2018.03.19 02:53:12.077,10.07274,10.07758,1.00,1.00
2018.03.19 02:53:13.361,10.07275,10.07758,1.00,1.00
2018.03.19 02:53:13.413,10.07271,10.07758,1.63,1.00
2018.03.19 02:53:13.516,10.07271,10.07758,1.37,1.00
2018.03.19 02:53:13.880,10.07251,10.07758,1.75,1.00
2018.03.19 02:53:14.478,10.07231,10.07758,1.75,1.00
2018.03.19 02:53:14.580,10.0723,10.07758,1.75,1.00
2018.03.19 02:53:14.683,10.07231,10.07779,1.75,1.37
2018.03.19 02:53:15.429,10.07221,10.07779,2.25,1.37
2018.03.19 02:53:15.958,10.07201,10.07779,1.75,1.37
2018.03.19 02:53:16.498,10.07186,10.07731,1.12,1.37
2018.03.19 02:53:16.652,10.07175,10.07707,1.75,1.00
2018.03.19 02:53:16.703,10.07175,10.07736,1.37,1.37
2018.03.19 02:53:16.755,10.07176,10.07708,1.87,1.00
2018.03.19 02:53:17.223,10.07176,10.07687,1.37,1.00
2018.03.19 02:53:17.275,10.07171,10.07687,1.37,1.00
2018.03.19 02:53:17.377,10.07171,10.07711,1.37,1.37
2018.03.19 02:53:17.479,10.0717,10.07704,1.75,1.37
2018.03.19 02:53:17.581,10.07151,10.07704,1.75,1.37
2018.03.19 02:53:17.786,10.07151,10.0768,1.75,1.37
2018.03.19 02:53:17.984,10.07131,10.07652,1.75,1.37
2018.03.19 02:53:18.036,10.07131,10.07631,1.75,1.00
2018.03.19 02:53:19.213,10.07135,10.07631,1.00,1.37
2018.03.19 02:53:19.500,10.07083,10.07609,1.75,1.00
2018.03.19 02:53:20.334,10.07077,10.07609,1.75,1.00
2018.03.19 02:53:20.385,10.07077,10.07611,1.75,1.00
2018.03.19 02:53:23.386,10.07077,10.07611,1.75,1.00
2018.03.19 02:53:23.784,10.0714,10.07508,1.00,1.00
2018.03.19 02:53:23.888,10.07074,10.07459,1.00,1.00
2018.03.19 02:53:23.939,10.0705,10.07436,1.00,1.00
2018.03.19 02:53:23.991,10.07033,10.07419,1.00,1.00
2018.03.19 02:53:24.298,10.06974,10.0736,1.00,1.37
2018.03.19 02:53:24.644,10.06978,10.07364,1.00,1.37
2018.03.19 02:53:24.695,10.06971,10.07357,1.00,1.12
2018.03.19 02:53:24.747,10.06967,10.07353,1.00,1.00
2018.03.19 02:53:25.056,10.06971,10.07357,1.00,1.12
2018.03.19 02:53:26.528,10.06975,10.07361,1.00,1.37
2018.03.19 02:53:26.580,10.06971,10.07357,1.00,1.12
2018.03.19 02:53:26.731,10.06982,10.07368,1.00,1.37
2018.03.19 02:53:26.782,10.06979,10.07365,1.00,1.12
2018.03.19 02:53:26.986,10.06947,10.07335,1.00,1.37
2018.03.19 02:53:27.038,10.0693,10.07319,1.37,1.00
2018.03.19 02:53:28.017,10.06937,10.07323,1.37,1.00
2018.03.19 02:53:28.370,10.06943,10.07329,1.37,1.00
2018.03.19 02:53:28.421,10.06946,10.07332,1.00,1.37
2018.03.19 02:53:28.574,10.06938,10.07324,1.00,1.12
2018.03.19 02:53:31.762,10.06911,10.07334,1.37,1.37
2018.03.19 02:53:35.472,10.06886,10.07334,1.87,1.00
2018.03.19 02:53:47.224,10.06935,10.07353,1.37,1.00
2018.03.19 02:53:47.275,10.06963,10.07404,1.75,3.75
2018.03.19 02:53:47.327,10.07012,10.0755,1.37,1.37
2018.03.19 02:53:47.378,10.07061,10.07563,1.00,1.37
2018.03.19 02:53:47.430,10.07028,10.07582,1.37,1.00
2018.03.19 02:53:47.481,10.07082,10.07607,1.37,1.00
2018.03.19 02:53:47.533,10.07088,10.07637,1.37,1.00
2018.03.19 02:53:47.584,10.07099,10.07661,1.37,1.37
2018.03.19 02:53:47.636,10.07113,10.07678,1.37,1.00
2018.03.19 02:53:47.687,10.07079,10.0776,1.75,1.12
2018.03.19 02:53:47.739,10.07107,10.07726,1.75,1.00
2018.03.19 02:53:47.791,10.07097,10.07717,1.12,1.37
2018.03.19 02:53:48.412,10.07112,10.07695,1.12,1.37
2018.03.19 02:53:49.453,10.07109,10.07695,1.12,1.00
2018.03.19 02:53:49.993,10.07109,10.07684,1.12,1.00
2018.03.19 02:53:50.446,10.07109,10.07689,1.12,1.00
2018.03.19 02:53:50.550,10.07109,10.07689,1.12,1.00
2018.03.19 02:53:51.889,10.07107,10.07704,1.12,1.37
2018.03.19 02:53:52.176,10.07107,10.07683,1.12,1.00
2018.03.19 02:53:53.388,10.07107,10.07683,1.12,1.00
2018.03.19 02:53:54.219,10.07107,10.07683,1.12,1.00
2018.03.19 02:53:55.541,10.07107,10.07592,1.12,1.00
2018.03.19 02:53:56.562,10.07076,10.07592,1.12,1.00
2018.03.19 02:53:56.613,10.07078,10.07572,1.75,1.00
2018.03.19 02:53:57.766,10.07078,10.07572,1.75,1.00
2018.03.19 02:53:59.640,10.07078,10.07572,1.37,1.00
2018.03.19 02:53:59.691,10.07078,10.07561,1.37,1.00
2018.03.19 02:53:59.743,10.07078,10.07561,1.37,1.00
2018.03.19 02:53:59.846,10.07071,10.07558,1.75,1.00
2018.03.19 02:54:00.171,10.07051,10.07563,1.75,1.00
2018.03.19 02:54:00.545,10.07032,10.07557,1.75,1.37
2018.03.19 02:54:01.623,10.07027,10.07557,1.75,1.37
2018.03.19 02:54:02.483,10.07025,10.07554,1.75,1.37
2018.03.19 02:54:02.758,10.07025,10.07554,1.75,1.37
2018.03.19 02:54:08.505,10.07055,10.07488,1.37,1.37
2018.03.19 02:54:09.899,10.07005,10.07488,1.75,1.37
2018.03.19 02:54:13.427,10.07021,10.07489,1.75,1.00
2018.03.19 02:54:13.807,10.07046,10.07539,1.00,1.37
2018.03.19 02:54:13.910,10.07031,10.07556,1.37,1.87
2018.03.19 02:54:14.012,10.07058,10.07556,1.00,1.00
2018.03.19 02:54:14.063,10.07043,10.07556,1.00,1.00
2018.03.19 02:54:14.115,10.07058,10.07569,1.37,1.00
2018.03.19 02:54:14.437,10.07031,10.07556,1.37,1.00
2018.03.19 02:54:14.590,10.07031,10.07556,1.37,1.37
2018.03.19 02:54:15.884,10.07026,10.07556,1.37,1.37
2018.03.19 02:54:18.814,10.07026,10.07537,1.75,1.37
2018.03.19 02:54:20.849,10.06991,10.07537,1.75,1.37
2018.03.19 02:54:28.657,10.07017,10.07529,1.75,1.37
2018.03.19 02:54:28.708,10.07044,10.07556,1.37,1.37
2018.03.19 02:54:28.811,10.0706,10.07556,1.37,1.37
2018.03.19 02:54:28.913,10.07064,10.07556,1.50,1.00
2018.03.19 02:54:29.171,10.07094,10.07596,1.37,1.37
2018.03.19 02:54:29.222,10.07067,10.07568,1.75,1.00
2018.03.19 02:54:29.273,10.07078,10.07568,1.00,1.00
2018.03.19 02:54:29.623,10.0707,10.07568,1.50,1.00
2018.03.19 02:54:30.845,10.07041,10.07568,1.75,1.00
2018.03.19 02:54:32.159,10.07041,10.07568,1.75,1.00
2018.03.19 02:54:33.864,10.07041,10.07568,1.75,1.00
2018.03.19 02:54:35.124,10.07041,10.0757,1.75,1.00
2018.03.19 02:54:35.750,10.07041,10.0757,1.75,1.00
2018.03.19 02:54:36.996,10.07049,10.0757,1.75,1.00
2018.03.19 02:54:37.047,10.07049,10.07577,1.75,1.00
2018.03.19 02:54:42.446,10.07061,10.07609,1.75,1.37
2018.03.19 02:54:45.943,10.07061,10.07609,1.75,1.37
2018.03.19 02:54:50.156,10.07055,10.07601,1.75,1.37
2018.03.19 02:54:50.659,10.07049,10.07621,1.75,1.37
2018.03.19 02:54:51.993,10.07041,10.07608,1.75,1.00
2018.03.19 02:54:57.476,10.07076,10.07642,1.75,1.37
2018.03.19 02:54:57.839,10.07058,10.0762,1.75,1.37
2018.03.19 02:54:58.486,10.07042,10.07558,1.12,1.37
2018.03.19 02:54:58.538,10.07041,10.07558,1.75,1.37
2018.03.19 02:54:59.333,10.07041,10.07548,1.37,1.00
2018.03.19 02:54:59.447,10.07041,10.07548,1.37,1.37
2018.03.19 02:54:59.970,10.07041,10.07548,1.75,1.37
2018.03.19 02:55:00.679,10.07041,10.07548,1.75,1.37
2018.03.19 02:55:01.726,10.07041,10.07548,1.75,1.37
2018.03.19 02:55:02.585,10.07047,10.07549,1.75,1.37
2018.03.19 02:55:02.953,10.07055,10.07568,1.37,1.37
2018.03.19 02:55:03.536,10.0704,10.07568,2.25,1.37
2018.03.19 02:55:03.740,10.07088,10.07619,1.75,1.37
2018.03.19 02:55:03.882,10.07102,10.07659,1.75,1.00
2018.03.19 02:55:03.933,10.07102,10.07636,1.75,1.00
2018.03.19 02:55:04.137,10.07086,10.07636,1.75,1.37
2018.03.19 02:55:05.161,10.07055,10.07627,1.12,1.00
2018.03.19 02:55:05.331,10.07053,10.07627,1.12,1.00
2018.03.19 02:55:05.591,10.07053,10.07623,1.12,1.00
2018.03.19 02:55:06.665,10.07071,10.07657,1.75,1.37
2018.03.19 02:55:08.246,10.07052,10.07635,1.12,1.37
2018.03.19 02:55:09.823,10.07051,10.07635,1.87,1.37
2018.03.19 02:55:16.030,10.07051,10.07635,1.75,1.37
2018.03.19 02:55:20.165,10.07051,10.07617,1.75,1.00
2018.03.19 02:55:20.267,10.07066,10.07662,1.75,1.37
2018.03.19 02:55:23.447,10.07054,10.0764,1.12,1.37
2018.03.19 02:55:25.298,10.07041,10.07624,1.75,1.00
2018.03.19 02:55:26.320,10.07041,10.07618,1.75,1.00
2018.03.19 02:55:26.371,10.07068,10.07646,1.75,1.37
2018.03.19 02:55:26.423,10.07074,10.07668,1.75,1.37
2018.03.19 02:55:26.778,10.07051,10.07641,1.75,1.37
2018.03.19 02:55:28.451,10.07051,10.07641,1.75,1.37
2018.03.19 02:55:30.949,10.07063,10.07632,1.75,1.37
2018.03.19 02:55:33.385,10.07064,10.07632,1.75,1.00
2018.03.19 02:55:33.436,10.07051,10.07632,2.25,1.37
2018.03.19 02:55:33.773,10.07051,10.07607,1.75,1.37
2018.03.19 02:55:34.979,10.0705,10.07607,1.75,1.37
2018.03.19 02:55:37.550,10.07026,10.07557,1.75,1.00
2018.03.19 02:55:38.462,10.07015,10.07556,1.12,1.00
2018.03.19 02:55:38.971,10.06989,10.07556,1.12,1.37
2018.03.19 02:55:50.536,10.06989,10.07556,1.12,1.97
2018.03.19 02:55:50.845,10.06855,10.07268,1.00,1.00
2018.03.19 02:55:51.151,10.06829,10.07243,1.37,1.00
2018.03.19 02:55:51.323,10.06833,10.07247,1.37,1.00
2018.03.19 02:55:51.855,10.06838,10.07252,1.00,1.00
2018.03.19 02:55:51.906,10.06848,10.07262,1.00,1.00
2018.03.19 02:55:52.236,10.06836,10.0725,1.00,1.00
2018.03.19 02:55:53.466,10.06843,10.07257,1.00,1.00
2018.03.19 02:55:53.771,10.06847,10.07261,1.00,1.00
2018.03.19 02:55:56.945,10.06875,10.07288,1.00,1.37
2018.03.19 02:55:57.098,10.0687,10.07284,1.00,1.37
2018.03.19 02:55:58.412,10.06887,10.07274,1.00,1.37
2018.03.19 02:55:58.667,10.06957,10.07345,1.00,1.37
2018.03.19 02:55:58.767,10.06952,10.07338,1.00,1.00
2018.03.19 02:55:58.818,10.06961,10.07347,1.00,1.37
2018.03.19 02:55:59.173,10.06943,10.07329,1.37,1.00
2018.03.19 02:55:59.610,10.06946,10.07332,1.12,1.00
2018.03.19 02:55:59.711,10.0695,10.07336,1.00,1.00
2018.03.19 02:56:00.780,10.06944,10.0733,1.00,1.37
2018.03.19 02:56:01.093,10.06941,10.07327,1.00,1.37
2018.03.19 02:56:01.145,10.06944,10.07332,1.00,1.37
2018.03.19 02:56:02.142,10.06948,10.07334,1.00,1.37
2018.03.19 02:56:02.193,10.06943,10.07329,1.00,1.37
2018.03.19 02:56:05.817,10.06938,10.07326,1.00,1.00
2018.03.19 02:56:06.168,10.06944,10.0733,1.00,1.37
2018.03.19 02:56:16.946,10.06937,10.07323,1.00,1.00
2018.03.19 02:56:18.149,10.06937,10.07323,1.00,1.37
2018.03.19 02:56:18.201,10.06933,10.07319,1.00,1.00
2018.03.19 02:56:33.412,10.0695,10.07308,1.00,1.00
2018.03.19 02:56:33.726,10.06937,10.07295,1.00,1.00
2018.03.19 02:56:34.470,10.06931,10.07291,1.00,1.00
2018.03.19 02:56:51.336,10.06932,10.0729,1.00,1.00
2018.03.19 02:56:51.436,10.06936,10.07294,1.00,1.00
2018.03.19 02:56:53.412,10.06912,10.07324,1.37,1.37
2018.03.19 02:56:53.464,10.06928,10.07317,1.00,1.37
2018.03.19 02:56:53.748,10.06926,10.07312,1.00,1.00
2018.03.19 02:56:56.704,10.06926,10.07312,1.00,1.37
2018.03.19 02:57:02.155,10.06923,10.07309,1.00,1.00
2018.03.19 02:57:11.524,10.06926,10.07312,1.00,1.37
2018.03.19 02:57:12.531,10.07002,10.07378,1.25,1.00
2018.03.19 02:57:12.583,10.07021,10.07399,1.25,1.37
2018.03.19 02:57:12.635,10.07021,10.07399,1.63,1.00
2018.03.19 02:57:12.975,10.07031,10.07419,1.00,1.37
2018.03.19 02:57:13.862,10.07031,10.0742,1.00,1.37
2018.03.19 02:57:15.165,10.07031,10.07429,1.37,1.37
2018.03.19 02:57:15.416,10.0706,10.0744,1.00,1.37
2018.03.19 02:57:15.723,10.07077,10.07433,1.00,1.37
2018.03.19 02:57:16.300,10.07078,10.07434,1.00,1.37
2018.03.19 02:57:16.622,10.07081,10.07434,1.00,1.37
2018.03.19 02:57:17.399,10.07064,10.0742,1.00,1.00
2018.03.19 02:57:17.450,10.07061,10.07416,1.00,1.00
2018.03.19 02:57:17.819,10.07041,10.07433,1.37,1.00
2018.03.19 02:57:17.870,10.07041,10.0742,1.00,1.37
2018.03.19 02:57:18.205,10.07041,10.07394,1.00,1.00
2018.03.19 02:57:18.256,10.07039,10.07398,1.00,1.00
2018.03.19 02:57:18.611,10.0703,10.07389,1.00,1.00
2018.03.19 02:57:22.904,10.07034,10.07395,1.00,1.00
2018.03.19 02:57:25.163,10.07035,10.07394,1.00,1.00
2018.03.19 02:57:26.230,10.07034,10.07393,1.00,1.00
2018.03.19 02:57:26.281,10.07031,10.0739,1.00,1.00
2018.03.19 02:57:26.687,10.07034,10.07393,1.00,1.00
2018.03.19 02:57:27.089,10.07031,10.0739,1.00,1.00
2018.03.19 02:57:27.411,10.07029,10.07387,1.00,1.00
2018.03.19 02:57:28.092,10.07033,10.07391,1.00,1.00
2018.03.19 02:57:28.432,10.07021,10.07379,1.00,1.00
2018.03.19 02:57:28.774,10.07007,10.07365,1.37,1.00
2018.03.19 02:57:28.826,10.07013,10.07371,1.00,1.00
2018.03.19 02:57:28.878,10.07005,10.07363,1.37,1.00
2018.03.19 02:57:29.783,10.0699,10.07371,1.37,1.00
2018.03.19 02:57:29.835,10.0697,10.07355,1.37,1.00
2018.03.19 02:57:29.886,10.06971,10.07357,1.37,1.00
2018.03.19 02:57:29.937,10.06961,10.07347,1.37,1.00
2018.03.19 02:57:30.091,10.06973,10.07359,1.37,1.00
2018.03.19 02:57:30.270,10.06964,10.0735,1.37,1.00
2018.03.19 02:57:30.600,10.0695,10.07336,1.37,1.00
2018.03.19 02:57:30.854,10.06943,10.07331,1.37,1.00
2018.03.19 02:57:30.905,10.06925,10.07311,1.37,1.00
2018.03.19 02:57:31.220,10.06919,10.07305,1.37,1.00
2018.03.19 02:57:31.271,10.06925,10.07311,1.37,1.00
2018.03.19 02:57:31.593,10.06915,10.07301,1.37,1.00
2018.03.19 02:57:31.696,10.06885,10.07298,1.37,1.00
2018.03.19 02:57:31.799,10.06915,10.07302,1.37,1.00
2018.03.19 02:57:31.851,10.06896,10.07309,1.37,1.37
2018.03.19 02:57:31.976,10.06919,10.07306,1.00,1.37
2018.03.19 02:57:32.028,10.06901,10.07314,1.37,1.37
2018.03.19 02:57:32.130,10.06914,10.07301,1.37,1.00
2018.03.19 02:57:32.335,10.06887,10.07303,1.37,1.00
2018.03.19 02:57:32.386,10.06883,10.07299,1.37,1.00
2018.03.19 02:57:32.732,10.06876,10.0729,1.37,1.37
2018.03.19 02:57:32.835,10.06869,10.07283,1.37,1.00
2018.03.19 02:57:33.141,10.06861,10.07275,1.37,1.00
2018.03.19 02:57:33.192,10.06865,10.07281,1.37,1.00
2018.03.19 02:57:33.295,10.06859,10.07273,1.37,1.00
2018.03.19 02:57:33.551,10.06871,10.07257,1.00,1.12
2018.03.19 02:57:33.602,10.06868,10.07254,1.37,1.00
2018.03.19 02:57:33.962,10.06866,10.07252,1.37,1.00
2018.03.19 02:57:34.307,10.06849,10.07235,1.37,1.00
2018.03.19 02:57:34.411,10.06858,10.07244,1.37,1.00
2018.03.19 02:57:34.620,10.06858,10.07244,1.00,1.37
2018.03.19 02:57:34.671,10.06854,10.0724,1.00,1.37
2018.03.19 02:57:35.266,10.0685,10.07236,1.00,1.12
2018.03.19 02:57:35.536,10.06847,10.07233,1.37,1.00
2018.03.19 02:57:35.984,10.06846,10.07232,1.00,1.00
2018.03.19 02:57:37.194,10.0685,10.07236,1.00,1.12
2018.03.19 02:57:37.697,10.06857,10.07243,1.00,1.37
2018.03.19 02:57:38.324,10.0685,10.07236,1.00,1.12
2018.03.19 02:57:39.261,10.06856,10.07242,1.00,1.37
2018.03.19 02:57:39.783,10.06851,10.07237,1.00,1.37
2018.03.19 02:57:41.597,10.06855,10.07241,1.00,1.37
2018.03.19 02:57:42.117,10.06851,10.07237,1.00,1.37
2018.03.19 02:57:43.404,10.06846,10.07234,1.00,1.37
2018.03.19 02:57:44.322,10.06872,10.07249,1.00,1.37
2018.03.19 02:57:44.634,10.06876,10.07249,1.00,1.37
2018.03.19 02:57:44.685,10.06876,10.07262,1.00,1.37
2018.03.19 02:57:44.736,10.06872,10.07258,1.00,1.37
2018.03.19 02:57:45.032,10.06884,10.0727,1.00,1.37
2018.03.19 02:57:45.346,10.06886,10.07274,1.00,1.37
2018.03.19 02:57:47.322,10.06878,10.07264,1.00,1.37
2018.03.19 02:57:48.024,10.06883,10.07269,1.00,1.37
2018.03.19 02:57:50.048,10.06879,10.07265,1.00,1.37
2018.03.19 02:57:50.834,10.06879,10.07265,1.00,1.37
2018.03.19 02:57:50.885,10.0687,10.07256,1.00,1.37
2018.03.19 02:57:51.033,10.06879,10.07265,1.00,1.37
2018.03.19 02:57:51.084,10.06876,10.07262,1.00,1.37
2018.03.19 02:57:51.135,10.06872,10.07258,1.00,1.37
2018.03.19 02:57:51.975,10.06873,10.07259,1.00,1.37
2018.03.19 02:57:54.924,10.07091,10.07339,1.50,2.25
2018.03.19 02:57:55.336,10.07101,10.07349,1.00,1.00
2018.03.19 02:57:55.659,10.07101,10.07369,1.00,1.00
2018.03.19 02:57:55.710,10.07101,10.07409,1.00,1.00
2018.03.19 02:57:56.091,10.07101,10.07429,1.00,1.00
2018.03.19 02:57:56.395,10.07101,10.07439,1.00,1.00
2018.03.19 02:57:59.351,10.07111,10.07439,1.00,1.00
2018.03.19 02:57:59.688,10.07131,10.07439,1.00,1.00
2018.03.19 02:58:01.237,10.07081,10.07429,1.00,1.00
2018.03.19 02:58:01.288,10.07081,10.07418,1.00,1.00
2018.03.19 02:58:01.638,10.07081,10.07415,1.00,1.00
2018.03.19 02:58:01.689,10.07061,10.07405,1.00,1.00
2018.03.19 02:58:01.791,10.07061,10.07413,1.00,1.00
2018.03.19 02:58:02.021,10.07054,10.0741,1.37,1.00
2018.03.19 02:58:02.072,10.07047,10.07403,1.37,1.00
2018.03.19 02:58:02.175,10.07051,10.07407,1.37,1.00
2018.03.19 02:58:02.226,10.07048,10.07404,1.37,1.00
2018.03.19 02:58:02.328,10.07048,10.07404,1.00,1.00
2018.03.19 02:58:02.379,10.0704,10.07396,1.00,1.00
2018.03.19 02:58:02.431,10.07037,10.07394,1.00,1.00
2018.03.19 02:58:02.482,10.07046,10.07403,1.00,1.00
2018.03.19 02:58:03.802,10.0704,10.07398,1.00,1.00
2018.03.19 02:58:03.853,10.07037,10.07395,1.00,1.00
2018.03.19 02:58:04.106,10.07035,10.07395,1.00,1.00
2018.03.19 02:58:04.591,10.07041,10.07399,1.00,1.00
2018.03.19 02:58:04.754,10.07035,10.07395,1.00,1.00
2018.03.19 02:58:05.852,10.0704,10.07398,1.00,1.00
2018.03.19 02:58:10.414,10.07031,10.07389,1.00,1.00
2018.03.19 02:58:10.741,10.07028,10.07386,1.00,1.00
2018.03.19 02:58:11.327,10.07019,10.07377,1.00,1.00
2018.03.19 02:58:12.259,10.07016,10.07374,1.37,1.00
2018.03.19 02:58:12.310,10.07019,10.07377,1.00,1.00
2018.03.19 02:58:12.413,10.07015,10.07373,1.37,1.00
2018.03.19 02:58:14.543,10.07019,10.07377,1.00,1.00
2018.03.19 02:58:21.332,10.07027,10.07385,1.00,1.00
2018.03.19 02:58:27.016,10.07025,10.07383,1.00,1.00
2018.03.19 02:58:50.732,10.07028,10.07386,1.00,1.00
2018.03.19 02:59:01.019,10.07023,10.07381,1.00,1.00
2018.03.19 02:59:14.104,10.07031,10.07389,1.00,1.00
2018.03.19 02:59:14.524,10.07027,10.07385,1.00,1.00
2018.03.19 02:59:16.320,10.07019,10.07377,1.00,1.00
2018.03.19 02:59:16.820,10.07024,10.07382,1.00,1.00
2018.03.19 02:59:17.321,10.07032,10.0739,1.00,1.00
2018.03.19 02:59:18.412,10.07016,10.07372,1.12,1.00
2018.03.19 02:59:19.455,10.07014,10.0737,1.37,1.00
2018.03.19 02:59:23.412,10.07009,10.07365,1.37,1.00
2018.03.19 02:59:23.515,10.07013,10.07369,1.37,1.00
2018.03.19 02:59:23.643,10.07021,10.07377,1.00,1.00
2018.03.19 02:59:23.696,10.07029,10.07385,1.00,1.00
2018.03.19 02:59:24.193,10.07041,10.07397,1.00,1.00
2018.03.19 02:59:24.541,10.07038,10.07394,1.00,1.00
2018.03.19 02:59:24.862,10.07038,10.07394,1.37,1.00
2018.03.19 02:59:24.913,10.07043,10.07399,1.00,1.00
2018.03.19 02:59:30.852,10.07043,10.07399,1.37,1.00
2018.03.19 02:59:32.104,10.07043,10.07399,1.00,1.37
2018.03.19 02:59:32.699,10.07047,10.07403,1.00,1.00
2018.03.19 02:59:33.682,10.07047,10.07403,1.00,1.75
2018.03.19 02:59:33.885,10.07044,10.074,1.12,1.37
2018.03.19 02:59:34.036,10.07035,10.07393,1.37,1.00
2018.03.19 02:59:35.188,10.07035,10.07393,1.37,1.00
2018.03.19 02:59:38.412,10.07046,10.07402,1.00,1.00
2018.03.19 02:59:38.463,10.07032,10.0739,1.37,1.00
2018.03.19 02:59:38.514,10.07036,10.07394,1.37,1.00
2018.03.19 02:59:38.836,10.07032,10.0739,1.37,1.00
2018.03.19 02:59:39.186,10.07027,10.07385,1.37,1.00
2018.03.19 02:59:39.562,10.07034,10.07392,1.37,1.00
2018.03.19 02:59:45.484,10.07037,10.07395,1.00,1.00
2018.03.19 02:59:47.490,10.07037,10.07397,1.00,1.00
2018.03.19 02:59:47.990,10.07031,10.07389,1.00,1.00
2018.03.19 02:59:48.412,10.07034,10.0739,1.00,1.00
2018.03.19 02:59:48.975,10.07025,10.07381,1.00,1.00
2018.03.19 02:59:50.115,10.07026,10.07382,1.00,1.00
2018.03.19 02:59:50.480,10.07035,10.07391,1.00,1.00
2018.03.19 02:59:53.412,10.07027,10.07383,1.00,1.00
2018.03.19 02:59:53.717,10.07032,10.07388,1.00,1.00
2018.03.19 02:59:54.372,10.07047,10.07403,1.00,1.00
