2013.10.29 14:00:01.043,8.76938,8.77202,1.50,2.25
2013.10.29 14:00:01.106,8.76938,8.77202,1.50,2.25
2013.10.29 14:00:02.608,8.76947,8.77202,1.50,2.25
2013.10.29 14:00:02.674,8.76947,8.77202,1.50,2.25
2013.10.29 14:00:02.803,8.76998,8.77262,1.50,2.25
2013.10.29 14:00:02.864,8.76998,8.77222,1.50,1.50
2013.10.29 14:00:02.986,8.76938,8.77202,1.50,2.25
2013.10.29 14:00:04.654,8.76938,8.77202,1.50,2.25
2013.10.29 14:00:05.644,8.76938,8.77202,1.50,2.25
2013.10.29 14:00:06.658,8.76938,8.77202,1.50,2.25
2013.10.29 14:00:10.433,8.76938,8.77202,1.50,2.25
2013.10.29 14:00:12.635,8.76938,8.77202,1.50,2.25
2013.10.29 14:00:12.704,8.76938,8.77155,2.25,1.50
2013.10.29 14:00:24.797,8.76977,8.77155,1.13,1.50
2013.10.29 14:00:24.862,8.76952,8.77182,1.13,1.50
2013.10.29 14:00:24.923,8.76977,8.77182,1.13,1.50
2013.10.29 14:00:25.437,8.77002,8.77218,1.13,1.50
2013.10.29 14:00:26.086,8.77028,8.77204,1.13,1.50
2013.10.29 14:00:30.723,8.7705,8.77183,1.13,1.13
2013.10.29 14:00:39.680,8.77051,8.77182,1.13,1.05
2013.10.29 14:00:40.192,8.77051,8.77182,1.13,1.05
2013.10.29 14:00:40.702,8.77051,8.77183,1.13,1.13
2013.10.29 14:00:42.294,8.7705,8.77183,1.13,1.13
2013.10.29 14:00:49.579,8.77067,8.77183,1.13,1.13
2013.10.29 14:00:53.051,8.77067,8.77182,1.13,1.13
2013.10.29 14:00:57.533,8.77067,8.77182,1.13,1.13
2013.10.29 14:00:59.785,8.77067,8.77204,1.13,1.13
2013.10.29 14:00:59.914,8.77078,8.77204,1.13,1.13
2013.10.29 14:01:03.112,8.77078,8.77204,1.13,1.13
2013.10.29 14:01:10.282,8.77027,8.77183,1.13,1.13
2013.10.29 14:01:10.343,8.7704,8.77183,1.35,1.13
2013.10.29 14:01:10.522,8.77047,8.77152,1.35,1.13
2013.10.29 14:01:10.827,8.77077,8.77183,1.13,1.13
2013.10.29 14:01:11.544,8.77077,8.77183,1.13,1.13
2013.10.29 14:01:11.673,8.77074,8.77183,1.13,1.13
2013.10.29 14:01:12.232,8.77077,8.77183,1.13,1.13
2013.10.29 14:01:12.914,8.77065,8.77183,1.13,1.13
2013.10.29 14:01:13.975,8.77065,8.77183,1.13,1.13
2013.10.29 14:01:15.844,8.77065,8.77183,1.13,1.05
2013.10.29 14:01:16.547,8.77065,8.77182,1.13,1.13
2013.10.29 14:01:18.545,8.77065,8.77182,1.13,1.13
2013.10.29 14:01:21.627,8.77075,8.77182,1.13,1.13
2013.10.29 14:01:37.094,8.77031,8.77174,1.73,1.50
2013.10.29 14:01:42.732,8.77031,8.77174,1.73,1.50
2013.10.29 14:01:47.116,8.77031,8.77174,1.73,1.50
2013.10.29 14:02:02.682,8.77031,8.77182,1.73,1.13
2013.10.29 14:02:17.113,8.77029,8.77168,2.48,1.50
2013.10.29 14:02:17.173,8.77029,8.77168,2.48,1.50
2013.10.29 14:02:17.472,8.77029,8.77166,2.48,1.50
2013.10.29 14:02:17.602,8.77029,8.77166,2.48,1.50
2013.10.29 14:02:18.772,8.77029,8.77172,2.48,1.50
2013.10.29 14:02:22.921,8.77029,8.77172,2.48,1.50
2013.10.29 14:02:26.985,8.77029,8.77178,2.48,1.50
2013.10.29 14:02:27.856,8.77029,8.77171,2.48,1.50
2013.10.29 14:02:29.153,8.77029,8.77177,2.48,1.50
2013.10.29 14:02:29.593,8.77029,8.77171,2.48,1.50
2013.10.29 14:02:31.025,8.77029,8.77179,2.48,3.00
2013.10.29 14:02:31.093,8.77029,8.77153,2.48,1.13
2013.10.29 14:02:31.155,8.77029,8.77153,2.48,1.13
2013.10.29 14:02:31.404,8.77029,8.77153,2.48,1.13
2013.10.29 14:02:31.465,8.77029,8.77153,2.48,1.13
2013.10.29 14:02:31.742,8.77029,8.77153,2.48,1.13
2013.10.29 14:02:31.893,8.77029,8.77153,2.48,1.13
2013.10.29 14:02:33.944,8.77029,8.77153,2.48,1.13
2013.10.29 14:02:34.183,8.77031,8.77153,1.73,1.13
2013.10.29 14:02:34.242,8.77031,8.77166,1.73,1.50
2013.10.29 14:02:34.302,8.77031,8.77166,1.73,1.50
2013.10.29 14:02:34.723,8.76983,8.77161,1.17,2.25
2013.10.29 14:02:34.782,8.76979,8.77133,2.48,1.13
2013.10.29 14:02:34.902,8.76979,8.77133,2.48,1.13
2013.10.29 14:02:35.243,8.76979,8.77129,2.48,1.50
2013.10.29 14:02:38.852,8.76981,8.77133,1.73,1.13
2013.10.29 14:02:52.985,8.76981,8.77133,1.73,1.13
2013.10.29 14:02:53.555,8.76981,8.77123,1.73,1.50
2013.10.29 14:02:55.173,8.76981,8.7713,1.73,1.50
2013.10.29 14:02:56.378,8.76981,8.77125,1.73,1.50
2013.10.29 14:02:57.086,8.76981,8.77125,1.35,1.50
2013.10.29 14:03:05.453,8.76981,8.77125,1.35,1.50
2013.10.29 14:03:09.858,8.76981,8.77106,1.35,1.50
2013.10.29 14:03:12.981,8.76981,8.77083,1.35,1.50
2013.10.29 14:03:13.553,8.76981,8.77084,1.35,1.50
2013.10.29 14:03:20.312,8.76981,8.77097,1.35,1.50
2013.10.29 14:03:20.372,8.76981,8.77097,1.35,1.50
2013.10.29 14:03:20.615,8.76981,8.77103,1.35,1.50
2013.10.29 14:03:21.783,8.76981,8.77103,1.35,1.50
2013.10.29 14:03:21.903,8.76981,8.77103,1.35,1.50
2013.10.29 14:03:31.343,8.76981,8.77117,1.35,1.50
2013.10.29 14:03:32.704,8.76981,8.77103,1.35,1.50
2013.10.29 14:03:35.646,8.76979,8.77103,2.10,1.50
2013.10.29 14:03:37.423,8.76979,8.77123,2.10,2.25
2013.10.29 14:03:43.084,8.76979,8.77123,2.10,2.25
2013.10.29 14:03:43.156,8.76979,8.77117,2.10,1.50
2013.10.29 14:03:46.981,8.76979,8.77122,2.10,2.25
2013.10.29 14:03:47.341,8.76979,8.77114,2.10,2.25
2013.10.29 14:03:47.401,8.76979,8.77116,2.10,1.50
2013.10.29 14:03:48.326,8.76979,8.77116,2.10,1.50
2013.10.29 14:03:48.452,8.76979,8.77121,2.10,1.50
2013.10.29 14:03:48.994,8.76979,8.77114,2.10,1.50
2013.10.29 14:03:49.421,8.76979,8.77129,2.10,1.50
2013.10.29 14:03:49.731,8.76979,8.77118,2.10,1.50
2013.10.29 14:03:50.264,8.76979,8.77121,2.10,1.50
2013.10.29 14:03:50.442,8.76979,8.77127,2.10,1.50
2013.10.29 14:03:50.845,8.76979,8.77127,2.10,1.50
2013.10.29 14:03:51.321,8.76979,8.77127,2.10,1.50
2013.10.29 14:03:52.242,8.76979,8.77107,2.10,1.50
2013.10.29 14:03:55.301,8.76979,8.77107,2.10,1.50
2013.10.29 14:03:55.492,8.76979,8.77115,2.10,1.50
2013.10.29 14:03:59.131,8.76979,8.77113,2.10,1.50
2013.10.29 14:04:02.582,8.76979,8.77122,2.10,1.50
2013.10.29 14:04:04.313,8.76979,8.7711,2.10,1.50
2013.10.29 14:04:04.572,8.76979,8.7711,2.10,1.50
2013.10.29 14:04:05.337,8.76979,8.77119,2.10,1.50
2013.10.29 14:04:05.821,8.76979,8.77125,2.10,2.25
2013.10.29 14:04:06.012,8.76978,8.77116,1.35,1.50
2013.10.29 14:04:07.982,8.76978,8.77116,1.35,1.50
2013.10.29 14:04:08.104,8.76978,8.77124,1.35,1.50
2013.10.29 14:04:08.223,8.76978,8.77123,1.35,1.50
2013.10.29 14:04:08.563,8.76978,8.77129,1.35,1.50
2013.10.29 14:04:08.622,8.76978,8.77129,1.35,1.50
2013.10.29 14:04:09.732,8.76978,8.77125,1.35,1.50
2013.10.29 14:04:09.852,8.76978,8.77116,1.35,1.50
2013.10.29 14:04:12.243,8.76972,8.77123,2.10,1.50
2013.10.29 14:04:12.801,8.76972,8.77121,2.10,1.50
2013.10.29 14:04:12.922,8.76972,8.77125,2.10,1.50
2013.10.29 14:04:13.041,8.76972,8.77121,2.10,1.50
2013.10.29 14:04:16.071,8.76972,8.77127,2.10,1.50
2013.10.29 14:04:16.861,8.76972,8.77135,2.10,1.50
2013.10.29 14:04:19.373,8.76972,8.77122,2.10,1.50
2013.10.29 14:04:34.911,8.76972,8.77122,2.10,1.50
2013.10.29 14:04:36.462,8.76972,8.77115,2.10,1.50
2013.10.29 14:04:41.252,8.76972,8.77116,2.10,1.50
2013.10.29 14:04:41.561,8.76972,8.77108,2.10,1.50
2013.10.29 14:04:41.682,8.76972,8.77116,2.10,1.50
2013.10.29 14:04:41.801,8.76972,8.77127,2.10,1.50
2013.10.29 14:04:42.541,8.76972,8.77114,2.10,1.50
2013.10.29 14:04:42.872,8.76972,8.77124,2.10,1.50
2013.10.29 14:04:43.881,8.76972,8.77115,2.10,1.50
2013.10.29 14:04:44.081,8.76972,8.77125,2.10,1.50
2013.10.29 14:04:45.111,8.76972,8.7712,2.10,1.50
2013.10.29 14:04:47.003,8.76972,8.7712,2.10,1.50
2013.10.29 14:04:47.231,8.76972,8.77127,2.10,1.50
2013.10.29 14:04:47.591,8.76972,8.77112,2.10,1.50
2013.10.29 14:04:47.711,8.76972,8.77114,2.10,1.50
2013.10.29 14:04:47.831,8.76972,8.77114,2.10,1.50
2013.10.29 14:04:49.552,8.76972,8.77115,2.10,1.50
2013.10.29 14:04:50.032,8.76972,8.77122,2.10,1.50
2013.10.29 14:04:51.711,8.76972,8.77122,2.10,1.50
2013.10.29 14:04:55.082,8.76972,8.77123,2.10,1.50
2013.10.29 14:05:00.673,8.76972,8.77121,2.10,1.50
2013.10.29 14:05:00.981,8.76972,8.77112,2.10,1.50
2013.10.29 14:05:01.422,8.76972,8.77117,2.10,1.50
2013.10.29 14:05:13.142,8.76972,8.77103,2.10,1.50
2013.10.29 14:05:14.942,8.76967,8.77107,2.55,1.50
2013.10.29 14:05:15.184,8.76934,8.77101,1.35,1.50
2013.10.29 14:05:15.305,8.76934,8.77092,1.35,1.50
2013.10.29 14:05:16.434,8.76936,8.77083,1.35,1.50
2013.10.29 14:05:24.045,8.76972,8.77083,2.10,1.50
2013.10.29 14:05:24.292,8.76972,8.77083,2.10,1.50
2013.10.29 14:05:24.473,8.76972,8.77122,2.10,1.50
2013.10.29 14:05:24.602,8.76972,8.77122,2.10,1.50
2013.10.29 14:05:26.673,8.76981,8.77121,1.35,1.50
2013.10.29 14:05:29.233,8.76981,8.77122,1.35,2.25
2013.10.29 14:05:29.293,8.76981,8.77132,1.35,1.50
2013.10.29 14:05:29.538,8.76981,8.77136,1.35,1.50
2013.10.29 14:05:29.923,8.76981,8.77136,1.35,1.50
2013.10.29 14:05:38.290,8.76981,8.77132,1.35,1.50
2013.10.29 14:05:40.245,8.76947,8.77124,1.50,1.50
2013.10.29 14:05:40.373,8.76937,8.77107,1.35,1.50
2013.10.29 14:05:40.433,8.76932,8.77107,1.35,1.50
2013.10.29 14:05:40.612,8.76928,8.77101,1.35,1.50
2013.10.29 14:05:41.527,8.76932,8.77086,1.35,1.50
2013.10.29 14:05:41.669,8.76932,8.77086,1.35,1.50
2013.10.29 14:05:41.797,8.76932,8.77086,1.35,1.50
2013.10.29 14:05:44.020,8.76932,8.77086,1.35,1.50
2013.10.29 14:05:44.903,8.76932,8.77086,1.35,1.50
2013.10.29 14:05:46.592,8.76968,8.77086,2.10,1.50
2013.10.29 14:05:46.772,8.76968,8.77111,2.10,1.50
2013.10.29 14:05:46.893,8.76968,8.7713,2.10,1.50
2013.10.29 14:05:47.876,8.76968,8.77122,2.10,1.50
2013.10.29 14:05:48.793,8.76982,8.7713,1.35,1.50
2013.10.29 14:05:53.714,8.77019,8.7713,1.50,1.50
2013.10.29 14:05:55.833,8.77019,8.77136,1.50,1.50
2013.10.29 14:05:58.394,8.77019,8.77136,1.50,1.50
2013.10.29 14:05:58.514,8.77019,8.77136,1.50,1.50
2013.10.29 14:06:00.017,8.77019,8.77122,1.50,1.50
2013.10.29 14:06:01.087,8.77019,8.77122,1.50,1.50
2013.10.29 14:06:01.556,8.77019,8.77119,1.50,1.50
2013.10.29 14:06:01.683,8.77019,8.77122,1.50,1.50
2013.10.29 14:06:02.274,8.77011,8.77122,1.50,1.50
2013.10.29 14:06:02.614,8.77011,8.77122,1.50,1.50
2013.10.29 14:06:02.864,8.77011,8.77122,1.50,1.50
2013.10.29 14:06:03.103,8.77011,8.77122,1.50,1.50
2013.10.29 14:06:03.724,8.77011,8.77122,1.50,1.50
2013.10.29 14:06:04.360,8.7702,8.77122,1.50,1.50
2013.10.29 14:06:06.483,8.7702,8.77122,1.50,2.25
2013.10.29 14:06:09.952,8.7702,8.77115,1.50,1.50
2013.10.29 14:06:14.518,8.7702,8.77115,1.50,1.50
2013.10.29 14:06:15.323,8.7702,8.77115,1.50,1.50
2013.10.29 14:06:18.926,8.7702,8.77115,1.50,1.50
2013.10.29 14:06:19.552,8.7702,8.77117,1.50,1.50
2013.10.29 14:06:19.914,8.7702,8.77106,1.50,1.50
2013.10.29 14:06:21.377,8.76982,8.77106,1.50,1.50
2013.10.29 14:06:21.563,8.76969,8.77092,1.50,1.50
2013.10.29 14:06:21.924,8.76969,8.77064,1.50,1.50
2013.10.29 14:06:22.239,8.76916,8.77064,1.50,1.50
2013.10.29 14:06:22.375,8.76928,8.77064,1.50,1.50
2013.10.29 14:06:22.683,8.76937,8.77064,1.50,1.50
2013.10.29 14:06:23.169,8.76937,8.77064,1.50,1.50
2013.10.29 14:06:23.294,8.76937,8.77073,1.50,1.50
2013.10.29 14:06:23.595,8.76937,8.77066,1.50,1.50
2013.10.29 14:06:23.724,8.76931,8.77072,1.50,2.25
2013.10.29 14:06:24.026,8.76931,8.77056,1.50,1.50
2013.10.29 14:06:24.382,8.76931,8.77056,1.50,1.50
2013.10.29 14:06:25.327,8.76931,8.77056,1.50,1.50
2013.10.29 14:06:25.464,8.76913,8.77056,1.50,1.50
2013.10.29 14:06:25.523,8.76913,8.77047,1.50,1.50
2013.10.29 14:06:25.882,8.76913,8.77032,1.50,1.50
2013.10.29 14:06:25.943,8.76901,8.77032,1.50,1.50
2013.10.29 14:06:26.653,8.76901,8.77023,1.50,1.50
2013.10.29 14:06:27.274,8.76901,8.7703,1.50,1.50
2013.10.29 14:06:27.335,8.76913,8.7703,1.50,1.50
2013.10.29 14:06:27.406,8.76913,8.77036,1.50,1.50
2013.10.29 14:06:27.813,8.76913,8.77044,1.50,1.50
2013.10.29 14:06:28.044,8.7694,8.77044,1.50,1.50
2013.10.29 14:06:28.264,8.76932,8.77044,1.50,1.50
2013.10.29 14:06:32.153,8.76938,8.77044,1.50,1.50
2013.10.29 14:06:32.274,8.76938,8.77044,1.50,1.50
2013.10.29 14:06:32.577,8.76938,8.77037,1.50,1.50
2013.10.29 14:06:32.794,8.76938,8.77037,1.50,1.50
2013.10.29 14:06:42.232,8.76938,8.77037,1.50,1.50
2013.10.29 14:06:43.543,8.76938,8.77029,1.50,1.50
2013.10.29 14:06:43.922,8.76938,8.77037,1.50,1.50
2013.10.29 14:06:52.285,8.76938,8.77044,1.50,1.50
2013.10.29 14:06:57.133,8.76938,8.77037,1.50,1.50
2013.10.29 14:07:02.252,8.76935,8.77037,1.50,1.50
2013.10.29 14:07:09.803,8.76935,8.77045,1.50,1.50
2013.10.29 14:07:25.175,8.76953,8.77045,1.50,1.50
2013.10.29 14:07:25.475,8.76953,8.7706,1.50,1.50
2013.10.29 14:07:25.815,8.76953,8.77048,1.50,1.50
2013.10.29 14:07:26.195,8.76953,8.7705,1.50,3.00
2013.10.29 14:07:26.265,8.76953,8.7705,1.50,1.50
2013.10.29 14:07:26.384,8.76958,8.7705,1.50,1.50
2013.10.29 14:07:26.622,8.76958,8.7706,1.50,1.50
2013.10.29 14:07:28.073,8.7694,8.7706,1.50,1.50
2013.10.29 14:07:29.103,8.7694,8.7706,1.50,1.50
2013.10.29 14:07:29.343,8.7694,8.77086,1.50,1.50
2013.10.29 14:07:29.583,8.7694,8.7706,1.50,1.50
2013.10.29 14:07:29.658,8.7694,8.7706,1.50,1.50
2013.10.29 14:07:38.232,8.76965,8.77068,1.50,1.50
2013.10.29 14:07:39.390,8.76965,8.77068,1.50,1.50
2013.10.29 14:07:40.104,8.76965,8.77068,1.50,1.50
2013.10.29 14:07:40.435,8.76965,8.77066,1.50,1.50
2013.10.29 14:07:41.953,8.7693,8.77066,1.50,1.50
2013.10.29 14:07:42.604,8.7693,8.77066,1.50,1.50
2013.10.29 14:07:42.664,8.7693,8.77072,1.50,1.50
2013.10.29 14:07:43.364,8.76931,8.77087,1.50,1.50
2013.10.29 14:07:45.474,8.7693,8.77086,1.50,1.50
2013.10.29 14:07:45.845,8.7693,8.77086,1.50,1.50
2013.10.29 14:07:49.473,8.7693,8.77086,1.50,1.50
2013.10.29 14:07:55.093,8.7693,8.77086,1.50,1.50
2013.10.29 14:07:55.441,8.7693,8.77086,1.50,1.50
2013.10.29 14:07:59.474,8.7693,8.77086,1.50,1.50
2013.10.29 14:07:59.655,8.7693,8.77086,1.50,1.50
2013.10.29 14:07:59.726,8.7693,8.77086,1.50,1.50
2013.10.29 14:08:00.853,8.7693,8.77086,1.50,1.50
2013.10.29 14:08:02.625,8.7693,8.77086,1.50,1.50
2013.10.29 14:08:02.952,8.7693,8.77086,1.50,1.50
2013.10.29 14:08:12.743,8.7693,8.77086,1.50,1.50
2013.10.29 14:08:13.112,8.7693,8.77086,1.50,1.50
2013.10.29 14:08:13.282,8.7693,8.77086,1.50,1.50
2013.10.29 14:08:16.853,8.7693,8.77086,1.50,1.50
2013.10.29 14:08:17.854,8.7693,8.77086,1.50,1.50
2013.10.29 14:08:20.864,8.7693,8.77086,1.50,1.50
2013.10.29 14:08:21.172,8.7693,8.77086,1.50,3.00
2013.10.29 14:08:22.395,8.7693,8.77084,1.50,1.50
2013.10.29 14:08:22.602,8.7693,8.77084,1.50,1.50
2013.10.29 14:08:22.864,8.7693,8.77077,1.50,1.50
2013.10.29 14:08:23.163,8.7693,8.77072,1.50,1.50
2013.10.29 14:08:23.283,8.7693,8.77081,1.50,1.50
2013.10.29 14:08:23.402,8.7693,8.77071,1.50,1.50
2013.10.29 14:08:23.923,8.7693,8.77071,1.50,1.50
2013.10.29 14:08:24.243,8.76917,8.77066,1.50,2.25
2013.10.29 14:08:24.363,8.76917,8.77056,1.50,1.50
2013.10.29 14:08:24.663,8.76887,8.77062,2.63,1.50
2013.10.29 14:08:25.043,8.76905,8.77046,1.50,1.50
2013.10.29 14:08:26.544,8.76905,8.77061,1.50,2.25
2013.10.29 14:08:26.604,8.76917,8.77061,1.50,1.50
2013.10.29 14:08:26.793,8.76917,8.77071,1.50,1.35
2013.10.29 14:08:26.853,8.76917,8.77071,1.50,1.35
2013.10.29 14:08:27.212,8.76902,8.77071,1.50,1.35
2013.10.29 14:08:29.894,8.76917,8.77071,1.58,1.35
2013.10.29 14:08:30.263,8.76917,8.77071,1.50,1.35
2013.10.29 14:08:30.664,8.76917,8.77071,1.50,1.35
2013.10.29 14:08:30.736,8.76917,8.77071,1.50,1.35
2013.10.29 14:08:31.533,8.76917,8.77071,1.50,1.35
2013.10.29 14:08:31.800,8.76917,8.77071,1.50,1.35
2013.10.29 14:08:34.572,8.76917,8.77071,1.50,1.35
2013.10.29 14:08:53.964,8.7692,8.77076,1.50,1.35
2013.10.29 14:08:54.223,8.76917,8.77071,1.50,1.35
2013.10.29 14:09:07.775,8.76906,8.77081,1.50,1.50
2013.10.29 14:09:11.033,8.76914,8.77081,1.50,1.50
2013.10.29 14:09:11.392,8.76921,8.77093,1.50,1.50
2013.10.29 14:09:12.065,8.76918,8.77091,1.13,1.50
2013.10.29 14:09:12.664,8.76937,8.77092,1.50,1.50
2013.10.29 14:09:16.243,8.76908,8.77102,2.25,1.50
2013.10.29 14:09:16.302,8.76926,8.77086,1.50,1.50
2013.10.29 14:09:16.603,8.76916,8.77086,1.50,1.50
2013.10.29 14:09:16.723,8.76927,8.77086,1.50,1.50
2013.10.29 14:09:17.783,8.76918,8.77083,1.50,1.50
2013.10.29 14:09:21.373,8.76918,8.77069,1.50,1.50
2013.10.29 14:09:21.812,8.76918,8.77062,1.50,1.50
2013.10.29 14:09:23.547,8.76917,8.77062,1.50,1.50
2013.10.29 14:09:32.374,8.76908,8.77075,2.25,1.50
2013.10.29 14:09:32.783,8.76908,8.77068,2.25,1.50
2013.10.29 14:09:34.253,8.76908,8.77075,2.25,1.50
2013.10.29 14:09:35.484,8.76908,8.77075,2.25,1.50
2013.10.29 14:09:35.723,8.76908,8.77082,2.25,1.50
2013.10.29 14:09:35.843,8.76908,8.77073,2.25,1.50
2013.10.29 14:09:35.963,8.76908,8.77082,2.25,1.50
2013.10.29 14:09:39.947,8.76908,8.77074,2.25,1.50
2013.10.29 14:09:40.368,8.76908,8.77067,2.25,1.50
2013.10.29 14:09:50.289,8.76917,8.77091,1.50,1.35
2013.10.29 14:09:50.355,8.76925,8.77091,1.50,1.35
2013.10.29 14:09:50.965,8.76919,8.77091,1.50,1.35
2013.10.29 14:09:51.213,8.76926,8.77091,1.50,1.35
2013.10.29 14:10:02.250,8.76919,8.77101,1.50,2.10
2013.10.29 14:10:02.320,8.76927,8.77101,1.50,2.10
2013.10.29 14:10:09.183,8.76933,8.77101,1.50,2.10
2013.10.29 14:10:09.643,8.76927,8.77101,1.50,1.35
2013.10.29 14:10:28.342,8.76936,8.77102,1.50,1.35
2013.10.29 14:10:29.732,8.76926,8.771,1.50,1.50
2013.10.29 14:10:35.576,8.76908,8.771,1.50,1.50
2013.10.29 14:10:39.926,8.76908,8.77093,1.50,1.50
2013.10.29 14:10:40.252,8.76908,8.77098,1.50,1.50
2013.10.29 14:10:50.161,8.76908,8.77093,1.50,1.50
2013.10.29 14:10:50.873,8.76908,8.77099,1.50,1.50
2013.10.29 14:10:55.565,8.76908,8.77092,1.50,1.50
2013.10.29 14:10:57.331,8.76906,8.77102,1.50,1.50
2013.10.29 14:10:57.714,8.76914,8.77103,1.50,1.35
2013.10.29 14:10:58.484,8.76898,8.77092,1.88,1.50
2013.10.29 14:11:07.291,8.76898,8.77092,3.38,1.50
2013.10.29 14:11:07.984,8.76917,8.77103,1.50,1.35
2013.10.29 14:11:09.592,8.76904,8.77098,1.50,1.50
2013.10.29 14:11:09.822,8.76904,8.77098,1.50,1.50
2013.10.29 14:11:11.610,8.76914,8.7709,1.50,1.50
2013.10.29 14:11:11.795,8.76925,8.7709,1.50,1.50
2013.10.29 14:11:11.855,8.76924,8.771,1.50,1.50
2013.10.29 14:11:16.053,8.76915,8.77098,1.50,1.50
2013.10.29 14:11:16.355,8.76913,8.7709,1.50,1.50
2013.10.29 14:11:18.564,8.76922,8.77088,1.50,1.50
2013.10.29 14:11:19.271,8.76916,8.77091,1.50,1.50
2013.10.29 14:11:21.129,8.76916,8.77091,1.50,1.50
2013.10.29 14:11:23.165,8.76916,8.77091,1.50,1.50
2013.10.29 14:11:27.663,8.76903,8.77091,1.50,1.50
2013.10.29 14:11:27.783,8.76906,8.77098,1.50,1.35
2013.10.29 14:11:28.223,8.76906,8.77098,1.50,1.35
2013.10.29 14:11:28.633,8.76918,8.77093,1.50,1.50
2013.10.29 14:11:28.872,8.76927,8.77098,1.50,1.35
2013.10.29 14:11:47.373,8.76928,8.77098,1.50,1.35
2013.10.29 14:11:48.604,8.76928,8.77098,1.50,1.35
2013.10.29 14:11:48.983,8.76924,8.77098,1.50,2.10
2013.10.29 14:11:59.943,8.76917,8.77093,1.50,1.50
2013.10.29 14:12:03.123,8.76917,8.77093,1.50,1.50
2013.10.29 14:12:03.183,8.76925,8.771,1.50,1.50
2013.10.29 14:12:03.723,8.7693,8.77102,1.50,1.35
2013.10.29 14:12:03.863,8.76925,8.771,1.50,1.50
2013.10.29 14:12:22.876,8.76925,8.771,1.50,1.50
2013.10.29 14:12:23.452,8.76927,8.77102,1.50,1.35
2013.10.29 14:12:25.293,8.76927,8.77102,1.50,1.35
2013.10.29 14:12:25.417,8.76927,8.77102,1.50,1.35
2013.10.29 14:12:25.902,8.76927,8.77103,1.50,1.35
2013.10.29 14:12:29.913,8.76923,8.77097,1.50,1.50
2013.10.29 14:12:44.332,8.76927,8.77103,1.50,2.10
2013.10.29 14:12:44.452,8.76927,8.77103,1.50,1.35
2013.10.29 14:12:44.572,8.76927,8.77103,1.50,1.35
2013.10.29 14:12:44.692,8.76923,8.77098,1.50,1.50
2013.10.29 14:12:47.423,8.76917,8.77092,1.50,1.50
2013.10.29 14:12:49.182,8.76911,8.77086,1.50,1.50
2013.10.29 14:12:49.587,8.76917,8.77091,1.50,1.50
2013.10.29 14:12:51.232,8.76925,8.77101,1.50,1.50
2013.10.29 14:12:52.773,8.76918,8.77094,1.50,1.50
2013.10.29 14:12:54.323,8.76909,8.77084,1.50,1.50
2013.10.29 14:12:55.566,8.76917,8.77084,1.50,1.50
2013.10.29 14:13:03.334,8.76927,8.77092,1.50,1.50
2013.10.29 14:13:04.492,8.76914,8.77089,1.50,1.50
2013.10.29 14:13:18.843,8.76927,8.77089,1.50,1.50
2013.10.29 14:13:19.203,8.76977,8.77108,1.50,1.50
2013.10.29 14:13:19.582,8.76957,8.77101,1.50,1.50
2013.10.29 14:13:20.463,8.76958,8.77108,1.50,1.50
2013.10.29 14:13:26.396,8.76981,8.77108,1.50,1.50
2013.10.29 14:13:26.584,8.77,8.77115,1.50,1.50
2013.10.29 14:13:26.643,8.7704,8.77135,1.50,2.25
2013.10.29 14:13:26.763,8.77052,8.77209,1.50,1.50
2013.10.29 14:13:26.824,8.77048,8.77176,1.13,1.35
2013.10.29 14:13:26.883,8.77047,8.77181,1.50,1.35
2013.10.29 14:13:26.944,8.77017,8.77181,1.50,1.35
2013.10.29 14:13:27.004,8.77007,8.77176,1.50,1.35
2013.10.29 14:13:27.070,8.77003,8.77176,1.50,1.35
2013.10.29 14:13:27.134,8.76982,8.77166,1.50,2.25
2013.10.29 14:13:27.444,8.76968,8.77137,1.50,1.50
2013.10.29 14:13:28.323,8.76957,8.77134,1.50,2.25
2013.10.29 14:13:34.343,8.77059,8.77124,1.50,1.50
2013.10.29 14:13:34.523,8.77068,8.77207,2.25,1.13
2013.10.29 14:13:34.583,8.77068,8.77207,1.50,1.50
2013.10.29 14:13:34.827,8.76993,8.77173,2.25,1.35
2013.10.29 14:13:34.954,8.7698,8.77144,1.50,1.50
2013.10.29 14:13:35.073,8.76968,8.77144,1.50,1.50
2013.10.29 14:13:35.944,8.76978,8.77144,1.50,1.50
2013.10.29 14:13:37.073,8.76978,8.77131,1.50,1.50
2013.10.29 14:13:52.936,8.76978,8.77124,1.50,1.50
2013.10.29 14:13:54.224,8.7698,8.77124,1.50,1.50
2013.10.29 14:13:54.285,8.76978,8.77124,1.50,1.50
2013.10.29 14:13:55.714,8.7698,8.77124,1.50,1.50
2013.10.29 14:13:56.161,8.76977,8.77124,1.50,1.50
2013.10.29 14:13:57.283,8.76977,8.77133,1.50,1.50
2013.10.29 14:14:00.604,8.7698,8.77133,1.50,1.50
2013.10.29 14:14:03.353,8.76978,8.77133,1.50,1.50
2013.10.29 14:14:05.705,8.76978,8.77133,1.50,1.50
2013.10.29 14:14:08.235,8.7698,8.77139,1.50,1.50
2013.10.29 14:14:09.347,8.76977,8.77139,1.50,1.50
2013.10.29 14:14:12.544,8.76977,8.77146,1.50,1.50
2013.10.29 14:14:15.254,8.76962,8.77146,1.50,1.50
2013.10.29 14:14:15.613,8.76977,8.77137,1.50,1.50
2013.10.29 14:14:21.563,8.76978,8.77139,1.50,2.25
2013.10.29 14:14:21.683,8.76978,8.77128,1.50,1.50
2013.10.29 14:14:34.735,8.76973,8.77148,1.50,1.50
2013.10.29 14:14:42.302,8.76976,8.77148,1.50,1.50
2013.10.29 14:14:58.332,8.76966,8.77141,1.50,1.50
2013.10.29 14:14:58.663,8.76953,8.77129,1.50,1.50
2013.10.29 14:14:59.174,8.76948,8.77129,1.13,1.50
2013.10.29 14:14:59.353,8.76943,8.7711,1.50,1.35
2013.10.29 14:14:59.750,8.76936,8.7711,1.50,1.35
2013.10.29 14:15:00.103,8.76947,8.7711,1.50,1.35
2013.10.29 14:15:06.113,8.76948,8.77105,1.50,1.50
2013.10.29 14:15:09.335,8.76948,8.7711,1.50,1.35
2013.10.29 14:15:10.904,8.76948,8.7711,1.50,1.35
2013.10.29 14:15:11.143,8.76951,8.77125,1.50,2.25
2013.10.29 14:15:11.203,8.76958,8.77133,1.50,1.50
2013.10.29 14:15:11.854,8.76958,8.77133,2.25,1.50
2013.10.29 14:15:17.683,8.76958,8.77144,1.50,3.00
2013.10.29 14:15:17.743,8.76968,8.77144,1.50,1.50
2013.10.29 14:15:20.103,8.76968,8.77132,1.50,1.50
2013.10.29 14:15:20.623,8.76957,8.77132,1.50,1.35
2013.10.29 14:15:21.531,8.76963,8.77139,1.50,1.50
2013.10.29 14:15:25.394,8.76977,8.77148,1.50,1.50
2013.10.29 14:15:30.203,8.76979,8.77154,1.50,1.50
2013.10.29 14:15:30.903,8.76973,8.77148,1.50,1.50
2013.10.29 14:15:31.385,8.76977,8.77136,1.50,1.50
2013.10.29 14:15:32.094,8.76958,8.77129,1.50,1.50
2013.10.29 14:15:36.451,8.7698,8.77129,1.50,1.50
2013.10.29 14:15:37.376,8.76967,8.77129,1.50,1.50
2013.10.29 14:15:37.604,8.7698,8.77129,1.50,1.50
2013.10.29 14:15:41.734,8.7698,8.77129,1.50,1.50
2013.10.29 14:15:41.883,8.7698,8.77136,1.50,1.50
2013.10.29 14:15:42.064,8.7698,8.77123,1.50,1.50
2013.10.29 14:15:43.144,8.7698,8.77123,1.50,1.50
2013.10.29 14:15:43.373,8.7698,8.77123,1.50,1.50
2013.10.29 14:15:44.635,8.7698,8.77123,1.50,1.50
2013.10.29 14:15:44.856,8.7698,8.77123,1.50,1.50
2013.10.29 14:15:46.065,8.7698,8.77123,1.50,1.50
2013.10.29 14:15:51.083,8.7698,8.77134,1.50,1.50
2013.10.29 14:15:51.204,8.7698,8.77134,1.50,1.50
2013.10.29 14:15:51.896,8.76968,8.77134,1.50,1.50
2013.10.29 14:15:52.073,8.76968,8.77124,1.50,1.50
2013.10.29 14:15:52.680,8.7698,8.77124,1.50,1.50
2013.10.29 14:16:02.104,8.7698,8.77129,1.50,1.50
2013.10.29 14:16:06.086,8.76968,8.77129,1.50,1.50
2013.10.29 14:16:08.824,8.76954,8.77129,1.50,1.50
2013.10.29 14:16:08.946,8.76954,8.7711,1.50,1.35
2013.10.29 14:16:09.303,8.7695,8.77106,1.50,1.50
2013.10.29 14:16:09.663,8.76947,8.77106,1.50,1.50
2013.10.29 14:16:09.843,8.7695,8.77106,1.50,1.50
2013.10.29 14:16:10.553,8.7695,8.77106,1.50,1.50
2013.10.29 14:16:10.863,8.76941,8.77106,1.50,1.50
2013.10.29 14:16:11.044,8.76941,8.77116,1.50,1.50
2013.10.29 14:16:11.739,8.76957,8.77116,1.50,1.50
2013.10.29 14:16:13.555,8.76967,8.77107,1.50,2.10
2013.10.29 14:16:13.673,8.76954,8.77107,1.50,2.10
2013.10.29 14:16:13.794,8.7693,8.77086,1.50,1.35
2013.10.29 14:16:13.913,8.7693,8.77086,1.50,1.35
2013.10.29 14:16:14.153,8.7693,8.77086,1.50,1.35
2013.10.29 14:16:14.273,8.76937,8.77091,1.50,1.35
2013.10.29 14:16:14.814,8.76944,8.77086,1.50,1.35
2013.10.29 14:16:16.683,8.76936,8.77086,1.50,1.35
2013.10.29 14:16:22.813,8.76935,8.77057,1.50,2.10
2013.10.29 14:16:22.874,8.76935,8.77057,1.50,2.10
2013.10.29 14:16:23.174,8.76907,8.77072,1.50,1.13
2013.10.29 14:16:23.234,8.7696,8.77082,1.88,2.63
2013.10.29 14:16:23.294,8.7696,8.77093,1.88,1.50
2013.10.29 14:16:23.353,8.7696,8.77113,1.88,1.50
2013.10.29 14:16:23.413,8.7696,8.77113,1.88,1.50
2013.10.29 14:16:23.533,8.76961,8.77128,2.63,1.50
2013.10.29 14:16:23.653,8.76961,8.77145,2.63,1.50
2013.10.29 14:16:24.013,8.76964,8.77118,1.50,1.50
2013.10.29 14:16:24.565,8.76949,8.77103,1.50,1.50
2013.10.29 14:16:26.117,8.76958,8.77112,1.50,1.50
2013.10.29 14:16:26.364,8.76949,8.77103,1.50,1.50
2013.10.29 14:16:27.343,8.76949,8.77103,1.50,1.50
2013.10.29 14:16:27.865,8.76949,8.77103,1.50,1.50
2013.10.29 14:16:27.985,8.76949,8.77103,1.50,1.50
2013.10.29 14:16:28.114,8.76949,8.77103,1.50,1.50
2013.10.29 14:16:28.671,8.76949,8.77103,1.50,1.50
2013.10.29 14:16:28.756,8.76949,8.77103,1.50,1.50
2013.10.29 14:17:05.924,8.76941,8.77087,1.50,1.35
2013.10.29 14:17:06.049,8.7693,8.77086,1.50,1.50
2013.10.29 14:17:06.353,8.76932,8.77087,1.50,1.35
2013.10.29 14:17:06.919,8.7693,8.77086,1.50,1.50
2013.10.29 14:17:07.644,8.7693,8.77086,1.50,1.50
2013.10.29 14:17:08.634,8.7693,8.77086,1.50,1.50
2013.10.29 14:17:15.233,8.76941,8.77087,1.50,1.35
2013.10.29 14:17:16.335,8.7693,8.77086,1.50,1.50
2013.10.29 14:17:16.694,8.76937,8.77087,1.50,1.35
2013.10.29 14:17:23.474,8.76937,8.77087,1.50,1.35
2013.10.29 14:17:23.594,8.76935,8.77087,1.50,1.35
2013.10.29 14:17:24.683,8.76908,8.77064,1.50,1.50
2013.10.29 14:17:25.583,8.76907,8.77061,1.50,1.50
2013.10.29 14:17:28.174,8.76913,8.77063,1.50,1.35
2013.10.29 14:17:29.124,8.76913,8.77063,1.50,1.35
2013.10.29 14:17:30.173,8.76938,8.77075,1.50,1.35
2013.10.29 14:17:30.894,8.76938,8.77067,1.50,1.35
2013.10.29 14:17:31.133,8.76938,8.77067,1.50,1.35
2013.10.29 14:17:32.324,8.76938,8.77067,1.50,1.35
2013.10.29 14:17:43.104,8.76938,8.77067,1.50,1.35
2013.10.29 14:17:44.804,8.76938,8.77063,1.50,1.35
2013.10.29 14:17:45.328,8.76938,8.77068,1.50,1.35
2013.10.29 14:17:45.825,8.76937,8.77068,1.50,1.35
2013.10.29 14:17:46.144,8.76938,8.77068,1.50,1.35
2013.10.29 14:17:47.414,8.76938,8.77068,1.50,1.35
2013.10.29 14:17:47.594,8.76938,8.77068,1.50,1.35
2013.10.29 14:17:48.784,8.76937,8.77068,1.50,1.35
2013.10.29 14:17:49.113,8.76938,8.77068,1.50,1.35
2013.10.29 14:17:50.323,8.76938,8.77068,1.50,1.35
2013.10.29 14:17:50.543,8.76938,8.77068,1.50,1.35
2013.10.29 14:17:51.878,8.76938,8.77068,1.50,1.35
2013.10.29 14:17:52.097,8.76938,8.77068,1.50,1.35
2013.10.29 14:17:53.324,8.76937,8.77068,1.50,1.35
2013.10.29 14:17:53.685,8.76938,8.77068,1.50,1.35
2013.10.29 14:17:54.613,8.76938,8.77068,1.50,1.35
2013.10.29 14:17:54.864,8.76938,8.77068,1.50,1.35
2013.10.29 14:17:56.044,8.76938,8.77068,1.50,1.35
2013.10.29 14:17:56.413,8.76938,8.77068,1.50,1.35
2013.10.29 14:17:57.646,8.76937,8.77068,1.50,1.35
2013.10.29 14:17:57.859,8.76938,8.77068,1.50,1.35
2013.10.29 14:17:58.798,8.76938,8.77068,1.50,1.35
2013.10.29 14:17:59.125,8.76938,8.77068,1.50,1.35
2013.10.29 14:18:00.348,8.76937,8.77068,1.50,1.35
2013.10.29 14:18:00.606,8.76938,8.77068,1.50,1.35
2013.10.29 14:18:01.888,8.76938,8.77075,1.50,1.35
2013.10.29 14:18:02.144,8.76938,8.77075,1.50,1.35
2013.10.29 14:18:02.863,8.76942,8.77098,1.50,2.25
2013.10.29 14:18:03.047,8.76938,8.77098,2.25,2.25
2013.10.29 14:18:03.434,8.76938,8.77094,1.50,1.50
2013.10.29 14:18:05.643,8.76938,8.77094,1.50,1.50
2013.10.29 14:18:08.974,8.76938,8.77094,1.50,1.50
2013.10.29 14:18:09.409,8.76938,8.77094,1.50,1.50
2013.10.29 14:18:14.843,8.76938,8.77094,1.50,1.50
2013.10.29 14:18:15.875,8.76937,8.77094,1.50,1.50
2013.10.29 14:18:25.753,8.76938,8.77094,1.13,1.50
2013.10.29 14:18:25.814,8.76938,8.77094,1.50,1.50
2013.10.29 14:18:25.874,8.76944,8.77098,1.13,1.50
2013.10.29 14:18:26.113,8.76937,8.77094,1.50,1.50
2013.10.29 14:18:30.213,8.76933,8.77098,1.50,1.50
2013.10.29 14:18:30.295,8.76933,8.77098,1.50,1.50
2013.10.29 14:18:31.275,8.76933,8.77102,1.50,1.13
2013.10.29 14:18:31.443,8.76933,8.77102,1.50,1.13
2013.10.29 14:18:32.547,8.76933,8.77102,1.50,1.13
2013.10.29 14:18:32.784,8.76933,8.77102,1.50,1.13
2013.10.29 14:18:33.115,8.76933,8.77102,1.50,1.13
2013.10.29 14:18:33.532,8.76933,8.77102,1.50,1.13
2013.10.29 14:18:33.862,8.76933,8.77102,1.50,1.13
2013.10.29 14:18:34.136,8.76933,8.77102,1.50,1.13
2013.10.29 14:18:41.751,8.76928,8.77102,1.50,1.13
2013.10.29 14:18:51.794,8.76936,8.77102,1.50,1.13
2013.10.29 14:18:54.076,8.7693,8.77102,1.50,1.13
2013.10.29 14:19:07.274,8.76936,8.77102,1.50,1.13
2013.10.29 14:19:19.132,8.76918,8.77102,1.50,1.88
2013.10.29 14:19:23.204,8.76918,8.77102,1.50,1.88
2013.10.29 14:19:38.162,8.76921,8.771,1.50,1.50
2013.10.29 14:19:43.604,8.76918,8.77102,1.50,2.63
2013.10.29 14:19:51.943,8.7692,8.771,1.50,1.50
2013.10.29 14:19:53.415,8.76947,8.7711,1.50,1.58
2013.10.29 14:19:53.715,8.7695,8.7711,1.50,1.58
2013.10.29 14:19:53.781,8.7695,8.77135,1.50,1.50
2013.10.29 14:19:54.084,8.76978,8.77135,1.50,1.50
2013.10.29 14:19:54.733,8.76963,8.77153,1.50,1.50
2013.10.29 14:19:54.793,8.76982,8.77156,1.35,1.50
2013.10.29 14:19:55.153,8.76993,8.77147,1.35,1.50
2013.10.29 14:19:56.665,8.76993,8.77147,1.35,1.50
2013.10.29 14:19:56.907,8.77,8.77147,1.35,1.50
2013.10.29 14:19:57.615,8.77,8.77147,1.35,1.50
2013.10.29 14:20:01.384,8.77,8.77162,1.35,1.50
2013.10.29 14:20:04.187,8.77,8.7716,1.35,1.50
2013.10.29 14:20:04.315,8.77,8.77162,1.35,1.50
2013.10.29 14:20:04.436,8.77,8.77157,1.35,1.50
2013.10.29 14:20:04.965,8.77,8.77157,1.35,1.50
2013.10.29 14:20:05.874,8.77,8.77162,1.35,1.50
2013.10.29 14:20:05.993,8.77,8.77166,1.35,1.50
2013.10.29 14:20:06.324,8.77,8.7716,1.35,1.50
2013.10.29 14:20:06.775,8.77,8.77154,1.35,1.50
2013.10.29 14:20:07.414,8.77,8.77152,1.35,1.50
2013.10.29 14:20:07.535,8.77002,8.77158,1.50,1.50
2013.10.29 14:20:07.595,8.77002,8.77173,1.50,1.50
2013.10.29 14:20:07.715,8.77,8.77171,1.35,1.50
2013.10.29 14:20:07.834,8.77005,8.77171,1.50,1.50
2013.10.29 14:20:08.470,8.77,8.77173,2.10,1.50
2013.10.29 14:20:09.845,8.77,8.77163,1.35,1.50
2013.10.29 14:20:09.907,8.77,8.77165,1.35,1.50
2013.10.29 14:20:10.156,8.77011,8.77173,1.50,1.50
2013.10.29 14:20:10.467,8.77078,8.77184,1.50,1.50
2013.10.29 14:20:10.654,8.7707,8.77184,1.50,2.25
2013.10.29 14:20:11.131,8.77048,8.77198,2.16,1.50
2013.10.29 14:20:11.198,8.77039,8.77198,1.50,1.50
2013.10.29 14:20:11.267,8.77063,8.77198,1.35,1.50
2013.10.29 14:20:11.976,8.77066,8.77224,1.35,1.50
2013.10.29 14:20:12.036,8.7707,8.77224,1.50,1.50
2013.10.29 14:20:12.096,8.7707,8.77224,1.50,1.50
2013.10.29 14:20:12.165,8.7707,8.77224,1.50,1.50
2013.10.29 14:20:12.746,8.77107,8.77261,1.50,1.50
2013.10.29 14:20:13.556,8.77079,8.77233,1.50,1.50
2013.10.29 14:20:13.676,8.77085,8.77241,1.50,1.50
2013.10.29 14:20:18.928,8.77071,8.77225,1.50,1.50
2013.10.29 14:20:20.146,8.7709,8.77246,1.50,1.50
2013.10.29 14:20:20.850,8.77092,8.77248,1.50,1.50
2013.10.29 14:20:21.097,8.77092,8.77248,1.50,1.50
2013.10.29 14:20:21.684,8.77094,8.77271,1.35,1.50
2013.10.29 14:20:22.035,8.77129,8.77292,2.25,2.25
2013.10.29 14:20:22.094,8.77139,8.77292,1.50,1.50
2013.10.29 14:20:22.495,8.77139,8.77292,1.50,1.50
2013.10.29 14:20:23.805,8.77143,8.77307,1.50,1.50
2013.10.29 14:20:23.925,8.77143,8.77318,1.50,1.50
2013.10.29 14:20:24.654,8.77144,8.77307,1.50,1.50
2013.10.29 14:20:24.991,8.77152,8.77307,1.50,1.50
2013.10.29 14:20:25.055,8.77152,8.77313,1.50,1.50
2013.10.29 14:20:26.317,8.77152,8.77307,1.50,1.50
2013.10.29 14:20:27.014,8.77158,8.77307,1.50,1.50
2013.10.29 14:20:27.314,8.77158,8.77317,1.50,1.50
2013.10.29 14:20:27.768,8.77158,8.77317,1.50,1.50
2013.10.29 14:20:28.884,8.77163,8.77322,1.50,1.50
2013.10.29 14:20:29.185,8.77163,8.77322,1.50,1.50
2013.10.29 14:20:29.784,8.77163,8.77322,1.50,1.50
2013.10.29 14:20:29.982,8.77183,8.77342,1.50,1.50
2013.10.29 14:20:30.124,8.77209,8.77342,1.35,1.50
2013.10.29 14:20:30.376,8.77209,8.77382,2.10,2.33
2013.10.29 14:20:30.435,8.77211,8.77403,1.50,1.58
2013.10.29 14:20:30.495,8.77229,8.77407,1.50,1.02
2013.10.29 14:20:30.555,8.77242,8.77429,1.50,1.50
2013.10.29 14:20:30.913,8.77228,8.77422,1.50,1.50
2013.10.29 14:20:31.297,8.77239,8.77423,1.50,1.50
2013.10.29 14:20:31.606,8.77234,8.77428,1.50,1.50
2013.10.29 14:20:32.098,8.77246,8.77438,1.50,1.50
2013.10.29 14:20:32.227,8.77239,8.77435,1.50,1.50
2013.10.29 14:20:32.625,8.77259,8.77439,1.50,1.50
2013.10.29 14:20:32.683,8.77277,8.77441,1.50,1.50
2013.10.29 14:20:32.864,8.77277,8.77451,1.50,1.50
2013.10.29 14:20:33.465,8.77285,8.77451,1.50,1.50
2013.10.29 14:20:33.779,8.77291,8.77451,1.50,1.50
2013.10.29 14:20:33.906,8.77291,8.77454,1.50,1.80
2013.10.29 14:20:34.106,8.77291,8.7746,1.50,1.50
2013.10.29 14:20:34.226,8.77291,8.77458,1.50,2.63
2013.10.29 14:20:34.294,8.77291,8.77463,1.50,1.50
2013.10.29 14:20:34.784,8.77291,8.77465,1.50,1.88
2013.10.29 14:20:35.055,8.77291,8.77466,1.50,1.50
2013.10.29 14:20:35.176,8.77288,8.77462,1.50,1.50
2013.10.29 14:20:35.415,8.77288,8.77462,1.50,1.50
2013.10.29 14:20:35.654,8.77288,8.77468,1.50,1.50
2013.10.29 14:20:35.715,8.77288,8.77464,1.50,1.50
2013.10.29 14:20:35.984,8.77288,8.77466,1.50,1.50
2013.10.29 14:20:37.786,8.77253,8.77449,1.50,1.50
2013.10.29 14:20:38.704,8.77275,8.77469,1.50,1.50
2013.10.29 14:20:39.705,8.77269,8.77463,1.50,1.50
2013.10.29 14:20:40.065,8.77274,8.7747,1.50,1.50
2013.10.29 14:20:40.425,8.77281,8.77472,1.50,1.50
2013.10.29 14:20:40.548,8.77275,8.77471,1.50,1.50
2013.10.29 14:20:41.081,8.77288,8.77482,1.50,2.25
2013.10.29 14:20:41.394,8.77292,8.77482,1.50,1.50
2013.10.29 14:20:41.696,8.77269,8.77463,1.50,1.50
2013.10.29 14:20:41.765,8.77278,8.77474,1.50,1.50
2013.10.29 14:20:42.960,8.77268,8.77464,1.50,1.50
2013.10.29 14:20:43.867,8.77268,8.77464,1.50,1.50
2013.10.29 14:20:44.297,8.77261,8.77457,1.50,1.50
2013.10.29 14:20:44.713,8.77254,8.77448,1.50,1.50
2013.10.29 14:20:45.224,8.77261,8.77455,1.50,1.50
2013.10.29 14:20:46.255,8.77256,8.77436,1.50,1.50
2013.10.29 14:20:46.316,8.77256,8.77433,1.50,1.50
2013.10.29 14:20:47.278,8.7722,8.77413,1.50,1.13
2013.10.29 14:20:47.586,8.77218,8.77402,1.50,1.50
2013.10.29 14:20:47.925,8.77218,8.77412,2.25,1.50
2013.10.29 14:20:49.056,8.77219,8.77402,1.50,2.25
2013.10.29 14:20:49.915,8.77198,8.77373,1.50,2.63
2013.10.29 14:20:50.034,8.77198,8.77373,1.50,2.63
2013.10.29 14:20:50.094,8.77187,8.77373,1.50,2.63
2013.10.29 14:20:51.114,8.77182,8.77358,1.50,1.50
2013.10.29 14:20:52.212,8.77167,8.77348,1.50,1.50
2013.10.29 14:20:52.299,8.77167,8.77348,1.50,1.50
2013.10.29 14:20:52.366,8.77167,8.77348,1.50,1.50
2013.10.29 14:20:56.485,8.77154,8.77348,1.50,2.25
2013.10.29 14:20:58.096,8.77154,8.77348,1.50,2.25
2013.10.29 14:20:58.555,8.77152,8.77346,1.50,1.50
2013.10.29 14:20:58.886,8.77152,8.77346,1.50,1.50
2013.10.29 14:20:59.535,8.77152,8.77331,1.50,1.50
2013.10.29 14:21:00.968,8.77148,8.77324,1.50,1.50
2013.10.29 14:21:01.036,8.77152,8.77334,1.50,1.50
2013.10.29 14:21:02.075,8.77152,8.77327,1.50,1.50
2013.10.29 14:21:02.314,8.77152,8.77333,1.50,1.50
2013.10.29 14:21:04.305,8.77152,8.7734,1.50,1.50
2013.10.29 14:21:04.799,8.77152,8.77338,1.50,1.50
2013.10.29 14:21:04.869,8.77152,8.77338,1.50,1.50
2013.10.29 14:21:04.939,8.77152,8.77331,1.50,1.50
2013.10.29 14:21:05.293,8.77152,8.77338,1.50,1.50
2013.10.29 14:21:05.948,8.77164,8.77348,1.50,3.00
2013.10.29 14:21:06.075,8.77172,8.77348,1.50,1.50
2013.10.29 14:21:06.676,8.77172,8.77345,1.50,1.50
2013.10.29 14:21:06.738,8.77177,8.77345,1.50,1.50
2013.10.29 14:21:07.615,8.77172,8.77348,1.50,1.50
2013.10.29 14:21:08.085,8.77172,8.77346,1.50,2.25
2013.10.29 14:21:08.165,8.77172,8.77343,1.50,1.50
2013.10.29 14:21:08.608,8.77158,8.77343,1.50,1.50
2013.10.29 14:21:09.627,8.77158,8.77328,1.50,1.50
2013.10.29 14:21:09.935,8.7716,8.77344,1.50,2.25
2013.10.29 14:21:09.995,8.77173,8.77347,1.50,1.50
2013.10.29 14:21:10.176,8.77173,8.77347,1.50,1.50
2013.10.29 14:21:10.526,8.77173,8.77347,2.25,1.50
2013.10.29 14:21:10.602,8.77181,8.77347,1.50,1.50
2013.10.29 14:21:10.727,8.77173,8.77347,1.50,1.50
2013.10.29 14:21:11.095,8.77168,8.77333,1.50,1.50
2013.10.29 14:21:11.707,8.77159,8.77333,1.50,1.50
2013.10.29 14:21:13.003,8.77153,8.77333,1.50,1.50
2013.10.29 14:21:13.147,8.77159,8.77333,1.50,1.50
2013.10.29 14:21:13.215,8.77166,8.77348,1.50,1.50
2013.10.29 14:21:14.205,8.77154,8.77344,1.50,1.50
2013.10.29 14:21:15.167,8.77149,8.77325,1.50,1.50
2013.10.29 14:21:16.127,8.77149,8.77325,1.50,1.50
2013.10.29 14:21:17.085,8.77149,8.77324,1.50,1.50
2013.10.29 14:21:18.045,8.77142,8.77324,1.50,1.50
2013.10.29 14:21:20.555,8.77142,8.77334,1.50,1.50
2013.10.29 14:21:21.597,8.7714,8.77324,1.50,1.50
2013.10.29 14:21:22.734,8.77129,8.77324,1.50,1.50
2013.10.29 14:21:24.170,8.7713,8.77324,2.25,1.50
2013.10.29 14:21:24.724,8.77153,8.77328,1.50,1.50
2013.10.29 14:21:25.036,8.7716,8.77334,1.50,1.50
2013.10.29 14:21:25.396,8.77174,8.77349,1.50,1.50
2013.10.29 14:21:25.516,8.77174,8.77341,1.50,1.50
2013.10.29 14:21:26.236,8.77181,8.77356,1.50,1.50
2013.10.29 14:21:26.418,8.77174,8.7735,1.50,1.50
2013.10.29 14:21:26.546,8.77167,8.77342,1.50,1.50
2013.10.29 14:21:26.616,8.77174,8.77349,1.50,1.50
2013.10.29 14:21:26.736,8.77167,8.77342,1.50,1.50
2013.10.29 14:21:27.575,8.7716,8.77336,1.50,1.50
2013.10.29 14:21:33.156,8.77152,8.77328,1.50,1.50
2013.10.29 14:21:33.226,8.77152,8.77335,1.50,1.50
2013.10.29 14:21:33.554,8.77167,8.77341,1.50,1.50
2013.10.29 14:21:33.914,8.77167,8.77341,1.50,1.50
2013.10.29 14:21:34.628,8.7716,8.77334,1.50,1.50
2013.10.29 14:21:35.265,8.77169,8.77345,1.50,1.50
2013.10.29 14:21:35.385,8.77162,8.77337,1.50,1.50
2013.10.29 14:21:35.805,8.7717,8.77345,1.50,1.50
2013.10.29 14:21:36.295,8.77159,8.77334,1.50,1.50
2013.10.29 14:21:36.726,8.77149,8.77324,1.50,1.50
2013.10.29 14:21:37.355,8.77159,8.77335,1.50,1.50
2013.10.29 14:21:37.654,8.77139,8.77315,1.50,1.50
2013.10.29 14:21:37.916,8.77139,8.77335,1.50,1.50
2013.10.29 14:21:38.544,8.77139,8.77315,1.50,1.50
2013.10.29 14:21:38.805,8.77129,8.77304,1.50,1.50
2013.10.29 14:21:42.073,8.7712,8.77294,1.50,1.50
2013.10.29 14:21:45.265,8.7712,8.77294,1.50,1.50
2013.10.29 14:21:45.625,8.77113,8.77289,1.50,1.50
2013.10.29 14:21:46.155,8.77139,8.77289,1.50,1.50
2013.10.29 14:21:46.214,8.77148,8.77309,1.13,1.50
2013.10.29 14:21:46.394,8.77148,8.77313,1.13,1.50
2013.10.29 14:21:46.514,8.77149,8.77322,1.50,2.25
2013.10.29 14:21:46.704,8.77152,8.77343,1.50,1.50
2013.10.29 14:21:47.594,8.77152,8.77334,1.50,1.50
2013.10.29 14:21:50.906,8.77188,8.77334,1.35,1.50
2013.10.29 14:21:50.964,8.77188,8.77334,1.35,1.50
2013.10.29 14:21:51.085,8.77218,8.77369,1.50,1.50
2013.10.29 14:21:51.144,8.77218,8.77389,1.50,1.50
2013.10.29 14:21:51.204,8.77227,8.77393,1.13,1.50
2013.10.29 14:21:51.556,8.77227,8.77399,1.13,1.50
2013.10.29 14:21:51.916,8.77243,8.77399,1.50,1.50
2013.10.29 14:21:51.974,8.77259,8.77453,1.50,1.50
2013.10.29 14:21:52.373,8.77239,8.77433,1.50,1.50
2013.10.29 14:21:52.735,8.77254,8.77414,1.50,1.50
2013.10.29 14:21:54.585,8.77268,8.77444,1.50,1.50
2013.10.29 14:21:55.786,8.77258,8.77414,1.50,1.50
2013.10.29 14:21:55.846,8.77257,8.77414,1.50,1.50
2013.10.29 14:21:56.085,8.77257,8.77424,1.50,1.50
2013.10.29 14:21:56.744,8.77258,8.77444,2.25,2.25
2013.10.29 14:21:59.236,8.77288,8.77444,1.50,1.50
2013.10.29 14:21:59.415,8.77288,8.77444,1.50,1.50
2013.10.29 14:22:05.665,8.77287,8.77444,1.50,1.50
2013.10.29 14:22:06.323,8.77259,8.77413,1.50,1.50
2013.10.29 14:22:06.985,8.77259,8.77413,1.50,1.50
2013.10.29 14:22:12.964,8.77267,8.77423,1.50,1.50
2013.10.29 14:22:13.985,8.77259,8.77413,1.50,1.50
2013.10.29 14:22:20.110,8.77259,8.77413,1.50,1.50
2013.10.29 14:22:20.935,8.77259,8.77413,1.50,1.50
2013.10.29 14:22:32.675,8.77254,8.77413,1.50,1.50
2013.10.29 14:22:32.795,8.77254,8.77424,1.50,1.50
2013.10.29 14:22:33.265,8.77268,8.77432,1.50,1.50
2013.10.29 14:22:33.586,8.77299,8.77408,1.50,1.50
2013.10.29 14:22:33.765,8.77299,8.77429,1.50,1.50
2013.10.29 14:22:33.886,8.77299,8.77443,1.50,1.50
2013.10.29 14:22:33.945,8.77299,8.77464,1.50,1.50
2013.10.29 14:22:34.642,8.77304,8.77464,1.50,1.50
2013.10.29 14:22:35.385,8.77312,8.7749,1.50,2.25
2013.10.29 14:22:35.444,8.77322,8.77509,1.50,1.50
2013.10.29 14:22:36.147,8.77319,8.7751,1.50,1.50
2013.10.29 14:22:37.117,8.7732,8.77516,1.50,1.50
2013.10.29 14:22:40.500,8.77459,8.77519,1.35,3.00
2013.10.29 14:22:40.566,8.77457,8.7754,1.13,2.25
2013.10.29 14:22:40.626,8.77457,8.77607,1.13,1.50
2013.10.29 14:22:40.695,8.77458,8.77607,1.50,1.50
2013.10.29 14:22:40.876,8.77458,8.77615,1.50,1.50
2013.10.29 14:22:40.936,8.77419,8.77615,1.50,1.50
2013.10.29 14:22:40.995,8.77438,8.77645,1.19,2.25
2013.10.29 14:22:41.055,8.77438,8.77683,1.19,1.50
2013.10.29 14:22:41.236,8.77377,8.77683,1.13,2.63
2013.10.29 14:22:41.355,8.77377,8.77683,1.13,2.63
2013.10.29 14:22:41.658,8.77399,8.77682,1.98,2.40
2013.10.29 14:22:41.966,8.77418,8.77662,1.13,2.93
2013.10.29 14:22:42.326,8.77448,8.77603,1.50,1.50
2013.10.29 14:22:43.106,8.77448,8.77603,2.25,1.50
2013.10.29 14:22:43.916,8.77449,8.77603,1.50,1.50
2013.10.29 14:22:44.044,8.77449,8.77603,1.50,1.50
2013.10.29 14:22:44.418,8.77483,8.77612,1.50,1.50
2013.10.29 14:22:44.486,8.77483,8.77642,1.50,2.25
2013.10.29 14:22:44.546,8.77483,8.77682,1.50,2.55
2013.10.29 14:22:44.665,8.77472,8.77682,1.50,2.55
2013.10.29 14:22:44.725,8.77472,8.77637,1.50,2.25
2013.10.29 14:22:44.906,8.77407,8.77592,2.25,1.50
2013.10.29 14:22:45.678,8.77407,8.77603,3.00,1.50
2013.10.29 14:22:45.744,8.77437,8.77583,1.50,1.50
2013.10.29 14:22:45.927,8.77437,8.77603,1.50,1.50
2013.10.29 14:22:45.997,8.77437,8.77582,1.50,1.50
2013.10.29 14:22:46.307,8.77437,8.77572,1.50,1.50
2013.10.29 14:22:46.497,8.77437,8.77603,1.50,1.50
2013.10.29 14:22:46.975,8.77437,8.77583,1.50,1.50
2013.10.29 14:22:47.288,8.77427,8.77573,1.50,1.50
2013.10.29 14:22:47.355,8.7741,8.77573,1.50,1.50
2013.10.29 14:22:48.601,8.7741,8.7759,1.50,2.25
2013.10.29 14:22:48.687,8.77423,8.77602,1.50,1.50
2013.10.29 14:22:49.564,8.77407,8.77582,3.00,1.50
2013.10.29 14:22:49.864,8.77407,8.77584,2.25,1.50
2013.10.29 14:22:50.773,8.77407,8.77577,1.50,1.50
2013.10.29 14:22:53.244,8.77407,8.77601,3.00,1.50
2013.10.29 14:22:53.426,8.77445,8.77631,2.25,3.00
2013.10.29 14:22:53.485,8.77456,8.7765,1.50,1.50
2013.10.29 14:22:54.514,8.77447,8.77641,1.50,1.50
2013.10.29 14:22:54.875,8.77412,8.77608,1.50,1.50
2013.10.29 14:22:55.186,8.77447,8.77641,1.50,1.50
2013.10.29 14:22:56.254,8.77412,8.77608,1.50,1.50
2013.10.29 14:22:56.557,8.77446,8.77642,1.50,1.50
2013.10.29 14:22:57.655,8.77412,8.77606,1.50,1.50
2013.10.29 14:22:57.955,8.77446,8.77642,1.50,1.50
2013.10.29 14:22:58.995,8.77428,8.77616,1.13,1.50
2013.10.29 14:22:59.303,8.77452,8.77648,1.50,1.50
2013.10.29 14:23:00.317,8.77473,8.77648,1.35,1.50
2013.10.29 14:23:00.674,8.77518,8.77648,1.50,1.50
2013.10.29 14:23:00.859,8.77518,8.77667,1.50,1.50
2013.10.29 14:23:00.925,8.77518,8.77688,1.50,1.73
2013.10.29 14:23:02.304,8.77518,8.77693,2.63,1.52
2013.10.29 14:23:02.486,8.77519,8.77692,1.50,1.73
2013.10.29 14:23:02.867,8.77518,8.77689,2.25,1.73
2013.10.29 14:23:03.157,8.77533,8.77692,1.50,1.50
2013.10.29 14:23:04.308,8.77539,8.77693,1.50,1.50
2013.10.29 14:23:04.865,8.77539,8.77702,1.50,1.50
2013.10.29 14:23:05.246,8.77543,8.77702,1.50,1.50
2013.10.29 14:23:10.947,8.77543,8.77732,1.50,2.25
2013.10.29 14:23:11.074,8.77532,8.77728,1.50,1.50
2013.10.29 14:23:11.445,8.77509,8.77703,1.50,1.50
2013.10.29 14:23:12.164,8.77503,8.7767,1.50,1.50
2013.10.29 14:23:13.977,8.77503,8.77661,1.50,1.50
2013.10.29 14:23:14.955,8.77503,8.77668,1.50,1.50
2013.10.29 14:23:15.074,8.77503,8.7766,1.50,1.50
2013.10.29 14:23:15.135,8.77503,8.77659,1.50,1.50
2013.10.29 14:23:15.450,8.77503,8.77659,1.50,1.50
2013.10.29 14:23:15.617,8.77503,8.77659,1.50,1.50
2013.10.29 14:23:15.684,8.77503,8.77659,1.50,1.50
2013.10.29 14:23:16.878,8.77503,8.77659,1.50,1.50
2013.10.29 14:23:18.276,8.77503,8.77659,1.50,1.50
2013.10.29 14:23:18.909,8.77512,8.77668,1.50,1.50
2013.10.29 14:23:20.975,8.77507,8.77661,1.50,1.50
2013.10.29 14:23:21.095,8.77503,8.77659,1.50,1.50
2013.10.29 14:23:21.636,8.77507,8.77661,1.50,1.50
2013.10.29 14:23:21.938,8.77503,8.77659,1.50,1.50
2013.10.29 14:23:23.744,8.77503,8.77659,1.50,1.50
2013.10.29 14:23:24.064,8.77503,8.77659,1.50,1.50
2013.10.29 14:23:25.035,8.77503,8.77659,1.50,1.50
2013.10.29 14:23:25.414,8.77503,8.77659,1.50,1.50
2013.10.29 14:23:25.535,8.77503,8.77659,1.50,1.50
2013.10.29 14:23:25.594,8.77503,8.77659,1.50,1.50
2013.10.29 14:23:26.274,8.77503,8.77659,1.50,1.50
2013.10.29 14:23:26.351,8.77505,8.77659,1.50,1.50
2013.10.29 14:23:26.876,8.77523,8.77679,1.50,2.25
2013.10.29 14:23:27.247,8.77523,8.77675,1.50,1.50
2013.10.29 14:23:27.776,8.77517,8.77675,1.13,1.50
2013.10.29 14:23:27.976,8.77517,8.77681,1.13,1.50
2013.10.29 14:23:28.224,8.77517,8.77687,1.13,1.50
2013.10.29 14:23:28.587,8.77549,8.77687,1.50,1.50
2013.10.29 14:23:28.885,8.77553,8.77697,1.50,1.50
2013.10.29 14:23:29.724,8.77553,8.77697,1.50,1.50
2013.10.29 14:23:32.654,8.77553,8.77704,1.50,1.50
2013.10.29 14:23:34.737,8.77578,8.77698,1.50,1.50
2013.10.29 14:23:43.813,8.77554,8.77698,1.50,1.50
2013.10.29 14:23:44.055,8.77554,8.77698,1.50,1.50
2013.10.29 14:23:44.259,8.77554,8.77709,1.50,1.50
2013.10.29 14:23:53.894,8.77553,8.77709,1.50,1.50
2013.10.29 14:23:58.194,8.77553,8.77709,1.50,1.50
2013.10.29 14:23:58.611,8.77553,8.77709,1.50,1.50
2013.10.29 14:24:00.315,8.77553,8.77709,1.50,1.50
2013.10.29 14:24:01.516,8.77553,8.77709,1.50,1.50
2013.10.29 14:24:02.427,8.77553,8.77703,1.50,1.50
2013.10.29 14:24:02.740,8.77553,8.77698,1.50,1.50
2013.10.29 14:24:03.165,8.77553,8.77694,1.50,1.50
2013.10.29 14:24:03.227,8.77553,8.77688,1.50,1.50
2013.10.29 14:24:03.297,8.77553,8.77688,1.50,1.50
2013.10.29 14:24:03.516,8.77553,8.77699,1.50,1.50
2013.10.29 14:24:03.994,8.77553,8.77692,1.50,1.50
2013.10.29 14:24:05.078,8.77602,8.77683,1.50,1.50
2013.10.29 14:24:06.084,8.77602,8.77697,1.50,1.50
2013.10.29 14:24:07.155,8.77602,8.77691,1.50,1.50
2013.10.29 14:24:08.304,8.77602,8.77691,1.50,1.50
2013.10.29 14:24:08.837,8.77602,8.7769,1.50,1.50
2013.10.29 14:24:09.325,8.77602,8.7769,1.50,1.50
2013.10.29 14:24:11.645,8.77602,8.77683,1.50,1.50
2013.10.29 14:24:11.847,8.7759,8.77678,1.50,1.50
2013.10.29 14:24:11.916,8.77576,8.77678,1.50,1.50
2013.10.29 14:24:12.170,8.77576,8.77697,1.50,1.50
2013.10.29 14:24:12.356,8.77576,8.77673,1.50,1.50
2013.10.29 14:24:13.185,8.7759,8.77688,1.50,1.50
2013.10.29 14:24:13.305,8.7759,8.77702,1.50,1.50
2013.10.29 14:24:14.424,8.7759,8.77704,1.50,1.50
2013.10.29 14:24:14.685,8.77597,8.77704,1.50,2.25
2013.10.29 14:24:15.645,8.77597,8.77704,1.50,1.50
2013.10.29 14:24:15.704,8.77602,8.77704,1.50,1.50
2013.10.29 14:24:16.195,8.77548,8.77704,1.50,1.50
2013.10.29 14:24:17.244,8.77548,8.77704,1.50,1.50
2013.10.29 14:24:19.328,8.77548,8.77704,1.50,1.50
2013.10.29 14:24:19.469,8.77548,8.77704,1.50,1.50
2013.10.29 14:24:21.645,8.77548,8.77703,1.50,1.50
2013.10.29 14:24:22.187,8.77548,8.77703,1.50,1.50
2013.10.29 14:24:22.406,8.77548,8.77703,1.50,1.50
2013.10.29 14:24:22.535,8.77548,8.77704,1.50,1.50
2013.10.29 14:24:23.757,8.77548,8.77704,1.50,1.50
2013.10.29 14:24:30.824,8.77548,8.77704,1.50,1.50
2013.10.29 14:24:31.730,8.77548,8.77701,1.50,1.50
2013.10.29 14:24:36.826,8.77548,8.777,1.50,1.50
2013.10.29 14:24:38.925,8.77548,8.77704,1.50,1.50
2013.10.29 14:24:40.217,8.77548,8.77704,1.50,1.50
2013.10.29 14:24:40.924,8.77548,8.77704,1.50,1.50
2013.10.29 14:24:42.364,8.77548,8.77699,1.50,1.50
2013.10.29 14:24:43.045,8.77548,8.77704,1.50,1.50
2013.10.29 14:24:43.165,8.77548,8.777,1.50,1.50
2013.10.29 14:24:43.525,8.77548,8.77704,1.50,1.50
2013.10.29 14:24:44.615,8.77548,8.77637,1.50,1.38
2013.10.29 14:24:44.735,8.77548,8.77704,1.50,1.50
2013.10.29 14:24:44.795,8.77548,8.77688,1.50,1.50
2013.10.29 14:24:44.866,8.77548,8.77695,1.50,1.50
2013.10.29 14:24:44.925,8.77518,8.77638,1.13,1.14
2013.10.29 14:24:44.984,8.77513,8.77638,1.13,1.14
2013.10.29 14:24:45.043,8.77483,8.77607,1.50,1.84
2013.10.29 14:24:45.235,8.77484,8.7766,1.50,1.07
2013.10.29 14:24:45.415,8.77491,8.77687,1.50,1.50
2013.10.29 14:24:45.654,8.77491,8.77633,1.50,1.24
2013.10.29 14:24:45.776,8.7748,8.77667,1.50,1.50
2013.10.29 14:24:46.094,8.77496,8.7769,1.50,1.50
2013.10.29 14:24:48.415,8.77503,8.77697,1.50,1.50
2013.10.29 14:24:49.374,8.77493,8.77687,1.50,1.50
2013.10.29 14:24:50.164,8.77499,8.77695,1.50,1.50
2013.10.29 14:24:50.636,8.77511,8.77707,1.50,1.50
2013.10.29 14:24:51.584,8.77511,8.77697,1.50,2.25
2013.10.29 14:24:51.885,8.77514,8.77687,1.50,1.50
2013.10.29 14:24:52.245,8.77507,8.77672,1.13,1.50
2013.10.29 14:24:52.365,8.77478,8.77672,1.50,2.25
2013.10.29 14:24:52.702,8.77443,8.77637,1.50,1.50
2013.10.29 14:24:53.494,8.77413,8.77607,1.50,1.50
2013.10.29 14:24:54.625,8.77403,8.77597,1.50,1.50
2013.10.29 14:24:54.745,8.77392,8.77588,1.50,1.50
2013.10.29 14:24:54.885,8.77382,8.77568,2.25,1.50
2013.10.29 14:24:54.947,8.77367,8.77541,1.50,1.50
2013.10.29 14:24:55.225,8.77367,8.77541,1.50,1.50
2013.10.29 14:24:55.767,8.77361,8.77541,1.50,1.50
2013.10.29 14:24:56.834,8.77367,8.77541,1.13,1.50
2013.10.29 14:24:56.955,8.77372,8.77558,2.25,1.50
2013.10.29 14:24:57.019,8.77383,8.77577,1.50,1.50
2013.10.29 14:24:58.015,8.77383,8.77567,1.50,2.25
2013.10.29 14:24:58.891,8.77368,8.77557,1.13,1.50
2013.10.29 14:24:59.894,8.77358,8.77547,1.13,2.25
2013.10.29 14:25:00.695,8.77357,8.77545,1.13,1.50
2013.10.29 14:25:00.886,8.77369,8.77545,1.50,1.50
2013.10.29 14:25:01.213,8.77393,8.77587,1.50,1.50
2013.10.29 14:25:02.197,8.77378,8.77567,1.50,1.50
2013.10.29 14:25:03.214,8.77374,8.77557,1.50,1.50
2013.10.29 14:25:03.568,8.77373,8.77547,1.50,1.50
2013.10.29 14:25:04.085,8.77364,8.77547,1.50,1.50
2013.10.29 14:25:05.813,8.77393,8.77587,1.50,1.50
2013.10.29 14:25:06.384,8.77383,8.77567,2.25,1.50
2013.10.29 14:25:06.504,8.77367,8.77558,1.13,1.50
2013.10.29 14:25:07.904,8.77407,8.77582,1.13,1.50
2013.10.29 14:25:08.514,8.77408,8.77582,1.13,1.50
2013.10.29 14:25:08.755,8.77408,8.77589,1.13,1.50
2013.10.29 14:25:09.115,8.77421,8.77597,1.13,1.50
2013.10.29 14:25:09.234,8.77418,8.77597,1.50,1.50
2013.10.29 14:25:09.586,8.77421,8.77597,1.50,1.50
2013.10.29 14:25:10.182,8.77401,8.77597,1.50,1.50
2013.10.29 14:25:10.315,8.77392,8.77581,1.50,1.50
2013.10.29 14:25:11.623,8.7736,8.77556,1.50,1.50
2013.10.29 14:25:11.804,8.7736,8.77556,1.50,1.50
2013.10.29 14:25:11.924,8.77377,8.77563,1.50,2.25
2013.10.29 14:25:12.043,8.77369,8.77547,1.50,1.50
2013.10.29 14:25:12.108,8.77369,8.77547,1.50,1.50
2013.10.29 14:25:12.425,8.77369,8.77564,1.50,1.50
2013.10.29 14:25:12.808,8.77373,8.77564,2.25,1.50
2013.10.29 14:25:15.654,8.77403,8.77587,1.50,2.25
2013.10.29 14:25:15.715,8.77407,8.77603,1.50,1.50
2013.10.29 14:25:16.765,8.77396,8.77592,1.50,1.50
2013.10.29 14:25:17.673,8.77412,8.77588,1.50,1.50
2013.10.29 14:25:18.395,8.77412,8.77588,1.50,1.50
2013.10.29 14:25:18.944,8.77412,8.77601,1.50,1.50
2013.10.29 14:25:20.133,8.77423,8.77617,1.50,1.50
2013.10.29 14:25:20.953,8.7741,8.77604,1.50,1.50
2013.10.29 14:25:21.312,8.77456,8.77604,1.50,1.50
2013.10.29 14:25:21.673,8.77468,8.77624,1.13,1.50
2013.10.29 14:25:21.733,8.77468,8.77624,1.13,1.50
2013.10.29 14:25:22.033,8.77469,8.77648,1.50,1.50
2013.10.29 14:25:22.155,8.77469,8.77656,1.50,1.50
2013.10.29 14:25:22.486,8.77469,8.77648,1.50,1.50
2013.10.29 14:25:23.734,8.77473,8.77648,1.50,1.50
2013.10.29 14:25:24.584,8.77473,8.77648,1.50,1.50
2013.10.29 14:25:26.514,8.77482,8.77648,1.50,1.50
2013.10.29 14:25:28.524,8.77488,8.77667,1.50,1.50
2013.10.29 14:25:28.643,8.77493,8.77687,1.50,1.50
2013.10.29 14:25:28.834,8.77518,8.77721,1.50,1.50
2013.10.29 14:25:29.257,8.77538,8.77721,1.50,1.50
2013.10.29 14:25:29.817,8.77555,8.77721,1.50,1.50
2013.10.29 14:25:31.414,8.77555,8.77731,1.50,1.50
2013.10.29 14:25:31.905,8.77555,8.77731,1.50,1.50
2013.10.29 14:25:31.964,8.77555,8.77727,1.50,1.50
2013.10.29 14:25:32.493,8.77555,8.77727,1.50,1.88
2013.10.29 14:25:33.166,8.77555,8.77723,1.50,1.13
2013.10.29 14:25:34.414,8.77555,8.77727,1.50,1.88
2013.10.29 14:25:34.484,8.77555,8.77727,1.50,1.50
2013.10.29 14:25:34.965,8.77555,8.77729,1.50,1.50
2013.10.29 14:25:35.144,8.77525,8.77729,1.50,1.50
2013.10.29 14:25:35.523,8.77525,8.77727,1.50,1.13
2013.10.29 14:25:35.927,8.77525,8.77723,1.50,1.13
2013.10.29 14:25:37.804,8.77555,8.77723,1.50,1.13
2013.10.29 14:25:39.635,8.77555,8.77732,1.50,1.13
2013.10.29 14:25:40.255,8.77555,8.77727,1.50,1.50
2013.10.29 14:25:40.856,8.77572,8.77727,1.50,1.50
2013.10.29 14:25:41.364,8.77582,8.77727,1.50,1.50
2013.10.29 14:25:41.484,8.77571,8.77722,3.00,1.13
2013.10.29 14:25:41.605,8.77571,8.77722,1.50,1.13
2013.10.29 14:25:42.354,8.77571,8.77733,1.50,2.63
2013.10.29 14:25:42.656,8.7756,8.77733,1.50,1.13
2013.10.29 14:25:42.774,8.7756,8.77762,1.50,1.35
2013.10.29 14:25:42.894,8.7758,8.77762,1.50,1.35
2013.10.29 14:25:43.016,8.7758,8.77762,1.50,1.35
2013.10.29 14:25:43.384,8.7758,8.77762,1.50,1.35
2013.10.29 14:25:43.515,8.77573,8.77762,1.50,1.35
2013.10.29 14:25:43.574,8.77573,8.77762,1.50,1.35
2013.10.29 14:25:43.917,8.77571,8.77762,3.00,2.10
2013.10.29 14:25:43.984,8.77571,8.77762,1.50,2.10
2013.10.29 14:25:44.254,8.77582,8.77761,1.50,1.50
2013.10.29 14:25:47.318,8.77598,8.77757,1.50,1.50
2013.10.29 14:25:47.664,8.77598,8.77757,1.50,1.50
2013.10.29 14:25:54.105,8.77598,8.77758,1.50,1.50
2013.10.29 14:25:55.404,8.77625,8.77762,2.25,1.35
2013.10.29 14:25:55.464,8.77655,8.77762,1.50,1.35
2013.10.29 14:25:55.586,8.77662,8.77794,1.50,3.07
2013.10.29 14:25:55.644,8.77679,8.77784,1.50,1.20
2013.10.29 14:25:55.945,8.77624,8.77767,2.25,1.35
2013.10.29 14:25:56.015,8.77597,8.77767,1.50,1.35
2013.10.29 14:25:56.074,8.77597,8.77767,2.25,1.35
2013.10.29 14:25:56.194,8.77597,8.77767,1.50,1.35
2013.10.29 14:25:56.314,8.77597,8.77767,1.50,1.35
2013.10.29 14:25:56.554,8.77597,8.77767,1.50,1.35
2013.10.29 14:25:57.122,8.77598,8.77767,1.50,1.35
2013.10.29 14:25:57.617,8.77612,8.77767,1.50,1.35
2013.10.29 14:25:57.745,8.77618,8.77782,1.13,1.58
2013.10.29 14:25:57.804,8.77664,8.77782,1.50,2.25
2013.10.29 14:25:57.865,8.77634,8.77783,1.50,1.10
2013.10.29 14:25:57.926,8.77634,8.77776,1.50,1.35
2013.10.29 14:25:58.285,8.77647,8.77715,1.50,2.48
2013.10.29 14:25:58.405,8.77603,8.77715,1.13,2.48
2013.10.29 14:25:58.464,8.77603,8.77722,1.13,1.50
2013.10.29 14:25:58.524,8.77607,8.77722,1.13,1.50
2013.10.29 14:25:58.884,8.77664,8.77808,1.50,2.16
2013.10.29 14:25:59.255,8.77664,8.77808,1.50,1.72
2013.10.29 14:25:59.614,8.7767,8.77776,1.50,1.35
2013.10.29 14:25:59.675,8.77625,8.77776,1.50,1.35
2013.10.29 14:25:59.734,8.77637,8.77776,1.50,1.35
2013.10.29 14:25:59.854,8.77617,8.77776,1.50,1.35
2013.10.29 14:25:59.975,8.77618,8.77792,1.50,1.14
2013.10.29 14:26:00.037,8.77657,8.77802,1.50,2.03
2013.10.29 14:26:00.386,8.77692,8.77803,1.50,1.02
2013.10.29 14:26:00.784,8.77698,8.77802,1.50,1.05
2013.10.29 14:26:02.915,8.77718,8.77802,1.50,1.05
2013.10.29 14:26:03.746,8.77717,8.77871,1.50,2.93
2013.10.29 14:26:03.867,8.77728,8.77871,1.50,2.93
2013.10.29 14:26:04.504,8.77734,8.77918,1.50,1.35
2013.10.29 14:26:04.565,8.77734,8.77932,1.50,2.10
2013.10.29 14:26:04.833,8.77755,8.77932,1.50,2.10
2013.10.29 14:26:05.354,8.77768,8.77935,1.50,2.10
2013.10.29 14:26:05.730,8.77768,8.77935,1.50,2.10
2013.10.29 14:26:06.134,8.77768,8.77935,1.50,2.10
2013.10.29 14:26:06.473,8.77768,8.77913,1.50,1.35
2013.10.29 14:26:06.975,8.77777,8.77913,1.50,1.35
2013.10.29 14:26:07.047,8.77777,8.77913,1.50,1.35
2013.10.29 14:26:07.114,8.77777,8.77935,1.50,2.10
2013.10.29 14:26:07.234,8.77777,8.77963,1.50,1.13
2013.10.29 14:26:07.294,8.7779,8.77986,1.50,1.50
2013.10.29 14:26:07.629,8.77801,8.77995,1.50,1.50
2013.10.29 14:26:07.933,8.7784,8.78036,1.50,1.50
2013.10.29 14:26:08.264,8.77846,8.78042,1.50,1.50
2013.10.29 14:26:08.926,8.77867,8.78051,2.25,2.25
2013.10.29 14:26:08.987,8.77871,8.78065,1.50,1.50
2013.10.29 14:26:10.036,8.77887,8.78069,1.50,1.50
2013.10.29 14:26:10.396,8.779,8.78072,1.50,2.25
2013.10.29 14:26:10.586,8.77893,8.78069,1.50,1.50
2013.10.29 14:26:10.884,8.77893,8.78069,1.50,1.50
2013.10.29 14:26:11.406,8.77977,8.78075,1.13,1.50
2013.10.29 14:26:11.464,8.77977,8.78085,1.13,2.55
2013.10.29 14:26:11.525,8.77978,8.78154,3.00,2.25
2013.10.29 14:26:11.584,8.77981,8.78175,1.50,1.50
2013.10.29 14:26:11.647,8.77997,8.78145,2.25,1.50
2013.10.29 14:26:11.774,8.77999,8.78132,1.50,1.13
2013.10.29 14:26:12.195,8.77975,8.78143,1.50,1.13
2013.10.29 14:26:12.255,8.77965,8.78132,2.25,1.50
2013.10.29 14:26:12.317,8.77934,8.78108,1.50,1.50
2013.10.29 14:26:13.405,8.77936,8.78108,1.50,1.50
2013.10.29 14:26:14.167,8.77934,8.7811,1.50,1.50
2013.10.29 14:26:14.916,8.77916,8.7809,1.50,1.50
2013.10.29 14:26:15.154,8.77916,8.78093,1.50,2.74
2013.10.29 14:26:15.275,8.77916,8.7809,1.50,1.58
2013.10.29 14:26:15.394,8.77898,8.78067,1.50,1.50
2013.10.29 14:26:15.574,8.77901,8.78076,1.50,1.50
2013.10.29 14:26:16.806,8.77906,8.78063,1.50,1.50
2013.10.29 14:26:16.870,8.77906,8.78081,1.50,1.50
2013.10.29 14:26:17.186,8.77908,8.78081,1.13,1.50
2013.10.29 14:26:17.304,8.77908,8.78093,1.13,2.74
2013.10.29 14:26:17.427,8.77914,8.78093,1.50,2.74
2013.10.29 14:26:18.425,8.77909,8.78093,1.50,2.74
2013.10.29 14:26:18.726,8.77924,8.78093,1.50,1.99
2013.10.29 14:26:19.085,8.779,8.78093,1.50,2.74
2013.10.29 14:26:19.146,8.779,8.78093,1.50,2.74
2013.10.29 14:26:19.635,8.779,8.78093,1.50,4.24
2013.10.29 14:26:20.148,8.77897,8.78063,1.50,1.50
2013.10.29 14:26:20.947,8.77898,8.78084,1.50,1.58
2013.10.29 14:26:21.255,8.77898,8.78091,1.50,1.58
2013.10.29 14:26:24.264,8.77898,8.78079,1.50,1.50
2013.10.29 14:26:25.134,8.77883,8.78032,2.25,2.10
2013.10.29 14:26:25.614,8.77845,8.78009,1.50,1.35
2013.10.29 14:26:25.734,8.77826,8.78,1.50,1.50
2013.10.29 14:26:25.914,8.77795,8.7797,1.50,1.35
2013.10.29 14:26:25.974,8.77795,8.77932,1.50,1.50
2013.10.29 14:26:26.113,8.7778,8.77932,1.50,1.50
2013.10.29 14:26:26.476,8.77756,8.77932,1.50,2.63
2013.10.29 14:26:26.552,8.77743,8.7789,1.73,1.50
2013.10.29 14:26:27.604,8.77743,8.7786,2.48,1.50
2013.10.29 14:26:28.386,8.77743,8.77845,1.20,1.50
2013.10.29 14:26:28.445,8.77743,8.77845,1.20,1.50
2013.10.29 14:26:29.413,8.77743,8.77837,1.95,1.50
2013.10.29 14:26:29.844,8.77743,8.7783,1.95,1.50
2013.10.29 14:26:29.964,8.7774,8.7783,2.18,1.50
2013.10.29 14:26:31.407,8.77743,8.7783,1.65,1.50
2013.10.29 14:26:31.813,8.77743,8.7784,1.65,1.50
2013.10.29 14:26:32.695,8.77743,8.77847,1.65,1.50
2013.10.29 14:26:32.993,8.77743,8.77836,1.65,1.50
2013.10.29 14:26:33.263,8.77743,8.77846,1.65,1.50
2013.10.29 14:26:34.545,8.77743,8.77846,1.65,1.50
2013.10.29 14:26:35.127,8.77744,8.77858,1.88,1.50
2013.10.29 14:26:35.375,8.77744,8.77853,1.88,1.50
2013.10.29 14:26:35.785,8.77744,8.77859,1.88,1.50
2013.10.29 14:26:35.914,8.77744,8.77851,1.88,1.50
2013.10.29 14:26:36.273,8.77744,8.77797,1.88,1.50
2013.10.29 14:26:36.845,8.77703,8.77797,5.93,1.50
2013.10.29 14:26:37.259,8.77698,8.77797,1.05,1.50
2013.10.29 14:26:37.404,8.77707,8.77797,1.43,1.50
2013.10.29 14:26:37.929,8.77602,8.77796,1.50,1.50
2013.10.29 14:26:37.993,8.777,8.7779,2.03,1.50
2013.10.29 14:26:39.713,8.77594,8.7779,1.50,1.50
2013.10.29 14:26:39.833,8.77594,8.7779,1.50,1.50
2013.10.29 14:26:40.242,8.77587,8.77781,2.25,1.50
2013.10.29 14:26:40.583,8.77686,8.77776,1.95,1.50
2013.10.29 14:26:43.334,8.77686,8.77789,1.95,1.50
2013.10.29 14:26:43.394,8.77698,8.77789,2.18,1.50
2013.10.29 14:26:43.457,8.77682,8.77789,2.63,1.50
2013.10.29 14:26:43.583,8.7768,8.7778,2.55,1.50
2013.10.29 14:26:43.644,8.7768,8.7778,2.55,1.50
2013.10.29 14:26:43.824,8.77697,8.7779,1.13,1.50
2013.10.29 14:26:44.094,8.77697,8.77784,1.13,1.50
2013.10.29 14:26:44.504,8.77689,8.77784,1.58,1.50
2013.10.29 14:26:45.957,8.77701,8.77792,1.20,1.50
2013.10.29 14:26:46.144,8.77706,8.77801,1.20,1.50
2013.10.29 14:26:47.054,8.77706,8.77801,1.20,3.00
2013.10.29 14:26:48.136,8.77699,8.77791,1.95,1.50
2013.10.29 14:26:48.384,8.77707,8.77791,1.05,1.50
2013.10.29 14:26:49.245,8.77708,8.77798,2.03,1.50
2013.10.29 14:26:49.363,8.77708,8.77811,2.03,1.50
2013.10.29 14:26:49.756,8.7772,8.77811,1.13,1.50
2013.10.29 14:26:54.985,8.77727,8.77811,1.65,1.50
2013.10.29 14:26:55.125,8.77727,8.77817,1.65,1.50
2013.10.29 14:26:55.184,8.77621,8.77817,1.50,1.50
2013.10.29 14:27:02.763,8.77612,8.77806,1.50,1.50
2013.10.29 14:27:03.194,8.7762,8.77814,1.50,1.50
2013.10.29 14:27:03.374,8.7762,8.77814,1.50,3.00
2013.10.29 14:27:04.506,8.77615,8.77811,1.50,1.50
2013.10.29 14:27:06.924,8.77631,8.77825,1.50,1.50
2013.10.29 14:27:09.824,8.77638,8.77832,1.50,1.50
2013.10.29 14:27:18.344,8.77646,8.7784,1.50,1.50
2013.10.29 14:27:21.014,8.77637,8.77831,1.50,1.50
2013.10.29 14:27:21.509,8.77637,8.77831,1.50,1.50
2013.10.29 14:27:24.114,8.77632,8.77828,1.50,1.50
2013.10.29 14:27:27.495,8.77625,8.77821,1.50,1.50
2013.10.29 14:27:27.614,8.77617,8.77813,1.50,1.50
2013.10.29 14:27:28.464,8.77617,8.77813,1.50,1.50
2013.10.29 14:27:28.704,8.77599,8.77795,1.50,1.50
2013.10.29 14:27:28.824,8.77606,8.778,1.50,1.50
2013.10.29 14:27:29.023,8.77612,8.77808,1.50,1.50
2013.10.29 14:27:33.584,8.77612,8.77808,1.50,1.50
2013.10.29 14:27:34.934,8.77601,8.77795,1.50,1.50
2013.10.29 14:27:35.054,8.77608,8.77802,1.50,1.50
2013.10.29 14:27:36.777,8.77608,8.77802,1.50,1.50
2013.10.29 14:27:37.225,8.77615,8.77809,3.00,1.50
2013.10.29 14:27:37.968,8.77615,8.77809,1.50,1.50
2013.10.29 14:27:47.593,8.77615,8.77772,1.50,2.10
2013.10.29 14:27:47.836,8.77595,8.77769,1.50,1.35
2013.10.29 14:27:47.904,8.77588,8.77758,1.50,1.35
2013.10.29 14:27:48.024,8.77552,8.77727,1.50,1.50
2013.10.29 14:27:49.092,8.77557,8.77732,1.50,1.50
2013.10.29 14:27:49.635,8.77557,8.77732,1.50,1.50
2013.10.29 14:27:50.654,8.77582,8.77732,1.50,1.50
2013.10.29 14:28:01.864,8.77582,8.77727,1.50,1.50
2013.10.29 14:28:04.624,8.77582,8.77732,1.50,1.50
2013.10.29 14:28:06.414,8.77582,8.77736,1.50,1.50
2013.10.29 14:28:07.343,8.77582,8.77728,1.50,1.50
2013.10.29 14:28:09.416,8.77582,8.77728,1.50,1.50
2013.10.29 14:28:14.756,8.77582,8.77729,1.50,1.50
2013.10.29 14:28:15.674,8.77582,8.77734,1.50,1.50
2013.10.29 14:28:22.024,8.77582,8.77729,1.50,1.50
2013.10.29 14:28:26.615,8.77582,8.7772,1.50,1.50
2013.10.29 14:28:47.316,8.77582,8.7772,1.50,1.50
2013.10.29 14:28:51.664,8.7754,8.77719,1.50,1.50
2013.10.29 14:28:53.736,8.77517,8.77637,1.50,2.33
2013.10.29 14:28:53.854,8.77489,8.77683,2.25,1.50
2013.10.29 14:28:53.974,8.77489,8.77664,1.50,1.50
2013.10.29 14:28:54.311,8.77487,8.77646,1.50,1.50
2013.10.29 14:29:03.525,8.77475,8.77646,1.50,1.50
2013.10.29 14:29:05.624,8.77478,8.77652,1.50,1.50
2013.10.29 14:29:09.067,8.77475,8.77652,1.50,1.50
2013.10.29 14:29:09.133,8.77468,8.77621,1.50,2.10
2013.10.29 14:29:09.377,8.77447,8.77601,1.50,1.35
2013.10.29 14:29:09.565,8.77428,8.77598,1.50,1.35
2013.10.29 14:29:09.891,8.77421,8.77595,1.50,1.50
2013.10.29 14:29:10.645,8.77421,8.77595,1.50,1.50
2013.10.29 14:29:11.253,8.77421,8.77575,1.50,1.50
2013.10.29 14:29:11.961,8.77421,8.77575,1.50,1.50
2013.10.29 14:29:12.644,8.77421,8.77575,1.50,1.50
2013.10.29 14:29:13.606,8.77415,8.77589,1.50,1.50
2013.10.29 14:29:13.784,8.77464,8.77598,1.50,1.50
2013.10.29 14:29:13.844,8.77464,8.77617,1.50,1.50
2013.10.29 14:29:13.966,8.77464,8.77623,1.50,1.50
2013.10.29 14:29:14.285,8.77464,8.77618,1.50,1.50
2013.10.29 14:29:14.834,8.77464,8.77618,1.50,1.50
2013.10.29 14:29:14.954,8.77469,8.77624,1.50,1.50
2013.10.29 14:29:23.894,8.77474,8.77631,1.50,1.50
2013.10.29 14:29:24.974,8.77464,8.77631,1.50,1.50
2013.10.29 14:29:26.774,8.77464,8.77613,1.50,1.50
2013.10.29 14:29:28.126,8.77457,8.77613,1.50,1.50
2013.10.29 14:29:29.324,8.77459,8.7762,1.50,1.50
2013.10.29 14:29:29.485,8.77459,8.7762,1.50,1.50
2013.10.29 14:29:34.627,8.7746,8.77628,1.50,1.50
2013.10.29 14:29:35.063,8.77465,8.77628,1.50,1.50
2013.10.29 14:29:35.504,8.7746,8.7764,1.50,1.50
2013.10.29 14:29:36.066,8.7746,8.77634,1.50,1.50
2013.10.29 14:29:38.084,8.7746,8.77626,1.50,1.50
2013.10.29 14:29:38.637,8.7746,8.77633,1.50,1.50
2013.10.29 14:29:39.625,8.7746,8.77627,1.50,1.50
2013.10.29 14:29:41.384,8.77474,8.77627,1.50,1.50
2013.10.29 14:29:41.503,8.77474,8.77634,1.50,1.50
2013.10.29 14:29:41.632,8.77474,8.7764,1.50,1.50
2013.10.29 14:29:41.814,8.77474,8.77634,1.50,1.50
2013.10.29 14:29:42.304,8.77458,8.77627,1.50,1.50
2013.10.29 14:29:44.725,8.77458,8.77627,1.50,1.50
2013.10.29 14:29:45.145,8.77459,8.77633,1.50,1.50
2013.10.29 14:29:48.544,8.77459,8.77624,1.50,1.50
2013.10.29 14:29:50.725,8.77457,8.77624,1.50,1.50
2013.10.29 14:29:53.909,8.77448,8.77624,1.50,1.50
2013.10.29 14:29:54.039,8.77448,8.77604,2.25,1.50
2013.10.29 14:29:54.105,8.77448,8.77622,1.50,1.50
2013.10.29 14:29:54.164,8.77448,8.77622,1.50,1.50
2013.10.29 14:29:54.484,8.77448,8.77604,1.50,1.50
2013.10.29 14:29:54.684,8.7744,8.77573,1.50,1.13
2013.10.29 14:29:54.744,8.77438,8.77573,2.25,1.13
2013.10.29 14:29:54.987,8.77415,8.77571,1.50,1.50
2013.10.29 14:29:55.056,8.77396,8.77571,1.50,1.50
2013.10.29 14:29:55.114,8.77371,8.77555,1.50,2.25
2013.10.29 14:29:55.174,8.77351,8.77545,1.50,1.50
2013.10.29 14:29:56.074,8.77333,8.77527,1.50,1.50
2013.10.29 14:29:58.467,8.77333,8.77527,1.50,1.50
2013.10.29 14:29:59.594,8.7732,8.77514,1.50,1.50
2013.10.29 14:30:00.663,8.77307,8.77501,1.50,1.50
2013.10.29 14:30:01.395,8.77372,8.77501,1.50,1.50
2013.10.29 14:30:01.636,8.77342,8.77501,1.50,1.50
2013.10.29 14:30:01.875,8.77347,8.77501,1.13,1.50
2013.10.29 14:30:01.994,8.77354,8.77522,1.50,1.50
2013.10.29 14:30:02.114,8.77354,8.77512,1.50,1.50
2013.10.29 14:30:02.174,8.77354,8.77516,1.50,1.50
2013.10.29 14:30:02.235,8.77354,8.77522,1.50,1.50
2013.10.29 14:30:02.294,8.77354,8.77542,1.50,1.50
2013.10.29 14:30:03.504,8.77349,8.77542,1.50,1.50
2013.10.29 14:30:03.684,8.77366,8.7756,1.50,1.50
2013.10.29 14:30:03.805,8.77385,8.77548,1.50,1.50
2013.10.29 14:30:04.131,8.77382,8.77555,1.50,1.50
2013.10.29 14:30:04.605,8.77386,8.77562,1.50,1.50
2013.10.29 14:30:04.845,8.77392,8.77568,1.50,1.50
2013.10.29 14:30:05.584,8.77386,8.77562,1.50,1.50
2013.10.29 14:30:06.117,8.77381,8.77562,1.50,1.50
2013.10.29 14:30:06.716,8.77381,8.77571,1.50,1.50
2013.10.29 14:30:10.913,8.77383,8.77577,1.50,1.50
2013.10.29 14:30:22.634,8.77381,8.7757,1.50,1.50
2013.10.29 14:30:24.145,8.77396,8.7757,1.50,1.50
2013.10.29 14:30:24.465,8.77402,8.77577,1.50,1.50
2013.10.29 14:30:26.213,8.77403,8.77585,1.50,1.50
2013.10.29 14:30:31.813,8.77398,8.77571,1.13,1.50
2013.10.29 14:30:32.009,8.77403,8.77571,1.05,1.50
2013.10.29 14:30:32.517,8.77399,8.77577,1.50,1.50
2013.10.29 14:30:33.868,8.77402,8.77577,1.13,1.50
2013.10.29 14:30:34.706,8.77408,8.7759,1.13,1.50
2013.10.29 14:30:35.344,8.77406,8.77587,1.13,2.25
2013.10.29 14:30:39.973,8.77408,8.77583,1.13,1.50
2013.10.29 14:30:43.424,8.77406,8.77575,1.13,1.50
2013.10.29 14:30:43.795,8.77397,8.77568,1.88,1.50
2013.10.29 14:30:45.315,8.77397,8.77568,1.13,1.50
2013.10.29 14:30:45.734,8.77398,8.77568,1.50,1.50
2013.10.29 14:30:46.353,8.77385,8.77567,1.50,2.25
2013.10.29 14:30:47.125,8.77381,8.77556,1.50,1.50
2013.10.29 14:30:47.335,8.77375,8.77556,1.50,1.50
2013.10.29 14:30:48.005,8.77376,8.77549,1.50,1.50
2013.10.29 14:30:48.625,8.77376,8.77551,1.50,1.50
2013.10.29 14:30:50.725,8.77382,8.77557,1.50,1.50
2013.10.29 14:30:52.516,8.77375,8.77557,1.50,1.50
2013.10.29 14:30:53.494,8.77375,8.77549,1.50,1.50
2013.10.29 14:30:53.805,8.77398,8.7756,1.13,1.50
2013.10.29 14:30:55.242,8.77398,8.77554,1.13,1.50
2013.10.29 14:30:55.545,8.77396,8.77554,1.13,1.50
2013.10.29 14:30:55.725,8.77397,8.77554,1.13,1.50
2013.10.29 14:30:55.986,8.77397,8.77554,1.13,1.50
2013.10.29 14:30:56.165,8.77396,8.77554,1.13,1.50
2013.10.29 14:30:57.314,8.77396,8.77562,1.13,1.50
2013.10.29 14:30:57.626,8.77398,8.77562,1.13,1.50
2013.10.29 14:30:58.606,8.77398,8.77562,1.13,1.50
2013.10.29 14:31:01.475,8.77398,8.77562,1.13,1.50
2013.10.29 14:31:01.687,8.774,8.77575,1.50,1.50
2013.10.29 14:31:02.234,8.77398,8.77569,1.13,1.50
2013.10.29 14:31:02.688,8.77397,8.77569,1.13,1.50
2013.10.29 14:31:02.814,8.77397,8.7756,1.13,1.50
2013.10.29 14:31:04.178,8.77407,8.77579,1.13,1.50
2013.10.29 14:31:05.164,8.77407,8.77574,1.13,1.50
2013.10.29 14:31:05.285,8.77407,8.77579,1.13,1.50
2013.10.29 14:31:06.475,8.77407,8.77573,1.13,1.50
2013.10.29 14:31:10.054,8.77399,8.77573,1.50,1.50
2013.10.29 14:31:10.234,8.77397,8.77565,1.13,1.50
2013.10.29 14:31:10.955,8.77402,8.77565,1.13,1.50
2013.10.29 14:31:11.195,8.77402,8.77576,1.88,1.50
2013.10.29 14:31:14.306,8.77402,8.7757,1.13,1.50
2013.10.29 14:31:14.425,8.77397,8.7757,1.13,1.50
2013.10.29 14:31:14.617,8.77397,8.7757,1.13,1.50
2013.10.29 14:31:15.065,8.77397,8.77564,1.13,1.50
2013.10.29 14:31:15.325,8.77402,8.77572,1.50,1.50
2013.10.29 14:31:16.631,8.77409,8.77579,1.50,1.50
2013.10.29 14:31:17.677,8.77414,8.77589,1.50,1.50
2013.10.29 14:31:20.854,8.7742,8.77595,1.50,1.50
2013.10.29 14:31:20.914,8.77421,8.77614,1.50,1.50
2013.10.29 14:31:21.244,8.7743,8.77624,1.50,1.50
2013.10.29 14:31:23.044,8.7743,8.77624,1.50,1.50
2013.10.29 14:31:24.044,8.77416,8.77612,1.50,1.50
2013.10.29 14:31:25.156,8.77423,8.77617,1.50,1.50
2013.10.29 14:31:26.245,8.77423,8.77617,1.50,1.50
2013.10.29 14:31:26.784,8.7742,8.77616,1.50,1.50
2013.10.29 14:31:27.715,8.77441,8.77625,1.50,2.25
2013.10.29 14:31:28.094,8.77444,8.77638,1.50,2.25
2013.10.29 14:31:28.755,8.77434,8.77628,1.50,1.50
2013.10.29 14:31:29.834,8.77427,8.77623,1.50,1.50
2013.10.29 14:31:34.275,8.77434,8.7763,1.50,1.50
2013.10.29 14:31:37.704,8.7744,8.7763,2.25,1.50
2013.10.29 14:31:38.375,8.77458,8.77654,1.50,1.50
2013.10.29 14:31:39.346,8.77463,8.77654,2.25,1.50
2013.10.29 14:31:40.467,8.77474,8.77668,1.50,1.50
2013.10.29 14:31:42.776,8.77478,8.77672,1.50,1.50
2013.10.29 14:31:47.134,8.77478,8.77672,3.00,1.50
2013.10.29 14:31:48.435,8.77489,8.77674,1.50,1.50
2013.10.29 14:31:51.754,8.77495,8.77683,1.50,1.50
2013.10.29 14:31:54.157,8.77473,8.77668,1.50,1.50
2013.10.29 14:31:55.585,8.77473,8.77668,1.50,1.50
2013.10.29 14:32:01.753,8.77474,8.77668,1.50,1.50
2013.10.29 14:32:02.928,8.77474,8.77668,1.50,2.25
2013.10.29 14:32:04.054,8.77463,8.77659,1.50,1.50
2013.10.29 14:32:06.524,8.77463,8.77649,1.50,1.50
2013.10.29 14:32:07.835,8.77469,8.77653,1.50,1.50
2013.10.29 14:32:08.504,8.77477,8.77649,1.50,1.50
2013.10.29 14:32:08.565,8.77459,8.77649,1.50,1.50
2013.10.29 14:32:08.804,8.77426,8.77614,1.50,1.50
2013.10.29 14:32:08.864,8.7742,8.77614,1.50,2.25
2013.10.29 14:32:09.825,8.77439,8.77623,1.50,2.25
2013.10.29 14:32:10.864,8.7746,8.77654,1.50,1.50
2013.10.29 14:32:12.104,8.77467,8.77654,2.25,1.50
2013.10.29 14:32:13.535,8.7749,8.77668,1.50,1.50
2013.10.29 14:32:13.775,8.77484,8.77668,1.50,1.50
2013.10.29 14:32:13.835,8.77492,8.77668,1.50,1.50
2013.10.29 14:32:14.334,8.77494,8.77672,2.25,1.13
2013.10.29 14:32:16.914,8.77503,8.77678,1.50,1.13
2013.10.29 14:32:17.034,8.77503,8.77699,1.50,2.25
2013.10.29 14:32:17.870,8.77524,8.77699,1.50,2.25
2013.10.29 14:32:18.964,8.77533,8.77699,1.50,1.50
2013.10.29 14:32:21.906,8.77545,8.77702,1.28,2.25
2013.10.29 14:32:21.965,8.7767,8.77702,1.28,1.50
2013.10.29 14:32:22.025,8.77632,8.77702,2.25,2.25
2013.10.29 14:32:22.084,8.77525,8.77701,1.50,1.50
2013.10.29 14:32:22.204,8.77533,8.77702,1.50,2.25
2013.10.29 14:32:22.264,8.77533,8.77686,1.50,2.25
2013.10.29 14:32:22.565,8.77497,8.77656,1.50,1.50
2013.10.29 14:32:22.625,8.77497,8.77662,1.50,1.50
2013.10.29 14:32:22.745,8.77505,8.7768,1.50,1.50
2013.10.29 14:32:23.334,8.7753,8.77702,1.50,2.25
2013.10.29 14:32:24.304,8.77533,8.77702,1.50,2.25
2013.10.29 14:32:25.525,8.77611,8.77702,3.48,2.25
2013.10.29 14:32:25.646,8.77533,8.77702,1.50,2.25
2013.10.29 14:32:25.705,8.77644,8.77702,2.25,1.50
2013.10.29 14:32:25.884,8.77609,8.77702,1.50,1.50
2013.10.29 14:32:25.944,8.77617,8.77731,2.25,1.13
2013.10.29 14:32:26.005,8.77621,8.77751,1.13,1.13
2013.10.29 14:32:26.065,8.77621,8.77776,1.13,1.50
2013.10.29 14:32:26.125,8.77637,8.77813,2.25,1.50
2013.10.29 14:32:26.184,8.77646,8.77821,1.50,1.50
2013.10.29 14:32:26.245,8.77646,8.77821,1.50,1.50
2013.10.29 14:32:26.664,8.77646,8.77838,1.50,1.50
2013.10.29 14:32:27.240,8.77653,8.77847,1.50,1.50
2013.10.29 14:32:27.546,8.77716,8.77853,1.13,1.50
2013.10.29 14:32:27.604,8.77717,8.77871,1.13,1.50
2013.10.29 14:32:27.664,8.77718,8.77905,1.13,1.50
2013.10.29 14:32:27.784,8.77729,8.77915,1.50,2.25
2013.10.29 14:32:27.844,8.77749,8.77943,1.50,1.50
2013.10.29 14:32:28.025,8.77742,8.77936,1.50,1.50
2013.10.29 14:32:28.085,8.77748,8.77942,1.50,1.50
2013.10.29 14:32:28.885,8.77748,8.77855,1.50,1.50
2013.10.29 14:32:29.005,8.77687,8.77843,1.50,1.50
2013.10.29 14:32:29.124,8.77687,8.77821,2.25,1.50
2013.10.29 14:32:29.186,8.77737,8.77821,2.10,1.50
2013.10.29 14:32:29.245,8.77741,8.77841,1.35,1.50
2013.10.29 14:32:29.305,8.77747,8.77896,1.13,1.50
2013.10.29 14:32:29.425,8.77748,8.7792,1.13,1.50
2013.10.29 14:32:29.544,8.77758,8.77926,2.25,2.25
2013.10.29 14:32:29.666,8.77767,8.77963,1.50,1.50
2013.10.29 14:32:29.927,8.77767,8.77963,1.50,1.50
2013.10.29 14:32:30.306,8.77789,8.77958,1.50,1.50
2013.10.29 14:32:30.716,8.77787,8.77956,1.50,1.50
2013.10.29 14:32:31.565,8.77781,8.77881,1.50,1.50
2013.10.29 14:32:31.625,8.7776,8.77876,1.50,1.35
2013.10.29 14:32:31.744,8.77737,8.77876,2.25,1.35
2013.10.29 14:32:31.804,8.77737,8.77869,1.50,1.50
2013.10.29 14:32:31.864,8.77717,8.77869,1.50,1.50
2013.10.29 14:32:32.166,8.77761,8.77935,1.50,1.50
2013.10.29 14:32:33.050,8.77761,8.77935,1.50,1.50
2013.10.29 14:32:33.234,8.77767,8.77913,1.50,1.50
2013.10.29 14:32:33.295,8.77767,8.77913,1.50,1.50
2013.10.29 14:32:33.357,8.77761,8.77906,1.50,1.50
2013.10.29 14:32:33.415,8.77758,8.77906,1.50,1.50
2013.10.29 14:32:33.475,8.77737,8.77901,1.50,1.50
2013.10.29 14:32:33.595,8.77737,8.77894,1.50,1.50
2013.10.29 14:32:33.954,8.77715,8.77889,1.50,1.50
2013.10.29 14:32:34.257,8.77694,8.77877,1.50,1.50
2013.10.29 14:32:34.317,8.77702,8.77877,1.50,1.50
2013.10.29 14:32:34.854,8.77702,8.77877,1.50,1.50
2013.10.29 14:32:34.915,8.77738,8.77877,1.50,1.50
2013.10.29 14:32:37.526,8.77738,8.77865,1.50,1.65
2013.10.29 14:32:37.585,8.77701,8.77865,1.50,1.65
2013.10.29 14:32:37.706,8.77738,8.77876,1.13,1.50
2013.10.29 14:32:37.765,8.77738,8.77885,1.13,1.50
2013.10.29 14:32:37.825,8.77757,8.77941,1.13,1.50
2013.10.29 14:32:37.944,8.7776,8.77954,1.50,1.50
2013.10.29 14:32:38.986,8.77778,8.77969,1.50,1.50
2013.10.29 14:32:39.446,8.77794,8.77969,1.50,1.50
2013.10.29 14:32:39.685,8.77787,8.77961,1.50,1.13
2013.10.29 14:32:39.814,8.77794,8.77953,1.50,2.25
2013.10.29 14:32:40.174,8.77798,8.77953,1.50,3.00
2013.10.29 14:32:41.334,8.77768,8.77935,1.50,1.35
2013.10.29 14:32:41.394,8.77768,8.77927,1.50,2.10
2013.10.29 14:32:41.514,8.77748,8.77923,1.50,1.50
2013.10.29 14:32:41.928,8.77768,8.77917,1.50,1.50
2013.10.29 14:32:42.594,8.77768,8.77907,1.50,1.50
2013.10.29 14:32:51.065,8.77768,8.77888,1.50,2.25
2013.10.29 14:32:51.188,8.77717,8.77883,1.50,1.50
2013.10.29 14:32:51.254,8.77707,8.77875,1.50,1.35
2013.10.29 14:32:51.314,8.77707,8.77863,1.50,1.50
2013.10.29 14:32:51.615,8.77717,8.77883,1.50,2.25
2013.10.29 14:32:51.674,8.77727,8.77902,1.50,1.50
2013.10.29 14:32:52.775,8.77747,8.77893,1.50,1.50
2013.10.29 14:32:52.954,8.77747,8.77899,1.50,1.50
2013.10.29 14:32:54.546,8.77768,8.77905,1.50,1.50
2013.10.29 14:33:05.184,8.77768,8.77899,1.50,1.50
2013.10.29 14:33:07.157,8.77768,8.77906,1.50,1.50
2013.10.29 14:33:07.924,8.77768,8.77916,1.50,1.50
2013.10.29 14:33:08.636,8.77768,8.77916,1.50,1.50
2013.10.29 14:33:14.316,8.77768,8.7791,1.50,1.50
2013.10.29 14:33:16.796,8.77768,8.7791,1.50,1.50
2013.10.29 14:33:17.295,8.77768,8.77902,1.50,1.50
2013.10.29 14:33:22.017,8.77768,8.77909,1.50,1.50
2013.10.29 14:33:22.404,8.77768,8.77909,1.50,1.50
2013.10.29 14:33:26.256,8.77746,8.779,1.50,1.50
2013.10.29 14:33:27.354,8.77746,8.779,1.50,1.50
2013.10.29 14:33:27.475,8.77746,8.77895,1.50,1.50
2013.10.29 14:33:27.996,8.77746,8.77889,1.50,1.50
2013.10.29 14:33:33.332,8.77724,8.7788,1.50,1.50
2013.10.29 14:33:36.134,8.77724,8.7788,1.50,1.50
2013.10.29 14:33:36.475,8.77724,8.7788,1.50,1.50
2013.10.29 14:33:36.754,8.77724,8.7788,1.50,1.50
2013.10.29 14:33:45.355,8.77726,8.7788,1.50,1.50
2013.10.29 14:33:56.254,8.77767,8.77919,1.50,1.50
2013.10.29 14:33:58.475,8.77767,8.77964,1.50,1.50
2013.10.29 14:33:58.535,8.77767,8.77976,1.50,1.50
2013.10.29 14:33:58.594,8.77796,8.77976,1.50,1.50
2013.10.29 14:33:58.655,8.77814,8.78008,1.50,1.80
2013.10.29 14:33:58.774,8.77823,8.78008,1.35,1.80
2013.10.29 14:33:58.894,8.77823,8.78021,1.35,2.78
2013.10.29 14:33:58.960,8.77823,8.78024,1.35,1.50
2013.10.29 14:33:59.025,8.77834,8.78024,1.50,1.50
2013.10.29 14:33:59.384,8.77845,8.78033,1.50,2.25
2013.10.29 14:33:59.745,8.77892,8.78033,2.25,2.25
2013.10.29 14:33:59.805,8.779,8.78033,1.02,2.25
2013.10.29 14:33:59.924,8.77893,8.78033,1.02,2.25
2013.10.29 14:34:00.374,8.77856,8.78031,1.50,1.50
2013.10.29 14:34:00.624,8.77856,8.77975,1.50,1.50
2013.10.29 14:34:00.864,8.77849,8.77972,1.50,2.25
2013.10.29 14:34:01.044,8.77832,8.77972,1.50,2.25
2013.10.29 14:34:01.225,8.77832,8.77963,1.50,1.50
2013.10.29 14:34:01.584,8.77845,8.77963,1.50,1.50
2013.10.29 14:34:01.776,8.77834,8.77963,1.50,1.50
2013.10.29 14:34:15.725,8.77827,8.77963,1.50,1.50
2013.10.29 14:34:15.845,8.77834,8.77963,1.50,1.50
2013.10.29 14:34:17.356,8.77834,8.77971,1.50,1.50
2013.10.29 14:34:17.415,8.77827,8.77972,1.13,1.50
2013.10.29 14:34:17.475,8.77865,8.77972,1.35,1.50
2013.10.29 14:34:17.655,8.77885,8.78066,1.50,1.50
2013.10.29 14:34:17.895,8.77874,8.78066,1.50,1.50
2013.10.29 14:34:18.514,8.77882,8.78066,1.50,1.50
2013.10.29 14:34:19.637,8.77902,8.78066,1.50,1.50
2013.10.29 14:34:19.994,8.77902,8.78056,1.50,1.50
2013.10.29 14:34:20.345,8.7799,8.78073,2.10,2.25
2013.10.29 14:34:20.465,8.7799,8.78093,2.10,1.50
2013.10.29 14:34:20.525,8.7799,8.78128,2.10,1.50
2013.10.29 14:34:20.584,8.78015,8.78206,1.50,1.50
2013.10.29 14:34:20.704,8.78005,8.78188,1.35,1.50
2013.10.29 14:34:20.824,8.78024,8.78206,1.50,1.50
2013.10.29 14:34:21.125,8.78033,8.78208,1.50,1.50
2013.10.29 14:34:21.955,8.78033,8.78215,1.50,1.50
2013.10.29 14:34:22.314,8.78039,8.78225,1.50,1.50
2013.10.29 14:34:23.326,8.78057,8.78215,1.50,1.50
2013.10.29 14:34:23.745,8.78067,8.78222,1.50,1.50
2013.10.29 14:34:25.005,8.78067,8.78229,1.50,1.50
2013.10.29 14:34:25.125,8.78067,8.78233,1.50,2.25
2013.10.29 14:34:25.305,8.78087,8.78233,1.50,1.50
2013.10.29 14:34:25.484,8.7809,8.78262,1.50,1.13
2013.10.29 14:34:25.771,8.78094,8.78269,1.50,1.13
2013.10.29 14:34:26.377,8.78094,8.78269,1.50,1.13
2013.10.29 14:34:26.679,8.78097,8.78262,1.50,1.13
2013.10.29 14:34:27.445,8.78094,8.78244,1.50,1.50
2013.10.29 14:34:27.565,8.78077,8.78244,1.50,1.50
2013.10.29 14:34:27.625,8.78077,8.78232,1.50,1.50
2013.10.29 14:34:27.685,8.78068,8.78232,1.50,1.50
2013.10.29 14:34:27.974,8.78068,8.78232,1.50,2.25
2013.10.29 14:34:28.914,8.78067,8.78202,1.50,1.50
2013.10.29 14:34:29.096,8.78058,8.78202,1.50,1.50
2013.10.29 14:34:29.156,8.78048,8.78202,1.50,1.50
2013.10.29 14:34:29.594,8.78048,8.78202,1.50,2.25
2013.10.29 14:34:29.714,8.78048,8.78202,1.50,3.00
2013.10.29 14:34:31.585,8.78039,8.78195,1.50,1.50
2013.10.29 14:34:45.146,8.7803,8.78184,1.50,1.50
2013.10.29 14:34:45.265,8.78037,8.78209,1.50,1.50
2013.10.29 14:34:45.385,8.78037,8.7821,1.50,1.50
2013.10.29 14:34:46.454,8.78047,8.78222,1.50,1.50
2013.10.29 14:34:47.375,8.78058,8.78221,1.50,1.50
2013.10.29 14:34:47.435,8.78058,8.78219,1.50,1.50
2013.10.29 14:34:47.555,8.78058,8.78232,1.50,2.25
2013.10.29 14:34:51.884,8.78068,8.78229,1.50,1.50
2013.10.29 14:34:54.267,8.78058,8.78223,1.50,1.50
2013.10.29 14:34:54.456,8.78058,8.78229,1.50,1.50
2013.10.29 14:34:54.577,8.78068,8.78229,1.50,1.50
2013.10.29 14:34:54.815,8.78068,8.78232,1.50,2.25
2013.10.29 14:34:55.306,8.7806,8.78229,1.50,1.50
2013.10.29 14:34:55.826,8.78064,8.78232,1.50,2.25
2013.10.29 14:34:56.213,8.78069,8.78232,1.50,2.25
2013.10.29 14:34:56.845,8.78069,8.78232,3.00,2.25
2013.10.29 14:34:57.504,8.78079,8.78232,1.50,2.25
2013.10.29 14:34:58.465,8.78087,8.78232,1.50,2.25
2013.10.29 14:34:59.475,8.78093,8.78232,1.50,2.25
2013.10.29 14:34:59.535,8.78093,8.78232,1.50,2.25
2013.10.29 14:35:02.277,8.78102,8.78232,1.50,2.25
2013.10.29 14:35:05.084,8.78105,8.78232,1.50,2.25
2013.10.29 14:35:05.159,8.78191,8.78385,1.50,1.50
2013.10.29 14:35:05.229,8.78191,8.78365,1.50,1.50
2013.10.29 14:35:05.354,8.78172,8.78347,1.50,1.35
2013.10.29 14:35:05.417,8.78172,8.78328,1.50,1.50
2013.10.29 14:35:05.537,8.78164,8.78307,1.50,1.50
2013.10.29 14:35:05.666,8.78152,8.78292,1.50,2.25
2013.10.29 14:35:05.787,8.78127,8.78292,1.50,2.25
2013.10.29 14:35:06.138,8.78141,8.78292,1.50,2.25
2013.10.29 14:35:06.446,8.78123,8.78292,1.50,1.50
2013.10.29 14:35:06.565,8.781,8.78292,1.50,2.25
2013.10.29 14:35:06.685,8.781,8.78275,1.50,1.50
2013.10.29 14:35:07.047,8.78108,8.78283,1.50,1.50
2013.10.29 14:35:08.720,8.78108,8.78283,1.50,1.13
2013.10.29 14:35:08.787,8.78095,8.78266,1.50,1.13
2013.10.29 14:35:08.914,8.78073,8.78242,1.50,1.50
2013.10.29 14:35:08.975,8.78073,8.78242,1.50,2.25
2013.10.29 14:35:09.715,8.78057,8.78229,1.50,1.50
2013.10.29 14:35:10.025,8.78075,8.78238,1.50,1.50
2013.10.29 14:35:11.585,8.78082,8.78238,1.50,1.50
2013.10.29 14:35:12.994,8.78087,8.78244,1.50,1.50
2013.10.29 14:35:13.455,8.7809,8.78246,1.50,1.50
2013.10.29 14:35:20.671,8.78067,8.78222,1.50,1.50
2013.10.29 14:35:20.737,8.78067,8.78222,1.50,1.50
2013.10.29 14:35:20.807,8.78067,8.78222,1.50,1.50
2013.10.29 14:35:20.877,8.78067,8.78222,1.50,1.50
2013.10.29 14:35:24.475,8.78067,8.78233,1.50,2.25
2013.10.29 14:35:24.759,8.78069,8.78245,1.50,1.50
2013.10.29 14:35:24.912,8.78075,8.78245,1.50,1.50
2013.10.29 14:35:25.166,8.78077,8.78269,1.50,1.50
2013.10.29 14:35:25.286,8.78091,8.78283,1.50,2.25
2013.10.29 14:35:25.602,8.78091,8.78266,1.50,1.50
2013.10.29 14:35:25.907,8.78104,8.78283,2.25,2.25
2013.10.29 14:35:26.846,8.78119,8.78283,2.25,2.25
2013.10.29 14:35:27.279,8.78138,8.78283,2.25,2.25
2013.10.29 14:35:30.876,8.78156,8.78283,1.50,2.25
2013.10.29 14:35:31.235,8.78175,8.78283,2.25,2.25
2013.10.29 14:35:31.895,8.78184,8.78283,1.50,2.25
2013.10.29 14:35:31.955,8.78169,8.78344,1.50,1.50
2013.10.29 14:35:32.134,8.78168,8.78348,1.50,1.50
2013.10.29 14:35:32.195,8.78188,8.78348,1.50,1.50
2013.10.29 14:35:32.581,8.78213,8.78358,1.50,2.78
2013.10.29 14:35:32.976,8.78213,8.78362,1.50,1.88
2013.10.29 14:35:33.806,8.78228,8.78362,1.50,1.88
2013.10.29 14:35:35.328,8.78228,8.78362,1.50,1.88
2013.10.29 14:35:35.705,8.78213,8.78242,1.50,1.50
2013.10.29 14:35:35.825,8.78142,8.78242,1.50,1.50
2013.10.29 14:35:35.885,8.7814,8.78242,1.50,1.50
2013.10.29 14:35:35.946,8.78155,8.78242,1.50,1.50
2013.10.29 14:35:36.124,8.78155,8.78329,1.50,1.50
2013.10.29 14:35:36.246,8.78183,8.78337,2.25,1.50
2013.10.29 14:35:36.305,8.78193,8.78343,1.50,1.50
2013.10.29 14:35:36.366,8.78174,8.78343,1.50,1.50
2013.10.29 14:35:36.426,8.78174,8.78293,1.50,1.50
2013.10.29 14:35:36.486,8.78174,8.78293,1.50,1.50
2013.10.29 14:35:37.585,8.78153,8.78293,1.50,1.50
2013.10.29 14:35:37.825,8.78172,8.78293,1.50,2.25
2013.10.29 14:35:37.885,8.78189,8.78343,1.50,2.25
2013.10.29 14:35:38.004,8.78316,8.78363,1.50,1.13
2013.10.29 14:35:38.063,8.78342,8.78514,1.50,1.50
2013.10.29 14:35:38.183,8.78318,8.78399,1.50,1.50
2013.10.29 14:35:38.245,8.78336,8.78399,1.50,1.50
2013.10.29 14:35:38.364,8.78326,8.78444,1.50,1.32
2013.10.29 14:35:38.424,8.78308,8.78342,1.50,1.50
2013.10.29 14:35:38.545,8.78308,8.78482,1.50,1.73
2013.10.29 14:35:38.605,8.78328,8.7843,1.79,1.50
2013.10.29 14:35:38.665,8.78328,8.78448,1.79,1.50
2013.10.29 14:35:38.845,8.78371,8.78483,2.25,1.50
2013.10.29 14:35:42.105,8.7838,8.78455,1.50,3.00
2013.10.29 14:35:42.225,8.78199,8.78342,1.50,1.50
2013.10.29 14:35:42.344,8.78259,8.78342,1.50,1.50
2013.10.29 14:35:42.405,8.78259,8.78352,1.50,2.25
2013.10.29 14:35:42.464,8.78259,8.78372,1.50,2.25
2013.10.29 14:35:42.584,8.78259,8.7838,1.50,1.50
2013.10.29 14:35:42.645,8.78259,8.78399,1.50,1.50
2013.10.29 14:35:42.705,8.78259,8.78419,1.50,1.50
2013.10.29 14:35:42.768,8.78302,8.78472,1.50,1.50
2013.10.29 14:35:43.805,8.78317,8.78472,1.50,1.50
2013.10.29 14:35:44.127,8.78325,8.78472,1.50,1.50
2013.10.29 14:35:45.405,8.78336,8.78472,1.50,1.50
2013.10.29 14:35:45.844,8.78336,8.78472,1.50,2.25
2013.10.29 14:35:46.045,8.7823,8.78395,1.35,1.13
2013.10.29 14:35:46.105,8.7823,8.78372,1.35,1.50
2013.10.29 14:35:46.464,8.78309,8.78454,1.50,2.25
2013.10.29 14:35:46.525,8.78314,8.78493,1.50,2.25
2013.10.29 14:35:47.486,8.78326,8.78493,1.50,1.50
2013.10.29 14:35:47.856,8.78333,8.78493,1.50,1.50
2013.10.29 14:35:50.064,8.78326,8.78493,1.50,1.50
2013.10.29 14:35:56.795,8.78334,8.78493,1.50,1.50
2013.10.29 14:35:59.764,8.78334,8.78493,1.50,2.25
2013.10.29 14:36:03.040,8.78341,8.78493,1.50,2.25
2013.10.29 14:36:04.356,8.78341,8.78493,1.50,2.25
2013.10.29 14:36:05.038,8.78341,8.78493,1.50,2.25
2013.10.29 14:36:05.584,8.78335,8.78491,1.50,1.50
2013.10.29 14:36:05.794,8.78335,8.78493,1.50,1.50
2013.10.29 14:36:09.455,8.78328,8.78493,1.50,1.50
2013.10.29 14:36:11.937,8.78328,8.78493,1.50,1.50
2013.10.29 14:36:15.015,8.78321,8.78493,1.50,1.50
2013.10.29 14:36:16.048,8.7832,8.78492,1.50,1.50
2013.10.29 14:36:16.388,8.78333,8.78492,1.50,1.50
2013.10.29 14:36:16.709,8.78333,8.78487,1.50,1.50
2013.10.29 14:36:16.895,8.78333,8.78487,1.50,1.50
2013.10.29 14:36:17.855,8.7833,8.78487,1.50,1.50
2013.10.29 14:36:19.913,8.7833,8.78492,1.50,1.50
2013.10.29 14:36:20.478,8.78325,8.78492,1.50,1.50
2013.10.29 14:36:23.647,8.78325,8.78492,1.50,1.50
2013.10.29 14:36:23.708,8.7833,8.78493,1.50,1.50
2013.10.29 14:36:23.865,8.7833,8.78493,1.50,2.25
2013.10.29 14:36:25.166,8.7833,8.78493,1.50,2.25
2013.10.29 14:36:26.033,8.78321,8.78493,1.50,2.25
2013.10.29 14:36:26.487,8.78321,8.78493,1.50,2.25
2013.10.29 14:36:27.575,8.78321,8.78492,1.50,1.50
2013.10.29 14:36:29.408,8.78321,8.78493,1.50,2.25
2013.10.29 14:36:31.087,8.78321,8.78492,1.50,1.50
2013.10.29 14:36:32.475,8.78321,8.78486,1.50,1.50
2013.10.29 14:36:33.626,8.78321,8.78493,1.50,2.25
2013.10.29 14:36:34.045,8.78321,8.78493,1.50,1.50
2013.10.29 14:36:35.264,8.7833,8.78493,1.50,1.50
2013.10.29 14:36:36.325,8.7833,8.78493,1.50,1.50
2013.10.29 14:36:36.386,8.78321,8.78491,1.50,1.50
2013.10.29 14:36:37.165,8.78329,8.78493,1.50,2.25
2013.10.29 14:36:38.377,8.78329,8.78492,1.50,1.50
2013.10.29 14:36:40.395,8.78329,8.78492,1.50,1.50
2013.10.29 14:36:41.894,8.78329,8.78492,1.50,1.50
2013.10.29 14:36:42.194,8.78323,8.78492,1.50,1.50
2013.10.29 14:36:53.320,8.78323,8.78496,1.50,1.50
2013.10.29 14:36:55.630,8.78323,8.78491,1.50,1.50
2013.10.29 14:36:56.795,8.78332,8.78491,1.50,1.50
2013.10.29 14:36:57.457,8.78325,8.78491,1.50,1.50
2013.10.29 14:37:02.075,8.78325,8.78479,1.50,1.35
2013.10.29 14:37:02.434,8.7825,8.78421,2.25,1.50
2013.10.29 14:37:02.495,8.78249,8.78421,1.50,1.50
2013.10.29 14:37:03.936,8.78249,8.78409,1.50,1.50
2013.10.29 14:37:06.496,8.78249,8.78397,1.50,1.50
2013.10.29 14:37:06.615,8.78231,8.78393,1.50,2.25
2013.10.29 14:37:06.975,8.78228,8.78385,1.50,1.50
2013.10.29 14:37:08.547,8.78227,8.7838,1.50,1.50
2013.10.29 14:37:09.436,8.78218,8.78385,2.25,1.50
2013.10.29 14:37:09.555,8.78222,8.78393,1.50,2.25
2013.10.29 14:37:10.605,8.78231,8.78393,1.50,2.25
2013.10.29 14:37:10.927,8.78238,8.78393,1.50,2.25
2013.10.29 14:37:11.047,8.78229,8.78393,1.50,2.25
2013.10.29 14:37:11.526,8.78236,8.78393,1.50,2.25
2013.10.29 14:37:11.948,8.78246,8.78393,2.25,1.50
2013.10.29 14:37:12.017,8.78276,8.78393,1.35,1.50
2013.10.29 14:37:12.086,8.78283,8.78469,1.35,1.50
2013.10.29 14:37:12.145,8.78283,8.78469,1.35,1.50
2013.10.29 14:37:12.385,8.78289,8.78475,1.50,1.50
2013.10.29 14:37:12.915,8.78283,8.78417,2.10,1.50
2013.10.29 14:37:13.036,8.78283,8.78412,1.50,2.25
2013.10.29 14:37:13.154,8.78265,8.78412,1.50,2.25
2013.10.29 14:37:13.335,8.78252,8.78405,1.50,1.50
2013.10.29 14:37:13.646,8.78257,8.78405,1.50,1.50
2013.10.29 14:37:13.825,8.7825,8.78405,1.50,1.50
2013.10.29 14:37:14.287,8.78244,8.78405,1.50,1.50
2013.10.29 14:37:15.267,8.78236,8.78405,1.50,1.50
2013.10.29 14:37:15.387,8.7823,8.78412,1.50,2.25
2013.10.29 14:37:15.515,8.7827,8.78436,2.10,2.25
2013.10.29 14:37:15.577,8.78279,8.78462,1.35,1.50
2013.10.29 14:37:15.635,8.78283,8.78462,1.35,1.50
2013.10.29 14:37:15.698,8.78283,8.78405,1.35,1.50
2013.10.29 14:37:15.946,8.78264,8.78405,1.50,1.50
2013.10.29 14:37:16.067,8.78227,8.78403,1.50,1.50
2013.10.29 14:37:16.256,8.78234,8.78405,1.50,1.50
2013.10.29 14:37:17.565,8.78234,8.784,1.50,1.50
2013.10.29 14:37:17.936,8.78269,8.784,2.10,1.50
2013.10.29 14:37:17.995,8.78269,8.78412,2.10,2.25
2013.10.29 14:37:18.055,8.78279,8.78412,1.35,1.50
2013.10.29 14:37:18.115,8.78282,8.78405,1.35,1.50
2013.10.29 14:37:18.356,8.7828,8.78412,1.35,2.25
2013.10.29 14:37:18.414,8.7828,8.78449,1.35,1.50
2013.10.29 14:37:18.474,8.78275,8.78449,1.35,1.50
2013.10.29 14:37:18.594,8.7828,8.78468,1.35,1.50
2013.10.29 14:37:18.655,8.78282,8.78475,1.50,1.50
2013.10.29 14:37:19.916,8.78288,8.78457,1.50,1.50
2013.10.29 14:37:20.227,8.78282,8.78416,1.50,1.50
2013.10.29 14:37:20.408,8.78264,8.78412,1.50,1.50
2013.10.29 14:37:20.528,8.78272,8.78412,1.50,1.50
2013.10.29 14:37:20.586,8.78272,8.78446,1.50,1.50
2013.10.29 14:37:22.947,8.78287,8.78462,1.50,2.25
2013.10.29 14:37:23.006,8.78298,8.78462,2.10,2.25
2013.10.29 14:37:23.187,8.78311,8.78466,1.35,1.50
2013.10.29 14:37:23.367,8.78313,8.78483,1.35,1.50
2013.10.29 14:37:23.666,8.7832,8.78483,1.50,1.50
2013.10.29 14:37:23.908,8.78341,8.7851,1.50,1.50
2013.10.29 14:37:23.975,8.78341,8.78462,1.50,1.50
2013.10.29 14:37:24.094,8.7831,8.78462,2.25,1.50
2013.10.29 14:37:24.155,8.78298,8.78462,1.50,1.50
2013.10.29 14:37:24.274,8.78278,8.7845,1.50,1.50
2013.10.29 14:37:24.915,8.78278,8.78448,1.50,1.50
2013.10.29 14:37:25.477,8.78292,8.78448,2.85,1.50
2013.10.29 14:37:25.535,8.78292,8.78468,2.85,1.50
2013.10.29 14:37:25.655,8.78306,8.7849,1.35,1.50
2013.10.29 14:37:25.715,8.78306,8.7849,1.35,1.50
2013.10.29 14:37:26.026,8.7833,8.78492,1.50,1.50
2013.10.29 14:37:26.685,8.78324,8.78471,1.50,1.50
2013.10.29 14:37:27.366,8.78318,8.78471,1.50,1.50
2013.10.29 14:37:27.697,8.78318,8.78473,1.50,1.50
2013.10.29 14:37:30.392,8.78324,8.78509,1.50,1.50
2013.10.29 14:37:30.455,8.78334,8.78509,1.50,1.50
2013.10.29 14:37:31.946,8.78345,8.78501,1.50,1.50
2013.10.29 14:37:32.065,8.78347,8.78501,1.50,1.50
2013.10.29 14:37:32.576,8.78347,8.78501,1.50,1.50
2013.10.29 14:37:33.067,8.78347,8.78501,1.50,1.50
2013.10.29 14:37:33.665,8.78345,8.78487,1.50,1.50
2013.10.29 14:37:33.784,8.78326,8.78482,1.50,3.38
2013.10.29 14:37:33.844,8.78306,8.78482,1.50,3.38
2013.10.29 14:37:33.904,8.78306,8.78475,1.50,1.50
2013.10.29 14:37:34.084,8.78302,8.78475,1.35,1.50
2013.10.29 14:37:34.566,8.78302,8.78462,1.35,1.50
2013.10.29 14:37:34.784,8.78302,8.78462,1.35,1.50
2013.10.29 14:37:34.844,8.78302,8.7845,1.35,1.50
2013.10.29 14:37:35.655,8.78302,8.7845,1.35,1.50
2013.10.29 14:37:35.916,8.78302,8.7845,1.35,1.50
2013.10.29 14:37:36.435,8.78302,8.7845,1.35,1.50
2013.10.29 14:37:36.744,8.78302,8.7845,1.35,1.50
2013.10.29 14:37:37.144,8.78302,8.7845,1.35,1.50
2013.10.29 14:37:37.325,8.78307,8.78463,1.50,1.50
2013.10.29 14:37:40.637,8.78307,8.78469,1.50,1.50
2013.10.29 14:37:41.785,8.78307,8.78463,1.50,1.50
2013.10.29 14:37:43.066,8.78307,8.7847,1.50,1.50
2013.10.29 14:37:44.386,8.78307,8.78464,1.50,1.50
2013.10.29 14:37:47.815,8.78307,8.78469,1.50,1.50
2013.10.29 14:37:48.615,8.78307,8.78462,1.50,1.50
2013.10.29 14:37:53.084,8.78302,8.78456,2.10,1.50
2013.10.29 14:37:54.546,8.78307,8.7847,1.50,1.50
2013.10.29 14:37:54.896,8.78307,8.78463,1.50,1.50
2013.10.29 14:37:55.016,8.78307,8.78471,1.50,1.50
2013.10.29 14:37:55.356,8.78307,8.78462,1.50,1.50
2013.10.29 14:37:55.684,8.78307,8.7847,1.50,1.50
2013.10.29 14:37:55.925,8.78307,8.78464,1.50,1.50
2013.10.29 14:37:56.306,8.78307,8.7847,1.50,1.50
2013.10.29 14:37:56.631,8.78307,8.78464,1.50,1.50
2013.10.29 14:37:57.734,8.78302,8.78456,2.10,1.50
2013.10.29 14:38:00.705,8.78307,8.78464,1.50,1.50
2013.10.29 14:38:01.034,8.78307,8.78473,1.50,1.50
2013.10.29 14:38:01.677,8.78307,8.78465,1.50,1.50
2013.10.29 14:38:02.965,8.78307,8.78472,1.50,1.50
2013.10.29 14:38:03.995,8.78307,8.78465,1.50,1.50
2013.10.29 14:38:04.359,8.78307,8.78473,1.50,1.50
2013.10.29 14:38:04.696,8.78307,8.78466,1.50,1.50
2013.10.29 14:38:04.876,8.78304,8.78458,1.50,1.50
2013.10.29 14:38:05.124,8.78307,8.78472,1.50,1.50
2013.10.29 14:38:06.118,8.78307,8.78467,1.50,1.50
2013.10.29 14:38:06.596,8.78307,8.78472,1.50,1.50
2013.10.29 14:38:07.386,8.78337,8.78482,2.10,2.63
2013.10.29 14:38:07.745,8.78375,8.78493,2.25,1.50
2013.10.29 14:38:07.805,8.78386,8.78552,1.50,1.13
2013.10.29 14:38:08.484,8.78386,8.78549,1.50,1.50
2013.10.29 14:38:08.798,8.78369,8.78544,1.50,1.50
2013.10.29 14:38:09.115,8.78375,8.78549,1.50,1.50
2013.10.29 14:38:09.335,8.78375,8.78522,1.50,1.50
2013.10.29 14:38:14.306,8.78382,8.78542,1.50,1.50
2013.10.29 14:38:24.076,8.78375,8.78549,1.50,1.50
2013.10.29 14:38:25.271,8.78381,8.78549,1.50,1.50
2013.10.29 14:38:27.776,8.78375,8.78549,1.50,1.50
2013.10.29 14:38:28.017,8.78381,8.78549,1.50,1.50
2013.10.29 14:38:28.195,8.78373,8.78548,1.50,1.50
2013.10.29 14:38:29.265,8.78381,8.78549,1.50,1.50
2013.10.29 14:38:35.395,8.78376,8.78549,1.50,1.50
2013.10.29 14:38:37.727,8.78369,8.78543,1.50,1.50
2013.10.29 14:38:38.446,8.78361,8.78536,1.50,1.50
2013.10.29 14:38:38.875,8.78368,8.78543,1.50,1.50
2013.10.29 14:38:41.806,8.78368,8.78549,1.50,2.25
2013.10.29 14:38:47.728,8.78381,8.78549,1.50,1.50
2013.10.29 14:38:51.445,8.78375,8.78549,1.50,1.50
2013.10.29 14:39:03.427,8.78368,8.78542,1.50,1.50
2013.10.29 14:39:03.645,8.78374,8.78542,1.50,1.50
2013.10.29 14:39:09.271,8.78374,8.78545,1.50,1.50
2013.10.29 14:39:13.358,8.78368,8.78543,1.50,2.25
2013.10.29 14:39:13.665,8.78375,8.78543,1.50,1.50
2013.10.29 14:39:18.666,8.78367,8.78544,1.50,1.50
2013.10.29 14:39:18.795,8.78367,8.78542,1.50,1.50
2013.10.29 14:39:21.436,8.78367,8.78543,1.50,1.50
2013.10.29 14:39:24.240,8.78373,8.78542,1.50,1.50
2013.10.29 14:39:25.676,8.78374,8.78542,1.50,1.50
2013.10.29 14:39:27.517,8.78373,8.78542,1.50,1.50
2013.10.29 14:39:27.577,8.7836,8.7854,1.50,1.50
2013.10.29 14:39:28.027,8.78367,8.78542,1.50,1.50
2013.10.29 14:39:28.555,8.78368,8.78544,1.50,1.50
2013.10.29 14:39:28.917,8.78375,8.78548,1.50,2.10
2013.10.29 14:39:29.607,8.78375,8.78549,1.50,4.35
2013.10.29 14:39:30.409,8.78375,8.78542,1.50,1.50
2013.10.29 14:39:30.865,8.78382,8.78542,1.50,1.50
2013.10.29 14:39:31.167,8.78372,8.78542,2.25,1.50
2013.10.29 14:39:31.227,8.78369,8.78542,1.50,1.50
2013.10.29 14:39:33.275,8.7836,8.78534,1.50,1.50
2013.10.29 14:39:33.755,8.7836,8.78544,3.00,1.50
2013.10.29 14:39:33.875,8.78369,8.78537,1.50,1.50
2013.10.29 14:39:34.725,8.78363,8.78537,1.50,1.50
2013.10.29 14:39:34.845,8.78363,8.78532,1.50,1.50
2013.10.29 14:39:35.489,8.78356,8.78537,1.50,1.50
2013.10.29 14:39:36.034,8.78362,8.78537,1.50,1.50
2013.10.29 14:39:36.675,8.78357,8.78531,1.50,1.50
2013.10.29 14:39:37.275,8.78351,8.78507,1.35,1.50
2013.10.29 14:39:38.148,8.78352,8.78514,1.35,1.50
2013.10.29 14:39:38.699,8.78339,8.78514,1.50,1.50
2013.10.29 14:39:39.007,8.78345,8.7852,1.50,1.50
2013.10.29 14:39:39.319,8.78354,8.78529,1.50,1.50
2013.10.29 14:39:40.526,8.78354,8.78535,1.50,1.50
2013.10.29 14:39:40.705,8.78361,8.78535,1.50,1.50
2013.10.29 14:39:40.826,8.78352,8.78526,1.50,1.50
2013.10.29 14:39:41.425,8.78352,8.78535,1.50,1.50
2013.10.29 14:39:41.615,8.78361,8.78529,1.50,1.50
2013.10.29 14:39:41.734,8.78355,8.78522,1.50,1.50
2013.10.29 14:39:42.035,8.78348,8.78526,1.50,1.50
2013.10.29 14:39:42.518,8.78358,8.78532,1.50,1.50
2013.10.29 14:39:43.025,8.78351,8.78527,1.50,1.50
2013.10.29 14:39:47.096,8.78351,8.78533,1.50,1.50
2013.10.29 14:39:47.217,8.78358,8.78543,1.50,1.50
2013.10.29 14:39:47.465,8.78358,8.78543,1.50,1.50
2013.10.29 14:39:49.615,8.78362,8.78544,1.50,1.50
2013.10.29 14:39:51.895,8.78437,8.78545,2.78,1.50
2013.10.29 14:39:52.198,8.78427,8.78522,1.50,1.13
2013.10.29 14:39:52.265,8.78417,8.78522,1.50,1.13
2013.10.29 14:39:52.324,8.78402,8.78522,1.50,1.13
2013.10.29 14:39:52.626,8.78362,8.78515,1.50,1.50
2013.10.29 14:39:54.195,8.78362,8.78516,1.50,1.50
2013.10.29 14:39:54.734,8.78367,8.78522,1.50,2.25
2013.10.29 14:39:59.357,8.78357,8.78522,1.50,2.25
2013.10.29 14:40:03.807,8.78367,8.78522,1.50,2.25
2013.10.29 14:40:04.766,8.78371,8.78522,1.50,2.25
2013.10.29 14:40:11.015,8.78357,8.78519,1.50,1.50
2013.10.29 14:40:11.200,8.78348,8.78519,2.25,1.50
2013.10.29 14:40:18.627,8.78348,8.78519,1.50,1.50
2013.10.29 14:40:33.545,8.78348,8.78502,1.50,1.50
2013.10.29 14:40:33.605,8.78347,8.78502,1.50,1.50
2013.10.29 14:40:37.166,8.78378,8.78502,2.10,1.50
2013.10.29 14:40:37.227,8.78378,8.78522,2.10,3.00
2013.10.29 14:40:37.288,8.7839,8.78565,1.35,1.50
2013.10.29 14:40:37.419,8.7839,8.7852,1.50,1.50
2013.10.29 14:40:37.605,8.78367,8.7852,1.50,1.50
2013.10.29 14:40:37.666,8.78371,8.7852,1.50,1.50
2013.10.29 14:40:38.593,8.78359,8.78513,1.50,1.50
2013.10.29 14:40:39.625,8.78359,8.78513,1.50,1.50
2013.10.29 14:40:40.577,8.78359,8.78513,1.50,1.50
2013.10.29 14:40:41.014,8.78347,8.78513,1.50,1.50
2013.10.29 14:40:41.135,8.78347,8.78505,1.50,1.50
2013.10.29 14:40:42.656,8.78378,8.78505,2.10,1.50
2013.10.29 14:40:42.715,8.78378,8.78526,2.10,1.50
2013.10.29 14:40:42.775,8.78385,8.78533,1.35,1.50
2013.10.29 14:40:42.835,8.78385,8.78573,1.50,1.50
2013.10.29 14:40:42.895,8.78385,8.78531,1.50,1.50
2013.10.29 14:40:43.198,8.78366,8.78519,1.50,1.50
2013.10.29 14:40:44.092,8.78348,8.78519,1.50,1.50
2013.10.29 14:40:45.315,8.78366,8.78519,1.50,1.50
2013.10.29 14:40:46.633,8.78366,8.78519,1.50,1.50
2013.10.29 14:40:47.292,8.78346,8.78519,1.50,1.50
2013.10.29 14:40:47.355,8.78346,8.7852,1.50,1.50
2013.10.29 14:40:47.415,8.78366,8.78523,1.50,1.13
2013.10.29 14:40:47.655,8.78399,8.78572,1.50,1.50
2013.10.29 14:40:47.714,8.78399,8.78574,1.50,1.50
2013.10.29 14:40:48.605,8.78399,8.78572,1.50,1.50
2013.10.29 14:40:56.715,8.78395,8.78563,1.35,1.50
2013.10.29 14:40:58.115,8.78395,8.78573,1.35,1.50
2013.10.29 14:40:58.175,8.78395,8.78532,1.35,1.50
2013.10.29 14:40:58.357,8.78383,8.78523,1.50,1.13
2013.10.29 14:40:58.635,8.78363,8.7852,1.50,1.50
2013.10.29 14:40:58.695,8.78347,8.7852,1.50,1.50
2013.10.29 14:40:59.485,8.78347,8.7852,1.50,1.50
2013.10.29 14:40:59.794,8.78347,8.78505,1.50,1.50
2013.10.29 14:41:00.359,8.78351,8.78505,1.50,1.50
2013.10.29 14:41:00.826,8.78348,8.78505,1.50,1.50
2013.10.29 14:41:01.018,8.78345,8.785,1.50,1.50
2013.10.29 14:41:01.217,8.78348,8.78507,1.50,1.50
2013.10.29 14:41:04.595,8.78347,8.78501,1.50,1.50
2013.10.29 14:41:04.836,8.78347,8.78509,1.50,1.50
2013.10.29 14:41:05.925,8.78353,8.78509,1.50,1.50
2013.10.29 14:41:06.165,8.78389,8.78565,1.35,1.50
2013.10.29 14:41:06.225,8.78395,8.78572,1.35,1.50
2013.10.29 14:41:07.126,8.78399,8.78562,1.50,1.50
2013.10.29 14:41:10.475,8.78399,8.78555,1.50,1.50
2013.10.29 14:41:13.936,8.78399,8.78562,1.50,1.50
2013.10.29 14:41:26.477,8.78399,8.78559,1.50,1.50
2013.10.29 14:41:34.235,8.78405,8.78559,1.50,1.50
2013.10.29 14:41:41.227,8.78399,8.78559,1.50,1.50
2013.10.29 14:41:41.346,8.78399,8.78532,1.50,1.50
2013.10.29 14:41:41.465,8.78395,8.78558,1.35,1.13
2013.10.29 14:41:41.585,8.78376,8.78532,1.50,1.13
2013.10.29 14:41:41.645,8.78367,8.78532,1.50,1.13
2013.10.29 14:41:41.706,8.78367,8.78525,1.50,1.13
2013.10.29 14:41:42.377,8.78352,8.78523,1.50,1.13
2013.10.29 14:41:42.585,8.78348,8.78523,1.50,1.13
2013.10.29 14:41:42.645,8.78348,8.78506,1.50,1.50
2013.10.29 14:41:43.048,8.78352,8.78506,1.50,1.50
2013.10.29 14:41:43.617,8.78352,8.78506,1.50,1.50
2013.10.29 14:41:48.186,8.78365,8.78526,1.35,1.50
2013.10.29 14:41:48.306,8.78371,8.7854,1.35,1.50
2013.10.29 14:41:48.426,8.78371,8.78551,1.35,1.50
2013.10.29 14:41:49.138,8.78371,8.78563,1.35,1.50
2013.10.29 14:41:49.496,8.78382,8.78554,1.50,1.50
2013.10.29 14:41:51.415,8.78391,8.78554,1.50,1.50
2013.10.29 14:41:51.676,8.78391,8.78545,1.50,1.50
2013.10.29 14:41:52.027,8.78383,8.78543,1.50,1.50
2013.10.29 14:42:05.105,8.78398,8.78554,1.50,1.50
2013.10.29 14:42:10.173,8.78385,8.78554,1.50,1.50
2013.10.29 14:42:31.206,8.78398,8.78554,1.50,1.50
2013.10.29 14:42:38.126,8.78398,8.78554,1.50,1.50
2013.10.29 14:42:46.438,8.78398,8.78554,1.50,1.50
2013.10.29 14:42:46.896,8.78398,8.78554,1.50,1.50
2013.10.29 14:42:49.702,8.78386,8.78561,1.50,1.50
2013.10.29 14:42:59.489,8.78393,8.78561,1.50,1.50
2013.10.29 14:43:00.925,8.78393,8.78568,1.50,1.50
2013.10.29 14:43:02.308,8.78386,8.78568,1.50,1.50
2013.10.29 14:43:02.437,8.78392,8.7856,1.50,1.50
2013.10.29 14:43:04.066,8.78392,8.78566,1.50,1.50
2013.10.29 14:43:04.449,8.78392,8.78566,1.50,1.50
2013.10.29 14:43:07.437,8.78392,8.78566,1.50,1.50
2013.10.29 14:43:07.917,8.78392,8.78566,1.50,1.50
2013.10.29 14:43:14.638,8.78399,8.78574,1.50,2.25
2013.10.29 14:43:14.876,8.78388,8.78574,1.50,1.50
2013.10.29 14:43:14.936,8.784,8.78574,1.50,1.50
2013.10.29 14:43:15.056,8.784,8.78594,1.50,1.50
2013.10.29 14:43:15.116,8.78418,8.78579,1.50,1.50
2013.10.29 14:43:20.280,8.7841,8.78579,1.50,1.50
2013.10.29 14:43:20.466,8.78418,8.78579,1.50,1.50
2013.10.29 14:43:22.186,8.78444,8.78593,1.50,1.50
2013.10.29 14:43:22.366,8.78456,8.78602,1.13,1.50
2013.10.29 14:43:22.426,8.78456,8.78623,1.50,2.25
2013.10.29 14:43:22.725,8.78505,8.7868,1.50,1.35
2013.10.29 14:43:23.577,8.78505,8.78677,1.50,1.35
2013.10.29 14:43:23.698,8.78491,8.78677,1.50,1.35
2013.10.29 14:43:28.039,8.78514,8.7867,1.50,1.50
2013.10.29 14:43:29.566,8.78476,8.7867,1.50,1.50
2013.10.29 14:43:30.148,8.78476,8.7867,1.50,1.50
2013.10.29 14:43:31.978,8.78499,8.78677,1.50,1.35
2013.10.29 14:43:34.458,8.7852,8.78677,1.50,1.35
2013.10.29 14:43:35.389,8.78513,8.78677,2.25,1.35
2013.10.29 14:43:35.889,8.78492,8.78677,1.50,1.35
2013.10.29 14:43:36.257,8.7848,8.78674,1.50,1.50
2013.10.29 14:43:37.666,8.78508,8.78682,1.50,1.50
2013.10.29 14:43:37.728,8.78517,8.78682,2.25,1.50
2013.10.29 14:43:37.846,8.7852,8.78708,1.50,1.50
2013.10.29 14:43:37.965,8.78536,8.78728,1.50,1.35
2013.10.29 14:43:38.469,8.78536,8.78728,1.50,1.35
2013.10.29 14:43:38.996,8.78556,8.78728,1.50,1.35
2013.10.29 14:43:44.068,8.78549,8.78723,1.50,1.50
2013.10.29 14:43:44.378,8.78555,8.78728,1.50,1.35
2013.10.29 14:43:50.390,8.78546,8.78728,1.50,1.35
2013.10.29 14:43:53.445,8.78526,8.78719,1.50,1.50
2013.10.29 14:43:53.506,8.78526,8.78702,1.50,1.35
2013.10.29 14:43:53.565,8.78526,8.78698,1.50,1.35
2013.10.29 14:43:53.685,8.78517,8.78698,1.50,1.35
2013.10.29 14:43:54.377,8.7854,8.78698,1.50,1.35
2013.10.29 14:43:54.687,8.78508,8.78698,1.50,1.35
2013.10.29 14:43:54.806,8.78475,8.78671,1.50,1.50
2013.10.29 14:44:02.486,8.78475,8.78671,1.50,1.50
2013.10.29 14:44:10.795,8.78471,8.78656,1.50,1.50
2013.10.29 14:44:24.307,8.78499,8.78656,1.50,1.50
2013.10.29 14:44:26.736,8.78471,8.78656,1.50,1.50
2013.10.29 14:44:27.036,8.78471,8.78661,1.50,1.50
2013.10.29 14:44:30.551,8.78471,8.78661,1.50,1.50
2013.10.29 14:44:31.980,8.7848,8.78655,1.50,1.50
2013.10.29 14:44:32.531,8.78486,8.78655,1.50,1.50
2013.10.29 14:44:33.217,8.78499,8.78662,1.50,1.50
2013.10.29 14:44:33.566,8.78486,8.78662,1.50,1.50
2013.10.29 14:44:33.686,8.78477,8.78662,1.50,1.50
2013.10.29 14:44:34.326,8.78486,8.78662,1.50,1.50
2013.10.29 14:44:41.147,8.78486,8.78662,2.25,1.50
2013.10.29 14:44:42.188,8.78496,8.78662,1.50,1.50
2013.10.29 14:44:43.505,8.78496,8.78662,1.50,1.50
2013.10.29 14:44:44.357,8.78486,8.78656,1.50,1.50
2013.10.29 14:44:44.477,8.78481,8.78656,1.50,1.50
2013.10.29 14:44:45.080,8.78481,8.78656,1.50,1.50
2013.10.29 14:44:47.126,8.78465,8.78636,1.50,1.35
2013.10.29 14:44:47.430,8.7846,8.78591,2.70,1.50
2013.10.29 14:44:47.745,8.78457,8.78591,1.88,1.50
2013.10.29 14:44:48.396,8.78455,8.78591,2.85,1.50
2013.10.29 14:44:48.515,8.78451,8.78591,2.55,1.50
2013.10.29 14:44:48.756,8.78448,8.78581,2.85,1.50
2013.10.29 14:44:49.056,8.78445,8.78581,2.70,1.50
2013.10.29 14:44:49.295,8.78441,8.78581,1.65,1.50
2013.10.29 14:44:50.656,8.78439,8.78581,2.70,1.50
2013.10.29 14:44:51.676,8.78439,8.78581,2.70,1.50
2013.10.29 14:44:51.796,8.78449,8.78617,1.50,1.50
2013.10.29 14:44:51.916,8.78449,8.78629,1.50,1.50
2013.10.29 14:44:52.036,8.78452,8.78629,1.50,1.50
2013.10.29 14:44:53.805,8.78455,8.78629,1.50,1.50
2013.10.29 14:44:53.866,8.7845,8.78629,1.50,1.50
2013.10.29 14:44:56.438,8.78455,8.78629,1.50,1.50
2013.10.29 14:44:57.408,8.78455,8.78629,1.50,1.50
2013.10.29 14:45:11.986,8.78431,8.78625,1.50,1.50
2013.10.29 14:45:12.228,8.78424,8.78606,1.50,1.50
2013.10.29 14:45:13.230,8.7842,8.78602,1.50,1.13
2013.10.29 14:45:14.786,8.78431,8.78625,1.50,1.50
2013.10.29 14:45:17.306,8.78421,8.78615,1.50,1.50
2013.10.29 14:45:24.147,8.78385,8.78581,1.50,1.50
2013.10.29 14:45:24.948,8.78371,8.78565,1.50,1.50
2013.10.29 14:45:25.376,8.78371,8.78565,1.50,1.50
2013.10.29 14:45:25.925,8.7839,8.78576,2.25,1.50
2013.10.29 14:45:25.986,8.784,8.78596,1.50,1.50
2013.10.29 14:45:37.955,8.78381,8.7857,1.50,1.50
2013.10.29 14:45:43.187,8.78377,8.78551,1.13,1.50
2013.10.29 14:45:45.196,8.78375,8.78551,1.50,1.50
2013.10.29 14:45:45.376,8.78372,8.78532,1.50,1.50
2013.10.29 14:45:45.677,8.78312,8.7847,1.50,1.35
2013.10.29 14:45:47.696,8.78316,8.7847,1.50,2.10
2013.10.29 14:46:00.107,8.78312,8.7847,1.50,2.10
2013.10.29 14:46:01.368,8.78316,8.7847,1.50,2.10
2013.10.29 14:46:02.156,8.78312,8.7847,1.50,2.10
2013.10.29 14:46:03.898,8.78307,8.7847,1.50,2.10
2013.10.29 14:46:04.894,8.78316,8.78461,1.50,1.50
2013.10.29 14:46:05.860,8.78316,8.78461,1.50,1.50
2013.10.29 14:46:06.126,8.78307,8.7847,1.50,2.10
2013.10.29 14:46:15.407,8.78307,8.78463,1.50,1.50
2013.10.29 14:46:20.917,8.78307,8.78469,1.50,1.50
2013.10.29 14:46:33.199,8.78307,8.7846,1.50,1.50
2013.10.29 14:46:34.117,8.78307,8.78467,1.50,1.50
2013.10.29 14:46:37.027,8.78307,8.7846,1.50,1.50
2013.10.29 14:46:47.598,8.78286,8.78461,1.50,1.50
2013.10.29 14:46:47.765,8.78286,8.78461,1.50,1.50
2013.10.29 14:46:50.316,8.78295,8.7847,1.50,1.50
2013.10.29 14:46:50.375,8.78286,8.78462,1.50,1.50
2013.10.29 14:47:00.417,8.78295,8.78463,1.50,1.50
2013.10.29 14:47:00.476,8.78287,8.78463,1.50,1.50
2013.10.29 14:47:03.061,8.78294,8.78468,1.50,1.50
2013.10.29 14:47:03.426,8.78288,8.78468,1.50,1.50
2013.10.29 14:47:03.657,8.78294,8.78468,1.50,1.50
2013.10.29 14:47:03.716,8.78288,8.78468,1.50,1.50
2013.10.29 14:47:04.545,8.78287,8.78463,1.50,1.50
2013.10.29 14:47:06.047,8.78288,8.78463,1.50,1.50
2013.10.29 14:47:07.046,8.78295,8.78463,1.50,1.50
2013.10.29 14:47:10.905,8.78278,8.78408,1.13,1.50
2013.10.29 14:47:11.087,8.78198,8.78358,1.50,2.10
2013.10.29 14:47:11.147,8.78195,8.78351,1.50,1.35
2013.10.29 14:47:11.266,8.78167,8.78351,1.50,1.35
2013.10.29 14:47:11.397,8.78157,8.78344,3.00,1.35
2013.10.29 14:47:11.463,8.78157,8.78344,1.50,1.35
2013.10.29 14:47:11.767,8.78155,8.78282,1.50,2.10
2013.10.29 14:47:11.826,8.78145,8.78313,2.25,1.13
2013.10.29 14:47:11.885,8.78167,8.78304,1.13,1.50
2013.10.29 14:47:11.946,8.78166,8.78297,1.13,1.50
2013.10.29 14:47:12.006,8.78166,8.78277,1.13,1.50
2013.10.29 14:47:12.246,8.78166,8.78324,1.13,1.50
2013.10.29 14:47:12.306,8.78158,8.78324,1.13,1.50
2013.10.29 14:47:12.546,8.78158,8.78324,1.13,2.25
2013.10.29 14:47:17.296,8.78158,8.78317,1.13,1.50
2013.10.29 14:47:17.598,8.78158,8.78317,1.13,1.50
2013.10.29 14:47:21.646,8.78157,8.78317,1.88,1.50
2013.10.29 14:47:21.827,8.78157,8.78305,1.50,1.50
2013.10.29 14:47:22.186,8.78157,8.7829,1.50,1.50
2013.10.29 14:47:24.328,8.78157,8.7829,1.50,1.50
2013.10.29 14:47:26.257,8.78157,8.78283,1.50,1.50
2013.10.29 14:47:26.827,8.78157,8.78289,1.50,1.50
2013.10.29 14:47:27.558,8.78157,8.78293,1.50,1.50
2013.10.29 14:47:32.566,8.7812,8.78207,2.25,2.10
2013.10.29 14:47:32.747,8.78093,8.78156,3.68,1.35
2013.10.29 14:47:32.805,8.78093,8.78176,2.93,1.50
2013.10.29 14:47:32.866,8.78007,8.78176,1.50,1.50
2013.10.29 14:47:32.926,8.78053,8.78176,1.50,1.50
2013.10.29 14:47:33.166,8.78057,8.78176,1.50,1.50
2013.10.29 14:47:33.226,8.78057,8.78186,2.25,2.25
2013.10.29 14:47:33.286,8.78068,8.78242,1.50,1.50
2013.10.29 14:47:33.407,8.78057,8.78225,2.25,1.50
2013.10.29 14:47:33.826,8.78057,8.78225,2.25,1.50
2013.10.29 14:47:34.276,8.78069,8.78225,1.50,1.50
2013.10.29 14:47:34.336,8.78057,8.78225,2.25,1.50
2013.10.29 14:47:34.398,8.78084,8.78225,1.50,1.50
2013.10.29 14:47:34.456,8.78096,8.78245,1.13,1.50
2013.10.29 14:47:34.517,8.78096,8.7825,1.13,1.50
2013.10.29 14:47:34.887,8.78097,8.7825,1.13,1.50
2013.10.29 14:47:35.257,8.78097,8.7825,1.13,1.50
2013.10.29 14:47:35.376,8.7811,8.7826,1.50,1.50
2013.10.29 14:47:35.496,8.78117,8.7826,1.13,1.50
2013.10.29 14:47:35.797,8.78117,8.78263,2.25,1.50
2013.10.29 14:47:35.856,8.78117,8.78262,2.25,1.50
2013.10.29 14:47:35.916,8.78117,8.78262,1.50,1.50
2013.10.29 14:47:37.176,8.78117,8.78273,2.25,1.50
2013.10.29 14:47:37.416,8.78117,8.7829,2.63,1.50
2013.10.29 14:47:37.476,8.78121,8.7829,1.50,1.50
2013.10.29 14:47:38.108,8.78121,8.78273,1.50,1.50
2013.10.29 14:47:38.656,8.78121,8.7826,1.50,1.50
2013.10.29 14:47:38.977,8.78117,8.7827,1.50,1.35
2013.10.29 14:47:39.037,8.78085,8.7827,1.50,1.35
2013.10.29 14:47:39.226,8.78078,8.78266,1.13,1.50
2013.10.29 14:47:39.586,8.78092,8.78266,1.50,2.25
2013.10.29 14:47:40.616,8.78078,8.78266,1.13,1.50
2013.10.29 14:47:40.677,8.78078,8.78246,1.13,1.50
2013.10.29 14:47:40.736,8.78072,8.7824,1.50,1.50
2013.10.29 14:47:40.857,8.78059,8.78234,1.50,1.50
2013.10.29 14:47:41.095,8.78055,8.7823,1.50,1.50
2013.10.29 14:47:41.216,8.78054,8.78219,1.50,1.50
2013.10.29 14:47:41.337,8.78063,8.78219,1.50,1.50
2013.10.29 14:47:41.706,8.78063,8.78219,1.50,1.50
2013.10.29 14:47:42.613,8.78063,8.78219,1.50,1.50
2013.10.29 14:47:46.396,8.78048,8.78219,2.25,2.10
2013.10.29 14:47:46.538,8.7805,8.78213,1.50,1.50
2013.10.29 14:47:46.718,8.78042,8.78204,1.50,1.50
2013.10.29 14:47:47.446,8.78031,8.78204,1.50,1.50
2013.10.29 14:47:48.186,8.78057,8.78192,1.13,1.50
2013.10.29 14:47:48.306,8.78057,8.78197,1.13,1.50
2013.10.29 14:47:48.366,8.78057,8.78202,1.13,1.50
2013.10.29 14:47:48.427,8.78061,8.78202,1.50,1.50
2013.10.29 14:47:48.851,8.78061,8.78202,1.50,1.50
2013.10.29 14:47:49.646,8.7805,8.7819,1.13,1.50
2013.10.29 14:47:49.766,8.78033,8.78181,1.50,1.50
2013.10.29 14:47:49.889,8.78033,8.78172,1.50,1.50
2013.10.29 14:47:50.247,8.7803,8.78182,1.50,1.50
2013.10.29 14:47:50.817,8.7803,8.78177,1.50,1.50
2013.10.29 14:47:51.176,8.78028,8.78171,1.13,1.50
2013.10.29 14:47:51.806,8.7802,8.78171,1.50,1.50
2013.10.29 14:47:51.986,8.78048,8.78181,1.13,1.50
2013.10.29 14:47:52.292,8.78048,8.78181,1.13,1.50
2013.10.29 14:47:52.996,8.78058,8.78206,1.13,1.50
2013.10.29 14:47:56.078,8.78058,8.78206,1.13,1.50
2013.10.29 14:47:56.667,8.78058,8.78199,1.13,2.25
2013.10.29 14:47:56.977,8.78058,8.78151,1.13,1.50
2013.10.29 14:47:57.278,8.78058,8.78143,1.13,1.50
2013.10.29 14:47:58.676,8.78058,8.78159,1.13,1.50
2013.10.29 14:48:00.616,8.78058,8.78174,1.13,1.50
2013.10.29 14:48:00.796,8.78061,8.78212,1.50,2.25
2013.10.29 14:48:00.857,8.78061,8.78199,1.50,1.50
2013.10.29 14:48:00.977,8.78061,8.78212,1.50,1.50
2013.10.29 14:48:01.036,8.78061,8.78196,1.50,1.50
2013.10.29 14:48:01.336,8.78061,8.78203,1.50,1.50
2013.10.29 14:48:01.857,8.78058,8.78191,1.13,1.50
2013.10.29 14:48:03.548,8.78058,8.78185,1.13,1.50
2013.10.29 14:48:06.641,8.78058,8.78195,1.13,1.50
2013.10.29 14:48:09.109,8.78058,8.78195,1.13,1.50
2013.10.29 14:48:10.567,8.78058,8.78194,1.13,1.50
2013.10.29 14:48:11.967,8.78058,8.78194,1.13,1.50
2013.10.29 14:48:12.227,8.78058,8.78194,1.13,1.50
2013.10.29 14:48:12.748,8.78058,8.78194,1.13,1.50
2013.10.29 14:48:14.641,8.78058,8.78195,1.13,1.50
2013.10.29 14:48:15.188,8.78058,8.78196,1.13,1.50
2013.10.29 14:48:15.834,8.78058,8.78193,1.13,1.50
2013.10.29 14:48:17.078,8.78058,8.78199,1.13,1.50
2013.10.29 14:48:17.699,8.78042,8.78198,2.03,1.50
2013.10.29 14:48:17.829,8.7803,8.78192,1.50,1.50
2013.10.29 14:48:17.899,8.78038,8.78179,1.13,1.50
2013.10.29 14:48:18.206,8.78038,8.78188,1.13,1.50
2013.10.29 14:48:18.479,8.78038,8.78188,1.13,1.50
2013.10.29 14:48:18.548,8.78038,8.78188,1.13,1.50
2013.10.29 14:48:35.411,8.78038,8.78182,1.50,1.50
2013.10.29 14:48:40.247,8.7803,8.78202,1.50,1.50
2013.10.29 14:48:41.407,8.78028,8.78134,1.88,2.10
2013.10.29 14:48:41.468,8.78018,8.78134,2.25,2.10
2013.10.29 14:48:41.586,8.78019,8.78174,1.50,1.88
2013.10.29 14:48:41.647,8.7802,8.78174,1.50,1.13
2013.10.29 14:48:41.707,8.78023,8.78183,1.50,2.25
2013.10.29 14:48:41.768,8.78017,8.78141,1.88,1.50
2013.10.29 14:48:41.886,8.78017,8.78164,1.50,1.50
2013.10.29 14:48:42.067,8.78015,8.78194,1.50,2.25
2013.10.29 14:48:42.127,8.78022,8.78197,1.50,1.50
2013.10.29 14:48:42.597,8.78016,8.7819,1.50,1.50
2013.10.29 14:48:42.936,8.78016,8.7819,1.50,1.50
2013.10.29 14:48:43.366,8.78031,8.78205,1.50,1.50
2013.10.29 14:48:43.427,8.78031,8.78205,1.50,1.50
2013.10.29 14:48:58.366,8.7803,8.78089,1.50,2.10
2013.10.29 14:48:58.667,8.77977,8.78074,1.50,1.35
2013.10.29 14:48:58.726,8.77967,8.78074,1.73,1.35
2013.10.29 14:48:58.787,8.77982,8.78088,2.03,1.50
2013.10.29 14:48:58.846,8.77986,8.78088,1.50,1.50
2013.10.29 14:48:59.026,8.77992,8.78101,1.50,1.50
2013.10.29 14:48:59.147,8.77992,8.78162,1.50,1.50
2013.10.29 14:48:59.326,8.77996,8.78162,1.50,1.50
2013.10.29 14:48:59.687,8.77987,8.78162,2.25,1.50
2013.10.29 14:49:00.597,8.77992,8.78137,1.50,1.50
2013.10.29 14:49:00.903,8.77945,8.78073,1.50,1.35
2013.10.29 14:49:01.026,8.77945,8.78073,1.50,1.35
2013.10.29 14:49:01.671,8.77949,8.78073,1.50,1.35
2013.10.29 14:49:02.021,8.77949,8.78073,1.50,1.35
2013.10.29 14:49:02.487,8.77988,8.78084,1.50,1.50
2013.10.29 14:49:02.546,8.77987,8.78098,1.13,1.50
2013.10.29 14:49:02.608,8.77987,8.78118,1.13,1.50
2013.10.29 14:49:02.726,8.77985,8.78124,1.50,1.50
2013.10.29 14:49:03.646,8.77985,8.78122,1.50,1.50
2013.10.29 14:49:04.229,8.77987,8.78128,1.13,1.50
2013.10.29 14:49:08.806,8.77987,8.78143,1.13,2.25
2013.10.29 14:49:09.057,8.77987,8.78143,1.13,2.25
2013.10.29 14:49:09.117,8.77987,8.78143,1.13,2.25
2013.10.29 14:49:09.887,8.77987,8.78136,1.13,1.50
2013.10.29 14:49:10.188,8.77987,8.78083,1.13,1.50
2013.10.29 14:49:10.307,8.77987,8.78083,1.13,1.50
2013.10.29 14:49:10.366,8.77987,8.78113,1.13,1.50
2013.10.29 14:49:10.426,8.77987,8.78113,1.13,1.50
2013.10.29 14:49:10.849,8.77985,8.78123,1.50,1.50
2013.10.29 14:49:11.396,8.77985,8.78128,1.50,1.50
2013.10.29 14:49:12.067,8.77988,8.78116,1.13,2.10
2013.10.29 14:49:12.247,8.77951,8.78116,1.50,2.10
2013.10.29 14:49:12.306,8.77923,8.78101,2.25,1.35
2013.10.29 14:49:12.957,8.77923,8.78101,1.50,1.35
2013.10.29 14:49:13.676,8.77928,8.78083,1.50,1.50
2013.10.29 14:49:14.687,8.77928,8.78082,1.50,1.50
2013.10.29 14:49:15.130,8.77928,8.78082,1.50,1.50
2013.10.29 14:49:15.877,8.77928,8.78082,1.50,1.50
2013.10.29 14:49:16.889,8.77928,8.78092,1.50,1.50
2013.10.29 14:49:17.746,8.77928,8.78086,1.50,1.50
2013.10.29 14:49:24.329,8.7793,8.78086,1.50,1.50
2013.10.29 14:49:24.397,8.7793,8.78093,1.50,1.50
2013.10.29 14:49:24.578,8.77917,8.78094,1.13,1.50
2013.10.29 14:49:24.937,8.77929,8.78104,1.50,1.35
2013.10.29 14:49:25.086,8.77929,8.78113,1.50,1.50
2013.10.29 14:49:25.207,8.77987,8.78123,1.13,1.50
2013.10.29 14:49:25.386,8.77988,8.78123,2.25,1.50
2013.10.29 14:49:25.727,8.7799,8.78138,1.50,1.50
2013.10.29 14:49:25.847,8.7799,8.78138,1.50,1.50
2013.10.29 14:49:26.467,8.7799,8.78153,1.50,1.50
2013.10.29 14:49:26.661,8.7799,8.78162,1.50,1.50
2013.10.29 14:49:28.797,8.77989,8.78087,1.50,1.50
2013.10.29 14:49:29.098,8.77973,8.78041,1.50,2.10
2013.10.29 14:49:29.161,8.77963,8.78041,1.88,2.10
2013.10.29 14:49:29.456,8.77898,8.78041,1.50,2.10
2013.10.29 14:49:30.087,8.77888,8.78041,3.00,2.10
2013.10.29 14:49:30.396,8.77894,8.78041,1.50,2.10
2013.10.29 14:49:30.576,8.77913,8.78067,1.50,1.50
2013.10.29 14:49:30.637,8.7792,8.78085,1.50,1.50
2013.10.29 14:49:30.816,8.77931,8.78089,1.50,1.50
2013.10.29 14:49:30.877,8.77931,8.78096,1.50,1.50
2013.10.29 14:49:31.089,8.77931,8.7809,1.50,1.50
2013.10.29 14:49:31.606,8.77936,8.7809,1.50,1.50
2013.10.29 14:49:31.672,8.77938,8.78108,1.13,1.35
2013.10.29 14:49:31.856,8.77941,8.7811,1.50,1.50
2013.10.29 14:49:32.036,8.77941,8.78117,1.50,1.50
2013.10.29 14:49:32.687,8.77951,8.78126,1.50,1.50
2013.10.29 14:49:32.926,8.77958,8.78134,1.50,1.50
2013.10.29 14:49:33.737,8.77953,8.78128,1.50,1.50
2013.10.29 14:49:37.868,8.77941,8.78126,1.50,2.25
2013.10.29 14:49:39.103,8.77949,8.78124,1.50,1.50
2013.10.29 14:49:44.377,8.77942,8.78124,1.50,1.50
2013.10.29 14:49:47.457,8.77951,8.78127,1.50,1.50
2013.10.29 14:49:48.436,8.77943,8.78119,1.50,1.50
2013.10.29 14:49:49.456,8.77941,8.78105,1.50,1.50
2013.10.29 14:49:49.821,8.77941,8.78105,1.50,1.50
2013.10.29 14:49:50.070,8.77941,8.78114,1.50,1.50
2013.10.29 14:49:50.377,8.77938,8.78114,1.88,1.50
2013.10.29 14:49:51.145,8.77938,8.78108,1.13,1.50
2013.10.29 14:49:51.868,8.77938,8.78102,1.13,1.50
2013.10.29 14:49:55.297,8.77937,8.78109,1.13,1.50
2013.10.29 14:49:55.647,8.77938,8.78102,1.13,1.50
2013.10.29 14:49:55.969,8.77938,8.78102,1.13,1.50
2013.10.29 14:49:56.098,8.77938,8.78102,1.13,1.50
2013.10.29 14:49:56.349,8.77938,8.78108,1.13,1.50
2013.10.29 14:50:02.146,8.77938,8.78108,1.13,1.50
2013.10.29 14:50:03.917,8.77938,8.78106,1.13,1.50
2013.10.29 14:50:05.677,8.77938,8.78086,1.13,1.35
2013.10.29 14:50:05.737,8.7791,8.78086,1.50,1.35
2013.10.29 14:50:05.856,8.77908,8.78079,1.50,1.35
2013.10.29 14:50:05.977,8.77887,8.78075,1.50,1.35
2013.10.29 14:50:07.177,8.77902,8.78058,1.50,1.50
2013.10.29 14:50:10.116,8.77895,8.78056,1.50,1.50
2013.10.29 14:50:13.219,8.77902,8.78056,1.50,1.50
2013.10.29 14:50:29.587,8.77894,8.78053,1.50,1.50
2013.10.29 14:50:31.387,8.77899,8.78055,1.50,1.50
2013.10.29 14:50:34.298,8.77893,8.78053,1.50,1.50
2013.10.29 14:50:34.416,8.77902,8.78056,1.50,1.50
2013.10.29 14:50:36.606,8.77902,8.78041,1.50,2.10
2013.10.29 14:50:36.726,8.77878,8.78041,1.13,2.10
2013.10.29 14:50:36.786,8.7787,8.78035,1.50,1.35
2013.10.29 14:50:36.906,8.7786,8.78026,1.50,1.35
2013.10.29 14:50:37.679,8.77857,8.78028,1.50,1.35
2013.10.29 14:50:37.988,8.77866,8.78026,1.50,1.35
2013.10.29 14:50:38.756,8.77866,8.78023,1.50,1.50
2013.10.29 14:50:57.860,8.77866,8.78022,1.50,1.50
2013.10.29 14:50:58.401,8.77861,8.78015,1.50,1.50
2013.10.29 14:50:58.656,8.77861,8.78022,1.50,1.50
2013.10.29 14:51:00.579,8.77861,8.78015,1.50,1.50
2013.10.29 14:51:00.909,8.77861,8.78022,1.50,1.50
2013.10.29 14:51:04.328,8.77866,8.78023,1.50,1.50
2013.10.29 14:51:04.488,8.77857,8.78022,1.50,1.50
2013.10.29 14:51:05.107,8.77864,8.78022,1.50,1.50
2013.10.29 14:51:12.397,8.77866,8.78026,1.50,1.35
2013.10.29 14:51:13.778,8.77866,8.78023,1.50,1.50
2013.10.29 14:51:14.778,8.7786,8.78022,1.50,1.50
2013.10.29 14:51:16.325,8.77866,8.78022,1.50,1.50
2013.10.29 14:51:31.666,8.77869,8.78043,1.50,1.50
2013.10.29 14:51:31.726,8.77869,8.78044,1.50,1.50
2013.10.29 14:51:32.210,8.7789,8.7806,1.50,1.35
2013.10.29 14:51:32.596,8.77907,8.78074,1.13,1.50
2013.10.29 14:51:32.656,8.77906,8.78093,1.50,1.50
2013.10.29 14:51:33.587,8.77918,8.78093,1.50,1.50
2013.10.29 14:51:33.647,8.77918,8.78097,1.50,1.50
2013.10.29 14:51:33.708,8.77928,8.78093,1.50,1.50
2013.10.29 14:51:34.607,8.77908,8.78104,1.50,1.50
2013.10.29 14:51:34.668,8.77933,8.78104,1.50,1.50
2013.10.29 14:51:34.926,8.7794,8.78104,1.50,1.50
2013.10.29 14:51:35.046,8.77945,8.78126,1.50,1.50
2013.10.29 14:51:36.147,8.77959,8.78135,1.50,2.25
2013.10.29 14:51:36.209,8.77977,8.78143,1.50,1.50
2013.10.29 14:51:43.677,8.7795,8.78126,1.50,1.50
2013.10.29 14:51:44.187,8.77938,8.7809,1.13,2.10
2013.10.29 14:51:44.367,8.7792,8.7809,1.50,2.10
2013.10.29 14:51:44.488,8.77905,8.78074,1.50,1.35
2013.10.29 14:51:44.547,8.77885,8.78074,1.50,1.35
2013.10.29 14:51:45.598,8.77897,8.78074,1.50,1.35
2013.10.29 14:51:46.029,8.77906,8.78072,1.50,1.50
2013.10.29 14:51:47.583,8.77906,8.7806,1.50,1.50
2013.10.29 14:51:48.586,8.77905,8.78061,1.50,1.50
2013.10.29 14:51:48.889,8.77905,8.78061,1.50,1.50
2013.10.29 14:51:50.178,8.77905,8.78061,1.50,1.50
2013.10.29 14:51:50.659,8.77888,8.78053,1.50,1.50
2013.10.29 14:51:54.276,8.77897,8.78053,1.50,1.50
2013.10.29 14:51:54.772,8.77889,8.78053,1.50,1.50
2013.10.29 14:51:57.584,8.77889,8.78031,1.50,1.50
2013.10.29 14:51:57.886,8.77848,8.77982,1.50,1.50
2013.10.29 14:51:57.947,8.77845,8.77982,1.50,1.50
2013.10.29 14:51:58.067,8.77848,8.77983,1.13,1.50
2013.10.29 14:51:58.307,8.77865,8.78021,1.50,1.50
2013.10.29 14:51:58.503,8.77865,8.78021,1.50,1.50
2013.10.29 14:51:58.917,8.77871,8.78027,1.50,1.50
2013.10.29 14:51:59.847,8.7789,8.78044,1.50,2.10
2013.10.29 14:52:00.089,8.77864,8.78021,1.50,1.35
2013.10.29 14:52:00.158,8.77838,8.78012,2.25,1.50
2013.10.29 14:52:00.460,8.77838,8.77998,1.50,1.50
2013.10.29 14:52:01.347,8.77838,8.77907,1.50,1.50
2013.10.29 14:52:01.586,8.77728,8.77855,1.50,1.35
2013.10.29 14:52:01.646,8.77738,8.77875,2.25,1.50
2013.10.29 14:52:01.767,8.77738,8.77875,2.25,1.50
2013.10.29 14:52:02.113,8.77738,8.77875,2.25,1.50
2013.10.29 14:52:02.180,8.77745,8.77939,1.50,1.35
2013.10.29 14:52:02.537,8.77765,8.77939,1.50,1.35
2013.10.29 14:52:02.898,8.77771,8.77931,1.50,1.50
2013.10.29 14:52:03.017,8.77771,8.7794,1.50,1.50
2013.10.29 14:52:04.006,8.7779,8.77946,1.50,1.50
2013.10.29 14:52:05.426,8.7779,8.77946,2.25,1.50
2013.10.29 14:52:05.667,8.77796,8.77972,1.50,1.50
2013.10.29 14:52:06.657,8.77778,8.77952,3.00,1.88
2013.10.29 14:52:06.896,8.77729,8.77905,1.50,1.35
2013.10.29 14:52:06.956,8.77729,8.77901,1.50,1.35
2013.10.29 14:52:08.478,8.77727,8.77889,1.50,1.50
2013.10.29 14:52:12.026,8.77727,8.77895,1.50,1.50
2013.10.29 14:52:12.146,8.77741,8.77895,1.50,1.50
2013.10.29 14:52:12.266,8.77741,8.77901,1.50,1.35
2013.10.29 14:52:13.044,8.7775,8.77901,1.50,1.35
2013.10.29 14:52:13.107,8.7775,8.77906,1.50,1.35
2013.10.29 14:52:13.227,8.7775,8.77925,1.50,1.50
2013.10.29 14:52:13.778,8.77751,8.7792,1.50,1.50
2013.10.29 14:52:14.387,8.77766,8.77925,1.50,2.25
2013.10.29 14:52:14.711,8.77766,8.77933,1.50,1.50
2013.10.29 14:52:16.617,8.77766,8.77926,1.50,1.50
2013.10.29 14:52:16.917,8.77766,8.77932,1.50,1.50
2013.10.29 14:52:19.306,8.77756,8.7792,1.50,1.50
2013.10.29 14:52:21.607,8.77749,8.77923,1.35,2.25
2013.10.29 14:52:21.667,8.77787,8.77923,1.88,2.25
2013.10.29 14:52:21.847,8.77821,8.77978,1.50,1.50
2013.10.29 14:52:21.907,8.77818,8.77992,1.13,1.50
2013.10.29 14:52:22.027,8.77818,8.77994,1.13,1.50
2013.10.29 14:52:22.152,8.77818,8.77992,1.13,1.50
2013.10.29 14:52:22.516,8.77808,8.78,1.50,1.35
2013.10.29 14:52:22.637,8.77808,8.77983,1.50,1.50
2013.10.29 14:52:22.977,8.77797,8.7797,1.50,1.50
2013.10.29 14:52:23.227,8.77796,8.77982,2.25,1.50
2013.10.29 14:52:23.407,8.77858,8.78005,1.50,1.50
2013.10.29 14:52:23.830,8.7787,8.78041,1.50,1.50
2013.10.29 14:52:24.137,8.7787,8.78041,1.50,1.50
2013.10.29 14:52:24.378,8.77877,8.78041,1.13,1.50
2013.10.29 14:52:25.367,8.7787,8.78041,1.50,1.50
2013.10.29 14:52:25.547,8.77877,8.78041,1.13,1.50
2013.10.29 14:52:25.688,8.77885,8.78041,1.50,1.50
2013.10.29 14:52:26.667,8.77868,8.78032,1.13,1.35
2013.10.29 14:52:26.846,8.77845,8.78031,2.25,1.35
2013.10.29 14:52:26.907,8.77837,8.78019,1.50,1.35
2013.10.29 14:52:27.147,8.77845,8.78019,1.50,1.35
2013.10.29 14:52:27.490,8.77838,8.78012,2.25,1.50
2013.10.29 14:52:28.586,8.77899,8.78012,1.50,1.50
2013.10.29 14:52:28.706,8.77908,8.78019,1.13,1.35
2013.10.29 14:52:28.826,8.77908,8.78062,1.13,1.50
2013.10.29 14:52:28.886,8.77924,8.78082,1.50,1.50
2013.10.29 14:52:29.187,8.77924,8.78098,1.50,1.50
2013.10.29 14:52:29.617,8.77924,8.78103,1.50,1.50
2013.10.29 14:52:30.239,8.7793,8.78104,1.50,1.50
2013.10.29 14:52:30.552,8.77908,8.78064,1.50,1.50
2013.10.29 14:52:30.619,8.77903,8.78051,1.50,1.50
2013.10.29 14:52:30.677,8.77888,8.78051,1.50,1.50
2013.10.29 14:52:32.477,8.77888,8.78012,1.50,1.50
2013.10.29 14:52:32.538,8.77875,8.78012,1.50,1.50
2013.10.29 14:52:32.597,8.77855,8.78012,1.50,2.25
2013.10.29 14:52:32.657,8.77845,8.78012,1.88,2.25
2013.10.29 14:52:32.777,8.77845,8.78012,1.88,2.25
2013.10.29 14:52:33.078,8.7782,8.77964,1.50,2.10
2013.10.29 14:52:33.137,8.778,8.77957,1.50,1.35
2013.10.29 14:52:33.888,8.77769,8.7795,1.50,1.35
2013.10.29 14:52:34.176,8.77769,8.7795,1.50,1.35
2013.10.29 14:52:35.090,8.77763,8.77926,1.50,1.50
2013.10.29 14:52:54.337,8.77763,8.77931,1.50,1.50
2013.10.29 14:52:55.580,8.77774,8.7795,1.50,2.10
2013.10.29 14:52:55.698,8.77788,8.7795,1.50,2.10
2013.10.29 14:52:57.566,8.77784,8.77944,1.50,1.50
2013.10.29 14:53:18.037,8.77779,8.77944,1.50,1.50
2013.10.29 14:53:20.707,8.77777,8.77944,1.50,1.50
2013.10.29 14:53:20.766,8.77774,8.77938,1.50,1.50
2013.10.29 14:53:20.888,8.77757,8.77933,1.50,2.25
2013.10.29 14:53:20.947,8.77758,8.77928,1.50,1.50
2013.10.29 14:53:21.247,8.77758,8.77916,1.50,1.50
2013.10.29 14:53:27.997,8.77759,8.77933,1.50,2.25
2013.10.29 14:53:28.058,8.77779,8.77933,1.50,2.25
2013.10.29 14:53:28.236,8.77784,8.77942,1.50,1.50
2013.10.29 14:53:30.272,8.77784,8.77943,1.50,1.50
2013.10.29 14:53:41.137,8.77796,8.7795,1.50,1.50
2013.10.29 14:53:41.497,8.77762,8.77918,1.50,1.50
2013.10.29 14:53:43.377,8.77775,8.77932,1.50,2.25
2013.10.29 14:53:43.437,8.77775,8.77938,1.13,1.50
2013.10.29 14:53:43.556,8.77778,8.77951,1.13,1.35
2013.10.29 14:53:43.617,8.77796,8.77967,1.50,2.85
2013.10.29 14:53:43.936,8.77805,8.77967,1.50,2.10
2013.10.29 14:53:46.176,8.77805,8.77932,1.50,1.50
2013.10.29 14:53:46.367,8.77777,8.77932,1.50,1.50
2013.10.29 14:53:46.486,8.77768,8.77932,1.50,2.25
2013.10.29 14:53:47.248,8.77768,8.77922,1.50,1.50
2013.10.29 14:53:48.561,8.77768,8.77922,1.50,1.50
2013.10.29 14:54:02.837,8.77759,8.77916,1.50,1.50
2013.10.29 14:54:02.898,8.77741,8.77867,1.50,2.10
2013.10.29 14:54:02.957,8.77728,8.77867,1.50,2.10
2013.10.29 14:54:04.591,8.77709,8.77851,1.50,1.35
2013.10.29 14:54:05.360,8.77709,8.77858,1.50,1.35
2013.10.29 14:54:13.061,8.77702,8.77851,1.50,1.35
2013.10.29 14:54:13.826,8.77702,8.77858,1.50,1.50
2013.10.29 14:54:13.887,8.77702,8.77862,1.50,3.00
2013.10.29 14:54:14.130,8.77722,8.77878,1.50,1.50
2013.10.29 14:54:14.197,8.77728,8.77884,1.50,1.50
2013.10.29 14:54:14.627,8.77728,8.77893,1.50,1.50
2013.10.29 14:54:14.686,8.77728,8.77897,1.13,1.50
2013.10.29 14:54:14.926,8.77735,8.77909,1.50,1.50
2013.10.29 14:54:15.452,8.77755,8.77909,1.50,1.50
2013.10.29 14:54:16.025,8.77755,8.77909,1.50,1.50
2013.10.29 14:54:16.627,8.77755,8.77909,1.50,1.50
2013.10.29 14:54:23.197,8.77759,8.77913,1.50,1.50
2013.10.29 14:54:42.129,8.77756,8.7791,1.50,1.50
2013.10.29 14:54:42.348,8.77759,8.77913,1.50,1.50
2013.10.29 14:54:42.408,8.77751,8.77907,1.50,1.50
2013.10.29 14:54:42.647,8.77759,8.77913,1.50,1.50
2013.10.29 14:54:42.768,8.77753,8.77907,1.50,1.50
2013.10.29 14:54:43.066,8.77759,8.77913,1.50,1.50
2013.10.29 14:54:43.250,8.77748,8.77904,1.50,1.50
2013.10.29 14:54:58.737,8.77752,8.77908,1.50,1.50
2013.10.29 14:55:16.595,8.77753,8.77926,1.50,1.35
2013.10.29 14:55:16.866,8.77742,8.77917,1.50,1.50
2013.10.29 14:55:17.216,8.77749,8.77925,1.50,1.50
2013.10.29 14:55:18.006,8.77742,8.77916,1.50,1.50
2013.10.29 14:55:18.287,8.77747,8.77916,1.50,1.50
2013.10.29 14:55:18.346,8.77742,8.77916,1.50,1.50
2013.10.29 14:55:18.526,8.77748,8.77924,1.50,1.50
2013.10.29 14:55:19.488,8.77755,8.77926,1.50,1.35
2013.10.29 14:55:19.666,8.77743,8.77918,1.50,1.50
2013.10.29 14:55:29.287,8.77749,8.77918,1.50,1.50
2013.10.29 14:55:44.576,8.77744,8.77919,1.50,1.50
2013.10.29 14:55:57.225,8.77752,8.77919,1.50,1.50
2013.10.29 14:55:57.736,8.77742,8.77918,1.50,1.50
2013.10.29 14:55:58.731,8.77728,8.77918,1.13,1.50
2013.10.29 14:56:07.519,8.77731,8.77926,1.50,1.35
2013.10.29 14:56:08.776,8.77728,8.77921,1.13,1.50
2013.10.29 14:56:16.205,8.77728,8.77921,1.13,1.50
2013.10.29 14:56:16.655,8.77732,8.77926,1.50,2.10
2013.10.29 14:56:26.637,8.77728,8.77883,1.13,1.50
2013.10.29 14:56:26.939,8.77698,8.77842,1.50,1.50
2013.10.29 14:56:26.997,8.77675,8.77842,1.50,2.25
2013.10.29 14:56:27.177,8.77673,8.77834,2.78,1.50
2013.10.29 14:56:28.117,8.77669,8.77834,1.58,1.50
2013.10.29 14:56:28.596,8.77671,8.77834,1.50,1.50
2013.10.29 14:56:30.237,8.77671,8.77832,1.50,2.25
2013.10.29 14:56:31.288,8.77672,8.77829,2.78,1.50
2013.10.29 14:56:31.667,8.7767,8.77829,2.63,1.50
2013.10.29 14:56:34.651,8.7767,8.77822,2.63,1.50
2013.10.29 14:56:34.785,8.77664,8.77822,2.63,1.50
2013.10.29 14:56:36.087,8.77664,8.77829,2.63,1.50
2013.10.29 14:56:37.438,8.77634,8.77826,1.50,1.50
2013.10.29 14:56:37.618,8.77634,8.77821,1.50,1.50
2013.10.29 14:56:37.797,8.77667,8.77842,1.50,3.00
2013.10.29 14:56:37.917,8.77639,8.77826,1.50,1.50
2013.10.29 14:56:38.948,8.77653,8.77829,1.50,1.50
2013.10.29 14:56:39.617,8.77653,8.77826,1.50,1.50
2013.10.29 14:56:39.797,8.77633,8.77822,1.50,1.50
2013.10.29 14:56:39.857,8.77633,8.77822,1.50,1.50
2013.10.29 14:56:41.038,8.77633,8.77772,1.50,1.50
2013.10.29 14:56:41.097,8.77633,8.77772,1.50,1.50
2013.10.29 14:56:41.217,8.77607,8.77772,1.35,1.50
2013.10.29 14:56:41.378,8.77623,8.77772,2.25,1.50
2013.10.29 14:56:43.331,8.77633,8.77772,1.50,1.50
2013.10.29 14:56:43.587,8.77614,8.77772,1.50,1.50
2013.10.29 14:56:44.006,8.77614,8.77772,1.50,1.50
2013.10.29 14:56:44.187,8.77608,8.77772,1.50,2.25
2013.10.29 14:56:45.188,8.77604,8.77772,1.50,1.50
2013.10.29 14:56:48.908,8.77597,8.77772,1.13,2.25
2013.10.29 14:56:51.157,8.77604,8.77772,1.50,2.25
2013.10.29 14:56:56.897,8.77611,8.77772,1.50,2.25
2013.10.29 14:56:58.067,8.77594,8.7777,1.50,1.50
2013.10.29 14:56:58.128,8.7759,8.77759,1.50,1.50
2013.10.29 14:56:58.248,8.77605,8.77772,1.50,2.25
2013.10.29 14:57:00.197,8.77611,8.77772,1.50,2.25
2013.10.29 14:57:05.658,8.77705,8.77772,3.41,2.25
2013.10.29 14:57:05.778,8.77747,8.77843,1.13,2.78
2013.10.29 14:57:05.898,8.77756,8.77833,1.50,1.50
2013.10.29 14:57:06.078,8.77688,8.77813,1.50,1.50
2013.10.29 14:57:06.197,8.7763,8.77813,1.50,2.25
2013.10.29 14:57:06.327,8.77661,8.77813,1.88,2.25
2013.10.29 14:57:06.538,8.7763,8.77813,1.50,2.25
2013.10.29 14:57:08.939,8.7763,8.77813,1.50,2.25
2013.10.29 14:57:22.317,8.77613,8.77807,1.50,1.50
2013.10.29 14:57:22.837,8.7761,8.77776,1.50,1.50
2013.10.29 14:57:26.437,8.7761,8.77782,1.50,1.50
2013.10.29 14:57:42.317,8.7761,8.77712,1.50,2.78
2013.10.29 14:57:42.619,8.77574,8.77652,2.25,1.50
2013.10.29 14:57:42.797,8.77564,8.77652,2.63,1.50
2013.10.29 14:57:42.919,8.77504,8.77652,1.50,1.50
2013.10.29 14:57:42.978,8.77495,8.77652,1.50,2.25
2013.10.29 14:57:43.037,8.77505,8.77652,1.50,1.50
2013.10.29 14:57:43.097,8.77505,8.77652,1.50,1.50
2013.10.29 14:57:43.397,8.77509,8.77652,1.50,1.50
2013.10.29 14:57:43.757,8.77522,8.77679,1.50,1.50
2013.10.29 14:57:44.981,8.77526,8.77679,1.50,1.50
2013.10.29 14:57:45.107,8.77526,8.77685,1.50,1.50
2013.10.29 14:57:45.348,8.77559,8.77685,2.25,1.50
2013.10.29 14:57:46.018,8.77568,8.7772,1.50,1.50
2013.10.29 14:57:46.145,8.77569,8.77744,1.50,1.50
2013.10.29 14:57:46.280,8.77577,8.77771,1.50,1.50
2013.10.29 14:57:46.628,8.77597,8.77769,1.50,1.50
2013.10.29 14:57:47.308,8.77603,8.77769,1.50,1.50
2013.10.29 14:57:48.348,8.77613,8.77763,1.50,1.50
2013.10.29 14:57:48.587,8.77625,8.77771,1.13,1.50
2013.10.29 14:57:48.648,8.77628,8.77791,1.13,1.50
2013.10.29 14:57:49.038,8.77628,8.77798,1.13,1.50
2013.10.29 14:57:49.647,8.77628,8.77798,1.13,1.50
2013.10.29 14:57:49.948,8.77644,8.77798,1.50,1.50
2013.10.29 14:57:51.628,8.77644,8.77798,1.50,1.50
2013.10.29 14:58:03.898,8.77644,8.77802,1.50,1.50
2013.10.29 14:58:04.017,8.77628,8.77773,1.13,1.50
2013.10.29 14:58:04.137,8.776,8.77773,2.25,1.50
2013.10.29 14:58:04.197,8.77595,8.77773,1.50,2.25
2013.10.29 14:58:24.369,8.77611,8.77769,1.50,1.50
2013.10.29 14:58:38.388,8.77615,8.77773,1.50,1.50
2013.10.29 14:58:47.168,8.77611,8.77785,1.50,1.50
2013.10.29 14:58:47.288,8.77611,8.77775,1.50,1.50
2013.10.29 14:58:47.347,8.77611,8.77775,1.50,1.50
2013.10.29 14:58:48.857,8.77595,8.7777,1.50,1.50
2013.10.29 14:58:50.567,8.77665,8.7777,2.10,1.50
2013.10.29 14:58:50.687,8.77697,8.77789,2.10,1.50
2013.10.29 14:58:50.810,8.77701,8.77807,1.50,2.55
2013.10.29 14:58:50.928,8.77698,8.77859,4.50,1.50
2013.10.29 14:58:50.987,8.7771,8.77884,1.50,1.50
2013.10.29 14:58:51.167,8.77718,8.77856,1.50,1.95
2013.10.29 14:58:51.418,8.77654,8.77822,1.50,1.13
2013.10.29 14:58:51.478,8.77639,8.77813,1.50,1.50
2013.10.29 14:58:52.628,8.7763,8.77806,1.50,1.50
2013.10.29 14:59:05.853,8.7763,8.77806,1.50,1.50
2013.10.29 14:59:13.186,8.77641,8.77815,1.50,1.50
2013.10.29 14:59:33.318,8.77641,8.77818,1.50,1.50
2013.10.29 14:59:35.667,8.77628,8.77803,1.50,1.50
2013.10.29 14:59:36.616,8.77628,8.77802,1.50,1.50
2013.10.29 14:59:36.796,8.77622,8.77797,1.50,1.50
2013.10.29 14:59:37.976,8.77608,8.77782,1.50,1.50
2013.10.29 14:59:44.975,8.77624,8.77782,1.50,1.50
2013.10.29 14:59:45.156,8.77624,8.77792,1.50,1.50
2013.10.29 14:59:46.126,8.77624,8.77801,1.50,1.50
2013.10.29 14:59:59.008,8.77645,8.77813,1.50,1.50
2013.10.29 14:59:59.245,8.77653,8.77821,1.50,1.50
