2016.08.15 21:00:00.096,9.45486,9.46164,0.75,0.75
2016.08.15 21:00:00.445,9.45466,9.45854,0.75,0.75
2016.08.15 21:00:00.875,9.45246,9.45854,0.75,0.75
2016.08.15 21:00:00.925,9.45166,9.45844,0.75,0.75
2016.08.15 21:00:01.894,9.45166,9.45824,0.75,0.75
2016.08.15 21:00:02.945,9.45166,9.45804,0.75,0.75
2016.08.15 21:00:03.940,9.45166,9.45795,0.75,0.75
2016.08.15 21:00:04.931,9.45166,9.45785,0.75,0.75
2016.08.15 21:00:06.717,9.45166,9.45784,0.75,0.75
2016.08.15 21:00:07.917,9.45166,9.45774,0.75,0.75
2016.08.15 21:00:09.087,9.45226,9.45774,0.75,0.75
2016.08.15 21:00:09.147,9.45246,9.45824,0.75,0.75
2016.08.15 21:00:17.115,9.45246,9.45834,0.75,0.75
2016.08.15 21:00:18.116,9.45246,9.45824,0.75,0.75
2016.08.15 21:00:20.057,9.45226,9.46134,0.75,0.75
2016.08.15 21:01:09.242,9.45116,9.46134,0.75,0.75
2016.08.15 21:01:11.736,9.45226,9.46134,0.75,0.75
2016.08.15 21:01:29.105,9.45466,9.46134,0.75,0.75
2016.08.15 21:02:09.144,9.45465,9.46135,0.75,0.75
2016.08.15 21:03:01.878,9.45466,9.46134,0.75,0.75
2016.08.15 21:04:02.559,9.45466,9.46134,1.00,1.00
2016.08.15 21:06:29.121,9.45176,9.46424,1.00,1.00
2016.08.15 21:06:29.782,9.45175,9.46425,1.00,1.00
2016.08.15 21:06:42.859,9.45466,9.46134,1.00,1.00
2016.08.15 21:09:22.789,9.45465,9.46135,1.00,1.00
2016.08.15 21:10:01.864,9.45466,9.46134,1.00,1.00
2016.08.15 21:10:42.859,9.45465,9.46135,1.00,1.00
2016.08.15 21:11:22.945,9.45466,9.46134,1.00,1.00
2016.08.15 21:13:01.870,9.45322,9.46414,1.00,1.00
2016.08.15 21:13:01.959,9.45466,9.46134,1.00,1.00
2016.08.15 21:16:07.621,9.45465,9.46135,1.00,1.00
2016.08.15 21:16:47.843,9.45466,9.46134,1.00,1.00
2016.08.15 21:20:07.629,9.45465,9.46135,1.00,1.00
2016.08.15 21:20:47.662,9.45466,9.46134,1.00,1.00
2016.08.15 21:23:28.034,9.45465,9.46135,1.00,1.00
2016.08.15 21:24:08.065,9.45466,9.46134,1.00,1.00
2016.08.15 21:25:25.071,9.45546,9.46414,1.00,1.00
2016.08.15 21:25:25.122,9.45546,9.46424,1.00,1.00
2016.08.15 21:25:25.173,9.45546,9.46324,1.00,1.00
2016.08.15 21:25:29.170,9.45546,9.46334,1.00,1.00
2016.08.15 21:25:30.269,9.45546,9.46324,1.00,1.00
2016.08.15 21:28:50.059,9.45556,9.46375,1.00,1.00
2016.08.15 21:32:24.615,9.45566,9.46474,1.00,1.00
2016.08.15 21:32:36.312,9.45536,9.46474,1.00,1.00
2016.08.15 21:32:37.347,9.45536,9.46394,1.00,1.00
2016.08.15 21:32:38.350,9.45536,9.46344,1.00,1.00
2016.08.15 21:32:39.401,9.45536,9.46324,1.00,1.00
2016.08.15 21:32:40.396,9.45536,9.46304,1.00,1.00
2016.08.15 21:32:41.368,9.45536,9.46294,1.00,1.00
2016.08.15 21:32:42.372,9.45536,9.46284,1.00,1.00
2016.08.15 21:32:45.377,9.45536,9.46274,1.00,1.00
2016.08.15 21:32:49.610,9.45546,9.46324,1.00,1.00
2016.08.15 21:32:50.325,9.45566,9.46324,1.00,1.00
2016.08.15 21:32:50.377,9.45566,9.46474,1.00,1.00
2016.08.15 21:32:55.813,9.45536,9.46474,1.00,1.00
2016.08.15 21:32:56.881,9.45536,9.46394,1.00,1.00
2016.08.15 21:32:57.918,9.45536,9.46344,1.00,1.00
2016.08.15 21:32:58.907,9.45536,9.46324,1.00,1.00
2016.08.15 21:33:00.308,9.45536,9.46304,1.00,1.00
2016.08.15 21:33:00.890,9.45536,9.46294,1.00,1.00
2016.08.15 21:33:01.891,9.45536,9.46284,1.00,1.00
2016.08.15 21:33:04.930,9.45536,9.46274,1.00,1.00
2016.08.15 21:33:21.623,9.45556,9.46374,1.00,1.00
2016.08.15 21:33:22.623,9.45566,9.46475,1.00,1.00
2016.08.15 21:33:23.632,9.45566,9.46474,1.00,1.00
2016.08.15 21:33:32.833,9.45566,9.46454,1.00,1.00
2016.08.15 21:33:33.020,9.45536,9.46454,1.00,1.00
2016.08.15 21:33:33.858,9.45536,9.46394,1.00,1.00
2016.08.15 21:33:34.883,9.45536,9.46344,1.00,1.00
2016.08.15 21:33:35.861,9.45536,9.46324,1.00,1.00
2016.08.15 21:33:36.850,9.45536,9.46304,1.00,1.00
2016.08.15 21:33:37.906,9.45536,9.46294,1.00,1.00
2016.08.15 21:33:38.843,9.45536,9.46284,1.00,1.00
2016.08.15 21:33:41.856,9.45536,9.46274,1.00,1.00
2016.08.15 21:34:00.341,9.45556,9.46274,1.00,1.00
2016.08.15 21:34:00.392,9.45556,9.46374,1.00,1.00
2016.08.15 21:34:01.342,9.45566,9.46374,1.00,1.00
2016.08.15 21:34:01.392,9.45566,9.46424,1.00,1.00
2016.08.15 21:34:03.520,9.45566,9.46474,1.00,1.00
2016.08.15 21:34:04.171,9.45565,9.46474,1.00,1.00
2016.08.15 21:34:09.862,9.45546,9.46474,1.00,1.00
2016.08.15 21:34:10.567,9.45546,9.46475,1.00,1.00
2016.08.15 21:34:10.891,9.45546,9.46414,1.00,1.00
2016.08.15 21:34:11.223,9.45556,9.46404,1.00,1.00
2016.08.15 21:34:11.912,9.45556,9.46394,1.00,1.00
2016.08.15 21:34:12.122,9.45566,9.46474,1.00,1.00
2016.08.15 21:34:20.933,9.45566,9.46475,1.00,1.00
2016.08.15 21:34:23.600,9.45566,9.46454,1.00,1.00
2016.08.15 21:34:24.142,9.45536,9.46455,1.00,1.00
2016.08.15 21:34:24.601,9.45536,9.46394,1.00,1.00
2016.08.15 21:34:25.621,9.45536,9.46344,1.00,1.00
2016.08.15 21:34:26.760,9.45536,9.46324,1.00,1.00
2016.08.15 21:34:27.068,9.45556,9.46324,1.00,1.00
2016.08.15 21:34:27.119,9.45556,9.46374,1.00,1.00
2016.08.15 21:34:28.069,9.45566,9.46374,1.00,1.00
2016.08.15 21:34:28.120,9.45566,9.46474,1.00,1.00
2016.08.15 21:34:31.811,9.45536,9.46474,1.00,1.00
2016.08.15 21:34:31.913,9.45536,9.46454,1.00,1.00
2016.08.15 21:34:32.913,9.45536,9.46384,1.00,1.00
2016.08.15 21:34:33.914,9.45536,9.46344,1.00,1.00
2016.08.15 21:34:34.915,9.45536,9.46314,1.00,1.00
2016.08.15 21:34:35.928,9.45536,9.46304,1.00,1.00
2016.08.15 21:34:36.918,9.45536,9.46294,1.00,1.00
2016.08.15 21:34:37.920,9.45536,9.46284,1.00,1.00
2016.08.15 21:34:40.924,9.45536,9.46274,1.00,1.00
2016.08.15 21:34:51.121,9.45546,9.46274,1.00,1.00
2016.08.15 21:34:51.172,9.45546,9.46324,1.00,1.00
2016.08.15 21:34:52.121,9.45565,9.46324,1.00,1.00
2016.08.15 21:34:52.172,9.45565,9.46474,1.00,1.00
2016.08.15 21:34:54.189,9.45565,9.46475,1.00,1.00
2016.08.15 21:35:00.860,9.45565,9.46474,1.00,1.00
2016.08.15 21:35:01.821,9.45536,9.46474,1.00,1.00
2016.08.15 21:35:01.876,9.45536,9.46454,1.00,1.00
2016.08.15 21:35:02.876,9.45536,9.46384,1.00,1.00
2016.08.15 21:35:03.824,9.45546,9.46384,1.00,1.00
2016.08.15 21:35:04.128,9.45546,9.46344,1.00,1.00
2016.08.15 21:35:04.430,9.45546,9.46334,1.00,1.00
2016.08.15 21:35:04.824,9.45566,9.46334,1.00,1.00
2016.08.15 21:35:04.875,9.45566,9.46424,1.00,1.00
2016.08.15 21:35:06.716,9.45566,9.46474,1.00,1.00
2016.08.15 21:35:21.822,9.45546,9.46474,1.00,1.00
2016.08.15 21:35:22.892,9.45546,9.46414,1.00,1.00
2016.08.15 21:35:23.289,9.45566,9.46424,1.00,1.00
2016.08.15 21:35:24.415,9.45566,9.46474,1.00,1.00
2016.08.15 21:35:37.331,9.45536,9.46474,1.00,1.00
2016.08.15 21:35:38.324,9.45555,9.46474,1.00,1.00
2016.08.15 21:35:38.644,9.45555,9.46394,1.00,1.00
2016.08.15 21:35:39.324,9.45566,9.46394,1.00,1.00
2016.08.15 21:35:39.432,9.45566,9.46474,1.00,1.00
2016.08.15 21:36:15.896,9.45546,9.46475,1.00,1.00
2016.08.15 21:36:16.874,9.45555,9.46414,1.00,1.00
2016.08.15 21:36:17.397,9.45555,9.46404,1.00,1.00
2016.08.15 21:36:17.888,9.45566,9.46474,1.00,1.00
2016.08.15 21:36:34.938,9.45566,9.46454,1.00,1.00
2016.08.15 21:36:35.073,9.45536,9.46454,1.00,1.00
2016.08.15 21:36:36.596,9.45536,9.46384,1.00,1.00
2016.08.15 21:36:37.100,9.45536,9.46344,1.00,1.00
2016.08.15 21:36:38.101,9.45536,9.46314,1.00,1.00
2016.08.15 21:36:39.104,9.45536,9.46294,1.00,1.00
2016.08.15 21:36:40.073,9.45566,9.46294,1.00,1.00
2016.08.15 21:36:40.124,9.45566,9.46474,1.00,1.00
2016.08.15 21:36:40.276,9.45546,9.46474,1.00,1.00
2016.08.15 21:36:40.784,9.45546,9.46475,1.00,1.00
2016.08.15 21:36:41.106,9.45546,9.46424,1.00,1.00
2016.08.15 21:36:41.423,9.45566,9.46475,1.00,1.00
2016.08.15 21:36:51.822,9.45536,9.46475,1.00,1.00
2016.08.15 21:36:51.924,9.45536,9.46454,1.00,1.00
2016.08.15 21:36:52.828,9.45556,9.46454,1.00,1.00
2016.08.15 21:36:53.148,9.45556,9.46384,1.00,1.00
2016.08.15 21:36:53.784,9.45566,9.46384,1.00,1.00
2016.08.15 21:36:54.033,9.45566,9.46475,1.00,1.00
2016.08.15 21:37:00.272,9.45566,9.46474,1.00,1.00
2016.08.15 21:37:17.327,9.45545,9.46474,1.00,1.00
2016.08.15 21:37:18.357,9.45545,9.46414,1.00,1.00
2016.08.15 21:37:19.400,9.45545,9.46384,1.00,1.00
2016.08.15 21:37:20.395,9.45545,9.46354,1.00,1.00
2016.08.15 21:37:21.357,9.45545,9.46344,1.00,1.00
2016.08.15 21:37:22.358,9.45545,9.46334,1.00,1.00
2016.08.15 21:37:25.362,9.45545,9.46324,1.00,1.00
2016.08.15 21:37:58.369,9.45556,9.46324,1.00,1.00
2016.08.15 21:37:58.420,9.45556,9.46375,1.00,1.00
2016.08.15 21:37:59.376,9.45566,9.46375,1.00,1.00
2016.08.15 21:37:59.427,9.45566,9.46474,1.00,1.00
2016.08.15 21:38:37.580,9.45565,9.46474,1.00,1.00
2016.08.15 21:38:38.856,9.45536,9.46474,1.00,1.00
2016.08.15 21:38:38.907,9.45536,9.46454,1.00,1.00
2016.08.15 21:38:39.846,9.45536,9.46384,1.00,1.00
2016.08.15 21:38:40.847,9.45536,9.46344,1.00,1.00
2016.08.15 21:38:41.904,9.45536,9.46314,1.00,1.00
2016.08.15 21:38:42.849,9.45536,9.46294,1.00,1.00
2016.08.15 21:38:44.852,9.45536,9.46284,1.00,1.00
2016.08.15 21:38:46.855,9.45536,9.46274,1.00,1.00
2016.08.15 21:39:17.092,9.45536,9.46374,1.00,1.00
2016.08.15 21:39:17.142,9.45556,9.46374,1.00,1.00
2016.08.15 21:39:18.123,9.45566,9.46475,1.00,1.00
2016.08.15 21:39:38.964,9.45566,9.46474,1.00,1.00
2016.08.15 21:39:39.818,9.45546,9.46474,1.00,1.00
2016.08.15 21:39:40.919,9.45546,9.46414,1.00,1.00
2016.08.15 21:39:41.230,9.45546,9.46404,1.00,1.00
2016.08.15 21:39:42.235,9.45546,9.46374,1.00,1.00
2016.08.15 21:39:43.122,9.45546,9.46355,1.00,1.00
2016.08.15 21:39:44.124,9.45546,9.46344,1.00,1.00
2016.08.15 21:39:44.845,9.45566,9.46344,1.00,1.00
2016.08.15 21:39:44.947,9.45566,9.46425,1.00,1.00
2016.08.15 21:39:45.930,9.45566,9.46474,1.00,1.00
2016.08.15 21:40:15.570,9.45546,9.46474,1.00,1.00
2016.08.15 21:40:16.717,9.45546,9.46414,1.00,1.00
2016.08.15 21:40:17.070,9.45566,9.46414,1.00,1.00
2016.08.15 21:40:17.222,9.45566,9.46424,1.00,1.00
2016.08.15 21:40:18.222,9.45566,9.46474,1.00,1.00
2016.08.15 21:41:23.678,9.45546,9.46474,1.00,1.00
2016.08.15 21:41:24.669,9.45546,9.46414,1.00,1.00
2016.08.15 21:41:25.666,9.45546,9.46384,1.00,1.00
2016.08.15 21:41:26.667,9.45546,9.46354,1.00,1.00
2016.08.15 21:41:26.879,9.45556,9.46374,1.00,1.00
2016.08.15 21:41:27.821,9.45566,9.46374,1.00,1.00
2016.08.15 21:41:27.872,9.45566,9.46474,1.00,1.00
2016.08.15 21:42:36.265,9.45546,9.46474,1.00,1.00
2016.08.15 21:42:36.674,9.45546,9.46424,1.00,1.00
2016.08.15 21:42:37.645,9.45546,9.46384,1.00,1.00
2016.08.15 21:42:37.879,9.45566,9.46474,1.00,1.00
2016.08.15 21:42:38.083,9.45556,9.46474,1.00,1.00
2016.08.15 21:42:38.355,9.45556,9.46464,1.00,1.00
2016.08.15 21:42:39.275,9.45565,9.46474,1.00,1.00
2016.08.15 21:43:19.089,9.45566,9.46474,1.00,1.00
2016.08.15 21:43:43.323,9.45546,9.46474,1.00,1.00
2016.08.15 21:43:44.426,9.45546,9.46414,1.00,1.00
2016.08.15 21:43:45.480,9.45546,9.46384,1.00,1.00
2016.08.15 21:43:46.475,9.45546,9.46354,1.00,1.00
2016.08.15 21:43:46.811,9.45556,9.46354,1.00,1.00
2016.08.15 21:43:46.862,9.45556,9.46374,1.00,1.00
2016.08.15 21:43:47.850,9.45565,9.46374,1.00,1.00
2016.08.15 21:43:47.901,9.45565,9.46474,1.00,1.00
2016.08.15 21:44:14.431,9.45566,9.46474,1.00,1.00
2016.08.15 21:44:15.462,9.45565,9.46474,1.00,1.00
2016.08.15 21:44:22.388,9.45565,9.46475,1.00,1.00
2016.08.15 21:44:23.602,9.45536,9.46474,1.00,1.00
2016.08.15 21:44:24.391,9.45536,9.46394,1.00,1.00
2016.08.15 21:44:25.390,9.45536,9.46344,1.00,1.00
2016.08.15 21:44:26.311,9.45556,9.46374,1.00,1.00
2016.08.15 21:44:27.079,9.45566,9.46374,1.00,1.00
2016.08.15 21:44:27.131,9.45566,9.46474,1.00,1.00
2016.08.15 21:44:33.394,9.45536,9.46474,1.00,1.00
2016.08.15 21:44:33.451,9.45536,9.46454,1.00,1.00
2016.08.15 21:44:34.365,9.45556,9.46454,1.00,1.00
2016.08.15 21:44:34.670,9.45556,9.46384,1.00,1.00
2016.08.15 21:44:35.372,9.45566,9.46384,1.00,1.00
2016.08.15 21:44:35.423,9.45566,9.46474,1.00,1.00
2016.08.15 21:45:00.779,9.45536,9.46474,1.00,1.00
2016.08.15 21:45:01.814,9.45556,9.46474,1.00,1.00
2016.08.15 21:45:02.120,9.45556,9.46394,1.00,1.00
2016.08.15 21:45:02.764,9.45556,9.46395,1.00,1.00
2016.08.15 21:45:02.866,9.45566,9.46474,1.00,1.00
2016.08.15 21:45:06.118,9.45536,9.46474,1.00,1.00
2016.08.15 21:45:07.197,9.45536,9.46394,1.00,1.00
2016.08.15 21:45:08.340,9.45545,9.46344,1.00,1.00
2016.08.15 21:45:09.126,9.45566,9.46344,1.00,1.00
2016.08.15 21:45:09.176,9.45566,9.46474,1.00,1.00
2016.08.15 21:45:12.795,9.45536,9.46474,1.00,1.00
2016.08.15 21:45:12.896,9.45536,9.46454,1.00,1.00
2016.08.15 21:45:13.385,9.45666,9.46404,1.00,1.00
2016.08.15 21:45:13.916,9.45616,9.46354,1.00,1.00
2016.08.15 21:45:14.263,9.45586,9.46304,1.00,1.00
2016.08.15 21:45:14.416,9.45576,9.46314,1.00,1.00
2016.08.15 21:45:14.669,9.45606,9.46344,1.00,1.00
2016.08.15 21:45:15.369,9.45655,9.46424,1.00,1.00
2016.08.15 21:45:15.675,9.45676,9.46424,1.00,1.00
2016.08.15 21:45:15.929,9.45686,9.46474,1.00,1.00
2016.08.15 21:45:16.081,9.45695,9.46474,1.00,1.00
2016.08.15 21:45:16.417,9.45706,9.46474,1.00,1.00
2016.08.15 21:45:16.904,9.45656,9.46474,1.00,1.00
2016.08.15 21:45:17.195,9.45635,9.46455,1.00,1.00
2016.08.15 21:45:17.406,9.45606,9.46454,1.00,1.00
2016.08.15 21:45:18.018,9.45636,9.46474,1.00,1.00
2016.08.15 21:45:18.393,9.45686,9.46475,1.00,1.00
2016.08.15 21:45:18.721,9.45706,9.46474,1.00,1.00
2016.08.15 21:45:19.482,9.45726,9.46474,1.00,1.00
2016.08.15 21:45:20.191,9.45726,9.46475,1.00,1.00
2016.08.15 21:45:20.705,9.45736,9.46475,1.00,1.00
2016.08.15 21:45:21.773,9.45746,9.46475,1.00,1.00
2016.08.15 21:45:22.306,9.45746,9.46474,1.00,1.00
2016.08.15 21:45:22.984,9.45756,9.46474,1.00,1.00
2016.08.15 21:45:29.323,9.45676,9.46474,1.00,1.00
2016.08.15 21:45:29.425,9.45656,9.46454,1.00,1.00
2016.08.15 21:45:29.685,9.45616,9.46414,1.00,1.00
2016.08.15 21:45:29.891,9.45595,9.46395,1.00,1.00
2016.08.15 21:45:30.197,9.45575,9.46375,1.00,1.00
2016.08.15 21:45:31.284,9.45606,9.46374,1.00,1.00
2016.08.15 21:45:31.916,9.45636,9.46344,1.00,1.00
2016.08.15 21:45:32.311,9.45666,9.46344,1.00,1.00
2016.08.15 21:45:32.634,9.45686,9.46344,1.00,1.00
2016.08.15 21:45:32.946,9.45716,9.46344,1.00,1.00
2016.08.15 21:45:33.125,9.45716,9.46424,1.00,1.00
2016.08.15 21:45:33.429,9.45686,9.46425,1.00,1.00
2016.08.15 21:45:33.686,9.45636,9.46414,1.00,1.00
2016.08.15 21:45:33.920,9.45606,9.46404,1.00,1.00
2016.08.15 21:45:34.205,9.45585,9.46385,1.00,1.00
2016.08.15 21:45:35.125,9.45575,9.46405,1.00,1.00
2016.08.15 21:45:35.431,9.45586,9.46454,1.00,1.00
2016.08.15 21:45:35.626,9.45626,9.46474,1.00,1.50
2016.08.15 21:45:35.984,9.45645,9.46474,1.00,1.00
2016.08.15 21:45:36.214,9.45676,9.46474,1.00,1.00
2016.08.15 21:45:36.518,9.45686,9.46474,1.00,1.00
2016.08.15 21:45:36.823,9.45716,9.46474,1.00,1.00
2016.08.15 21:45:38.009,9.45726,9.46474,1.00,1.00
2016.08.15 21:45:40.192,9.45676,9.46474,1.00,1.00
2016.08.15 21:45:40.512,9.45636,9.46475,1.00,1.00
2016.08.15 21:45:41.017,9.45616,9.46464,1.00,1.00
2016.08.15 21:45:41.793,9.45605,9.46455,1.00,1.00
2016.08.15 21:45:42.105,9.45626,9.46475,1.00,1.00
2016.08.15 21:45:42.417,9.45656,9.46474,1.00,1.00
2016.08.15 21:45:42.722,9.45686,9.46474,1.00,1.00
2016.08.15 21:45:43.027,9.45706,9.46474,1.00,1.00
2016.08.15 21:45:43.969,9.45725,9.46474,1.00,1.00
2016.08.15 21:45:45.044,9.45736,9.46474,1.00,1.00
2016.08.15 21:45:47.437,9.45746,9.46474,1.00,1.00
2016.08.15 21:45:48.779,9.45756,9.46474,1.00,1.00
2016.08.15 21:45:49.427,9.45676,9.46474,1.00,1.00
2016.08.15 21:45:49.732,9.45656,9.46464,1.00,1.00
2016.08.15 21:45:50.036,9.45626,9.46434,1.00,1.00
2016.08.15 21:45:50.341,9.45606,9.46414,1.00,1.00
2016.08.15 21:45:50.645,9.45576,9.46374,1.00,1.00
2016.08.15 21:45:51.834,9.45576,9.46354,1.00,1.00
2016.08.15 21:45:52.139,9.45586,9.46354,1.00,1.00
2016.08.15 21:45:52.334,9.45616,9.46384,1.00,1.50
2016.08.15 21:45:52.503,9.45635,9.46384,1.00,1.00
2016.08.15 21:45:52.808,9.45676,9.46385,1.00,1.00
2016.08.15 21:45:53.139,9.45696,9.46374,1.00,1.00
2016.08.15 21:45:53.445,9.45716,9.46374,1.00,1.00
2016.08.15 21:45:54.032,9.45706,9.46474,1.00,1.00
2016.08.15 21:45:54.147,9.45676,9.46474,1.00,1.00
2016.08.15 21:45:54.453,9.45656,9.46474,1.00,1.00
2016.08.15 21:45:54.606,9.45626,9.46444,1.00,1.00
2016.08.15 21:45:54.912,9.45606,9.46414,1.00,1.00
2016.08.15 21:45:55.116,9.45606,9.46444,1.00,1.00
2016.08.15 21:45:55.421,9.45606,9.46464,1.00,1.00
2016.08.15 21:45:55.626,9.45656,9.46475,1.00,1.00
2016.08.15 21:45:55.935,9.45686,9.46474,1.00,1.00
2016.08.15 21:45:56.464,9.45736,9.46474,1.00,1.00
2016.08.15 21:45:56.616,9.45676,9.46474,1.00,1.00
2016.08.15 21:45:56.963,9.45646,9.46474,1.00,1.00
2016.08.15 21:45:57.247,9.45616,9.46464,1.00,1.00
2016.08.15 21:45:57.407,9.45605,9.46465,1.00,1.00
2016.08.15 21:45:57.813,9.45636,9.46474,1.00,1.00
2016.08.15 21:45:58.016,9.45666,9.46475,1.00,1.00
2016.08.15 21:45:58.320,9.45686,9.46475,1.00,1.00
2016.08.15 21:45:58.625,9.45716,9.46474,1.00,1.00
2016.08.15 21:45:59.130,9.45725,9.46474,1.00,1.00
2016.08.15 21:46:00.917,9.45736,9.46474,1.00,1.00
2016.08.15 21:46:03.144,9.45686,9.46474,1.00,1.00
2016.08.15 21:46:03.614,9.45646,9.46474,1.00,1.00
2016.08.15 21:46:03.680,9.45626,9.46474,1.00,1.50
2016.08.15 21:46:04.234,9.45596,9.46454,1.00,1.00
2016.08.15 21:46:04.437,9.45576,9.46434,1.00,1.00
2016.08.15 21:46:05.994,9.45636,9.46474,1.00,1.00
2016.08.15 21:46:06.318,9.45686,9.46474,1.00,1.00
2016.08.15 21:46:06.618,9.45716,9.46475,1.00,1.00
2016.08.15 21:46:07.665,9.45676,9.46474,1.00,1.00
2016.08.15 21:46:07.967,9.45645,9.46445,1.00,1.00
2016.08.15 21:46:08.120,9.45616,9.46414,1.00,1.00
2016.08.15 21:46:09.222,9.45615,9.46375,1.00,1.00
2016.08.15 21:46:10.461,9.45606,9.46364,1.00,1.00
2016.08.15 21:46:10.614,9.45606,9.46344,1.00,1.00
2016.08.15 21:46:11.625,9.45606,9.46324,1.00,1.00
2016.08.15 21:46:12.589,9.45606,9.46304,1.00,1.00
2016.08.15 21:46:13.002,9.45596,9.46304,1.00,1.00
2016.08.15 21:46:13.611,9.45596,9.46294,1.00,1.00
2016.08.15 21:46:13.925,9.45616,9.46344,1.00,1.00
2016.08.15 21:46:14.144,9.45656,9.46374,1.00,1.00
2016.08.15 21:46:14.596,9.45676,9.46374,1.00,1.00
2016.08.15 21:46:14.901,9.45696,9.46434,1.00,1.00
2016.08.15 21:46:14.952,9.45766,9.46474,1.00,1.00
2016.08.15 21:46:15.155,9.45756,9.46474,1.00,1.00
2016.08.15 21:46:15.459,9.45686,9.46474,1.00,1.00
2016.08.15 21:46:15.662,9.45656,9.46474,1.00,1.50
2016.08.15 21:46:15.915,9.45656,9.46474,1.00,1.00
2016.08.15 21:46:17.096,9.45625,9.46455,1.00,1.00
2016.08.15 21:46:17.840,9.45626,9.46444,1.00,1.00
2016.08.15 21:46:19.178,9.45636,9.46464,1.00,1.00
2016.08.15 21:46:19.454,9.45695,9.46474,1.00,1.00
2016.08.15 21:46:20.056,9.45726,9.46474,1.00,1.00
2016.08.15 21:46:20.381,9.45746,9.46474,1.00,1.00
2016.08.15 21:46:21.357,9.45746,9.46475,1.00,1.00
2016.08.15 21:46:21.560,9.45736,9.46474,1.00,1.00
2016.08.15 21:46:21.746,9.45676,9.46474,1.00,1.00
2016.08.15 21:46:22.054,9.45636,9.46474,1.00,1.50
2016.08.15 21:46:22.431,9.45616,9.46454,1.00,1.00
2016.08.15 21:46:22.735,9.45586,9.46434,1.00,1.00
2016.08.15 21:46:23.632,9.45586,9.46424,1.00,1.00
2016.08.15 21:46:25.773,9.45586,9.46434,1.00,1.00
2016.08.15 21:46:25.943,9.45616,9.46454,1.00,1.00
2016.08.15 21:46:26.247,9.45646,9.46474,1.00,1.00
2016.08.15 21:46:26.457,9.45665,9.46474,1.00,1.00
2016.08.15 21:46:26.950,9.45676,9.46474,1.00,1.00
2016.08.15 21:46:27.535,9.45716,9.46474,1.00,1.00
2016.08.15 21:46:28.183,9.45666,9.46474,1.00,1.00
2016.08.15 21:46:28.440,9.45646,9.46444,1.00,1.00
2016.08.15 21:46:28.644,9.45605,9.46455,1.00,1.00
2016.08.15 21:46:28.962,9.45606,9.46444,1.00,1.00
2016.08.15 21:46:29.685,9.45626,9.46474,1.00,1.50
2016.08.15 21:46:29.889,9.45666,9.46474,1.00,1.00
2016.08.15 21:46:30.457,9.45706,9.46474,1.00,1.00
2016.08.15 21:46:31.122,9.45706,9.46475,1.00,1.00
2016.08.15 21:46:31.433,9.45726,9.46474,1.00,1.00
2016.08.15 21:46:32.555,9.45736,9.46474,1.00,1.00
2016.08.15 21:46:34.867,9.45746,9.46474,1.00,1.00
2016.08.15 21:46:36.077,9.45756,9.46474,1.00,1.00
2016.08.15 21:46:40.879,9.45736,9.46474,1.00,1.00
2016.08.15 21:46:41.193,9.45696,9.46474,1.00,1.00
2016.08.15 21:46:41.906,9.45596,9.46424,1.00,1.00
2016.08.15 21:46:42.868,9.45646,9.46424,1.00,1.00
2016.08.15 21:46:43.172,9.45596,9.46364,1.00,1.00
2016.08.15 21:46:44.184,9.45586,9.46354,1.00,1.00
2016.08.15 21:46:45.396,9.45586,9.46324,1.00,1.00
2016.08.15 21:46:45.581,9.45615,9.46355,1.00,1.00
2016.08.15 21:46:45.887,9.45636,9.46374,1.00,1.50
2016.08.15 21:46:46.052,9.45666,9.46374,1.00,1.00
2016.08.15 21:46:46.305,9.45666,9.46334,1.00,1.00
2016.08.15 21:46:46.628,9.45696,9.46324,1.00,1.00
2016.08.15 21:46:46.936,9.45726,9.46324,1.00,1.00
2016.08.15 21:46:47.373,9.45696,9.46404,1.00,1.00
2016.08.15 21:46:47.677,9.45616,9.46384,1.00,1.00
2016.08.15 21:46:47.880,9.45606,9.46374,1.00,1.00
2016.08.15 21:46:48.355,9.45586,9.46384,1.00,1.00
2016.08.15 21:46:48.980,9.45626,9.46464,1.00,1.00
2016.08.15 21:46:49.188,9.45656,9.46474,1.00,1.00
2016.08.15 21:46:49.391,9.45686,9.46474,1.00,1.00
2016.08.15 21:46:49.873,9.45706,9.46474,1.00,1.00
2016.08.15 21:46:50.209,9.45735,9.46474,1.00,1.00
2016.08.15 21:46:51.348,9.45746,9.46474,1.00,1.00
2016.08.15 21:46:52.395,9.45756,9.46474,1.00,1.00
2016.08.15 21:46:54.660,9.45766,9.46474,1.00,1.00
2016.08.15 21:47:03.914,9.45756,9.46474,1.00,1.00
2016.08.15 21:47:04.482,9.45666,9.46474,1.00,1.00
2016.08.15 21:47:04.706,9.45636,9.46464,1.00,1.00
2016.08.15 21:47:04.908,9.45616,9.46444,1.00,1.00
2016.08.15 21:47:05.245,9.45596,9.46414,1.00,1.00
2016.08.15 21:47:06.269,9.45606,9.46424,1.00,1.00
2016.08.15 21:47:06.721,9.45626,9.46444,1.00,1.00
2016.08.15 21:47:07.038,9.45656,9.46464,1.00,1.00
2016.08.15 21:47:07.595,9.45656,9.46455,1.00,1.00
2016.08.15 21:47:07.950,9.45696,9.46454,1.00,1.00
2016.08.15 21:47:08.001,9.45676,9.46444,1.00,1.00
2016.08.15 21:47:08.392,9.45616,9.46384,1.00,1.00
2016.08.15 21:47:08.918,9.45596,9.46344,1.00,1.00
2016.08.15 21:47:09.601,9.45596,9.46344,1.00,1.50
2016.08.15 21:47:09.924,9.45596,9.46344,1.00,1.00
2016.08.15 21:47:10.230,9.45616,9.46364,1.00,1.00
2016.08.15 21:47:10.393,9.45656,9.46374,1.00,1.00
2016.08.15 21:47:10.698,9.45676,9.46374,1.00,1.00
2016.08.15 21:47:10.952,9.45696,9.46444,1.00,1.00
2016.08.15 21:47:11.106,9.45706,9.46475,1.00,1.00
2016.08.15 21:47:11.508,9.45736,9.46474,1.00,1.00
2016.08.15 21:47:12.638,9.45736,9.46464,1.00,1.00
2016.08.15 21:47:12.688,9.45676,9.46444,1.00,1.00
2016.08.15 21:47:13.003,9.45646,9.46414,1.00,1.00
2016.08.15 21:47:13.206,9.45625,9.46395,1.00,1.00
2016.08.15 21:47:13.989,9.45596,9.46364,1.00,1.00
2016.08.15 21:47:14.714,9.45596,9.46394,1.00,1.00
2016.08.15 21:47:14.878,9.45596,9.46404,1.00,1.00
2016.08.15 21:47:15.202,9.45596,9.46434,1.00,1.00
2016.08.15 21:47:15.406,9.45616,9.46454,1.00,1.00
2016.08.15 21:47:15.693,9.45646,9.46474,1.00,1.50
2016.08.15 21:47:15.897,9.45656,9.46474,1.00,1.00
2016.08.15 21:47:16.203,9.45686,9.46474,1.00,1.00
2016.08.15 21:47:17.180,9.45696,9.46474,1.00,1.00
2016.08.15 21:47:17.484,9.45716,9.46474,1.00,1.00
2016.08.15 21:47:18.381,9.45726,9.46474,1.00,1.00
2016.08.15 21:47:19.582,9.45736,9.46474,1.00,1.00
2016.08.15 21:47:20.111,9.45736,9.46475,1.00,1.00
2016.08.15 21:47:20.821,9.45746,9.46475,1.00,1.00
2016.08.15 21:47:32.404,9.45726,9.46475,1.00,1.00
2016.08.15 21:47:32.722,9.45686,9.46474,1.00,1.00
2016.08.15 21:47:32.939,9.45646,9.46464,1.00,1.00
2016.08.15 21:47:33.449,9.45596,9.46424,1.00,1.00
2016.08.15 21:47:33.500,9.45576,9.46424,1.00,1.00
2016.08.15 21:47:34.722,9.45586,9.46414,1.00,1.00
2016.08.15 21:47:35.244,9.45616,9.46444,1.00,1.00
2016.08.15 21:47:35.397,9.45676,9.46474,1.00,1.00
2016.08.15 21:47:35.701,9.45696,9.46474,1.00,1.00
2016.08.15 21:47:37.208,9.45705,9.46474,1.00,1.00
2016.08.15 21:47:37.530,9.45716,9.46474,1.00,1.00
2016.08.15 21:47:37.907,9.45736,9.46474,1.00,1.00
2016.08.15 21:47:38.940,9.45705,9.46474,1.00,1.00
2016.08.15 21:47:39.147,9.45666,9.46474,1.00,1.00
2016.08.15 21:47:39.351,9.45616,9.46454,1.00,1.00
2016.08.15 21:47:39.605,9.45596,9.46434,1.00,1.00
2016.08.15 21:47:40.201,9.45626,9.46454,1.00,1.00
2016.08.15 21:47:40.303,9.45656,9.46474,1.00,1.00
2016.08.15 21:47:40.612,9.45686,9.46474,1.00,1.00
2016.08.15 21:47:40.916,9.45716,9.46474,1.00,1.00
2016.08.15 21:47:41.850,9.45725,9.46474,1.00,1.00
2016.08.15 21:47:42.525,9.45726,9.46474,1.00,1.00
2016.08.15 21:47:43.209,9.45736,9.46474,1.00,1.00
2016.08.15 21:47:44.353,9.45746,9.46474,1.00,1.00
2016.08.15 21:47:45.656,9.45756,9.46474,1.00,1.00
2016.08.15 21:47:55.517,9.45736,9.46474,1.00,1.00
2016.08.15 21:47:55.802,9.45676,9.46474,1.00,1.00
2016.08.15 21:47:56.056,9.45645,9.46474,1.00,1.00
2016.08.15 21:47:56.259,9.45626,9.46454,1.00,1.00
2016.08.15 21:47:56.563,9.45636,9.46474,1.00,1.50
2016.08.15 21:47:56.839,9.45676,9.46474,1.00,1.00
2016.08.15 21:47:57.042,9.45706,9.46474,1.00,1.00
2016.08.15 21:47:57.371,9.45725,9.46474,1.00,1.00
2016.08.15 21:47:58.477,9.45736,9.46474,1.00,1.00
2016.08.15 21:47:59.475,9.45736,9.46475,1.00,1.00
2016.08.15 21:48:00.963,9.45746,9.46474,1.00,1.00
2016.08.15 21:48:01.848,9.45756,9.46474,1.00,1.00
2016.08.15 21:48:20.843,9.45746,9.46474,1.00,1.00
2016.08.15 21:48:21.150,9.45676,9.46474,1.00,1.00
2016.08.15 21:48:21.353,9.45636,9.46464,1.00,1.00
2016.08.15 21:48:21.667,9.45656,9.46474,1.00,1.00
2016.08.15 21:48:22.426,9.45656,9.46475,1.00,1.00
2016.08.15 21:48:22.582,9.45656,9.46434,1.00,1.00
2016.08.15 21:48:22.876,9.45636,9.46414,1.00,1.00
2016.08.15 21:48:23.682,9.45616,9.46394,1.00,1.00
2016.08.15 21:48:23.988,9.45596,9.46364,1.00,1.00
2016.08.15 21:48:24.871,9.45596,9.46344,1.00,1.00
2016.08.15 21:48:25.605,9.45596,9.46344,1.00,1.50
2016.08.15 21:48:25.880,9.45645,9.46344,1.00,1.00
2016.08.15 21:48:25.931,9.45645,9.46374,1.00,1.00
2016.08.15 21:48:26.190,9.45726,9.46374,1.00,1.00
2016.08.15 21:48:26.373,9.45686,9.46374,1.00,1.00
2016.08.15 21:48:26.683,9.45646,9.46374,1.00,1.00
2016.08.15 21:48:26.888,9.45626,9.46374,1.00,1.00
2016.08.15 21:48:26.940,9.45626,9.46444,1.00,1.00
2016.08.15 21:48:27.143,9.45646,9.46474,1.00,1.50
2016.08.15 21:48:27.347,9.45676,9.46474,1.00,1.00
2016.08.15 21:48:27.652,9.45696,9.46474,1.00,1.00
2016.08.15 21:48:27.960,9.45706,9.46474,1.00,1.00
2016.08.15 21:48:28.381,9.45715,9.46474,1.00,1.00
2016.08.15 21:48:29.094,9.45716,9.46474,1.00,1.00
2016.08.15 21:48:29.347,9.45666,9.46474,1.00,1.00
2016.08.15 21:48:29.550,9.45626,9.46474,1.00,1.00
2016.08.15 21:48:29.856,9.45596,9.46464,1.00,1.00
2016.08.15 21:48:30.063,9.45576,9.46444,1.00,1.00
2016.08.15 21:48:31.260,9.45606,9.46454,1.00,1.00
2016.08.15 21:48:31.579,9.45626,9.46475,1.00,1.00
2016.08.15 21:48:31.950,9.45666,9.46474,1.00,1.00
2016.08.15 21:48:32.300,9.45686,9.46474,1.00,1.00
2016.08.15 21:48:32.547,9.45656,9.46474,1.00,1.00
2016.08.15 21:48:32.885,9.45605,9.46435,1.00,1.00
2016.08.15 21:48:33.047,9.45586,9.46444,1.00,1.00
2016.08.15 21:48:33.355,9.45596,9.46464,1.00,1.00
2016.08.15 21:48:33.882,9.45646,9.46474,1.00,1.00
2016.08.15 21:48:34.088,9.45666,9.46474,1.00,1.00
2016.08.15 21:48:34.455,9.45696,9.46474,1.00,1.00
2016.08.15 21:48:35.088,9.45606,9.46464,1.00,1.00
2016.08.15 21:48:35.553,9.45586,9.46444,1.00,1.00
2016.08.15 21:48:35.862,9.45596,9.46454,1.00,1.00
2016.08.15 21:48:36.082,9.45615,9.46474,1.00,1.00
2016.08.15 21:48:36.412,9.45656,9.46474,1.00,1.00
2016.08.15 21:48:36.762,9.45686,9.46474,1.00,1.00
2016.08.15 21:48:37.849,9.45716,9.46474,1.00,1.00
2016.08.15 21:48:38.760,9.45726,9.46474,1.00,1.00
2016.08.15 21:48:39.989,9.45736,9.46474,1.00,1.00
2016.08.15 21:48:41.091,9.45766,9.46474,1.00,1.00
2016.08.15 21:48:41.373,9.45736,9.46474,1.00,1.00
2016.08.15 21:48:41.602,9.45656,9.46474,1.00,1.00
2016.08.15 21:48:41.856,9.45636,9.46464,1.00,1.00
2016.08.15 21:48:42.174,9.45606,9.46454,1.00,1.00
2016.08.15 21:48:42.482,9.45586,9.46434,1.00,1.00
2016.08.15 21:48:43.494,9.45576,9.46424,1.00,1.00
2016.08.15 21:48:44.680,9.45576,9.46434,1.00,1.00
2016.08.15 21:48:46.407,9.45606,9.46464,1.00,1.00
2016.08.15 21:48:46.580,9.45656,9.46474,1.00,1.00
2016.08.15 21:48:46.884,9.45686,9.46474,1.00,1.00
2016.08.15 21:48:47.189,9.45706,9.46474,1.00,1.00
2016.08.15 21:48:48.396,9.45726,9.46474,1.00,1.00
2016.08.15 21:48:49.598,9.45725,9.46474,1.00,1.00
2016.08.15 21:48:51.050,9.45736,9.46474,1.00,1.00
2016.08.15 21:48:51.862,9.45736,9.46475,1.00,1.00
2016.08.15 21:48:52.327,9.45746,9.46475,1.00,1.00
2016.08.15 21:48:53.071,9.45766,9.46474,1.00,1.00
2016.08.15 21:48:53.298,9.45746,9.46474,1.00,1.00
2016.08.15 21:48:53.713,9.45686,9.46474,1.00,1.00
2016.08.15 21:48:53.815,9.45646,9.46474,1.00,1.00
2016.08.15 21:48:54.280,9.45606,9.46454,1.00,1.00
2016.08.15 21:48:54.870,9.45586,9.46424,1.00,1.00
2016.08.15 21:48:56.003,9.45575,9.46425,1.00,1.00
2016.08.15 21:48:57.210,9.45585,9.46425,1.00,1.00
2016.08.15 21:48:57.418,9.45636,9.46474,1.00,1.50
2016.08.15 21:48:57.672,9.45666,9.46474,1.00,1.00
2016.08.15 21:48:58.006,9.45686,9.46474,1.00,1.00
2016.08.15 21:48:58.363,9.45705,9.46474,1.00,1.00
2016.08.15 21:48:58.670,9.45746,9.46474,1.00,1.00
2016.08.15 21:48:58.895,9.45686,9.46474,1.00,1.00
2016.08.15 21:48:59.173,9.45636,9.46474,1.00,1.50
2016.08.15 21:48:59.598,9.45616,9.46464,1.00,1.00
2016.08.15 21:48:59.810,9.45596,9.46444,1.00,1.00
2016.08.15 21:49:02.194,9.45636,9.46414,1.00,1.00
2016.08.15 21:49:02.681,9.45666,9.46434,1.00,1.00
2016.08.15 21:49:03.108,9.45685,9.46454,1.00,1.00
2016.08.15 21:49:04.221,9.45656,9.46384,1.00,1.00
2016.08.15 21:49:04.419,9.45636,9.46384,1.00,1.00
2016.08.15 21:49:04.747,9.45616,9.46384,1.00,1.50
2016.08.15 21:49:05.185,9.45586,9.46354,1.00,1.00
2016.08.15 21:49:05.389,9.45576,9.46394,1.00,1.00
2016.08.15 21:49:05.491,9.45666,9.46474,1.00,1.00
2016.08.15 21:49:05.694,9.45636,9.46474,1.00,1.00
2016.08.15 21:49:05.898,9.45596,9.46444,1.00,1.00
2016.08.15 21:49:06.202,9.45626,9.46474,1.00,1.50
2016.08.15 21:49:06.577,9.45636,9.46474,1.00,1.00
2016.08.15 21:49:06.882,9.45685,9.46474,1.00,1.00
2016.08.15 21:49:07.223,9.45716,9.46475,1.00,1.00
2016.08.15 21:49:07.537,9.45736,9.46474,1.00,1.00
2016.08.15 21:49:09.629,9.45756,9.46474,1.00,1.00
2016.08.15 21:49:10.116,9.45766,9.46474,1.00,1.00
2016.08.15 21:49:10.730,9.45746,9.46474,1.00,1.00
2016.08.15 21:49:10.882,9.45706,9.46474,1.00,1.00
2016.08.15 21:49:11.190,9.45656,9.46474,1.00,1.00
2016.08.15 21:49:11.393,9.45626,9.46474,1.00,1.50
2016.08.15 21:49:11.990,9.45596,9.46454,1.00,1.00
2016.08.15 21:49:13.083,9.45595,9.46445,1.00,1.00
2016.08.15 21:49:13.432,9.45626,9.46464,1.00,1.00
2016.08.15 21:49:13.610,9.45646,9.46474,1.00,1.00
2016.08.15 21:49:13.915,9.45666,9.46474,1.00,1.00
2016.08.15 21:49:14.238,9.45696,9.46474,1.00,1.00
2016.08.15 21:49:14.579,9.45706,9.46474,1.00,1.00
2016.08.15 21:49:15.528,9.45725,9.46474,1.00,1.00
2016.08.15 21:49:16.911,9.45736,9.46474,1.00,1.00
2016.08.15 21:49:17.910,9.45735,9.46474,1.00,1.00
2016.08.15 21:49:18.988,9.45756,9.46474,1.00,1.00
2016.08.15 21:49:36.068,9.45726,9.46474,1.00,1.00
2016.08.15 21:49:36.332,9.45666,9.46474,1.00,1.00
2016.08.15 21:49:36.535,9.45686,9.46474,1.00,1.00
2016.08.15 21:49:36.834,9.45646,9.46474,1.00,1.00
2016.08.15 21:49:37.039,9.45625,9.46474,1.00,1.00
2016.08.15 21:49:38.033,9.45616,9.46454,1.00,1.00
2016.08.15 21:49:38.333,9.45626,9.46474,1.00,1.00
2016.08.15 21:49:38.648,9.45666,9.46474,1.00,1.00
2016.08.15 21:49:38.964,9.45696,9.46474,1.00,1.00
2016.08.15 21:49:39.288,9.45756,9.46474,1.00,1.00
2016.08.15 21:49:39.339,9.45745,9.46474,1.00,1.00
2016.08.15 21:49:39.643,9.45696,9.46474,1.00,1.00
2016.08.15 21:49:39.845,9.45656,9.46474,1.00,1.00
2016.08.15 21:49:40.110,9.45636,9.46474,1.00,1.00
2016.08.15 21:49:40.318,9.45606,9.46464,1.00,1.00
2016.08.15 21:49:40.819,9.45636,9.46474,1.00,1.00
2016.08.15 21:49:41.624,9.45716,9.46474,1.00,1.00
2016.08.15 21:49:41.929,9.45736,9.46474,1.00,1.00
2016.08.15 21:49:42.447,9.45696,9.46474,1.00,1.00
2016.08.15 21:49:42.637,9.45636,9.46454,1.00,1.00
2016.08.15 21:49:42.942,9.45615,9.46435,1.00,1.00
2016.08.15 21:49:43.145,9.45596,9.46414,1.00,1.00
2016.08.15 21:49:44.546,9.45596,9.46384,1.00,1.00
2016.08.15 21:49:45.332,9.45596,9.46384,1.00,1.50
2016.08.15 21:49:45.433,9.45586,9.46374,1.00,1.00
2016.08.15 21:49:46.333,9.45586,9.46354,1.00,1.00
2016.08.15 21:49:46.622,9.45586,9.46354,1.00,1.50
2016.08.15 21:49:46.832,9.45626,9.46354,1.00,1.00
2016.08.15 21:49:47.136,9.45706,9.46354,1.00,1.00
2016.08.15 21:49:47.339,9.45686,9.46344,1.00,1.00
2016.08.15 21:49:47.670,9.45636,9.46344,1.00,1.00
2016.08.15 21:49:47.836,9.45616,9.46344,1.00,1.00
2016.08.15 21:49:48.337,9.45616,9.46334,1.00,1.00
2016.08.15 21:49:48.805,9.45606,9.46334,1.00,1.00
2016.08.15 21:49:49.905,9.45596,9.46334,1.00,1.00
2016.08.15 21:49:51.108,9.45586,9.46334,1.00,1.00
2016.08.15 21:49:51.384,9.45586,9.46324,1.00,1.00
2016.08.15 21:49:52.319,9.45616,9.46324,1.00,1.00
2016.08.15 21:49:52.654,9.45646,9.46324,1.00,1.00
2016.08.15 21:49:52.961,9.45666,9.46324,1.00,1.00
2016.08.15 21:49:53.265,9.45726,9.46324,1.00,1.00
2016.08.15 21:49:53.822,9.45756,9.46324,1.00,1.00
2016.08.15 21:49:54.315,9.45776,9.46324,1.00,1.00
2016.08.15 21:49:54.526,9.45736,9.46324,1.00,1.00
2016.08.15 21:49:54.831,9.45676,9.46324,1.00,1.00
2016.08.15 21:49:55.044,9.45646,9.46324,1.00,1.00
2016.08.15 21:49:55.350,9.45626,9.46324,1.00,1.00
2016.08.15 21:49:55.553,9.45606,9.46324,1.00,1.00
2016.08.15 21:49:56.786,9.45586,9.46324,1.00,1.50
2016.08.15 21:49:57.712,9.45576,9.46324,1.00,1.50
2016.08.15 21:50:01.124,9.45566,9.46324,1.00,1.00
2016.08.15 21:50:01.174,9.45566,9.46344,1.00,1.00
2016.08.15 21:50:01.449,9.45566,9.46374,1.50,1.00
2016.08.15 21:50:01.831,9.45616,9.46414,1.00,1.00
2016.08.15 21:50:01.932,9.45646,9.46424,1.00,1.00
2016.08.15 21:50:02.151,9.45665,9.46424,1.00,1.00
2016.08.15 21:50:02.455,9.45696,9.46424,1.00,1.00
2016.08.15 21:50:02.709,9.45716,9.46474,1.00,1.00
2016.08.15 21:50:02.918,9.45706,9.46474,1.00,1.00
2016.08.15 21:50:03.121,9.45716,9.46474,1.00,1.00
2016.08.15 21:50:04.487,9.45726,9.46474,1.00,1.00
2016.08.15 21:50:05.639,9.45706,9.46474,1.00,1.00
2016.08.15 21:50:05.947,9.45686,9.46474,1.00,1.00
2016.08.15 21:50:06.139,9.45626,9.46474,1.00,1.00
2016.08.15 21:50:06.607,9.45626,9.46474,1.00,1.50
2016.08.15 21:50:07.410,9.45626,9.46454,1.00,1.00
2016.08.15 21:50:08.131,9.45596,9.46404,1.00,1.00
2016.08.15 21:50:08.945,9.45635,9.46425,1.00,1.00
2016.08.15 21:50:09.130,9.45666,9.46454,1.00,1.50
2016.08.15 21:50:10.124,9.45666,9.46385,1.00,1.00
2016.08.15 21:50:10.446,9.45686,9.46385,1.00,1.00
2016.08.15 21:50:10.839,9.45626,9.46374,1.00,1.00
2016.08.15 21:50:11.097,9.45606,9.46345,1.00,1.00
2016.08.15 21:50:11.475,9.45586,9.46324,1.00,1.00
2016.08.15 21:50:11.848,9.45586,9.46354,1.00,1.00
2016.08.15 21:50:12.048,9.45606,9.46374,1.00,1.50
2016.08.15 21:50:12.349,9.45656,9.46374,1.00,1.00
2016.08.15 21:50:12.693,9.45676,9.46434,1.00,1.00
2016.08.15 21:50:12.827,9.45676,9.46474,1.00,1.50
2016.08.15 21:50:13.165,9.45686,9.46474,1.00,1.00
2016.08.15 21:50:13.651,9.45696,9.46474,1.00,1.00
2016.08.15 21:50:13.979,9.45706,9.46474,1.00,1.00
2016.08.15 21:50:14.132,9.45665,9.46474,1.00,1.00
2016.08.15 21:50:14.436,9.45646,9.46454,1.00,1.00
2016.08.15 21:50:14.639,9.45596,9.46454,1.00,1.00
2016.08.15 21:50:15.164,9.45626,9.46474,1.00,1.00
2016.08.15 21:50:15.451,9.45676,9.46474,1.00,1.00
2016.08.15 21:50:15.761,9.45696,9.46474,1.00,1.00
2016.08.15 21:50:16.085,9.45706,9.46474,1.00,1.00
2016.08.15 21:50:17.080,9.45716,9.46474,1.00,1.00
2016.08.15 21:50:17.358,9.45666,9.46474,1.00,1.00
2016.08.15 21:50:17.760,9.45635,9.46474,1.00,1.00
2016.08.15 21:50:17.833,9.45616,9.46474,1.00,1.50
2016.08.15 21:50:18.624,9.45616,9.46454,1.00,1.00
2016.08.15 21:50:18.776,9.45656,9.46394,1.00,1.00
2016.08.15 21:50:19.630,9.45656,9.46384,1.00,1.00
2016.08.15 21:50:19.681,9.45616,9.46344,1.00,1.00
2016.08.15 21:50:19.993,9.45606,9.46384,1.00,1.50
2016.08.15 21:50:20.630,9.45606,9.46384,1.00,1.00
2016.08.15 21:50:20.681,9.45626,9.46414,1.00,1.00
2016.08.15 21:50:20.846,9.45666,9.46424,1.00,1.00
2016.08.15 21:50:21.164,9.45686,9.46424,1.00,1.00
2016.08.15 21:50:21.971,9.45656,9.46424,1.00,1.00
2016.08.15 21:50:22.124,9.45656,9.46454,1.00,1.00
2016.08.15 21:50:22.279,9.45595,9.46455,1.00,1.00
2016.08.15 21:50:22.482,9.45616,9.46474,1.00,1.50
2016.08.15 21:50:22.778,9.45646,9.46474,1.00,1.00
2016.08.15 21:50:22.950,9.45666,9.46474,1.00,1.00
2016.08.15 21:50:23.254,9.45696,9.46475,1.00,1.00
2016.08.15 21:50:23.558,9.45716,9.46474,1.00,1.00
2016.08.15 21:50:24.550,9.45726,9.46474,1.00,1.00
2016.08.15 21:50:25.676,9.45736,9.46474,1.00,1.00
2016.08.15 21:50:26.874,9.45746,9.46474,1.00,1.00
2016.08.15 21:50:32.880,9.45726,9.46474,1.00,1.00
2016.08.15 21:50:33.082,9.45686,9.46474,1.00,1.00
2016.08.15 21:50:33.526,9.45646,9.46474,1.00,1.00
2016.08.15 21:50:33.577,9.45616,9.46474,1.00,1.50
2016.08.15 21:50:33.881,9.45595,9.46455,1.00,1.00
2016.08.15 21:50:34.869,9.45606,9.46424,1.00,1.00
2016.08.15 21:50:35.889,9.45546,9.46334,1.00,1.00
2016.08.15 21:50:36.193,9.45566,9.46344,1.00,1.00
2016.08.15 21:50:37.182,9.45686,9.46374,1.00,1.00
2016.08.15 21:50:37.385,9.45676,9.46474,1.00,1.00
2016.08.15 21:50:37.698,9.45686,9.46474,1.00,1.00
2016.08.15 21:50:38.187,9.45646,9.46474,1.00,1.50
2016.08.15 21:50:38.451,9.45616,9.46454,1.00,1.00
2016.08.15 21:50:38.695,9.45596,9.46454,1.00,1.00
2016.08.15 21:50:40.854,9.45596,9.46444,1.00,1.00
2016.08.15 21:50:41.954,9.45585,9.46445,1.00,1.00
2016.08.15 21:50:43.084,9.45636,9.46424,1.00,1.00
2016.08.15 21:50:44.170,9.45616,9.46364,1.00,1.00
2016.08.15 21:50:44.489,9.45566,9.46314,1.00,1.00
2016.08.15 21:50:44.804,9.45576,9.46324,1.00,1.00
2016.08.15 21:50:45.149,9.45566,9.46314,1.00,1.00
2016.08.15 21:50:45.453,9.45635,9.46365,1.00,1.00
2016.08.15 21:50:45.706,9.45655,9.46394,1.00,1.00
2016.08.15 21:50:46.161,9.45706,9.46344,1.00,1.00
2016.08.15 21:50:46.870,9.45706,9.46324,1.00,1.00
2016.08.15 21:50:47.196,9.45716,9.46324,1.00,1.00
2016.08.15 21:50:47.380,9.45716,9.46374,1.00,1.00
2016.08.15 21:50:47.481,9.45726,9.46374,1.00,1.00
2016.08.15 21:50:48.373,9.45686,9.46374,1.00,1.00
2016.08.15 21:50:48.424,9.45686,9.46424,1.00,1.00
2016.08.15 21:50:48.596,9.45626,9.46434,1.00,1.00
2016.08.15 21:50:49.498,9.45606,9.46444,1.00,1.00
2016.08.15 21:50:49.702,9.45636,9.46444,1.00,1.00
2016.08.15 21:50:50.007,9.45666,9.46474,1.00,1.00
2016.08.15 21:50:50.312,9.45696,9.46474,1.00,1.00
2016.08.15 21:50:51.041,9.45715,9.46474,1.00,1.00
2016.08.15 21:50:51.194,9.45696,9.46474,1.00,1.00
2016.08.15 21:50:51.400,9.45666,9.46464,1.00,1.00
2016.08.15 21:50:51.701,9.45646,9.46414,1.00,1.00
2016.08.15 21:50:52.007,9.45626,9.46394,1.00,1.00
2016.08.15 21:50:52.210,9.45596,9.46374,1.00,1.00
2016.08.15 21:50:53.191,9.45625,9.46325,1.00,1.00
2016.08.15 21:50:53.648,9.45636,9.46334,1.00,1.00
2016.08.15 21:50:53.968,9.45706,9.46384,1.00,1.50
2016.08.15 21:50:54.138,9.45706,9.46374,1.00,1.00
2016.08.15 21:50:54.189,9.45696,9.46374,1.00,1.00
2016.08.15 21:50:54.493,9.45646,9.46374,1.00,1.00
2016.08.15 21:50:54.886,9.45616,9.46364,1.00,1.00
2016.08.15 21:50:55.210,9.45586,9.46374,1.00,1.00
2016.08.15 21:50:55.413,9.45566,9.46474,1.00,1.00
2016.08.15 21:50:56.611,9.45616,9.46474,1.00,1.00
2016.08.15 21:50:56.916,9.45656,9.46474,1.00,1.00
2016.08.15 21:50:57.238,9.45676,9.46474,1.00,1.00
2016.08.15 21:50:57.988,9.45696,9.46474,1.00,1.00
2016.08.15 21:50:59.187,9.45686,9.46474,1.00,1.00
2016.08.15 21:50:59.408,9.45636,9.46474,1.00,1.00
2016.08.15 21:50:59.743,9.45615,9.46474,1.00,1.00
2016.08.15 21:51:00.572,9.45606,9.46454,1.00,1.00
2016.08.15 21:51:01.800,9.45626,9.46474,1.00,1.50
2016.08.15 21:51:02.008,9.45656,9.46474,1.00,1.00
2016.08.15 21:51:02.305,9.45666,9.46474,1.00,1.00
2016.08.15 21:51:03.194,9.45686,9.46474,1.00,1.00
2016.08.15 21:51:04.547,9.45695,9.46474,1.00,1.00
2016.08.15 21:51:05.378,9.45666,9.46464,1.00,1.00
2016.08.15 21:51:05.711,9.45646,9.46444,1.00,1.00
2016.08.15 21:51:06.725,9.45626,9.46424,1.00,1.00
2016.08.15 21:51:07.631,9.45626,9.46384,1.00,1.00
2016.08.15 21:51:08.321,9.45586,9.46354,1.00,1.00
2016.08.15 21:51:08.627,9.45566,9.46334,1.00,1.00
2016.08.15 21:51:09.027,9.45586,9.46354,1.00,1.00
2016.08.15 21:51:09.285,9.45686,9.46374,1.00,1.00
2016.08.15 21:51:09.489,9.45666,9.46374,1.00,1.00
2016.08.15 21:51:09.871,9.45636,9.46374,1.00,1.00
2016.08.15 21:51:10.688,9.45696,9.46374,1.00,1.00
2016.08.15 21:51:11.016,9.45715,9.46374,1.00,1.00
2016.08.15 21:51:11.926,9.45726,9.46374,1.00,1.00
2016.08.15 21:51:12.910,9.45726,9.46424,1.00,1.00
2016.08.15 21:51:12.985,9.45736,9.46424,1.00,1.00
2016.08.15 21:51:13.869,9.45736,9.46464,1.00,1.00
2016.08.15 21:51:13.921,9.45736,9.46474,1.00,1.00
2016.08.15 21:51:14.617,9.45666,9.46474,1.00,1.50
2016.08.15 21:51:15.833,9.45656,9.46464,1.00,1.00
2016.08.15 21:51:18.128,9.45666,9.46454,1.00,1.00
2016.08.15 21:51:18.433,9.45546,9.46474,1.37,1.00
2016.08.15 21:51:18.773,9.45546,9.46454,1.37,1.00
2016.08.15 21:51:19.582,9.45546,9.46414,1.37,1.00
2016.08.15 21:51:20.377,9.45546,9.46384,1.37,1.00
2016.08.15 21:51:21.179,9.45546,9.46364,1.37,1.00
2016.08.15 21:51:22.460,9.45546,9.46344,1.37,1.00
2016.08.15 21:51:23.586,9.45546,9.46334,1.37,1.00
2016.08.15 21:51:23.905,9.45556,9.46374,1.37,1.00
2016.08.15 21:51:24.840,9.45715,9.46374,1.00,1.00
2016.08.15 21:51:25.390,9.45716,9.46374,1.00,1.00
2016.08.15 21:51:25.442,9.45566,9.46474,1.00,1.00
2016.08.15 21:51:41.037,9.45696,9.46475,1.00,1.00
2016.08.15 21:51:41.361,9.45696,9.46454,1.00,1.00
2016.08.15 21:51:41.513,9.45626,9.46424,1.00,1.00
2016.08.15 21:51:41.819,9.45626,9.46404,1.00,1.00
2016.08.15 21:51:42.930,9.45626,9.46355,1.00,1.00
2016.08.15 21:51:43.133,9.45626,9.46374,1.00,1.00
2016.08.15 21:51:43.234,9.45666,9.46374,1.00,1.00
2016.08.15 21:51:43.539,9.45686,9.46374,1.00,1.00
2016.08.15 21:51:43.844,9.45705,9.46375,1.00,1.00
2016.08.15 21:51:44.566,9.45726,9.46474,1.00,1.00
2016.08.15 21:51:45.231,9.45736,9.46474,1.00,1.00
2016.08.15 21:51:46.337,9.45746,9.46474,1.00,1.00
2016.08.15 21:51:46.643,9.45566,9.46474,1.50,1.00
2016.08.15 21:51:47.038,9.45566,9.46474,1.00,1.00
2016.08.15 21:51:47.636,9.45536,9.46454,1.37,1.00
2016.08.15 21:51:48.522,9.45706,9.46434,1.00,1.00
2016.08.15 21:51:48.675,9.45706,9.46384,1.00,1.00
2016.08.15 21:51:48.817,9.45696,9.46384,1.00,1.00
2016.08.15 21:51:49.134,9.45646,9.46364,1.00,1.00
2016.08.15 21:51:49.463,9.45626,9.46344,1.00,1.00
2016.08.15 21:51:49.650,9.45626,9.46344,1.00,1.50
2016.08.15 21:51:50.349,9.45666,9.46324,1.00,1.00
2016.08.15 21:51:50.654,9.45696,9.46325,1.00,1.00
2016.08.15 21:51:50.970,9.45716,9.46324,1.00,1.00
2016.08.15 21:51:51.355,9.45716,9.46404,1.00,1.00
2016.08.15 21:51:51.457,9.45566,9.46424,1.00,1.00
2016.08.15 21:51:52.357,9.45566,9.46474,1.00,1.00
2016.08.15 21:51:55.363,9.45536,9.46474,1.37,1.00
2016.08.15 21:51:55.654,9.45536,9.46454,1.37,1.00
2016.08.15 21:51:56.332,9.45556,9.46454,1.37,1.00
2016.08.15 21:51:56.905,9.45556,9.46394,1.37,1.00
2016.08.15 21:51:57.368,9.45566,9.46474,1.00,1.00
2016.08.15 21:52:08.881,9.45566,9.46454,1.00,1.00
2016.08.15 21:52:09.077,9.45536,9.46454,1.37,1.00
2016.08.15 21:52:09.610,9.45536,9.46455,1.37,1.00
2016.08.15 21:52:09.921,9.45536,9.46394,1.37,1.00
2016.08.15 21:52:10.885,9.45536,9.46344,1.37,1.00
2016.08.15 21:52:11.349,9.45546,9.46344,1.37,1.00
2016.08.15 21:52:11.771,9.45546,9.46334,1.37,1.00
2016.08.15 21:52:12.077,9.45566,9.46334,1.00,1.00
2016.08.15 21:52:12.360,9.45566,9.46474,1.00,1.00
2016.08.15 21:52:16.380,9.45556,9.46474,1.37,1.00
2016.08.15 21:52:17.419,9.45556,9.46434,1.37,1.00
2016.08.15 21:52:18.471,9.45556,9.46425,1.37,1.00
2016.08.15 21:52:18.573,9.45566,9.46414,1.00,1.00
2016.08.15 21:52:18.624,9.45566,9.46424,1.00,1.00
2016.08.15 21:52:19.868,9.45565,9.46424,1.00,1.00
2016.08.15 21:52:19.919,9.45565,9.46475,1.00,1.00
2016.08.15 21:52:30.357,9.45565,9.46474,1.00,1.00
2016.08.15 21:52:31.377,9.45566,9.46474,1.00,1.00
2016.08.15 21:52:32.417,9.45566,9.46454,1.00,1.00
2016.08.15 21:52:32.726,9.45536,9.46454,1.37,1.00
2016.08.15 21:52:33.620,9.45536,9.46385,1.37,1.00
2016.08.15 21:52:34.201,9.45536,9.46374,1.37,1.00
2016.08.15 21:52:34.923,9.45536,9.46334,1.37,1.00
2016.08.15 21:52:35.749,9.45556,9.46374,1.37,1.00
2016.08.15 21:52:36.211,9.45726,9.46374,1.00,1.00
2016.08.15 21:52:36.647,9.45726,9.46454,1.00,1.00
2016.08.15 21:52:36.698,9.45565,9.46474,1.00,1.00
2016.08.15 21:52:37.859,9.45546,9.46474,1.37,1.00
2016.08.15 21:52:38.134,9.45546,9.46454,1.37,1.00
2016.08.15 21:52:38.305,9.45706,9.46434,1.00,1.00
2016.08.15 21:52:38.613,9.45696,9.46414,1.00,1.00
2016.08.15 21:52:38.917,9.45656,9.46364,1.00,1.00
2016.08.15 21:52:39.258,9.45606,9.46314,1.00,1.00
2016.08.15 21:52:39.843,9.45586,9.46284,1.00,1.00
2016.08.15 21:52:40.374,9.45596,9.46284,1.00,1.00
2016.08.15 21:52:41.638,9.45596,9.46264,1.00,1.00
2016.08.15 21:52:42.781,9.45616,9.46284,1.00,1.00
2016.08.15 21:52:43.098,9.45646,9.46304,1.00,1.00
2016.08.15 21:52:43.403,9.45666,9.46324,1.00,1.00
2016.08.15 21:52:43.504,9.45686,9.46334,1.00,1.00
2016.08.15 21:52:43.839,9.45716,9.46334,1.00,1.00
2016.08.15 21:52:43.890,9.45716,9.46374,1.00,1.50
2016.08.15 21:52:43.992,9.45726,9.46374,1.00,1.00
2016.08.15 21:52:44.871,9.45756,9.46454,1.00,1.00
2016.08.15 21:52:45.186,9.45726,9.46474,1.00,1.00
2016.08.15 21:52:45.384,9.45666,9.46474,1.00,1.50
2016.08.15 21:52:45.791,9.45636,9.46444,1.00,1.00
2016.08.15 21:52:46.788,9.45656,9.46424,1.00,1.00
2016.08.15 21:52:47.922,9.45676,9.46374,1.00,1.00
2016.08.15 21:52:48.257,9.45656,9.46354,1.00,1.00
2016.08.15 21:52:49.117,9.45636,9.46324,1.00,1.00
2016.08.15 21:52:49.806,9.45666,9.46344,1.00,1.50
2016.08.15 21:52:49.908,9.45666,9.46324,1.00,1.00
2016.08.15 21:52:50.464,9.45716,9.46394,1.00,1.00
2016.08.15 21:52:50.576,9.45726,9.46424,1.00,1.00
2016.08.15 21:52:50.881,9.45746,9.46424,1.00,1.00
2016.08.15 21:52:51.183,9.45766,9.46474,1.00,1.00
2016.08.15 21:52:51.881,9.45566,9.46474,1.37,1.00
2016.08.15 21:52:52.415,9.45536,9.46474,1.87,1.00
2016.08.15 21:52:52.466,9.45605,9.46474,1.00,1.00
2016.08.15 21:52:52.626,9.45536,9.46474,1.37,1.00
2016.08.15 21:52:52.876,9.45536,9.46434,1.37,1.00
2016.08.15 21:52:52.927,9.45556,9.46434,1.00,1.00
2016.08.15 21:52:53.485,9.45566,9.46424,1.00,1.00
2016.08.15 21:52:54.409,9.45566,9.46474,1.00,1.00
2016.08.15 21:53:01.820,9.45536,9.46474,1.37,1.00
2016.08.15 21:53:02.907,9.45536,9.46394,1.37,1.00
2016.08.15 21:53:03.408,9.45536,9.46364,1.37,1.00
2016.08.15 21:53:03.617,9.45566,9.46474,1.00,1.00
2016.08.15 21:53:03.669,9.45566,9.46474,1.37,1.00
2016.08.15 21:53:03.823,9.45546,9.46474,1.37,1.00
2016.08.15 21:53:04.130,9.45546,9.46454,1.37,1.00
2016.08.15 21:53:04.826,9.45566,9.46454,1.00,1.00
2016.08.15 21:53:05.164,9.45566,9.46424,1.00,1.00
2016.08.15 21:53:06.826,9.45536,9.46424,1.37,1.00
2016.08.15 21:53:07.623,9.45536,9.46374,1.37,1.00
2016.08.15 21:53:08.287,9.45546,9.46374,1.37,1.00
2016.08.15 21:53:08.668,9.45546,9.46345,1.37,1.00
2016.08.15 21:53:08.954,9.45546,9.46345,1.87,1.00
2016.08.15 21:53:09.316,9.45566,9.46345,1.00,1.00
2016.08.15 21:53:09.468,9.45566,9.46424,1.00,1.00
2016.08.15 21:53:10.052,9.45746,9.46425,1.00,1.00
2016.08.15 21:53:10.647,9.45716,9.46414,1.00,1.00
2016.08.15 21:53:11.891,9.45726,9.46404,1.00,1.00
2016.08.15 21:53:12.450,9.45746,9.46424,1.00,1.00
2016.08.15 21:53:12.973,9.45766,9.46425,1.00,1.00
2016.08.15 21:53:13.980,9.45766,9.46424,1.00,1.00
2016.08.15 21:53:15.043,9.45776,9.46424,1.00,1.00
2016.08.15 21:53:15.671,9.45746,9.46424,1.00,1.00
2016.08.15 21:53:16.645,9.45746,9.46364,1.00,1.00
2016.08.15 21:53:16.868,9.45736,9.46364,1.00,1.00
2016.08.15 21:53:17.648,9.45736,9.46334,1.00,1.00
2016.08.15 21:53:17.978,9.45746,9.46324,1.00,1.00
2016.08.15 21:53:18.876,9.45746,9.46375,1.00,1.00
2016.08.15 21:53:20.393,9.45726,9.46375,1.00,1.00
2016.08.15 21:53:21.242,9.45726,9.46325,1.00,1.00
2016.08.15 21:53:21.572,9.45756,9.46325,1.00,1.00
2016.08.15 21:53:22.167,9.45756,9.46424,1.00,1.00
2016.08.15 21:53:22.371,9.45786,9.46424,1.00,1.00
2016.08.15 21:53:24.654,9.45796,9.46424,1.00,1.00
2016.08.15 21:53:26.056,9.45816,9.46424,1.00,1.00
2016.08.15 21:53:26.859,9.45776,9.46424,1.00,1.00
2016.08.15 21:53:27.616,9.45776,9.46374,1.00,1.00
2016.08.15 21:53:27.865,9.45756,9.46374,1.00,1.00
2016.08.15 21:53:28.413,9.45756,9.46334,1.00,1.00
2016.08.15 21:53:29.666,9.45776,9.46374,1.00,1.00
2016.08.15 21:53:30.616,9.45776,9.46424,1.00,1.00
2016.08.15 21:53:31.072,9.45796,9.46424,1.00,1.00
2016.08.15 21:53:31.609,9.45796,9.46474,1.00,1.00
2016.08.15 21:53:31.711,9.45806,9.46474,1.00,1.00
2016.08.15 21:53:32.667,9.45776,9.46474,1.00,1.00
2016.08.15 21:53:32.923,9.45776,9.46455,1.00,1.00
2016.08.15 21:53:33.763,9.45766,9.46455,1.00,1.00
2016.08.15 21:53:33.921,9.45766,9.46385,1.00,1.00
2016.08.15 21:53:34.550,9.45766,9.46354,1.00,1.00
2016.08.15 21:53:35.434,9.45766,9.46324,1.00,1.00
2016.08.15 21:53:38.468,9.45756,9.46324,1.00,1.00
2016.08.15 21:53:39.147,9.45756,9.46374,1.00,1.00
2016.08.15 21:53:39.198,9.45776,9.46374,1.00,1.00
2016.08.15 21:53:40.370,9.45786,9.46374,1.00,1.00
2016.08.15 21:53:41.788,9.45765,9.46374,1.00,1.00
2016.08.15 21:53:41.914,9.45765,9.46345,1.00,1.00
2016.08.15 21:53:42.427,9.45765,9.46315,1.00,1.00
2016.08.15 21:53:43.060,9.45766,9.46315,1.00,1.00
2016.08.15 21:53:43.658,9.45766,9.46294,1.00,1.00
2016.08.15 21:53:44.718,9.45766,9.46374,1.00,1.00
2016.08.15 21:53:44.816,9.45776,9.46374,1.00,1.00
2016.08.15 21:53:45.805,9.45805,9.46374,1.00,1.00
2016.08.15 21:53:46.217,9.45786,9.46374,1.00,1.00
2016.08.15 21:53:46.421,9.45766,9.46374,1.00,1.00
2016.08.15 21:53:46.471,9.45766,9.46354,1.00,1.00
2016.08.15 21:53:47.478,9.45776,9.46304,1.00,1.00
2016.08.15 21:53:47.802,9.45776,9.46294,1.00,1.00
2016.08.15 21:53:48.666,9.45776,9.46284,1.00,1.00
2016.08.15 21:53:48.768,9.45776,9.46324,1.00,1.00
2016.08.15 21:53:51.057,9.45786,9.46324,1.00,1.00
2016.08.15 21:53:52.181,9.45776,9.46324,1.00,1.00
2016.08.15 21:53:53.417,9.45766,9.46324,1.00,1.00
2016.08.15 21:53:55.722,9.45786,9.46324,1.00,1.00
2016.08.15 21:53:56.919,9.45776,9.46324,1.00,1.00
2016.08.15 21:53:58.240,9.45766,9.46324,1.00,1.00
2016.08.15 21:54:00.455,9.45776,9.46324,1.00,1.00
2016.08.15 21:54:01.591,9.45766,9.46324,1.00,1.00
2016.08.15 21:54:05.861,9.45766,9.46374,1.00,1.00
2016.08.15 21:54:06.115,9.45816,9.46374,1.00,1.00
2016.08.15 21:54:06.949,9.45816,9.46444,1.00,1.00
2016.08.15 21:54:07.253,9.45836,9.46464,1.00,1.00
2016.08.15 21:54:07.304,9.45856,9.46475,1.00,1.00
2016.08.15 21:54:08.124,9.45826,9.46474,1.00,1.00
2016.08.15 21:54:08.175,9.45826,9.46474,1.00,1.50
2016.08.15 21:54:08.391,9.45826,9.46454,1.00,1.00
2016.08.15 21:54:09.298,9.45816,9.46454,1.00,1.50
2016.08.15 21:54:09.400,9.45816,9.46384,1.00,1.00
2016.08.15 21:54:10.354,9.45816,9.46344,1.00,1.00
2016.08.15 21:54:11.474,9.45816,9.46314,1.00,1.00
2016.08.15 21:54:11.627,9.45805,9.46314,1.00,1.00
2016.08.15 21:54:12.357,9.45805,9.46294,1.00,1.00
2016.08.15 21:54:14.004,9.45806,9.46294,1.00,1.00
2016.08.15 21:54:14.372,9.45806,9.46284,1.00,1.00
2016.08.15 21:54:15.243,9.45796,9.46284,1.00,1.00
2016.08.15 21:54:16.598,9.45796,9.46274,1.00,1.00
2016.08.15 21:54:17.555,9.45786,9.46274,1.00,1.00
2016.08.15 21:54:28.537,9.45796,9.46274,1.00,1.00
2016.08.15 21:54:29.617,9.45806,9.46274,1.00,1.00
2016.08.15 21:54:33.436,9.45796,9.46274,1.00,1.00
2016.08.15 21:54:36.716,9.45796,9.46215,1.00,1.00
2016.08.15 21:54:37.058,9.45786,9.46204,1.00,1.00
2016.08.15 21:54:37.891,9.45786,9.46174,1.00,1.00
2016.08.15 21:54:38.173,9.45776,9.46174,1.00,1.00
2016.08.15 21:54:39.226,9.45796,9.46174,1.00,1.00
2016.08.15 21:54:39.691,9.45796,9.46274,1.00,1.00
2016.08.15 21:54:40.416,9.45796,9.46324,1.00,1.00
2016.08.15 21:54:41.628,9.45796,9.46374,1.00,1.00
2016.08.15 21:54:41.960,9.45826,9.46374,1.00,1.00
2016.08.15 21:54:42.264,9.45846,9.46374,1.00,1.00
2016.08.15 21:54:43.013,9.45826,9.46374,1.00,1.00
2016.08.15 21:54:43.114,9.45826,9.46354,1.00,1.00
2016.08.15 21:54:44.072,9.45806,9.46354,1.00,1.00
2016.08.15 21:54:44.124,9.45806,9.46304,1.00,1.00
2016.08.15 21:54:45.402,9.45806,9.46295,1.00,1.00
2016.08.15 21:54:46.411,9.45806,9.46284,1.00,1.00
2016.08.15 21:54:46.462,9.45796,9.46284,1.00,1.00
2016.08.15 21:54:47.534,9.45806,9.46284,1.00,1.00
2016.08.15 21:54:48.611,9.45806,9.46274,1.00,1.00
2016.08.15 21:54:55.959,9.45806,9.46324,1.00,1.00
2016.08.15 21:54:56.185,9.45796,9.46324,1.00,1.00
2016.08.15 21:55:02.049,9.45806,9.46324,1.00,1.00
2016.08.15 21:55:24.274,9.45835,9.46324,1.00,1.00
2016.08.15 21:55:25.402,9.45816,9.46324,1.00,1.00
2016.08.15 21:55:27.779,9.45806,9.46324,1.00,1.00
2016.08.15 21:55:28.900,9.45796,9.46324,1.00,1.00
2016.08.15 21:55:29.982,9.45816,9.46324,1.00,1.00
2016.08.15 21:55:31.211,9.45806,9.46324,1.00,1.00
2016.08.15 21:55:33.492,9.45805,9.46324,1.00,1.00
2016.08.15 21:55:34.681,9.45795,9.46324,1.00,1.00
2016.08.15 21:55:35.989,9.45726,9.46324,1.00,1.00
2016.08.15 21:55:37.006,9.45796,9.46324,1.00,1.00
2016.08.15 21:55:38.202,9.45806,9.46324,1.00,1.00
2016.08.15 21:55:41.596,9.45816,9.46324,1.00,1.00
2016.08.15 21:55:44.170,9.45806,9.46324,1.00,1.00
2016.08.15 21:55:45.321,9.45816,9.46324,1.00,1.00
2016.08.15 21:55:46.197,9.45806,9.46324,1.00,1.00
2016.08.15 21:55:47.414,9.45796,9.46324,1.00,1.00
2016.08.15 21:55:48.452,9.45826,9.46324,1.00,1.00
2016.08.15 21:55:49.417,9.45816,9.46324,1.00,1.00
2016.08.15 21:55:50.619,9.45805,9.46324,1.00,1.00
2016.08.15 21:55:51.738,9.45796,9.46324,1.00,1.00
2016.08.15 21:55:52.929,9.45795,9.46324,1.00,1.00
2016.08.15 21:55:54.142,9.45806,9.46324,1.00,1.00
2016.08.15 21:55:55.528,9.45805,9.46324,1.00,1.00
2016.08.15 21:56:16.324,9.45806,9.46324,1.00,1.00
2016.08.15 21:56:17.548,9.45796,9.46324,1.00,1.00
2016.08.15 21:56:39.555,9.45806,9.46324,1.00,1.00
2016.08.15 21:57:18.323,9.45796,9.46324,1.00,1.00
2016.08.15 21:57:18.616,9.45776,9.46324,1.00,1.00
2016.08.15 21:57:19.045,9.45796,9.46324,1.00,1.00
2016.08.15 21:57:20.919,9.45785,9.46324,1.00,1.00
2016.08.15 21:57:29.106,9.45795,9.46324,1.00,1.00
2016.08.15 21:57:30.323,9.45806,9.46324,1.00,1.00
2016.08.15 21:57:31.428,9.45796,9.46324,1.00,1.00
2016.08.15 21:57:33.813,9.45786,9.46324,1.00,1.00
2016.08.15 21:57:35.018,9.45796,9.46324,1.00,1.00
2016.08.15 21:57:37.318,9.45786,9.46324,1.00,1.00
2016.08.15 21:57:46.617,9.45796,9.46324,1.00,1.00
2016.08.15 21:57:53.423,9.45786,9.46324,1.00,1.00
2016.08.15 21:57:55.127,9.45796,9.46324,1.00,1.00
2016.08.15 21:57:56.631,9.45785,9.46324,1.00,1.00
2016.08.15 21:58:00.927,9.45805,9.46324,1.00,1.00
2016.08.15 21:58:02.150,9.45796,9.46324,1.00,1.00
2016.08.15 21:58:03.344,9.45795,9.46324,1.00,1.00
2016.08.15 21:58:04.447,9.45786,9.46324,1.00,1.00
2016.08.15 21:58:06.851,9.45796,9.46324,1.00,1.00
2016.08.15 21:58:07.923,9.45806,9.46324,1.00,1.00
2016.08.15 21:58:11.531,9.45796,9.46324,1.00,1.00
2016.08.15 21:58:12.663,9.45786,9.46324,1.00,1.00
2016.08.15 21:58:17.104,9.45816,9.46324,1.00,1.00
2016.08.15 21:58:38.185,9.45806,9.46324,1.00,1.00
2016.08.15 21:58:39.420,9.45806,9.46264,1.00,1.00
2016.08.15 21:58:40.422,9.45806,9.46235,1.00,1.00
2016.08.15 21:58:41.422,9.45806,9.46224,1.00,1.00
2016.08.15 21:58:41.974,9.45806,9.46274,1.00,1.00
2016.08.15 21:58:42.966,9.45806,9.46324,1.00,1.00
2016.08.15 21:58:44.056,9.45816,9.46324,1.00,1.00
2016.08.15 21:59:01.117,9.45816,9.46324,0.75,0.75
2016.08.15 21:59:11.882,9.45796,9.46324,0.75,0.75
2016.08.15 21:59:12.371,9.45796,9.46414,0.75,0.75
2016.08.15 21:59:12.801,9.45816,9.46444,0.75,0.75
2016.08.15 21:59:13.422,9.45785,9.46425,0.75,0.75
2016.08.15 21:59:14.168,9.45785,9.46395,0.75,0.75
2016.08.15 21:59:14.686,9.45776,9.46374,0.75,0.75
2016.08.15 21:59:15.391,9.45776,9.46314,0.75,0.75
2016.08.15 21:59:15.720,9.45756,9.46314,0.75,0.75
2016.08.15 21:59:16.381,9.45756,9.46284,0.75,0.75
2016.08.15 21:59:16.926,9.45746,9.46284,0.75,0.75
2016.08.15 21:59:17.689,9.45746,9.46324,0.75,0.75
2016.08.15 21:59:17.928,9.45776,9.46324,0.75,0.75
2016.08.15 21:59:19.134,9.45786,9.46324,0.75,0.75
2016.08.15 21:59:20.940,9.45766,9.46324,0.75,0.75
2016.08.15 21:59:22.141,9.45756,9.46324,0.75,0.75
2016.08.15 21:59:35.950,9.45776,9.46324,0.75,0.75
2016.08.15 21:59:37.006,9.45786,9.46324,0.75,0.75
2016.08.15 21:59:42.011,9.45766,9.46324,0.75,0.75
2016.08.15 21:59:43.487,9.45756,9.46324,0.75,0.75
2016.08.15 21:59:48.968,9.45766,9.46324,0.75,0.75
2016.08.15 21:59:49.269,9.45786,9.46324,0.75,0.75
2016.08.15 21:59:50.469,9.45766,9.46324,0.75,0.75
2016.08.15 21:59:51.570,9.45796,9.46324,0.75,0.75
2016.08.15 21:59:51.875,9.45816,9.46324,0.75,0.75
2016.08.15 21:59:52.630,9.45796,9.46324,0.75,0.75
2016.08.15 21:59:53.822,9.45806,9.46324,0.75,0.75
