2017.04.06 15:00:00.225,9.59521,9.59654,1.00,1.00
2017.04.06 15:00:00.294,9.59516,9.59668,1.00,1.00
2017.04.06 15:00:01.794,9.59504,9.59658,1.00,1.00
2017.04.06 15:00:01.845,9.59476,9.59627,1.00,1.00
2017.04.06 15:00:02.180,9.59473,9.59623,1.00,1.00
2017.04.06 15:00:02.231,9.59473,9.59627,1.00,1.00
2017.04.06 15:00:02.600,9.59453,9.59605,1.00,1.00
2017.04.06 15:00:03.402,9.59463,9.59615,1.00,1.00
2017.04.06 15:00:03.706,9.5944,9.59592,1.00,1.00
2017.04.06 15:00:04.838,9.59433,9.59588,1.00,1.00
2017.04.06 15:00:04.889,9.59429,9.59581,1.00,1.00
2017.04.06 15:00:06.172,9.5944,9.59592,1.00,1.00
2017.04.06 15:00:06.477,9.59423,9.59575,1.00,1.00
2017.04.06 15:00:08.094,9.59412,9.59564,1.00,1.00
2017.04.06 15:00:08.621,9.59422,9.59576,1.00,1.00
2017.04.06 15:00:12.108,9.59425,9.5958,1.00,1.00
2017.04.06 15:00:12.361,9.59459,9.59584,1.00,1.00
2017.04.06 15:00:12.463,9.59459,9.59611,1.00,1.00
2017.04.06 15:00:13.343,9.59473,9.59625,1.00,1.00
2017.04.06 15:00:13.777,9.59461,9.59613,1.00,1.00
2017.04.06 15:00:13.879,9.59436,9.59598,1.00,1.00
2017.04.06 15:00:13.930,9.5946,9.59612,1.00,1.00
2017.04.06 15:00:14.083,9.59433,9.59596,1.00,1.00
2017.04.06 15:00:17.548,9.59433,9.59593,1.00,1.00
2017.04.06 15:00:18.880,9.59425,9.5958,1.00,1.00
2017.04.06 15:00:19.184,9.59425,9.59574,1.00,1.00
2017.04.06 15:00:19.286,9.59425,9.5958,1.00,1.00
2017.04.06 15:00:19.817,9.59426,9.59578,1.00,1.00
2017.04.06 15:00:20.796,9.59425,9.59582,1.00,1.00
2017.04.06 15:00:22.190,9.59425,9.59573,1.00,1.00
2017.04.06 15:00:23.355,9.59424,9.59573,1.00,1.00
2017.04.06 15:00:24.376,9.59416,9.59563,1.00,1.00
2017.04.06 15:00:24.724,9.59416,9.59568,1.00,1.00
2017.04.06 15:00:24.775,9.59425,9.59571,1.00,1.00
2017.04.06 15:00:24.877,9.59425,9.59577,1.00,1.00
2017.04.06 15:00:25.079,9.59407,9.59561,1.00,1.00
2017.04.06 15:00:25.181,9.59407,9.59542,1.00,1.00
2017.04.06 15:00:25.282,9.59385,9.59542,1.00,1.00
2017.04.06 15:00:25.334,9.59378,9.5953,1.00,1.00
2017.04.06 15:00:25.638,9.59378,9.5952,1.00,1.00
2017.04.06 15:00:26.110,9.59359,9.59513,1.00,1.00
2017.04.06 15:00:26.414,9.59359,9.59511,1.00,1.00
2017.04.06 15:00:26.770,9.59349,9.59501,1.00,1.00
2017.04.06 15:00:27.074,9.59305,9.59457,1.00,1.00
2017.04.06 15:00:27.784,9.59317,9.59469,1.00,1.00
2017.04.06 15:00:27.936,9.59327,9.59481,1.00,1.00
2017.04.06 15:00:28.190,9.59314,9.59466,1.00,1.00
2017.04.06 15:00:28.662,9.59296,9.5945,1.50,1.00
2017.04.06 15:00:28.866,9.59305,9.59457,1.00,1.00
2017.04.06 15:00:29.170,9.59331,9.59483,1.00,1.00
2017.04.06 15:00:29.475,9.59352,9.59504,1.00,1.00
2017.04.06 15:00:30.129,9.59341,9.59491,1.00,1.00
2017.04.06 15:00:30.332,9.59314,9.59466,1.00,1.00
2017.04.06 15:00:30.383,9.59296,9.59443,1.00,1.00
2017.04.06 15:00:30.434,9.59291,9.59443,1.00,1.00
2017.04.06 15:00:31.384,9.59313,9.59462,1.00,1.00
2017.04.06 15:00:31.586,9.59301,9.59453,1.00,1.00
2017.04.06 15:00:33.337,9.59301,9.59437,1.00,1.00
2017.04.06 15:00:34.914,9.593,9.59437,1.00,1.00
2017.04.06 15:00:37.613,9.593,9.59452,1.00,1.00
2017.04.06 15:00:37.664,9.593,9.59437,1.00,1.00
2017.04.06 15:00:38.019,9.5929,9.59437,1.00,1.00
2017.04.06 15:00:38.121,9.59279,9.59431,1.00,1.00
2017.04.06 15:00:38.375,9.5929,9.59437,1.00,1.00
2017.04.06 15:00:41.133,9.59279,9.59431,1.00,1.00
2017.04.06 15:00:42.280,9.59291,9.59437,1.00,1.00
2017.04.06 15:00:42.483,9.59301,9.59455,1.00,1.00
2017.04.06 15:00:42.685,9.59301,9.5944,1.00,1.00
2017.04.06 15:00:43.149,9.59314,9.59452,1.00,1.00
2017.04.06 15:00:43.250,9.59314,9.59461,1.00,1.00
2017.04.06 15:00:43.301,9.59314,9.59461,1.07,1.00
2017.04.06 15:00:43.352,9.59314,9.59465,1.07,1.00
2017.04.06 15:00:43.658,9.59314,9.59465,1.00,1.00
2017.04.06 15:00:44.114,9.59329,9.59465,1.10,1.00
2017.04.06 15:00:44.216,9.59329,9.59488,1.07,1.00
2017.04.06 15:00:44.267,9.59329,9.59497,1.07,1.00
2017.04.06 15:00:44.500,9.59335,9.59509,1.00,1.00
2017.04.06 15:00:44.906,9.59335,9.5949,1.00,1.00
2017.04.06 15:00:45.210,9.59351,9.5949,1.00,1.00
2017.04.06 15:00:45.464,9.59351,9.59505,1.00,1.00
2017.04.06 15:00:45.565,9.59361,9.59515,1.00,1.00
2017.04.06 15:00:45.897,9.59373,9.59525,1.00,1.00
2017.04.06 15:00:46.153,9.59386,9.59539,1.00,1.00
2017.04.06 15:00:46.860,9.59401,9.59553,1.00,1.00
2017.04.06 15:00:47.542,9.59378,9.59554,1.00,1.00
2017.04.06 15:00:49.638,9.59407,9.59559,1.00,1.00
2017.04.06 15:00:49.689,9.59386,9.59555,1.00,1.00
2017.04.06 15:00:50.331,9.59407,9.59559,1.00,1.00
2017.04.06 15:00:50.382,9.59387,9.59556,1.00,1.00
2017.04.06 15:00:50.666,9.59407,9.59559,1.00,1.00
2017.04.06 15:00:52.132,9.59387,9.59559,1.00,1.00
2017.04.06 15:00:52.335,9.59407,9.59561,1.00,1.00
2017.04.06 15:00:53.483,9.59408,9.59562,1.00,1.50
2017.04.06 15:00:53.866,9.59387,9.59561,1.00,1.00
2017.04.06 15:00:54.966,9.59413,9.59562,1.00,1.00
2017.04.06 15:00:55.017,9.59425,9.59579,1.00,1.50
2017.04.06 15:00:55.371,9.59398,9.5955,1.00,1.00
2017.04.06 15:00:55.675,9.59413,9.59565,1.00,1.00
2017.04.06 15:00:56.869,9.59399,9.59551,1.00,1.00
2017.04.06 15:00:57.274,9.5941,9.59562,1.00,1.00
2017.04.06 15:00:57.579,9.59435,9.59587,1.00,1.00
2017.04.06 15:00:58.022,9.59426,9.59561,1.00,1.00
2017.04.06 15:00:58.073,9.59409,9.59561,1.00,1.00
2017.04.06 15:00:58.124,9.59433,9.59566,1.00,1.00
2017.04.06 15:00:58.175,9.59433,9.59585,1.00,1.00
2017.04.06 15:00:58.377,9.59421,9.59573,1.00,1.00
2017.04.06 15:00:58.542,9.59418,9.59572,1.00,1.00
2017.04.06 15:00:58.645,9.59418,9.59567,1.00,1.00
2017.04.06 15:00:58.949,9.59421,9.59567,1.00,1.00
2017.04.06 15:00:59.158,9.59387,9.59567,1.00,1.50
2017.04.06 15:00:59.310,9.59387,9.59554,1.00,1.00
2017.04.06 15:00:59.663,9.59387,9.59561,1.00,1.00
2017.04.06 15:01:00.792,9.59387,9.59556,1.00,1.00
2017.04.06 15:01:01.991,9.59387,9.59561,1.00,1.00
2017.04.06 15:01:03.811,9.59419,9.59571,1.00,1.00
2017.04.06 15:01:04.064,9.59433,9.59587,1.00,1.00
2017.04.06 15:01:04.648,9.59423,9.59575,1.00,1.00
2017.04.06 15:01:04.800,9.59387,9.5957,1.00,1.00
2017.04.06 15:01:04.952,9.59387,9.59566,1.00,1.00
2017.04.06 15:01:05.307,9.59415,9.59566,1.00,1.00
2017.04.06 15:01:05.712,9.59427,9.59579,1.00,1.00
2017.04.06 15:01:06.018,9.59427,9.5956,1.00,1.00
2017.04.06 15:01:07.531,9.59389,9.5956,1.00,1.00
2017.04.06 15:01:07.682,9.59389,9.59551,1.00,1.00
2017.04.06 15:01:07.986,9.59391,9.59543,1.00,1.50
2017.04.06 15:01:08.494,9.59391,9.59535,1.00,1.00
2017.04.06 15:01:09.228,9.59391,9.59523,1.00,1.00
2017.04.06 15:01:09.431,9.5938,9.59523,1.00,1.00
2017.04.06 15:01:09.582,9.59398,9.59523,1.00,1.00
2017.04.06 15:01:09.886,9.59398,9.59531,1.00,1.00
2017.04.06 15:01:10.114,9.59398,9.59523,1.00,1.00
2017.04.06 15:01:10.468,9.59382,9.59523,1.00,1.00
2017.04.06 15:01:10.859,9.5938,9.59523,1.00,1.00
2017.04.06 15:01:11.362,9.59379,9.59523,1.00,1.12
2017.04.06 15:01:11.413,9.59346,9.59498,1.00,1.00
2017.04.06 15:01:11.515,9.59344,9.59496,1.00,1.00
2017.04.06 15:01:11.869,9.59351,9.59501,1.00,1.00
2017.04.06 15:01:11.920,9.59351,9.59521,1.00,1.00
2017.04.06 15:01:12.122,9.59351,9.59516,1.00,1.00
2017.04.06 15:01:12.426,9.59374,9.59516,1.00,1.00
2017.04.06 15:01:12.555,9.59374,9.59521,1.00,1.00
2017.04.06 15:01:12.606,9.59374,9.59512,1.00,1.00
2017.04.06 15:01:13.012,9.59374,9.59522,1.00,1.00
2017.04.06 15:01:13.115,9.59374,9.59514,1.00,1.00
2017.04.06 15:01:14.029,9.59374,9.59503,1.00,1.00
2017.04.06 15:01:16.917,9.59374,9.59513,1.00,1.00
2017.04.06 15:01:17.349,9.59374,9.59521,1.00,1.00
2017.04.06 15:01:17.502,9.59374,9.5951,1.00,1.00
2017.04.06 15:01:18.434,9.59374,9.59518,1.00,1.00
2017.04.06 15:01:18.734,9.59374,9.59534,1.00,1.00
2017.04.06 15:01:18.835,9.59374,9.59517,1.00,1.00
2017.04.06 15:01:19.139,9.59374,9.59507,1.00,1.00
2017.04.06 15:01:19.848,9.59374,9.59514,1.00,1.00
2017.04.06 15:01:19.992,9.59365,9.59504,1.00,1.00
2017.04.06 15:01:20.448,9.59365,9.59494,1.00,1.00
2017.04.06 15:01:20.550,9.59365,9.59502,1.00,1.00
2017.04.06 15:01:20.955,9.59365,9.59511,1.00,1.00
2017.04.06 15:01:21.913,9.59358,9.59503,1.00,1.00
2017.04.06 15:01:22.014,9.59358,9.59535,1.00,1.87
2017.04.06 15:01:22.065,9.59358,9.5952,1.00,1.00
2017.04.06 15:01:22.411,9.59388,9.59526,1.00,1.00
2017.04.06 15:01:22.613,9.59362,9.59526,1.00,1.00
2017.04.06 15:01:22.715,9.59362,9.59501,1.00,1.00
2017.04.06 15:01:23.316,9.59371,9.59501,1.00,1.00
2017.04.06 15:01:23.418,9.59371,9.59511,1.00,1.00
2017.04.06 15:01:23.671,9.59361,9.59511,1.00,1.00
2017.04.06 15:01:23.722,9.59361,9.59499,1.00,1.00
2017.04.06 15:01:24.908,9.5937,9.59499,1.00,1.00
2017.04.06 15:01:25.892,9.59354,9.59499,1.00,1.00
2017.04.06 15:01:25.943,9.59354,9.5949,1.00,1.00
2017.04.06 15:01:26.044,9.59354,9.59497,1.00,1.00
2017.04.06 15:01:26.247,9.59354,9.59504,1.00,1.00
2017.04.06 15:01:26.297,9.59371,9.59504,1.00,1.00
2017.04.06 15:01:26.349,9.59371,9.59523,1.00,1.00
2017.04.06 15:01:26.450,9.59371,9.59519,1.00,1.00
2017.04.06 15:01:26.918,9.59352,9.5951,1.00,1.37
2017.04.06 15:01:26.970,9.5933,9.59482,1.00,1.00
2017.04.06 15:01:27.275,9.59313,9.59465,1.00,1.00
2017.04.06 15:01:27.579,9.59336,9.59469,1.00,1.00
2017.04.06 15:01:27.630,9.59336,9.59488,1.00,1.00
2017.04.06 15:01:27.989,9.59336,9.59488,1.00,1.37
2017.04.06 15:01:28.114,9.59326,9.59478,1.00,1.50
2017.04.06 15:01:28.369,9.59326,9.59465,1.00,1.00
2017.04.06 15:01:28.773,9.59326,9.59473,1.00,1.00
2017.04.06 15:01:29.021,9.59328,9.59473,1.00,1.00
2017.04.06 15:01:29.072,9.59328,9.5948,1.00,1.00
2017.04.06 15:01:29.780,9.59339,9.59491,1.00,1.50
2017.04.06 15:01:30.197,9.59311,9.59463,1.00,1.00
2017.04.06 15:01:30.349,9.59304,9.59458,1.00,1.00
2017.04.06 15:01:30.856,9.59332,9.59484,1.00,1.00
2017.04.06 15:01:31.160,9.5934,9.59489,1.00,1.00
2017.04.06 15:01:31.476,9.59353,9.59505,1.00,1.00
2017.04.06 15:01:32.748,9.5934,9.59503,1.00,1.00
2017.04.06 15:01:33.102,9.5936,9.59503,1.00,1.00
2017.04.06 15:01:33.153,9.5936,9.5951,1.00,1.00
2017.04.06 15:01:33.254,9.5936,9.59514,1.00,1.50
2017.04.06 15:01:35.057,9.5936,9.59512,1.00,1.00
2017.04.06 15:01:38.540,9.59364,9.59516,1.00,1.50
2017.04.06 15:01:39.365,9.5937,9.59522,1.00,1.00
2017.04.06 15:01:39.668,9.59387,9.59539,1.00,1.50
2017.04.06 15:01:40.073,9.59415,9.59562,1.00,1.00
2017.04.06 15:01:40.690,9.59415,9.59567,1.00,1.00
2017.04.06 15:01:42.335,9.59435,9.59584,1.00,1.00
2017.04.06 15:01:42.386,9.59435,9.59589,1.00,1.00
2017.04.06 15:01:42.488,9.59418,9.5957,1.00,1.00
2017.04.06 15:01:43.129,9.59445,9.59597,1.00,1.50
2017.04.06 15:01:43.483,9.59456,9.59608,1.00,1.50
2017.04.06 15:01:44.876,9.59468,9.5962,1.00,1.00
2017.04.06 15:01:45.907,9.59483,9.59635,1.00,1.00
2017.04.06 15:01:50.068,9.59489,9.59641,1.00,1.00
2017.04.06 15:01:51.333,9.59494,9.59646,1.00,1.00
2017.04.06 15:01:52.834,9.59483,9.59635,1.00,1.00
2017.04.06 15:01:53.366,9.59478,9.5963,1.00,1.00
2017.04.06 15:01:53.599,9.59466,9.5962,1.00,1.00
2017.04.06 15:01:54.005,9.5945,9.59602,1.00,1.00
2017.04.06 15:01:54.056,9.59463,9.59617,1.00,1.00
2017.04.06 15:01:54.114,9.59518,9.59625,1.00,1.00
2017.04.06 15:01:54.216,9.59476,9.59628,1.00,1.00
2017.04.06 15:01:57.607,9.59503,9.59653,1.00,1.00
2017.04.06 15:01:57.658,9.59503,9.59655,1.00,1.00
2017.04.06 15:01:58.594,9.59514,9.59666,1.00,1.00
2017.04.06 15:01:58.855,9.59524,9.5968,1.00,1.00
2017.04.06 15:01:59.058,9.59548,9.59701,1.00,1.00
2017.04.06 15:01:59.362,9.59568,9.5972,1.00,1.00
2017.04.06 15:01:59.717,9.59558,9.5971,1.00,1.00
2017.04.06 15:02:00.353,9.59569,9.59721,1.00,1.00
2017.04.06 15:02:00.759,9.59579,9.59731,1.00,1.00
2017.04.06 15:02:01.351,9.5959,9.59742,1.00,1.00
2017.04.06 15:02:05.206,9.59593,9.59747,1.00,1.00
2017.04.06 15:02:08.563,9.59599,9.59751,1.00,1.00
2017.04.06 15:02:09.859,9.59585,9.59737,1.00,1.00
2017.04.06 15:02:10.430,9.59603,9.59703,1.00,1.00
2017.04.06 15:02:10.481,9.59603,9.59744,1.00,1.00
2017.04.06 15:02:10.583,9.59578,9.5973,1.00,1.00
2017.04.06 15:02:10.914,9.59554,9.59706,1.00,1.00
2017.04.06 15:02:11.218,9.59578,9.5973,1.00,1.00
2017.04.06 15:02:11.927,9.59565,9.59717,1.00,1.00
2017.04.06 15:02:12.257,9.59582,9.59734,1.00,1.00
2017.04.06 15:02:12.561,9.59593,9.59745,1.00,1.00
2017.04.06 15:02:12.872,9.59607,9.59759,1.00,1.00
2017.04.06 15:02:13.641,9.59618,9.5977,1.00,1.00
2017.04.06 15:02:14.864,9.59607,9.59759,1.00,1.00
2017.04.06 15:02:20.101,9.59609,9.59761,1.00,1.00
2017.04.06 15:02:22.166,9.59599,9.59751,1.00,1.00
2017.04.06 15:02:23.152,9.59597,9.59749,1.00,1.00
2017.04.06 15:02:27.222,9.59602,9.59754,1.00,1.00
2017.04.06 15:02:28.109,9.59578,9.5973,1.00,1.00
2017.04.06 15:02:29.746,9.59578,9.59728,1.00,1.00
2017.04.06 15:02:29.849,9.59578,9.5973,1.00,1.00
2017.04.06 15:02:30.152,9.59578,9.59728,1.00,1.00
2017.04.06 15:02:30.355,9.59578,9.5973,1.00,1.00
2017.04.06 15:02:30.557,9.59578,9.59728,1.00,1.00
2017.04.06 15:02:32.236,9.59568,9.5972,1.00,1.00
2017.04.06 15:02:32.660,9.59568,9.59713,1.00,1.00
2017.04.06 15:02:32.812,9.59556,9.59708,1.00,1.00
2017.04.06 15:02:32.965,9.59556,9.59704,1.00,1.00
2017.04.06 15:02:33.066,9.59545,9.59696,1.00,1.00
2017.04.06 15:02:33.470,9.59545,9.59688,1.00,1.00
2017.04.06 15:02:33.622,9.59532,9.59686,1.00,1.00
2017.04.06 15:02:33.925,9.59532,9.59681,1.00,1.00
2017.04.06 15:02:34.252,9.59532,9.5967,1.00,1.00
2017.04.06 15:02:34.303,9.59514,9.5967,1.00,1.00
2017.04.06 15:02:34.404,9.595,9.5967,1.00,1.00
2017.04.06 15:02:34.657,9.595,9.59661,1.00,1.00
2017.04.06 15:02:34.961,9.59501,9.59652,1.00,1.00
2017.04.06 15:02:35.220,9.5948,9.59632,1.00,1.00
2017.04.06 15:02:35.626,9.59469,9.59621,1.00,1.00
2017.04.06 15:02:36.966,9.59454,9.59606,1.00,1.00
2017.04.06 15:02:37.270,9.59466,9.59618,1.00,1.00
2017.04.06 15:02:37.574,9.59455,9.59607,1.00,1.00
2017.04.06 15:02:37.877,9.59439,9.59593,1.00,1.00
2017.04.06 15:02:38.848,9.59436,9.59588,1.00,1.00
2017.04.06 15:02:39.705,9.5943,9.59582,1.00,1.00
2017.04.06 15:02:39.857,9.59419,9.59573,1.00,1.00
2017.04.06 15:02:39.958,9.59424,9.5957,1.00,1.00
2017.04.06 15:02:40.009,9.59409,9.59561,1.00,1.00
2017.04.06 15:02:40.166,9.59409,9.59558,1.00,1.00
2017.04.06 15:02:40.570,9.59409,9.59561,1.00,1.00
2017.04.06 15:02:41.154,9.59409,9.59558,1.00,1.00
2017.04.06 15:02:41.615,9.59385,9.59537,1.00,1.00
2017.04.06 15:02:41.716,9.59398,9.59548,1.00,1.00
2017.04.06 15:02:41.767,9.59398,9.5955,1.00,1.00
2017.04.06 15:02:41.869,9.59369,9.59521,1.00,1.00
2017.04.06 15:02:42.173,9.5932,9.59472,1.00,1.00
2017.04.06 15:02:42.568,9.59296,9.59448,1.00,1.00
2017.04.06 15:02:42.872,9.59307,9.59459,1.00,1.00
2017.04.06 15:02:43.331,9.59318,9.59462,1.00,1.00
2017.04.06 15:02:43.690,9.59318,9.59448,1.00,1.00
2017.04.06 15:02:44.128,9.59305,9.59448,1.00,1.00
2017.04.06 15:02:45.108,9.59325,9.59448,1.15,1.00
2017.04.06 15:02:45.210,9.59315,9.59457,1.15,1.00
2017.04.06 15:02:45.311,9.59315,9.59467,1.15,1.00
2017.04.06 15:02:45.451,9.59315,9.59459,1.15,1.00
2017.04.06 15:02:45.502,9.59337,9.59483,1.00,1.00
2017.04.06 15:02:47.612,9.59337,9.59489,1.15,1.00
2017.04.06 15:02:47.713,9.59337,9.59489,1.00,1.00
2017.04.06 15:02:47.764,9.59337,9.59489,1.15,1.00
2017.04.06 15:02:47.816,9.59337,9.59489,1.00,1.00
2017.04.06 15:02:48.120,9.59348,9.595,1.15,1.50
2017.04.06 15:02:48.544,9.59359,9.59511,1.15,1.00
2017.04.06 15:02:48.595,9.59359,9.59511,1.15,1.00
2017.04.06 15:02:48.646,9.59359,9.59511,1.00,1.00
2017.04.06 15:02:48.697,9.59359,9.59511,1.15,1.00
2017.04.06 15:02:49.203,9.59359,9.59511,1.15,1.00
2017.04.06 15:02:49.524,9.59359,9.59511,1.15,1.00
2017.04.06 15:02:50.209,9.59363,9.59515,1.15,1.00
2017.04.06 15:02:50.873,9.59369,9.59521,1.15,1.00
2017.04.06 15:02:51.381,9.59369,9.59521,1.15,1.00
2017.04.06 15:02:51.840,9.59388,9.59523,1.15,1.00
2017.04.06 15:02:51.941,9.59388,9.59535,1.15,1.00
2017.04.06 15:02:52.042,9.59374,9.59526,1.15,1.00
2017.04.06 15:02:52.346,9.59374,9.59526,1.15,1.00
2017.04.06 15:02:52.853,9.59384,9.59536,1.15,1.00
2017.04.06 15:02:53.106,9.59395,9.59545,1.15,1.00
2017.04.06 15:02:53.308,9.59413,9.59562,1.15,1.00
2017.04.06 15:02:53.359,9.59423,9.59562,1.15,1.00
2017.04.06 15:02:53.410,9.59423,9.59571,1.15,1.00
2017.04.06 15:02:53.929,9.59423,9.59571,1.15,1.00
2017.04.06 15:02:54.081,9.59423,9.59571,1.00,1.00
2017.04.06 15:02:54.132,9.59423,9.59571,1.15,1.00
2017.04.06 15:02:54.233,9.59423,9.59577,1.15,1.00
2017.04.06 15:02:54.284,9.59435,9.59584,1.00,1.00
2017.04.06 15:02:54.335,9.59435,9.59587,1.15,1.00
2017.04.06 15:02:54.386,9.59435,9.59587,1.00,1.00
2017.04.06 15:02:54.437,9.59435,9.59585,1.00,1.00
2017.04.06 15:02:54.742,9.59435,9.59577,1.00,1.00
2017.04.06 15:02:55.096,9.59423,9.59575,1.00,1.00
2017.04.06 15:02:55.248,9.59423,9.59567,1.00,1.00
2017.04.06 15:02:55.739,9.59423,9.59575,1.00,1.50
2017.04.06 15:02:55.942,9.59423,9.59567,1.00,1.00
2017.04.06 15:02:56.944,9.59423,9.59567,1.15,1.00
2017.04.06 15:02:57.268,9.59423,9.59575,1.15,1.50
2017.04.06 15:02:57.319,9.59423,9.59567,1.00,1.00
2017.04.06 15:03:00.363,9.59423,9.59575,1.00,1.50
2017.04.06 15:03:03.958,9.59423,9.59567,1.00,1.00
2017.04.06 15:03:04.060,9.59423,9.59575,1.00,1.00
2017.04.06 15:03:04.111,9.59425,9.59576,1.00,1.00
2017.04.06 15:03:04.561,9.59425,9.59566,1.00,1.00
2017.04.06 15:03:04.863,9.59453,9.59576,1.07,1.00
2017.04.06 15:03:05.015,9.59443,9.59583,1.15,1.00
2017.04.06 15:03:05.066,9.59443,9.59592,1.15,1.00
2017.04.06 15:03:05.117,9.59443,9.59592,1.00,1.00
2017.04.06 15:03:05.168,9.59461,9.59592,1.45,1.00
2017.04.06 15:03:05.219,9.59461,9.59592,1.00,1.00
2017.04.06 15:03:05.270,9.59461,9.59613,1.00,1.43
2017.04.06 15:03:05.777,9.59461,9.59613,1.00,1.43
2017.04.06 15:03:05.828,9.59477,9.5962,1.00,1.28
2017.04.06 15:03:06.608,9.59463,9.59614,1.00,1.65
2017.04.06 15:03:06.810,9.59451,9.59602,1.00,1.00
2017.04.06 15:03:06.962,9.59451,9.59594,1.00,1.00
2017.04.06 15:03:07.114,9.5944,9.59592,1.00,1.00
2017.04.06 15:03:07.352,9.5943,9.59582,1.00,1.00
2017.04.06 15:03:07.655,9.5943,9.59573,1.00,1.00
2017.04.06 15:03:07.807,9.59419,9.59571,1.00,1.00
2017.04.06 15:03:07.959,9.59419,9.59565,1.00,1.00
2017.04.06 15:03:08.790,9.59424,9.59565,1.00,1.00
2017.04.06 15:03:09.246,9.59423,9.59568,1.00,1.00
2017.04.06 15:03:10.754,9.59423,9.59559,1.00,1.00
2017.04.06 15:03:11.855,9.59408,9.59559,1.00,1.00
2017.04.06 15:03:11.956,9.59408,9.59551,1.00,1.00
2017.04.06 15:03:12.108,9.59395,9.59547,1.00,1.00
2017.04.06 15:03:12.160,9.59395,9.59541,1.00,1.00
2017.04.06 15:03:12.464,9.59395,9.59537,1.00,1.00
2017.04.06 15:03:12.767,9.59373,9.59525,1.00,1.00
2017.04.06 15:03:12.819,9.59357,9.59509,1.00,1.00
2017.04.06 15:03:13.340,9.59363,9.5951,1.00,1.00
2017.04.06 15:03:13.391,9.59363,9.59515,1.00,1.00
2017.04.06 15:03:13.776,9.59374,9.59526,1.00,1.50
2017.04.06 15:03:14.670,9.59401,9.59541,1.00,1.00
2017.04.06 15:03:14.975,9.59415,9.59575,1.15,1.00
2017.04.06 15:03:15.076,9.59415,9.59584,1.15,1.00
2017.04.06 15:03:15.278,9.59463,9.59584,1.00,1.00
2017.04.06 15:03:15.481,9.59496,9.59647,1.15,1.00
2017.04.06 15:03:15.532,9.59531,9.5965,1.07,1.00
2017.04.06 15:03:15.584,9.59531,9.59657,1.07,1.00
2017.04.06 15:03:15.687,9.59531,9.59675,1.07,1.00
2017.04.06 15:03:15.788,9.59531,9.59669,1.07,1.00
2017.04.06 15:03:16.105,9.59511,9.59663,1.07,1.00
2017.04.06 15:03:16.156,9.59511,9.59663,1.00,1.00
2017.04.06 15:03:16.387,9.59496,9.59648,1.00,1.00
2017.04.06 15:03:16.690,9.59512,9.59653,1.00,1.00
2017.04.06 15:03:16.792,9.59512,9.59663,1.00,1.00
2017.04.06 15:03:17.196,9.59512,9.59653,1.00,1.00
2017.04.06 15:03:17.500,9.59502,9.59653,1.00,1.00
2017.04.06 15:03:17.601,9.59484,9.59636,1.00,1.00
2017.04.06 15:03:19.791,9.59484,9.59628,1.00,1.00
2017.04.06 15:03:20.048,9.59473,9.59625,1.00,1.00
2017.04.06 15:03:20.414,9.59473,9.59619,1.00,1.00
2017.04.06 15:03:20.616,9.59462,9.59614,1.00,1.00
2017.04.06 15:03:20.719,9.59462,9.59609,1.00,1.00
2017.04.06 15:03:21.298,9.59462,9.59602,1.00,1.00
2017.04.06 15:03:21.602,9.59462,9.59594,1.00,1.00
2017.04.06 15:03:23.726,9.59458,9.59594,1.00,1.00
2017.04.06 15:03:24.781,9.59436,9.59594,1.00,1.00
2017.04.06 15:03:24.832,9.59436,9.59586,1.00,1.00
2017.04.06 15:03:25.169,9.59436,9.59578,1.00,1.00
2017.04.06 15:03:25.330,9.59425,9.59578,1.00,1.00
2017.04.06 15:03:25.431,9.59425,9.59586,1.00,1.00
2017.04.06 15:03:25.532,9.59453,9.5959,1.00,1.00
2017.04.06 15:03:25.634,9.59456,9.59597,1.00,1.00
2017.04.06 15:03:25.735,9.59456,9.59605,1.00,1.00
2017.04.06 15:03:25.837,9.5943,9.59592,1.00,1.00
2017.04.06 15:03:25.888,9.59448,9.59593,1.00,1.00
2017.04.06 15:03:26.041,9.5943,9.59579,1.00,1.00
2017.04.06 15:03:26.244,9.5943,9.5957,1.00,1.00
2017.04.06 15:03:26.940,9.5943,9.59579,1.00,1.00
2017.04.06 15:03:27.041,9.5943,9.5957,1.00,1.00
2017.04.06 15:03:29.031,9.5943,9.59558,1.00,1.00
2017.04.06 15:03:29.334,9.5943,9.59553,1.00,1.00
2017.04.06 15:03:29.752,9.5943,9.59562,1.00,1.00
2017.04.06 15:03:29.853,9.5943,9.59554,1.00,1.00
2017.04.06 15:03:30.821,9.5943,9.59546,1.00,1.00
2017.04.06 15:03:31.054,9.59413,9.59546,1.00,1.00
2017.04.06 15:03:31.156,9.59413,9.59554,1.00,1.00
2017.04.06 15:03:33.244,9.59413,9.59546,1.00,1.00
2017.04.06 15:03:34.068,9.59403,9.59534,1.00,1.00
2017.04.06 15:03:34.169,9.59386,9.59538,1.00,1.00
2017.04.06 15:03:34.220,9.5943,9.59541,1.57,1.00
2017.04.06 15:03:34.372,9.59424,9.59566,1.00,1.00
2017.04.06 15:03:34.474,9.59424,9.59579,1.00,1.00
2017.04.06 15:03:34.576,9.59424,9.59569,1.00,1.00
2017.04.06 15:03:34.930,9.59414,9.59564,1.00,1.00
2017.04.06 15:03:34.981,9.59414,9.59552,1.00,1.00
2017.04.06 15:03:35.285,9.59414,9.59545,1.00,1.00
2017.04.06 15:03:35.565,9.59398,9.59545,1.00,1.00
2017.04.06 15:03:35.666,9.59396,9.59545,1.00,1.00
2017.04.06 15:03:36.020,9.59393,9.59545,1.00,1.50
2017.04.06 15:03:36.995,9.59397,9.59545,1.00,1.00
2017.04.06 15:03:37.504,9.59396,9.59545,1.00,1.00
2017.04.06 15:03:40.345,9.59391,9.59543,1.00,1.00
2017.04.06 15:03:40.497,9.59391,9.59535,1.00,1.00
2017.04.06 15:03:42.137,9.59407,9.59535,1.00,1.00
2017.04.06 15:03:42.188,9.59396,9.59546,1.00,1.00
2017.04.06 15:03:42.239,9.59392,9.59544,1.00,1.00
2017.04.06 15:03:42.678,9.59395,9.59546,1.00,1.00
2017.04.06 15:03:51.355,9.59406,9.59546,1.00,1.00
2017.04.06 15:03:53.793,9.59393,9.59546,1.00,1.00
2017.04.06 15:03:54.374,9.59392,9.59546,1.00,1.00
2017.04.06 15:03:55.317,9.59423,9.59546,1.00,1.00
2017.04.06 15:03:55.419,9.59429,9.59555,1.00,1.00
2017.04.06 15:03:55.521,9.59429,9.59575,1.00,1.00
2017.04.06 15:03:55.572,9.59429,9.59581,1.00,1.00
2017.04.06 15:03:55.784,9.59429,9.59591,1.00,1.00
2017.04.06 15:03:55.835,9.59423,9.59591,1.00,1.00
2017.04.06 15:03:55.886,9.59423,9.59596,1.00,1.00
2017.04.06 15:03:56.292,9.59429,9.59596,1.00,1.00
2017.04.06 15:03:56.597,9.59461,9.59611,1.00,1.00
2017.04.06 15:03:56.698,9.59461,9.59613,1.00,1.00
2017.04.06 15:03:56.800,9.59461,9.59611,1.00,1.00
2017.04.06 15:03:57.030,9.59431,9.59607,1.00,1.00
2017.04.06 15:03:57.387,9.59463,9.59611,1.00,1.00
2017.04.06 15:03:58.110,9.59463,9.59604,1.00,1.00
2017.04.06 15:04:01.229,9.59463,9.59612,1.00,1.00
2017.04.06 15:04:01.280,9.59432,9.5961,1.00,1.00
2017.04.06 15:04:01.433,9.59432,9.59603,1.00,1.00
2017.04.06 15:04:01.813,9.59455,9.59603,1.00,1.00
2017.04.06 15:04:01.956,9.59459,9.59611,1.00,1.00
2017.04.06 15:04:02.108,9.59432,9.59613,1.00,1.00
2017.04.06 15:04:02.260,9.59432,9.59605,1.00,1.00
2017.04.06 15:04:02.564,9.59455,9.59605,1.00,1.00
2017.04.06 15:04:02.867,9.59468,9.59614,1.00,1.00
2017.04.06 15:04:03.170,9.59468,9.59605,1.00,1.00
2017.04.06 15:04:05.049,9.59431,9.59605,1.00,1.00
2017.04.06 15:04:05.150,9.59431,9.59589,1.00,1.00
2017.04.06 15:04:05.251,9.59431,9.59606,1.00,1.00
2017.04.06 15:04:05.353,9.59442,9.59594,1.00,1.00
2017.04.06 15:04:05.766,9.59442,9.59581,1.00,1.00
2017.04.06 15:04:05.919,9.59431,9.59581,1.00,1.00
2017.04.06 15:04:05.970,9.59467,9.59589,1.00,1.00
2017.04.06 15:04:06.022,9.59432,9.59589,1.00,1.00
2017.04.06 15:04:06.073,9.59432,9.59604,1.00,1.00
2017.04.06 15:04:06.326,9.59432,9.59596,1.00,1.00
2017.04.06 15:04:06.377,9.59432,9.59598,1.00,1.00
2017.04.06 15:04:06.428,9.59442,9.59594,1.00,1.00
2017.04.06 15:04:06.732,9.59428,9.59576,1.00,1.00
2017.04.06 15:04:06.833,9.59428,9.5958,1.00,1.00
2017.04.06 15:04:06.935,9.59428,9.59576,1.00,1.00
2017.04.06 15:04:07.138,9.59428,9.5958,1.00,1.00
2017.04.06 15:04:08.798,9.59436,9.59587,1.00,1.00
2017.04.06 15:04:09.549,9.59436,9.59588,1.00,1.00
2017.04.06 15:04:09.900,9.59434,9.59586,1.00,1.00
2017.04.06 15:04:10.356,9.59432,9.596,1.00,1.00
2017.04.06 15:04:10.458,9.59432,9.59605,1.00,1.00
2017.04.06 15:04:10.770,9.59464,9.59614,1.00,1.00
2017.04.06 15:04:11.096,9.59485,9.59614,1.00,1.00
2017.04.06 15:04:11.147,9.59485,9.59637,1.00,1.00
2017.04.06 15:04:11.501,9.59485,9.59637,1.15,1.00
2017.04.06 15:04:11.552,9.59485,9.59637,1.00,1.00
2017.04.06 15:04:11.956,9.59498,9.5965,1.15,1.00
2017.04.06 15:04:12.058,9.59531,9.59667,1.10,1.00
2017.04.06 15:04:12.202,9.59531,9.59675,1.00,1.00
2017.04.06 15:04:12.253,9.59542,9.59694,1.00,1.00
2017.04.06 15:04:13.113,9.59544,9.59696,1.00,1.50
2017.04.06 15:04:13.567,9.59544,9.59691,1.00,1.00
2017.04.06 15:04:17.479,9.59543,9.59691,1.00,1.00
2017.04.06 15:04:20.347,9.5954,9.59691,1.00,1.00
2017.04.06 15:04:23.882,9.59527,9.59679,1.00,1.00
2017.04.06 15:04:30.628,9.59543,9.59691,1.00,1.00
2017.04.06 15:04:31.860,9.59543,9.59691,1.15,1.00
2017.04.06 15:04:31.911,9.59543,9.59695,1.00,1.00
2017.04.06 15:04:31.962,9.59543,9.59691,1.15,1.00
2017.04.06 15:04:32.013,9.59543,9.59695,1.15,1.00
2017.04.06 15:04:32.064,9.59543,9.59691,1.15,1.00
2017.04.06 15:04:32.115,9.59555,9.59707,1.15,1.00
2017.04.06 15:04:32.166,9.59555,9.59691,1.00,1.00
2017.04.06 15:04:32.217,9.59555,9.59707,1.15,1.00
2017.04.06 15:04:32.268,9.59516,9.59665,1.00,1.00
2017.04.06 15:04:32.319,9.59539,9.59667,1.00,1.00
2017.04.06 15:04:32.422,9.5955,9.59691,2.62,1.00
2017.04.06 15:04:32.473,9.59545,9.5965,1.00,1.50
2017.04.06 15:04:32.524,9.59506,9.59658,1.50,1.00
2017.04.06 15:04:32.576,9.59546,9.5969,1.00,1.00
2017.04.06 15:04:32.728,9.59546,9.59692,1.00,1.00
2017.04.06 15:04:32.779,9.59546,9.5966,1.00,1.00
2017.04.06 15:04:32.881,9.5951,9.5966,1.00,1.00
2017.04.06 15:04:32.932,9.5951,9.5965,1.00,1.00
2017.04.06 15:04:33.033,9.5946,9.5963,1.00,1.00
2017.04.06 15:04:33.203,9.5946,9.59595,1.00,1.00
2017.04.06 15:04:33.306,9.59435,9.59589,1.00,1.00
2017.04.06 15:04:33.560,9.59425,9.59577,1.00,1.00
2017.04.06 15:04:34.016,9.59425,9.59573,1.00,1.00
2017.04.06 15:04:34.219,9.59425,9.59577,1.00,1.00
2017.04.06 15:04:35.154,9.5945,9.59589,1.00,1.00
2017.04.06 15:04:35.205,9.5945,9.59595,1.00,1.00
2017.04.06 15:04:35.786,9.59437,9.59589,1.00,1.00
2017.04.06 15:04:35.887,9.59425,9.59579,1.00,1.00
2017.04.06 15:04:36.039,9.59425,9.59577,1.00,1.00
2017.04.06 15:04:36.358,9.59437,9.59577,1.00,1.00
2017.04.06 15:04:36.409,9.59437,9.59587,1.00,1.00
2017.04.06 15:04:36.510,9.59442,9.59587,1.00,1.00
2017.04.06 15:04:36.813,9.59429,9.59581,1.00,1.00
2017.04.06 15:04:37.016,9.59429,9.59577,1.00,1.00
2017.04.06 15:04:37.218,9.59429,9.59581,1.00,1.00
2017.04.06 15:04:37.585,9.59441,9.59586,1.00,1.00
2017.04.06 15:04:37.777,9.59441,9.59593,1.00,1.00
2017.04.06 15:04:37.881,9.59451,9.59594,1.00,1.00
2017.04.06 15:04:38.386,9.59451,9.59595,1.00,1.00
2017.04.06 15:04:38.892,9.5946,9.59595,1.00,1.00
2017.04.06 15:04:39.901,9.59461,9.59595,1.00,1.00
2017.04.06 15:04:40.999,9.59461,9.5961,1.00,1.00
2017.04.06 15:04:41.151,9.59461,9.59613,1.00,1.00
2017.04.06 15:04:41.546,9.59463,9.59615,1.00,1.00
2017.04.06 15:04:41.850,9.59472,9.59618,1.00,1.00
2017.04.06 15:04:41.901,9.59459,9.59611,1.00,1.00
2017.04.06 15:04:42.563,9.59469,9.59621,1.00,1.00
2017.04.06 15:04:42.887,9.59482,9.59618,1.00,1.00
2017.04.06 15:04:42.989,9.59482,9.59634,1.00,1.00
2017.04.06 15:04:43.040,9.59482,9.59636,1.00,1.00
2017.04.06 15:04:43.899,9.59481,9.59633,1.00,1.00
2017.04.06 15:04:44.285,9.59499,9.5965,1.00,1.00
2017.04.06 15:04:44.834,9.59499,9.59649,1.00,1.00
2017.04.06 15:04:45.138,9.59499,9.59645,1.00,1.00
2017.04.06 15:04:45.239,9.59499,9.59649,1.00,1.00
2017.04.06 15:04:45.391,9.59499,9.59645,1.00,1.00
2017.04.06 15:04:45.794,9.59499,9.59649,1.00,1.00
2017.04.06 15:04:48.892,9.59504,9.59649,1.00,1.00
2017.04.06 15:04:48.943,9.59504,9.59656,1.00,1.00
2017.04.06 15:04:49.208,9.59504,9.5965,1.00,1.00
2017.04.06 15:04:49.259,9.59516,9.59667,1.00,1.00
2017.04.06 15:04:49.513,9.59521,9.59671,1.00,1.00
2017.04.06 15:04:49.564,9.59521,9.59675,1.00,1.00
2017.04.06 15:04:49.665,9.59521,9.59673,1.00,1.00
2017.04.06 15:04:49.767,9.59521,9.59675,1.00,1.50
2017.04.06 15:04:50.534,9.59516,9.59668,1.00,1.00
2017.04.06 15:04:50.795,9.59483,9.59646,1.00,1.00
2017.04.06 15:04:50.846,9.59488,9.5964,1.00,1.00
2017.04.06 15:04:53.902,9.59493,9.59645,1.00,1.00
2017.04.06 15:04:54.584,9.59479,9.59631,1.00,1.00
2017.04.06 15:04:54.635,9.59484,9.59649,1.00,1.00
2017.04.06 15:04:58.013,9.59484,9.59646,1.00,1.00
2017.04.06 15:04:58.325,9.59484,9.59642,1.00,1.00
2017.04.06 15:04:58.996,9.59484,9.59649,1.00,1.50
2017.04.06 15:05:00.610,9.59462,9.59632,1.00,1.37
2017.04.06 15:05:00.661,9.59462,9.59632,1.00,1.00
2017.04.06 15:05:00.712,9.5951,9.59639,2.25,1.00
2017.04.06 15:05:00.813,9.59485,9.5965,1.00,1.00
2017.04.06 15:05:00.864,9.59485,9.59646,1.00,1.00
2017.04.06 15:05:00.915,9.59466,9.59636,1.50,1.00
2017.04.06 15:05:01.067,9.59466,9.59624,1.50,1.00
2017.04.06 15:05:01.354,9.59466,9.59631,1.00,1.00
2017.04.06 15:05:01.405,9.59503,9.59631,1.00,1.00
2017.04.06 15:05:01.456,9.59503,9.59639,1.00,1.00
2017.04.06 15:05:01.558,9.59503,9.59655,1.00,1.00
2017.04.06 15:05:01.609,9.59479,9.59631,1.00,1.00
2017.04.06 15:05:01.912,9.59484,9.59636,1.00,1.00
2017.04.06 15:05:02.367,9.59506,9.59641,1.00,1.00
2017.04.06 15:05:02.520,9.59506,9.59656,1.00,1.00
2017.04.06 15:05:03.531,9.59492,9.59644,1.00,1.00
2017.04.06 15:05:04.094,9.59502,9.59647,1.00,1.00
2017.04.06 15:05:04.196,9.59502,9.59654,1.00,1.00
2017.04.06 15:05:05.169,9.59513,9.59665,1.00,1.50
2017.04.06 15:05:06.432,9.59512,9.59664,1.00,1.00
2017.04.06 15:05:06.736,9.59523,9.59675,1.00,1.00
2017.04.06 15:05:07.101,9.59535,9.59685,1.00,1.00
2017.04.06 15:05:07.203,9.59535,9.59687,1.00,1.00
2017.04.06 15:05:07.304,9.59512,9.59666,1.00,1.00
2017.04.06 15:05:07.456,9.59526,9.59678,1.00,1.00
2017.04.06 15:05:07.507,9.59536,9.59689,1.00,1.00
2017.04.06 15:05:08.359,9.59526,9.59678,1.00,1.00
2017.04.06 15:05:08.664,9.59538,9.59689,1.00,1.00
2017.04.06 15:05:10.444,9.59524,9.59676,1.00,1.00
2017.04.06 15:05:10.546,9.59493,9.59669,1.00,1.00
2017.04.06 15:05:10.598,9.59498,9.59652,1.00,1.00
2017.04.06 15:05:10.943,9.59498,9.59648,1.00,1.00
2017.04.06 15:05:11.249,9.59518,9.59664,1.00,1.00
2017.04.06 15:05:11.401,9.59518,9.5967,1.00,1.00
2017.04.06 15:05:12.085,9.59529,9.59681,1.00,1.00
2017.04.06 15:05:13.916,9.59529,9.59679,1.00,1.00
2017.04.06 15:05:14.896,9.59529,9.59671,1.00,1.00
2017.04.06 15:05:15.200,9.59529,9.59666,1.00,1.00
2017.04.06 15:05:16.269,9.59512,9.59661,1.00,1.00
2017.04.06 15:05:17.495,9.59512,9.59653,1.00,1.00
2017.04.06 15:05:17.924,9.59512,9.59661,1.00,1.00
2017.04.06 15:05:18.726,9.595,9.59652,1.00,1.00
2017.04.06 15:05:18.935,9.595,9.59646,1.00,1.00
2017.04.06 15:05:19.036,9.595,9.59648,1.00,1.00
2017.04.06 15:05:19.188,9.595,9.59652,1.00,1.00
2017.04.06 15:05:19.489,9.595,9.59648,1.00,1.00
2017.04.06 15:05:20.005,9.595,9.59652,1.00,1.00
2017.04.06 15:05:20.123,9.595,9.59648,1.00,1.00
2017.04.06 15:05:20.464,9.59495,9.59647,1.00,1.00
2017.04.06 15:05:20.618,9.59487,9.59639,1.00,1.00
2017.04.06 15:05:20.871,9.59476,9.5964,1.00,1.00
2017.04.06 15:05:20.922,9.59476,9.5963,1.00,1.00
2017.04.06 15:05:21.276,9.59469,9.59621,1.00,1.00
2017.04.06 15:05:21.604,9.59469,9.59618,1.00,1.00
2017.04.06 15:05:21.705,9.59469,9.59621,1.00,1.00
2017.04.06 15:05:22.309,9.59469,9.59618,1.00,1.00
2017.04.06 15:05:22.720,9.59469,9.59616,1.00,1.00
2017.04.06 15:05:23.617,9.59469,9.5961,1.00,1.00
2017.04.06 15:05:23.668,9.59458,9.5961,1.00,1.50
2017.04.06 15:05:24.124,9.59439,9.59591,1.00,1.00
2017.04.06 15:05:24.428,9.59436,9.59588,1.00,1.00
2017.04.06 15:05:24.858,9.59452,9.59602,1.00,1.00
2017.04.06 15:05:25.160,9.59452,9.59595,1.00,1.00
2017.04.06 15:05:26.940,9.59462,9.59605,1.00,1.00
2017.04.06 15:05:27.041,9.59462,9.59614,1.00,1.00
2017.04.06 15:05:27.244,9.59462,9.59604,1.00,1.00
2017.04.06 15:05:28.731,9.59462,9.59604,1.15,1.00
2017.04.06 15:05:28.832,9.59462,9.59604,1.00,1.00
2017.04.06 15:05:29.293,9.59462,9.59597,1.00,1.00
2017.04.06 15:05:29.967,9.59462,9.59606,1.00,1.00
2017.04.06 15:05:30.018,9.59462,9.59606,1.15,1.00
2017.04.06 15:05:30.069,9.59462,9.59615,1.00,1.00
2017.04.06 15:05:30.170,9.59462,9.59615,1.07,1.00
2017.04.06 15:05:30.322,9.59462,9.59615,1.00,1.00
2017.04.06 15:05:30.373,9.59462,9.59615,1.15,1.00
2017.04.06 15:05:30.518,9.59462,9.59615,1.00,1.00
2017.04.06 15:05:30.571,9.59462,9.59606,1.00,1.00
2017.04.06 15:05:30.673,9.59462,9.59615,1.00,1.00
2017.04.06 15:05:30.775,9.59462,9.59607,1.00,1.00
2017.04.06 15:05:31.637,9.59462,9.59615,1.00,1.00
2017.04.06 15:05:32.089,9.59473,9.59615,1.00,1.00
2017.04.06 15:05:32.140,9.59472,9.59618,1.00,1.00
2017.04.06 15:05:32.191,9.59472,9.59624,1.00,1.50
2017.04.06 15:05:32.243,9.59472,9.59615,1.00,1.00
2017.04.06 15:05:32.294,9.59472,9.59624,1.00,1.00
2017.04.06 15:05:32.345,9.59472,9.59624,1.15,1.00
2017.04.06 15:05:32.498,9.59474,9.59621,1.00,1.00
2017.04.06 15:05:32.549,9.59474,9.59616,1.15,1.00
2017.04.06 15:05:32.600,9.59474,9.59626,1.00,1.50
2017.04.06 15:05:34.375,9.59436,9.59572,1.00,1.37
2017.04.06 15:05:34.476,9.5945,9.59597,1.00,1.00
2017.04.06 15:05:34.527,9.59474,9.59595,1.07,1.00
2017.04.06 15:05:34.651,9.59474,9.59597,1.00,1.00
2017.04.06 15:05:34.702,9.59474,9.59625,1.00,1.00
2017.04.06 15:05:34.753,9.59474,9.59614,1.00,1.00
2017.04.06 15:05:35.056,9.59474,9.59608,1.00,1.00
2017.04.06 15:05:35.385,9.59454,9.59608,1.00,1.00
2017.04.06 15:05:35.638,9.59467,9.59608,1.00,1.00
2017.04.06 15:05:35.689,9.59467,9.59614,1.00,1.00
2017.04.06 15:05:36.194,9.59467,9.59607,1.00,1.00
2017.04.06 15:05:36.296,9.59467,9.59614,1.00,1.00
2017.04.06 15:05:36.450,9.59455,9.59607,1.00,1.00
2017.04.06 15:05:36.934,9.59467,9.59607,1.00,1.00
2017.04.06 15:05:36.985,9.59467,9.59614,1.00,1.00
2017.04.06 15:05:38.985,9.59461,9.59613,1.00,1.00
2017.04.06 15:05:45.612,9.59454,9.59608,1.00,1.00
2017.04.06 15:05:45.713,9.59454,9.59597,1.00,1.00
2017.04.06 15:05:46.207,9.59454,9.59606,1.00,1.00
2017.04.06 15:05:46.805,9.59454,9.59598,1.00,1.00
2017.04.06 15:05:46.908,9.59454,9.59606,1.00,1.00
2017.04.06 15:05:47.010,9.59454,9.59594,1.00,1.00
2017.04.06 15:05:47.111,9.59454,9.59602,1.00,1.00
2017.04.06 15:05:47.326,9.59454,9.59593,1.00,1.00
2017.04.06 15:05:47.936,9.59442,9.59586,1.00,1.00
2017.04.06 15:05:48.037,9.59434,9.59586,1.00,1.50
2017.04.06 15:05:48.088,9.59419,9.59571,1.00,1.00
2017.04.06 15:05:48.545,9.5943,9.59582,1.00,1.00
2017.04.06 15:05:48.865,9.5943,9.5958,1.00,1.00
2017.04.06 15:05:49.168,9.5943,9.59572,1.00,1.00
2017.04.06 15:05:49.560,9.59419,9.59571,1.00,1.37
2017.04.06 15:05:49.611,9.59419,9.59558,1.00,1.00
2017.04.06 15:05:49.914,9.59428,9.5956,1.00,1.00
2017.04.06 15:05:49.965,9.59428,9.59567,1.00,1.00
2017.04.06 15:05:50.016,9.59428,9.5954,1.00,1.00
2017.04.06 15:05:50.118,9.59428,9.59562,1.00,1.00
2017.04.06 15:05:50.320,9.59428,9.59554,1.00,1.00
2017.04.06 15:05:50.422,9.59428,9.59566,1.00,1.00
2017.04.06 15:05:50.675,9.59414,9.59566,1.00,1.00
2017.04.06 15:05:50.726,9.59414,9.59557,1.00,1.00
2017.04.06 15:05:50.828,9.59414,9.59565,1.00,1.00
2017.04.06 15:05:52.733,9.59414,9.59557,1.00,1.00
2017.04.06 15:05:53.234,9.59409,9.5956,1.00,1.00
2017.04.06 15:05:54.104,9.5941,9.5956,1.00,1.00
2017.04.06 15:05:54.206,9.5941,9.5955,1.00,1.00
2017.04.06 15:05:55.549,9.5941,9.59559,1.00,1.00
2017.04.06 15:05:56.111,9.5941,9.59552,1.00,1.00
2017.04.06 15:05:56.313,9.59393,9.59543,1.00,1.00
2017.04.06 15:05:56.364,9.59381,9.59524,1.00,1.00
2017.04.06 15:05:56.415,9.59381,9.59533,1.00,1.00
2017.04.06 15:05:56.516,9.59381,9.59504,1.00,1.00
2017.04.06 15:05:56.749,9.59381,9.59533,1.00,1.00
2017.04.06 15:05:56.851,9.59381,9.59526,1.00,1.00
2017.04.06 15:05:56.952,9.59381,9.59533,1.00,1.00
2017.04.06 15:05:58.663,9.59381,9.59527,1.00,1.00
2017.04.06 15:05:59.367,9.59397,9.59527,1.00,1.00
2017.04.06 15:05:59.417,9.59397,9.59537,1.00,1.00
2017.04.06 15:05:59.519,9.5938,9.59532,1.00,1.09
2017.04.06 15:05:59.570,9.59367,9.59519,1.00,1.00
2017.04.06 15:06:00.548,9.59352,9.59504,1.00,1.00
2017.04.06 15:06:01.004,9.59365,9.59517,1.00,1.50
2017.04.06 15:06:01.959,9.59367,9.59519,1.00,1.00
2017.04.06 15:06:02.263,9.5935,9.59502,1.00,1.00
2017.04.06 15:06:03.023,9.5936,9.59507,1.00,1.00
2017.04.06 15:06:03.075,9.5936,9.59512,1.00,1.00
2017.04.06 15:06:05.476,9.59347,9.59499,1.00,1.00
2017.04.06 15:06:07.272,9.59358,9.5951,1.00,1.00
2017.04.06 15:06:07.576,9.59348,9.595,1.00,1.00
2017.04.06 15:06:08.044,9.59341,9.59493,1.00,1.19
2017.04.06 15:06:08.095,9.59341,9.59493,1.00,1.00
2017.04.06 15:06:08.247,9.59356,9.59508,1.00,1.00
2017.04.06 15:06:08.600,9.5937,9.59514,1.00,1.00
2017.04.06 15:06:08.652,9.5937,9.59519,1.00,1.00
2017.04.06 15:06:08.703,9.59354,9.59506,1.00,1.00
2017.04.06 15:06:08.965,9.59363,9.59517,1.00,1.00
2017.04.06 15:06:09.246,9.59353,9.59505,1.00,1.00
2017.04.06 15:06:16.236,9.59366,9.59518,1.00,1.00
2017.04.06 15:06:16.809,9.59352,9.59504,1.00,1.00
2017.04.06 15:06:17.113,9.59339,9.59491,1.00,1.00
2017.04.06 15:06:17.164,9.59336,9.5949,1.00,1.00
2017.04.06 15:06:17.215,9.59354,9.59506,1.00,1.00
2017.04.06 15:06:17.518,9.59372,9.59516,1.00,1.00
2017.04.06 15:06:17.671,9.59372,9.59519,1.00,1.00
2017.04.06 15:06:17.847,9.59376,9.59523,1.00,1.00
2017.04.06 15:06:17.898,9.59376,9.59525,1.00,1.00
2017.04.06 15:06:17.999,9.59376,9.59531,1.00,1.00
2017.04.06 15:06:18.303,9.59376,9.59539,1.00,1.00
2017.04.06 15:06:18.454,9.59376,9.59531,1.00,1.00
2017.04.06 15:06:18.758,9.59379,9.59534,1.00,1.00
2017.04.06 15:06:19.332,9.59379,9.59533,1.00,1.00
2017.04.06 15:06:19.686,9.59368,9.59522,1.00,1.00
2017.04.06 15:06:19.787,9.59369,9.59524,1.00,1.00
2017.04.06 15:06:19.838,9.59369,9.59521,1.00,1.00
2017.04.06 15:06:20.142,9.59374,9.59517,1.00,1.00
2017.04.06 15:06:20.445,9.59377,9.59517,1.00,1.00
2017.04.06 15:06:20.796,9.59367,9.59517,1.00,1.00
2017.04.06 15:06:21.165,9.59368,9.59509,1.00,1.00
2017.04.06 15:06:21.267,9.59368,9.59528,1.00,1.00
2017.04.06 15:06:21.419,9.59355,9.59507,1.00,1.00
2017.04.06 15:06:21.774,9.59367,9.59509,1.00,1.00
2017.04.06 15:06:21.875,9.59369,9.59517,1.00,1.00
2017.04.06 15:06:22.130,9.59366,9.59518,1.00,1.00
2017.04.06 15:06:22.334,9.59367,9.59521,1.00,1.00
2017.04.06 15:06:22.385,9.59365,9.59517,1.00,1.00
2017.04.06 15:06:23.103,9.59366,9.59514,1.00,1.00
2017.04.06 15:06:23.305,9.59366,9.59521,1.00,1.00
2017.04.06 15:06:23.609,9.59364,9.59516,1.00,1.00
2017.04.06 15:06:23.918,9.59364,9.59514,1.00,1.00
2017.04.06 15:06:24.162,9.5936,9.59512,1.00,1.00
2017.04.06 15:06:25.114,9.59349,9.59501,1.00,1.00
2017.04.06 15:06:25.915,9.59349,9.59497,1.00,1.00
2017.04.06 15:06:26.504,9.59349,9.59501,1.00,1.00
2017.04.06 15:06:30.352,9.59354,9.59506,1.00,1.00
2017.04.06 15:06:30.655,9.59354,9.59503,1.00,1.00
2017.04.06 15:06:34.812,9.59368,9.59503,1.00,1.00
2017.04.06 15:06:34.864,9.59354,9.59503,1.00,1.00
2017.04.06 15:06:34.914,9.59366,9.59511,1.00,1.00
2017.04.06 15:06:35.016,9.59366,9.59518,1.00,1.00
2017.04.06 15:06:35.929,9.59372,9.59521,1.00,1.00
2017.04.06 15:06:37.511,9.59372,9.59518,1.00,1.00
2017.04.06 15:06:38.976,9.59372,9.59524,1.00,1.00
2017.04.06 15:06:39.128,9.59365,9.59517,1.00,1.00
2017.04.06 15:06:41.026,9.59376,9.59518,1.00,1.00
2017.04.06 15:06:41.178,9.59366,9.59518,1.00,1.50
2017.04.06 15:06:41.584,9.59376,9.59528,1.00,1.00
2017.04.06 15:06:42.039,9.59366,9.59518,1.00,1.00
2017.04.06 15:06:42.343,9.59376,9.59528,1.00,1.00
2017.04.06 15:06:48.388,9.59376,9.59523,1.00,1.00
2017.04.06 15:06:48.641,9.59377,9.59529,1.00,1.00
2017.04.06 15:06:48.793,9.59364,9.59516,1.00,1.00
2017.04.06 15:06:49.543,9.59374,9.59518,1.00,1.00
2017.04.06 15:06:50.085,9.59374,9.59526,1.00,1.50
2017.04.06 15:06:50.237,9.59363,9.59515,1.00,1.00
2017.04.06 15:06:50.389,9.5935,9.59509,1.00,1.00
2017.04.06 15:06:50.441,9.59334,9.59486,1.00,1.00
2017.04.06 15:06:50.757,9.59365,9.59517,1.00,1.00
2017.04.06 15:06:51.365,9.594,9.59552,1.00,1.00
2017.04.06 15:06:51.517,9.59382,9.59546,1.00,1.00
2017.04.06 15:06:51.568,9.59382,9.59557,1.00,1.00
2017.04.06 15:06:51.619,9.59393,9.59545,1.00,1.00
2017.04.06 15:06:52.225,9.59393,9.59543,1.00,1.00
2017.04.06 15:06:52.420,9.59383,9.59535,1.00,1.00
2017.04.06 15:06:53.587,9.59407,9.5954,1.00,1.00
2017.04.06 15:06:53.739,9.59407,9.59549,1.00,1.00
2017.04.06 15:06:53.840,9.59393,9.59545,1.00,1.00
2017.04.06 15:06:55.031,9.59403,9.59555,1.00,1.00
2017.04.06 15:06:55.335,9.59418,9.59567,1.00,1.00
2017.04.06 15:07:00.136,9.59418,9.59568,1.00,1.00
2017.04.06 15:07:00.440,9.5943,9.59568,1.00,1.50
2017.04.06 15:07:00.541,9.5943,9.59576,1.00,1.00
2017.04.06 15:07:03.254,9.5943,9.59582,1.00,1.00
2017.04.06 15:07:05.590,9.5943,9.59577,1.00,1.00
2017.04.06 15:07:05.691,9.59426,9.59577,1.00,1.00
2017.04.06 15:07:06.743,9.59439,9.59577,1.00,1.00
2017.04.06 15:07:06.895,9.59439,9.59585,1.00,1.00
2017.04.06 15:07:07.198,9.59442,9.59585,1.00,1.00
2017.04.06 15:07:09.157,9.5944,9.59585,1.00,1.00
2017.04.06 15:07:15.757,9.59426,9.59585,1.00,1.00
2017.04.06 15:07:15.909,9.59426,9.59577,1.00,1.00
2017.04.06 15:07:16.010,9.59426,9.59586,1.00,1.00
2017.04.06 15:07:16.869,9.59426,9.59577,1.00,1.00
2017.04.06 15:07:17.274,9.59426,9.59585,1.00,1.00
2017.04.06 15:07:19.613,9.59426,9.59578,1.00,1.00
2017.04.06 15:07:20.613,9.59426,9.59569,1.00,1.00
2017.04.06 15:07:20.715,9.59427,9.59577,1.00,1.00
2017.04.06 15:07:21.301,9.59427,9.59569,1.00,1.00
2017.04.06 15:07:21.892,9.59427,9.59577,1.00,1.00
2017.04.06 15:07:21.994,9.59427,9.59585,1.00,1.00
2017.04.06 15:07:22.576,9.59427,9.59584,1.00,1.00
2017.04.06 15:07:24.201,9.59426,9.59584,1.00,1.00
2017.04.06 15:07:29.318,9.59426,9.59589,1.00,1.00
2017.04.06 15:07:30.198,9.59426,9.5958,1.00,1.00
2017.04.06 15:07:30.400,9.59426,9.59589,1.00,1.00
2017.04.06 15:07:30.603,9.59426,9.59581,1.00,1.00
2017.04.06 15:07:31.111,9.59426,9.59573,1.00,1.00
2017.04.06 15:07:31.527,9.59426,9.59582,1.00,1.00
2017.04.06 15:07:37.421,9.59426,9.59574,1.00,1.00
2017.04.06 15:07:39.216,9.59436,9.59574,1.00,1.00
2017.04.06 15:07:42.254,9.59422,9.59574,1.00,1.50
2017.04.06 15:07:42.507,9.59433,9.59583,1.00,1.00
2017.04.06 15:07:43.028,9.59452,9.59583,1.00,1.00
2017.04.06 15:07:43.079,9.59433,9.59583,1.00,1.00
2017.04.06 15:07:43.130,9.59459,9.59583,1.00,1.00
2017.04.06 15:07:43.231,9.59459,9.59591,1.00,1.00
2017.04.06 15:07:43.333,9.59443,9.59595,1.00,1.00
2017.04.06 15:07:43.384,9.59467,9.59599,1.00,1.00
2017.04.06 15:07:43.435,9.59467,9.59609,1.00,1.00
2017.04.06 15:07:43.536,9.59467,9.59619,1.00,1.00
2017.04.06 15:07:43.587,9.59452,9.59604,1.67,1.00
2017.04.06 15:07:44.137,9.59463,9.59611,1.00,1.00
2017.04.06 15:07:45.440,9.59463,9.59615,1.00,1.00
2017.04.06 15:07:46.839,9.59463,9.59609,1.00,1.00
2017.04.06 15:07:48.184,9.59463,9.59615,1.00,1.00
2017.04.06 15:07:48.285,9.59463,9.5961,1.00,1.00
2017.04.06 15:07:48.387,9.59463,9.59615,1.00,1.00
2017.04.06 15:07:48.791,9.5946,9.59612,1.00,1.00
2017.04.06 15:07:49.156,9.5946,9.59602,1.00,1.00
2017.04.06 15:07:50.761,9.59463,9.59602,1.00,1.00
2017.04.06 15:07:54.247,9.59468,9.59602,1.00,1.00
2017.04.06 15:07:59.467,9.59456,9.59602,1.00,1.00
2017.04.06 15:07:59.670,9.59468,9.59602,1.00,1.00
2017.04.06 15:07:59.894,9.59456,9.59602,1.00,1.00
2017.04.06 15:08:00.075,9.59468,9.59602,1.00,1.00
2017.04.06 15:08:00.564,9.5947,9.59602,1.00,1.00
2017.04.06 15:08:00.615,9.5945,9.59602,1.00,1.50
2017.04.06 15:08:01.058,9.59462,9.59602,1.00,1.00
2017.04.06 15:08:01.261,9.59449,9.59601,1.00,1.00
2017.04.06 15:08:01.618,9.59459,9.59602,1.00,1.00
2017.04.06 15:08:05.791,9.5946,9.59602,1.00,1.00
2017.04.06 15:08:09.327,9.59462,9.59602,1.00,1.00
2017.04.06 15:08:09.631,9.59444,9.59596,1.00,1.00
2017.04.06 15:08:09.783,9.59454,9.59602,1.00,1.50
2017.04.06 15:08:10.088,9.59454,9.59606,1.00,1.00
2017.04.06 15:08:10.628,9.59454,9.59603,1.00,1.00
2017.04.06 15:08:10.730,9.59454,9.59606,1.00,1.00
2017.04.06 15:08:11.034,9.59454,9.59601,1.00,1.00
2017.04.06 15:08:11.473,9.59454,9.59606,1.00,1.00
2017.04.06 15:08:15.316,9.59454,9.59604,1.00,1.00
2017.04.06 15:08:15.367,9.59436,9.59601,1.00,1.00
2017.04.06 15:08:15.418,9.59436,9.59598,1.00,1.00
2017.04.06 15:08:17.593,9.59436,9.59594,1.00,1.00
2017.04.06 15:08:17.896,9.59436,9.59588,1.00,1.00
2017.04.06 15:08:18.200,9.59436,9.5958,1.00,1.00
2017.04.06 15:08:18.818,9.59418,9.5958,1.00,1.00
2017.04.06 15:08:18.869,9.59418,9.59574,1.00,1.00
2017.04.06 15:08:19.216,9.59418,9.5958,1.00,1.00
2017.04.06 15:08:20.821,9.59424,9.5958,1.00,1.00
2017.04.06 15:08:21.443,9.59424,9.59571,1.00,1.00
2017.04.06 15:08:22.063,9.59424,9.5958,1.00,1.00
2017.04.06 15:08:24.176,9.59407,9.59544,1.00,1.37
2017.04.06 15:08:24.227,9.59411,9.59563,1.37,1.00
2017.04.06 15:08:24.278,9.59448,9.5957,1.00,1.00
2017.04.06 15:08:24.430,9.59448,9.59574,1.00,1.00
2017.04.06 15:08:24.582,9.59406,9.59557,1.00,1.00
2017.04.06 15:08:25.088,9.59405,9.59557,1.00,1.00
2017.04.06 15:08:25.276,9.59406,9.59562,1.00,1.00
2017.04.06 15:08:25.934,9.59406,9.59559,1.00,1.00
2017.04.06 15:08:26.843,9.59406,9.59562,1.00,1.00
2017.04.06 15:08:26.894,9.59429,9.59567,1.00,1.00
2017.04.06 15:08:26.945,9.59429,9.59578,1.00,1.00
2017.04.06 15:08:27.047,9.59429,9.59583,1.00,1.00
2017.04.06 15:08:27.097,9.59441,9.59586,1.00,1.00
2017.04.06 15:08:27.250,9.59441,9.59593,1.00,1.00
2017.04.06 15:08:28.109,9.5944,9.59592,1.00,1.00
2017.04.06 15:08:29.582,9.5944,9.59589,1.00,1.00
2017.04.06 15:08:29.888,9.5944,9.59592,1.00,1.00
2017.04.06 15:08:32.266,9.5945,9.59597,1.00,1.00
2017.04.06 15:08:32.368,9.5945,9.59602,1.00,1.00
2017.04.06 15:08:32.570,9.59464,9.59613,1.00,1.00
2017.04.06 15:08:32.672,9.59464,9.59616,1.00,1.00
2017.04.06 15:08:35.879,9.59468,9.5962,1.00,1.00
2017.04.06 15:08:43.087,9.59468,9.59616,1.00,1.00
2017.04.06 15:08:43.289,9.59468,9.5962,1.00,1.00
2017.04.06 15:08:45.039,9.59468,9.59619,1.00,1.00
2017.04.06 15:08:45.894,9.59468,9.5962,1.00,1.00
2017.04.06 15:08:45.996,9.59468,9.59617,1.00,1.00
2017.04.06 15:08:48.022,9.59471,9.59608,1.00,1.00
2017.04.06 15:08:48.073,9.59471,9.59617,1.00,1.00
2017.04.06 15:08:48.205,9.59461,9.59613,1.00,1.00
2017.04.06 15:08:48.914,9.59459,9.59621,1.00,1.00
2017.04.06 15:08:49.016,9.59459,9.5963,1.00,1.00
2017.04.06 15:08:49.117,9.59492,9.59639,1.00,1.00
2017.04.06 15:08:49.219,9.59492,9.59644,1.00,1.00
2017.04.06 15:08:49.424,9.59492,9.59634,1.00,1.00
2017.04.06 15:08:49.525,9.59492,9.59642,1.00,1.00
2017.04.06 15:08:50.169,9.5949,9.59642,1.00,1.50
2017.04.06 15:08:50.911,9.59474,9.59641,1.00,1.00
2017.04.06 15:08:54.397,9.59475,9.59641,1.00,1.00
2017.04.06 15:08:58.558,9.59503,9.59642,1.00,1.00
2017.04.06 15:08:58.811,9.59513,9.59665,1.00,1.00
2017.04.06 15:09:00.338,9.59527,9.59666,1.00,1.00
2017.04.06 15:09:00.440,9.59527,9.59676,1.00,1.00
2017.04.06 15:09:00.541,9.59512,9.59664,1.00,1.00
2017.04.06 15:09:00.643,9.5957,9.59665,1.50,1.00
2017.04.06 15:09:00.744,9.59536,9.59686,1.00,1.00
2017.04.06 15:09:00.795,9.59536,9.59688,1.00,1.00
2017.04.06 15:09:01.048,9.59536,9.5968,1.00,1.00
2017.04.06 15:09:01.380,9.59525,9.59677,1.00,1.00
2017.04.06 15:09:05.929,9.59531,9.59683,1.00,1.00
2017.04.06 15:09:06.935,9.59531,9.59679,1.00,1.00
2017.04.06 15:09:07.247,9.59516,9.59668,1.00,1.00
2017.04.06 15:09:08.282,9.59513,9.59665,1.00,1.00
2017.04.06 15:09:09.397,9.59512,9.59664,1.00,1.00
2017.04.06 15:09:11.377,9.59505,9.59657,1.00,1.00
2017.04.06 15:09:12.910,9.59501,9.59653,1.00,1.00
2017.04.06 15:09:20.941,9.59502,9.59654,1.00,1.00
2017.04.06 15:09:24.427,9.59505,9.59657,1.00,1.00
2017.04.06 15:09:25.501,9.59514,9.59665,1.00,1.00
2017.04.06 15:09:25.551,9.59501,9.59653,1.00,1.00
2017.04.06 15:09:27.186,9.59501,9.59652,1.00,1.00
2017.04.06 15:09:27.691,9.59501,9.59653,1.00,1.00
2017.04.06 15:09:35.993,9.59506,9.5966,1.00,1.00
2017.04.06 15:09:36.977,9.5951,9.59664,1.00,1.00
2017.04.06 15:09:39.457,9.5951,9.59662,1.00,1.00
2017.04.06 15:09:47.695,9.595,9.59652,1.00,1.00
2017.04.06 15:09:49.565,9.59511,9.59658,1.00,1.00
2017.04.06 15:09:49.667,9.595,9.59652,1.00,1.00
2017.04.06 15:09:50.624,9.59511,9.59663,1.00,1.00
2017.04.06 15:09:50.927,9.5958,9.59672,1.15,1.00
2017.04.06 15:09:51.028,9.59542,9.59692,1.07,1.00
2017.04.06 15:09:51.079,9.59541,9.59693,1.07,1.00
2017.04.06 15:09:51.181,9.59541,9.59693,1.00,1.00
2017.04.06 15:09:51.232,9.59541,9.59691,1.00,1.00
2017.04.06 15:09:51.535,9.59512,9.59666,1.00,1.00
2017.04.06 15:09:51.864,9.59522,9.59669,1.00,1.00
2017.04.06 15:09:52.167,9.59522,9.59661,1.00,1.00
2017.04.06 15:09:54.527,9.59517,9.59661,1.00,1.00
2017.04.06 15:09:55.412,9.59517,9.59667,1.00,1.00
2017.04.06 15:09:55.462,9.59506,9.59643,1.00,1.00
2017.04.06 15:09:55.767,9.59494,9.5963,1.00,1.00
2017.04.06 15:09:56.184,9.59479,9.59615,1.00,1.00
2017.04.06 15:09:56.791,9.59471,9.59607,1.00,1.00
2017.04.06 15:10:02.611,9.59468,9.59604,1.00,1.00
2017.04.06 15:10:02.662,9.5946,9.59597,1.00,1.00
2017.04.06 15:10:03.277,9.5945,9.59586,1.00,1.00
2017.04.06 15:10:03.328,9.59448,9.59585,1.00,1.00
2017.04.06 15:10:03.531,9.59434,9.5957,1.00,1.00
2017.04.06 15:10:04.279,9.59423,9.59559,1.00,1.00
2017.04.06 15:10:06.041,9.59421,9.59559,1.00,1.00
2017.04.06 15:10:09.536,9.59418,9.59554,1.00,1.00
2017.04.06 15:10:21.108,9.59414,9.5955,1.00,1.00
2017.04.06 15:10:22.916,9.59414,9.5955,1.15,1.00
2017.04.06 15:10:23.068,9.59414,9.5955,1.00,1.00
2017.04.06 15:10:23.373,9.59414,9.5955,1.15,1.00
2017.04.06 15:10:23.484,9.59462,9.59581,1.07,1.00
2017.04.06 15:10:23.535,9.59462,9.59581,1.15,1.00
2017.04.06 15:10:23.586,9.59452,9.59589,1.00,1.00
2017.04.06 15:10:23.637,9.59452,9.59589,1.15,1.00
2017.04.06 15:10:23.688,9.59491,9.59616,1.15,1.00
2017.04.06 15:10:23.739,9.59491,9.59616,1.15,1.00
2017.04.06 15:10:23.790,9.59491,9.59627,1.15,1.00
2017.04.06 15:10:23.841,9.59491,9.59627,1.15,1.00
2017.04.06 15:10:24.044,9.5953,9.59662,1.07,1.00
2017.04.06 15:10:24.094,9.5953,9.59662,1.15,1.00
2017.04.06 15:10:24.405,9.5953,9.59666,1.00,1.00
2017.04.06 15:10:24.709,9.59514,9.5965,1.00,1.00
2017.04.06 15:10:25.164,9.59503,9.5964,1.00,1.00
2017.04.06 15:10:25.366,9.59486,9.59622,1.00,1.00
2017.04.06 15:10:25.670,9.595,9.59636,1.00,1.00
2017.04.06 15:10:32.014,9.59482,9.59618,1.00,1.00
2017.04.06 15:10:32.626,9.59472,9.59608,1.00,1.00
2017.04.06 15:10:32.930,9.59461,9.59597,1.00,1.00
2017.04.06 15:10:36.258,9.59462,9.59599,1.00,1.00
2017.04.06 15:10:39.599,9.59455,9.59591,1.00,1.00
2017.04.06 15:10:50.571,9.5947,9.59621,1.00,1.00
2017.04.06 15:10:50.622,9.59454,9.5959,1.00,1.00
2017.04.06 15:10:50.875,9.59476,9.59615,1.00,1.00
2017.04.06 15:10:50.926,9.5951,9.59632,1.00,1.00
2017.04.06 15:10:51.027,9.5951,9.59646,1.00,1.00
2017.04.06 15:10:51.331,9.5951,9.59646,1.15,1.00
2017.04.06 15:10:51.382,9.5951,9.59646,1.00,1.00
2017.04.06 15:10:51.888,9.59512,9.59649,1.00,1.00
2017.04.06 15:10:54.703,9.59511,9.59647,1.00,1.00
2017.04.06 15:11:01.029,9.5949,9.59639,1.00,1.00
2017.04.06 15:11:04.084,9.59476,9.59612,1.00,1.00
2017.04.06 15:11:04.461,9.59477,9.59614,1.07,1.00
2017.04.06 15:11:04.521,9.59477,9.59614,1.00,1.00
2017.04.06 15:11:05.181,9.59455,9.59609,1.00,1.00
2017.04.06 15:11:05.283,9.59453,9.5959,1.00,1.00
2017.04.06 15:11:05.586,9.59438,9.59575,1.00,1.00
2017.04.06 15:11:05.889,9.59428,9.59564,1.00,1.00
2017.04.06 15:11:06.143,9.59439,9.59576,1.00,1.00
2017.04.06 15:11:06.332,9.59427,9.59563,1.00,1.00
2017.04.06 15:11:06.889,9.59437,9.59573,1.00,1.00
2017.04.06 15:11:11.563,9.59437,9.59573,1.15,1.00
2017.04.06 15:11:11.614,9.59464,9.59597,1.15,1.00
2017.04.06 15:11:11.664,9.59481,9.59605,1.07,1.00
2017.04.06 15:11:11.766,9.59481,9.59617,1.15,1.00
2017.04.06 15:11:11.817,9.59481,9.59617,1.15,1.00
2017.04.06 15:11:12.071,9.59506,9.59643,1.15,1.00
2017.04.06 15:11:12.122,9.59515,9.59652,1.15,1.00
2017.04.06 15:11:12.425,9.59527,9.59663,1.15,1.00
2017.04.06 15:11:12.577,9.59527,9.59663,1.15,1.00
2017.04.06 15:11:13.111,9.59527,9.59663,1.15,1.00
2017.04.06 15:11:13.367,9.59531,9.59667,1.15,1.00
2017.04.06 15:11:13.616,9.59543,9.59679,1.15,1.00
2017.04.06 15:11:13.718,9.59532,9.59669,1.00,1.00
2017.04.06 15:11:14.338,9.59522,9.59658,1.00,1.00
2017.04.06 15:11:21.181,9.59507,9.59651,1.00,1.00
2017.04.06 15:11:36.228,9.59505,9.59641,1.00,1.00
2017.04.06 15:11:37.211,9.59502,9.59639,1.00,1.00
2017.04.06 15:11:39.716,9.59501,9.59638,1.00,1.00
2017.04.06 15:11:43.888,9.59521,9.59638,1.00,1.00
2017.04.06 15:11:44.198,9.59501,9.59638,1.00,1.00
2017.04.06 15:11:45.107,9.59507,9.59651,1.15,1.00
2017.04.06 15:11:45.208,9.59501,9.59639,1.00,1.00
2017.04.06 15:11:45.831,9.59507,9.59655,1.15,1.00
2017.04.06 15:11:46.148,9.59507,9.59652,1.22,1.00
2017.04.06 15:11:46.300,9.59507,9.59652,1.00,1.00
2017.04.06 15:11:46.351,9.59507,9.59652,1.15,1.00
2017.04.06 15:11:46.402,9.59507,9.59652,1.00,1.00
2017.04.06 15:11:46.554,9.59507,9.59652,1.15,1.00
2017.04.06 15:11:46.656,9.59507,9.59652,1.00,1.00
2017.04.06 15:11:51.286,9.59508,9.59649,1.00,1.00
2017.04.06 15:11:52.307,9.59499,9.59636,1.00,1.00
2017.04.06 15:11:53.732,9.59507,9.59656,1.15,1.00
2017.04.06 15:11:53.836,9.59507,9.59656,1.00,1.00
2017.04.06 15:11:53.887,9.59507,9.59656,1.07,1.00
2017.04.06 15:11:53.938,9.59507,9.59656,1.00,1.00
2017.04.06 15:11:54.751,9.59512,9.59649,1.00,1.00
2017.04.06 15:12:00.615,9.59495,9.59631,1.00,1.00
2017.04.06 15:12:01.121,9.59506,9.59661,1.15,1.00
2017.04.06 15:12:01.430,9.59564,9.59701,1.45,1.00
2017.04.06 15:12:01.481,9.59566,9.59701,1.00,1.00
2017.04.06 15:12:01.583,9.59587,9.59719,1.00,1.00
2017.04.06 15:12:01.887,9.59607,9.59744,1.00,1.00
2017.04.06 15:12:02.090,9.59585,9.59721,1.50,1.00
2017.04.06 15:12:02.394,9.59546,9.59682,1.00,1.00
2017.04.06 15:12:02.799,9.59527,9.59664,1.00,1.00
2017.04.06 15:12:03.131,9.59502,9.59638,1.00,1.00
2017.04.06 15:12:03.334,9.59477,9.5963,1.00,1.00
2017.04.06 15:12:03.587,9.5947,9.59607,1.00,1.00
2017.04.06 15:12:04.042,9.59449,9.59587,1.00,1.00
2017.04.06 15:12:06.107,9.59438,9.59576,1.00,1.00
2017.04.06 15:12:06.433,9.59428,9.59564,1.00,1.00
2017.04.06 15:12:06.948,9.59417,9.59554,1.00,1.00
2017.04.06 15:12:09.756,9.59421,9.59557,1.00,1.00
2017.04.06 15:12:11.736,9.59438,9.59575,1.15,1.00
2017.04.06 15:12:12.091,9.59418,9.59557,1.15,1.00
2017.04.06 15:12:12.142,9.59418,9.59557,1.15,1.00
2017.04.06 15:12:12.243,9.59418,9.59557,1.15,1.00
2017.04.06 15:12:12.295,9.59418,9.59557,1.00,1.00
2017.04.06 15:12:12.359,9.59436,9.59572,1.15,1.00
2017.04.06 15:12:12.663,9.59425,9.59562,1.15,1.00
2017.04.06 15:12:13.257,9.59426,9.59562,1.15,1.00
2017.04.06 15:12:13.358,9.59426,9.59562,1.00,1.00
2017.04.06 15:12:13.409,9.59426,9.59562,1.15,1.00
2017.04.06 15:12:13.460,9.59426,9.59562,1.00,1.00
2017.04.06 15:12:13.511,9.59426,9.59562,1.15,1.00
2017.04.06 15:12:13.612,9.59426,9.59562,1.00,1.00
2017.04.06 15:12:13.744,9.59426,9.5956,1.00,1.00
2017.04.06 15:12:14.047,9.59424,9.5956,1.15,1.00
2017.04.06 15:12:14.199,9.59424,9.5956,1.00,1.00
2017.04.06 15:12:14.250,9.59424,9.5956,1.15,1.00
2017.04.06 15:12:14.352,9.59424,9.5956,1.00,1.00
2017.04.06 15:12:14.403,9.59424,9.5956,1.15,1.00
2017.04.06 15:12:14.738,9.59424,9.5956,1.15,1.00
2017.04.06 15:12:15.068,9.59424,9.5956,1.15,1.00
2017.04.06 15:12:16.592,9.59416,9.59548,1.00,1.00
2017.04.06 15:12:16.844,9.59416,9.59535,1.00,1.00
2017.04.06 15:12:16.946,9.59399,9.59535,1.00,1.00
2017.04.06 15:12:17.605,9.59398,9.59535,1.00,1.00
2017.04.06 15:12:18.466,9.59396,9.59524,1.00,1.00
2017.04.06 15:12:18.618,9.59387,9.59524,1.00,1.00
2017.04.06 15:12:20.703,9.59402,9.59539,1.15,1.00
2017.04.06 15:12:21.007,9.59433,9.59569,1.15,1.00
2017.04.06 15:12:21.160,9.59457,9.59593,1.15,1.00
2017.04.06 15:12:21.363,9.59457,9.59593,1.15,1.00
2017.04.06 15:12:21.667,9.5947,9.59593,1.22,1.00
2017.04.06 15:12:21.717,9.5947,9.59617,1.22,1.00
2017.04.06 15:12:21.869,9.5947,9.59626,1.60,1.00
2017.04.06 15:12:21.920,9.59508,9.59645,1.15,1.50
2017.04.06 15:12:22.270,9.59508,9.59645,1.15,1.00
2017.04.06 15:12:22.372,9.59508,9.59645,1.15,1.00
2017.04.06 15:12:22.576,9.59508,9.59645,1.15,1.00
2017.04.06 15:12:22.829,9.59514,9.5965,1.15,1.00
2017.04.06 15:12:22.880,9.59492,9.59629,1.22,1.00
2017.04.06 15:12:22.931,9.59492,9.59623,1.00,1.00
2017.04.06 15:12:23.032,9.59469,9.59617,1.00,1.00
2017.04.06 15:12:23.620,9.59466,9.59602,1.00,1.00
2017.04.06 15:12:24.634,9.59477,9.59614,1.00,1.00
2017.04.06 15:12:36.340,9.59472,9.59609,1.00,1.00
2017.04.06 15:12:36.643,9.59466,9.59603,1.00,1.00
2017.04.06 15:12:39.826,9.59474,9.5961,1.00,1.00
2017.04.06 15:12:46.743,9.59463,9.596,1.00,1.00
2017.04.06 15:12:47.757,9.59461,9.596,1.00,1.00
2017.04.06 15:12:51.408,9.5946,9.59596,1.00,1.00
2017.04.06 15:12:52.810,9.5946,9.59579,1.00,1.00
2017.04.06 15:12:53.114,9.59446,9.5956,1.15,1.00
2017.04.06 15:12:53.165,9.59439,9.59555,1.15,1.50
2017.04.06 15:12:53.216,9.59439,9.59554,1.15,1.50
2017.04.06 15:12:53.317,9.59446,9.59584,1.15,1.00
2017.04.06 15:12:53.368,9.59446,9.59595,1.15,1.00
2017.04.06 15:12:53.672,9.59508,9.59645,1.15,1.00
2017.04.06 15:12:53.874,9.59475,9.59632,1.22,1.00
2017.04.06 15:12:54.404,9.59475,9.59632,1.22,1.00
2017.04.06 15:12:54.859,9.5947,9.59634,1.22,1.00
2017.04.06 15:13:00.517,9.59481,9.59617,1.22,1.00
2017.04.06 15:13:00.577,9.59481,9.59617,1.00,1.00
2017.04.06 15:13:00.809,9.59481,9.59614,1.00,1.00
2017.04.06 15:13:00.860,9.59466,9.5961,1.07,1.00
2017.04.06 15:13:00.911,9.59446,9.59599,1.15,1.00
2017.04.06 15:13:00.962,9.59447,9.59599,1.15,1.00
2017.04.06 15:13:01.063,9.59447,9.59607,1.15,1.00
2017.04.06 15:13:01.114,9.5946,9.59605,1.07,1.00
2017.04.06 15:13:01.165,9.59467,9.59603,1.00,1.00
2017.04.06 15:13:01.772,9.59426,9.59562,1.00,1.00
2017.04.06 15:13:02.102,9.59476,9.59612,1.15,1.00
2017.04.06 15:13:02.640,9.59476,9.59612,1.15,1.00
2017.04.06 15:13:02.833,9.59486,9.59623,1.15,1.00
2017.04.06 15:13:04.617,9.59482,9.59618,1.15,1.00
2017.04.06 15:13:04.668,9.59482,9.59618,1.15,1.00
2017.04.06 15:13:04.719,9.59458,9.5961,1.00,1.00
2017.04.06 15:13:04.770,9.59439,9.59575,1.07,1.00
2017.04.06 15:13:04.821,9.59439,9.59575,1.00,1.00
2017.04.06 15:13:05.125,9.59408,9.59544,1.00,1.00
2017.04.06 15:13:05.834,9.59389,9.59525,1.00,1.00
2017.04.06 15:13:09.876,9.59398,9.59535,1.00,1.00
2017.04.06 15:13:12.967,9.59399,9.59535,1.15,1.00
2017.04.06 15:13:13.018,9.59411,9.5955,1.15,1.00
2017.04.06 15:13:13.119,9.59426,9.59563,1.15,1.00
2017.04.06 15:13:13.170,9.59426,9.59563,1.15,1.00
2017.04.06 15:13:13.373,9.59426,9.59563,1.15,1.00
2017.04.06 15:13:13.893,9.59432,9.59574,1.15,1.00
2017.04.06 15:13:14.047,9.59466,9.59604,1.15,1.00
2017.04.06 15:13:14.098,9.59466,9.59604,1.15,1.00
2017.04.06 15:13:14.177,9.59498,9.59633,1.15,1.00
2017.04.06 15:13:14.228,9.59506,9.59633,1.15,1.00
2017.04.06 15:13:14.279,9.59506,9.59642,1.15,1.00
2017.04.06 15:13:14.496,9.59486,9.59617,1.15,1.00
2017.04.06 15:13:14.547,9.59486,9.59617,1.00,1.00
2017.04.06 15:13:14.648,9.59456,9.59617,1.12,1.00
2017.04.06 15:13:15.350,9.5947,9.59606,1.00,1.00
2017.04.06 15:13:21.427,9.59471,9.59608,1.00,1.00
2017.04.06 15:13:24.905,9.59472,9.59609,1.00,1.00
2017.04.06 15:13:29.594,9.5946,9.59599,1.00,1.00
2017.04.06 15:13:29.889,9.5944,9.59595,1.00,1.00
2017.04.06 15:13:30.041,9.59441,9.59578,1.00,1.00
2017.04.06 15:13:30.496,9.59419,9.59555,1.00,1.00
2017.04.06 15:13:31.480,9.5942,9.59556,1.00,1.00
2017.04.06 15:13:33.841,9.59409,9.59546,1.00,1.00
2017.04.06 15:13:34.146,9.59398,9.59535,1.00,1.00
2017.04.06 15:13:34.450,9.59384,9.59521,1.00,1.00
2017.04.06 15:13:35.882,9.59366,9.59495,1.00,1.00
2017.04.06 15:13:36.469,9.59366,9.59488,1.00,1.00
2017.04.06 15:13:36.774,9.59352,9.59488,1.00,1.00
2017.04.06 15:13:37.179,9.59346,9.59477,1.00,1.00
2017.04.06 15:13:37.837,9.59352,9.59488,1.00,1.00
2017.04.06 15:13:39.936,9.5935,9.59486,1.00,1.00
2017.04.06 15:13:42.527,9.59346,9.59478,1.00,1.00
2017.04.06 15:13:42.678,9.59329,9.59465,1.00,1.00
2017.04.06 15:13:43.586,9.59328,9.59464,1.00,1.00
2017.04.06 15:13:49.138,9.59311,9.5945,1.00,1.00
2017.04.06 15:13:49.189,9.59295,9.59414,1.00,1.00
2017.04.06 15:13:49.291,9.59301,9.59438,1.00,1.00
2017.04.06 15:13:50.303,9.59302,9.59439,1.00,1.00
2017.04.06 15:13:51.349,9.59316,9.5945,1.00,1.00
2017.04.06 15:13:52.178,9.59314,9.5945,1.00,1.00
2017.04.06 15:13:53.367,9.59325,9.59462,1.00,1.00
2017.04.06 15:13:53.872,9.59336,9.59472,1.00,1.00
2017.04.06 15:13:54.125,9.59354,9.59491,1.00,1.00
2017.04.06 15:13:54.277,9.5936,9.59517,1.00,1.00
2017.04.06 15:13:54.444,9.59368,9.59517,1.00,1.00
2017.04.06 15:13:54.747,9.59396,9.59529,1.50,1.00
2017.04.06 15:13:54.849,9.59403,9.5954,1.00,1.00
2017.04.06 15:13:55.102,9.5942,9.59553,1.00,1.00
2017.04.06 15:13:55.153,9.59407,9.59553,1.37,1.00
2017.04.06 15:13:55.204,9.59436,9.59572,1.00,1.00
2017.04.06 15:13:55.255,9.59409,9.59559,1.37,1.00
2017.04.06 15:13:55.357,9.59426,9.59559,1.00,1.00
2017.04.06 15:13:56.179,9.59426,9.59563,1.00,1.00
2017.04.06 15:13:56.584,9.59416,9.59563,1.12,1.00
2017.04.06 15:14:06.420,9.59416,9.59563,1.15,1.00
2017.04.06 15:14:06.623,9.59416,9.59562,1.15,1.00
2017.04.06 15:14:06.724,9.59416,9.59562,1.00,1.00
2017.04.06 15:14:07.342,9.59421,9.59557,1.15,1.00
2017.04.06 15:14:07.393,9.59421,9.59557,1.00,1.00
2017.04.06 15:14:07.444,9.59421,9.59557,1.15,1.00
2017.04.06 15:14:07.747,9.59421,9.59557,1.15,1.00
2017.04.06 15:14:08.640,9.59421,9.59557,1.15,1.00
2017.04.06 15:14:09.012,9.59421,9.59557,1.15,1.00
2017.04.06 15:14:09.265,9.59421,9.59557,1.15,1.00
2017.04.06 15:14:09.316,9.59421,9.59557,1.15,1.00
2017.04.06 15:14:09.417,9.59416,9.59546,1.15,1.00
2017.04.06 15:14:09.468,9.59416,9.59546,1.15,1.00
2017.04.06 15:14:09.519,9.5941,9.59546,1.00,1.00
2017.04.06 15:14:09.621,9.59394,9.59531,1.00,1.00
2017.04.06 15:14:09.873,9.59394,9.59531,1.15,1.00
2017.04.06 15:14:10.340,9.59394,9.59531,1.00,1.00
2017.04.06 15:14:10.492,9.59394,9.59531,1.07,1.00
2017.04.06 15:14:10.594,9.59394,9.59531,1.00,1.00
2017.04.06 15:14:10.645,9.59394,9.59531,1.15,1.00
2017.04.06 15:14:10.898,9.59394,9.59531,1.00,1.00
2017.04.06 15:14:10.949,9.59394,9.59531,1.15,1.00
2017.04.06 15:14:10.999,9.59394,9.59531,1.00,1.00
2017.04.06 15:14:11.208,9.594,9.59536,1.15,1.00
2017.04.06 15:14:11.360,9.59396,9.59525,1.00,1.00
2017.04.06 15:14:11.411,9.59389,9.59525,1.00,1.00
2017.04.06 15:14:11.613,9.59389,9.59525,1.15,1.00
2017.04.06 15:14:11.766,9.59389,9.59525,1.00,1.00
2017.04.06 15:14:11.867,9.59389,9.59525,1.15,1.00
2017.04.06 15:14:12.121,9.59399,9.59537,1.15,1.00
2017.04.06 15:14:12.222,9.59399,9.59537,1.15,1.00
2017.04.06 15:14:12.626,9.59399,9.59537,1.00,1.00
2017.04.06 15:14:12.728,9.59399,9.59537,1.15,1.00
2017.04.06 15:14:12.779,9.59399,9.59537,1.00,1.00
2017.04.06 15:14:12.880,9.59399,9.59537,1.15,1.00
2017.04.06 15:14:12.931,9.59399,9.59537,1.00,1.00
2017.04.06 15:14:12.983,9.59399,9.59537,1.15,1.00
2017.04.06 15:14:13.795,9.59399,9.59537,1.15,1.00
2017.04.06 15:14:13.897,9.59399,9.59537,1.00,1.00
2017.04.06 15:14:13.948,9.59399,9.59537,1.15,1.00
2017.04.06 15:14:14.100,9.59399,9.59537,1.00,1.00
2017.04.06 15:14:14.201,9.59399,9.59537,1.15,1.00
2017.04.06 15:14:14.868,9.59399,9.59537,1.15,1.00
2017.04.06 15:14:15.121,9.59399,9.59537,1.00,1.00
2017.04.06 15:14:15.222,9.59399,9.59537,1.15,1.00
2017.04.06 15:14:15.527,9.59399,9.59537,1.15,1.00
2017.04.06 15:14:15.578,9.59399,9.59537,1.00,1.00
2017.04.06 15:14:15.629,9.59399,9.59537,1.15,1.00
2017.04.06 15:14:17.468,9.59399,9.59537,1.00,1.00
2017.04.06 15:14:17.569,9.59399,9.59537,1.15,1.00
2017.04.06 15:14:18.076,9.59399,9.59537,1.15,1.00
2017.04.06 15:14:19.225,9.59399,9.59537,1.15,1.00
2017.04.06 15:14:20.107,9.5941,9.59548,1.15,1.00
2017.04.06 15:14:20.208,9.5941,9.59548,1.00,1.00
2017.04.06 15:14:20.259,9.5941,9.59548,1.15,1.00
2017.04.06 15:14:20.792,9.5941,9.59548,1.15,1.00
2017.04.06 15:14:21.116,9.5941,9.59548,1.15,1.00
2017.04.06 15:14:21.549,9.59407,9.59554,1.15,1.00
2017.04.06 15:14:21.953,9.59407,9.59554,1.15,1.00
2017.04.06 15:14:22.639,9.59407,9.59554,1.15,1.00
2017.04.06 15:14:24.368,9.59407,9.59554,1.15,1.00
2017.04.06 15:14:24.879,9.59407,9.59554,1.15,1.00
2017.04.06 15:14:25.026,9.5942,9.59556,1.15,1.00
2017.04.06 15:14:26.847,9.5942,9.59556,1.07,1.00
2017.04.06 15:14:26.948,9.5942,9.59556,1.00,1.00
2017.04.06 15:14:30.182,9.5942,9.59582,1.00,1.00
2017.04.06 15:14:36.570,9.59421,9.59584,1.00,1.00
2017.04.06 15:14:55.123,9.59422,9.59585,1.00,1.00
2017.04.06 15:14:56.273,9.59431,9.59594,1.00,1.00
2017.04.06 15:14:56.576,9.59446,9.59607,1.00,1.00
2017.04.06 15:14:56.829,9.59434,9.59596,1.00,1.00
2017.04.06 15:14:57.083,9.59411,9.59576,1.00,1.00
2017.04.06 15:14:57.387,9.59411,9.59573,1.00,1.00
2017.04.06 15:14:57.812,9.59411,9.59576,1.00,1.00
2017.04.06 15:15:00.962,9.59411,9.59575,1.00,1.00
2017.04.06 15:15:01.469,9.59411,9.59576,1.00,1.00
2017.04.06 15:15:02.292,9.59399,9.59567,1.00,1.00
2017.04.06 15:15:03.638,9.59389,9.59554,1.00,1.00
2017.04.06 15:15:03.942,9.59402,9.59555,1.00,1.00
2017.04.06 15:15:04.297,9.59402,9.59564,1.00,1.00
2017.04.06 15:15:04.353,9.59386,9.59554,1.00,1.00
2017.04.06 15:15:04.860,9.59385,9.59554,1.00,1.00
2017.04.06 15:15:05.236,9.59376,9.59514,1.00,1.00
2017.04.06 15:15:05.287,9.59381,9.59544,1.00,1.00
2017.04.06 15:15:05.439,9.59381,9.59554,1.00,2.25
2017.04.06 15:15:05.490,9.59381,9.59531,1.00,1.00
2017.04.06 15:15:05.794,9.59381,9.59543,1.15,1.00
2017.04.06 15:15:06.112,9.59381,9.59554,1.15,1.00
2017.04.06 15:15:06.416,9.59406,9.59555,1.07,1.00
2017.04.06 15:15:06.467,9.59406,9.59555,1.15,1.00
2017.04.06 15:15:07.277,9.59406,9.59562,1.15,1.00
2017.04.06 15:15:07.328,9.59406,9.59569,1.15,1.00
2017.04.06 15:15:07.379,9.59406,9.59566,1.15,1.00
2017.04.06 15:15:07.481,9.59406,9.59569,1.15,1.00
2017.04.06 15:15:07.582,9.59406,9.59562,1.15,1.00
2017.04.06 15:15:07.633,9.59406,9.59569,1.15,1.00
2017.04.06 15:15:08.029,9.59406,9.59569,1.00,1.00
2017.04.06 15:15:08.080,9.59406,9.59562,1.00,1.00
2017.04.06 15:15:10.127,9.594,9.59562,1.00,1.00
2017.04.06 15:15:13.307,9.594,9.59562,1.15,1.00
2017.04.06 15:15:13.358,9.594,9.59562,1.00,1.00
2017.04.06 15:15:13.712,9.594,9.59562,1.15,1.00
2017.04.06 15:15:13.963,9.594,9.59562,1.00,1.00
2017.04.06 15:15:14.190,9.59411,9.59562,1.00,1.00
2017.04.06 15:15:14.392,9.59396,9.59562,1.00,1.00
2017.04.06 15:15:14.544,9.59386,9.59562,1.00,1.00
2017.04.06 15:15:14.595,9.59386,9.59556,1.00,1.00
2017.04.06 15:15:15.018,9.59386,9.59547,1.00,1.00
2017.04.06 15:15:17.557,9.59373,9.59547,1.00,1.00
2017.04.06 15:15:18.213,9.59373,9.59547,1.15,1.00
2017.04.06 15:15:18.315,9.59373,9.59555,1.15,1.00
2017.04.06 15:15:18.467,9.59373,9.59555,1.00,1.00
2017.04.06 15:15:19.787,9.5939,9.59557,1.00,1.00
2017.04.06 15:15:20.152,9.5939,9.59557,1.15,1.00
2017.04.06 15:15:20.506,9.5939,9.59557,1.15,1.00
2017.04.06 15:15:20.557,9.5939,9.59557,1.00,1.00
2017.04.06 15:15:20.658,9.5939,9.59557,1.15,1.00
2017.04.06 15:15:21.029,9.5939,9.59557,1.15,1.00
2017.04.06 15:15:21.080,9.594,9.59562,1.15,1.00
2017.04.06 15:15:21.131,9.59411,9.59564,1.15,1.00
2017.04.06 15:15:21.536,9.59411,9.59573,1.15,1.00
2017.04.06 15:15:21.587,9.59411,9.59573,1.15,1.00
2017.04.06 15:15:22.160,9.59416,9.59574,1.15,1.00
2017.04.06 15:15:22.262,9.59416,9.59574,1.15,1.00
2017.04.06 15:15:22.363,9.59416,9.59578,1.15,1.00
2017.04.06 15:15:22.415,9.59416,9.59574,1.15,1.00
2017.04.06 15:15:22.558,9.59416,9.59578,1.15,1.00
2017.04.06 15:15:22.661,9.59416,9.59572,1.15,1.00
2017.04.06 15:15:22.712,9.59416,9.59572,1.00,1.00
2017.04.06 15:15:22.763,9.59416,9.59564,1.00,1.00
2017.04.06 15:15:22.814,9.59401,9.59563,1.00,1.00
2017.04.06 15:15:22.916,9.59401,9.59553,1.00,1.00
2017.04.06 15:15:23.220,9.59411,9.5955,1.00,1.00
2017.04.06 15:15:23.272,9.59399,9.5955,1.00,1.00
2017.04.06 15:15:23.373,9.59399,9.59559,1.00,1.00
2017.04.06 15:15:23.525,9.59399,9.5955,1.00,1.00
2017.04.06 15:15:24.555,9.59399,9.59558,1.00,1.00
2017.04.06 15:15:24.758,9.59399,9.59549,1.00,1.00
2017.04.06 15:15:25.164,9.59396,9.59549,1.00,1.00
2017.04.06 15:15:28.773,9.59396,9.59558,1.00,1.00
2017.04.06 15:15:29.251,9.59396,9.59553,1.00,1.00
2017.04.06 15:15:33.065,9.59396,9.59559,1.00,1.00
2017.04.06 15:15:33.470,9.59367,9.5954,1.00,1.00
2017.04.06 15:15:33.521,9.59353,9.59505,1.00,1.37
2017.04.06 15:15:33.572,9.59364,9.59537,1.00,1.00
2017.04.06 15:15:33.623,9.59364,9.59525,1.00,1.00
2017.04.06 15:15:33.934,9.59364,9.59505,1.00,1.00
2017.04.06 15:15:34.463,9.59354,9.59505,1.00,1.00
2017.04.06 15:15:36.697,9.59345,9.59505,1.00,1.00
2017.04.06 15:15:38.347,9.59344,9.59504,1.00,1.00
2017.04.06 15:15:39.242,9.59344,9.59498,1.00,1.00
2017.04.06 15:15:39.444,9.59344,9.59505,1.00,1.00
2017.04.06 15:15:42.170,9.59344,9.59497,1.00,1.00
2017.04.06 15:15:42.587,9.59344,9.59505,1.00,1.00
2017.04.06 15:15:44.565,9.59344,9.59495,1.00,1.00
2017.04.06 15:15:45.377,9.59344,9.59503,1.00,1.00
2017.04.06 15:15:45.665,9.59344,9.59495,1.00,1.00
2017.04.06 15:15:46.353,9.59343,9.59495,1.00,1.00
2017.04.06 15:15:46.403,9.59343,9.59503,1.00,1.00
2017.04.06 15:15:49.394,9.59343,9.59501,1.00,1.00
2017.04.06 15:15:49.771,9.59343,9.59509,1.00,1.00
2017.04.06 15:15:49.873,9.59343,9.59501,1.00,1.00
2017.04.06 15:15:49.974,9.59343,9.59508,1.00,1.00
2017.04.06 15:15:50.075,9.59343,9.595,1.00,1.00
2017.04.06 15:15:51.751,9.59345,9.595,1.00,1.00
2017.04.06 15:15:52.004,9.59345,9.59509,1.00,1.00
2017.04.06 15:15:52.904,9.59345,9.59501,1.00,1.00
2017.04.06 15:15:55.243,9.59344,9.59501,1.00,1.00
2017.04.06 15:15:56.792,9.59344,9.59509,1.00,1.00
2017.04.06 15:15:57.148,9.59344,9.59502,1.00,1.00
2017.04.06 15:15:57.815,9.59344,9.59509,1.00,1.00
2017.04.06 15:15:59.032,9.59344,9.59501,1.00,1.00
2017.04.06 15:16:02.017,9.59344,9.5951,1.00,1.00
2017.04.06 15:16:02.305,9.59344,9.59501,1.00,1.00
2017.04.06 15:16:04.234,9.59344,9.59509,1.00,1.00
2017.04.06 15:16:05.936,9.59344,9.59501,1.00,1.00
2017.04.06 15:16:06.139,9.59344,9.59512,1.00,1.00
2017.04.06 15:16:06.430,9.59344,9.59507,1.00,1.00
2017.04.06 15:16:06.799,9.59347,9.59507,1.00,1.00
2017.04.06 15:16:09.169,9.59347,9.59512,1.00,1.00
2017.04.06 15:16:09.270,9.59347,9.59497,1.00,1.00
2017.04.06 15:16:10.317,9.59337,9.59497,1.00,1.00
2017.04.06 15:16:10.968,9.59337,9.59494,1.00,1.00
2017.04.06 15:16:17.316,9.59337,9.59497,1.00,1.00
2017.04.06 15:16:19.632,9.59337,9.59494,1.00,1.00
2017.04.06 15:16:19.945,9.59366,9.59494,1.00,1.00
2017.04.06 15:16:20.047,9.59368,9.59497,1.00,1.00
2017.04.06 15:16:20.098,9.59365,9.59515,1.00,1.00
2017.04.06 15:16:20.149,9.59406,9.59515,1.00,1.00
2017.04.06 15:16:20.200,9.59406,9.59524,1.00,1.00
2017.04.06 15:16:20.301,9.59376,9.59532,1.37,1.00
2017.04.06 15:16:20.352,9.59354,9.59532,1.00,1.00
2017.04.06 15:16:20.403,9.59354,9.59541,1.00,1.00
2017.04.06 15:16:20.454,9.59354,9.59536,1.00,1.00
2017.04.06 15:16:20.806,9.59354,9.59537,1.37,1.00
2017.04.06 15:16:21.112,9.59366,9.59537,1.00,1.00
2017.04.06 15:16:21.467,9.59366,9.59541,1.00,1.00
2017.04.06 15:16:21.806,9.59366,9.59545,1.00,1.00
2017.04.06 15:16:23.033,9.59355,9.59545,1.37,1.00
2017.04.06 15:16:23.336,9.59359,9.59536,1.00,1.00
2017.04.06 15:16:23.640,9.59359,9.59531,1.00,1.00
2017.04.06 15:16:23.994,9.59359,9.59523,1.00,1.00
2017.04.06 15:16:25.275,9.5938,9.59504,1.00,1.00
2017.04.06 15:16:25.427,9.59415,9.59542,1.00,1.00
2017.04.06 15:16:25.479,9.59415,9.5954,1.00,1.00
2017.04.06 15:16:25.631,9.5943,9.59573,1.00,1.00
2017.04.06 15:16:25.682,9.5943,9.59581,1.00,1.00
2017.04.06 15:16:25.783,9.5943,9.59592,1.00,1.50
2017.04.06 15:16:25.986,9.5943,9.59582,1.00,1.00
2017.04.06 15:16:26.138,9.59407,9.5957,1.00,1.00
2017.04.06 15:16:26.290,9.59407,9.59561,1.00,1.00
2017.04.06 15:16:27.349,9.59383,9.59561,1.00,2.25
2017.04.06 15:16:27.937,9.59404,9.59561,1.00,1.50
2017.04.06 15:16:36.841,9.59407,9.59561,1.00,1.00
2017.04.06 15:16:40.283,9.5942,9.59558,1.00,1.00
2017.04.06 15:16:40.334,9.5942,9.59565,1.00,1.00
2017.04.06 15:16:40.386,9.59438,9.59565,1.00,1.00
2017.04.06 15:16:40.437,9.59438,9.59576,1.00,1.00
2017.04.06 15:16:40.488,9.59463,9.59576,1.00,1.00
2017.04.06 15:16:40.539,9.59463,9.59601,1.00,1.00
2017.04.06 15:16:40.640,9.59463,9.59614,1.00,1.00
2017.04.06 15:16:40.793,9.59463,9.59625,1.00,1.00
2017.04.06 15:16:42.373,9.59473,9.59635,1.00,1.00
2017.04.06 15:16:50.611,9.59483,9.5964,1.00,1.00
2017.04.06 15:16:51.328,9.59483,9.59646,1.00,1.00
2017.04.06 15:16:51.841,9.59475,9.59638,1.00,1.00
2017.04.06 15:16:52.869,9.59473,9.59636,1.00,1.00
2017.04.06 15:16:55.374,9.59476,9.59641,1.00,1.00
2017.04.06 15:17:01.266,9.59467,9.5963,1.00,1.00
2017.04.06 15:17:02.270,9.59465,9.59627,1.00,1.00
2017.04.06 15:17:02.623,9.59456,9.59619,1.00,1.00
2017.04.06 15:17:02.876,9.59436,9.59599,1.00,1.00
2017.04.06 15:17:03.129,9.59417,9.59592,1.00,1.00
2017.04.06 15:17:04.101,9.59417,9.59584,1.00,1.00
2017.04.06 15:17:04.405,9.59417,9.59574,1.00,1.00
2017.04.06 15:17:05.321,9.59417,9.59582,1.00,1.00
2017.04.06 15:17:06.908,9.59399,9.59582,1.00,1.00
2017.04.06 15:17:07.138,9.59399,9.59574,1.00,1.00
2017.04.06 15:17:07.650,9.59399,9.59573,1.00,1.00
2017.04.06 15:17:08.156,9.59398,9.59573,1.00,1.00
2017.04.06 15:17:09.248,9.59398,9.59574,1.00,1.50
2017.04.06 15:17:09.551,9.59398,9.59569,1.00,1.00
2017.04.06 15:17:10.357,9.59399,9.59569,1.00,1.00
2017.04.06 15:17:10.964,9.59399,9.59561,1.00,1.00
2017.04.06 15:17:11.167,9.59399,9.59564,1.00,1.00
2017.04.06 15:17:11.269,9.59399,9.59561,1.00,1.00
2017.04.06 15:17:11.370,9.59399,9.59564,1.00,1.50
2017.04.06 15:17:11.472,9.59399,9.59561,1.00,1.00
2017.04.06 15:17:11.776,9.59369,9.59532,1.00,1.00
2017.04.06 15:17:12.065,9.59359,9.59521,1.00,1.00
2017.04.06 15:17:12.596,9.59344,9.59506,1.00,1.00
2017.04.06 15:17:17.003,9.59333,9.59495,1.00,1.00
2017.04.06 15:17:19.265,9.59317,9.59479,1.00,1.00
2017.04.06 15:17:19.569,9.59305,9.59467,1.00,1.00
2017.04.06 15:17:20.380,9.59294,9.59457,1.00,1.00
2017.04.06 15:17:20.431,9.59294,9.59454,1.00,1.00
2017.04.06 15:17:20.482,9.59283,9.59445,1.00,1.00
2017.04.06 15:17:21.914,9.59289,9.59451,1.00,1.00
2017.04.06 15:17:22.218,9.59256,9.59416,1.00,1.00
2017.04.06 15:17:22.270,9.59253,9.59416,1.00,1.00
2017.04.06 15:17:23.432,9.59253,9.59414,1.00,1.00
2017.04.06 15:17:23.836,9.59241,9.59403,1.00,1.00
2017.04.06 15:17:24.089,9.59253,9.59414,1.00,1.00
2017.04.06 15:17:24.477,9.59264,9.59419,1.00,1.00
2017.04.06 15:17:25.420,9.59255,9.59418,1.00,1.00
2017.04.06 15:17:26.429,9.59254,9.59416,1.00,1.00
2017.04.06 15:17:26.747,9.59254,9.59405,1.00,1.00
2017.04.06 15:17:29.872,9.59244,9.59405,1.00,1.00
2017.04.06 15:17:30.848,9.59243,9.59405,1.00,1.00
2017.04.06 15:17:31.357,9.59243,9.59394,1.00,1.00
2017.04.06 15:17:31.582,9.59233,9.59394,1.00,1.00
2017.04.06 15:17:31.784,9.59203,9.59366,1.00,1.00
2017.04.06 15:17:31.886,9.59191,9.59353,1.50,1.00
2017.04.06 15:17:32.341,9.59209,9.59372,1.00,1.00
2017.04.06 15:17:32.594,9.59192,9.59354,1.00,1.00
2017.04.06 15:17:33.117,9.59192,9.59345,1.00,1.00
2017.04.06 15:17:33.573,9.59192,9.59354,1.00,1.50
2017.04.06 15:17:36.930,9.59182,9.59345,1.00,1.00
2017.04.06 15:17:40.251,9.59193,9.59354,1.00,1.00
2017.04.06 15:17:40.849,9.59193,9.59355,1.00,1.00
2017.04.06 15:17:41.257,9.59196,9.59358,1.00,1.00
2017.04.06 15:17:41.881,9.59217,9.59365,1.00,1.00
2017.04.06 15:17:42.083,9.59217,9.59382,1.00,1.00
2017.04.06 15:17:42.286,9.59231,9.59391,1.00,1.00
2017.04.06 15:17:42.337,9.59243,9.59404,1.00,1.00
2017.04.06 15:17:42.590,9.59264,9.59426,1.00,1.00
2017.04.06 15:17:42.944,9.59264,9.59415,1.00,1.00
2017.04.06 15:17:43.197,9.59264,9.59426,1.00,1.00
2017.04.06 15:17:43.358,9.59253,9.59415,1.00,1.00
2017.04.06 15:17:43.888,9.59253,9.59416,1.00,1.50
2017.04.06 15:17:46.341,9.59253,9.59414,1.00,1.00
2017.04.06 15:17:46.392,9.59243,9.59405,1.00,1.50
2017.04.06 15:17:46.595,9.59212,9.59375,1.00,1.00
2017.04.06 15:17:46.799,9.59197,9.59359,1.00,1.00
2017.04.06 15:17:47.103,9.59219,9.59364,1.00,1.00
2017.04.06 15:17:47.296,9.59219,9.59381,1.00,1.00
2017.04.06 15:17:52.006,9.59216,9.59378,1.00,1.00
2017.04.06 15:17:55.447,9.59215,9.59377,1.00,1.00
2017.04.06 15:17:57.206,9.59215,9.59373,1.00,1.00
2017.04.06 15:18:00.127,9.59226,9.59373,1.00,1.00
2017.04.06 15:18:00.432,9.59233,9.59373,1.00,1.00
2017.04.06 15:18:00.584,9.59233,9.59415,1.00,1.00
2017.04.06 15:18:00.786,9.59256,9.59415,1.00,1.00
2017.04.06 15:18:00.837,9.59271,9.59433,1.00,1.00
2017.04.06 15:18:00.989,9.5927,9.59435,1.00,1.00
2017.04.06 15:18:01.041,9.59294,9.59436,1.00,1.00
2017.04.06 15:18:01.092,9.59315,9.59464,1.00,1.00
2017.04.06 15:18:01.194,9.59315,9.59472,1.00,1.00
2017.04.06 15:18:01.346,9.59299,9.59465,1.00,1.00
2017.04.06 15:18:04.091,9.59312,9.59472,1.00,1.00
2017.04.06 15:18:04.395,9.59298,9.59449,1.00,1.00
2017.04.06 15:18:04.699,9.59314,9.59449,1.00,1.00
2017.04.06 15:18:06.867,9.59325,9.59449,1.00,1.00
2017.04.06 15:18:10.368,9.59301,9.59449,1.00,1.00
2017.04.06 15:18:10.572,9.59299,9.59449,1.50,1.00
2017.04.06 15:18:10.623,9.59318,9.59472,1.00,1.00
2017.04.06 15:18:11.206,9.59311,9.59472,1.00,1.00
2017.04.06 15:18:11.459,9.59302,9.59472,1.00,1.00
2017.04.06 15:18:12.014,9.59322,9.59472,1.00,1.00
2017.04.06 15:18:12.115,9.59302,9.59472,1.00,1.00
2017.04.06 15:18:12.167,9.5932,9.59472,1.00,1.00
2017.04.06 15:18:12.888,9.59298,9.59472,1.00,1.00
2017.04.06 15:18:14.270,9.593,9.59472,1.00,1.00
2017.04.06 15:18:14.573,9.59325,9.59472,1.00,1.00
2017.04.06 15:18:15.515,9.59306,9.59472,1.00,1.00
2017.04.06 15:18:15.814,9.59298,9.59472,1.50,1.00
2017.04.06 15:18:17.028,9.593,9.59472,1.00,1.00
2017.04.06 15:18:17.362,9.59305,9.59472,1.00,1.00
2017.04.06 15:18:17.666,9.59326,9.59472,1.00,1.00
2017.04.06 15:18:17.952,9.59306,9.59472,1.00,1.00
2017.04.06 15:18:18.901,9.59298,9.59472,1.50,1.00
2017.04.06 15:18:20.338,9.59301,9.59463,1.00,1.00
2017.04.06 15:18:20.655,9.59301,9.59432,1.00,1.00
2017.04.06 15:18:22.041,9.59302,9.59432,1.00,1.00
2017.04.06 15:18:25.540,9.59299,9.59432,1.00,1.00
2017.04.06 15:18:37.076,9.5931,9.59432,1.00,1.00
2017.04.06 15:18:40.550,9.59308,9.59432,1.00,1.00
2017.04.06 15:18:40.803,9.59298,9.59432,1.00,1.00
2017.04.06 15:18:40.854,9.59287,9.59432,1.00,1.00
2017.04.06 15:18:41.696,9.59297,9.59432,1.00,1.00
2017.04.06 15:18:43.049,9.59285,9.59432,1.00,1.00
2017.04.06 15:18:43.353,9.59285,9.59421,1.00,1.00
2017.04.06 15:18:43.662,9.59285,9.59404,1.00,1.00
2017.04.06 15:18:45.618,9.59301,9.59404,1.00,1.00
2017.04.06 15:18:47.850,9.59278,9.59404,1.00,1.00
2017.04.06 15:18:51.848,9.59289,9.59404,1.00,1.00
2017.04.06 15:18:53.581,9.59278,9.59404,1.00,1.00
2017.04.06 15:18:55.590,9.59282,9.59404,1.00,1.00
2017.04.06 15:18:59.331,9.59261,9.59404,1.00,1.00
2017.04.06 15:18:59.382,9.59261,9.59399,1.00,1.00
2017.04.06 15:18:59.686,9.59261,9.59382,1.00,1.00
2017.04.06 15:19:02.932,9.59261,9.59405,1.00,1.00
2017.04.06 15:19:02.983,9.59261,9.59385,1.00,1.00
2017.04.06 15:19:05.089,9.59255,9.59385,1.00,1.00
2017.04.06 15:19:05.966,9.59255,9.59389,1.00,1.00
2017.04.06 15:19:06.017,9.59255,9.59407,1.00,1.00
2017.04.06 15:19:07.147,9.59254,9.59407,1.00,1.00
2017.04.06 15:19:08.129,9.59247,9.59407,1.00,1.00
2017.04.06 15:19:08.180,9.59247,9.59404,1.00,1.00
2017.04.06 15:19:08.534,9.59266,9.59397,1.50,1.00
2017.04.06 15:19:08.786,9.59266,9.59404,1.00,1.00
2017.04.06 15:19:08.837,9.59266,9.59398,1.00,1.00
2017.04.06 15:19:08.888,9.59256,9.59398,1.00,1.00
2017.04.06 15:19:08.990,9.59236,9.59398,1.00,1.00
2017.04.06 15:19:10.282,9.59243,9.59407,1.00,1.00
2017.04.06 15:19:10.535,9.59246,9.59424,1.00,1.00
2017.04.06 15:19:10.586,9.59246,9.5943,2.25,1.00
2017.04.06 15:19:10.637,9.59246,9.59416,2.25,1.00
2017.04.06 15:19:10.940,9.59266,9.59416,1.00,1.00
2017.04.06 15:19:16.811,9.59283,9.59416,1.00,1.00
2017.04.06 15:19:17.114,9.59279,9.59416,1.00,1.00
2017.04.06 15:19:17.216,9.5928,9.59445,1.00,1.00
2017.04.06 15:19:17.268,9.59301,9.59445,1.00,1.00
2017.04.06 15:19:17.804,9.593,9.59445,1.00,1.00
2017.04.06 15:19:18.310,9.59294,9.59445,1.00,1.00
2017.04.06 15:19:22.144,9.593,9.59445,1.00,1.00
2017.04.06 15:19:29.564,9.59295,9.59445,1.00,1.00
2017.04.06 15:19:29.615,9.5928,9.59442,1.00,1.00
2017.04.06 15:19:37.199,9.59282,9.59445,1.00,2.25
2017.04.06 15:19:38.847,9.59282,9.59444,1.00,1.00
2017.04.06 15:19:39.100,9.59264,9.59415,1.00,1.00
2017.04.06 15:19:39.605,9.59264,9.59414,1.00,1.00
2017.04.06 15:19:40.318,9.59264,9.59404,1.00,1.00
2017.04.06 15:19:40.657,9.59246,9.59404,3.00,1.00
2017.04.06 15:19:41.544,9.59246,9.59414,3.00,1.50
2017.04.06 15:19:42.814,9.59247,9.59414,1.00,1.50
2017.04.06 15:19:47.383,9.59247,9.59404,1.00,1.00
2017.04.06 15:19:47.946,9.59246,9.59401,2.25,1.00
2017.04.06 15:19:48.249,9.59245,9.59388,2.25,1.50
2017.04.06 15:19:48.300,9.59226,9.59388,1.00,1.00
2017.04.06 15:19:48.352,9.59226,9.59375,1.00,1.00
2017.04.06 15:19:48.605,9.59189,9.59351,1.00,1.00
2017.04.06 15:19:48.757,9.59189,9.59344,1.00,1.00
2017.04.06 15:19:49.031,9.59189,9.59351,1.00,1.00
2017.04.06 15:19:49.542,9.59187,9.5935,1.00,1.00
2017.04.06 15:19:53.840,9.59187,9.59344,1.00,1.00
2017.04.06 15:19:54.093,9.59187,9.5935,1.00,1.00
2017.04.06 15:19:54.346,9.59164,9.59318,1.00,1.00
2017.04.06 15:19:54.447,9.59156,9.59318,1.50,1.00
2017.04.06 15:19:55.687,9.59151,9.59313,1.00,1.00
2017.04.06 15:19:56.901,9.59161,9.59323,1.00,1.00
2017.04.06 15:19:58.462,9.5916,9.59322,1.00,1.00
2017.04.06 15:19:58.943,9.59166,9.59322,1.00,1.00
2017.04.06 15:19:59.045,9.59182,9.59342,1.00,1.50
2017.04.06 15:19:59.096,9.59182,9.59337,1.00,1.00
2017.04.06 15:19:59.147,9.5918,9.59342,1.00,1.00
2017.04.06 15:19:59.299,9.59205,9.59364,1.00,1.00
2017.04.06 15:19:59.350,9.5918,9.59342,1.00,1.00
2017.04.06 15:19:59.451,9.5918,9.59334,1.00,1.50
2017.04.06 15:19:59.603,9.59154,9.59316,1.00,1.00
2017.04.06 15:20:00.119,9.59154,9.59314,1.00,1.00
2017.04.06 15:20:02.154,9.59166,9.59314,1.00,1.00
2017.04.06 15:20:02.205,9.59166,9.59329,1.00,1.00
2017.04.06 15:20:03.378,9.59166,9.59324,1.00,1.00
2017.04.06 15:20:05.730,9.59166,9.59329,1.00,1.00
2017.04.06 15:20:06.564,9.59166,9.59325,1.00,1.00
2017.04.06 15:20:07.230,9.5916,9.59322,1.00,1.00
2017.04.06 15:20:10.719,9.59168,9.5933,1.00,1.00
2017.04.06 15:20:13.017,9.59157,9.5932,1.00,1.00
2017.04.06 15:20:14.475,9.59168,9.5933,1.00,1.00
2017.04.06 15:20:15.480,9.5917,9.59333,1.00,1.00
2017.04.06 15:20:21.264,9.59171,9.59334,1.00,1.00
2017.04.06 15:20:21.548,9.59196,9.59334,1.00,1.00
2017.04.06 15:20:21.599,9.59196,9.59356,1.50,1.00
2017.04.06 15:20:21.650,9.59196,9.59354,2.25,1.00
2017.04.06 15:20:21.852,9.59202,9.59364,1.00,1.50
2017.04.06 15:20:23.101,9.59212,9.59375,1.00,1.00
2017.04.06 15:20:23.553,9.59201,9.59364,1.00,1.00
2017.04.06 15:20:24.574,9.59212,9.59374,1.00,1.00
2017.04.06 15:20:24.962,9.592,9.59362,1.00,1.00
2017.04.06 15:20:25.266,9.59211,9.59373,1.00,1.00
2017.04.06 15:20:25.670,9.59211,9.59364,1.00,1.00
2017.04.06 15:20:26.203,9.5921,9.59364,1.00,1.00
2017.04.06 15:20:27.136,9.592,9.59362,1.00,1.00
2017.04.06 15:20:31.033,9.59211,9.59373,1.00,1.00
2017.04.06 15:20:33.983,9.592,9.59362,1.00,1.00
2017.04.06 15:20:35.096,9.5921,9.59373,1.00,1.00
2017.04.06 15:20:35.573,9.5921,9.59385,1.00,1.00
2017.04.06 15:20:36.436,9.59209,9.59387,1.00,1.00
2017.04.06 15:20:36.960,9.5921,9.59387,1.00,1.00
2017.04.06 15:20:37.011,9.5921,9.59375,1.00,1.00
2017.04.06 15:20:37.314,9.59217,9.59375,1.00,1.00
2017.04.06 15:20:37.820,9.59217,9.59376,1.00,1.00
2017.04.06 15:20:38.319,9.59217,9.59379,1.00,1.00
2017.04.06 15:20:40.775,9.59215,9.59377,1.00,1.00
2017.04.06 15:20:41.136,9.59215,9.59375,1.00,1.00
2017.04.06 15:20:41.287,9.59215,9.59377,1.00,1.00
2017.04.06 15:20:41.591,9.59205,9.59367,1.00,1.00
2017.04.06 15:20:41.915,9.59215,9.59375,1.00,1.00
2017.04.06 15:20:42.067,9.59215,9.59377,1.00,1.00
2017.04.06 15:20:42.168,9.59215,9.59375,1.00,1.00
2017.04.06 15:20:43.893,9.59215,9.59377,1.00,1.00
2017.04.06 15:20:45.613,9.59217,9.59375,1.00,1.00
2017.04.06 15:20:46.151,9.59217,9.59374,1.00,1.00
2017.04.06 15:20:46.609,9.59205,9.59367,1.00,1.00
2017.04.06 15:20:48.360,9.59214,9.59375,1.00,1.00
2017.04.06 15:20:48.647,9.59214,9.59379,1.00,1.00
2017.04.06 15:20:50.305,9.59214,9.59374,1.00,1.00
2017.04.06 15:20:51.082,9.59206,9.59374,1.00,1.00
2017.04.06 15:20:51.234,9.59208,9.59394,1.00,1.00
2017.04.06 15:20:51.285,9.5921,9.59394,1.00,1.00
2017.04.06 15:20:51.588,9.5921,9.59393,1.87,1.00
2017.04.06 15:20:51.690,9.5921,9.59393,1.50,1.00
2017.04.06 15:20:51.793,9.5921,9.59393,1.87,1.00
2017.04.06 15:20:51.844,9.5921,9.59393,1.87,1.00
2017.04.06 15:20:51.895,9.5921,9.59393,1.50,1.00
2017.04.06 15:20:52.461,9.5921,9.59395,1.50,1.00
2017.04.06 15:20:52.512,9.5922,9.59395,1.00,1.00
2017.04.06 15:20:52.816,9.59209,9.59324,1.00,1.00
2017.04.06 15:20:53.120,9.59095,9.59233,1.00,1.00
2017.04.06 15:20:53.171,9.59071,9.59233,1.00,1.00
2017.04.06 15:20:53.222,9.5907,9.59197,1.00,1.00
2017.04.06 15:20:53.273,9.59035,9.59197,1.00,1.00
2017.04.06 15:20:53.324,9.59035,9.59194,1.00,1.00
2017.04.06 15:20:54.112,9.59029,9.59191,1.00,1.00
2017.04.06 15:20:54.374,9.59018,9.59181,1.00,1.00
2017.04.06 15:20:54.425,9.59018,9.59164,1.00,1.00
2017.04.06 15:20:55.626,9.59018,9.59174,1.00,1.00
2017.04.06 15:20:55.841,9.59021,9.59174,1.00,1.00
2017.04.06 15:20:56.368,9.5901,9.59173,1.00,1.00
2017.04.06 15:20:56.419,9.5901,9.59154,1.00,1.00
2017.04.06 15:20:56.952,9.5902,9.59154,1.00,1.00
2017.04.06 15:20:57.606,9.5902,9.59174,1.00,1.00
2017.04.06 15:20:58.112,9.59021,9.59174,1.00,1.00
2017.04.06 15:20:58.315,9.59021,9.59183,1.00,1.00
2017.04.06 15:20:58.532,9.5903,9.59192,1.00,1.00
2017.04.06 15:20:59.556,9.59031,9.59193,1.00,1.00
2017.04.06 15:20:59.867,9.5904,9.59194,1.00,1.00
2017.04.06 15:21:00.781,9.59042,9.59194,1.00,1.00
2017.04.06 15:21:03.311,9.59042,9.59204,1.00,1.50
2017.04.06 15:21:04.513,9.59042,9.59194,1.00,1.00
2017.04.06 15:21:06.273,9.5905,9.59194,1.00,1.00
2017.04.06 15:21:06.425,9.59071,9.59223,1.00,1.00
2017.04.06 15:21:06.527,9.591,9.59224,1.00,1.00
2017.04.06 15:21:06.629,9.591,9.59244,1.00,1.00
2017.04.06 15:21:06.781,9.5914,9.59244,1.00,1.00
2017.04.06 15:21:06.933,9.5914,9.59274,1.00,1.00
2017.04.06 15:21:06.984,9.5915,9.59274,1.00,1.00
2017.04.06 15:21:07.137,9.59173,9.59304,1.00,1.00
2017.04.06 15:21:07.339,9.59142,9.59304,1.00,1.50
2017.04.06 15:21:07.441,9.59142,9.59274,1.00,1.00
2017.04.06 15:21:07.542,9.59119,9.59274,1.00,1.00
2017.04.06 15:21:07.975,9.59107,9.59269,1.00,1.00
2017.04.06 15:21:10.116,9.59118,9.59281,1.00,1.00
2017.04.06 15:21:10.271,9.59134,9.59284,1.00,1.00
2017.04.06 15:21:10.423,9.59134,9.59297,1.00,1.00
2017.04.06 15:21:10.625,9.59131,9.59293,1.00,1.00
2017.04.06 15:21:11.093,9.59131,9.59284,1.00,1.00
2017.04.06 15:21:11.623,9.59129,9.59284,1.00,1.00
2017.04.06 15:21:12.028,9.59129,9.59292,1.00,1.00
2017.04.06 15:21:16.607,9.59119,9.59281,1.00,1.00
2017.04.06 15:21:16.911,9.59107,9.59264,1.00,1.00
2017.04.06 15:21:17.113,9.59103,9.59264,1.00,1.00
2017.04.06 15:21:17.579,9.59114,9.59264,1.00,1.00
2017.04.06 15:21:17.859,9.59114,9.59274,1.00,1.00
2017.04.06 15:21:18.772,9.59114,9.59276,1.00,1.00
2017.04.06 15:21:21.138,9.59114,9.59274,1.00,1.00
2017.04.06 15:21:22.242,9.59114,9.59276,1.00,1.00
2017.04.06 15:21:22.438,9.59117,9.59279,1.00,1.00
2017.04.06 15:21:22.844,9.59132,9.59294,1.00,1.50
2017.04.06 15:21:23.147,9.59141,9.59296,1.00,1.00
2017.04.06 15:21:23.299,9.59134,9.59296,1.00,1.00
2017.04.06 15:21:24.032,9.59132,9.59294,1.00,1.00
2017.04.06 15:21:24.568,9.59131,9.59294,1.00,1.50
2017.04.06 15:21:25.167,9.59121,9.59283,1.00,1.00
2017.04.06 15:21:25.489,9.5911,9.59265,1.00,1.00
2017.04.06 15:21:26.343,9.5911,9.59272,1.00,1.00
2017.04.06 15:21:26.863,9.59099,9.59252,1.00,1.00
2017.04.06 15:21:27.077,9.59089,9.59252,1.00,1.00
2017.04.06 15:21:27.128,9.59093,9.59239,1.00,1.00
2017.04.06 15:21:27.230,9.59077,9.59239,1.00,1.00
2017.04.06 15:21:27.281,9.59077,9.59234,1.00,1.00
2017.04.06 15:21:27.433,9.59065,9.59228,1.00,1.00
2017.04.06 15:21:28.318,9.59065,9.59214,1.00,1.00
2017.04.06 15:21:29.840,9.59055,9.59214,1.00,1.00
2017.04.06 15:21:30.667,9.59055,9.59204,1.00,1.00
2017.04.06 15:21:31.874,9.59055,9.59214,1.00,1.00
2017.04.06 15:21:33.123,9.59045,9.59207,1.00,1.00
2017.04.06 15:21:34.154,9.59045,9.59195,1.00,1.00
2017.04.06 15:21:35.099,9.59025,9.59189,1.00,1.00
2017.04.06 15:21:35.201,9.59025,9.59174,1.00,1.00
2017.04.06 15:21:35.620,9.59016,9.59174,1.00,1.00
2017.04.06 15:21:36.370,9.59016,9.59164,1.00,1.00
2017.04.06 15:21:37.437,9.59015,9.59164,1.00,1.00
2017.04.06 15:21:44.193,9.59015,9.59174,1.00,1.00
2017.04.06 15:21:46.325,9.59026,9.59174,1.00,1.00
2017.04.06 15:21:49.717,9.59026,9.59164,1.00,1.00
2017.04.06 15:21:52.467,9.59016,9.59164,1.00,1.00
2017.04.06 15:21:54.088,9.59016,9.5916,1.00,1.00
2017.04.06 15:21:54.271,9.59004,9.5916,1.00,1.00
2017.04.06 15:21:54.322,9.59004,9.5915,1.00,1.00
2017.04.06 15:21:54.533,9.59004,9.59164,1.00,1.00
2017.04.06 15:21:55.961,9.5901,9.59164,1.00,1.00
2017.04.06 15:21:56.114,9.58996,9.59157,1.00,1.00
2017.04.06 15:21:56.216,9.58994,9.59144,1.00,1.00
2017.04.06 15:21:56.401,9.58972,9.5913,1.00,1.00
2017.04.06 15:21:56.553,9.58948,9.5911,1.00,1.00
2017.04.06 15:21:56.603,9.58934,9.59081,1.00,1.00
2017.04.06 15:21:56.705,9.58921,9.59081,1.00,1.00
2017.04.06 15:21:56.806,9.58919,9.59081,1.00,1.00
2017.04.06 15:21:56.857,9.58938,9.59094,1.00,1.00
2017.04.06 15:21:56.908,9.58938,9.59101,1.00,1.00
2017.04.06 15:21:57.363,9.58949,9.59111,1.00,1.00
2017.04.06 15:21:57.667,9.58937,9.59099,1.00,1.00
2017.04.06 15:21:57.970,9.58926,9.59084,1.00,1.00
2017.04.06 15:21:58.274,9.58909,9.5907,1.00,1.00
2017.04.06 15:21:58.375,9.58909,9.5906,1.00,1.00
2017.04.06 15:21:58.426,9.58899,9.5906,1.00,1.00
2017.04.06 15:21:58.527,9.58891,9.59042,1.00,1.00
2017.04.06 15:21:58.730,9.58882,9.59042,1.00,1.00
2017.04.06 15:21:58.781,9.58892,9.59044,1.00,1.00
2017.04.06 15:21:59.236,9.58892,9.59054,1.00,1.00
2017.04.06 15:21:59.359,9.58882,9.59025,1.00,1.00
2017.04.06 15:21:59.410,9.58873,9.59025,1.00,1.00
2017.04.06 15:21:59.511,9.58862,9.59025,1.00,1.00
2017.04.06 15:22:00.878,9.58883,9.59034,1.00,1.00
2017.04.06 15:22:00.929,9.58883,9.59045,1.00,1.00
2017.04.06 15:22:05.887,9.58894,9.59056,1.00,1.00
2017.04.06 15:22:06.243,9.58877,9.59043,1.00,1.00
2017.04.06 15:22:06.447,9.58893,9.59055,1.00,1.00
2017.04.06 15:22:07.490,9.58892,9.59054,1.00,1.00
2017.04.06 15:22:07.751,9.58878,9.59043,1.00,1.00
2017.04.06 15:22:07.903,9.58894,9.59057,1.00,1.00
2017.04.06 15:22:08.207,9.58879,9.59043,1.00,1.00
2017.04.06 15:22:08.309,9.58894,9.59057,1.00,1.00
2017.04.06 15:22:09.021,9.58893,9.59055,1.00,1.00
2017.04.06 15:22:10.956,9.5889,9.59053,1.00,1.00
2017.04.06 15:22:11.250,9.58887,9.59049,1.00,1.00
2017.04.06 15:22:11.606,9.58871,9.59033,1.00,1.00
2017.04.06 15:22:11.946,9.58871,9.59014,1.00,1.00
2017.04.06 15:22:11.997,9.58854,9.59014,1.00,1.00
2017.04.06 15:22:12.098,9.58844,9.59006,1.00,1.00
2017.04.06 15:22:12.342,9.58822,9.58984,1.00,1.50
2017.04.06 15:22:12.646,9.58824,9.58984,1.00,1.00
2017.04.06 15:22:12.697,9.58822,9.58984,1.00,1.00
2017.04.06 15:22:13.051,9.5883,9.58984,1.00,1.00
2017.04.06 15:22:13.101,9.58834,9.58997,1.00,1.00
2017.04.06 15:22:13.203,9.5884,9.59002,1.00,1.00
2017.04.06 15:22:13.846,9.58839,9.59001,1.00,1.00
2017.04.06 15:22:14.251,9.5886,9.59022,1.00,1.00
2017.04.06 15:22:14.605,9.58884,9.59046,1.00,1.00
2017.04.06 15:22:14.975,9.58896,9.59058,1.00,1.00
2017.04.06 15:22:16.311,9.589,9.59062,1.00,1.00
2017.04.06 15:22:16.969,9.58911,9.59074,1.00,1.00
2017.04.06 15:22:17.350,9.58924,9.59084,1.00,1.00
2017.04.06 15:22:17.451,9.58924,9.59086,1.00,1.00
2017.04.06 15:22:17.603,9.58937,9.591,1.00,1.00
2017.04.06 15:22:18.010,9.58948,9.5911,1.00,1.00
2017.04.06 15:22:22.531,9.58952,9.59114,1.00,1.00
2017.04.06 15:22:26.002,9.58948,9.5911,1.00,1.00
2017.04.06 15:22:30.516,9.58948,9.591,1.00,1.00
2017.04.06 15:22:30.722,9.58941,9.591,1.00,1.00
2017.04.06 15:22:30.773,9.58928,9.5909,1.00,1.00
2017.04.06 15:22:30.824,9.58939,9.591,1.00,1.00
2017.04.06 15:22:31.154,9.58939,9.5908,1.00,1.00
2017.04.06 15:22:31.205,9.58922,9.5908,1.00,1.00
2017.04.06 15:22:31.307,9.58922,9.59084,1.00,1.00
2017.04.06 15:22:37.584,9.58917,9.59079,1.00,1.00
2017.04.06 15:22:41.043,9.58926,9.5909,1.00,1.00
2017.04.06 15:22:43.466,9.58927,9.5909,1.00,1.00
2017.04.06 15:22:47.310,9.58932,9.5911,1.00,1.00
2017.04.06 15:22:49.611,9.58951,9.59114,1.00,1.00
2017.04.06 15:22:49.915,9.58989,9.59135,1.00,1.00
2017.04.06 15:22:50.067,9.5901,9.59164,1.00,1.00
2017.04.06 15:22:50.221,9.5901,9.59172,1.00,1.00
2017.04.06 15:22:50.372,9.59033,9.59196,1.00,1.00
2017.04.06 15:22:50.828,9.59053,9.59217,1.00,1.00
2017.04.06 15:22:51.594,9.59037,9.592,1.00,1.00
2017.04.06 15:22:52.604,9.59041,9.59203,1.00,1.00
2017.04.06 15:22:55.290,9.59028,9.59191,1.00,1.00
2017.04.06 15:22:55.593,9.59007,9.59169,1.00,1.00
2017.04.06 15:22:55.864,9.58995,9.59158,1.00,1.00
2017.04.06 15:22:55.919,9.5898,9.59144,1.00,1.00
2017.04.06 15:22:56.071,9.58982,9.59128,1.00,1.00
2017.04.06 15:22:56.608,9.5897,9.59117,1.00,1.00
2017.04.06 15:22:57.614,9.58959,9.59106,1.00,1.00
2017.04.06 15:22:57.917,9.58948,9.59091,1.00,1.00
2017.04.06 15:22:58.221,9.58938,9.5908,1.00,1.00
2017.04.06 15:22:58.991,9.58933,9.5908,1.00,1.00
2017.04.06 15:23:07.715,9.58931,9.59075,1.00,1.00
2017.04.06 15:23:09.244,9.58932,9.59075,1.00,1.00
2017.04.06 15:23:09.918,9.5894,9.59087,1.00,1.00
2017.04.06 15:23:10.019,9.58949,9.59096,1.00,1.00
2017.04.06 15:23:10.634,9.58941,9.5908,1.00,1.00
2017.04.06 15:23:10.948,9.58947,9.59094,1.00,1.00
2017.04.06 15:23:11.251,9.58949,9.59094,1.00,1.00
2017.04.06 15:23:11.556,9.58957,9.59094,1.00,1.00
2017.04.06 15:23:11.759,9.58949,9.59094,1.00,1.00
2017.04.06 15:23:11.861,9.58958,9.59094,1.00,1.00
2017.04.06 15:23:11.962,9.58947,9.59094,1.00,1.00
2017.04.06 15:23:12.362,9.58951,9.59094,1.00,1.00
2017.04.06 15:23:12.766,9.58947,9.59094,1.00,1.00
2017.04.06 15:23:12.867,9.58954,9.59094,1.00,1.00
2017.04.06 15:23:12.969,9.58947,9.59094,1.00,1.00
2017.04.06 15:23:13.071,9.58953,9.59094,1.00,1.00
2017.04.06 15:23:13.273,9.58947,9.59094,1.00,1.00
2017.04.06 15:23:13.425,9.58952,9.59094,1.00,1.00
2017.04.06 15:23:13.642,9.58947,9.59094,1.00,1.00
2017.04.06 15:23:13.744,9.58951,9.59094,1.00,1.00
2017.04.06 15:23:13.986,9.58947,9.59094,1.00,1.00
2017.04.06 15:23:14.037,9.5895,9.59094,1.00,1.00
2017.04.06 15:23:14.139,9.58947,9.59094,1.00,1.00
2017.04.06 15:23:14.465,9.58955,9.59094,1.00,1.00
2017.04.06 15:23:14.566,9.58947,9.59094,1.00,1.00
2017.04.06 15:23:16.036,9.58937,9.59077,1.00,1.00
2017.04.06 15:23:16.138,9.58919,9.59065,1.50,1.00
2017.04.06 15:23:16.340,9.5891,9.59055,1.00,1.00
2017.04.06 15:23:16.442,9.58908,9.59055,1.00,1.00
2017.04.06 15:23:17.099,9.58898,9.59045,1.00,1.00
2017.04.06 15:23:17.400,9.58888,9.5903,1.00,1.00
2017.04.06 15:23:17.451,9.58884,9.5903,1.00,1.00
2017.04.06 15:23:17.605,9.58879,9.59018,1.00,1.00
2017.04.06 15:23:17.757,9.58865,9.59008,1.00,1.00
2017.04.06 15:23:17.858,9.5886,9.59008,1.00,1.00
2017.04.06 15:23:19.570,9.5885,9.58997,1.00,1.00
2017.04.06 15:23:19.975,9.58856,9.58997,1.00,1.00
2017.04.06 15:23:20.026,9.5886,9.59007,1.00,1.00
2017.04.06 15:23:22.667,9.5885,9.58999,1.00,1.00
2017.04.06 15:23:23.646,9.58846,9.58995,1.00,1.00
2017.04.06 15:23:23.950,9.58846,9.58993,1.00,1.00
2017.04.06 15:23:24.991,9.58848,9.58993,1.00,1.00
2017.04.06 15:23:25.195,9.58846,9.58993,1.00,1.00
2017.04.06 15:23:25.297,9.58849,9.58993,1.00,1.00
2017.04.06 15:23:25.450,9.58846,9.58993,1.00,1.00
2017.04.06 15:23:25.552,9.58849,9.58993,1.00,1.00
2017.04.06 15:23:25.755,9.58846,9.58993,1.00,1.00
2017.04.06 15:23:25.958,9.58848,9.58993,1.00,1.00
2017.04.06 15:23:26.106,9.58848,9.58995,1.50,1.00
2017.04.06 15:23:27.570,9.5885,9.58995,1.00,1.00
2017.04.06 15:23:27.672,9.58848,9.58995,1.00,1.00
2017.04.06 15:23:27.723,9.58846,9.58993,1.00,1.00
2017.04.06 15:23:30.917,9.58847,9.58993,1.00,1.00
2017.04.06 15:23:31.428,9.58846,9.58993,1.50,1.00
2017.04.06 15:23:31.883,9.58854,9.58993,1.00,1.00
2017.04.06 15:23:32.208,9.58856,9.58993,1.00,1.00
2017.04.06 15:23:32.511,9.58846,9.58993,1.00,1.00
2017.04.06 15:23:32.874,9.58857,9.59003,1.00,1.00
2017.04.06 15:23:33.383,9.58862,9.59003,1.00,1.00
2017.04.06 15:23:33.485,9.58857,9.59003,1.00,1.00
2017.04.06 15:23:36.580,9.58863,9.59003,1.00,1.00
2017.04.06 15:23:36.631,9.5888,9.59027,1.00,1.00
2017.04.06 15:23:36.910,9.58903,9.59052,1.00,1.00
2017.04.06 15:23:37.113,9.58905,9.59064,1.00,1.00
2017.04.06 15:23:37.214,9.58917,9.59064,1.00,1.00
2017.04.06 15:23:37.265,9.58923,9.59072,1.00,1.00
2017.04.06 15:23:37.316,9.58925,9.59072,1.00,1.00
2017.04.06 15:23:37.619,9.58991,9.59124,1.00,1.00
2017.04.06 15:23:37.670,9.58991,9.59137,1.00,1.00
2017.04.06 15:23:37.721,9.58996,9.59137,1.50,1.00
2017.04.06 15:23:37.924,9.58994,9.59137,1.00,1.00
2017.04.06 15:23:38.247,9.58996,9.59137,1.00,1.00
2017.04.06 15:23:38.348,9.59005,9.59152,1.00,1.00
2017.04.06 15:23:38.702,9.59017,9.59152,1.00,1.00
2017.04.06 15:23:38.804,9.59009,9.59152,1.00,1.00
2017.04.06 15:23:38.906,9.59019,9.59166,1.00,1.00
2017.04.06 15:23:39.113,9.59055,9.59196,1.00,1.00
2017.04.06 15:23:39.367,9.59102,9.59249,1.00,1.00
2017.04.06 15:23:40.283,9.59096,9.59241,1.50,1.00
2017.04.06 15:23:40.587,9.591,9.59241,1.00,1.00
2017.04.06 15:23:41.315,9.591,9.59242,1.00,1.00
2017.04.06 15:23:41.416,9.59096,9.59242,1.50,1.00
2017.04.06 15:23:41.619,9.59101,9.59242,1.00,1.00
2017.04.06 15:23:41.721,9.59096,9.59242,1.50,1.00
2017.04.06 15:23:41.823,9.59102,9.59242,1.00,1.00
2017.04.06 15:23:41.924,9.59096,9.59242,1.00,1.00
2017.04.06 15:23:42.534,9.59104,9.59242,1.00,1.00
2017.04.06 15:23:42.689,9.59095,9.59242,1.00,1.00
2017.04.06 15:23:42.791,9.59088,9.59229,1.00,1.00
2017.04.06 15:23:43.398,9.59082,9.59229,1.00,1.00
2017.04.06 15:23:43.600,9.5907,9.59217,1.00,1.00
2017.04.06 15:23:46.582,9.5906,9.59207,1.00,1.00
2017.04.06 15:23:46.898,9.59029,9.59154,1.00,1.00
2017.04.06 15:23:47.125,9.58984,9.59114,1.00,1.00
2017.04.06 15:23:47.227,9.58975,9.59114,1.50,1.00
2017.04.06 15:23:47.783,9.58967,9.59114,1.00,1.00
2017.04.06 15:23:47.885,9.58968,9.59097,1.00,1.00
2017.04.06 15:23:47.936,9.5896,9.59097,1.00,1.00
2017.04.06 15:23:48.037,9.58951,9.59097,1.00,1.00
2017.04.06 15:23:48.390,9.5895,9.59084,1.50,1.00
2017.04.06 15:23:48.441,9.58938,9.59084,1.00,1.00
2017.04.06 15:23:48.695,9.58946,9.59084,1.00,1.00
2017.04.06 15:23:49.200,9.58944,9.59084,1.00,1.00
2017.04.06 15:23:49.352,9.58944,9.59074,1.00,1.00
2017.04.06 15:23:49.403,9.58934,9.59074,1.00,1.00
2017.04.06 15:23:49.878,9.58953,9.591,1.00,1.00
2017.04.06 15:23:51.603,9.58943,9.59075,1.00,1.00
2017.04.06 15:23:52.059,9.58943,9.5909,1.50,1.00
2017.04.06 15:23:52.701,9.58948,9.59095,1.00,1.00
2017.04.06 15:23:54.411,9.58928,9.59075,1.00,1.00
2017.04.06 15:23:54.716,9.58935,9.59075,1.00,1.00
2017.04.06 15:23:54.767,9.58939,9.59086,1.00,1.00
2017.04.06 15:23:56.156,9.58943,9.59086,1.00,1.00
2017.04.06 15:23:56.207,9.58943,9.59092,1.50,1.00
2017.04.06 15:23:56.360,9.58951,9.59097,1.00,1.00
2017.04.06 15:23:56.664,9.58959,9.59097,1.00,1.00
2017.04.06 15:23:56.766,9.58962,9.59109,1.00,1.00
2017.04.06 15:23:56.918,9.58967,9.59109,1.00,1.00
2017.04.06 15:23:57.020,9.58974,9.5912,1.00,1.00
2017.04.06 15:23:57.172,9.58987,9.59134,1.00,1.00
2017.04.06 15:23:57.324,9.58996,9.59134,1.50,1.00
2017.04.06 15:23:59.868,9.58998,9.59145,1.00,1.00
2017.04.06 15:23:59.919,9.59001,9.59145,1.00,1.00
2017.04.06 15:24:00.223,9.59012,9.59145,1.00,1.00
2017.04.06 15:24:00.376,9.59015,9.59162,1.00,1.00
2017.04.06 15:24:00.427,9.59023,9.59162,1.00,1.00
2017.04.06 15:24:00.669,9.59015,9.59162,1.00,1.00
2017.04.06 15:24:11.187,9.59019,9.59162,1.00,1.00
2017.04.06 15:24:11.238,9.59019,9.59164,1.00,1.00
2017.04.06 15:24:11.981,9.59018,9.59164,1.00,1.00
2017.04.06 15:24:12.842,9.59018,9.59164,1.03,1.00
2017.04.06 15:24:13.891,9.59018,9.59164,1.03,1.00
2017.04.06 15:24:14.043,9.59021,9.59164,1.00,1.00
2017.04.06 15:24:14.094,9.59018,9.59164,1.00,1.00
2017.04.06 15:24:14.145,9.5903,9.59177,1.00,1.00
2017.04.06 15:24:14.347,9.59021,9.59166,1.00,1.00
2017.04.06 15:24:14.953,9.5902,9.59166,1.00,1.00
2017.04.06 15:24:16.268,9.59028,9.59166,1.00,1.00
2017.04.06 15:24:16.679,9.59037,9.59166,1.00,1.00
2017.04.06 15:24:19.231,9.59046,9.59179,1.00,1.00
2017.04.06 15:24:19.282,9.59049,9.59196,1.00,1.00
2017.04.06 15:24:19.384,9.5907,9.59196,1.00,1.00
2017.04.06 15:24:19.687,9.59077,9.59196,1.00,1.00
2017.04.06 15:24:19.939,9.5907,9.59196,1.00,1.00
2017.04.06 15:24:19.990,9.59078,9.59196,1.00,1.00
2017.04.06 15:24:20.193,9.59069,9.59196,1.00,1.00
2017.04.06 15:24:20.295,9.59078,9.59196,1.00,1.00
2017.04.06 15:24:20.346,9.59078,9.59207,1.00,1.00
2017.04.06 15:24:20.397,9.59086,9.59207,1.00,1.00
2017.04.06 15:24:21.005,9.59096,9.5922,1.00,1.00
2017.04.06 15:24:21.209,9.59102,9.5922,1.00,1.00
2017.04.06 15:24:22.742,9.59102,9.59221,1.00,1.00
2017.04.06 15:24:29.212,9.591,9.59221,1.00,1.00
2017.04.06 15:24:29.607,9.591,9.59211,1.00,1.00
2017.04.06 15:24:29.658,9.59089,9.59211,1.00,1.00
2017.04.06 15:24:29.759,9.59068,9.59211,1.00,1.00
2017.04.06 15:24:30.632,9.59068,9.592,1.00,1.00
2017.04.06 15:24:31.077,9.59068,9.59191,1.00,1.00
2017.04.06 15:24:31.129,9.5906,9.59191,1.00,1.00
2017.04.06 15:24:31.432,9.59049,9.59191,1.00,1.00
2017.04.06 15:24:31.562,9.59049,9.59177,1.00,1.00
2017.04.06 15:24:31.664,9.59037,9.59167,1.00,1.00
2017.04.06 15:24:31.766,9.59029,9.59167,1.00,1.00
2017.04.06 15:24:31.968,9.59038,9.59167,1.00,1.00
2017.04.06 15:24:32.291,9.59046,9.59167,1.00,1.00
2017.04.06 15:24:32.681,9.59037,9.59167,1.00,1.00
2017.04.06 15:24:34.768,9.59045,9.59167,1.00,1.00
2017.04.06 15:24:35.068,9.59036,9.59167,1.00,1.00
2017.04.06 15:24:36.368,9.59044,9.59167,1.00,1.00
2017.04.06 15:24:37.376,9.59054,9.59178,1.00,1.00
2017.04.06 15:24:39.589,9.59046,9.59178,1.00,1.00
2017.04.06 15:24:39.639,9.59046,9.59167,1.00,1.00
2017.04.06 15:24:39.948,9.59037,9.59157,1.00,1.00
2017.04.06 15:24:39.999,9.59018,9.59157,1.00,1.00
2017.04.06 15:24:40.205,9.59026,9.59157,1.00,1.00
2017.04.06 15:24:40.548,9.59035,9.59157,1.00,1.00
2017.04.06 15:24:40.801,9.59025,9.59157,1.00,1.00
2017.04.06 15:24:40.852,9.59025,9.59146,1.00,1.00
2017.04.06 15:24:40.904,9.59017,9.59146,1.00,1.00
2017.04.06 15:24:41.359,9.59017,9.5913,1.00,1.00
2017.04.06 15:24:41.410,9.59008,9.5913,1.00,1.00
2017.04.06 15:24:41.791,9.59,9.5913,1.00,1.00
2017.04.06 15:24:41.842,9.59,9.59141,1.00,1.00
2017.04.06 15:24:42.044,9.59,9.59128,1.00,1.00
2017.04.06 15:24:42.196,9.5899,9.59128,1.00,1.00
2017.04.06 15:24:42.352,9.5899,9.59117,1.00,1.00
2017.04.06 15:24:43.550,9.58982,9.59117,1.00,1.00
2017.04.06 15:24:43.604,9.58991,9.59117,1.00,1.00
2017.04.06 15:24:43.907,9.58974,9.59105,1.00,1.00
2017.04.06 15:24:44.210,9.58982,9.59105,1.00,1.00
2017.04.06 15:24:47.001,9.58974,9.59105,1.00,1.00
2017.04.06 15:24:48.621,9.58966,9.59095,1.00,1.00
2017.04.06 15:24:48.722,9.58958,9.59095,1.00,1.00
2017.04.06 15:24:48.925,9.58965,9.59095,1.00,1.00
2017.04.06 15:24:49.430,9.58964,9.59095,1.00,1.00
2017.04.06 15:24:50.119,9.58955,9.59076,1.00,1.00
2017.04.06 15:24:52.836,9.58955,9.59074,1.00,1.00
2017.04.06 15:24:54.706,9.58955,9.59087,1.00,1.00
2017.04.06 15:24:54.858,9.58955,9.59094,1.00,1.00
2017.04.06 15:24:54.959,9.58964,9.59094,1.00,1.00
2017.04.06 15:24:55.213,9.58955,9.59094,1.00,1.00
2017.04.06 15:24:55.314,9.58964,9.59094,1.00,1.00
2017.04.06 15:24:57.634,9.58955,9.59094,1.00,1.00
2017.04.06 15:24:58.670,9.58963,9.59094,1.00,1.00
2017.04.06 15:24:58.973,9.58963,9.59116,1.00,1.00
2017.04.06 15:24:59.666,9.58955,9.59092,1.00,1.00
2017.04.06 15:25:00.426,9.58964,9.59092,1.00,1.00
2017.04.06 15:25:00.547,9.58954,9.59092,1.00,1.00
2017.04.06 15:25:01.552,9.58963,9.59092,1.00,1.00
2017.04.06 15:25:01.759,9.58954,9.59092,1.00,1.00
2017.04.06 15:25:02.062,9.58962,9.59114,1.00,1.00
2017.04.06 15:25:02.163,9.58973,9.59114,1.00,1.00
2017.04.06 15:25:02.525,9.58965,9.59114,1.00,1.00
2017.04.06 15:25:02.576,9.58974,9.59114,1.00,1.00
2017.04.06 15:25:02.851,9.58966,9.59114,1.00,1.00
2017.04.06 15:25:03.365,9.58974,9.59114,1.00,1.00
2017.04.06 15:25:03.618,9.58981,9.59125,1.00,1.00
2017.04.06 15:25:03.669,9.58992,9.59136,1.00,1.00
2017.04.06 15:25:03.974,9.59024,9.59136,1.00,1.00
2017.04.06 15:25:04.176,9.59032,9.59148,1.00,1.00
2017.04.06 15:25:04.784,9.59032,9.59164,1.00,1.00
2017.04.06 15:25:04.886,9.59034,9.59181,1.00,1.00
2017.04.06 15:25:04.937,9.59041,9.59181,1.00,1.00
2017.04.06 15:25:05.089,9.5905,9.59193,1.00,1.00
2017.04.06 15:25:05.140,9.59066,9.59193,1.00,1.00
2017.04.06 15:25:05.481,9.59069,9.59193,1.00,1.00
2017.04.06 15:25:05.723,9.59078,9.59205,1.00,1.00
2017.04.06 15:25:06.383,9.5907,9.59205,1.00,1.00
2017.04.06 15:25:06.484,9.59078,9.59205,1.00,1.00
2017.04.06 15:25:06.795,9.59089,9.59205,1.00,1.00
2017.04.06 15:25:07.012,9.59089,9.59216,1.00,1.00
2017.04.06 15:25:07.113,9.59089,9.59205,1.00,1.00
2017.04.06 15:25:07.165,9.59081,9.59205,1.00,1.00
2017.04.06 15:25:07.266,9.59072,9.59205,1.00,1.00
2017.04.06 15:25:07.469,9.5908,9.59205,1.00,1.00
2017.04.06 15:25:08.081,9.5908,9.59204,1.00,1.00
2017.04.06 15:25:09.193,9.59082,9.59204,1.00,1.00
2017.04.06 15:25:10.696,9.59073,9.59204,1.00,1.00
2017.04.06 15:25:10.798,9.59065,9.59204,1.00,1.00
2017.04.06 15:25:10.900,9.59075,9.59204,1.00,1.00
2017.04.06 15:25:11.001,9.59064,9.59204,1.00,1.00
2017.04.06 15:25:11.153,9.59073,9.59204,1.00,1.00
2017.04.06 15:25:11.685,9.59064,9.59203,1.00,1.00
2017.04.06 15:25:12.676,9.59066,9.59228,1.00,1.00
2017.04.06 15:25:12.727,9.59064,9.59216,1.00,1.00
2017.04.06 15:25:12.791,9.59054,9.59216,1.00,1.00
2017.04.06 15:25:13.094,9.59046,9.59204,1.00,1.00
2017.04.06 15:25:13.196,9.59042,9.59204,1.00,1.00
2017.04.06 15:25:14.851,9.59035,9.59182,1.00,1.00
2017.04.06 15:25:15.003,9.59027,9.59182,1.00,1.00
2017.04.06 15:25:15.205,9.5902,9.59182,1.00,1.00
2017.04.06 15:25:15.307,9.59019,9.59171,1.00,1.00
2017.04.06 15:25:15.423,9.5901,9.59171,1.00,1.00
2017.04.06 15:25:15.474,9.58995,9.59148,1.00,1.00
2017.04.06 15:25:15.576,9.58982,9.59148,1.00,1.00
2017.04.06 15:25:15.677,9.58989,9.59148,1.00,1.00
2017.04.06 15:25:15.880,9.58982,9.59148,1.00,1.00
2017.04.06 15:25:16.284,9.58973,9.59136,1.00,1.00
2017.04.06 15:25:19.824,9.58984,9.59146,1.00,1.00
2017.04.06 15:25:19.926,9.59005,9.59169,1.00,1.00
2017.04.06 15:25:20.028,9.59021,9.59181,1.00,1.00
2017.04.06 15:25:20.079,9.59032,9.59195,1.00,1.00
2017.04.06 15:25:20.708,9.59039,9.59195,1.00,1.00
2017.04.06 15:25:21.118,9.59048,9.59195,1.00,1.00
2017.04.06 15:25:21.345,9.59048,9.59201,1.00,1.00
2017.04.06 15:25:22.858,9.59048,9.59203,1.00,1.00
2017.04.06 15:25:29.215,9.59041,9.59203,1.00,1.00
2017.04.06 15:25:29.670,9.59041,9.59209,1.00,1.00
2017.04.06 15:25:33.326,9.59041,9.59195,1.00,1.00
2017.04.06 15:25:34.454,9.59034,9.59195,1.00,1.00
2017.04.06 15:25:37.917,9.59036,9.59198,1.00,1.00
2017.04.06 15:25:39.383,9.59034,9.59193,1.00,1.00
2017.04.06 15:25:39.434,9.5903,9.59193,1.00,1.00
2017.04.06 15:25:40.374,9.59025,9.59189,1.00,1.00
2017.04.06 15:25:41.378,9.59025,9.59185,1.00,1.00
2017.04.06 15:25:41.682,9.59016,9.59175,1.00,1.00
2017.04.06 15:25:41.733,9.59012,9.59175,1.00,1.00
2017.04.06 15:25:41.784,9.59001,9.59163,1.00,1.00
2017.04.06 15:25:42.037,9.58987,9.5915,1.00,1.00
2017.04.06 15:25:42.550,9.59,9.59163,1.00,1.00
2017.04.06 15:25:42.853,9.59011,9.59173,1.00,1.00
2017.04.06 15:25:43.157,9.59022,9.59184,1.00,1.00
2017.04.06 15:25:43.592,9.59032,9.59194,1.00,1.00
2017.04.06 15:25:43.946,9.59039,9.59194,1.00,1.00
2017.04.06 15:25:46.083,9.59039,9.59207,1.50,1.00
2017.04.06 15:25:46.184,9.59039,9.59191,1.00,1.00
2017.04.06 15:25:46.236,9.59029,9.59191,1.00,1.00
2017.04.06 15:25:50.811,9.59022,9.5918,1.00,1.00
2017.04.06 15:25:50.862,9.59018,9.5918,1.00,1.00
2017.04.06 15:25:51.127,9.59005,9.59154,1.00,1.00
2017.04.06 15:25:51.178,9.58993,9.59154,1.00,1.00
2017.04.06 15:25:51.279,9.58984,9.59154,1.00,1.00
2017.04.06 15:25:52.968,9.58983,9.59153,1.00,1.00
2017.04.06 15:25:56.709,9.58991,9.59153,1.00,1.00
2017.04.06 15:25:57.215,9.58983,9.59153,1.50,1.00
2017.04.06 15:25:57.910,9.58983,9.59139,1.00,1.00
2017.04.06 15:25:58.012,9.58977,9.59139,1.00,1.00
2017.04.06 15:25:58.114,9.58966,9.59128,1.00,1.00
2017.04.06 15:25:59.047,9.58955,9.59106,1.00,1.00
2017.04.06 15:25:59.098,9.58955,9.59117,1.00,1.00
2017.04.06 15:25:59.402,9.58955,9.59102,1.00,1.00
2017.04.06 15:25:59.503,9.58946,9.59102,1.00,1.00
2017.04.06 15:25:59.604,9.58954,9.59102,1.00,1.00
2017.04.06 15:25:59.706,9.58944,9.59102,1.00,1.00
2017.04.06 15:26:05.500,9.58955,9.59102,1.00,1.00
2017.04.06 15:26:06.212,9.58947,9.59102,1.00,1.00
2017.04.06 15:26:07.975,9.58947,9.5911,1.50,1.00
2017.04.06 15:26:08.129,9.58947,9.59106,1.00,1.00
2017.04.06 15:26:08.231,9.58944,9.59106,1.00,1.00
2017.04.06 15:26:08.641,9.58939,9.59095,1.00,1.00
2017.04.06 15:26:09.215,9.58937,9.59095,1.00,1.00
2017.04.06 15:26:11.462,9.58937,9.59092,1.00,1.00
2017.04.06 15:26:14.912,9.58937,9.59084,1.00,1.00
2017.04.06 15:26:14.963,9.58926,9.59084,1.00,1.00
2017.04.06 15:26:15.065,9.58922,9.59084,1.00,1.00
2017.04.06 15:26:15.351,9.58911,9.59075,1.00,1.00
2017.04.06 15:26:15.452,9.5892,9.59075,1.00,1.00
2017.04.06 15:26:15.655,9.58911,9.59075,1.00,1.00
2017.04.06 15:26:15.958,9.58905,9.59063,1.00,1.00
2017.04.06 15:26:16.060,9.58901,9.59063,1.00,1.00
2017.04.06 15:26:16.111,9.58894,9.59052,1.00,1.00
2017.04.06 15:26:16.162,9.5889,9.59052,1.00,1.00
2017.04.06 15:26:16.750,9.58897,9.59052,1.00,1.00
2017.04.06 15:26:16.954,9.58884,9.59048,1.00,1.00
2017.04.06 15:26:17.308,9.58876,9.59035,1.00,1.00
2017.04.06 15:26:17.359,9.589,9.59062,1.00,1.00
2017.04.06 15:26:17.461,9.58885,9.59047,1.50,1.00
2017.04.06 15:26:17.562,9.58902,9.59065,1.00,1.00
2017.04.06 15:26:18.340,9.58892,9.59054,1.00,1.00
2017.04.06 15:26:19.078,9.58902,9.59065,1.00,1.00
2017.04.06 15:26:22.721,9.58913,9.59075,1.00,1.00
2017.04.06 15:26:26.504,9.58906,9.59068,1.00,1.00
2017.04.06 15:26:27.493,9.58902,9.59065,1.00,1.00
2017.04.06 15:26:29.382,9.58905,9.59065,1.00,1.00
2017.04.06 15:26:30.369,9.58913,9.59076,1.50,1.00
2017.04.06 15:26:30.471,9.58933,9.59076,1.00,1.00
2017.04.06 15:26:30.572,9.58918,9.59076,1.00,1.00
2017.04.06 15:26:30.674,9.5892,9.59076,1.00,1.00
2017.04.06 15:26:30.776,9.58913,9.59076,1.00,1.00
2017.04.06 15:26:30.877,9.58921,9.59076,1.00,1.00
2017.04.06 15:26:30.979,9.58913,9.59076,1.50,1.00
2017.04.06 15:26:31.081,9.58921,9.59076,1.00,1.00
2017.04.06 15:26:31.182,9.58913,9.59076,1.00,1.00
2017.04.06 15:26:31.284,9.58919,9.59076,1.00,1.00
2017.04.06 15:26:31.385,9.58919,9.59079,1.00,1.00
2017.04.06 15:26:31.487,9.58917,9.59079,1.00,1.00
2017.04.06 15:26:31.992,9.58918,9.59079,1.00,1.00
2017.04.06 15:26:32.493,9.58917,9.59079,1.00,1.00
2017.04.06 15:26:32.696,9.58919,9.59079,1.00,1.00
2017.04.06 15:26:33.616,9.58917,9.59079,1.00,1.00
2017.04.06 15:26:33.667,9.58923,9.59086,1.00,1.00
2017.04.06 15:26:38.017,9.5892,9.59081,1.00,1.00
2017.04.06 15:26:38.411,9.58918,9.59081,1.00,1.00
2017.04.06 15:26:39.119,9.58908,9.5907,1.00,1.00
2017.04.06 15:26:39.878,9.589,9.59059,1.00,1.00
2017.04.06 15:26:39.929,9.58897,9.59059,1.00,1.00
2017.04.06 15:26:40.118,9.58885,9.59047,1.00,1.00
2017.04.06 15:26:40.220,9.58873,9.59036,1.00,1.00
2017.04.06 15:26:40.676,9.5887,9.59025,1.00,1.00
2017.04.06 15:26:40.727,9.58862,9.59025,1.50,1.00
2017.04.06 15:26:41.082,9.58879,9.59041,1.00,1.00
2017.04.06 15:26:41.387,9.5887,9.5903,1.00,1.00
2017.04.06 15:26:41.834,9.58874,9.59036,1.00,1.00
2017.04.06 15:26:41.936,9.58878,9.59036,1.00,1.00
2017.04.06 15:26:42.087,9.58885,9.59047,1.00,1.00
2017.04.06 15:26:44.354,9.58896,9.59058,1.00,1.00
2017.04.06 15:26:46.767,9.58906,9.59068,1.00,1.00
2017.04.06 15:26:48.720,9.58908,9.59068,1.00,1.00
2017.04.06 15:26:49.230,9.58909,9.59068,1.00,1.00
2017.04.06 15:26:49.853,9.5892,9.59082,1.00,1.00
2017.04.06 15:26:49.904,9.58909,9.59067,1.00,1.00
2017.04.06 15:26:49.955,9.58922,9.59081,1.00,1.00
2017.04.06 15:26:50.006,9.58922,9.59066,1.00,1.00
2017.04.06 15:26:50.057,9.58922,9.59085,1.00,1.00
2017.04.06 15:26:50.108,9.58942,9.59104,1.00,1.00
2017.04.06 15:26:50.539,9.58951,9.59104,1.00,1.00
2017.04.06 15:26:50.590,9.58965,9.59127,1.00,1.00
2017.04.06 15:26:50.742,9.5897,9.59127,1.00,1.00
2017.04.06 15:26:50.944,9.58965,9.59127,1.00,1.00
2017.04.06 15:26:51.309,9.58962,9.59124,1.00,1.00
2017.04.06 15:26:52.142,9.5897,9.59128,1.00,1.00
2017.04.06 15:26:53.047,9.5898,9.5913,1.00,1.00
2017.04.06 15:26:54.489,9.5898,9.59131,1.00,1.00
2017.04.06 15:26:55.696,9.5898,9.59134,1.00,1.00
2017.04.06 15:26:56.710,9.5898,9.59136,1.00,1.00
2017.04.06 15:26:57.216,9.5898,9.59135,1.00,1.00
2017.04.06 15:26:58.447,9.5899,9.59135,1.00,1.00
2017.04.06 15:26:58.548,9.58994,9.59156,1.00,1.00
2017.04.06 15:26:58.599,9.59005,9.59167,1.00,1.00
2017.04.06 15:26:58.902,9.58995,9.59152,1.00,1.00
2017.04.06 15:26:58.953,9.58989,9.59152,1.00,1.00
2017.04.06 15:27:03.385,9.58999,9.59163,1.00,1.00
2017.04.06 15:27:03.487,9.59001,9.59163,1.00,1.00
2017.04.06 15:27:03.690,9.58996,9.59159,1.00,1.00
2017.04.06 15:27:04.580,9.58996,9.59145,1.00,1.00
2017.04.06 15:27:04.682,9.58987,9.59145,1.00,1.00
2017.04.06 15:27:05.874,9.58996,9.59145,1.00,1.00
2017.04.06 15:27:07.700,9.58988,9.59145,1.00,1.00
2017.04.06 15:27:08.068,9.5899,9.59152,1.00,1.00
2017.04.06 15:27:08.712,9.58996,9.59152,1.00,1.00
2017.04.06 15:27:08.813,9.5899,9.59152,1.00,1.00
2017.04.06 15:27:09.098,9.58995,9.59152,1.00,1.00
2017.04.06 15:27:11.555,9.58995,9.59146,1.00,1.00
2017.04.06 15:27:12.510,9.58987,9.59146,1.00,1.00
2017.04.06 15:27:15.807,9.58996,9.59146,1.00,1.00
2017.04.06 15:27:16.315,9.58996,9.59157,1.00,1.00
2017.04.06 15:27:16.416,9.58996,9.59157,1.19,1.00
2017.04.06 15:27:16.467,9.58996,9.59157,1.00,1.00
2017.04.06 15:27:16.670,9.59,9.59162,1.00,1.00
2017.04.06 15:27:16.872,9.59,9.59162,1.19,1.00
2017.04.06 15:27:16.924,9.59,9.59162,1.00,1.00
2017.04.06 15:27:17.053,9.59,9.59162,1.19,1.00
2017.04.06 15:27:17.104,9.59,9.59162,1.00,1.00
2017.04.06 15:27:17.205,9.59005,9.59162,1.00,1.00
2017.04.06 15:27:17.357,9.59007,9.59169,1.00,1.00
2017.04.06 15:27:20.320,9.59005,9.59162,1.00,1.00
2017.04.06 15:27:20.371,9.59008,9.59171,1.00,1.00
2017.04.06 15:27:23.110,9.58995,9.59165,1.00,1.00
2017.04.06 15:27:24.279,9.58995,9.59164,1.00,1.00
2017.04.06 15:27:26.590,9.58995,9.59167,1.00,1.00
2017.04.06 15:27:27.759,9.59003,9.59167,1.00,1.00
2017.04.06 15:27:29.215,9.58997,9.59167,1.00,1.00
2017.04.06 15:27:31.121,9.58994,9.59167,1.00,1.00
2017.04.06 15:27:31.324,9.58998,9.59167,1.00,1.00
2017.04.06 15:27:31.521,9.58994,9.59167,1.00,1.00
2017.04.06 15:27:33.068,9.58996,9.59167,1.00,1.00
2017.04.06 15:27:33.242,9.58994,9.59167,1.00,1.00
2017.04.06 15:27:33.344,9.58997,9.59167,1.00,1.00
2017.04.06 15:27:33.446,9.58994,9.59167,1.00,1.00
2017.04.06 15:27:33.547,9.58998,9.59167,1.00,1.00
2017.04.06 15:27:33.649,9.58994,9.59167,1.00,1.00
2017.04.06 15:27:33.857,9.58998,9.59167,1.00,1.00
2017.04.06 15:27:34.362,9.58994,9.59167,1.00,1.00
2017.04.06 15:27:35.125,9.58997,9.59167,1.00,1.00
2017.04.06 15:27:35.277,9.58994,9.59167,1.00,1.00
2017.04.06 15:27:36.541,9.58997,9.59167,1.00,1.00
2017.04.06 15:27:36.912,9.58994,9.59167,1.00,1.00
2017.04.06 15:27:37.064,9.58998,9.59167,1.00,1.00
2017.04.06 15:27:37.474,9.58994,9.59167,1.00,1.00
2017.04.06 15:27:38.139,9.58995,9.5916,1.00,1.00
2017.04.06 15:27:41.690,9.58995,9.59159,1.00,1.00
2017.04.06 15:27:53.177,9.58996,9.59158,1.00,1.00
2017.04.06 15:27:56.674,9.58997,9.5916,1.00,1.00
2017.04.06 15:28:02.406,9.58986,9.59149,1.00,1.00
2017.04.06 15:28:02.458,9.58974,9.59151,1.00,1.00
2017.04.06 15:28:02.511,9.58964,9.59151,1.00,1.00
2017.04.06 15:28:02.663,9.58964,9.59144,1.00,1.00
2017.04.06 15:28:03.118,9.58953,9.59134,1.00,1.00
2017.04.06 15:28:03.220,9.58951,9.59134,1.00,1.00
2017.04.06 15:28:04.372,9.58945,9.59107,1.00,1.00
2017.04.06 15:28:04.675,9.58948,9.59134,1.00,1.00
2017.04.06 15:28:05.958,9.58948,9.59144,1.00,1.00
2017.04.06 15:28:06.990,9.58945,9.59107,1.00,1.00
2017.04.06 15:28:07.405,9.58948,9.59134,1.00,1.00
2017.04.06 15:28:11.623,9.58942,9.59104,1.50,1.00
2017.04.06 15:28:11.811,9.58943,9.59124,1.00,1.00
2017.04.06 15:28:11.963,9.58939,9.59101,1.00,1.00
2017.04.06 15:28:12.094,9.58935,9.59098,1.00,1.00
2017.04.06 15:28:13.110,9.58935,9.59094,1.00,1.00
2017.04.06 15:28:13.410,9.58925,9.59087,1.00,1.00
2017.04.06 15:28:13.613,9.58915,9.59077,1.00,1.00
2017.04.06 15:28:15.067,9.58905,9.59067,1.00,1.00
2017.04.06 15:28:15.426,9.58907,9.59067,1.00,1.00
2017.04.06 15:28:15.630,9.58916,9.59079,1.00,1.00
2017.04.06 15:28:17.466,9.58926,9.59089,1.00,1.00
2017.04.06 15:28:18.111,9.58928,9.59114,1.00,1.00
2017.04.06 15:28:18.162,9.58928,9.59122,1.00,1.00
2017.04.06 15:28:18.246,9.58928,9.59124,1.00,1.50
2017.04.06 15:28:18.348,9.58937,9.59124,1.00,1.00
2017.04.06 15:28:18.450,9.58937,9.59129,1.00,1.00
2017.04.06 15:28:19.283,9.58929,9.59129,1.00,1.00
2017.04.06 15:28:19.486,9.5894,9.59129,1.00,1.00
2017.04.06 15:28:20.837,9.58954,9.59116,1.00,1.00
2017.04.06 15:28:21.090,9.58965,9.59128,1.00,1.00
2017.04.06 15:28:21.242,9.58977,9.59142,1.00,1.00
2017.04.06 15:28:21.343,9.58969,9.59128,1.00,1.00
2017.04.06 15:28:21.445,9.58965,9.59128,1.00,1.00
2017.04.06 15:28:22.050,9.58968,9.59128,1.00,1.00
2017.04.06 15:28:22.290,9.58976,9.59138,1.00,1.00
2017.04.06 15:28:22.341,9.5899,9.59155,1.00,1.00
2017.04.06 15:28:22.593,9.58987,9.59139,1.00,1.00
2017.04.06 15:28:22.695,9.58977,9.59139,1.00,1.00
2017.04.06 15:28:23.741,9.58976,9.59138,1.00,1.00
2017.04.06 15:28:26.737,9.58975,9.59137,1.00,1.00
2017.04.06 15:28:31.412,9.58972,9.59127,1.00,1.00
2017.04.06 15:28:31.464,9.58977,9.5914,1.00,1.00
2017.04.06 15:28:33.114,9.58994,9.59156,1.00,1.00
2017.04.06 15:28:33.615,9.58974,9.59137,1.00,1.00
2017.04.06 15:28:37.307,9.58961,9.59125,1.00,1.00
2017.04.06 15:28:37.360,9.58942,9.59132,1.00,1.00
2017.04.06 15:28:37.513,9.58942,9.5913,1.00,1.00
2017.04.06 15:28:37.615,9.58942,9.59132,1.00,1.00
2017.04.06 15:28:38.272,9.58948,9.59131,1.00,1.00
2017.04.06 15:28:39.587,9.58948,9.59114,1.00,1.00
2017.04.06 15:28:39.891,9.58955,9.59118,1.00,1.00
2017.04.06 15:28:40.867,9.58967,9.59131,1.00,1.00
2017.04.06 15:28:41.373,9.58958,9.59121,1.00,1.00
2017.04.06 15:28:42.078,9.58937,9.59124,1.00,1.00
2017.04.06 15:28:43.274,9.58954,9.59116,1.00,1.00
2017.04.06 15:28:48.488,9.5894,9.59125,1.00,1.00
2017.04.06 15:28:52.746,9.58954,9.59116,1.00,1.00
2017.04.06 15:28:53.324,9.58945,9.59123,1.00,1.00
2017.04.06 15:28:56.764,9.58943,9.59122,1.00,1.00
2017.04.06 15:29:08.330,9.5895,9.59112,1.00,1.00
2017.04.06 15:29:13.853,9.5896,9.59122,1.00,1.00
2017.04.06 15:29:17.448,9.58949,9.59104,1.00,1.00
2017.04.06 15:29:18.379,9.58949,9.59111,1.00,1.00
2017.04.06 15:29:18.480,9.58949,9.59105,1.00,1.00
2017.04.06 15:29:20.790,9.58925,9.59074,1.00,1.00
2017.04.06 15:29:20.841,9.58915,9.59074,1.00,1.00
2017.04.06 15:29:21.523,9.58913,9.59074,1.00,1.00
2017.04.06 15:29:21.574,9.58913,9.59095,1.00,1.00
2017.04.06 15:29:23.379,9.58922,9.59095,1.00,1.00
2017.04.06 15:29:24.665,9.58935,9.59095,1.00,1.00
2017.04.06 15:29:25.640,9.58944,9.59108,1.00,1.00
2017.04.06 15:29:25.793,9.58948,9.591,1.00,1.00
2017.04.06 15:29:26.097,9.58958,9.59108,1.00,1.00
2017.04.06 15:29:26.886,9.5896,9.59108,1.00,1.00
2017.04.06 15:29:34.117,9.5896,9.59114,1.00,1.00
2017.04.06 15:29:34.784,9.58969,9.59121,1.00,1.00
2017.04.06 15:29:35.088,9.58991,9.59134,1.00,1.00
2017.04.06 15:29:35.994,9.5899,9.59134,1.00,1.00
2017.04.06 15:29:36.097,9.58975,9.59127,1.00,1.00
2017.04.06 15:29:36.198,9.58993,9.59134,1.00,1.00
2017.04.06 15:29:38.405,9.58977,9.59134,1.00,1.00
2017.04.06 15:29:44.850,9.5897,9.59122,1.00,1.00
2017.04.06 15:29:45.020,9.58977,9.59134,1.00,1.00
2017.04.06 15:29:46.931,9.58977,9.59135,1.00,1.00
2017.04.06 15:29:47.474,9.58977,9.59134,1.00,1.00
2017.04.06 15:29:50.628,9.58993,9.59135,1.00,1.00
2017.04.06 15:29:50.680,9.58993,9.59145,1.00,1.00
2017.04.06 15:29:50.731,9.59018,9.59164,1.00,1.00
2017.04.06 15:29:50.782,9.59004,9.59157,1.00,1.00
2017.04.06 15:29:53.439,9.59014,9.59166,1.00,1.00
2017.04.06 15:29:53.743,9.59018,9.5917,1.00,1.00
2017.04.06 15:29:54.047,9.59037,9.59189,1.00,1.00
2017.04.06 15:29:54.351,9.59052,9.59204,1.00,1.00
2017.04.06 15:29:54.707,9.59042,9.59194,1.00,1.00
2017.04.06 15:29:55.011,9.59024,9.59176,1.00,1.00
2017.04.06 15:29:55.314,9.59037,9.59189,1.00,1.00
2017.04.06 15:29:56.101,9.59042,9.59194,1.00,1.00
2017.04.06 15:29:56.405,9.59055,9.59207,1.00,1.00
2017.04.06 15:29:56.708,9.59043,9.59195,1.00,1.00
2017.04.06 15:29:57.014,9.59049,9.59195,1.00,1.00
2017.04.06 15:29:57.065,9.59054,9.59206,1.00,1.00
2017.04.06 15:30:00.350,9.59054,9.59206,1.07,1.00
2017.04.06 15:30:01.042,9.59041,9.59193,1.07,1.00
2017.04.06 15:30:01.093,9.59051,9.59203,1.07,1.45
2017.04.06 15:30:01.144,9.59062,9.59214,1.00,1.00
2017.04.06 15:30:01.246,9.59072,9.59219,1.00,1.00
2017.04.06 15:30:01.296,9.59072,9.59226,1.00,1.00
2017.04.06 15:30:01.347,9.59096,9.59228,1.00,1.00
2017.04.06 15:30:01.398,9.59096,9.59246,1.00,1.00
2017.04.06 15:30:01.565,9.59112,9.59246,1.00,1.00
2017.04.06 15:30:01.667,9.59118,9.59269,1.00,1.00
2017.04.06 15:30:02.207,9.59118,9.5927,1.00,1.00
2017.04.06 15:30:02.309,9.5912,9.5927,1.00,1.00
2017.04.06 15:30:02.616,9.59138,9.59257,1.07,1.00
2017.04.06 15:30:02.718,9.59138,9.59274,1.07,1.00
2017.04.06 15:30:02.769,9.59138,9.59286,1.07,1.00
2017.04.06 15:30:03.911,9.59144,9.59298,1.07,1.00
2017.04.06 15:30:03.961,9.59138,9.59285,1.07,1.00
2017.04.06 15:30:04.164,9.59154,9.59302,1.07,1.00
2017.04.06 15:30:04.266,9.59164,9.59316,1.07,1.00
2017.04.06 15:30:04.317,9.59154,9.59291,1.07,1.00
2017.04.06 15:30:04.519,9.59163,9.59315,1.07,1.00
2017.04.06 15:30:04.962,9.59154,9.59301,1.07,1.00
2017.04.06 15:30:05.315,9.59154,9.5929,1.07,1.00
2017.04.06 15:30:05.720,9.59159,9.59313,1.07,1.00
2017.04.06 15:30:05.872,9.59154,9.5929,1.07,1.00
2017.04.06 15:30:06.024,9.59154,9.5929,1.00,1.00
2017.04.06 15:30:06.075,9.59169,9.5931,1.00,1.00
2017.04.06 15:30:08.455,9.59169,9.59312,1.00,1.00
2017.04.06 15:30:11.924,9.59169,9.59316,1.00,1.00
2017.04.06 15:30:13.012,9.59172,9.59324,1.00,1.00
2017.04.06 15:30:13.113,9.59169,9.59311,1.00,1.00
2017.04.06 15:30:14.119,9.5916,9.59311,1.00,1.00
2017.04.06 15:30:16.791,9.59173,9.59325,1.00,1.00
2017.04.06 15:30:16.842,9.59164,9.59316,1.00,1.00
2017.04.06 15:30:17.146,9.59167,9.59319,1.00,1.00
2017.04.06 15:30:17.450,9.5916,9.59306,1.00,1.00
2017.04.06 15:30:17.551,9.59167,9.59321,1.00,1.00
2017.04.06 15:30:17.932,9.5916,9.59306,1.00,1.00
2017.04.06 15:30:18.823,9.59164,9.59318,1.00,1.00
2017.04.06 15:30:18.925,9.59175,9.59318,1.00,1.00
2017.04.06 15:30:19.228,9.59167,9.59307,1.00,1.00
2017.04.06 15:30:27.664,9.59168,9.5932,1.00,1.00
2017.04.06 15:30:27.715,9.59167,9.59306,1.00,1.00
2017.04.06 15:30:34.575,9.59167,9.59319,1.50,1.00
2017.04.06 15:30:38.488,9.59167,9.59318,1.00,1.00
2017.04.06 15:30:39.748,9.59181,9.59318,1.00,1.00
2017.04.06 15:30:39.950,9.59167,9.59318,1.00,1.00
2017.04.06 15:30:40.052,9.59177,9.59329,1.00,1.00
2017.04.06 15:30:40.941,9.59188,9.59329,1.00,1.00
2017.04.06 15:30:41.796,9.59177,9.59329,1.50,1.00
2017.04.06 15:30:41.999,9.59182,9.59334,1.00,1.00
2017.04.06 15:30:48.249,9.59167,9.59318,1.00,1.00
2017.04.06 15:30:53.540,9.59173,9.59325,1.00,1.00
2017.04.06 15:30:54.395,9.59167,9.59325,1.00,1.00
2017.04.06 15:30:54.457,9.59173,9.59327,1.00,1.00
2017.04.06 15:30:54.609,9.59167,9.59325,1.00,1.00
2017.04.06 15:30:54.737,9.59174,9.59326,1.00,1.00
2017.04.06 15:30:55.368,9.59167,9.59326,1.00,1.00
2017.04.06 15:30:56.118,9.59176,9.59328,1.00,1.00
2017.04.06 15:30:56.559,9.59167,9.59327,1.00,1.00
2017.04.06 15:30:59.218,9.5916,9.59327,1.00,1.00
2017.04.06 15:31:07.662,9.59162,9.59314,1.00,1.00
2017.04.06 15:31:07.965,9.59187,9.59341,1.00,1.00
2017.04.06 15:31:08.067,9.59183,9.59338,1.00,1.00
2017.04.06 15:31:08.219,9.59188,9.5934,1.00,1.00
2017.04.06 15:31:08.320,9.59183,9.59338,1.00,1.00
2017.04.06 15:31:08.422,9.59188,9.5934,1.00,1.00
2017.04.06 15:31:08.593,9.59183,9.59338,1.00,1.00
2017.04.06 15:31:08.645,9.59183,9.5934,1.00,1.00
2017.04.06 15:31:17.047,9.59179,9.5934,1.00,1.00
2017.04.06 15:31:18.720,9.59169,9.5934,1.00,1.00
2017.04.06 15:31:23.603,9.59169,9.59337,1.00,1.00
2017.04.06 15:31:25.837,9.59169,9.59337,1.37,1.00
2017.04.06 15:31:27.090,9.59169,9.59341,1.37,1.00
2017.04.06 15:31:27.343,9.59169,9.59341,1.00,1.00
2017.04.06 15:31:27.903,9.59172,9.59341,1.00,1.00
2017.04.06 15:31:28.231,9.59184,9.59341,1.00,1.00
2017.04.06 15:31:30.749,9.59184,9.59353,1.00,1.00
2017.04.06 15:31:31.727,9.59184,9.59358,1.00,1.00
2017.04.06 15:31:33.600,9.59184,9.59354,1.00,1.00
2017.04.06 15:31:34.117,9.59184,9.59358,1.00,1.00
2017.04.06 15:31:35.846,9.59199,9.59358,1.00,1.00
2017.04.06 15:31:36.040,9.59187,9.59358,1.00,1.00
2017.04.06 15:31:38.625,9.59187,9.59348,1.00,1.00
2017.04.06 15:31:42.025,9.59186,9.59348,1.00,1.00
2017.04.06 15:31:42.585,9.59186,9.59347,1.00,1.00
2017.04.06 15:31:52.423,9.59187,9.59347,1.00,1.00
2017.04.06 15:31:53.685,9.59187,9.59349,1.00,1.00
2017.04.06 15:31:57.056,9.59198,9.5935,1.00,1.00
2017.04.06 15:32:08.674,9.59194,9.59348,1.00,1.00
2017.04.06 15:32:10.866,9.59199,9.59348,1.00,1.00
2017.04.06 15:32:11.338,9.59194,9.59348,1.00,1.00
2017.04.06 15:32:12.154,9.59194,9.59346,1.00,1.00
2017.04.06 15:32:23.698,9.592,9.59352,1.00,1.00
2017.04.06 15:32:27.229,9.59199,9.59351,1.00,1.00
2017.04.06 15:32:38.731,9.59195,9.59347,1.00,1.00
2017.04.06 15:32:42.245,9.59193,9.59345,1.00,1.00
2017.04.06 15:32:45.801,9.59198,9.59345,1.00,1.00
2017.04.06 15:32:46.746,9.59193,9.59345,1.00,1.00
2017.04.06 15:32:53.758,9.59194,9.59348,1.00,1.00
2017.04.06 15:32:57.308,9.59193,9.59345,1.00,1.00
2017.04.06 15:33:08.788,9.59198,9.5935,1.00,1.00
2017.04.06 15:33:12.315,9.59199,9.59351,1.00,1.00
2017.04.06 15:33:23.818,9.59205,9.59357,1.00,1.00
2017.04.06 15:33:25.363,9.59192,9.59344,1.00,1.00
2017.04.06 15:33:25.869,9.59184,9.59341,1.00,1.00
2017.04.06 15:33:25.920,9.592,9.59352,1.00,1.00
2017.04.06 15:33:26.923,9.59203,9.59355,1.00,1.00
2017.04.06 15:33:27.227,9.59192,9.59344,1.00,1.00
2017.04.06 15:33:27.935,9.59199,9.59353,1.00,1.00
2017.04.06 15:33:30.390,9.59202,9.59354,1.00,1.00
2017.04.06 15:33:37.326,9.59212,9.59362,1.00,1.00
2017.04.06 15:33:38.105,9.5921,9.59362,1.00,1.00
2017.04.06 15:33:38.507,9.59216,9.59372,1.00,1.00
2017.04.06 15:33:38.861,9.59205,9.59372,1.00,1.00
2017.04.06 15:33:39.013,9.59212,9.59364,1.00,1.00
2017.04.06 15:33:42.335,9.59208,9.59362,1.00,1.00
2017.04.06 15:33:53.906,9.59207,9.59359,1.00,1.00
2017.04.06 15:33:56.307,9.5921,9.59359,1.00,1.00
2017.04.06 15:33:56.358,9.5921,9.59374,1.50,1.00
2017.04.06 15:33:56.561,9.5922,9.59374,1.00,1.00
2017.04.06 15:33:56.765,9.59225,9.59391,1.00,1.00
2017.04.06 15:33:56.816,9.59233,9.59391,1.00,1.00
2017.04.06 15:33:57.129,9.59246,9.59397,1.00,1.00
2017.04.06 15:33:57.872,9.59255,9.59407,1.00,1.00
2017.04.06 15:33:57.982,9.59258,9.59412,1.00,1.00
2017.04.06 15:33:58.771,9.59261,9.59412,1.00,1.00
2017.04.06 15:33:58.873,9.59284,9.59436,1.00,1.00
2017.04.06 15:33:58.924,9.59284,9.59423,1.00,1.00
2017.04.06 15:33:59.041,9.59288,9.5944,1.00,1.00
2017.04.06 15:33:59.092,9.59304,9.5944,1.00,1.00
2017.04.06 15:33:59.346,9.59295,9.5944,1.00,1.00
2017.04.06 15:33:59.397,9.59309,9.59461,1.00,1.00
2017.04.06 15:33:59.902,9.59319,9.59471,1.00,1.00
2017.04.06 15:34:00.806,9.5933,9.59482,1.00,1.00
2017.04.06 15:34:01.110,9.59352,9.59504,1.00,1.00
2017.04.06 15:34:01.161,9.59352,9.59506,1.00,1.00
2017.04.06 15:34:01.313,9.59359,9.59506,1.00,1.00
2017.04.06 15:34:01.597,9.59352,9.59506,1.00,1.00
2017.04.06 15:34:01.799,9.59363,9.59515,1.00,1.00
2017.04.06 15:34:02.305,9.59364,9.59515,1.00,1.00
2017.04.06 15:34:02.766,9.59354,9.59504,1.00,1.00
2017.04.06 15:34:02.868,9.59376,9.59528,1.00,1.00
2017.04.06 15:34:03.273,9.59382,9.59528,1.00,1.00
2017.04.06 15:34:03.387,9.59382,9.59534,1.50,1.00
2017.04.06 15:34:05.211,9.5937,9.59518,1.00,1.00
2017.04.06 15:34:05.312,9.59381,9.59533,1.00,1.00
2017.04.06 15:34:06.262,9.5937,9.59519,1.00,1.00
2017.04.06 15:34:06.464,9.59379,9.59531,1.00,1.00
2017.04.06 15:34:06.515,9.59361,9.59509,1.00,1.00
2017.04.06 15:34:07.475,9.59371,9.59523,1.00,1.00
2017.04.06 15:34:07.577,9.59361,9.59509,1.00,1.00
2017.04.06 15:34:07.729,9.59371,9.59523,1.00,1.00
2017.04.06 15:34:07.783,9.59361,9.59509,1.00,1.00
2017.04.06 15:34:07.891,9.59371,9.59523,1.00,1.00
2017.04.06 15:34:07.942,9.59349,9.59499,1.00,1.00
2017.04.06 15:34:08.195,9.59347,9.59499,1.00,1.00
2017.04.06 15:34:08.347,9.59331,9.59483,1.00,1.00
2017.04.06 15:34:08.919,9.59327,9.59475,1.00,1.00
2017.04.06 15:34:09.996,9.59318,9.5947,1.00,1.00
2017.04.06 15:34:10.148,9.59294,9.59446,1.00,1.00
2017.04.06 15:34:10.875,9.59294,9.59437,1.00,1.00
2017.04.06 15:34:10.976,9.59272,9.59424,1.00,1.50
2017.04.06 15:34:11.078,9.59262,9.59414,1.00,1.00
2017.04.06 15:34:11.381,9.59269,9.59421,1.00,1.00
2017.04.06 15:34:12.066,9.59259,9.59411,1.00,1.00
2017.04.06 15:34:12.542,9.59251,9.59403,1.00,1.00
2017.04.06 15:34:13.065,9.59259,9.59411,1.00,1.00
2017.04.06 15:34:13.400,9.59249,9.59401,1.00,1.00
2017.04.06 15:34:14.277,9.59239,9.59393,1.00,1.00
2017.04.06 15:34:15.266,9.59238,9.5939,1.00,1.00
2017.04.06 15:34:23.938,9.59235,9.59387,1.00,1.00
2017.04.06 15:34:37.487,9.59223,9.59376,1.00,1.00
2017.04.06 15:34:37.690,9.59223,9.59374,1.00,1.00
2017.04.06 15:34:37.791,9.59218,9.5939,1.00,1.00
2017.04.06 15:34:37.893,9.59218,9.59378,1.00,1.00
2017.04.06 15:34:37.995,9.5921,9.5939,1.00,1.00
2017.04.06 15:34:38.097,9.5921,9.59379,1.00,1.00
2017.04.06 15:34:38.148,9.5921,9.5939,1.00,1.00
2017.04.06 15:34:38.200,9.5921,9.59394,1.00,1.00
2017.04.06 15:34:38.302,9.5921,9.5937,1.00,1.00
2017.04.06 15:34:38.404,9.5921,9.59382,1.00,1.00
2017.04.06 15:34:38.455,9.5921,9.59394,1.00,1.00
2017.04.06 15:34:38.506,9.5921,9.59388,1.00,1.00
2017.04.06 15:34:38.838,9.59202,9.59354,1.00,1.00
2017.04.06 15:34:39.142,9.59213,9.59365,1.00,1.00
2017.04.06 15:34:40.342,9.59207,9.59376,1.00,1.00
2017.04.06 15:34:40.599,9.59199,9.59352,1.00,1.00
2017.04.06 15:34:41.105,9.59198,9.59352,1.00,1.00
2017.04.06 15:34:41.409,9.59212,9.59364,1.00,1.00
2017.04.06 15:34:42.198,9.59199,9.59351,1.00,1.00
2017.04.06 15:34:42.551,9.59211,9.59363,1.00,1.00
2017.04.06 15:34:51.792,9.59198,9.59376,1.00,1.00
2017.04.06 15:34:51.944,9.59198,9.59374,1.00,1.00
2017.04.06 15:34:52.197,9.59198,9.59376,1.00,1.00
2017.04.06 15:34:52.299,9.59218,9.59374,1.00,1.00
2017.04.06 15:34:52.502,9.59218,9.59376,1.00,1.00
2017.04.06 15:34:52.856,9.59198,9.59376,1.00,1.00
2017.04.06 15:34:52.957,9.59198,9.59374,1.00,1.00
2017.04.06 15:34:53.261,9.59205,9.59357,1.00,1.00
2017.04.06 15:34:54.048,9.59199,9.59351,1.00,1.00
2017.04.06 15:34:55.089,9.5921,9.59362,1.00,1.00
2017.04.06 15:34:55.439,9.59217,9.59369,1.00,1.00
2017.04.06 15:34:55.541,9.59203,9.59376,1.00,1.00
2017.04.06 15:34:55.693,9.59219,9.59373,1.00,1.00
2017.04.06 15:34:56.815,9.5923,9.59382,1.00,1.00
2017.04.06 15:34:57.715,9.5923,9.59355,1.00,1.00
2017.04.06 15:34:57.767,9.59212,9.59362,1.00,1.00
2017.04.06 15:34:57.818,9.59192,9.59338,1.00,1.00
2017.04.06 15:34:57.869,9.59189,9.59341,1.00,1.00
2017.04.06 15:34:58.075,9.59167,9.59319,1.00,1.00
2017.04.06 15:34:58.836,9.59155,9.59307,1.00,1.00
2017.04.06 15:34:59.154,9.59145,9.59297,1.00,1.00
2017.04.06 15:34:59.876,9.59136,9.59288,1.00,1.00
2017.04.06 15:35:00.180,9.59125,9.59277,1.00,1.00
2017.04.06 15:35:00.497,9.59125,9.59274,1.00,1.00
2017.04.06 15:35:00.548,9.59125,9.59277,1.00,1.00
2017.04.06 15:35:00.751,9.59125,9.59275,1.00,1.00
2017.04.06 15:35:00.953,9.59125,9.59277,1.00,1.00
2017.04.06 15:35:01.207,9.59125,9.59274,1.00,1.00
2017.04.06 15:35:01.308,9.59113,9.59267,1.00,1.00
2017.04.06 15:35:02.874,9.59125,9.59277,1.00,1.00
2017.04.06 15:35:09.036,9.59124,9.59276,1.00,1.00
2017.04.06 15:35:12.563,9.59126,9.59278,1.00,1.00
2017.04.06 15:35:26.786,9.59129,9.59295,1.00,1.00
2017.04.06 15:35:26.888,9.59129,9.59297,1.00,1.00
2017.04.06 15:35:27.612,9.59129,9.59303,1.00,1.00
2017.04.06 15:35:28.018,9.59126,9.59278,1.00,1.00
2017.04.06 15:35:28.196,9.59126,9.59295,1.00,1.00
2017.04.06 15:35:28.915,9.59125,9.59277,1.00,1.00
2017.04.06 15:35:29.218,9.59124,9.59287,1.00,1.00
2017.04.06 15:35:32.613,9.59124,9.59276,1.00,1.00
2017.04.06 15:35:39.056,9.59124,9.59288,1.00,1.00
2017.04.06 15:35:39.107,9.59128,9.59302,1.00,1.00
2017.04.06 15:35:39.158,9.59138,9.59302,1.00,1.00
2017.04.06 15:35:39.461,9.59141,9.59295,1.00,1.00
2017.04.06 15:35:40.096,9.59153,9.59305,1.00,1.00
2017.04.06 15:35:40.350,9.5917,9.59329,1.00,1.00
2017.04.06 15:35:40.658,9.59191,9.59343,1.00,1.00
2017.04.06 15:35:42.302,9.59202,9.59354,1.00,1.00
2017.04.06 15:35:43.351,9.59212,9.59364,1.00,1.00
2017.04.06 15:35:54.152,9.59206,9.59358,1.00,1.00
2017.04.06 15:35:56.785,9.59194,9.59348,1.00,1.00
2017.04.06 15:35:57.781,9.59194,9.59346,1.00,1.00
2017.04.06 15:36:02.543,9.59183,9.59335,1.00,1.00
2017.04.06 15:36:02.747,9.59158,9.59314,1.00,1.00
2017.04.06 15:36:02.849,9.59142,9.59275,1.00,1.00
2017.04.06 15:36:02.951,9.5912,9.59272,1.00,1.00
2017.04.06 15:36:03.103,9.5912,9.59259,1.00,1.00
2017.04.06 15:36:03.205,9.59094,9.59246,1.00,1.00
2017.04.06 15:36:03.621,9.59082,9.59234,1.00,1.00
2017.04.06 15:36:04.025,9.59082,9.5923,1.00,1.00
2017.04.06 15:36:04.177,9.5907,9.59222,1.00,1.00
2017.04.06 15:36:04.712,9.59056,9.59208,1.00,1.00
2017.04.06 15:36:05.017,9.59068,9.5922,1.00,1.00
2017.04.06 15:36:07.211,9.59078,9.5923,1.00,1.00
2017.04.06 15:36:07.553,9.59068,9.5922,1.00,1.00
2017.04.06 15:36:08.622,9.59078,9.5923,1.00,1.00
2017.04.06 15:36:08.926,9.59078,9.59224,1.00,1.00
2017.04.06 15:36:09.027,9.59078,9.5923,1.00,1.00
2017.04.06 15:36:09.129,9.59078,9.59224,1.00,1.00
2017.04.06 15:36:09.230,9.59078,9.5923,1.00,1.00
2017.04.06 15:36:09.331,9.59078,9.59224,1.00,1.00
2017.04.06 15:36:09.483,9.59078,9.5923,1.00,1.00
2017.04.06 15:36:09.585,9.59078,9.59224,1.00,1.00
2017.04.06 15:36:09.636,9.59067,9.59221,1.00,1.00
2017.04.06 15:36:09.889,9.59077,9.59231,1.00,1.00
2017.04.06 15:36:10.228,9.59068,9.5922,1.00,1.00
2017.04.06 15:36:10.986,9.59078,9.5923,1.00,1.00
2017.04.06 15:36:11.289,9.59068,9.5922,1.00,1.00
2017.04.06 15:36:12.635,9.59075,9.59225,1.00,1.00
2017.04.06 15:36:12.685,9.59075,9.59227,1.00,1.00
2017.04.06 15:36:12.787,9.59075,9.59224,1.00,1.00
2017.04.06 15:36:12.889,9.59075,9.59227,1.00,1.00
2017.04.06 15:36:13.041,9.59075,9.59224,1.00,1.00
2017.04.06 15:36:15.815,9.59064,9.59218,1.00,1.00
2017.04.06 15:36:16.340,9.59057,9.59211,1.00,1.00
2017.04.06 15:36:16.644,9.59069,9.59221,1.00,1.00
2017.04.06 15:36:18.260,9.59049,9.59185,1.00,1.00
2017.04.06 15:36:19.271,9.59042,9.59185,1.00,1.00
2017.04.06 15:36:20.646,9.59042,9.59174,1.00,1.00
2017.04.06 15:36:21.365,9.59016,9.59168,1.00,1.00
2017.04.06 15:36:22.329,9.59012,9.59164,1.00,1.00
2017.04.06 15:36:27.664,9.59013,9.59165,1.00,1.00
2017.04.06 15:36:46.541,9.59013,9.59144,1.00,1.00
2017.04.06 15:36:46.592,9.59,9.59144,1.00,1.00
2017.04.06 15:36:54.280,9.58998,9.59144,1.00,1.00
2017.04.06 15:36:56.611,9.58979,9.59131,1.00,1.00
2017.04.06 15:36:57.420,9.58968,9.5912,1.00,1.00
2017.04.06 15:37:01.427,9.58958,9.5911,1.00,1.00
2017.04.06 15:37:01.731,9.58968,9.5912,1.00,1.00
2017.04.06 15:37:02.244,9.58968,9.59114,1.00,1.00
2017.04.06 15:37:03.017,9.58957,9.59109,1.00,1.00
2017.04.06 15:37:09.298,9.58955,9.59107,1.00,1.00
2017.04.06 15:37:23.747,9.58955,9.59114,1.00,1.00
2017.04.06 15:37:31.545,9.58942,9.59094,1.00,1.00
2017.04.06 15:37:34.380,9.58945,9.59114,1.00,1.00
2017.04.06 15:37:39.366,9.58943,9.59114,1.00,1.00
2017.04.06 15:37:42.864,9.58945,9.59114,1.00,1.00
2017.04.06 15:37:46.214,9.58957,9.59111,1.00,1.00
2017.04.06 15:37:46.265,9.58948,9.59114,1.00,1.00
2017.04.06 15:37:54.368,9.58945,9.59114,1.00,1.00
2017.04.06 15:37:56.936,9.58954,9.59106,1.00,1.00
2017.04.06 15:37:57.927,9.58957,9.59109,1.00,1.00
2017.04.06 15:38:00.945,9.58966,9.59118,1.00,1.00
2017.04.06 15:38:01.198,9.58969,9.5914,1.00,1.50
2017.04.06 15:38:01.350,9.58998,9.59144,1.00,1.00
2017.04.06 15:38:01.845,9.58998,9.59139,1.00,1.00
2017.04.06 15:38:01.947,9.58987,9.59139,1.00,1.50
2017.04.06 15:38:06.354,9.59001,9.59139,1.00,1.00
2017.04.06 15:38:06.535,9.58989,9.59139,1.00,1.00
2017.04.06 15:38:06.588,9.59002,9.59139,1.00,1.00
2017.04.06 15:38:06.689,9.58989,9.59139,1.00,1.00
2017.04.06 15:38:06.800,9.59002,9.59139,1.00,1.00
2017.04.06 15:38:06.851,9.58988,9.59139,1.00,1.00
2017.04.06 15:38:09.407,9.58987,9.59139,1.00,1.50
2017.04.06 15:38:12.887,9.58991,9.59139,1.00,1.00
2017.04.06 15:38:17.429,9.59005,9.59139,1.00,1.00
2017.04.06 15:38:17.530,9.5899,9.59139,1.00,1.00
2017.04.06 15:38:24.434,9.58989,9.59139,1.00,1.00
2017.04.06 15:38:26.138,9.58989,9.59141,1.00,1.00
2017.04.06 15:38:27.746,9.59006,9.59144,1.00,1.00
2017.04.06 15:38:37.804,9.59006,9.59145,1.00,1.00
2017.04.06 15:38:38.501,9.59006,9.59144,1.00,1.00
2017.04.06 15:38:39.479,9.59009,9.59144,1.00,1.00
2017.04.06 15:38:45.446,9.59009,9.59145,1.00,1.00
2017.04.06 15:38:45.949,9.59009,9.59144,1.00,1.00
2017.04.06 15:38:54.040,9.59009,9.59145,1.00,1.00
2017.04.06 15:38:54.479,9.59011,9.59145,1.00,1.00
2017.04.06 15:38:59.143,9.58999,9.59144,1.00,1.00
2017.04.06 15:39:06.396,9.58999,9.59145,1.00,1.00
2017.04.06 15:39:06.902,9.58999,9.59144,1.00,1.00
2017.04.06 15:39:07.546,9.58999,9.59145,1.00,1.00
2017.04.06 15:39:08.156,9.58999,9.59144,1.00,1.00
2017.04.06 15:39:09.038,9.59009,9.59144,1.37,1.00
2017.04.06 15:39:09.089,9.59009,9.59144,1.00,1.00
2017.04.06 15:39:15.269,9.58997,9.59144,1.00,1.00
2017.04.06 15:39:15.370,9.58981,9.59145,1.00,1.00
2017.04.06 15:39:15.780,9.59005,9.59144,1.00,1.00
2017.04.06 15:39:21.273,9.59005,9.59145,1.00,1.00
2017.04.06 15:39:21.806,9.59005,9.59144,1.00,1.00
2017.04.06 15:39:24.539,9.59009,9.59144,1.00,1.00
2017.04.06 15:39:25.617,9.59009,9.59145,1.00,1.00
2017.04.06 15:39:26.123,9.59009,9.59144,1.00,1.00
2017.04.06 15:39:26.665,9.59009,9.59145,1.00,1.00
2017.04.06 15:39:27.201,9.59009,9.59144,1.00,1.00
2017.04.06 15:39:27.873,9.59009,9.59145,1.00,1.00
2017.04.06 15:39:28.515,9.5901,9.59144,1.00,1.00
2017.04.06 15:39:29.338,9.5901,9.59145,1.00,1.00
2017.04.06 15:39:29.843,9.5901,9.59144,1.00,1.00
2017.04.06 15:39:30.105,9.59,9.59144,1.00,1.00
2017.04.06 15:39:36.022,9.5901,9.59138,1.00,1.00
2017.04.06 15:39:36.604,9.58976,9.59138,1.00,1.00
2017.04.06 15:39:39.144,9.58976,9.59144,1.00,1.00
2017.04.06 15:39:39.246,9.58976,9.59144,1.37,1.00
2017.04.06 15:39:39.296,9.58976,9.59144,1.00,1.00
2017.04.06 15:39:39.347,9.58999,9.59144,1.00,1.00
2017.04.06 15:39:40.524,9.59014,9.59144,1.00,1.00
2017.04.06 15:39:40.625,9.59001,9.59145,1.00,1.00
2017.04.06 15:39:40.727,9.59014,9.59144,1.00,1.00
2017.04.06 15:39:40.828,9.59001,9.59144,1.00,1.00
2017.04.06 15:39:41.061,9.59014,9.59144,1.00,1.00
2017.04.06 15:39:41.531,9.59001,9.59144,1.00,1.00
2017.04.06 15:39:41.650,9.59014,9.59144,1.00,1.00
2017.04.06 15:39:41.709,9.59001,9.59144,1.00,1.00
2017.04.06 15:39:41.820,9.59014,9.59144,1.00,1.00
2017.04.06 15:39:41.948,9.59002,9.59144,1.00,1.00
2017.04.06 15:39:42.507,9.59014,9.59144,1.00,1.00
2017.04.06 15:39:43.497,9.59015,9.59144,1.00,1.00
2017.04.06 15:39:47.615,9.59015,9.59145,1.00,1.00
2017.04.06 15:39:48.182,9.59015,9.59144,1.00,1.00
2017.04.06 15:39:50.991,9.59015,9.59145,1.00,1.00
2017.04.06 15:39:54.645,9.5902,9.59144,1.00,1.00
2017.04.06 15:40:03.225,9.5902,9.59145,1.00,1.00
2017.04.06 15:40:03.802,9.5902,9.59144,1.00,1.00
2017.04.06 15:40:09.767,9.59022,9.59144,1.00,1.00
2017.04.06 15:40:13.115,9.5902,9.59144,1.00,1.00
2017.04.06 15:40:14.104,9.59016,9.59144,1.00,1.00
2017.04.06 15:40:14.309,9.58995,9.59145,1.00,1.00
2017.04.06 15:40:14.845,9.58995,9.59144,1.00,1.00
2017.04.06 15:40:15.513,9.58995,9.59145,1.00,1.00
2017.04.06 15:40:16.094,9.58995,9.59144,1.00,1.00
2017.04.06 15:40:17.612,9.59016,9.59144,1.00,1.00
2017.04.06 15:40:24.660,9.59017,9.59144,1.00,1.00
2017.04.06 15:40:25.511,9.59017,9.59145,1.00,1.00
2017.04.06 15:40:26.068,9.59017,9.59144,1.00,1.00
2017.04.06 15:40:27.397,9.59015,9.59162,1.00,1.00
2017.04.06 15:40:27.449,9.59025,9.59162,1.00,1.00
2017.04.06 15:40:27.601,9.59016,9.59162,1.00,1.00
2017.04.06 15:40:27.652,9.59026,9.59162,1.00,1.00
2017.04.06 15:40:27.754,9.59016,9.59162,1.50,1.00
2017.04.06 15:40:28.311,9.5903,9.59162,1.00,1.00
2017.04.06 15:40:29.130,9.5904,9.59162,1.00,1.00
2017.04.06 15:40:29.959,9.5904,9.59174,1.00,1.00
2017.04.06 15:40:32.138,9.5905,9.59186,1.00,1.00
2017.04.06 15:40:33.096,9.5904,9.59186,1.00,1.00
2017.04.06 15:40:34.102,9.5904,9.59184,1.00,1.00
2017.04.06 15:40:36.183,9.5904,9.59183,1.00,1.00
2017.04.06 15:40:39.799,9.59039,9.59184,1.00,1.00
2017.04.06 15:40:40.345,9.5904,9.59183,1.00,1.00
2017.04.06 15:40:40.895,9.5904,9.59189,1.00,1.00
2017.04.06 15:40:43.032,9.5904,9.59187,1.00,1.00
2017.04.06 15:40:44.887,9.5904,9.59186,1.00,1.00
2017.04.06 15:40:46.892,9.5904,9.59188,1.00,1.00
2017.04.06 15:40:48.949,9.5904,9.59192,1.00,1.00
2017.04.06 15:40:53.503,9.59039,9.59192,1.00,1.00
2017.04.06 15:40:54.341,9.5904,9.59192,1.00,1.00
2017.04.06 15:40:54.764,9.5904,9.59194,1.00,1.00
2017.04.06 15:40:54.958,9.5904,9.592,1.00,1.00
2017.04.06 15:40:55.059,9.59049,9.592,1.00,1.00
2017.04.06 15:40:55.564,9.5905,9.592,1.00,1.00
2017.04.06 15:40:55.666,9.5904,9.59207,1.50,1.00
2017.04.06 15:40:55.767,9.59042,9.59207,1.00,1.00
2017.04.06 15:40:56.108,9.5904,9.59192,1.50,1.00
2017.04.06 15:40:56.209,9.5905,9.59206,1.00,1.00
2017.04.06 15:40:56.819,9.5905,9.59192,1.00,1.00
2017.04.06 15:40:56.926,9.5905,9.59206,1.00,1.00
2017.04.06 15:40:57.082,9.5905,9.59192,1.00,1.00
2017.04.06 15:40:57.184,9.5905,9.59207,1.00,1.00
2017.04.06 15:40:57.865,9.5906,9.59219,1.50,1.00
2017.04.06 15:40:58.068,9.59063,9.59219,1.00,1.00
2017.04.06 15:40:58.270,9.5906,9.59219,1.00,1.00
2017.04.06 15:40:58.441,9.59054,9.59219,1.00,1.00
2017.04.06 15:40:58.846,9.59054,9.59215,1.00,1.00
2017.04.06 15:40:59.348,9.59059,9.59215,1.00,1.00
2017.04.06 15:40:59.866,9.5906,9.59215,1.00,1.00
2017.04.06 15:41:03.292,9.59062,9.59215,1.00,1.00
2017.04.06 15:41:03.494,9.5906,9.59215,1.00,1.00
2017.04.06 15:41:04.103,9.59061,9.59215,1.00,1.00
2017.04.06 15:41:04.947,9.5907,9.59215,1.00,1.00
2017.04.06 15:41:05.575,9.59069,9.59215,1.50,1.00
2017.04.06 15:41:09.750,9.59069,9.59223,1.00,1.00
2017.04.06 15:41:10.751,9.59069,9.59225,1.00,1.00
2017.04.06 15:41:13.904,9.5906,9.59225,1.50,1.00
2017.04.06 15:41:14.184,9.5907,9.59225,1.00,1.00
2017.04.06 15:41:18.730,9.5906,9.59214,1.50,1.00
2017.04.06 15:41:19.033,9.5906,9.59198,1.00,1.00
2017.04.06 15:41:19.085,9.59062,9.59214,1.00,1.00
2017.04.06 15:41:19.186,9.5906,9.59198,1.00,1.00
2017.04.06 15:41:20.001,9.59061,9.59213,1.50,1.00
2017.04.06 15:41:20.493,9.59061,9.59199,1.00,1.00
2017.04.06 15:41:20.911,9.59052,9.59199,1.00,1.00
2017.04.06 15:41:21.065,9.59061,9.59213,1.00,1.00
2017.04.06 15:41:24.830,9.59064,9.59216,1.00,1.00
2017.04.06 15:41:28.273,9.59099,9.59217,1.00,1.00
2017.04.06 15:41:28.599,9.5915,9.59278,1.00,1.00
2017.04.06 15:41:28.650,9.5916,9.59287,1.00,1.00
2017.04.06 15:41:28.751,9.59165,9.59294,1.00,1.00
2017.04.06 15:41:28.853,9.5914,9.59289,1.37,1.00
2017.04.06 15:41:28.904,9.5914,9.59289,1.00,1.00
2017.04.06 15:41:28.955,9.59145,9.59289,1.00,1.00
2017.04.06 15:41:29.108,9.5916,9.59311,1.00,1.00
2017.04.06 15:41:29.159,9.59186,9.59336,1.00,1.00
2017.04.06 15:41:29.210,9.59186,9.59338,1.00,1.00
2017.04.06 15:41:29.261,9.5922,9.59346,1.00,1.00
2017.04.06 15:41:29.312,9.5922,9.59372,1.00,1.00
2017.04.06 15:41:30.161,9.59219,9.59373,1.00,1.00
2017.04.06 15:41:31.791,9.59201,9.59353,1.00,1.00
2017.04.06 15:41:32.727,9.59206,9.59353,1.00,1.00
2017.04.06 15:41:33.020,9.59216,9.59368,1.00,1.00
2017.04.06 15:41:33.659,9.5922,9.59372,1.00,1.00
2017.04.06 15:41:37.628,9.59206,9.59358,1.50,1.00
2017.04.06 15:41:38.064,9.59222,9.59374,1.00,1.00
2017.04.06 15:41:38.367,9.59237,9.59389,1.00,1.00
2017.04.06 15:41:38.670,9.59244,9.59382,1.00,1.00
2017.04.06 15:41:38.721,9.59254,9.59406,1.00,1.00
2017.04.06 15:41:39.821,9.59261,9.59413,1.00,1.00
2017.04.06 15:41:40.345,9.59251,9.59403,1.00,1.00
2017.04.06 15:41:40.649,9.59237,9.59389,1.00,1.50
2017.04.06 15:41:40.952,9.59237,9.59384,1.00,1.00
2017.04.06 15:41:41.413,9.59232,9.59384,1.00,1.00
2017.04.06 15:41:42.682,9.59225,9.59379,1.00,1.00
2017.04.06 15:41:43.339,9.59225,9.59378,1.00,1.00
2017.04.06 15:41:43.675,9.59223,9.59375,1.00,1.00
2017.04.06 15:41:44.029,9.59204,9.59351,1.00,1.00
2017.04.06 15:41:46.588,9.59218,9.5937,1.00,1.00
2017.04.06 15:41:47.610,9.59216,9.59368,1.00,1.00
2017.04.06 15:41:47.914,9.59218,9.5937,1.00,1.00
2017.04.06 15:41:48.242,9.59215,9.59367,1.00,1.00
2017.04.06 15:41:56.362,9.59204,9.5935,1.00,1.00
2017.04.06 15:41:56.514,9.59216,9.59368,1.00,1.00
2017.04.06 15:41:56.565,9.59203,9.59353,1.00,1.00
2017.04.06 15:41:56.914,9.59211,9.59353,1.00,1.00
2017.04.06 15:41:56.965,9.59216,9.59368,1.00,1.00
2017.04.06 15:41:58.326,9.59215,9.59367,1.00,1.00
2017.04.06 15:41:59.115,9.5921,9.59354,1.00,1.00
2017.04.06 15:41:59.457,9.59218,9.59354,1.00,1.00
2017.04.06 15:41:59.559,9.59209,9.59354,1.00,1.00
2017.04.06 15:41:59.610,9.59221,9.59375,1.00,1.00
2017.04.06 15:41:59.661,9.59209,9.5936,1.00,1.00
2017.04.06 15:42:00.003,9.59217,9.5936,1.00,1.00
2017.04.06 15:42:00.414,9.59209,9.5936,1.00,1.00
2017.04.06 15:42:00.599,9.59217,9.5936,1.00,1.00
2017.04.06 15:42:01.088,9.59223,9.59375,1.00,1.00
2017.04.06 15:42:03.639,9.59217,9.59357,1.00,1.00
2017.04.06 15:42:03.690,9.59208,9.59357,1.00,1.00
2017.04.06 15:42:08.215,9.59216,9.59357,1.00,1.00
2017.04.06 15:42:08.619,9.59208,9.59357,1.00,1.00
2017.04.06 15:42:08.975,9.59216,9.59357,1.00,1.00
2017.04.06 15:42:09.177,9.5921,9.59357,1.00,1.00
2017.04.06 15:42:11.897,9.59205,9.59357,1.00,1.00
2017.04.06 15:42:13.392,9.59201,9.59348,1.00,1.00
2017.04.06 15:42:14.726,9.59209,9.59348,1.00,1.00
2017.04.06 15:42:15.921,9.59197,9.59348,1.00,1.00
2017.04.06 15:42:16.719,9.59197,9.59347,1.00,1.00
2017.04.06 15:42:19.314,9.59195,9.59347,1.00,1.00
2017.04.06 15:42:19.365,9.5919,9.59338,1.00,1.00
2017.04.06 15:42:19.416,9.59186,9.59338,1.00,1.00
2017.04.06 15:42:19.517,9.59192,9.59338,1.00,1.00
2017.04.06 15:42:19.619,9.59186,9.59338,1.00,1.00
2017.04.06 15:42:20.377,9.59184,9.59336,1.50,1.00
2017.04.06 15:42:21.918,9.59195,9.59347,1.00,1.00
2017.04.06 15:42:22.898,9.59197,9.59349,1.00,1.00
2017.04.06 15:42:23.707,9.592,9.59349,1.00,1.00
2017.04.06 15:42:23.909,9.59197,9.59349,1.00,1.00
2017.04.06 15:42:28.386,9.59199,9.59351,1.00,1.00
2017.04.06 15:42:34.227,9.59206,9.59351,1.00,1.00
2017.04.06 15:42:34.328,9.59199,9.59351,1.00,1.00
2017.04.06 15:42:34.853,9.5919,9.59341,1.00,1.00
2017.04.06 15:42:35.175,9.59197,9.59341,1.00,1.00
2017.04.06 15:42:35.226,9.59189,9.59341,1.00,1.00
2017.04.06 15:42:35.355,9.59197,9.59341,1.00,1.00
2017.04.06 15:42:35.456,9.59189,9.59341,1.00,1.00
2017.04.06 15:42:35.557,9.59196,9.59348,1.00,1.00
2017.04.06 15:42:39.952,9.59193,9.59345,1.00,1.00
2017.04.06 15:42:48.472,9.59194,9.59346,1.00,1.00
2017.04.06 15:42:54.960,9.59195,9.59347,1.00,1.00
2017.04.06 15:42:58.601,9.59193,9.59345,1.00,1.00
2017.04.06 15:43:10.012,9.59189,9.59341,1.00,1.00
2017.04.06 15:43:13.508,9.59192,9.59344,1.00,1.00
2017.04.06 15:43:25.031,9.59191,9.59343,1.00,1.00
2017.04.06 15:43:28.516,9.59187,9.59339,1.00,1.00
2017.04.06 15:43:29.616,9.59174,9.59333,1.00,1.00
2017.04.06 15:43:29.768,9.59167,9.59319,1.00,1.00
2017.04.06 15:43:30.072,9.59166,9.59303,1.00,1.00
2017.04.06 15:43:30.274,9.59157,9.59303,1.00,1.00
2017.04.06 15:43:30.780,9.59151,9.59303,1.00,1.00
2017.04.06 15:43:30.831,9.59154,9.59306,1.00,1.00
2017.04.06 15:43:31.134,9.59164,9.59325,1.00,1.00
2017.04.06 15:43:32.158,9.59164,9.59333,1.50,1.00
2017.04.06 15:43:32.930,9.59164,9.59302,1.00,1.00
2017.04.06 15:43:32.981,9.59156,9.59302,1.00,1.00
2017.04.06 15:43:33.032,9.59156,9.59333,1.00,1.00
2017.04.06 15:43:33.084,9.59156,9.59301,1.00,1.00
2017.04.06 15:43:33.272,9.59149,9.59301,1.00,1.00
2017.04.06 15:43:33.980,9.59139,9.59291,1.00,1.00
2017.04.06 15:43:34.283,9.59129,9.59281,1.00,1.00
2017.04.06 15:43:35.477,9.5913,9.59281,1.00,1.00
2017.04.06 15:43:35.983,9.59131,9.59281,1.00,1.00
2017.04.06 15:43:36.388,9.59131,9.5927,1.00,1.00
2017.04.06 15:43:36.602,9.59122,9.5927,1.00,1.00
2017.04.06 15:43:36.654,9.59118,9.5927,1.00,1.00
2017.04.06 15:43:36.805,9.59122,9.5927,1.00,1.00
2017.04.06 15:43:37.311,9.59129,9.5927,1.00,1.00
2017.04.06 15:43:37.463,9.59122,9.5927,1.00,1.00
2017.04.06 15:43:37.970,9.59131,9.5927,1.00,1.00
2017.04.06 15:43:38.617,9.5914,9.5928,1.00,1.00
2017.04.06 15:43:39.021,9.5914,9.5929,1.00,1.00
2017.04.06 15:43:39.790,9.5915,9.59315,1.00,1.00
2017.04.06 15:43:40.042,9.5916,9.59324,1.00,1.00
2017.04.06 15:43:40.144,9.5916,9.59327,1.00,1.00
2017.04.06 15:43:40.245,9.5917,9.59327,1.00,1.00
2017.04.06 15:43:40.346,9.5916,9.59326,1.00,1.00
2017.04.06 15:43:40.397,9.59154,9.59326,1.00,1.00
2017.04.06 15:43:40.498,9.59156,9.59326,1.00,1.00
2017.04.06 15:43:41.155,9.59159,9.59326,1.00,1.00
2017.04.06 15:43:41.488,9.59163,9.59314,1.00,1.00
2017.04.06 15:43:41.589,9.59163,9.59327,1.00,1.00
2017.04.06 15:43:41.691,9.59155,9.59327,1.00,1.00
2017.04.06 15:43:41.843,9.59155,9.59315,1.00,1.00
2017.04.06 15:43:42.197,9.59146,9.59315,1.00,1.00
2017.04.06 15:43:42.299,9.59143,9.59315,1.00,1.00
2017.04.06 15:43:43.093,9.59156,9.59315,1.00,1.00
2017.04.06 15:43:43.296,9.59146,9.59315,1.00,1.00
2017.04.06 15:43:43.397,9.59154,9.59315,1.00,1.00
2017.04.06 15:43:48.604,9.59145,9.59315,1.00,1.00
2017.04.06 15:43:49.329,9.59152,9.59315,1.00,1.00
2017.04.06 15:43:50.217,9.59144,9.59315,1.00,1.00
2017.04.06 15:43:50.426,9.59154,9.59315,1.00,1.00
2017.04.06 15:43:50.730,9.59146,9.59315,1.00,1.00
2017.04.06 15:43:50.925,9.59154,9.59315,1.00,1.00
2017.04.06 15:43:51.027,9.59146,9.59315,1.00,1.00
2017.04.06 15:43:51.129,9.59154,9.59315,1.00,1.00
2017.04.06 15:43:51.231,9.59144,9.59315,1.00,1.00
2017.04.06 15:43:51.838,9.59153,9.59315,1.00,1.00
2017.04.06 15:43:51.939,9.59145,9.59315,1.00,1.00
2017.04.06 15:43:53.028,9.59153,9.59315,1.00,1.00
2017.04.06 15:43:53.243,9.59144,9.59315,1.00,1.00
2017.04.06 15:43:54.304,9.59152,9.59315,1.00,1.00
2017.04.06 15:43:55.129,9.59144,9.59314,1.00,1.00
2017.04.06 15:43:58.154,9.59152,9.59314,1.00,1.00
2017.04.06 15:43:58.590,9.59152,9.59312,1.00,1.00
2017.04.06 15:43:58.743,9.59144,9.59312,1.00,1.00
2017.04.06 15:43:59.248,9.59143,9.59312,1.00,1.00
2017.04.06 15:43:59.915,9.59144,9.59312,1.00,1.00
2017.04.06 15:44:00.821,9.59143,9.59312,1.00,1.00
2017.04.06 15:44:05.218,9.59136,9.59307,1.00,1.00
2017.04.06 15:44:05.471,9.59128,9.59307,1.00,1.00
2017.04.06 15:44:05.694,9.59135,9.59307,1.00,1.00
2017.04.06 15:44:09.381,9.59132,9.59307,1.00,1.00
2017.04.06 15:44:10.126,9.59132,9.59303,1.00,1.00
2017.04.06 15:44:10.429,9.59135,9.59303,1.00,1.00
2017.04.06 15:44:10.581,9.59131,9.59303,1.00,1.00
2017.04.06 15:44:11.655,9.59134,9.59303,1.00,1.00
2017.04.06 15:44:12.955,9.59134,9.59301,1.00,1.00
2017.04.06 15:44:13.428,9.59128,9.59301,1.00,1.00
2017.04.06 15:44:13.582,9.59136,9.59301,1.00,1.00
2017.04.06 15:44:13.683,9.59128,9.59301,1.50,1.00
2017.04.06 15:44:13.885,9.59136,9.59301,1.00,1.00
2017.04.06 15:44:14.088,9.59127,9.59301,1.50,1.00
2017.04.06 15:44:14.189,9.59136,9.59301,1.00,1.00
2017.04.06 15:44:14.392,9.59127,9.59301,1.50,1.00
2017.04.06 15:44:15.358,9.59134,9.59301,1.00,1.00
2017.04.06 15:44:15.560,9.59127,9.59301,1.50,1.00
2017.04.06 15:44:15.863,9.59134,9.59301,1.00,1.00
2017.04.06 15:44:15.965,9.59127,9.59301,1.00,1.00
2017.04.06 15:44:16.066,9.59135,9.59301,1.00,1.00
2017.04.06 15:44:16.404,9.59144,9.59296,1.00,1.00
2017.04.06 15:44:16.705,9.59154,9.59296,1.00,1.00
2017.04.06 15:44:17.021,9.59166,9.59305,1.00,1.00
2017.04.06 15:44:17.371,9.59166,9.59307,1.00,1.00
2017.04.06 15:44:17.472,9.59158,9.59307,1.00,1.00
2017.04.06 15:44:17.777,9.59166,9.59307,1.00,1.00
2017.04.06 15:44:19.338,9.59166,9.59306,1.00,1.00
2017.04.06 15:44:19.490,9.59158,9.59306,1.00,1.00
2017.04.06 15:44:19.692,9.59154,9.59306,1.00,1.00
2017.04.06 15:44:20.098,9.59158,9.59295,1.00,1.00
2017.04.06 15:44:20.300,9.59149,9.59295,1.00,1.00
2017.04.06 15:44:20.401,9.59143,9.59295,1.00,1.00
2017.04.06 15:44:20.503,9.59155,9.59295,1.00,1.00
2017.04.06 15:44:20.605,9.59144,9.59295,1.00,1.00
2017.04.06 15:44:23.611,9.59152,9.59295,1.00,1.00
2017.04.06 15:44:24.912,9.59155,9.59307,1.00,1.00
2017.04.06 15:44:25.095,9.59162,9.59295,1.00,1.00
2017.04.06 15:44:25.297,9.59154,9.59295,1.00,1.00
2017.04.06 15:44:25.398,9.59145,9.59295,1.00,1.00
2017.04.06 15:44:25.805,9.59154,9.59295,1.00,1.00
2017.04.06 15:44:26.318,9.59145,9.59295,1.00,1.00
2017.04.06 15:44:26.369,9.59154,9.59306,1.00,1.00
2017.04.06 15:44:26.674,9.59161,9.59306,1.00,1.00
2017.04.06 15:44:26.788,9.59164,9.59316,1.00,1.00
2017.04.06 15:44:26.839,9.59177,9.59329,1.00,1.00
2017.04.06 15:44:27.574,9.59179,9.59329,1.00,1.00
2017.04.06 15:44:27.634,9.59177,9.59329,1.00,1.00
2017.04.06 15:44:27.887,9.59189,9.59329,1.00,1.00
2017.04.06 15:44:27.988,9.59189,9.5934,1.00,1.00
2017.04.06 15:44:28.292,9.59197,9.5934,1.00,1.00
2017.04.06 15:44:28.696,9.5919,9.5934,1.00,1.00
2017.04.06 15:44:28.798,9.592,9.5934,1.00,1.00
2017.04.06 15:44:29.003,9.59192,9.59341,1.00,1.00
2017.04.06 15:44:29.307,9.59198,9.59341,1.00,1.00
2017.04.06 15:44:29.612,9.59198,9.59338,1.00,1.00
2017.04.06 15:44:29.714,9.59189,9.59338,1.00,1.00
2017.04.06 15:44:30.219,9.59197,9.59338,1.00,1.00
2017.04.06 15:44:30.523,9.59189,9.59338,1.00,1.00
2017.04.06 15:44:30.726,9.59186,9.59338,1.00,1.00
2017.04.06 15:44:30.827,9.5919,9.59338,1.00,1.00
2017.04.06 15:44:32.299,9.59197,9.59338,1.00,1.00
2017.04.06 15:44:32.501,9.59188,9.59338,1.00,1.00
2017.04.06 15:44:33.520,9.59196,9.59338,1.00,1.00
2017.04.06 15:44:34.732,9.59204,9.59338,1.00,1.00
2017.04.06 15:44:36.113,9.59204,9.59355,1.00,1.00
2017.04.06 15:44:36.316,9.59213,9.59355,1.00,1.00
2017.04.06 15:44:36.569,9.59229,9.59375,1.00,1.00
2017.04.06 15:44:36.620,9.59229,9.59377,1.00,1.00
2017.04.06 15:44:36.722,9.59236,9.59378,1.00,1.00
2017.04.06 15:44:37.024,9.59245,9.59378,1.00,1.00
2017.04.06 15:44:37.530,9.59246,9.59378,1.00,1.00
2017.04.06 15:44:37.631,9.59246,9.59389,1.00,1.00
2017.04.06 15:44:38.037,9.59246,9.59391,1.00,1.00
2017.04.06 15:44:39.504,9.59255,9.59391,1.00,1.00
2017.04.06 15:44:40.179,9.59255,9.59392,1.00,1.00
2017.04.06 15:44:40.765,9.59255,9.59391,1.00,1.00
2017.04.06 15:44:41.313,9.59245,9.59392,1.00,1.00
2017.04.06 15:44:41.826,9.59245,9.59391,1.00,1.00
2017.04.06 15:44:42.139,9.59255,9.59391,1.00,1.00
2017.04.06 15:44:42.342,9.59247,9.59391,1.00,1.00
2017.04.06 15:44:42.444,9.59239,9.59391,1.00,1.00
2017.04.06 15:44:43.101,9.5924,9.59392,1.00,1.00
2017.04.06 15:44:43.343,9.59247,9.59392,1.00,1.00
2017.04.06 15:44:48.615,9.59255,9.59407,1.00,1.00
2017.04.06 15:44:48.666,9.59258,9.5941,1.00,1.00
2017.04.06 15:44:48.970,9.59277,9.5941,1.00,1.00
2017.04.06 15:44:49.197,9.59269,9.5941,1.00,1.00
2017.04.06 15:44:49.248,9.59265,9.5941,1.00,1.00
2017.04.06 15:44:49.350,9.59259,9.5941,1.00,1.00
2017.04.06 15:44:49.451,9.59279,9.5941,1.00,1.00
2017.04.06 15:44:49.654,9.59279,9.59417,1.00,1.00
2017.04.06 15:44:49.755,9.59291,9.59417,1.00,1.00
2017.04.06 15:44:49.806,9.59291,9.59437,1.00,1.00
2017.04.06 15:44:50.160,9.59291,9.5944,1.00,1.00
2017.04.06 15:44:51.250,9.59299,9.5944,1.00,1.00
2017.04.06 15:44:51.506,9.59307,9.59461,1.00,1.00
2017.04.06 15:44:51.558,9.5932,9.59461,1.00,1.00
2017.04.06 15:44:51.863,9.5933,9.59461,1.00,1.00
2017.04.06 15:44:51.914,9.59323,9.59461,1.00,1.00
2017.04.06 15:44:51.965,9.59332,9.59461,1.00,1.00
2017.04.06 15:44:52.371,9.59344,9.59461,1.00,1.00
2017.04.06 15:44:52.473,9.59344,9.59467,1.00,1.00
2017.04.06 15:44:53.479,9.59335,9.59467,1.00,1.00
2017.04.06 15:44:53.530,9.5934,9.59488,1.00,1.00
2017.04.06 15:44:53.581,9.5935,9.59489,1.00,1.00
2017.04.06 15:44:53.632,9.59352,9.59504,1.00,1.00
2017.04.06 15:44:53.683,9.59358,9.5951,1.00,1.00
2017.04.06 15:44:53.986,9.594,9.59549,1.00,1.00
2017.04.06 15:44:54.138,9.5942,9.59572,1.00,1.00
2017.04.06 15:44:54.695,9.59407,9.59561,1.00,1.00
2017.04.06 15:44:54.746,9.59389,9.59541,1.00,1.00
2017.04.06 15:44:55.080,9.59379,9.59531,1.00,1.00
2017.04.06 15:44:55.684,9.59369,9.59521,1.00,1.00
2017.04.06 15:44:56.089,9.59361,9.59503,1.00,1.00
2017.04.06 15:44:56.291,9.59357,9.59503,1.00,1.00
2017.04.06 15:44:56.342,9.59357,9.59491,1.00,1.00
2017.04.06 15:44:56.495,9.5935,9.59491,1.00,1.00
2017.04.06 15:44:56.597,9.59339,9.59491,1.00,1.00
2017.04.06 15:44:56.698,9.5933,9.59481,1.00,1.00
2017.04.06 15:44:57.022,9.59322,9.59399,1.00,1.00
2017.04.06 15:44:57.197,9.5927,9.594,1.00,1.00
2017.04.06 15:44:57.299,9.59239,9.594,1.00,1.00
2017.04.06 15:44:57.451,9.59231,9.59399,1.00,1.00
2017.04.06 15:44:57.552,9.59231,9.59385,1.00,1.00
2017.04.06 15:44:57.856,9.59217,9.59369,1.00,1.00
2017.04.06 15:44:58.160,9.5921,9.59362,1.50,1.00
2017.04.06 15:44:58.723,9.59218,9.5937,1.00,1.00
2017.04.06 15:44:59.197,9.5922,9.5937,1.00,1.00
2017.04.06 15:44:59.688,9.5922,9.59372,1.50,1.00
2017.04.06 15:45:00.871,9.59216,9.59362,1.00,1.00
2017.04.06 15:45:01.046,9.5921,9.59362,1.00,1.00
2017.04.06 15:45:01.839,9.59208,9.5936,1.50,1.00
2017.04.06 15:45:02.804,9.5921,9.5936,1.00,1.00
2017.04.06 15:45:03.529,9.59208,9.5936,1.50,1.00
2017.04.06 15:45:08.383,9.5921,9.5936,1.00,1.00
2017.04.06 15:45:09.842,9.59209,9.5936,1.00,1.00
2017.04.06 15:45:10.230,9.59209,9.59356,1.00,1.00
2017.04.06 15:45:10.615,9.59215,9.59367,1.00,1.00
2017.04.06 15:45:12.513,9.59205,9.59357,1.00,1.00
2017.04.06 15:45:13.295,9.59212,9.59357,1.00,1.00
2017.04.06 15:45:23.801,9.59225,9.59377,1.00,1.00
2017.04.06 15:45:23.852,9.59249,9.59401,1.00,1.00
2017.04.06 15:45:24.155,9.5929,9.59442,1.00,1.00
2017.04.06 15:45:25.260,9.59292,9.59444,1.00,1.00
2017.04.06 15:45:25.566,9.59303,9.59455,1.00,1.00
2017.04.06 15:45:25.871,9.59315,9.59467,1.00,1.00
2017.04.06 15:45:26.750,9.59304,9.59456,1.00,1.00
2017.04.06 15:45:28.365,9.59289,9.59434,1.00,1.00
2017.04.06 15:45:28.466,9.59282,9.59434,1.00,1.00
2017.04.06 15:45:28.845,9.59272,9.59424,1.00,1.00
2017.04.06 15:45:29.351,9.59262,9.59414,1.00,1.00
2017.04.06 15:45:30.870,9.59235,9.59381,1.00,1.00
2017.04.06 15:45:30.972,9.59229,9.59381,1.00,1.00
2017.04.06 15:45:33.301,9.59229,9.5938,1.00,1.00
2017.04.06 15:45:33.352,9.59218,9.5937,1.00,1.00
2017.04.06 15:45:33.959,9.59219,9.5937,1.00,1.00
2017.04.06 15:45:34.481,9.59218,9.5937,1.00,1.00
2017.04.06 15:45:38.061,9.59218,9.5936,1.00,1.00
2017.04.06 15:45:38.112,9.59206,9.5935,1.00,1.00
2017.04.06 15:45:38.338,9.59194,9.59337,1.00,1.00
2017.04.06 15:45:38.389,9.59186,9.59337,1.00,1.00
2017.04.06 15:45:38.894,9.59185,9.59337,1.00,1.00
2017.04.06 15:45:39.097,9.59196,9.59361,1.00,1.00
2017.04.06 15:45:40.087,9.59197,9.59361,1.00,1.00
2017.04.06 15:45:40.340,9.59209,9.59361,1.00,1.00
2017.04.06 15:45:40.650,9.59219,9.59371,1.00,1.00
2017.04.06 15:45:41.690,9.59222,9.59374,1.00,1.00
2017.04.06 15:45:42.024,9.5923,9.59382,1.00,1.00
2017.04.06 15:45:42.387,9.59244,9.59398,1.00,1.00
2017.04.06 15:45:42.590,9.59268,9.5942,1.00,1.00
2017.04.06 15:45:42.894,9.59287,9.59439,1.00,1.00
2017.04.06 15:45:43.274,9.5929,9.59439,1.00,1.00
2017.04.06 15:45:43.376,9.5931,9.59462,1.00,1.00
2017.04.06 15:45:43.427,9.59325,9.59477,1.00,1.00
2017.04.06 15:45:43.730,9.59312,9.59464,1.00,1.00
2017.04.06 15:45:44.370,9.59313,9.59464,1.00,1.00
2017.04.06 15:45:44.675,9.59313,9.59461,1.00,1.00
2017.04.06 15:45:45.254,9.59313,9.59453,1.00,1.00
2017.04.06 15:45:49.271,9.59311,9.59453,1.00,1.00
2017.04.06 15:45:52.117,9.59311,9.5945,1.00,1.00
2017.04.06 15:45:52.269,9.59298,9.5945,1.00,1.00
2017.04.06 15:45:55.410,9.59303,9.59455,1.00,1.00
2017.04.06 15:45:58.809,9.59302,9.59454,1.00,1.00
2017.04.06 15:46:10.386,9.59301,9.59453,1.00,1.00
2017.04.06 15:46:13.854,9.59302,9.59454,1.00,1.00
2017.04.06 15:46:18.595,9.59291,9.59443,1.00,1.00
2017.04.06 15:46:20.402,9.5928,9.59432,1.00,1.00
2017.04.06 15:46:25.397,9.59272,9.59426,1.00,1.00
2017.04.06 15:46:28.819,9.59269,9.59421,1.00,1.00
2017.04.06 15:46:29.381,9.5928,9.59432,1.00,1.00
2017.04.06 15:46:29.684,9.5927,9.59422,1.00,1.00
2017.04.06 15:46:38.337,9.59263,9.59415,1.00,1.00
2017.04.06 15:46:40.454,9.5926,9.59425,1.00,1.00
2017.04.06 15:46:55.479,9.59259,9.59411,1.00,1.00
2017.04.06 15:47:13.956,9.59253,9.59405,1.00,1.00
2017.04.06 15:47:25.500,9.59245,9.5941,1.00,1.00
2017.04.06 15:47:27.398,9.59253,9.5941,1.00,1.00
2017.04.06 15:47:28.402,9.59245,9.5941,1.00,1.00
2017.04.06 15:47:28.987,9.59252,9.59404,1.00,1.00
2017.04.06 15:47:40.559,9.59254,9.59406,1.00,1.00
2017.04.06 15:47:55.598,9.59253,9.59405,1.00,1.00
2017.04.06 15:48:10.590,9.59253,9.59407,1.00,1.00
2017.04.06 15:48:14.197,9.59254,9.59407,1.00,1.00
2017.04.06 15:48:14.885,9.59253,9.59407,1.00,1.00
2017.04.06 15:48:17.586,9.59254,9.59407,1.00,1.00
2017.04.06 15:48:20.081,9.59253,9.59407,1.00,1.00
2017.04.06 15:48:20.698,9.59254,9.59407,1.00,1.00
2017.04.06 15:48:21.592,9.59253,9.59407,1.00,1.00
2017.04.06 15:48:22.679,9.59254,9.59407,1.00,1.00
2017.04.06 15:48:23.201,9.59253,9.59407,1.00,1.00
2017.04.06 15:48:32.708,9.59265,9.59417,1.00,1.00
2017.04.06 15:48:38.857,9.59254,9.59406,1.00,1.00
2017.04.06 15:48:39.212,9.59256,9.59406,1.00,1.00
2017.04.06 15:48:39.314,9.59254,9.59406,1.00,1.00
2017.04.06 15:48:44.136,9.59253,9.59405,1.00,1.00
2017.04.06 15:48:44.340,9.59264,9.59416,1.00,1.00
2017.04.06 15:48:44.645,9.59264,9.59416,1.37,1.00
2017.04.06 15:48:44.999,9.59264,9.59416,1.00,1.00
2017.04.06 15:48:45.376,9.59264,9.59418,1.00,1.00
2017.04.06 15:48:55.680,9.59263,9.59415,1.00,1.00
2017.04.06 15:49:10.730,9.59259,9.59411,1.00,1.00
2017.04.06 15:49:25.740,9.59263,9.59415,1.00,1.00
2017.04.06 15:49:26.618,9.59274,9.59426,1.00,1.00
2017.04.06 15:49:28.747,9.59283,9.5944,1.00,1.00
2017.04.06 15:49:40.770,9.59283,9.59435,1.00,1.00
2017.04.06 15:50:00.925,9.59285,9.59435,1.00,1.00
2017.04.06 15:50:02.968,9.59283,9.59435,1.00,1.00
2017.04.06 15:50:10.848,9.59285,9.59437,1.00,1.00
2017.04.06 15:50:14.315,9.59291,9.59443,1.00,1.00
2017.04.06 15:50:21.802,9.59293,9.59443,1.00,1.00
2017.04.06 15:50:21.853,9.59291,9.59443,1.00,1.00
2017.04.06 15:50:22.460,9.59293,9.59443,1.00,1.00
2017.04.06 15:50:22.657,9.59293,9.59456,1.00,1.00
2017.04.06 15:50:22.910,9.593,9.59456,1.00,1.00
2017.04.06 15:50:23.237,9.5932,9.59472,1.00,1.00
2017.04.06 15:50:23.541,9.59353,9.59505,1.00,1.00
2017.04.06 15:50:23.845,9.59374,9.59526,1.00,1.00
2017.04.06 15:50:24.351,9.59385,9.59537,1.00,1.00
2017.04.06 15:50:24.857,9.59412,9.59564,1.00,1.00
2017.04.06 15:50:25.364,9.59401,9.59553,1.00,1.00
2017.04.06 15:50:25.870,9.5939,9.59542,1.00,1.00
2017.04.06 15:50:29.358,9.59385,9.59537,1.00,1.00
2017.04.06 15:50:35.561,9.59379,9.59531,1.00,1.00
2017.04.06 15:50:35.876,9.59368,9.5952,1.00,1.00
2017.04.06 15:50:36.180,9.59356,9.59508,1.00,1.00
2017.04.06 15:50:37.026,9.59343,9.59495,1.00,1.00
2017.04.06 15:50:40.889,9.59351,9.59503,1.00,1.00
2017.04.06 15:50:44.375,9.5935,9.59502,1.00,1.00
2017.04.06 15:50:55.919,9.59349,9.59501,1.00,1.00
2017.04.06 15:50:59.425,9.59341,9.59495,1.00,1.00
2017.04.06 15:51:11.019,9.59347,9.59499,1.00,1.00
2017.04.06 15:51:12.630,9.59355,9.59507,1.00,1.00
2017.04.06 15:51:12.782,9.5934,9.59514,1.00,1.00
2017.04.06 15:51:12.883,9.59343,9.59514,1.00,1.00
2017.04.06 15:51:12.985,9.5934,9.59514,1.00,1.00
2017.04.06 15:51:13.485,9.59341,9.59514,1.00,1.00
2017.04.06 15:51:13.587,9.59349,9.59501,1.00,1.00
2017.04.06 15:51:13.891,9.59359,9.59511,1.00,1.00
2017.04.06 15:51:14.194,9.5937,9.59522,1.00,1.00
2017.04.06 15:51:14.599,9.59359,9.59511,1.00,1.00
2017.04.06 15:51:14.902,9.59348,9.595,1.00,1.00
2017.04.06 15:51:21.494,9.59338,9.5949,1.00,1.00
2017.04.06 15:51:24.020,9.59328,9.5948,1.00,1.00
2017.04.06 15:51:24.323,9.59315,9.59467,1.00,1.00
2017.04.06 15:51:24.526,9.59304,9.59459,1.00,1.00
2017.04.06 15:51:25.979,9.59306,9.5946,1.00,1.00
2017.04.06 15:51:41.028,9.59315,9.59467,1.00,1.00
2017.04.06 15:51:41.382,9.59307,9.59461,1.00,1.00
2017.04.06 15:51:44.541,9.59309,9.59461,1.00,1.00
2017.04.06 15:51:54.094,9.59302,9.5946,1.00,1.00
2017.04.06 15:51:56.062,9.59302,9.59459,1.00,1.00
2017.04.06 15:52:11.069,9.59303,9.59455,1.00,1.00
2017.04.06 15:52:14.555,9.59302,9.59454,1.00,1.00
2017.04.06 15:52:26.141,9.59306,9.5946,1.00,1.00
2017.04.06 15:52:41.129,9.59299,9.59453,1.00,1.00
2017.04.06 15:52:43.670,9.59297,9.59449,1.00,1.00
2017.04.06 15:52:44.717,9.59299,9.59451,1.00,1.00
2017.04.06 15:52:49.337,9.59309,9.59463,1.00,1.00
2017.04.06 15:52:56.204,9.59307,9.59459,1.00,1.00
2017.04.06 15:53:11.228,9.59311,9.59463,1.00,1.00
2017.04.06 15:53:14.680,9.59305,9.59459,1.00,1.00
2017.04.06 15:53:15.932,9.59316,9.59468,1.00,1.00
2017.04.06 15:53:24.716,9.59309,9.59482,1.00,1.00
2017.04.06 15:53:24.994,9.59313,9.59465,1.00,1.00
2017.04.06 15:53:25.045,9.59309,9.59481,1.00,1.00
2017.04.06 15:53:25.146,9.59313,9.59467,1.00,1.00
2017.04.06 15:53:25.348,9.59338,9.59494,1.00,1.00
2017.04.06 15:53:26.353,9.59324,9.59489,1.00,1.00
2017.04.06 15:53:26.556,9.59309,9.59481,1.00,1.00
2017.04.06 15:53:28.726,9.593,9.59454,1.00,1.00
2017.04.06 15:53:29.749,9.59303,9.59455,1.00,1.00
2017.04.06 15:53:34.362,9.59285,9.59459,1.00,1.00
2017.04.06 15:53:41.045,9.59285,9.5945,1.00,1.00
2017.04.06 15:53:41.284,9.59281,9.59448,1.00,1.00
2017.04.06 15:53:42.190,9.59274,9.59449,1.00,1.00
2017.04.06 15:53:42.291,9.59274,9.5944,1.00,1.00
2017.04.06 15:53:43.264,9.59274,9.59444,1.00,1.00
2017.04.06 15:53:43.316,9.59274,9.59449,1.00,1.00
2017.04.06 15:53:44.736,9.59281,9.59452,1.00,1.00
2017.04.06 15:53:56.279,9.59283,9.59437,1.00,1.00
2017.04.06 15:53:59.782,9.59285,9.59437,1.00,1.00
2017.04.06 15:54:11.309,9.59283,9.59435,1.00,1.00
2017.04.06 15:54:21.121,9.59264,9.5944,1.00,1.00
2017.04.06 15:54:26.339,9.59259,9.59435,1.00,1.00
2017.04.06 15:54:29.836,9.59259,9.59433,1.00,1.00
2017.04.06 15:54:38.425,9.59264,9.59416,1.00,1.00
2017.04.06 15:54:47.211,9.59275,9.59427,1.00,1.00
2017.04.06 15:54:56.400,9.59265,9.59417,1.00,1.00
2017.04.06 15:55:05.125,9.59276,9.59428,1.00,1.00
2017.04.06 15:55:05.460,9.59287,9.59439,1.00,1.00
2017.04.06 15:55:05.764,9.59267,9.59419,1.00,1.00
2017.04.06 15:55:07.088,9.59278,9.5943,1.00,1.00
2017.04.06 15:55:11.454,9.5928,9.59432,1.00,1.00
2017.04.06 15:55:19.080,9.59288,9.59448,1.00,1.00
2017.04.06 15:55:21.399,9.59292,9.59448,1.00,1.00
2017.04.06 15:55:22.366,9.59316,9.5947,1.00,1.00
2017.04.06 15:55:22.670,9.59327,9.59479,1.00,1.00
2017.04.06 15:55:23.041,9.59329,9.59481,1.00,1.00
2017.04.06 15:55:23.344,9.5935,9.59502,1.00,1.00
2017.04.06 15:55:23.597,9.59329,9.59483,1.00,1.00
2017.04.06 15:55:23.851,9.59308,9.59469,1.00,1.00
2017.04.06 15:55:26.495,9.59308,9.59462,1.00,1.00
2017.04.06 15:55:29.945,9.59308,9.59461,1.00,1.00
2017.04.06 15:55:41.531,9.59308,9.59469,1.00,1.00
2017.04.06 15:55:41.885,9.5931,9.59469,1.00,1.00
2017.04.06 15:55:42.513,9.59308,9.59469,1.00,1.00
2017.04.06 15:55:44.981,9.59308,9.59468,1.00,1.00
2017.04.06 15:55:56.519,9.59308,9.59467,1.00,1.00
2017.04.06 15:56:00.005,9.59314,9.59466,1.00,1.00
2017.04.06 15:56:11.559,9.59306,9.59458,1.00,1.00
2017.04.06 15:56:41.628,9.59312,9.59464,1.00,1.00
2017.04.06 15:56:43.779,9.59316,9.59468,1.00,1.00
2017.04.06 15:56:44.374,9.59323,9.59475,1.00,1.00
2017.04.06 15:56:44.526,9.59307,9.59482,1.00,1.00
2017.04.06 15:56:45.187,9.5931,9.59482,1.00,1.00
2017.04.06 15:56:45.470,9.5931,9.59488,1.00,1.00
2017.04.06 15:56:45.521,9.59337,9.59489,1.00,1.00
2017.04.06 15:56:45.825,9.59348,9.595,1.00,1.00
2017.04.06 15:56:45.876,9.59325,9.59494,1.00,1.00
2017.04.06 15:56:47.519,9.59325,9.59489,1.00,1.00
2017.04.06 15:56:47.930,9.5931,9.5948,1.00,1.00
2017.04.06 15:56:48.435,9.5931,9.59479,1.00,1.00
2017.04.06 15:56:48.840,9.59308,9.5946,1.00,1.00
2017.04.06 15:56:51.339,9.59293,9.59454,1.00,1.00
2017.04.06 15:56:51.693,9.59293,9.59452,1.00,1.00
2017.04.06 15:56:52.405,9.59293,9.59454,1.00,1.00
2017.04.06 15:56:52.709,9.59293,9.59451,1.00,1.00
2017.04.06 15:56:53.817,9.59293,9.59454,1.00,1.00
2017.04.06 15:56:53.918,9.59293,9.5945,1.00,1.00
2017.04.06 15:56:54.020,9.59293,9.59454,1.00,1.00
2017.04.06 15:56:54.433,9.59293,9.59451,1.00,1.00
2017.04.06 15:56:54.743,9.59293,9.59454,1.00,1.00
2017.04.06 15:56:55.025,9.59293,9.59444,1.00,1.00
2017.04.06 15:56:55.318,9.59293,9.59452,1.00,1.00
2017.04.06 15:56:55.421,9.59293,9.59444,1.00,1.00
2017.04.06 15:56:55.727,9.59293,9.59453,1.00,1.00
2017.04.06 15:56:56.236,9.59293,9.59454,1.00,1.00
2017.04.06 15:56:56.662,9.59296,9.59448,1.00,1.00
2017.04.06 15:57:00.138,9.59297,9.59449,1.00,1.00
2017.04.06 15:57:11.709,9.59295,9.59449,1.00,1.00
2017.04.06 15:57:30.188,9.59292,9.59444,1.00,1.00
2017.04.06 15:57:39.931,9.59292,9.59441,1.00,1.00
2017.04.06 15:57:40.437,9.59292,9.59444,1.00,1.00
2017.04.06 15:57:41.077,9.59285,9.59437,1.00,1.00
2017.04.06 15:57:45.217,9.59291,9.59443,1.00,1.00
2017.04.06 15:57:56.774,9.59293,9.59445,1.00,1.00
2017.04.06 15:58:07.129,9.593,9.59445,1.00,1.00
2017.04.06 15:58:07.180,9.59293,9.59445,1.00,1.00
2017.04.06 15:58:07.840,9.59303,9.59455,1.00,1.00
2017.04.06 15:58:08.145,9.5931,9.59455,1.00,1.00
2017.04.06 15:58:08.297,9.59303,9.59455,1.00,1.00
2017.04.06 15:58:08.499,9.5931,9.59455,1.00,1.00
2017.04.06 15:58:08.803,9.59319,9.59455,1.00,1.00
2017.04.06 15:58:08.854,9.5932,9.59468,1.00,1.00
2017.04.06 15:58:09.058,9.5931,9.59468,1.00,1.00
2017.04.06 15:58:09.312,9.5933,9.59468,1.00,1.00
2017.04.06 15:58:09.626,9.59319,9.59468,1.00,1.00
2017.04.06 15:58:10.233,9.59333,9.59485,1.00,1.00
2017.04.06 15:58:10.335,9.59335,9.59487,1.00,1.00
2017.04.06 15:58:10.638,9.5935,9.59502,1.00,1.00
2017.04.06 15:58:11.618,9.59352,9.59504,1.00,1.00
2017.04.06 15:58:11.948,9.59358,9.5951,1.00,1.00
2017.04.06 15:58:13.050,9.5936,9.595,1.00,1.00
2017.04.06 15:58:13.101,9.59349,9.595,1.00,1.00
2017.04.06 15:58:13.606,9.5935,9.595,1.00,1.00
2017.04.06 15:58:15.126,9.59351,9.59503,1.00,1.00
2017.04.06 15:58:15.650,9.5935,9.59502,1.50,1.00
2017.04.06 15:58:16.237,9.59361,9.59513,1.00,1.00
2017.04.06 15:58:16.541,9.5935,9.59502,1.00,1.00
2017.04.06 15:58:26.861,9.59362,9.59514,1.00,1.00
2017.04.06 15:58:27.114,9.59343,9.59505,1.00,1.00
2017.04.06 15:58:27.266,9.59349,9.59505,1.00,1.00
2017.04.06 15:58:27.368,9.5935,9.59508,1.00,1.00
2017.04.06 15:58:27.827,9.59357,9.59509,1.00,1.00
2017.04.06 15:58:28.131,9.59375,9.59527,1.00,1.00
2017.04.06 15:58:28.547,9.59379,9.59531,1.00,1.00
2017.04.06 15:58:29.064,9.59365,9.59517,1.00,1.00
2017.04.06 15:58:29.413,9.5938,9.59532,1.00,1.00
2017.04.06 15:58:29.817,9.59381,9.59535,1.00,1.00
2017.04.06 15:58:29.928,9.5937,9.59517,1.00,1.00
2017.04.06 15:58:30.030,9.59383,9.59535,1.00,1.00
2017.04.06 15:58:30.131,9.5937,9.59519,1.00,1.00
2017.04.06 15:58:30.536,9.5938,9.59519,1.00,1.00
2017.04.06 15:58:30.587,9.59383,9.59535,1.00,1.00
2017.04.06 15:58:30.983,9.59404,9.59556,1.00,1.00
2017.04.06 15:58:31.287,9.59391,9.59543,1.00,1.00
2017.04.06 15:58:31.590,9.5938,9.59532,1.00,1.00
2017.04.06 15:58:40.343,9.59391,9.59543,1.00,1.00
2017.04.06 15:58:41.852,9.5939,9.59542,1.00,1.00
2017.04.06 15:58:45.347,9.59393,9.59545,1.00,1.00
2017.04.06 15:58:47.708,9.59383,9.59535,1.00,1.00
2017.04.06 15:58:56.879,9.59381,9.59533,1.00,1.00
2017.04.06 15:59:00.391,9.59384,9.59536,1.00,1.00
2017.04.06 15:59:03.240,9.59386,9.59549,1.00,1.00
2017.04.06 15:59:07.529,9.59373,9.59538,1.00,1.00
2017.04.06 15:59:07.732,9.59373,9.59534,1.00,1.00
2017.04.06 15:59:08.086,9.59363,9.59515,1.00,1.00
2017.04.06 15:59:10.860,9.59355,9.59508,1.00,1.00
2017.04.06 15:59:11.089,9.59366,9.59511,1.00,1.00
2017.04.06 15:59:11.241,9.59366,9.59518,1.00,1.00
2017.04.06 15:59:11.909,9.5936,9.59512,1.00,1.00
2017.04.06 15:59:12.619,9.59372,9.59524,1.00,1.50
2017.04.06 15:59:12.923,9.59362,9.59514,1.00,1.00
2017.04.06 15:59:13.869,9.5936,9.59514,1.00,1.00
2017.04.06 15:59:15.427,9.59359,9.59511,1.00,1.00
2017.04.06 15:59:23.623,9.59374,9.59526,1.00,1.00
2017.04.06 15:59:24.365,9.59372,9.59526,1.00,1.00
2017.04.06 15:59:24.416,9.59374,9.59526,1.00,1.00
2017.04.06 15:59:24.922,9.59376,9.59528,1.00,1.00
2017.04.06 15:59:25.225,9.59362,9.59512,1.37,1.00
2017.04.06 15:59:25.377,9.59376,9.59528,1.00,1.00
2017.04.06 15:59:26.381,9.59377,9.59529,1.00,1.00
2017.04.06 15:59:26.979,9.59366,9.5952,1.00,1.00
2017.04.06 15:59:28.602,9.59379,9.59531,1.00,1.00
2017.04.06 15:59:29.157,9.59368,9.5952,1.00,1.00
2017.04.06 15:59:30.142,9.59366,9.59518,1.00,1.00
2017.04.06 15:59:31.191,9.59363,9.59515,1.00,1.00
2017.04.06 15:59:37.078,9.59374,9.59526,1.00,1.00
2017.04.06 15:59:37.618,9.59363,9.59515,1.00,1.00
2017.04.06 15:59:38.578,9.59358,9.5951,1.00,1.00
2017.04.06 15:59:41.969,9.59356,9.59508,1.00,1.00
2017.04.06 15:59:45.378,9.5935,9.59508,1.50,1.00
2017.04.06 15:59:45.687,9.59366,9.5952,1.00,1.00
2017.04.06 15:59:46.111,9.59368,9.5952,1.00,1.00
2017.04.06 15:59:46.415,9.59366,9.5952,1.00,1.00
2017.04.06 15:59:46.465,9.59377,9.59529,1.00,1.00
2017.04.06 15:59:54.495,9.59379,9.59547,1.00,1.00
2017.04.06 15:59:54.748,9.59392,9.59547,1.00,1.00
2017.04.06 15:59:55.091,9.59423,9.59575,1.00,1.00
2017.04.06 15:59:55.606,9.59438,9.5959,1.00,1.00
2017.04.06 15:59:55.911,9.59442,9.59594,1.00,1.00
2017.04.06 15:59:56.787,9.59445,9.59594,1.00,1.00
2017.04.06 15:59:56.838,9.5945,9.59602,1.00,1.00
2017.04.06 15:59:57.091,9.59448,9.596,1.00,1.00
2017.04.06 15:59:58.304,9.59437,9.59589,1.00,1.00
2017.04.06 15:59:59.317,9.59449,9.59601,1.00,1.00
2017.04.06 15:59:59.420,9.59458,9.59612,1.00,1.00
2017.04.06 15:59:59.521,9.59449,9.59601,1.00,1.00
