2013.03.29 11:00:18.735,8.35225,8.35627,1.88,2.78
2013.03.29 11:00:19.286,8.35228,8.35632,2.03,1.95
2013.03.29 11:00:20.836,8.35231,8.35636,2.63,2.48
2013.03.29 11:00:36.246,8.35237,8.35613,1.50,1.50
2013.03.29 11:00:37.956,8.35245,8.35613,1.50,1.50
2013.03.29 11:00:38.776,8.35398,8.35613,2.03,2.25
2013.03.29 11:00:39.076,8.35233,8.35613,1.13,1.50
2013.03.29 11:00:39.136,8.35223,8.35613,2.10,1.50
2013.03.29 11:00:39.196,8.35403,8.35613,1.95,1.50
2013.03.29 11:00:39.316,8.35403,8.35739,1.95,1.03
2013.03.29 11:00:39.617,8.35403,8.35879,1.95,1.50
2013.03.29 11:00:39.676,8.35403,8.35879,1.95,1.50
2013.03.29 11:00:39.796,8.35403,8.35889,1.95,2.03
2013.03.29 11:00:39.916,8.35403,8.35879,1.95,1.50
2013.03.29 11:00:40.539,8.35465,8.3588,1.73,1.50
2013.03.29 11:00:40.845,8.35476,8.35868,1.50,1.50
2013.03.29 11:00:41.036,8.35476,8.35876,1.50,2.25
2013.03.29 11:00:42.356,8.35483,8.35883,2.78,1.50
2013.03.29 11:00:42.547,8.35487,8.35883,2.48,1.50
2013.03.29 11:00:43.866,8.35499,8.35892,2.10,1.50
2013.03.29 11:00:46.269,8.35503,8.35897,1.95,1.50
2013.03.29 11:00:46.575,8.3551,8.35902,2.85,1.50
2013.03.29 11:00:46.635,8.3551,8.35904,2.85,1.50
2013.03.29 11:00:48.375,8.35514,8.35908,2.48,1.50
2013.03.29 11:00:48.676,8.35519,8.35912,2.93,1.50
2013.03.29 11:00:50.225,8.35524,8.35917,2.85,1.50
2013.03.29 11:00:50.596,8.35529,8.35921,2.25,1.50
2013.03.29 11:00:50.655,8.35529,8.35923,2.25,1.50
2013.03.29 11:00:52.255,8.35533,8.35937,2.70,2.10
2013.03.29 11:00:52.645,8.35537,8.35942,1.65,2.63
2013.03.29 11:00:54.866,8.35545,8.35933,1.95,1.50
2013.03.29 11:00:56.307,8.3555,8.35933,2.85,1.50
2013.03.29 11:01:02.996,8.35556,8.35933,2.78,1.50
2013.03.29 11:01:03.356,8.35561,8.35933,2.25,1.50
2013.03.29 11:01:04.235,8.35565,8.35933,2.18,1.50
2013.03.29 11:01:05.016,8.35571,8.35933,2.93,1.50
2013.03.29 11:01:10.706,8.35677,8.35923,2.70,2.33
2013.03.29 11:01:22.095,8.35555,8.35933,2.78,1.50
2013.03.29 11:01:22.156,8.35559,8.35933,1.50,1.50
2013.03.29 11:01:22.486,8.35563,8.35933,2.40,1.50
2013.03.29 11:01:24.356,8.35588,8.35933,2.03,1.50
2013.03.29 11:01:26.595,8.35588,8.35983,2.03,2.25
2013.03.29 11:01:26.916,8.35593,8.35983,2.55,1.50
2013.03.29 11:01:27.320,8.35597,8.35983,1.95,1.50
2013.03.29 11:01:31.106,8.35602,8.35983,2.70,1.50
2013.03.29 11:01:32.447,8.35606,8.35983,2.55,1.50
2013.03.29 11:01:40.839,8.3556,8.35962,2.48,2.33
2013.03.29 11:01:42.837,8.35563,8.35967,2.10,2.93
2013.03.29 11:01:48.046,8.35567,8.35971,2.55,1.88
2013.03.29 11:01:48.457,8.35571,8.35975,2.33,2.70
2013.03.29 11:01:50.257,8.35576,8.35978,1.65,2.63
2013.03.29 11:01:51.216,8.3558,8.35982,2.70,1.50
2013.03.29 11:01:52.527,8.35583,8.35983,2.10,2.25
2013.03.29 11:01:52.656,8.35586,8.35983,2.70,2.25
2013.03.29 11:01:54.236,8.35585,8.35983,2.25,2.25
2013.03.29 11:02:08.946,8.35595,8.35983,1.50,2.25
2013.03.29 11:02:10.738,8.35748,8.35979,1.95,1.50
2013.03.29 11:02:15.187,8.35577,8.35983,2.25,2.25
2013.03.29 11:02:16.978,8.35597,8.35983,2.25,2.25
2013.03.29 11:02:25.436,8.35597,8.35983,2.25,2.25
2013.03.29 11:02:25.948,8.35597,8.35983,2.25,2.25
2013.03.29 11:02:26.996,8.35597,8.35983,2.25,2.25
2013.03.29 11:02:31.936,8.35598,8.35983,1.50,2.25
2013.03.29 11:02:35.956,8.35598,8.35983,1.50,2.25
2013.03.29 11:02:36.518,8.35598,8.35983,1.50,2.25
2013.03.29 11:02:46.836,8.35599,8.35983,1.50,2.25
2013.03.29 11:02:47.446,8.35601,8.35983,1.50,2.25
2013.03.29 11:02:48.995,8.35601,8.35983,1.50,2.25
2013.03.29 11:02:51.856,8.35601,8.35983,1.50,2.25
2013.03.29 11:02:53.836,8.35602,8.35983,1.50,1.50
2013.03.29 11:02:54.935,8.35603,8.35983,1.50,1.50
2013.03.29 11:02:58.920,8.35605,8.35983,1.50,1.50
2013.03.29 11:03:02.888,8.35605,8.35983,1.73,1.50
2013.03.29 11:03:03.957,8.35608,8.35983,1.73,1.50
2013.03.29 11:03:04.946,8.35608,8.35983,1.65,1.50
2013.03.29 11:03:15.527,8.35608,8.36003,1.65,2.03
2013.03.29 11:03:18.878,8.35618,8.36005,1.65,2.70
2013.03.29 11:03:19.018,8.35628,8.36007,1.65,1.58
2013.03.29 11:03:19.906,8.35638,8.36007,2.01,1.58
2013.03.29 11:03:20.895,8.35648,8.36007,1.58,1.58
2013.03.29 11:03:34.666,8.35647,8.36007,3.23,1.58
2013.03.29 11:03:34.847,8.35647,8.36011,2.48,2.25
2013.03.29 11:03:34.906,8.35673,8.36011,1.13,2.40
2013.03.29 11:03:35.965,8.3571,8.36014,1.28,3.00
2013.03.29 11:03:36.956,8.3571,8.36014,1.28,3.00
2013.03.29 11:03:37.067,8.3571,8.36014,1.28,3.00
2013.03.29 11:03:37.428,8.3571,8.36017,1.28,1.13
2013.03.29 11:03:38.936,8.3571,8.36017,1.28,1.13
2013.03.29 11:03:46.896,8.35727,8.36025,1.50,2.85
2013.03.29 11:03:47.017,8.35727,8.36025,1.88,2.85
2013.03.29 11:03:47.078,8.35801,8.36121,3.08,1.27
2013.03.29 11:03:47.208,8.35801,8.36297,3.08,1.54
2013.03.29 11:03:47.277,8.35801,8.36297,2.70,1.50
2013.03.29 11:03:47.457,8.35811,8.36299,1.50,2.55
2013.03.29 11:03:48.090,8.35834,8.36289,1.95,1.95
2013.03.29 11:03:48.816,8.35837,8.3628,2.63,2.10
2013.03.29 11:03:50.907,8.3584,8.3628,1.58,2.18
2013.03.29 11:03:51.266,8.35845,8.36279,1.50,1.50
2013.03.29 11:03:51.708,8.3587,8.3628,2.25,2.78
2013.03.29 11:03:52.589,8.35881,8.36285,2.93,2.10
2013.03.29 11:03:52.916,8.35888,8.36292,2.70,2.63
2013.03.29 11:03:54.557,8.35893,8.36297,1.50,2.03
2013.03.29 11:03:55.036,8.35898,8.36302,2.70,2.18
2013.03.29 11:03:56.086,8.35904,8.36306,2.48,1.58
2013.03.29 11:04:06.887,8.35908,8.36312,1.95,2.33
2013.03.29 11:04:07.007,8.35913,8.36317,1.50,2.10
2013.03.29 11:04:07.546,8.35918,8.36322,2.48,2.63
2013.03.29 11:04:12.026,8.35915,8.36319,2.55,1.73
2013.03.29 11:04:12.837,8.35918,8.3632,2.48,2.03
2013.03.29 11:04:13.266,8.35922,8.36326,2.10,2.40
2013.03.29 11:04:14.357,8.35929,8.36331,1.50,2.55
2013.03.29 11:04:15.236,8.35932,8.36332,2.70,2.25
2013.03.29 11:04:15.786,8.35937,8.36332,1.95,2.25
2013.03.29 11:04:19.966,8.35942,8.36332,1.95,1.50
2013.03.29 11:04:20.325,8.35947,8.36332,2.10,1.50
2013.03.29 11:04:22.716,8.35947,8.36349,2.10,2.63
2013.03.29 11:04:22.846,8.3595,8.36354,1.95,2.03
2013.03.29 11:04:25.446,8.35956,8.36358,2.40,2.55
2013.03.29 11:04:26.797,8.35937,8.36339,2.40,2.18
2013.03.29 11:04:36.816,8.35943,8.36345,1.65,2.78
2013.03.29 11:04:41.976,8.35947,8.36349,1.65,2.10
2013.03.29 11:04:52.716,8.3595,8.36354,1.50,2.10
2013.03.29 11:04:58.006,8.35953,8.36355,2.18,1.65
2013.03.29 11:04:58.326,8.35957,8.36359,2.40,1.95
2013.03.29 11:04:59.406,8.3597,8.36374,1.80,1.58
2013.03.29 11:04:59.726,8.35968,8.3637,2.55,2.85
2013.03.29 11:05:00.936,8.35959,8.36363,2.63,2.40
2013.03.29 11:05:08.746,8.35965,8.36369,1.58,1.73
2013.03.29 11:05:09.836,8.35968,8.36359,1.50,1.35
2013.03.29 11:05:10.138,8.35941,8.36253,1.50,1.13
2013.03.29 11:05:10.888,8.36027,8.36253,2.63,1.13
2013.03.29 11:05:13.858,8.36058,8.36142,2.48,2.03
2013.03.29 11:05:24.089,8.36037,8.36153,2.48,1.65
2013.03.29 11:05:24.338,8.35977,8.36153,1.80,2.70
2013.03.29 11:05:24.467,8.35771,8.36167,1.13,2.78
2013.03.29 11:05:24.707,8.35748,8.3617,1.50,2.78
2013.03.29 11:05:35.752,8.35918,8.36152,2.78,2.85
2013.03.29 11:05:59.557,8.35803,8.36183,2.33,1.50
2013.03.29 11:06:09.067,8.3582,8.36183,2.03,1.50
2013.03.29 11:06:09.307,8.35807,8.36183,2.10,1.50
2013.03.29 11:06:09.366,8.35807,8.36202,2.10,1.50
2013.03.29 11:06:09.426,8.35807,8.36152,2.10,2.25
2013.03.29 11:06:09.546,8.35807,8.36152,2.10,1.50
2013.03.29 11:06:09.607,8.35784,8.36152,2.55,1.50
2013.03.29 11:06:10.517,8.35778,8.36132,1.95,1.50
2013.03.29 11:06:10.887,8.35774,8.36132,2.55,1.50
2013.03.29 11:06:11.737,8.3577,8.36132,1.95,1.50
2013.03.29 11:06:12.108,8.35765,8.36132,2.55,1.50
2013.03.29 11:06:12.297,8.35762,8.36132,2.70,1.50
2013.03.29 11:06:25.517,8.35758,8.36132,2.63,1.50
2013.03.29 11:06:26.057,8.35754,8.36132,2.85,1.50
2013.03.29 11:06:26.487,8.35751,8.36132,1.73,1.50
2013.03.29 11:06:26.786,8.35748,8.36132,2.10,1.50
2013.03.29 11:06:27.376,8.35744,8.36132,1.65,1.50
2013.03.29 11:06:27.816,8.35739,8.36132,2.48,1.50
2013.03.29 11:06:28.776,8.35736,8.36132,2.70,2.25
2013.03.29 11:06:29.016,8.35732,8.36136,2.10,2.63
2013.03.29 11:06:31.356,8.35729,8.36134,1.50,2.10
2013.03.29 11:06:31.536,8.35729,8.36131,2.63,1.80
2013.03.29 11:06:33.296,8.35727,8.3613,2.18,2.85
2013.03.29 11:06:33.536,8.35725,8.36129,1.73,2.63
2013.03.29 11:06:34.917,8.35725,8.36102,1.73,1.50
2013.03.29 11:06:35.036,8.35722,8.36102,1.65,1.50
2013.03.29 11:06:38.054,8.3569,8.36093,2.03,2.70
2013.03.29 11:06:42.267,8.35714,8.36118,1.88,2.03
2013.03.29 11:07:33.247,8.35714,8.36103,1.88,1.50
2013.03.29 11:07:34.426,8.35718,8.36103,2.33,1.50
2013.03.29 11:07:40.601,8.35671,8.36073,2.25,2.93
2013.03.29 11:07:58.676,8.35676,8.36078,1.88,2.25
2013.03.29 11:07:59.236,8.35677,8.36079,1.88,1.50
2013.03.29 11:07:59.476,8.35675,8.36079,2.63,1.80
2013.03.29 11:08:01.366,8.35678,8.3608,2.70,1.50
2013.03.29 11:08:02.377,8.35675,8.36079,2.85,2.40
2013.03.29 11:08:03.355,8.35678,8.36082,2.48,2.33
2013.03.29 11:08:03.597,8.35674,8.36079,1.88,2.70
2013.03.29 11:08:05.345,8.35679,8.36081,2.40,1.50
2013.03.29 11:08:05.526,8.35675,8.36078,2.63,2.25
2013.03.29 11:08:11.256,8.35679,8.36082,2.48,1.50
2013.03.29 11:08:11.616,8.35674,8.36079,2.10,2.70
2013.03.29 11:08:12.916,8.35679,8.36082,2.78,2.85
2013.03.29 11:08:13.117,8.35674,8.36079,1.88,2.78
2013.03.29 11:08:34.307,8.35679,8.36082,2.85,1.50
2013.03.29 11:08:35.316,8.35674,8.36079,2.10,1.88
2013.03.29 11:08:37.306,8.35678,8.36083,2.63,1.50
2013.03.29 11:08:37.656,8.35674,8.36079,1.65,1.73
2013.03.29 11:08:38.836,8.35679,8.36082,1.80,1.65
2013.03.29 11:08:41.007,8.35675,8.36078,2.93,2.48
2013.03.29 11:09:10.526,8.35649,8.36053,2.85,2.78
2013.03.29 11:09:11.176,8.3564,8.36045,1.80,2.10
2013.03.29 11:09:12.166,8.35675,8.36077,1.58,2.70
2013.03.29 11:09:13.708,8.35632,8.36022,1.88,1.50
2013.03.29 11:09:14.954,8.3551,8.35932,2.40,2.40
2013.03.29 11:09:21.167,8.35569,8.36056,2.78,2.25
2013.03.29 11:09:21.287,8.35569,8.36059,2.78,1.50
2013.03.29 11:09:21.347,8.35569,8.3607,2.78,1.50
2013.03.29 11:09:22.289,8.35569,8.3605,2.78,1.50
2013.03.29 11:09:23.377,8.35569,8.35982,2.78,1.50
2013.03.29 11:09:24.197,8.35556,8.3596,1.80,2.78
2013.03.29 11:09:25.706,8.35563,8.36049,2.70,1.50
2013.03.29 11:09:25.766,8.35572,8.36055,1.50,1.50
2013.03.29 11:09:25.886,8.35563,8.36049,2.70,1.50
2013.03.29 11:09:28.607,8.35563,8.3602,2.70,1.50
2013.03.29 11:09:28.916,8.35528,8.3593,2.40,1.50
2013.03.29 11:09:36.188,8.35574,8.35953,1.73,1.50
2013.03.29 11:09:36.257,8.35574,8.36029,1.73,2.25
2013.03.29 11:09:36.378,8.35574,8.36037,1.73,1.50
2013.03.29 11:09:36.447,8.35574,8.36049,1.73,1.50
2013.03.29 11:09:37.441,8.35574,8.36049,1.73,1.50
2013.03.29 11:09:39.919,8.3562,8.3605,1.95,1.50
2013.03.29 11:09:46.810,8.3562,8.36041,1.95,1.50
2013.03.29 11:09:47.117,8.35579,8.35953,2.78,1.50
2013.03.29 11:09:48.557,8.35623,8.35953,1.73,1.50
2013.03.29 11:09:48.676,8.35623,8.3605,1.73,1.50
2013.03.29 11:09:49.747,8.35623,8.3605,1.73,1.50
2013.03.29 11:09:55.779,8.35628,8.36048,2.93,1.50
2013.03.29 11:09:56.837,8.35631,8.3605,2.63,1.50
2013.03.29 11:10:00.897,8.35635,8.36048,1.50,1.50
2013.03.29 11:10:31.487,8.35638,8.36049,2.85,1.50
2013.03.29 11:10:51.034,8.35638,8.36059,2.85,1.65
2013.03.29 11:11:01.579,8.35638,8.35962,2.85,1.50
2013.03.29 11:11:01.767,8.35587,8.35962,1.73,1.50
2013.03.29 11:11:05.087,8.35632,8.35962,1.88,1.50
2013.03.29 11:11:05.327,8.35632,8.3605,1.88,1.50
2013.03.29 11:11:05.389,8.35632,8.3605,1.88,1.50
2013.03.29 11:11:25.977,8.35632,8.36051,1.88,1.50
2013.03.29 11:11:40.729,8.35586,8.36051,2.63,1.50
2013.03.29 11:12:00.017,8.35585,8.36051,2.10,1.50
2013.03.29 11:13:30.934,8.35586,8.36059,1.73,2.85
2013.03.29 11:13:40.734,8.35632,8.3606,2.48,2.10
2013.03.29 11:13:59.076,8.35635,8.3605,2.70,1.88
2013.03.29 11:14:16.256,8.35637,8.3604,2.18,2.48
2013.03.29 11:14:16.785,8.35644,8.3603,1.73,1.50
2013.03.29 11:14:26.116,8.35644,8.36001,1.73,1.50
2013.03.29 11:14:26.298,8.35587,8.35933,2.55,1.50
2013.03.29 11:14:46.285,8.35612,8.35933,2.10,1.50
2013.03.29 11:14:46.589,8.35707,8.35944,1.88,1.73
2013.03.29 11:14:46.658,8.35707,8.3596,1.50,2.33
2013.03.29 11:14:46.718,8.35614,8.3596,2.25,2.33
2013.03.29 11:14:46.778,8.35595,8.3596,1.50,2.33
2013.03.29 11:14:46.839,8.35587,8.35965,2.03,1.73
2013.03.29 11:14:46.909,8.35597,8.35955,1.50,1.13
2013.03.29 11:14:46.978,8.35587,8.35965,2.03,1.73
2013.03.29 11:14:47.157,8.35591,8.35966,2.18,2.63
2013.03.29 11:14:50.299,8.35474,8.35869,2.63,2.85
2013.03.29 11:14:50.978,8.35621,8.35893,1.50,1.50
2013.03.29 11:14:51.278,8.35621,8.36002,1.50,2.25
2013.03.29 11:14:51.338,8.35621,8.35997,1.50,1.50
2013.03.29 11:14:51.639,8.35473,8.3587,1.95,2.18
2013.03.29 11:14:51.708,8.35482,8.35877,1.73,1.50
2013.03.29 11:14:52.067,8.35491,8.35888,2.93,2.48
2013.03.29 11:14:53.019,8.35521,8.35866,1.50,2.70
2013.03.29 11:14:53.398,8.35507,8.35865,1.80,1.65
2013.03.29 11:14:54.669,8.35517,8.35865,1.50,1.65
2013.03.29 11:14:55.248,8.35508,8.35862,1.50,2.25
2013.03.29 11:14:58.788,8.35629,8.35873,2.55,1.50
2013.03.29 11:15:07.710,8.35504,8.35872,1.50,2.63
2013.03.29 11:15:07.778,8.35494,8.35872,2.63,2.63
2013.03.29 11:15:08.088,8.35503,8.35873,1.88,2.25
2013.03.29 11:15:23.718,8.3553,8.35873,2.33,1.50
2013.03.29 11:15:24.239,8.35538,8.35873,2.85,1.50
2013.03.29 11:15:24.575,8.35548,8.35873,1.50,1.50
2013.03.29 11:15:25.258,8.35538,8.35873,2.85,1.50
2013.03.29 11:15:26.118,8.35545,8.35873,1.73,1.50
2013.03.29 11:15:39.438,8.35508,8.35873,1.50,1.50
2013.03.29 11:15:40.064,8.35514,8.35873,1.50,1.50
2013.03.29 11:15:40.357,8.35515,8.35909,1.50,2.78
2013.03.29 11:15:40.478,8.35515,8.35909,1.50,2.78
2013.03.29 11:15:51.181,8.35515,8.35909,1.50,2.78
2013.03.29 11:15:53.459,8.35515,8.35909,1.50,2.78
2013.03.29 11:15:55.898,8.35517,8.35911,1.50,2.93
2013.03.29 11:15:56.138,8.35522,8.35916,1.50,1.88
2013.03.29 11:15:58.758,8.35522,8.35916,1.50,1.88
2013.03.29 11:16:00.746,8.35517,8.35916,1.50,1.88
2013.03.29 11:16:12.039,8.35522,8.35916,3.00,1.88
2013.03.29 11:16:12.168,8.35609,8.36107,2.25,1.32
2013.03.29 11:16:12.227,8.35609,8.36171,2.25,2.25
2013.03.29 11:16:12.978,8.35642,8.36197,1.50,2.25
2013.03.29 11:16:13.040,8.35644,8.36206,2.25,2.25
2013.03.29 11:16:13.907,8.35655,8.36199,3.00,3.00
2013.03.29 11:16:13.968,8.35655,8.36175,2.25,1.50
2013.03.29 11:16:14.028,8.3562,8.36164,3.00,3.00
2013.03.29 11:16:28.298,8.35678,8.36222,3.00,3.00
2013.03.29 11:16:29.225,8.35656,8.362,3.00,3.00
2013.03.29 11:16:48.908,8.35661,8.36198,1.50,2.25
2013.03.29 11:17:00.358,8.3567,8.36184,2.93,2.25
2013.03.29 11:17:00.418,8.35677,8.36195,1.50,2.25
2013.03.29 11:17:03.260,8.35681,8.36195,2.70,2.25
2013.03.29 11:17:06.986,8.3568,8.36195,2.33,2.25
2013.03.29 11:17:11.918,8.35708,8.36228,1.50,3.00
2013.03.29 11:17:11.977,8.35749,8.36253,3.00,1.17
2013.03.29 11:17:13.101,8.35765,8.36253,2.25,1.17
2013.03.29 11:17:32.553,8.35766,8.36253,3.00,1.17
2013.03.29 11:17:52.879,8.35772,8.36253,2.25,1.17
2013.03.29 11:17:59.470,8.35768,8.36262,1.50,1.56
2013.03.29 11:17:59.597,8.3577,8.36263,1.50,1.09
2013.03.29 11:18:00.627,8.3577,8.36263,1.50,1.09
2013.03.29 11:18:03.848,8.35774,8.36263,1.50,1.09
2013.03.29 11:18:04.277,8.3578,8.36263,2.25,1.09
2013.03.29 11:18:10.868,8.3579,8.36263,1.13,1.09
2013.03.29 11:18:51.470,8.35841,8.36273,1.50,1.23
2013.03.29 11:18:51.789,8.35842,8.36273,1.50,1.23
2013.03.29 11:18:54.048,8.35851,8.36273,2.25,1.23
2013.03.29 11:19:07.859,8.35861,8.36273,1.65,1.01
2013.03.29 11:19:08.281,8.3587,8.36273,2.48,1.14
2013.03.29 11:19:09.188,8.3587,8.3629,2.48,1.71
2013.03.29 11:19:11.048,8.3588,8.36274,1.13,1.07
2013.03.29 11:19:55.748,8.35826,8.36269,2.25,1.56
2013.03.29 11:19:59.768,8.35826,8.36269,2.25,1.55
2013.03.29 11:19:59.890,8.35625,8.36189,2.25,2.25
2013.03.29 11:19:59.959,8.35624,8.36186,2.25,2.25
2013.03.29 11:20:10.938,8.35666,8.3621,3.00,3.00
2013.03.29 11:20:11.005,8.35741,8.36259,2.25,1.17
2013.03.29 11:20:12.400,8.35741,8.36232,2.25,1.50
2013.03.29 11:20:31.910,8.3574,8.36232,1.50,1.50
2013.03.29 11:20:44.308,8.35706,8.36232,2.25,2.25
2013.03.29 11:21:00.284,8.35699,8.36232,2.25,2.37
2013.03.29 11:21:06.038,8.35691,8.36235,3.00,3.12
2013.03.29 11:21:11.917,8.35723,8.36241,2.25,1.62
2013.03.29 11:21:12.720,8.35741,8.36259,2.25,1.29
2013.03.29 11:21:15.969,8.35711,8.36243,3.00,1.02
2013.03.29 11:21:31.459,8.3574,8.36255,2.25,1.29
2013.03.29 11:21:48.238,8.3574,8.36232,3.00,1.50
2013.03.29 11:21:48.361,8.3574,8.36232,1.50,1.50
2013.03.29 11:21:50.069,8.35731,8.36251,2.25,1.02
2013.03.29 11:21:50.199,8.3574,8.36258,2.25,1.29
2013.03.29 11:21:50.968,8.35732,8.36233,2.25,1.62
2013.03.29 11:22:00.128,8.35707,8.36226,2.25,2.25
2013.03.29 11:22:00.189,8.3571,8.36228,2.25,1.50
2013.03.29 11:22:00.308,8.3571,8.36233,2.25,2.37
2013.03.29 11:22:01.745,8.357,8.36233,3.00,2.37
2013.03.29 11:22:02.128,8.357,8.36233,1.50,3.87
2013.03.29 11:22:09.049,8.35671,8.36213,2.25,2.25
2013.03.29 11:22:11.959,8.35695,8.36213,1.50,2.25
2013.03.29 11:22:12.848,8.35756,8.36233,3.00,1.62
2013.03.29 11:22:26.532,8.35771,8.36269,2.25,1.31
2013.03.29 11:22:40.212,8.35771,8.3627,2.25,1.42
2013.03.29 11:22:40.338,8.3577,8.3627,1.50,1.45
2013.03.29 11:22:40.459,8.35748,8.36266,2.25,1.45
2013.03.29 11:22:41.339,8.35732,8.3625,2.25,1.18
2013.03.29 11:22:41.458,8.35721,8.36242,3.00,1.18
2013.03.29 11:22:42.289,8.35721,8.36242,1.50,1.18
2013.03.29 11:22:50.919,8.35724,8.36243,2.25,1.04
2013.03.29 11:22:51.558,8.35734,8.36252,2.25,1.04
2013.03.29 11:23:00.279,8.35691,8.36235,2.25,2.37
2013.03.29 11:23:00.350,8.35547,8.36131,3.00,3.00
2013.03.29 11:23:01.300,8.35622,8.36206,3.00,3.00
2013.03.29 11:23:01.487,8.35458,8.36269,1.50,1.54
2013.03.29 11:23:01.550,8.35646,8.36208,2.25,2.25
2013.03.29 11:23:11.970,8.3569,8.36208,1.50,2.25
2013.03.29 11:23:12.600,8.35737,8.36257,3.00,1.46
2013.03.29 11:23:39.899,8.35736,8.36243,1.50,1.16
2013.03.29 11:23:40.530,8.35712,8.36243,3.00,1.16
2013.03.29 11:23:59.538,8.35657,8.36201,3.00,3.00
2013.03.29 11:23:59.899,8.35625,8.36169,3.00,3.00
2013.03.29 11:24:01.259,8.35634,8.36176,2.25,2.25
2013.03.29 11:24:01.378,8.35646,8.36178,2.25,1.50
2013.03.29 11:24:10.948,8.35723,8.36233,2.25,1.62
2013.03.29 11:24:50.459,8.35733,8.36251,2.25,1.09
2013.03.29 11:24:50.762,8.35757,8.36269,3.00,1.60
2013.03.29 11:24:50.828,8.35741,8.36259,2.25,1.31
2013.03.29 11:24:59.658,8.35692,8.36234,2.25,2.37
2013.03.29 11:24:59.718,8.35716,8.36234,1.50,2.37
2013.03.29 11:24:59.898,8.35694,8.36236,2.25,2.37
2013.03.29 11:25:00.319,8.35685,8.36205,1.50,2.25
2013.03.29 11:25:00.378,8.35661,8.36205,2.25,2.25
2013.03.29 11:25:00.498,8.3564,8.3616,1.50,2.25
2013.03.29 11:25:00.558,8.35616,8.3616,3.00,3.00
2013.03.29 11:25:00.618,8.35598,8.36116,1.50,2.25
2013.03.29 11:25:00.678,8.35574,8.36116,2.25,2.25
2013.03.29 11:25:00.738,8.35631,8.36142,2.25,2.25
2013.03.29 11:25:00.798,8.35631,8.36175,2.25,2.25
2013.03.29 11:25:00.858,8.35624,8.36144,1.50,2.25
2013.03.29 11:25:00.918,8.356,8.36144,3.00,3.00
2013.03.29 11:25:01.728,8.356,8.36133,1.50,2.25
2013.03.29 11:25:02.728,8.35601,8.36145,3.00,3.00
2013.03.29 11:25:03.673,8.35612,8.36145,2.25,1.50
2013.03.29 11:25:10.968,8.35704,8.36243,2.25,1.14
2013.03.29 11:25:11.089,8.35689,8.36243,3.00,1.14
2013.03.29 11:25:32.059,8.35708,8.36243,2.25,1.14
2013.03.29 11:25:33.485,8.35732,8.36243,1.50,1.14
2013.03.29 11:25:33.925,8.35736,8.36254,2.25,1.29
2013.03.29 11:25:54.300,8.35735,8.36253,2.25,1.29
2013.03.29 11:25:59.871,8.35714,8.36243,2.25,1.19
2013.03.29 11:25:59.998,8.35706,8.36243,2.25,1.19
2013.03.29 11:26:00.871,8.35688,8.36232,3.00,3.12
2013.03.29 11:26:03.908,8.35678,8.36222,3.00,3.00
2013.03.29 11:26:04.220,8.35668,8.36212,2.25,2.25
2013.03.29 11:26:04.940,8.35659,8.36203,2.25,2.25
2013.03.29 11:26:05.252,8.35648,8.36192,3.00,3.00
2013.03.29 11:26:10.899,8.3568,8.36222,2.25,2.25
2013.03.29 11:26:11.428,8.35749,8.36233,2.25,1.62
2013.03.29 11:26:24.325,8.35758,8.3627,3.00,1.55
2013.03.29 11:26:45.073,8.35759,8.3627,3.00,1.55
2013.03.29 11:27:00.008,8.35727,8.36247,3.00,1.04
2013.03.29 11:27:00.959,8.35719,8.36243,2.25,1.04
2013.03.29 11:27:11.939,8.35721,8.36243,2.25,1.08
2013.03.29 11:27:12.888,8.35783,8.36269,3.00,1.67
2013.03.29 11:27:24.253,8.35796,8.36269,2.25,1.67
2013.03.29 11:27:46.429,8.35796,8.36269,1.50,1.67
2013.03.29 11:27:59.999,8.35782,8.36269,3.00,1.33
2013.03.29 11:28:00.178,8.35757,8.36269,3.00,1.33
2013.03.29 11:28:00.298,8.35738,8.36256,2.25,1.19
2013.03.29 11:28:01.308,8.35717,8.36252,3.00,1.20
2013.03.29 11:28:01.369,8.35704,8.36246,2.25,2.49
2013.03.29 11:28:11.879,8.35724,8.36243,2.25,1.01
2013.03.29 11:28:12.953,8.35779,8.3627,2.25,1.31
2013.03.29 11:28:53.866,8.35778,8.36269,2.25,1.31
2013.03.29 11:28:59.399,8.35758,8.36269,2.25,1.38
2013.03.29 11:28:59.518,8.35734,8.36254,3.00,1.26
2013.03.29 11:29:00.438,8.35734,8.36243,1.50,1.05
2013.03.29 11:29:00.559,8.35716,8.36243,1.50,1.05
2013.03.29 11:29:10.858,8.35723,8.36243,2.25,1.14
2013.03.29 11:29:11.161,8.35779,8.3627,2.25,1.58
2013.03.29 11:29:31.878,8.35778,8.3627,1.50,1.58
2013.03.29 11:29:34.279,8.35755,8.36269,2.25,1.58
2013.03.29 11:29:59.458,8.35755,8.36242,2.25,1.19
2013.03.29 11:29:59.518,8.3568,8.36222,2.25,2.25
2013.03.29 11:29:59.638,8.35703,8.36242,2.25,1.18
2013.03.29 11:29:59.698,8.35695,8.36237,2.25,2.37
2013.03.29 11:30:00.558,8.35684,8.36226,2.25,2.25
2013.03.29 11:30:01.126,8.35698,8.3624,2.25,2.37
2013.03.29 11:30:11.040,8.35729,8.3624,2.25,2.37
2013.03.29 11:30:11.098,8.35745,8.36243,1.50,1.04
2013.03.29 11:30:11.190,8.35754,8.3627,2.25,1.35
2013.03.29 11:30:52.919,8.35756,8.3627,2.25,1.35
2013.03.29 11:30:59.569,8.35756,8.3627,2.25,1.63
2013.03.29 11:31:00.234,8.3573,8.36203,2.25,2.25
2013.03.29 11:31:00.308,8.35696,8.36238,2.25,2.37
2013.03.29 11:31:00.718,8.35685,8.36227,2.25,2.25
2013.03.29 11:31:00.838,8.35703,8.36242,2.25,1.17
2013.03.29 11:31:01.708,8.35694,8.36236,2.25,2.37
2013.03.29 11:31:10.928,8.35688,8.36232,2.25,2.25
2013.03.29 11:31:11.053,8.35755,8.3627,2.25,1.42
2013.03.29 11:31:18.101,8.35911,8.36469,2.25,1.63
2013.03.29 11:31:23.559,8.3594,8.36458,2.25,1.63
2013.03.29 11:31:23.860,8.35956,8.36474,2.25,1.63
2013.03.29 11:31:36.350,8.35825,8.36385,3.00,1.73
2013.03.29 11:31:56.920,8.35845,8.36361,1.50,1.73
2013.03.29 11:31:59.626,8.35843,8.36361,2.25,1.73
2013.03.29 11:31:59.752,8.35825,8.36343,2.25,1.73
2013.03.29 11:31:59.881,8.35806,8.36324,2.25,1.73
2013.03.29 11:32:00.230,8.35805,8.36315,1.50,1.73
2013.03.29 11:32:00.899,8.35774,8.36273,2.25,1.11
2013.03.29 11:32:00.959,8.35761,8.36273,2.25,1.11
2013.03.29 11:32:11.780,8.35761,8.36279,2.25,1.73
2013.03.29 11:32:11.972,8.35786,8.36304,2.25,1.73
2013.03.29 11:32:12.343,8.35891,8.36274,1.13,1.10
2013.03.29 11:32:22.102,8.35911,8.36252,1.13,1.11
2013.03.29 11:32:22.410,8.3559,8.36032,1.73,1.50
2013.03.29 11:32:23.980,8.3563,8.3607,1.73,2.25
2013.03.29 11:32:24.124,8.35691,8.3607,2.25,2.25
2013.03.29 11:32:24.190,8.35715,8.36262,3.00,1.15
2013.03.29 11:32:25.140,8.35737,8.36275,2.25,1.53
2013.03.29 11:32:25.910,8.35747,8.36262,2.25,1.21
2013.03.29 11:32:32.950,8.35774,8.36252,2.25,1.06
2013.03.29 11:32:34.078,8.35886,8.36252,1.13,1.06
2013.03.29 11:32:57.231,8.35907,8.36253,1.13,1.14
2013.03.29 11:32:59.766,8.35907,8.36252,1.13,1.42
2013.03.29 11:32:59.890,8.35867,8.36252,2.25,1.42
2013.03.29 11:33:00.011,8.35861,8.36252,1.50,1.42
2013.03.29 11:33:11.881,8.35874,8.36262,2.25,1.51
2013.03.29 11:33:11.941,8.35874,8.36438,2.25,2.25
2013.03.29 11:33:12.072,8.35947,8.36489,2.25,1.50
2013.03.29 11:33:12.598,8.3601,8.365,2.25,2.25
2013.03.29 11:33:12.901,8.36057,8.365,1.05,2.25
2013.03.29 11:33:13.261,8.36057,8.36464,1.05,2.25
2013.03.29 11:33:18.041,8.36057,8.36469,1.05,1.50
2013.03.29 11:33:19.062,8.36048,8.36469,1.45,1.50
2013.03.29 11:33:23.931,8.36051,8.36479,1.22,1.50
2013.03.29 11:33:23.992,8.36057,8.3648,1.76,2.25
2013.03.29 11:33:44.870,8.36058,8.3648,2.90,2.10
2013.03.29 11:33:47.730,8.36058,8.36479,2.90,1.80
2013.03.29 11:34:00.000,8.36057,8.36479,1.40,1.95
2013.03.29 11:34:00.239,8.36048,8.36469,1.03,1.50
2013.03.29 11:34:01.151,8.36048,8.36469,1.03,1.50
2013.03.29 11:34:11.910,8.36058,8.36479,1.40,1.50
2013.03.29 11:34:19.801,8.36058,8.36479,1.40,1.95
2013.03.29 11:34:32.672,8.36058,8.36479,1.40,1.88
2013.03.29 11:34:36.220,8.36058,8.3648,1.40,2.48
2013.03.29 11:34:51.730,8.36058,8.36479,1.40,1.73
2013.03.29 11:34:52.999,8.3606,8.36479,2.29,2.40
2013.03.29 11:34:53.619,8.3606,8.3648,2.29,2.25
2013.03.29 11:34:54.450,8.3606,8.36479,2.29,2.63
2013.03.29 11:34:54.959,8.3606,8.3648,2.29,2.78
2013.03.29 11:34:55.697,8.3606,8.36479,2.29,2.33
2013.03.29 11:34:56.360,8.3606,8.3648,2.29,2.55
2013.03.29 11:34:59.210,8.3606,8.36479,2.29,2.55
2013.03.29 11:34:59.518,8.36075,8.36479,2.25,2.55
2013.03.29 11:35:00.139,8.36075,8.3648,2.25,1.50
2013.03.29 11:35:08.211,8.36075,8.36479,2.25,2.48
2013.03.29 11:35:11.940,8.36075,8.3648,2.25,2.18
2013.03.29 11:35:12.000,8.36053,8.3648,3.13,2.18
2013.03.29 11:35:13.088,8.36061,8.36479,1.54,1.73
2013.03.29 11:35:13.730,8.36053,8.3648,3.13,2.10
2013.03.29 11:35:24.180,8.36061,8.36481,1.54,2.55
2013.03.29 11:35:26.499,8.36061,8.36482,1.54,2.63
2013.03.29 11:35:28.660,8.36053,8.36479,3.09,2.93
2013.03.29 11:35:33.000,8.36057,8.36479,2.34,2.48
2013.03.29 11:35:35.971,8.36091,8.36495,2.93,1.88
2013.03.29 11:35:36.333,8.36106,8.36505,1.50,2.25
2013.03.29 11:35:37.311,8.36106,8.3651,1.50,1.95
2013.03.29 11:35:37.620,8.3611,8.36514,2.85,1.73
2013.03.29 11:35:39.150,8.36113,8.36515,2.25,1.50
2013.03.29 11:35:39.491,8.36114,8.36518,2.93,2.03
2013.03.29 11:35:39.731,8.36118,8.36522,2.70,1.80
2013.03.29 11:35:40.931,8.36123,8.36525,2.93,2.70
2013.03.29 11:35:42.198,8.36123,8.36479,1.58,2.33
2013.03.29 11:35:55.691,8.36127,8.36482,1.80,1.58
2013.03.29 11:35:56.191,8.3613,8.36487,1.65,1.65
2013.03.29 11:36:10.971,8.3613,8.36485,1.50,2.78
2013.03.29 11:36:11.270,8.36131,8.36484,1.50,2.93
2013.03.29 11:36:13.140,8.36131,8.36485,1.50,2.70
2013.03.29 11:36:27.930,8.36132,8.36489,2.55,2.63
2013.03.29 11:36:28.370,8.36136,8.36492,2.93,2.10
2013.03.29 11:36:43.791,8.36139,8.36497,2.63,1.50
2013.03.29 11:36:44.331,8.36144,8.36501,2.03,1.95
2013.03.29 11:36:54.820,8.36144,8.36332,2.03,1.08
2013.03.29 11:36:54.941,8.3613,8.36518,1.50,2.63
2013.03.29 11:36:55.001,8.36131,8.36518,1.13,2.63
2013.03.29 11:36:55.506,8.36132,8.36517,1.13,2.18
2013.03.29 11:36:56.211,8.36131,8.36474,1.13,1.95
2013.03.29 11:36:57.129,8.36131,8.36474,1.13,1.95
2013.03.29 11:36:57.251,8.36131,8.36476,1.88,2.40
2013.03.29 11:36:58.201,8.36131,8.36473,1.13,2.18
2013.03.29 11:36:59.211,8.36131,8.36477,1.88,1.50
2013.03.29 11:36:59.611,8.36121,8.36477,1.65,1.50
2013.03.29 11:36:59.730,8.36126,8.36481,2.63,2.93
2013.03.29 11:37:00.970,8.3613,8.36487,1.88,2.93
2013.03.29 11:37:10.961,8.36119,8.36474,1.95,1.88
2013.03.29 11:37:11.305,8.36129,8.36474,1.13,1.88
2013.03.29 11:37:15.731,8.36121,8.36478,1.65,2.85
2013.03.29 11:37:20.740,8.36118,8.36473,2.78,1.73
2013.03.29 11:37:21.730,8.36128,8.36473,1.13,1.73
2013.03.29 11:37:31.791,8.36121,8.36478,2.93,1.80
2013.03.29 11:37:36.690,8.36117,8.36474,1.65,2.55
2013.03.29 11:37:37.636,8.36127,8.36474,1.13,2.55
2013.03.29 11:37:41.302,8.36081,8.3652,1.13,2.63
2013.03.29 11:37:47.721,8.36085,8.36524,1.13,2.40
2013.03.29 11:37:47.840,8.36075,8.36524,1.80,2.40
2013.03.29 11:37:52.741,8.36072,8.3652,1.50,1.80
2013.03.29 11:37:59.674,8.36081,8.3652,1.50,1.80
2013.03.29 11:37:59.741,8.36085,8.36524,1.50,2.33
2013.03.29 11:38:01.279,8.3608,8.36521,1.50,2.25
2013.03.29 11:38:01.530,8.36084,8.36525,1.50,1.88
2013.03.29 11:38:02.802,8.3608,8.36521,1.50,2.70
2013.03.29 11:38:03.140,8.36085,8.36524,1.50,1.73
2013.03.29 11:38:03.521,8.36077,8.36495,2.25,2.78
2013.03.29 11:38:03.641,8.36056,8.36495,1.61,2.78
2013.03.29 11:38:03.700,8.36051,8.3649,1.61,2.40
2013.03.29 11:38:04.561,8.36051,8.3649,1.61,2.40
2013.03.29 11:38:05.646,8.36043,8.3649,1.74,2.40
2013.03.29 11:38:10.991,8.36051,8.36473,1.64,1.50
2013.03.29 11:38:11.820,8.36037,8.36473,1.73,2.25
2013.03.29 11:38:12.291,8.36037,8.36473,1.03,2.25
2013.03.29 11:38:14.410,8.36033,8.36472,1.74,2.48
2013.03.29 11:38:15.021,8.36038,8.36472,1.02,2.48
2013.03.29 11:38:16.121,8.36037,8.36472,1.08,2.48
2013.03.29 11:38:16.692,8.36037,8.36473,1.01,4.35
2013.03.29 11:38:18.340,8.36031,8.3647,3.24,2.03
2013.03.29 11:38:18.581,8.36038,8.36473,1.02,2.25
2013.03.29 11:38:19.571,8.36031,8.3647,3.21,1.65
2013.03.29 11:38:19.751,8.36038,8.36473,1.05,2.25
2013.03.29 11:38:22.290,8.36039,8.36473,1.71,2.25
2013.03.29 11:38:26.151,8.36039,8.36473,1.70,2.25
2013.03.29 11:38:34.682,8.36038,8.36471,1.04,2.40
2013.03.29 11:38:34.872,8.36037,8.36473,1.04,2.25
2013.03.29 11:38:35.881,8.36039,8.36473,1.69,2.25
2013.03.29 11:38:36.382,8.36039,8.36473,1.70,2.25
2013.03.29 11:38:36.451,8.36041,8.36473,1.70,1.50
2013.03.29 11:38:51.671,8.36047,8.36473,1.71,1.50
2013.03.29 11:38:59.991,8.36033,8.36472,1.03,2.33
2013.03.29 11:39:07.671,8.36035,8.36473,1.03,2.25
2013.03.29 11:39:08.556,8.36035,8.36473,1.01,2.25
2013.03.29 11:39:11.952,8.36028,8.36474,1.70,1.50
2013.03.29 11:39:12.020,8.3604,8.36479,1.65,1.80
2013.03.29 11:39:16.201,8.3604,8.36479,1.75,1.80
2013.03.29 11:39:23.810,8.3604,8.36479,1.68,1.80
2013.03.29 11:39:23.870,8.36044,8.36485,1.68,2.78
2013.03.29 11:39:24.310,8.3605,8.36489,1.64,2.55
2013.03.29 11:39:26.190,8.36052,8.36489,1.64,2.55
2013.03.29 11:39:36.170,8.36056,8.36489,1.65,2.55
2013.03.29 11:39:39.620,8.36086,8.3649,2.18,2.78
2013.03.29 11:39:39.860,8.3609,8.36495,2.70,1.58
2013.03.29 11:39:40.260,8.36095,8.36499,2.18,2.93
2013.03.29 11:39:55.770,8.361,8.36504,1.65,2.33
2013.03.29 11:40:00.963,8.36072,8.36475,2.40,2.48
2013.03.29 11:40:02.282,8.36068,8.36472,1.69,1.88
2013.03.29 11:40:03.271,8.36072,8.36474,2.10,1.95
2013.03.29 11:40:04.260,8.36067,8.36471,2.67,2.93
2013.03.29 11:40:05.170,8.36071,8.36475,1.95,1.88
2013.03.29 11:40:06.280,8.36067,8.36471,2.14,2.18
2013.03.29 11:40:07.240,8.36072,8.36474,2.25,2.93
2013.03.29 11:40:08.221,8.36067,8.36471,1.92,2.78
2013.03.29 11:40:09.270,8.36071,8.36475,2.48,2.03
2013.03.29 11:40:10.250,8.36068,8.3647,1.58,2.48
2013.03.29 11:40:11.310,8.36071,8.36475,2.85,1.88
2013.03.29 11:40:11.900,8.36077,8.36479,2.55,2.25
2013.03.29 11:40:13.221,8.36081,8.36485,2.55,2.85
2013.03.29 11:40:27.720,8.36085,8.3649,1.88,2.40
2013.03.29 11:40:28.834,8.36091,8.36493,1.88,1.58
2013.03.29 11:40:43.670,8.36095,8.36499,2.78,2.48
2013.03.29 11:40:44.220,8.361,8.36504,2.40,2.78
2013.03.29 11:40:59.950,8.36105,8.36508,2.55,2.93
2013.03.29 11:41:04.671,8.36083,8.36476,1.50,1.73
2013.03.29 11:41:04.731,8.36073,8.36476,1.95,1.73
2013.03.29 11:41:06.090,8.36068,8.36472,2.14,2.70
2013.03.29 11:41:06.331,8.36071,8.36475,1.65,2.55
2013.03.29 11:41:07.312,8.36067,8.36471,1.92,1.73
2013.03.29 11:41:08.412,8.36072,8.36474,2.25,1.73
2013.03.29 11:41:08.531,8.36067,8.36471,2.14,2.03
2013.03.29 11:41:08.841,8.36072,8.36474,2.40,2.10
2013.03.29 11:41:09.830,8.36067,8.36471,2.67,1.50
2013.03.29 11:41:10.071,8.36072,8.36474,2.03,2.55
2013.03.29 11:41:11.075,8.36067,8.36471,1.62,1.73
2013.03.29 11:41:11.321,8.36071,8.36475,2.03,2.55
2013.03.29 11:41:12.409,8.36067,8.36471,2.22,1.80
2013.03.29 11:41:13.443,8.36072,8.36474,2.63,2.40
2013.03.29 11:41:13.812,8.36068,8.3647,2.82,2.55
2013.03.29 11:41:14.113,8.36072,8.36474,1.50,2.78
2013.03.29 11:41:15.081,8.36077,8.36471,1.13,2.93
2013.03.29 11:41:15.382,8.36072,8.36474,1.65,1.73
2013.03.29 11:41:15.841,8.36077,8.36479,2.70,1.73
2013.03.29 11:41:16.610,8.36082,8.36484,2.85,2.03
2013.03.29 11:41:31.821,8.36085,8.3649,1.65,1.88
2013.03.29 11:41:32.061,8.3609,8.36494,2.55,2.78
2013.03.29 11:41:39.086,8.36056,8.36447,1.65,2.78
2013.03.29 11:41:46.145,8.36056,8.36447,1.65,2.78
2013.03.29 11:41:47.691,8.36056,8.36447,1.65,2.78
2013.03.29 11:41:47.960,8.36058,8.36452,1.54,2.93
2013.03.29 11:41:48.262,8.36063,8.36457,1.54,1.65
2013.03.29 11:41:50.011,8.36063,8.36457,1.54,1.65
2013.03.29 11:41:59.411,8.36057,8.36457,1.58,1.65
2013.03.29 11:41:59.651,8.36038,8.36427,1.02,2.48
2013.03.29 11:42:00.182,8.36035,8.36427,1.70,2.48
2013.03.29 11:42:01.051,8.36031,8.36425,1.70,2.03
2013.03.29 11:42:01.360,8.36037,8.36428,1.03,2.03
2013.03.29 11:42:02.402,8.36037,8.36424,1.03,2.03
2013.03.29 11:42:02.642,8.36037,8.36427,1.06,2.10
2013.03.29 11:42:03.601,8.36031,8.36423,1.71,2.03
2013.03.29 11:42:03.841,8.36037,8.36427,1.01,1.88
2013.03.29 11:42:05.121,8.36037,8.36432,1.79,2.18
2013.03.29 11:42:11.152,8.36032,8.36424,1.75,1.73
2013.03.29 11:42:11.341,8.36037,8.36428,1.02,2.33
2013.03.29 11:42:12.561,8.36037,8.36423,1.04,2.48
2013.03.29 11:42:12.921,8.36034,8.36428,1.75,1.50
2013.03.29 11:42:13.951,8.36038,8.36424,1.05,1.88
2013.03.29 11:42:14.130,8.36038,8.36427,1.05,2.40
2013.03.29 11:42:15.022,8.36038,8.36423,1.05,2.48
2013.03.29 11:42:15.381,8.36035,8.36427,1.75,2.25
2013.03.29 11:42:16.431,8.36038,8.36424,1.01,1.65
2013.03.29 11:42:16.691,8.36034,8.36428,1.71,2.25
2013.03.29 11:42:17.681,8.36038,8.36424,1.07,2.40
2013.03.29 11:42:17.860,8.36038,8.36427,1.02,2.55
2013.03.29 11:42:18.841,8.3603,8.36424,1.74,2.85
2013.03.29 11:42:19.221,8.36035,8.36427,1.71,2.18
2013.03.29 11:42:20.133,8.36039,8.36433,1.71,2.48
2013.03.29 11:42:20.405,8.36045,8.36437,1.68,1.65
2013.03.29 11:42:35.892,8.3605,8.36442,1.60,2.33
2013.03.29 11:42:36.311,8.36053,8.36447,1.65,1.73
2013.03.29 11:42:51.691,8.36054,8.36447,1.62,1.73
2013.03.29 11:42:51.811,8.36058,8.36452,1.62,2.03
2013.03.29 11:42:52.381,8.36064,8.36456,1.54,2.18
2013.03.29 11:42:53.931,8.36064,8.36456,1.54,2.18
2013.03.29 11:42:59.631,8.36054,8.36456,2.99,2.18
2013.03.29 11:42:59.810,8.36034,8.36428,1.73,2.25
2013.03.29 11:43:01.311,8.36031,8.36425,1.75,2.25
2013.03.29 11:43:01.671,8.36035,8.36427,1.74,2.33
2013.03.29 11:43:02.661,8.36037,8.36424,1.02,2.63
2013.03.29 11:43:02.780,8.36037,8.36427,1.02,2.10
2013.03.29 11:43:03.872,8.36031,8.36423,1.72,2.10
2013.03.29 11:43:03.991,8.36034,8.36428,1.72,1.58
2013.03.29 11:43:04.909,8.36034,8.36428,1.74,1.58
2013.03.29 11:43:05.151,8.36037,8.36424,1.08,2.70
2013.03.29 11:43:05.331,8.36037,8.36428,1.08,2.40
2013.03.29 11:43:06.154,8.36038,8.36428,1.04,2.40
2013.03.29 11:43:06.353,8.3603,8.36424,1.75,2.40
2013.03.29 11:43:06.545,8.36034,8.36428,1.75,1.73
2013.03.29 11:43:07.440,8.36038,8.36424,1.04,1.80
2013.03.29 11:43:07.861,8.36035,8.36427,1.74,2.78
2013.03.29 11:43:08.991,8.36037,8.36427,1.02,2.78
2013.03.29 11:43:09.171,8.36038,8.36433,1.67,1.65
2013.03.29 11:43:11.153,8.36037,8.36429,1.01,2.25
2013.03.29 11:43:11.401,8.36039,8.36433,1.72,2.85
2013.03.29 11:43:23.781,8.36044,8.36438,1.66,1.50
2013.03.29 11:43:24.331,8.3605,8.36442,1.59,2.40
2013.03.29 11:43:26.811,8.3605,8.36442,2.37,2.40
2013.03.29 11:43:36.222,8.36057,8.36442,1.64,2.40
2013.03.29 11:43:38.572,8.36057,8.3649,1.64,1.73
2013.03.29 11:43:40.125,8.3606,8.36493,1.54,2.78
2013.03.29 11:43:40.492,8.3606,8.36499,1.54,2.63
2013.03.29 11:43:41.104,8.3606,8.36499,1.54,2.63
2013.03.29 11:43:41.422,8.36212,8.36535,2.18,2.03
2013.03.29 11:43:42.371,8.36212,8.36535,2.03,1.88
2013.03.29 11:43:42.432,8.36232,8.36503,2.03,1.50
2013.03.29 11:43:42.562,8.3609,8.36503,2.25,1.50
2013.03.29 11:43:42.622,8.36074,8.36503,1.50,1.50
2013.03.29 11:43:42.682,8.36056,8.365,1.50,2.48
2013.03.29 11:43:43.920,8.3606,8.365,1.54,2.48
2013.03.29 11:43:55.701,8.36065,8.36503,1.54,2.25
2013.03.29 11:43:56.449,8.36069,8.36503,1.50,2.25
2013.03.29 11:43:57.192,8.36069,8.36503,1.50,2.25
2013.03.29 11:43:57.693,8.3607,8.36503,1.50,2.25
2013.03.29 11:43:58.692,8.36065,8.36503,1.54,2.25
2013.03.29 11:43:59.292,8.36069,8.36503,1.50,2.25
2013.03.29 11:44:00.283,8.36065,8.36503,1.54,2.25
2013.03.29 11:44:00.653,8.36041,8.36479,1.25,1.58
2013.03.29 11:44:01.082,8.36038,8.36477,1.79,1.95
2013.03.29 11:44:02.093,8.36038,8.36473,1.02,2.63
2013.03.29 11:44:03.138,8.36037,8.36473,2.56,2.63
2013.03.29 11:44:04.049,8.36037,8.36472,2.53,2.55
2013.03.29 11:44:04.172,8.36037,8.36474,2.53,2.03
2013.03.29 11:44:05.162,8.36037,8.36472,2.52,1.95
2013.03.29 11:44:06.242,8.36037,8.36472,2.46,1.95
2013.03.29 11:44:06.302,8.36037,8.36475,2.46,1.50
2013.03.29 11:44:07.463,8.36037,8.36471,2.46,1.73
2013.03.29 11:44:08.371,8.36037,8.36474,2.46,2.40
2013.03.29 11:44:09.293,8.36038,8.36474,1.03,2.40
2013.03.29 11:44:09.363,8.36038,8.3647,1.03,2.40
2013.03.29 11:44:10.342,8.36038,8.36475,1.05,1.95
2013.03.29 11:44:11.662,8.36039,8.3648,1.67,2.48
2013.03.29 11:44:12.341,8.36044,8.36485,1.65,2.85
2013.03.29 11:44:26.171,8.36047,8.36485,1.64,2.85
2013.03.29 11:44:27.763,8.3605,8.36489,1.64,1.58
2013.03.29 11:44:28.322,8.36051,8.36493,1.64,2.93
2013.03.29 11:44:29.989,8.36054,8.36493,1.64,2.93
2013.03.29 11:44:43.630,8.36057,8.36493,1.60,2.93
2013.03.29 11:44:43.810,8.36059,8.36498,1.54,2.70
2013.03.29 11:44:44.231,8.36063,8.36504,1.54,2.48
2013.03.29 11:44:45.992,8.36063,8.36504,1.54,2.48
2013.03.29 11:44:51.529,8.3616,8.36504,2.10,2.48
2013.03.29 11:44:51.833,8.36257,8.36545,1.88,2.78
2013.03.29 11:44:51.961,8.36257,8.36572,1.88,1.95
2013.03.29 11:44:52.261,8.36279,8.36616,1.13,2.85
2013.03.29 11:44:53.969,8.3633,8.36616,1.20,2.85
2013.03.29 11:44:54.958,8.3633,8.36616,1.20,2.85
2013.03.29 11:44:55.949,8.3633,8.36616,1.20,2.85
2013.03.29 11:45:01.015,8.36322,8.36628,1.13,1.65
2013.03.29 11:45:04.693,8.36323,8.36628,1.13,1.65
2013.03.29 11:45:09.218,8.36318,8.36632,1.65,3.60
2013.03.29 11:45:16.968,8.36371,8.36642,1.13,2.78
2013.03.29 11:45:21.938,8.36371,8.36637,1.13,1.95
2013.03.29 11:45:27.296,8.36371,8.36637,1.13,1.95
2013.03.29 11:45:31.620,8.36371,8.36637,1.13,1.95
2013.03.29 11:45:31.862,8.36371,8.36642,1.28,1.50
2013.03.29 11:45:31.922,8.36371,8.36643,1.28,2.10
2013.03.29 11:45:31.982,8.36377,8.36683,1.65,1.65
2013.03.29 11:45:32.042,8.36377,8.36688,1.65,1.65
2013.03.29 11:45:32.962,8.36377,8.36692,1.65,1.65
2013.03.29 11:45:33.935,8.36377,8.36692,1.65,1.65
2013.03.29 11:45:47.651,8.36415,8.36678,1.35,1.65
2013.03.29 11:45:48.929,8.36415,8.36683,1.35,1.65
2013.03.29 11:45:53.993,8.36415,8.36682,1.35,1.65
2013.03.29 11:46:03.683,8.36415,8.36682,1.35,1.65
2013.03.29 11:46:04.521,8.36415,8.36683,1.35,1.65
2013.03.29 11:46:04.987,8.36415,8.36683,1.35,1.65
2013.03.29 11:46:11.734,8.36498,8.36688,1.73,1.88
2013.03.29 11:46:12.712,8.36502,8.36722,1.35,1.50
2013.03.29 11:46:12.780,8.36522,8.36742,1.35,2.03
2013.03.29 11:46:12.854,8.36487,8.36827,2.48,1.50
2013.03.29 11:46:13.042,8.36487,8.36879,2.10,1.58
2013.03.29 11:46:16.135,8.36558,8.36879,1.22,1.58
2013.03.29 11:46:19.821,8.36553,8.36879,1.60,1.58
2013.03.29 11:46:20.201,8.36567,8.36879,1.50,1.58
2013.03.29 11:46:21.691,8.36562,8.3688,1.07,1.50
2013.03.29 11:46:22.182,8.36556,8.3688,1.86,1.50
2013.03.29 11:46:24.322,8.36556,8.36879,1.86,2.85
2013.03.29 11:46:24.393,8.3656,8.36879,1.14,2.85
2013.03.29 11:46:24.942,8.36555,8.3688,1.11,2.03
2013.03.29 11:46:25.002,8.36549,8.36879,1.54,2.93
2013.03.29 11:46:26.193,8.36554,8.36879,1.26,2.93
2013.03.29 11:46:27.017,8.36554,8.3688,1.26,2.85
2013.03.29 11:46:27.232,8.3656,8.3688,1.06,2.85
2013.03.29 11:46:27.825,8.3656,8.36879,1.06,1.80
2013.03.29 11:46:29.253,8.36546,8.36879,1.32,1.80
2013.03.29 11:46:30.097,8.36546,8.3688,1.32,2.18
2013.03.29 11:46:30.161,8.36553,8.3688,1.46,2.18
2013.03.29 11:46:31.272,8.36548,8.3688,1.60,1.65
2013.03.29 11:46:31.392,8.36548,8.36884,1.60,2.40
2013.03.29 11:46:31.823,8.36548,8.36888,1.60,2.18
2013.03.29 11:46:31.891,8.36555,8.36888,1.53,2.18
2013.03.29 11:46:33.237,8.3656,8.36888,1.04,2.18
2013.03.29 11:46:33.363,8.3656,8.36892,1.04,2.40
2013.03.29 11:46:33.753,8.36556,8.36892,1.20,2.40
2013.03.29 11:46:33.822,8.36556,8.36897,1.20,2.48
2013.03.29 11:46:35.172,8.3655,8.36897,1.64,2.48
2013.03.29 11:46:35.352,8.36554,8.36899,1.64,2.10
2013.03.29 11:46:35.471,8.36567,8.36899,1.21,2.10
2013.03.29 11:46:35.592,8.36567,8.36903,1.21,2.70
2013.03.29 11:46:35.711,8.36569,8.36903,1.27,2.70
2013.03.29 11:46:35.772,8.36569,8.36906,1.27,1.95
2013.03.29 11:46:36.064,8.36561,8.36906,2.45,1.95
2013.03.29 11:46:37.212,8.36573,8.36906,1.06,1.95
2013.03.29 11:46:37.332,8.36573,8.3691,1.06,1.73
2013.03.29 11:46:38.412,8.36573,8.3691,1.47,1.73
2013.03.29 11:46:38.532,8.36573,8.36916,1.47,2.93
2013.03.29 11:46:38.911,8.36577,8.36916,1.76,2.93
2013.03.29 11:46:39.091,8.36583,8.36928,1.58,2.03
2013.03.29 11:46:40.016,8.36583,8.36928,1.58,2.03
2013.03.29 11:46:46.084,8.36583,8.36729,1.74,1.50
2013.03.29 11:46:46.212,8.36523,8.36712,1.50,2.63
2013.03.29 11:46:46.691,8.36517,8.36799,1.47,1.65
2013.03.29 11:46:46.812,8.36517,8.36812,1.47,2.25
2013.03.29 11:46:46.871,8.36517,8.36903,1.47,1.50
2013.03.29 11:46:46.932,8.36525,8.36903,1.30,1.50
2013.03.29 11:46:47.892,8.3652,8.3687,1.41,1.50
2013.03.29 11:46:48.283,8.36513,8.3687,1.45,1.65
2013.03.29 11:46:49.203,8.3652,8.3687,1.20,1.88
2013.03.29 11:46:50.132,8.3652,8.36869,1.20,2.03
2013.03.29 11:46:50.192,8.36523,8.36869,1.02,2.03
2013.03.29 11:46:50.353,8.3653,8.36885,2.18,2.55
2013.03.29 11:46:51.361,8.36533,8.36888,1.88,2.85
2013.03.29 11:46:51.689,8.36539,8.36897,2.10,2.48
2013.03.29 11:46:54.331,8.36546,8.369,2.10,1.50
2013.03.29 11:46:55.312,8.36547,8.369,1.05,1.50
2013.03.29 11:46:55.671,8.36548,8.36905,2.85,1.88
2013.03.29 11:46:56.762,8.36546,8.36902,1.13,2.85
2013.03.29 11:46:57.063,8.36549,8.36906,2.70,2.18
2013.03.29 11:46:58.413,8.36546,8.36901,1.50,2.55
2013.03.29 11:46:58.692,8.36547,8.36904,2.40,2.33
2013.03.29 11:47:00.382,8.36546,8.36902,1.88,2.85
2013.03.29 11:47:01.372,8.36549,8.36904,1.58,2.18
2013.03.29 11:47:02.313,8.36546,8.36902,2.03,2.48
2013.03.29 11:47:02.762,8.36548,8.36905,2.85,2.55
2013.03.29 11:47:05.787,8.36548,8.36895,2.85,1.35
2013.03.29 11:47:06.092,8.36505,8.36792,2.18,1.88
2013.03.29 11:47:06.273,8.36478,8.36792,1.50,1.88
2013.03.29 11:47:06.522,8.36474,8.36792,1.50,1.88
2013.03.29 11:47:09.981,8.36453,8.36762,1.65,1.13
2013.03.29 11:47:18.183,8.36446,8.36742,1.50,1.13
2013.03.29 11:47:19.114,8.36446,8.36731,1.50,1.13
2013.03.29 11:47:20.982,8.36441,8.36722,1.50,1.73
2013.03.29 11:47:21.916,8.36441,8.36722,1.50,2.48
2013.03.29 11:47:36.603,8.36432,8.36722,1.50,2.63
2013.03.29 11:47:48.134,8.36405,8.36722,1.13,3.53
2013.03.29 11:47:48.322,8.36388,8.36722,4.43,2.78
2013.03.29 11:47:48.393,8.36388,8.36693,4.28,1.43
2013.03.29 11:47:48.522,8.36376,8.36663,1.58,1.80
2013.03.29 11:47:48.582,8.36207,8.36663,1.35,1.80
2013.03.29 11:47:48.642,8.36266,8.36653,1.50,1.13
2013.03.29 11:47:48.702,8.36227,8.36653,1.13,1.13
2013.03.29 11:47:48.761,8.36227,8.36509,1.13,2.25
2013.03.29 11:47:49.231,8.36207,8.36509,1.35,2.25
2013.03.29 11:47:49.522,8.36207,8.36486,1.35,2.25
2013.03.29 11:48:09.851,8.36227,8.36465,1.35,2.25
2013.03.29 11:48:11.341,8.36227,8.36466,1.35,1.50
2013.03.29 11:48:11.582,8.36247,8.36642,2.09,1.50
2013.03.29 11:48:11.642,8.36239,8.36673,1.34,1.50
2013.03.29 11:48:11.781,8.36239,8.36683,1.34,1.80
2013.03.29 11:48:11.852,8.36228,8.36618,1.26,1.95
2013.03.29 11:48:12.224,8.36228,8.36522,1.26,2.25
2013.03.29 11:48:12.625,8.36228,8.36492,1.26,2.25
2013.03.29 11:48:13.332,8.36228,8.36479,1.26,2.25
2013.03.29 11:48:15.551,8.36218,8.36505,1.07,2.25
2013.03.29 11:48:15.613,8.36218,8.36593,1.07,2.25
2013.03.29 11:48:15.681,8.36218,8.36593,1.07,1.50
2013.03.29 11:48:16.795,8.36217,8.36593,1.14,1.50
2013.03.29 11:49:16.152,8.36227,8.36625,1.41,2.48
2013.03.29 11:49:37.019,8.36231,8.36578,1.10,1.88
2013.03.29 11:49:43.147,8.36231,8.36578,1.12,1.88
2013.03.29 11:51:27.119,8.36232,8.36577,1.09,1.95
2013.03.29 11:51:35.149,8.36231,8.36625,1.09,1.80
2013.03.29 11:52:05.962,8.36231,8.36615,1.67,1.50
2013.03.29 11:52:06.422,8.36227,8.36584,1.07,1.50
2013.03.29 11:52:13.415,8.36227,8.36584,1.07,1.50
2013.03.29 11:52:34.441,8.36227,8.36584,1.04,1.50
2013.03.29 11:52:42.060,8.36227,8.36584,1.04,1.50
2013.03.29 11:53:03.013,8.36227,8.36584,1.04,1.50
2013.03.29 11:53:35.200,8.36154,8.36548,1.11,2.25
2013.03.29 11:54:31.207,8.36155,8.36547,1.11,2.93
2013.03.29 11:55:26.138,8.36154,8.36548,1.01,1.58
2013.03.29 11:56:21.313,8.36155,8.36547,1.01,1.95
2013.03.29 11:57:34.445,8.36201,8.36585,1.01,1.50
2013.03.29 11:57:47.940,8.36201,8.36585,1.01,1.50
2013.03.29 11:58:40.169,8.36224,8.36506,1.71,1.50
2013.03.29 11:59:40.451,8.36202,8.36584,1.01,1.50
2013.03.29 11:59:46.511,8.36192,8.36584,2.48,1.50
