2018.02.22 11:00:00.712,9.99921,10.00107,1.00,1.00
2018.02.22 11:00:00.764,9.99921,10.00094,1.50,1.00
2018.02.22 11:00:00.867,9.99891,10.00079,1.00,1.00
2018.02.22 11:00:00.919,9.99878,10.00066,1.00,1.00
2018.02.22 11:00:01.074,9.99892,10.00082,1.00,1.00
2018.02.22 11:00:01.176,9.999,10.00069,1.00,1.00
2018.02.22 11:00:01.496,9.999,10.00057,1.00,1.00
2018.02.22 11:00:01.857,9.99893,10.00057,1.50,1.00
2018.02.22 11:00:02.062,9.99885,10.00057,1.00,1.00
2018.02.22 11:00:03.313,9.99885,10.00075,1.00,1.87
2018.02.22 11:00:03.364,9.99893,10.00069,1.00,1.00
2018.02.22 11:00:03.416,9.99882,10.00066,1.00,1.00
2018.02.22 11:00:03.468,9.99886,10.00075,1.00,1.37
2018.02.22 11:00:03.519,9.99891,10.00066,1.00,1.00
2018.02.22 11:00:03.653,9.99892,10.00075,1.00,1.37
2018.02.22 11:00:03.705,9.99896,10.00069,1.00,1.00
2018.02.22 11:00:04.134,9.99893,10.00069,1.00,1.00
2018.02.22 11:00:04.188,9.9989,10.00075,1.00,1.37
2018.02.22 11:00:04.372,9.99899,10.00069,1.00,1.00
2018.02.22 11:00:05.940,9.99903,10.00079,1.00,1.00
2018.02.22 11:00:07.446,9.99906,10.00079,1.00,1.00
2018.02.22 11:00:08.279,9.9991,10.00086,1.00,1.00
2018.02.22 11:00:08.945,9.99925,10.00103,1.00,1.12
2018.02.22 11:00:08.996,9.99928,10.00103,1.00,1.12
2018.02.22 11:00:09.048,9.99934,10.0011,1.00,1.00
2018.02.22 11:00:09.099,9.99948,10.00124,1.00,1.00
2018.02.22 11:00:09.407,9.99952,10.00124,1.00,1.00
2018.02.22 11:00:09.459,9.9996,10.00135,1.00,1.00
2018.02.22 11:00:09.511,9.99978,10.00146,1.00,1.00
2018.02.22 11:00:09.948,9.99982,10.00158,1.00,1.00
2018.02.22 11:00:10.101,9.99984,10.00158,1.00,1.00
2018.02.22 11:00:10.608,9.99993,10.00169,1.00,1.00
2018.02.22 11:00:11.189,10.00004,10.0018,1.00,1.00
2018.02.22 11:00:11.938,10.00014,10.0019,1.00,1.00
2018.02.22 11:00:14.161,10.00019,10.0019,1.00,1.00
2018.02.22 11:00:18.400,10.00021,10.00197,1.00,1.00
2018.02.22 11:00:22.585,10.00028,10.00197,1.00,1.00
2018.02.22 11:00:22.637,10.00028,10.00202,1.00,1.00
2018.02.22 11:00:22.690,10.00032,10.00208,1.00,1.00
2018.02.22 11:00:33.425,10.00037,10.00213,1.00,1.00
2018.02.22 11:00:41.891,10.00037,10.00211,1.00,1.00
2018.02.22 11:00:42.516,10.00037,10.00213,1.00,1.00
2018.02.22 11:00:42.567,10.00037,10.00208,1.00,1.00
2018.02.22 11:00:42.619,10.00027,10.00203,1.00,1.00
2018.02.22 11:00:43.717,10.00038,10.00214,1.00,1.00
2018.02.22 11:00:48.358,10.00042,10.00214,1.00,1.00
2018.02.22 11:00:48.460,10.00047,10.00223,1.00,1.00
2018.02.22 11:00:50.123,10.00047,10.00221,1.00,1.00
2018.02.22 11:00:52.761,10.00036,10.00211,1.00,1.00
2018.02.22 11:00:53.305,10.00036,10.00212,1.00,1.00
2018.02.22 11:00:53.536,10.00038,10.00213,1.00,1.00
2018.02.22 11:01:00.697,10.00131,10.00212,1.00,1.00
2018.02.22 11:01:00.748,10.00131,10.00286,1.00,1.00
2018.02.22 11:01:00.800,10.00125,10.003,1.67,1.00
2018.02.22 11:01:01.279,10.00137,10.0031,1.00,1.00
2018.02.22 11:01:01.878,10.00137,10.00313,1.00,1.00
2018.02.22 11:01:02.612,10.00137,10.00311,1.67,1.00
2018.02.22 11:01:03.174,10.00137,10.00295,1.67,1.00
2018.02.22 11:01:07.811,10.00128,10.00291,1.67,1.00
2018.02.22 11:01:07.862,10.00117,10.00287,1.67,1.00
2018.02.22 11:01:07.914,10.00108,10.00272,1.00,1.00
2018.02.22 11:01:07.966,10.00086,10.00255,1.67,1.00
2018.02.22 11:01:08.018,10.00064,10.00246,1.67,1.00
2018.02.22 11:01:08.069,10.00056,10.00246,1.37,1.00
2018.02.22 11:01:08.198,10.00053,10.00229,1.00,1.00
2018.02.22 11:01:08.508,10.00013,10.00181,1.00,1.00
2018.02.22 11:01:08.559,10.00013,10.00189,1.00,1.00
2018.02.22 11:01:10.950,10.00111,10.00195,1.00,1.00
2018.02.22 11:01:11.001,10.00111,10.00227,1.00,1.00
2018.02.22 11:01:11.053,10.00135,10.00282,1.00,1.00
2018.02.22 11:01:11.104,10.00134,10.00301,1.50,1.00
2018.02.22 11:01:11.155,10.00135,10.00301,2.17,1.00
2018.02.22 11:01:11.470,10.00123,10.00299,2.17,1.00
2018.02.22 11:01:11.892,10.00123,10.00301,2.17,1.00
2018.02.22 11:01:11.945,10.00107,10.00283,1.67,1.00
2018.02.22 11:01:11.997,10.00097,10.00245,1.67,1.00
2018.02.22 11:01:12.050,10.00056,10.00222,1.12,1.00
2018.02.22 11:01:12.154,10.00056,10.00222,1.80,1.00
2018.02.22 11:01:12.258,10.00041,10.00225,1.00,1.00
2018.02.22 11:01:12.309,10.00041,10.0022,1.00,1.00
2018.02.22 11:01:12.514,10.00042,10.00225,1.00,1.00
2018.02.22 11:01:12.895,10.00055,10.00222,1.00,1.00
2018.02.22 11:01:12.946,10.0006,10.00236,1.00,1.00
2018.02.22 11:01:18.554,10.00062,10.00237,1.00,1.00
2018.02.22 11:01:20.858,10.00062,10.00238,1.00,1.00
2018.02.22 11:01:22.889,10.0007,10.00245,1.00,1.00
2018.02.22 11:01:23.370,10.00071,10.00247,1.00,1.00
2018.02.22 11:01:25.338,10.00074,10.00248,1.00,1.00
2018.02.22 11:01:30.401,10.00082,10.00258,1.00,1.00
2018.02.22 11:01:32.094,10.00073,10.00263,1.00,1.00
2018.02.22 11:01:32.195,10.00064,10.00254,1.00,1.00
2018.02.22 11:01:33.588,10.00064,10.00249,1.00,1.00
2018.02.22 11:01:36.718,10.00072,10.00248,1.00,1.50
2018.02.22 11:01:38.400,10.00071,10.00247,1.00,1.00
2018.02.22 11:01:41.924,10.00071,10.00239,1.00,1.00
2018.02.22 11:01:41.976,10.00058,10.00231,1.00,1.00
2018.02.22 11:01:42.028,10.00055,10.00231,1.00,1.50
2018.02.22 11:01:42.692,10.00055,10.0023,1.00,1.00
2018.02.22 11:01:44.295,10.00048,10.00224,1.00,1.00
2018.02.22 11:01:44.615,10.00048,10.00222,1.00,1.00
2018.02.22 11:01:48.619,10.00044,10.00222,1.00,1.50
2018.02.22 11:01:49.556,10.00038,10.00209,1.00,1.00
2018.02.22 11:01:49.607,10.00026,10.00199,1.00,1.00
2018.02.22 11:01:49.960,10.00035,10.00211,1.00,1.00
2018.02.22 11:01:50.463,10.00035,10.00207,1.00,1.00
2018.02.22 11:01:51.589,10.00024,10.00197,1.00,1.00
2018.02.22 11:01:53.436,10.00019,10.00195,1.00,1.00
2018.02.22 11:01:58.444,10.00019,10.00189,1.00,1.00
2018.02.22 11:01:58.496,10.0001,10.00189,1.00,1.50
2018.02.22 11:02:10.052,10.0001,10.00186,1.00,1.00
2018.02.22 11:02:13.604,10.0001,10.00189,1.00,1.00
2018.02.22 11:02:13.825,10.0001,10.00183,1.00,1.00
2018.02.22 11:02:18.140,10.0001,10.00184,1.00,1.00
2018.02.22 11:02:18.645,10.00006,10.00184,1.00,1.00
2018.02.22 11:02:18.946,10.00006,10.00187,1.00,1.00
2018.02.22 11:02:19.179,10.00006,10.00179,1.00,1.00
2018.02.22 11:02:19.582,10.00006,10.00187,1.00,1.00
2018.02.22 11:02:23.490,10.00009,10.00187,1.00,1.00
2018.02.22 11:02:30.051,10.00009,10.00182,1.00,1.00
2018.02.22 11:02:31.635,10.00009,10.00187,1.00,1.00
2018.02.22 11:02:31.846,10.00009,10.00182,1.00,1.00
2018.02.22 11:02:32.383,10.00009,10.00187,1.00,1.00
2018.02.22 11:02:33.649,10.00009,10.00184,1.00,1.00
2018.02.22 11:02:34.433,10.00008,10.00184,1.00,1.50
2018.02.22 11:02:34.770,10.00008,10.00176,1.00,1.00
2018.02.22 11:02:37.348,10.00008,10.00177,1.00,1.00
2018.02.22 11:02:38.520,10.00002,10.00177,1.00,1.00
2018.02.22 11:02:42.619,10.00002,10.00184,1.00,1.00
2018.02.22 11:02:42.829,10.00002,10.00176,1.00,1.00
2018.02.22 11:02:43.661,10.00002,10.00177,1.00,1.00
2018.02.22 11:02:44.278,10.00002,10.00176,1.00,1.00
2018.02.22 11:02:44.460,9.99977,10.00167,1.50,1.00
2018.02.22 11:02:45.628,9.99985,10.00157,1.00,1.00
2018.02.22 11:02:45.824,9.99985,10.00171,1.00,1.00
2018.02.22 11:02:46.361,9.99985,10.00169,1.00,1.00
2018.02.22 11:02:46.835,9.99985,10.0016,1.00,1.00
2018.02.22 11:02:46.953,9.99985,10.00168,1.00,1.00
2018.02.22 11:02:47.244,9.99985,10.00157,1.00,1.00
2018.02.22 11:02:47.295,9.99985,10.00166,1.00,1.00
2018.02.22 11:02:47.744,9.99985,10.00175,1.50,1.00
2018.02.22 11:02:48.165,9.99985,10.00167,1.00,1.00
2018.02.22 11:02:48.690,9.99991,10.00167,1.00,1.00
2018.02.22 11:02:50.051,9.99991,10.0017,1.00,1.00
2018.02.22 11:02:52.413,9.99992,10.0017,1.00,1.50
2018.02.22 11:02:53.550,9.99991,10.0017,1.00,1.50
2018.02.22 11:02:54.030,9.99985,10.00159,1.00,1.00
2018.02.22 11:02:55.128,9.99985,10.00167,1.00,1.00
2018.02.22 11:02:56.829,9.99985,10.00158,1.00,1.00
2018.02.22 11:02:57.199,9.99985,10.00166,1.00,1.00
2018.02.22 11:02:57.340,9.99976,10.00166,1.00,1.00
2018.02.22 11:02:58.929,9.99991,10.00167,1.00,1.00
2018.02.22 11:02:59.724,9.99991,10.00166,1.00,1.00
2018.02.22 11:03:00.230,9.99991,10.00158,1.00,1.00
2018.02.22 11:03:00.536,9.99991,10.00155,1.00,1.00
2018.02.22 11:03:01.646,9.99973,10.00147,1.00,1.00
2018.02.22 11:03:01.949,9.99958,10.00126,1.00,1.00
2018.02.22 11:03:02.001,9.99948,10.00117,1.00,1.00
2018.02.22 11:03:02.053,9.99948,10.00109,1.00,1.00
2018.02.22 11:03:02.551,9.99948,10.00119,1.00,1.00
2018.02.22 11:03:02.805,9.99948,10.00111,1.00,1.00
2018.02.22 11:03:03.760,9.9994,10.00111,1.00,1.50
2018.02.22 11:03:04.138,9.99935,10.00111,1.00,1.50
2018.02.22 11:03:04.754,9.99935,10.00102,1.00,1.00
2018.02.22 11:03:04.806,9.9993,10.00102,1.00,1.00
2018.02.22 11:03:08.297,9.99925,10.00092,1.00,1.00
2018.02.22 11:03:09.133,9.99909,10.00083,1.00,1.00
2018.02.22 11:03:09.464,9.99909,10.00075,1.00,1.00
2018.02.22 11:03:09.735,9.99888,10.00062,1.00,1.00
2018.02.22 11:03:09.839,9.99888,10.0005,1.00,1.00
2018.02.22 11:03:09.890,9.99882,10.0005,1.00,1.00
2018.02.22 11:03:10.044,9.99882,10.00053,1.00,1.00
2018.02.22 11:03:11.586,9.99877,10.00053,1.00,1.50
2018.02.22 11:03:11.637,9.99877,10.00045,1.00,1.00
2018.02.22 11:03:11.739,9.99872,10.00045,1.00,1.00
2018.02.22 11:03:12.606,9.99867,10.00037,1.00,1.00
2018.02.22 11:03:12.708,9.99838,10.00014,1.00,1.00
2018.02.22 11:03:13.903,9.99838,10.00013,1.00,1.00
2018.02.22 11:03:14.976,9.99828,10.00004,1.00,1.00
2018.02.22 11:03:18.750,9.99831,10.00007,1.00,1.00
2018.02.22 11:03:22.213,9.9982,9.99996,1.00,1.00
2018.02.22 11:03:23.237,9.99816,9.99994,1.00,1.00
2018.02.22 11:03:25.752,9.99816,9.99992,1.00,1.00
2018.02.22 11:03:29.011,9.99816,9.99994,1.00,1.00
2018.02.22 11:03:29.166,9.99816,9.99984,1.00,1.00
2018.02.22 11:03:29.845,9.99816,9.99983,1.00,1.00
2018.02.22 11:03:33.828,9.99812,9.99983,1.00,1.00
2018.02.22 11:03:38.688,9.99806,9.99982,1.00,1.00
2018.02.22 11:03:40.534,9.99806,9.99982,1.37,1.00
2018.02.22 11:03:40.636,9.99806,9.99982,1.00,1.00
2018.02.22 11:03:43.435,9.99799,9.99975,1.00,1.00
2018.02.22 11:03:43.827,9.99789,9.99965,1.00,1.00
2018.02.22 11:03:44.165,9.99789,9.99955,1.00,1.00
2018.02.22 11:03:48.858,9.99787,9.99955,1.00,1.00
2018.02.22 11:03:50.207,9.99782,9.99955,1.00,1.00
2018.02.22 11:03:53.719,9.99788,9.99955,1.00,1.00
2018.02.22 11:03:57.142,9.99803,9.99955,1.37,1.00
2018.02.22 11:03:57.195,9.99788,9.99955,1.00,1.00
2018.02.22 11:04:00.314,9.9979,9.99955,1.00,1.00
2018.02.22 11:04:00.664,9.99788,9.99955,1.00,1.00
2018.02.22 11:04:01.169,9.99785,9.99955,1.00,1.00
2018.02.22 11:04:03.889,9.99783,9.99955,1.00,1.00
2018.02.22 11:04:04.788,9.99803,9.99955,1.37,1.00
2018.02.22 11:04:04.891,9.99786,9.99976,1.50,1.00
2018.02.22 11:04:04.944,9.99786,9.99948,1.00,1.00
2018.02.22 11:04:05.463,9.99787,9.99948,1.00,1.00
2018.02.22 11:04:05.565,9.99784,9.99948,1.00,1.00
2018.02.22 11:04:08.706,9.99782,9.99948,1.00,1.00
2018.02.22 11:04:10.646,9.99785,9.99948,1.00,1.00
2018.02.22 11:04:11.171,9.99786,9.99948,1.00,1.00
2018.02.22 11:04:11.223,9.99782,9.99948,1.00,1.00
2018.02.22 11:04:24.056,9.99782,9.99947,1.00,1.00
2018.02.22 11:04:28.112,9.99766,9.99921,1.67,1.00
2018.02.22 11:04:28.419,9.99766,9.99906,1.67,1.00
2018.02.22 11:04:29.308,9.99766,9.99906,1.00,1.00
2018.02.22 11:04:33.900,9.99763,9.99906,1.00,1.00
2018.02.22 11:04:35.242,9.99763,9.99919,1.00,1.50
2018.02.22 11:04:35.294,9.99748,9.99912,1.00,1.00
2018.02.22 11:04:35.346,9.99741,9.99897,1.00,1.00
2018.02.22 11:04:35.806,9.99741,9.99895,1.00,1.00
2018.02.22 11:04:36.831,9.99741,9.99891,1.00,1.00
2018.02.22 11:04:36.976,9.99728,9.99891,1.00,1.00
2018.02.22 11:04:37.425,9.99718,9.99889,1.00,1.00
2018.02.22 11:04:37.477,9.99718,9.99881,1.00,1.00
2018.02.22 11:04:37.785,9.99728,9.99882,1.00,1.00
2018.02.22 11:04:38.447,9.99728,9.99881,1.00,1.00
2018.02.22 11:04:45.621,9.99738,9.99881,1.00,1.00
2018.02.22 11:04:46.265,9.99737,9.99882,1.00,1.50
2018.02.22 11:04:46.960,9.99736,9.99881,1.00,1.00
2018.02.22 11:04:47.991,9.99728,9.99881,1.00,1.00
2018.02.22 11:04:48.044,9.99726,9.99877,1.00,1.00
2018.02.22 11:04:51.780,9.99726,9.99868,1.00,1.00
2018.02.22 11:04:52.092,9.99726,9.99854,1.00,1.00
2018.02.22 11:05:05.371,9.99715,9.99854,1.00,1.00
2018.02.22 11:05:07.954,9.99716,9.99854,1.00,1.00
2018.02.22 11:05:08.005,9.99729,9.99854,1.37,1.00
2018.02.22 11:05:08.531,9.99729,9.99854,1.00,1.00
2018.02.22 11:05:08.583,9.99719,9.99854,1.00,1.00
2018.02.22 11:05:11.805,9.99726,9.99854,1.00,1.00
2018.02.22 11:05:12.112,9.99719,9.99854,1.00,1.00
2018.02.22 11:05:14.113,9.99726,9.99854,1.00,1.00
2018.02.22 11:05:14.903,9.99716,9.99854,1.00,1.00
2018.02.22 11:05:14.955,9.99718,9.99854,1.00,1.00
2018.02.22 11:05:15.057,9.99716,9.99854,1.00,1.00
2018.02.22 11:05:17.753,9.99706,9.99854,1.00,1.00
2018.02.22 11:05:17.804,9.99728,9.99854,1.50,1.00
2018.02.22 11:05:18.667,9.99706,9.99854,1.00,1.00
2018.02.22 11:05:34.508,9.99728,9.99854,1.00,1.00
2018.02.22 11:05:34.561,9.99706,9.99854,1.00,1.00
2018.02.22 11:05:46.803,9.99716,9.99854,1.00,1.00
2018.02.22 11:05:47.274,9.99706,9.99854,1.00,1.00
2018.02.22 11:05:53.355,9.99706,9.99859,1.00,1.00
2018.02.22 11:06:43.307,9.99706,9.99858,1.00,1.00
2018.02.22 11:06:45.778,9.99706,9.99859,1.00,1.00
2018.02.22 11:06:47.288,9.99701,9.99859,1.00,1.00
2018.02.22 11:06:48.227,9.99706,9.99859,1.00,1.00
2018.02.22 11:07:08.852,9.99694,9.99859,1.00,1.00
2018.02.22 11:07:19.230,9.99693,9.99859,1.00,1.00
2018.02.22 11:07:34.260,9.99694,9.99859,1.00,1.00
2018.02.22 11:07:39.321,9.99694,9.99856,1.00,1.00
2018.02.22 11:07:42.337,9.99694,9.99858,1.00,1.00
2018.02.22 11:07:54.150,9.99696,9.99858,1.00,1.00
2018.02.22 11:07:56.426,9.99696,9.99859,1.00,1.00
2018.02.22 11:07:57.387,9.99698,9.99859,1.00,1.00
2018.02.22 11:07:57.439,9.99696,9.99859,1.00,1.00
2018.02.22 11:08:01.490,9.99705,9.99859,1.00,1.00
2018.02.22 11:08:01.958,9.99695,9.99859,1.00,1.00
2018.02.22 11:08:05.085,9.99698,9.99859,1.00,1.00
2018.02.22 11:08:05.899,9.99698,9.99858,1.00,1.00
2018.02.22 11:08:06.764,9.99695,9.99858,1.00,1.00
2018.02.22 11:08:07.548,9.99695,9.99859,1.00,1.50
2018.02.22 11:08:07.764,9.99698,9.99858,1.00,1.00
2018.02.22 11:08:07.829,9.99695,9.99858,1.00,1.00
2018.02.22 11:08:07.880,9.99705,9.99859,1.00,1.00
2018.02.22 11:08:08.536,9.99705,9.99858,1.00,1.00
2018.02.22 11:08:09.179,9.99696,9.99858,1.00,1.00
2018.02.22 11:08:09.706,9.99698,9.99858,1.00,1.00
2018.02.22 11:08:10.256,9.99698,9.99859,1.00,1.00
2018.02.22 11:08:10.794,9.99698,9.99858,1.00,1.00
2018.02.22 11:08:10.846,9.99696,9.99858,1.00,1.00
2018.02.22 11:08:13.365,9.99695,9.99858,1.00,1.00
2018.02.22 11:08:13.417,9.99695,9.99851,1.00,1.00
2018.02.22 11:08:14.253,9.99695,9.99852,1.00,1.00
2018.02.22 11:08:16.993,9.99695,9.99858,1.00,1.00
2018.02.22 11:08:17.457,9.99695,9.99851,1.00,1.00
2018.02.22 11:08:18.151,9.99695,9.99858,1.00,1.00
2018.02.22 11:08:18.368,9.99695,9.9985,1.00,1.00
2018.02.22 11:08:19.390,9.99696,9.9985,1.00,1.00
2018.02.22 11:08:23.069,9.99696,9.99858,1.00,1.00
2018.02.22 11:08:24.440,9.99696,9.99859,1.00,1.50
2018.02.22 11:08:27.765,9.99696,9.9985,1.00,1.00
2018.02.22 11:08:30.049,9.99696,9.99854,1.00,1.00
2018.02.22 11:08:32.060,9.99697,9.99854,1.00,1.00
2018.02.22 11:08:34.383,9.99695,9.99854,1.50,1.00
2018.02.22 11:08:44.780,9.99701,9.99854,1.00,1.00
2018.02.22 11:08:44.883,9.9971,9.99864,1.00,1.00
2018.02.22 11:08:45.037,9.9971,9.99853,1.00,1.00
2018.02.22 11:08:45.088,9.9971,9.99862,1.00,1.00
2018.02.22 11:08:45.140,9.9971,9.99854,1.00,1.00
2018.02.22 11:08:45.487,9.9971,9.99864,1.00,1.50
2018.02.22 11:08:45.692,9.9971,9.99854,1.00,1.00
2018.02.22 11:08:46.201,9.9971,9.99853,1.00,1.00
2018.02.22 11:08:48.087,9.99781,9.99853,1.00,1.00
2018.02.22 11:08:48.138,9.99781,9.99862,1.00,1.00
2018.02.22 11:08:48.190,9.99805,9.99918,1.00,1.00
2018.02.22 11:08:48.242,9.99792,9.99918,1.00,1.00
2018.02.22 11:08:48.293,9.998,9.99918,1.00,1.00
2018.02.22 11:08:49.011,9.99782,9.99918,1.00,1.00
2018.02.22 11:08:49.063,9.99754,9.99912,1.00,1.00
2018.02.22 11:08:49.223,9.99744,9.99904,1.00,1.00
2018.02.22 11:08:49.376,9.99744,9.99912,1.00,1.00
2018.02.22 11:08:49.697,9.99731,9.99889,1.00,1.00
2018.02.22 11:08:49.748,9.99725,9.99889,1.50,1.00
2018.02.22 11:08:49.850,9.99728,9.99889,1.00,1.00
2018.02.22 11:08:50.187,9.99721,9.99889,1.00,1.00
2018.02.22 11:08:50.239,9.99721,9.99882,1.00,1.00
2018.02.22 11:08:52.621,9.99724,9.99882,1.00,1.00
2018.02.22 11:08:54.838,9.99724,9.99883,1.00,1.00
2018.02.22 11:08:55.209,9.99761,9.99882,1.00,1.00
2018.02.22 11:08:55.313,9.99785,9.99912,1.50,1.00
2018.02.22 11:08:55.816,9.99784,9.99912,2.25,1.00
2018.02.22 11:08:56.312,9.99772,9.99912,1.50,1.00
2018.02.22 11:08:56.365,9.99761,9.99912,1.50,1.00
2018.02.22 11:08:56.673,9.99749,9.99912,1.00,1.37
2018.02.22 11:08:57.175,9.99749,9.99912,1.00,1.37
2018.02.22 11:08:57.336,9.99732,9.99909,1.00,1.37
2018.02.22 11:08:57.388,9.99732,9.99894,1.00,1.00
2018.02.22 11:08:57.440,9.99721,9.99894,1.37,1.00
2018.02.22 11:08:57.492,9.99721,9.99894,1.00,1.00
2018.02.22 11:08:57.543,9.99723,9.99894,1.00,1.00
2018.02.22 11:08:57.976,9.99723,9.99887,1.00,1.00
2018.02.22 11:08:59.526,9.99723,9.9988,1.00,1.00
2018.02.22 11:09:08.957,9.99722,9.99884,1.00,1.00
2018.02.22 11:09:13.792,9.99723,9.99878,1.00,1.00
2018.02.22 11:09:14.381,9.99719,9.99878,1.00,1.37
2018.02.22 11:09:22.080,9.99712,9.99878,1.00,1.37
2018.02.22 11:09:22.417,9.99712,9.99864,1.00,1.00
2018.02.22 11:09:25.211,9.99711,9.99878,1.50,1.37
2018.02.22 11:09:25.262,9.99718,9.99878,1.00,1.37
2018.02.22 11:09:28.482,9.99712,9.99872,1.00,1.00
2018.02.22 11:09:28.623,9.99712,9.99864,1.00,1.00
2018.02.22 11:09:33.565,9.99711,9.99864,1.50,1.00
2018.02.22 11:09:37.034,9.99713,9.99864,1.00,1.00
2018.02.22 11:09:48.010,9.99763,9.99873,1.00,1.00
2018.02.22 11:09:48.104,9.99775,9.99909,1.00,1.00
2018.02.22 11:09:48.156,9.99785,9.99912,2.25,1.00
2018.02.22 11:09:48.862,9.99781,9.99912,1.00,1.50
2018.02.22 11:09:48.913,9.99766,9.99912,1.00,1.50
2018.02.22 11:09:48.965,9.99744,9.99912,1.00,1.50
2018.02.22 11:09:50.134,9.99725,9.99902,1.00,1.00
2018.02.22 11:09:50.186,9.99728,9.99891,1.00,1.00
2018.02.22 11:09:50.500,9.99728,9.99887,1.00,1.00
2018.02.22 11:09:50.853,9.99719,9.99887,1.00,1.00
2018.02.22 11:10:01.245,9.99719,9.99887,1.00,1.37
2018.02.22 11:10:01.551,9.99713,9.99876,1.00,1.00
2018.02.22 11:10:01.870,9.99713,9.99864,1.00,1.00
2018.02.22 11:10:04.560,9.99712,9.99864,1.00,1.00
2018.02.22 11:10:17.258,9.99712,9.99864,1.37,1.00
2018.02.22 11:10:18.297,9.99712,9.99864,1.00,1.00
2018.02.22 11:10:23.082,9.99712,9.99864,1.37,1.00
2018.02.22 11:10:23.774,9.99712,9.99864,1.00,1.00
2018.02.22 11:10:31.535,9.99712,9.99862,1.00,1.00
2018.02.22 11:10:31.884,9.99712,9.99862,1.37,1.00
2018.02.22 11:10:31.936,9.99712,9.99862,1.00,1.00
2018.02.22 11:10:46.437,9.99712,9.99863,1.00,1.00
2018.02.22 11:10:56.122,9.99711,9.99863,1.00,1.00
2018.02.22 11:10:56.179,9.99718,9.99863,1.00,1.00
2018.02.22 11:10:56.730,9.99718,9.99864,1.00,1.12
2018.02.22 11:10:56.914,9.99712,9.99864,1.00,1.12
2018.02.22 11:11:05.333,9.99711,9.99867,1.00,1.37
2018.02.22 11:11:05.846,9.99712,9.99867,1.00,1.37
2018.02.22 11:11:06.492,9.99711,9.99867,1.00,1.37
2018.02.22 11:11:06.543,9.99712,9.99861,1.00,1.00
2018.02.22 11:13:01.061,9.99701,9.99861,1.00,1.00
2018.02.22 11:13:02.267,9.99701,9.99861,1.37,1.00
2018.02.22 11:13:03.086,9.99701,9.99861,1.00,1.00
2018.02.22 11:13:04.942,9.99703,9.99861,1.00,1.00
2018.02.22 11:13:19.965,9.99706,9.99861,1.00,1.00
2018.02.22 11:13:34.339,9.99708,9.99861,1.00,1.00
2018.02.22 11:13:36.671,9.99706,9.99861,1.00,1.00
2018.02.22 11:13:48.723,9.99706,9.99861,1.37,1.00
2018.02.22 11:13:48.927,9.99706,9.99861,1.00,1.00
2018.02.22 11:13:50.051,9.99705,9.99861,1.00,1.00
2018.02.22 11:13:54.916,9.997,9.99861,1.00,1.00
2018.02.22 11:14:10.051,9.99701,9.99861,1.00,1.00
2018.02.22 11:14:20.219,9.99698,9.9986,1.00,1.00
2018.02.22 11:14:20.271,9.99681,9.99849,1.00,1.45
2018.02.22 11:14:20.374,9.99629,9.99791,1.00,1.00
2018.02.22 11:14:20.426,9.99617,9.99787,1.00,1.37
2018.02.22 11:14:20.529,9.99617,9.99765,1.00,1.00
2018.02.22 11:14:20.582,9.99588,9.99737,1.00,1.00
2018.02.22 11:14:20.634,9.9956,9.99737,1.00,1.00
2018.02.22 11:14:20.853,9.99525,9.99698,1.00,1.00
2018.02.22 11:14:21.006,9.99493,9.99673,1.00,1.00
2018.02.22 11:14:21.057,9.99482,9.9965,1.00,1.00
2018.02.22 11:14:21.159,9.99444,9.99622,1.00,1.00
2018.02.22 11:14:21.211,9.99436,9.99622,1.50,1.00
2018.02.22 11:14:21.262,9.99421,9.996,1.00,1.00
2018.02.22 11:14:21.313,9.9941,9.996,1.00,1.50
2018.02.22 11:14:21.364,9.994,9.99577,1.00,1.00
2018.02.22 11:14:21.517,9.99365,9.99551,1.37,1.00
2018.02.22 11:14:21.670,9.99365,9.99551,1.00,1.00
2018.02.22 11:14:21.721,9.99353,9.99545,1.00,1.00
2018.02.22 11:14:21.772,9.99362,9.99515,1.00,1.00
2018.02.22 11:14:21.823,9.99337,9.99515,1.00,1.00
2018.02.22 11:14:21.874,9.99329,9.99515,1.00,1.00
2018.02.22 11:14:21.961,9.99305,9.99486,1.00,1.00
2018.02.22 11:14:22.012,9.99285,9.99475,1.00,1.00
2018.02.22 11:14:22.165,9.99264,9.99454,1.00,1.00
2018.02.22 11:14:22.472,9.99242,9.99408,1.00,1.00
2018.02.22 11:14:22.625,9.99208,9.99376,1.00,1.00
2018.02.22 11:14:22.676,9.992,9.99376,1.00,1.00
2018.02.22 11:14:22.727,9.99191,9.99372,1.00,1.00
2018.02.22 11:14:22.778,9.99184,9.99364,1.00,1.00
2018.02.22 11:14:22.931,9.99162,9.99343,1.00,1.00
2018.02.22 11:14:22.982,9.99149,9.99341,1.00,1.00
2018.02.22 11:14:23.136,9.99135,9.99323,3.00,1.00
2018.02.22 11:14:23.187,9.99138,9.99332,1.00,1.00
2018.02.22 11:14:23.372,9.99135,9.99306,2.25,1.00
2018.02.22 11:14:24.128,9.99134,9.99306,2.25,1.00
2018.02.22 11:14:24.686,9.99135,9.99306,2.25,1.00
2018.02.22 11:14:24.957,9.99135,9.99315,2.25,1.00
2018.02.22 11:14:25.060,9.99134,9.99312,2.25,1.00
2018.02.22 11:14:25.674,9.99135,9.99311,2.25,1.00
2018.02.22 11:14:26.169,9.99135,9.99315,2.25,1.00
2018.02.22 11:14:27.036,9.99135,9.99327,2.25,1.37
2018.02.22 11:14:27.166,9.99235,9.99372,1.50,1.00
2018.02.22 11:14:27.218,9.99255,9.99424,1.00,1.45
2018.02.22 11:14:27.269,9.99271,9.99424,1.00,1.00
2018.02.22 11:14:27.322,9.99285,9.99463,1.50,1.00
2018.02.22 11:14:27.374,9.9929,9.99464,1.00,1.00
2018.02.22 11:14:27.682,9.99298,9.99464,1.50,1.00
2018.02.22 11:14:28.223,9.99287,9.99464,1.00,1.00
2018.02.22 11:14:28.708,9.99288,9.99464,1.00,1.45
2018.02.22 11:14:28.959,9.99276,9.99464,1.00,1.45
2018.02.22 11:14:29.164,9.99276,9.99464,1.00,1.00
2018.02.22 11:14:29.688,9.99276,9.99466,1.00,1.45
2018.02.22 11:14:30.164,9.99276,9.99466,1.00,1.00
2018.02.22 11:14:32.065,9.99276,9.99466,1.00,1.45
2018.02.22 11:14:33.435,9.99276,9.99466,1.60,1.45
2018.02.22 11:14:33.745,9.99398,9.99572,1.00,1.00
2018.02.22 11:14:33.797,9.99408,9.99572,1.00,1.00
2018.02.22 11:14:33.900,9.99408,9.99578,1.00,1.00
2018.02.22 11:14:34.420,9.99398,9.99578,1.00,1.00
2018.02.22 11:14:34.472,9.99386,9.99575,1.00,1.45
2018.02.22 11:14:34.524,9.99368,9.99553,1.00,1.00
2018.02.22 11:14:34.576,9.99352,9.9954,1.00,1.00
2018.02.22 11:14:35.518,9.99344,9.99538,1.00,1.00
2018.02.22 11:14:36.950,9.99344,9.99528,1.00,1.00
2018.02.22 11:14:37.052,9.99327,9.99519,1.00,1.00
2018.02.22 11:14:37.103,9.99316,9.99508,1.00,1.00
2018.02.22 11:14:37.408,9.99324,9.99511,1.00,1.75
2018.02.22 11:14:37.510,9.9931,9.995,1.00,1.00
2018.02.22 11:14:38.495,9.993,9.9949,1.00,1.50
2018.02.22 11:14:39.560,9.99292,9.99482,1.00,1.00
2018.02.22 11:14:45.283,9.99278,9.99468,1.00,1.00
2018.02.22 11:14:45.764,9.99287,9.99477,1.00,1.00
2018.02.22 11:14:47.899,9.99279,9.99469,1.00,1.00
2018.02.22 11:14:48.209,9.99287,9.99477,1.00,1.00
2018.02.22 11:14:48.820,9.99279,9.99469,1.00,1.00
2018.02.22 11:14:49.164,9.99271,9.99461,1.00,1.00
2018.02.22 11:14:51.242,9.99335,9.99461,1.00,1.00
2018.02.22 11:14:51.293,9.99337,9.99469,1.00,1.37
2018.02.22 11:14:51.346,9.99395,9.99503,1.00,1.00
2018.02.22 11:14:51.398,9.99405,9.99518,1.00,1.00
2018.02.22 11:14:51.450,9.99405,9.99497,2.25,1.00
2018.02.22 11:14:51.553,9.99435,9.99559,1.45,1.00
2018.02.22 11:14:51.604,9.99435,9.99594,1.45,2.25
2018.02.22 11:14:51.656,9.9944,9.99599,1.45,1.00
2018.02.22 11:14:51.761,9.99463,9.99619,1.95,1.00
2018.02.22 11:14:51.883,9.99479,9.9962,1.45,1.00
2018.02.22 11:14:51.934,9.99488,9.99659,1.45,1.00
2018.02.22 11:14:52.036,9.99488,9.99659,1.45,1.00
2018.02.22 11:14:52.290,9.9948,9.99668,1.45,1.00
2018.02.22 11:14:52.392,9.9948,9.99668,1.45,1.00
2018.02.22 11:14:52.443,9.9948,9.99668,1.45,1.00
2018.02.22 11:14:52.648,9.99456,9.99642,1.45,1.00
2018.02.22 11:14:52.699,9.99454,9.99642,1.82,1.00
2018.02.22 11:14:53.117,9.99454,9.99632,1.82,1.00
2018.02.22 11:14:54.258,9.99454,9.99632,1.82,1.00
2018.02.22 11:14:54.527,9.99443,9.99632,1.82,1.00
2018.02.22 11:14:54.888,9.99443,9.99632,1.82,1.00
2018.02.22 11:14:54.939,9.99443,9.99632,1.82,1.00
2018.02.22 11:14:55.494,9.99442,9.99632,1.82,1.00
2018.02.22 11:14:55.698,9.99442,9.99632,1.82,1.00
2018.02.22 11:14:55.801,9.99436,9.99625,1.82,1.00
2018.02.22 11:14:57.357,9.99436,9.99625,1.82,1.00
2018.02.22 11:14:57.704,9.99436,9.99617,1.82,1.00
2018.02.22 11:14:58.070,9.99433,9.99608,1.82,1.00
2018.02.22 11:15:01.251,9.99433,9.99608,1.82,1.00
2018.02.22 11:15:01.879,9.9942,9.996,1.82,1.00
2018.02.22 11:15:02.263,9.9942,9.996,1.82,1.00
2018.02.22 11:15:02.314,9.9942,9.996,1.82,1.00
2018.02.22 11:15:02.586,9.9942,9.996,1.82,1.00
2018.02.22 11:15:06.840,9.99429,9.996,1.82,1.00
2018.02.22 11:15:07.088,9.99429,9.996,1.82,1.00
2018.02.22 11:15:07.139,9.99429,9.996,1.82,1.00
2018.02.22 11:15:08.084,9.99429,9.996,1.82,1.00
2018.02.22 11:15:09.254,9.99429,9.996,1.82,1.00
2018.02.22 11:15:10.051,9.99429,9.99598,1.82,1.00
2018.02.22 11:15:10.461,9.99429,9.99598,1.82,1.00
2018.02.22 11:15:11.062,9.99429,9.99598,1.82,1.00
2018.02.22 11:15:11.165,9.99429,9.9959,1.45,1.00
2018.02.22 11:15:11.730,9.99429,9.9959,1.45,1.00
2018.02.22 11:15:12.715,9.99429,9.9959,1.45,1.00
2018.02.22 11:15:15.913,9.99429,9.9959,1.45,1.00
2018.02.22 11:15:16.479,9.99427,9.99601,1.45,1.00
2018.02.22 11:15:16.806,9.99427,9.99593,1.45,1.00
2018.02.22 11:15:17.033,9.9942,9.99602,1.82,1.00
2018.02.22 11:15:17.085,9.9942,9.99602,1.82,1.00
2018.02.22 11:15:17.389,9.9942,9.99593,1.82,1.00
2018.02.22 11:15:17.441,9.9942,9.99593,1.82,1.00
2018.02.22 11:15:19.238,9.9942,9.99593,1.82,1.00
2018.02.22 11:15:22.251,9.99421,9.99585,1.45,1.00
2018.02.22 11:15:22.464,9.99421,9.99585,1.45,1.00
2018.02.22 11:15:25.441,9.99397,9.99585,1.82,1.00
2018.02.22 11:15:25.750,9.99396,9.99586,2.32,1.00
2018.02.22 11:15:26.285,9.99396,9.99578,1.82,1.00
2018.02.22 11:15:26.385,9.99396,9.99578,1.82,1.00
2018.02.22 11:15:26.533,9.99397,9.99587,1.82,1.00
2018.02.22 11:15:26.585,9.99397,9.99587,1.82,1.00
2018.02.22 11:15:27.472,9.99397,9.99587,1.82,1.00
2018.02.22 11:15:29.305,9.99397,9.99587,1.82,1.00
2018.02.22 11:15:29.582,9.99397,9.99587,1.82,1.00
2018.02.22 11:15:30.050,9.99396,9.99584,1.82,1.00
2018.02.22 11:15:31.873,9.99396,9.99584,1.82,1.00
2018.02.22 11:15:31.924,9.99403,9.99575,1.82,1.00
2018.02.22 11:15:32.026,9.99403,9.99575,1.82,1.00
2018.02.22 11:15:33.169,9.99403,9.99584,1.82,1.00
2018.02.22 11:15:33.994,9.99403,9.99584,1.82,1.00
2018.02.22 11:15:34.762,9.99403,9.99584,1.82,1.00
2018.02.22 11:15:35.442,9.99399,9.99584,1.82,1.00
2018.02.22 11:15:38.454,9.99399,9.99584,1.82,1.00
2018.02.22 11:15:38.557,9.99399,9.99584,1.82,1.00
2018.02.22 11:15:40.336,9.99531,9.9964,1.45,1.00
2018.02.22 11:15:40.388,9.99535,9.99659,1.95,1.00
2018.02.22 11:15:40.441,9.99547,9.99699,1.45,1.00
2018.02.22 11:15:40.545,9.99565,9.99714,1.45,1.00
2018.02.22 11:15:40.597,9.99565,9.99738,1.45,1.00
2018.02.22 11:15:40.649,9.99572,9.99738,1.45,1.00
2018.02.22 11:15:40.752,9.99576,9.9975,1.45,1.00
2018.02.22 11:15:40.856,9.99576,9.9975,1.45,1.00
2018.02.22 11:15:40.959,9.99576,9.9975,1.45,1.00
2018.02.22 11:15:41.063,9.99576,9.9975,1.45,1.00
2018.02.22 11:15:41.114,9.99576,9.9975,1.45,1.00
2018.02.22 11:15:41.166,9.99566,9.99741,1.00,1.00
2018.02.22 11:15:41.218,9.9955,9.99725,1.82,1.00
2018.02.22 11:15:41.269,9.9955,9.99725,1.82,1.00
2018.02.22 11:15:41.321,9.9955,9.99725,1.37,1.00
2018.02.22 11:15:41.457,9.99535,9.99713,1.82,1.50
2018.02.22 11:15:41.662,9.99529,9.99712,1.82,1.00
2018.02.22 11:15:42.866,9.99529,9.99704,1.82,1.00
2018.02.22 11:15:45.742,9.99517,9.99705,1.82,1.00
2018.02.22 11:15:46.562,9.99517,9.99704,1.82,1.00
2018.02.22 11:15:46.788,9.99517,9.99704,1.82,1.00
2018.02.22 11:15:46.840,9.99517,9.99696,1.82,1.00
2018.02.22 11:15:46.892,9.99517,9.99696,1.82,1.00
2018.02.22 11:15:48.936,9.99507,9.99696,1.82,1.50
2018.02.22 11:15:48.987,9.99507,9.99696,1.82,1.50
2018.02.22 11:15:49.038,9.99507,9.99688,1.82,1.00
2018.02.22 11:15:49.183,9.99507,9.99696,1.82,1.50
2018.02.22 11:15:49.487,9.99507,9.99689,1.82,1.00
2018.02.22 11:15:50.000,9.99507,9.9969,1.82,1.00
2018.02.22 11:15:50.539,9.99503,9.99685,1.82,1.00
2018.02.22 11:15:50.866,9.99503,9.99685,1.82,1.00
2018.02.22 11:15:51.953,9.99503,9.99685,1.82,1.00
2018.02.22 11:15:52.005,9.99503,9.99685,1.82,1.00
2018.02.22 11:15:52.318,9.99493,9.99674,1.82,1.00
2018.02.22 11:15:52.370,9.99493,9.99674,1.82,1.00
2018.02.22 11:15:52.422,9.99493,9.99682,1.82,1.50
2018.02.22 11:15:52.844,9.99493,9.9967,1.82,1.00
2018.02.22 11:15:53.398,9.99486,9.99663,1.82,1.00
2018.02.22 11:15:53.552,9.99486,9.99663,1.82,1.00
2018.02.22 11:15:53.655,9.99486,9.99663,1.82,1.00
2018.02.22 11:15:54.501,9.99486,9.99655,1.82,1.00
2018.02.22 11:15:55.563,9.99473,9.99655,1.82,1.00
2018.02.22 11:15:55.665,9.99472,9.99655,1.82,1.00
2018.02.22 11:15:57.420,9.99472,9.99655,1.82,1.00
2018.02.22 11:15:57.912,9.99458,9.99648,1.82,1.00
2018.02.22 11:15:58.077,9.99458,9.99648,1.82,1.00
2018.02.22 11:15:58.270,9.99459,9.99647,1.82,1.00
2018.02.22 11:15:58.372,9.99459,9.99647,1.82,1.00
2018.02.22 11:15:58.527,9.99459,9.99647,1.82,1.00
2018.02.22 11:16:00.416,9.99451,9.99639,1.82,1.00
2018.02.22 11:16:00.570,9.99451,9.99629,1.82,1.00
2018.02.22 11:16:00.673,9.99451,9.99629,1.82,1.00
2018.02.22 11:16:00.724,9.99451,9.99629,1.82,1.00
2018.02.22 11:16:02.250,9.99447,9.99621,1.82,1.00
2018.02.22 11:16:02.302,9.99447,9.99621,1.82,1.00
2018.02.22 11:16:02.353,9.99447,9.99621,1.37,1.00
2018.02.22 11:16:02.404,9.99447,9.99621,1.82,1.00
2018.02.22 11:16:02.456,9.99447,9.99614,1.37,1.00
2018.02.22 11:16:02.508,9.99447,9.99614,1.82,1.00
2018.02.22 11:16:02.610,9.99434,9.99614,1.82,1.00
2018.02.22 11:16:03.462,9.99434,9.99613,1.82,1.00
2018.02.22 11:16:04.561,9.99434,9.99606,1.82,1.00
2018.02.22 11:16:04.613,9.99422,9.99606,1.82,1.00
2018.02.22 11:16:04.665,9.99422,9.99606,1.82,1.00
2018.02.22 11:16:04.768,9.99422,9.99598,1.82,1.00
2018.02.22 11:16:10.267,9.99416,9.99599,1.82,1.00
2018.02.22 11:16:16.081,9.99415,9.99598,1.82,1.00
2018.02.22 11:16:18.210,9.99415,9.99598,1.82,1.00
2018.02.22 11:16:18.674,9.99405,9.99586,1.82,1.00
2018.02.22 11:16:18.725,9.99398,9.99577,1.82,1.00
2018.02.22 11:16:19.193,9.99398,9.99577,1.82,1.00
2018.02.22 11:16:19.298,9.99398,9.99577,1.82,1.00
2018.02.22 11:16:19.535,9.99398,9.99569,1.82,1.00
2018.02.22 11:16:19.637,9.99405,9.99578,1.82,1.00
2018.02.22 11:16:19.688,9.99405,9.99578,1.82,1.00
2018.02.22 11:16:19.790,9.99398,9.99569,1.82,1.00
2018.02.22 11:16:20.135,9.99398,9.99569,1.82,1.00
2018.02.22 11:16:20.187,9.99398,9.99569,1.45,1.00
2018.02.22 11:16:20.341,9.99383,9.99569,1.82,1.00
2018.02.22 11:16:20.393,9.9938,9.9956,1.82,1.00
2018.02.22 11:16:20.496,9.9938,9.9956,1.82,1.00
2018.02.22 11:16:20.598,9.9938,9.9956,1.82,1.00
2018.02.22 11:16:20.650,9.9938,9.99567,1.82,1.00
2018.02.22 11:16:21.042,9.99387,9.99567,1.82,1.00
2018.02.22 11:16:21.371,9.99387,9.99567,1.82,1.00
2018.02.22 11:16:21.498,9.99379,9.99567,1.82,1.00
2018.02.22 11:16:21.635,9.99379,9.99567,1.82,1.00
2018.02.22 11:16:21.946,9.99379,9.99567,1.82,1.00
2018.02.22 11:16:22.048,9.99389,9.99569,1.57,1.00
2018.02.22 11:16:22.447,9.99389,9.99569,1.57,1.00
2018.02.22 11:16:22.549,9.99379,9.99567,2.32,1.00
2018.02.22 11:16:22.651,9.99379,9.9956,1.82,1.00
2018.02.22 11:16:22.985,9.99379,9.99567,1.82,1.00
2018.02.22 11:16:23.696,9.99379,9.99567,1.82,1.00
2018.02.22 11:16:24.865,9.99379,9.99567,1.82,1.00
2018.02.22 11:16:25.727,9.99411,9.99568,1.00,1.00
2018.02.22 11:16:26.076,9.99386,9.99566,2.32,1.00
2018.02.22 11:16:28.301,9.99386,9.99566,1.82,1.00
2018.02.22 11:16:29.561,9.99386,9.99566,1.82,1.00
2018.02.22 11:16:29.679,9.99386,9.99566,1.82,1.00
2018.02.22 11:16:30.051,9.99386,9.99568,1.82,1.00
2018.02.22 11:16:30.153,9.99386,9.99568,1.82,1.00
2018.02.22 11:16:30.489,9.99332,9.99495,1.45,1.00
2018.02.22 11:16:30.798,9.99311,9.9948,1.37,1.00
2018.02.22 11:16:31.132,9.99311,9.9948,1.82,1.00
2018.02.22 11:16:31.756,9.99311,9.9948,1.57,1.00
2018.02.22 11:16:32.139,9.99305,9.99471,1.82,1.00
2018.02.22 11:16:32.929,9.99305,9.99471,1.57,1.00
2018.02.22 11:16:33.682,9.99296,9.9947,1.82,1.00
2018.02.22 11:16:34.397,9.99293,9.99462,1.82,1.00
2018.02.22 11:16:34.449,9.99285,9.99462,2.32,1.00
2018.02.22 11:16:34.552,9.99285,9.99454,2.32,1.00
2018.02.22 11:16:34.877,9.99285,9.99454,2.32,1.00
2018.02.22 11:16:35.455,9.99285,9.99454,1.82,1.00
2018.02.22 11:16:36.067,9.99285,9.99454,1.82,1.00
2018.02.22 11:16:36.179,9.99285,9.99454,1.82,1.00
2018.02.22 11:16:36.631,9.99285,9.99454,1.82,1.00
2018.02.22 11:16:37.705,9.99285,9.99454,1.82,1.00
2018.02.22 11:16:38.177,9.99285,9.99454,1.82,1.00
2018.02.22 11:16:38.229,9.99285,9.99454,1.82,1.00
2018.02.22 11:16:40.457,9.99285,9.99454,1.82,1.00
2018.02.22 11:16:40.981,9.99285,9.99454,1.82,1.00
2018.02.22 11:16:41.661,9.99284,9.99455,1.82,1.00
2018.02.22 11:16:46.192,9.9928,9.99454,1.82,1.00
2018.02.22 11:16:46.929,9.99293,9.99462,1.82,1.00
2018.02.22 11:16:47.031,9.99293,9.99462,1.82,1.00
2018.02.22 11:16:47.338,9.99293,9.99453,1.82,1.00
2018.02.22 11:16:49.320,9.99292,9.99454,1.82,1.00
2018.02.22 11:16:49.898,9.99292,9.99454,1.82,1.00
2018.02.22 11:16:50.256,9.99293,9.99451,1.82,1.00
2018.02.22 11:16:53.709,9.99293,9.99451,1.82,1.00
2018.02.22 11:16:53.760,9.99293,9.99451,1.82,1.00
2018.02.22 11:16:54.290,9.99293,9.99451,1.57,1.00
2018.02.22 11:16:54.341,9.99313,9.99477,1.45,1.00
2018.02.22 11:16:54.392,9.99301,9.99469,1.82,1.00
2018.02.22 11:16:54.700,9.99294,9.99452,1.82,1.00
2018.02.22 11:16:54.856,9.99294,9.99444,1.82,1.00
2018.02.22 11:16:55.061,9.99294,9.99452,1.82,1.00
2018.02.22 11:16:55.113,9.99293,9.99453,1.82,1.00
2018.02.22 11:16:55.637,9.99284,9.99453,1.82,1.00
2018.02.22 11:16:55.689,9.99331,9.99481,1.20,1.00
2018.02.22 11:16:55.741,9.99311,9.99469,1.82,1.00
2018.02.22 11:16:55.948,9.99286,9.99449,1.82,1.00
2018.02.22 11:16:56.104,9.99281,9.99458,1.82,1.00
2018.02.22 11:16:56.156,9.99284,9.99458,1.82,1.00
2018.02.22 11:16:57.314,9.99284,9.9945,1.82,1.00
2018.02.22 11:16:57.366,9.99277,9.9945,2.17,1.00
2018.02.22 11:16:58.137,9.99283,9.9945,1.67,1.00
2018.02.22 11:16:58.189,9.99338,9.99483,1.22,1.00
2018.02.22 11:16:58.242,9.99306,9.99473,1.67,1.00
2018.02.22 11:16:58.294,9.99305,9.99463,1.67,1.00
2018.02.22 11:16:58.613,9.99276,9.99445,1.82,1.00
2018.02.22 11:16:58.753,9.99276,9.99445,1.82,1.00
2018.02.22 11:16:58.805,9.99276,9.99437,1.82,1.00
2018.02.22 11:16:59.637,9.9936,9.99485,1.82,1.00
2018.02.22 11:16:59.740,9.99385,9.99549,1.95,1.00
2018.02.22 11:16:59.792,9.99385,9.99564,3.07,1.00
2018.02.22 11:16:59.844,9.99411,9.99571,1.45,1.00
2018.02.22 11:16:59.896,9.99411,9.99582,1.95,1.00
2018.02.22 11:17:00.217,9.99413,9.99579,1.82,1.00
2018.02.22 11:17:00.685,9.99413,9.99579,1.37,1.00
2018.02.22 11:17:00.737,9.99413,9.99581,1.37,1.00
2018.02.22 11:17:00.789,9.99413,9.99573,1.37,1.00
2018.02.22 11:17:00.841,9.99381,9.99551,2.32,1.00
2018.02.22 11:17:00.893,9.9936,9.99529,1.82,1.00
2018.02.22 11:17:00.946,9.9935,9.99527,1.82,1.00
2018.02.22 11:17:01.000,9.9935,9.99516,1.82,1.00
2018.02.22 11:17:01.360,9.9935,9.99497,1.37,1.00
2018.02.22 11:17:01.628,9.9932,9.99488,1.82,1.00
2018.02.22 11:17:01.680,9.99319,9.99488,1.37,1.00
2018.02.22 11:17:01.784,9.99319,9.99488,1.82,1.00
2018.02.22 11:17:02.133,9.99318,9.99477,1.82,1.00
2018.02.22 11:17:02.287,9.99319,9.99476,1.82,1.00
2018.02.22 11:17:02.348,9.99319,9.99476,1.37,1.00
2018.02.22 11:17:02.978,9.99319,9.9947,1.37,1.00
2018.02.22 11:17:03.316,9.99292,9.99456,1.82,1.00
2018.02.22 11:17:03.613,9.99292,9.99456,1.82,1.00
2018.02.22 11:17:04.342,9.99292,9.99448,1.82,1.00
2018.02.22 11:17:04.474,9.99288,9.99448,1.37,1.00
2018.02.22 11:17:04.632,9.99288,9.99448,1.82,1.00
2018.02.22 11:17:04.683,9.99288,9.99448,1.82,1.00
2018.02.22 11:17:04.734,9.99288,9.99448,1.82,1.00
2018.02.22 11:17:04.835,9.99288,9.9945,1.82,1.00
2018.02.22 11:17:05.180,9.99361,9.99456,1.37,1.00
2018.02.22 11:17:05.231,9.9937,9.99494,1.57,1.00
2018.02.22 11:17:05.282,9.99371,9.99529,1.45,1.00
2018.02.22 11:17:05.336,9.99385,9.99547,2.32,1.00
2018.02.22 11:17:05.388,9.99402,9.99565,1.45,1.00
2018.02.22 11:17:05.440,9.99402,9.99569,1.45,1.00
2018.02.22 11:17:05.491,9.99411,9.99569,1.45,1.00
2018.02.22 11:17:05.543,9.99411,9.99572,1.45,1.00
2018.02.22 11:17:05.594,9.99411,9.9959,1.45,1.00
2018.02.22 11:17:05.646,9.99415,9.99592,1.82,1.00
2018.02.22 11:17:05.697,9.99415,9.99592,1.82,1.00
2018.02.22 11:17:06.108,9.99415,9.99582,1.82,1.00
2018.02.22 11:17:06.461,9.99414,9.99578,1.37,1.00
2018.02.22 11:17:06.512,9.99415,9.99569,1.37,1.00
2018.02.22 11:17:06.614,9.99383,9.9954,1.82,1.00
2018.02.22 11:17:06.826,9.99383,9.99527,1.37,1.00
2018.02.22 11:17:07.164,9.99349,9.99505,1.82,1.00
2018.02.22 11:17:07.316,9.99349,9.99499,1.82,1.00
2018.02.22 11:17:07.367,9.99349,9.99499,1.37,1.00
2018.02.22 11:17:07.469,9.99324,9.99499,1.82,1.00
2018.02.22 11:17:07.521,9.99324,9.99492,1.82,1.00
2018.02.22 11:17:07.674,9.99324,9.99492,1.82,1.00
2018.02.22 11:17:08.137,9.99324,9.99484,1.82,1.00
2018.02.22 11:17:08.467,9.99318,9.99484,1.82,1.00
2018.02.22 11:17:08.634,9.99313,9.99481,1.82,1.00
2018.02.22 11:17:08.737,9.99302,9.99477,2.32,1.00
2018.02.22 11:17:09.340,9.99302,9.99472,2.32,1.00
2018.02.22 11:17:09.826,9.99302,9.9946,2.32,1.00
2018.02.22 11:17:10.005,9.99302,9.9946,2.32,1.00
2018.02.22 11:17:10.819,9.99303,9.9946,1.82,1.00
2018.02.22 11:17:11.117,9.99303,9.9946,1.82,1.00
2018.02.22 11:17:17.725,9.99298,9.9947,1.82,1.00
2018.02.22 11:17:17.829,9.99292,9.99459,1.82,1.00
2018.02.22 11:17:17.881,9.99292,9.99451,1.82,1.00
2018.02.22 11:17:18.138,9.99302,9.9946,1.57,1.00
2018.02.22 11:17:18.263,9.99302,9.9946,1.82,1.00
2018.02.22 11:17:18.783,9.99303,9.99459,1.82,1.00
2018.02.22 11:17:21.104,9.99293,9.9945,1.82,1.00
2018.02.22 11:17:21.464,9.99293,9.99448,1.82,1.00
2018.02.22 11:17:21.648,9.99279,9.99441,1.82,1.00
2018.02.22 11:17:21.699,9.99279,9.99428,1.82,1.00
2018.02.22 11:17:21.751,9.99296,9.9942,1.10,1.00
2018.02.22 11:17:21.853,9.99244,9.9942,1.82,1.00
2018.02.22 11:17:22.033,9.99268,9.99429,1.82,1.00
2018.02.22 11:17:22.136,9.99268,9.99429,1.82,1.00
2018.02.22 11:17:22.239,9.99268,9.99429,1.82,1.00
2018.02.22 11:17:22.547,9.99241,9.99413,1.82,1.00
2018.02.22 11:17:22.833,9.99241,9.99413,1.82,1.00
2018.02.22 11:17:23.561,9.99241,9.99413,1.82,1.00
2018.02.22 11:17:24.168,9.99233,9.99405,1.82,1.00
2018.02.22 11:17:24.852,9.99223,9.99397,1.82,1.00
2018.02.22 11:17:24.955,9.99223,9.99397,1.82,1.00
2018.02.22 11:17:25.058,9.99223,9.99389,1.82,1.00
2018.02.22 11:17:25.366,9.99219,9.9938,1.82,1.00
2018.02.22 11:17:25.519,9.9922,9.99386,1.82,1.00
2018.02.22 11:17:26.316,9.99211,9.9938,1.82,1.00
2018.02.22 11:17:26.368,9.99201,9.99369,1.82,1.00
2018.02.22 11:17:26.419,9.99201,9.99369,1.82,1.00
2018.02.22 11:17:26.646,9.99211,9.99369,1.82,1.00
2018.02.22 11:17:27.363,9.99201,9.99369,1.82,1.00
2018.02.22 11:17:27.415,9.99201,9.99361,1.82,1.00
2018.02.22 11:17:27.466,9.99201,9.99361,1.82,1.00
2018.02.22 11:17:29.127,9.9919,9.99361,1.82,1.00
2018.02.22 11:17:30.051,9.9919,9.99366,1.82,1.00
2018.02.22 11:17:31.273,9.9919,9.99366,1.82,1.00
2018.02.22 11:17:31.325,9.9919,9.99366,1.82,1.00
2018.02.22 11:17:31.376,9.9919,9.99366,1.82,1.00
2018.02.22 11:17:33.304,9.99187,9.99358,1.82,1.00
2018.02.22 11:17:33.407,9.99187,9.99358,1.82,1.00
2018.02.22 11:17:34.507,9.99187,9.99358,1.82,1.00
2018.02.22 11:17:34.839,9.99177,9.9935,1.82,1.00
2018.02.22 11:17:34.975,9.99177,9.9935,1.82,1.00
2018.02.22 11:17:35.027,9.99177,9.9935,1.82,1.00
2018.02.22 11:17:35.079,9.99177,9.9935,1.82,1.00
2018.02.22 11:17:37.248,9.99177,9.9935,1.82,1.00
2018.02.22 11:17:37.300,9.99177,9.9935,1.82,1.00
2018.02.22 11:17:37.615,9.99175,9.9935,1.82,1.00
2018.02.22 11:17:37.723,9.99169,9.99342,1.82,1.00
2018.02.22 11:17:37.826,9.99169,9.99342,1.82,1.00
2018.02.22 11:17:40.891,9.99167,9.99342,1.82,1.00
2018.02.22 11:17:40.993,9.99154,9.99334,1.82,1.00
2018.02.22 11:17:41.095,9.99154,9.99334,1.82,1.50
2018.02.22 11:17:41.146,9.99154,9.99325,1.82,1.00
2018.02.22 11:17:41.248,9.99154,9.99325,1.82,1.00
2018.02.22 11:17:41.300,9.99154,9.99317,1.82,1.00
2018.02.22 11:17:41.351,9.99154,9.99317,1.82,1.00
2018.02.22 11:17:42.809,9.99154,9.99328,1.82,1.00
2018.02.22 11:17:42.861,9.99193,9.99325,1.37,1.00
2018.02.22 11:17:42.912,9.99136,9.9932,1.82,1.00
2018.02.22 11:17:43.015,9.99136,9.9932,1.82,1.00
2018.02.22 11:17:43.067,9.99136,9.9932,1.82,1.00
2018.02.22 11:17:43.404,9.99136,9.99313,1.82,1.00
2018.02.22 11:17:43.456,9.99136,9.99313,1.82,1.00
2018.02.22 11:17:43.507,9.99136,9.99313,1.82,1.00
2018.02.22 11:17:43.610,9.99136,9.99313,1.82,1.00
2018.02.22 11:17:44.080,9.99136,9.99313,1.82,1.00
2018.02.22 11:17:44.715,9.99121,9.99306,1.52,1.00
2018.02.22 11:17:44.766,9.99122,9.99305,1.52,1.00
2018.02.22 11:17:44.817,9.99122,9.99305,1.52,1.00
2018.02.22 11:17:45.124,9.99122,9.99296,2.02,1.00
2018.02.22 11:17:45.356,9.99118,9.99304,2.02,1.00
2018.02.22 11:17:46.311,9.99118,9.99304,2.32,1.00
2018.02.22 11:17:46.369,9.99118,9.99297,2.32,1.00
2018.02.22 11:17:48.202,9.99118,9.99289,1.82,1.00
2018.02.22 11:17:48.343,9.99111,9.99289,1.82,1.00
2018.02.22 11:17:48.396,9.99143,9.99289,1.82,1.00
2018.02.22 11:17:48.448,9.99108,9.99289,1.82,1.00
2018.02.22 11:17:48.781,9.99108,9.99282,1.82,1.00
2018.02.22 11:17:49.298,9.99108,9.99282,1.82,1.00
2018.02.22 11:17:49.629,9.99111,9.99282,1.82,1.00
2018.02.22 11:17:50.648,9.99097,9.99282,1.82,1.00
2018.02.22 11:17:51.263,9.99097,9.99282,1.82,1.00
2018.02.22 11:17:51.365,9.99097,9.99275,1.82,1.00
2018.02.22 11:17:51.470,9.99097,9.99275,1.82,1.00
2018.02.22 11:17:53.707,9.99097,9.99283,1.82,1.00
2018.02.22 11:17:56.339,9.99111,9.99283,1.82,1.00
2018.02.22 11:17:57.502,9.99107,9.99283,1.82,1.00
2018.02.22 11:18:00.018,9.99107,9.99283,1.82,1.00
2018.02.22 11:18:00.855,9.99107,9.99283,1.82,1.00
2018.02.22 11:18:01.105,9.99107,9.99283,1.82,1.00
2018.02.22 11:18:01.338,9.99107,9.99283,1.82,1.00
2018.02.22 11:18:02.349,9.99107,9.99283,1.82,1.00
2018.02.22 11:18:02.706,9.99107,9.99283,1.82,1.00
2018.02.22 11:18:04.386,9.99096,9.99275,1.82,1.00
2018.02.22 11:18:04.586,9.99096,9.99275,1.82,1.00
2018.02.22 11:18:06.813,9.99096,9.99275,1.82,1.00
2018.02.22 11:18:07.673,9.99095,9.99283,1.82,1.50
2018.02.22 11:18:07.972,9.99106,9.99283,1.82,1.00
2018.02.22 11:18:10.052,9.99106,9.99288,1.82,1.00
2018.02.22 11:18:16.272,9.99107,9.99288,1.82,1.00
2018.02.22 11:18:20.790,9.99107,9.9928,1.82,1.00
2018.02.22 11:18:20.907,9.99107,9.9929,1.82,1.00
2018.02.22 11:18:21.663,9.99101,9.99279,1.82,1.00
2018.02.22 11:18:22.021,9.99143,9.99279,1.37,1.00
2018.02.22 11:18:22.073,9.991,9.99286,1.82,1.00
2018.02.22 11:18:22.144,9.991,9.99284,1.82,1.00
2018.02.22 11:18:22.470,9.991,9.99279,1.82,1.00
2018.02.22 11:18:30.034,9.99103,9.99279,1.82,1.00
2018.02.22 11:18:35.746,9.99106,9.99279,1.82,1.00
2018.02.22 11:18:35.799,9.99106,9.99279,1.82,1.00
2018.02.22 11:18:35.850,9.99143,9.99294,1.37,1.00
2018.02.22 11:18:35.953,9.99106,9.99277,1.82,1.00
2018.02.22 11:18:36.005,9.99111,9.99277,1.82,1.00
2018.02.22 11:18:36.108,9.99106,9.99277,1.82,1.00
2018.02.22 11:18:36.217,9.99106,9.9926,1.82,1.00
2018.02.22 11:18:36.835,9.99106,9.9926,1.82,1.00
2018.02.22 11:18:42.540,9.99143,9.9926,1.00,1.00
2018.02.22 11:18:42.643,9.99103,9.9926,1.82,1.00
2018.02.22 11:18:42.695,9.99103,9.9926,1.82,1.00
2018.02.22 11:18:42.911,9.99096,9.9926,1.82,1.00
2018.02.22 11:18:43.524,9.99102,9.9926,1.82,1.00
2018.02.22 11:18:44.721,9.99099,9.9926,1.82,1.00
2018.02.22 11:18:44.773,9.99099,9.9926,1.82,1.00
2018.02.22 11:18:44.977,9.99099,9.9926,1.82,1.00
2018.02.22 11:18:45.515,9.99099,9.9926,1.82,1.00
2018.02.22 11:18:46.138,9.99142,9.9926,1.37,1.00
2018.02.22 11:18:46.344,9.99143,9.9926,1.00,1.00
2018.02.22 11:18:46.396,9.99092,9.9926,1.82,1.00
2018.02.22 11:18:46.923,9.99092,9.9926,1.82,1.00
2018.02.22 11:18:48.958,9.99092,9.9926,1.82,1.00
2018.02.22 11:18:50.051,9.99092,9.9926,1.82,1.00
2018.02.22 11:18:50.632,9.99106,9.9926,1.82,1.00
2018.02.22 11:18:52.412,9.99106,9.99262,1.82,1.00
2018.02.22 11:18:52.464,9.99151,9.993,1.00,1.00
2018.02.22 11:18:52.515,9.99132,9.993,1.82,1.00
2018.02.22 11:18:52.567,9.99132,9.99306,1.82,1.00
2018.02.22 11:18:52.619,9.99132,9.99289,1.82,1.00
2018.02.22 11:18:53.155,9.9913,9.99289,1.82,1.00
2018.02.22 11:18:54.487,9.99171,9.99297,1.37,1.00
2018.02.22 11:18:54.539,9.99174,9.99318,1.82,1.00
2018.02.22 11:18:54.591,9.99189,9.99364,1.57,1.00
2018.02.22 11:18:54.695,9.99211,9.99383,1.82,1.00
2018.02.22 11:18:54.746,9.99216,9.9939,1.82,1.00
2018.02.22 11:18:54.798,9.99211,9.9939,1.82,1.00
2018.02.22 11:18:54.900,9.9921,9.99387,1.82,1.00
2018.02.22 11:18:54.952,9.99214,9.9939,1.82,1.00
2018.02.22 11:18:55.003,9.99214,9.9939,1.82,1.00
2018.02.22 11:18:55.106,9.99214,9.9939,1.82,1.00
2018.02.22 11:18:55.260,9.99202,9.99373,1.82,1.00
2018.02.22 11:18:55.515,9.99202,9.99383,1.37,1.00
2018.02.22 11:18:56.122,9.99202,9.99375,1.37,1.00
2018.02.22 11:19:01.424,9.99186,9.99359,1.57,1.00
2018.02.22 11:19:01.866,9.99186,9.99359,1.82,1.00
2018.02.22 11:19:02.321,9.99186,9.99359,1.37,1.00
2018.02.22 11:19:02.372,9.99186,9.99359,1.82,1.00
2018.02.22 11:19:02.424,9.99186,9.99359,1.82,1.00
2018.02.22 11:19:02.577,9.99176,9.99359,1.82,1.00
2018.02.22 11:19:02.867,9.99176,9.99359,1.37,1.00
2018.02.22 11:19:03.973,9.9917,9.99352,1.37,1.00
2018.02.22 11:19:04.303,9.99166,9.99342,1.37,1.00
2018.02.22 11:19:04.879,9.99166,9.99334,1.57,1.00
2018.02.22 11:19:05.295,9.9916,9.99334,1.82,1.00
2018.02.22 11:19:05.346,9.99154,9.99326,1.82,1.00
2018.02.22 11:19:05.449,9.99149,9.99326,1.82,1.00
2018.02.22 11:19:08.956,9.99136,9.99322,1.82,1.00
2018.02.22 11:19:09.916,9.99135,9.99314,1.82,1.00
2018.02.22 11:19:09.967,9.99135,9.99314,1.82,1.00
2018.02.22 11:19:10.019,9.99135,9.99311,1.82,1.00
2018.02.22 11:19:10.070,9.99133,9.99311,1.82,1.00
2018.02.22 11:19:10.972,9.99124,9.99309,1.37,1.00
2018.02.22 11:19:11.385,9.9912,9.99303,1.57,1.00
2018.02.22 11:19:11.972,9.9912,9.99295,1.82,1.00
2018.02.22 11:19:12.177,9.9912,9.99295,1.82,1.00
2018.02.22 11:19:13.148,9.99099,9.99281,1.82,1.00
2018.02.22 11:19:13.251,9.991,9.99271,1.82,1.00
2018.02.22 11:19:13.353,9.991,9.9928,1.82,1.00
2018.02.22 11:19:13.456,9.991,9.9928,1.82,1.00
2018.02.22 11:19:13.775,9.991,9.99265,1.82,1.00
2018.02.22 11:19:14.500,9.99099,9.99265,1.82,1.00
2018.02.22 11:19:14.551,9.99143,9.99265,1.37,1.00
2018.02.22 11:19:14.602,9.99142,9.99265,1.00,1.00
2018.02.22 11:19:14.815,9.99093,9.99265,1.82,1.00
2018.02.22 11:19:15.075,9.99093,9.99265,1.82,1.00
2018.02.22 11:19:15.526,9.99093,9.99265,1.82,1.00
2018.02.22 11:19:15.918,9.99093,9.99265,1.82,1.00
2018.02.22 11:19:16.444,9.99093,9.99265,1.82,1.00
2018.02.22 11:19:18.042,9.99093,9.99265,1.82,1.00
2018.02.22 11:19:19.717,9.99093,9.99265,1.82,1.00
2018.02.22 11:19:20.583,9.99093,9.99265,1.82,1.00
2018.02.22 11:19:20.685,9.99091,9.99265,1.82,1.00
2018.02.22 11:19:20.789,9.99087,9.99265,2.32,1.00
2018.02.22 11:19:21.006,9.99091,9.99265,1.82,1.00
2018.02.22 11:19:21.750,9.99091,9.99265,1.82,1.00
2018.02.22 11:19:22.073,9.991,9.99265,1.82,1.00
2018.02.22 11:19:22.229,9.99194,9.99363,1.42,1.00
2018.02.22 11:19:22.281,9.9921,9.99381,1.82,1.00
2018.02.22 11:19:22.333,9.99211,9.99384,1.57,1.00
2018.02.22 11:19:22.528,9.99211,9.99379,1.57,1.00
2018.02.22 11:19:22.734,9.99211,9.99379,1.57,1.00
2018.02.22 11:19:22.888,9.99211,9.99387,1.57,1.00
2018.02.22 11:19:22.940,9.99211,9.99387,1.57,1.00
2018.02.22 11:19:23.094,9.99226,9.99406,1.45,1.00
2018.02.22 11:19:23.146,9.9924,9.99419,1.82,1.00
2018.02.22 11:19:23.506,9.9923,9.99415,1.82,1.00
2018.02.22 11:19:23.884,9.99238,9.99419,1.82,1.00
2018.02.22 11:19:23.987,9.99238,9.99419,1.82,1.00
2018.02.22 11:19:24.090,9.9923,9.99409,1.57,1.00
2018.02.22 11:19:25.895,9.9922,9.99399,1.37,1.00
2018.02.22 11:19:28.949,9.99215,9.99399,1.82,1.00
2018.02.22 11:19:29.957,9.99215,9.99391,1.37,1.00
2018.02.22 11:19:30.732,9.9921,9.99392,1.37,1.00
2018.02.22 11:19:31.523,9.9921,9.99383,1.37,1.00
2018.02.22 11:19:32.288,9.9921,9.99382,1.37,1.00
2018.02.22 11:19:33.815,9.9922,9.99396,1.37,1.00
2018.02.22 11:19:33.866,9.99225,9.99404,1.00,1.00
2018.02.22 11:19:33.918,9.99225,9.99404,1.45,1.00
2018.02.22 11:19:34.173,9.99225,9.99405,1.00,1.00
2018.02.22 11:19:35.512,9.99225,9.99404,1.82,1.00
2018.02.22 11:19:45.632,9.99229,9.99404,1.75,1.00
2018.02.22 11:19:46.624,9.99229,9.99404,1.37,1.00
2018.02.22 11:19:50.098,9.99217,9.99405,1.82,1.00
2018.02.22 11:19:51.163,9.99217,9.99405,1.37,1.00
2018.02.22 11:19:52.812,9.99214,9.99397,1.50,1.00
2018.02.22 11:19:52.864,9.99218,9.99406,1.37,1.00
2018.02.22 11:19:53.971,9.99212,9.99396,1.82,1.00
2018.02.22 11:19:55.487,9.99213,9.99396,1.42,1.00
2018.02.22 11:19:55.643,9.99276,9.99424,1.50,1.00
2018.02.22 11:19:55.695,9.99253,9.99432,1.82,1.00
2018.02.22 11:19:55.747,9.99263,9.99445,1.45,1.00
2018.02.22 11:19:55.800,9.99263,9.99437,1.45,1.00
2018.02.22 11:19:55.852,9.99263,9.99445,1.45,1.00
2018.02.22 11:19:55.904,9.99263,9.99445,1.45,1.00
2018.02.22 11:20:00.007,9.99311,9.99453,1.20,1.00
2018.02.22 11:20:00.060,9.99367,9.99487,1.00,1.00
2018.02.22 11:20:00.112,9.99353,9.99517,1.45,1.00
2018.02.22 11:20:00.164,9.99354,9.99533,1.45,1.00
2018.02.22 11:20:00.290,9.99363,9.99545,1.82,1.00
2018.02.22 11:20:00.342,9.99363,9.99545,1.82,1.00
2018.02.22 11:20:00.496,9.99383,9.99562,1.45,1.00
2018.02.22 11:20:00.548,9.99383,9.99561,1.45,1.00
2018.02.22 11:20:00.599,9.99383,9.99571,1.45,1.00
2018.02.22 11:20:00.803,9.99383,9.99571,1.45,1.00
2018.02.22 11:20:01.192,9.99383,9.99571,1.45,1.00
2018.02.22 11:20:01.244,9.99383,9.99571,1.00,1.00
2018.02.22 11:20:01.296,9.99383,9.9956,1.00,1.00
2018.02.22 11:20:01.598,9.99373,9.99559,1.82,1.00
2018.02.22 11:20:04.858,9.99373,9.99558,1.82,1.00
2018.02.22 11:20:10.051,9.99376,9.9956,1.82,1.00
2018.02.22 11:20:10.284,9.99376,9.9956,1.82,1.00
2018.02.22 11:20:14.064,9.99376,9.9956,1.82,1.00
2018.02.22 11:20:14.115,9.99376,9.9956,1.82,1.00
2018.02.22 11:20:16.524,9.99376,9.9956,1.82,1.00
2018.02.22 11:20:16.816,9.99376,9.9956,1.37,1.00
2018.02.22 11:20:17.868,9.99376,9.9956,1.37,1.00
2018.02.22 11:20:23.301,9.99373,9.99551,1.37,1.00
2018.02.22 11:20:24.267,9.99373,9.99552,1.37,1.00
2018.02.22 11:20:26.977,9.99373,9.99552,1.82,1.00
2018.02.22 11:20:27.131,9.99373,9.99552,1.37,1.00
2018.02.22 11:20:28.162,9.99373,9.99551,1.37,1.00
2018.02.22 11:20:29.291,9.99373,9.99551,1.37,1.00
2018.02.22 11:20:29.414,9.99362,9.99549,1.82,1.00
2018.02.22 11:20:29.724,9.99362,9.99539,1.82,1.00
2018.02.22 11:20:30.052,9.99362,9.99541,1.82,1.00
2018.02.22 11:20:30.530,9.99362,9.99541,1.82,1.00
2018.02.22 11:20:30.594,9.99362,9.99541,1.82,1.00
2018.02.22 11:20:30.646,9.99362,9.99541,1.37,1.00
2018.02.22 11:20:33.597,9.99362,9.99541,1.82,1.00
2018.02.22 11:20:34.206,9.99362,9.99541,1.37,1.00
2018.02.22 11:20:37.572,9.9936,9.99541,1.82,1.00
2018.02.22 11:20:38.415,9.9936,9.99541,1.37,1.00
2018.02.22 11:20:38.749,9.9936,9.99541,1.37,1.00
2018.02.22 11:20:38.801,9.99351,9.99533,1.82,1.00
2018.02.22 11:20:39.260,9.99351,9.99533,1.82,1.00
2018.02.22 11:20:39.311,9.99351,9.99533,1.82,1.00
2018.02.22 11:20:39.700,9.99347,9.99524,1.37,1.00
2018.02.22 11:20:40.010,9.99337,9.99514,1.37,1.00
2018.02.22 11:20:40.062,9.99328,9.99505,1.82,1.00
2018.02.22 11:20:40.144,9.99328,9.99514,1.37,1.00
2018.02.22 11:20:40.195,9.99328,9.99506,1.37,1.00
2018.02.22 11:20:40.247,9.99328,9.99516,1.37,1.00
2018.02.22 11:20:40.299,9.99328,9.99508,1.37,1.00
2018.02.22 11:20:40.667,9.99328,9.99501,1.37,1.00
2018.02.22 11:20:41.138,9.99318,9.99501,1.37,1.00
2018.02.22 11:20:43.900,9.99314,9.99492,1.37,1.00
2018.02.22 11:20:46.522,9.99304,9.99479,1.82,1.00
2018.02.22 11:20:47.264,9.99304,9.99471,1.37,1.00
2018.02.22 11:20:47.524,9.99304,9.99481,1.37,1.00
2018.02.22 11:20:47.959,9.99293,9.99472,1.82,1.00
2018.02.22 11:20:48.263,9.99293,9.99482,1.82,1.50
2018.02.22 11:20:48.512,9.99293,9.99474,1.37,1.00
2018.02.22 11:20:50.051,9.99293,9.99476,1.37,1.00
2018.02.22 11:20:50.377,9.99293,9.99468,1.37,1.00
2018.02.22 11:20:51.524,9.99292,9.9946,1.37,1.00
2018.02.22 11:20:54.157,9.99283,9.9946,1.37,1.00
2018.02.22 11:20:57.560,9.99275,9.99452,1.37,1.00
2018.02.22 11:20:57.663,9.99275,9.99453,1.37,1.00
2018.02.22 11:20:59.540,9.99275,9.99453,1.37,1.00
2018.02.22 11:21:08.959,9.99261,9.99444,2.32,1.00
2018.02.22 11:21:09.649,9.99261,9.99436,1.37,1.00
2018.02.22 11:21:09.822,9.99261,9.99444,1.37,1.00
2018.02.22 11:21:10.038,9.99261,9.99439,1.37,1.00
2018.02.22 11:21:10.323,9.9926,9.9944,1.37,1.00
2018.02.22 11:21:10.375,9.9925,9.99432,1.37,1.00
2018.02.22 11:21:11.517,9.9925,9.99432,1.37,1.00
2018.02.22 11:21:12.728,9.9925,9.99432,1.37,1.00
2018.02.22 11:21:13.445,9.9925,9.99424,1.37,1.00
2018.02.22 11:21:15.052,9.99268,9.99424,1.82,1.00
2018.02.22 11:21:15.104,9.9925,9.99433,1.82,1.00
2018.02.22 11:21:15.155,9.9925,9.99433,1.82,1.00
2018.02.22 11:21:16.684,9.9925,9.99432,1.82,1.00
2018.02.22 11:21:17.944,9.9925,9.99432,1.82,1.00
2018.02.22 11:21:18.246,9.9925,9.99432,1.82,1.00
2018.02.22 11:21:18.785,9.9925,9.99432,1.82,1.00
2018.02.22 11:21:20.944,9.99242,9.99419,2.32,1.00
2018.02.22 11:21:20.996,9.9924,9.99419,1.37,1.00
2018.02.22 11:21:21.048,9.99239,9.99416,1.37,1.00
2018.02.22 11:21:21.202,9.99226,9.99399,1.37,1.50
2018.02.22 11:21:21.356,9.99218,9.99389,1.37,1.00
2018.02.22 11:21:21.664,9.99209,9.99379,1.37,1.00
2018.02.22 11:21:22.090,9.99209,9.99376,1.37,1.00
2018.02.22 11:21:22.597,9.99209,9.99374,1.37,1.00
2018.02.22 11:21:22.853,9.99183,9.99366,1.37,1.50
2018.02.22 11:21:23.338,9.99186,9.99366,1.82,1.00
2018.02.22 11:21:23.580,9.99186,9.99366,1.37,1.00
2018.02.22 11:21:23.751,9.99186,9.99359,1.45,1.00
2018.02.22 11:21:24.097,9.99177,9.99349,1.82,1.00
2018.02.22 11:21:24.780,9.99169,9.99349,1.82,1.00
2018.02.22 11:21:24.832,9.99167,9.99344,1.37,1.00
2018.02.22 11:21:24.884,9.99161,9.9934,1.82,1.00
2018.02.22 11:21:25.190,9.99161,9.9934,1.57,1.00
2018.02.22 11:21:25.241,9.99161,9.9934,1.82,1.00
2018.02.22 11:21:25.395,9.99161,9.99343,1.82,1.00
2018.02.22 11:21:25.774,9.99161,9.99343,1.82,1.00
2018.02.22 11:21:26.619,9.99161,9.99343,1.82,1.00
2018.02.22 11:21:26.670,9.99161,9.99343,1.57,1.00
2018.02.22 11:21:26.722,9.99161,9.99343,1.57,1.00
2018.02.22 11:21:28.036,9.99192,9.99324,1.37,1.00
2018.02.22 11:21:28.088,9.99154,9.99336,1.82,1.00
2018.02.22 11:21:28.140,9.99154,9.99336,1.82,1.00
2018.02.22 11:21:28.243,9.99154,9.99336,1.82,1.00
2018.02.22 11:21:30.089,9.9915,9.99336,1.82,1.00
2018.02.22 11:21:31.662,9.9915,9.99336,1.82,1.00
2018.02.22 11:21:35.991,9.9915,9.99333,1.82,1.00
2018.02.22 11:21:38.910,9.9915,9.99333,1.82,1.00
2018.02.22 11:21:39.589,9.9915,9.99333,1.82,1.00
2018.02.22 11:21:43.169,9.99157,9.99329,1.10,1.00
2018.02.22 11:21:43.273,9.99161,9.99329,1.20,1.00
2018.02.22 11:21:43.582,9.99145,9.99329,2.32,1.00
2018.02.22 11:21:47.538,9.99145,9.99329,1.82,1.00
2018.02.22 11:21:48.786,9.99145,9.99329,1.37,1.00
2018.02.22 11:21:48.838,9.99144,9.993,1.37,1.00
2018.02.22 11:21:49.045,9.99127,9.99294,1.00,1.00
2018.02.22 11:21:49.404,9.99117,9.99284,1.37,1.00
2018.02.22 11:21:50.741,9.99098,9.99284,1.82,1.00
2018.02.22 11:21:51.018,9.99108,9.9928,1.10,1.00
2018.02.22 11:21:51.123,9.99097,9.9928,1.82,1.00
2018.02.22 11:21:52.024,9.99097,9.9928,1.82,1.00
2018.02.22 11:21:55.879,9.99089,9.99274,1.82,1.00
2018.02.22 11:22:03.518,9.99118,9.99274,1.37,1.00
2018.02.22 11:22:04.284,9.99118,9.99274,1.00,1.00
2018.02.22 11:22:04.335,9.99092,9.99274,1.82,1.00
2018.02.22 11:22:05.056,9.99094,9.99274,1.82,1.00
2018.02.22 11:22:06.012,9.99104,9.99274,1.45,1.00
2018.02.22 11:22:06.063,9.99104,9.9928,1.45,1.00
2018.02.22 11:22:06.452,9.99104,9.9928,1.45,1.00
2018.02.22 11:22:06.504,9.99104,9.9928,1.45,1.00
2018.02.22 11:22:06.946,9.99104,9.9928,1.45,1.00
2018.02.22 11:22:09.142,9.99095,9.9927,1.82,1.00
2018.02.22 11:22:11.925,9.99099,9.9927,1.82,1.00
2018.02.22 11:22:12.028,9.9909,9.9928,1.82,1.00
2018.02.22 11:22:12.131,9.9909,9.9927,1.82,1.00
2018.02.22 11:22:13.664,9.9909,9.9927,1.82,1.00
2018.02.22 11:22:14.003,9.9909,9.9927,1.82,1.00
2018.02.22 11:22:17.437,9.9909,9.9927,1.37,1.50
2018.02.22 11:22:17.488,9.99082,9.99259,1.37,1.00
2018.02.22 11:22:17.539,9.99082,9.9927,1.37,1.50
2018.02.22 11:22:20.088,9.99077,9.99266,1.37,1.00
2018.02.22 11:22:20.647,9.99076,9.99266,1.87,1.00
2018.02.22 11:22:21.085,9.99076,9.99249,1.87,1.00
2018.02.22 11:22:21.217,9.99076,9.99266,1.87,1.50
2018.02.22 11:22:21.269,9.99083,9.9927,1.82,1.00
2018.02.22 11:22:21.638,9.99084,9.9927,1.82,1.00
2018.02.22 11:22:22.834,9.99084,9.99274,1.82,1.00
2018.02.22 11:22:23.619,9.99084,9.99274,1.82,1.00
2018.02.22 11:22:23.737,9.99118,9.99283,1.82,1.00
2018.02.22 11:22:23.840,9.99093,9.99283,1.82,1.00
2018.02.22 11:22:24.219,9.99093,9.99283,1.82,1.00
2018.02.22 11:22:27.266,9.99093,9.99283,1.82,1.00
2018.02.22 11:22:27.632,9.99093,9.99283,1.82,1.00
2018.02.22 11:22:27.737,9.99085,9.99275,1.82,1.00
2018.02.22 11:22:27.788,9.99085,9.99275,1.82,1.00
2018.02.22 11:22:27.839,9.99085,9.99275,1.82,1.00
2018.02.22 11:22:28.160,9.99085,9.99275,1.82,1.00
2018.02.22 11:22:28.262,9.99085,9.99275,1.82,1.00
2018.02.22 11:22:28.417,9.99093,9.99283,1.82,1.00
2018.02.22 11:22:28.729,9.99085,9.99275,1.82,1.00
2018.02.22 11:22:28.830,9.99085,9.99275,1.82,1.00
2018.02.22 11:22:28.881,9.99085,9.99275,1.82,1.00
2018.02.22 11:22:29.087,9.99085,9.99275,1.82,1.00
2018.02.22 11:22:31.276,9.99085,9.99275,1.82,1.00
2018.02.22 11:22:31.387,9.99085,9.99275,1.82,1.00
2018.02.22 11:22:31.910,9.99085,9.99275,1.82,1.00
2018.02.22 11:22:32.362,9.99085,9.99275,1.82,1.00
2018.02.22 11:22:32.910,9.99085,9.99275,1.82,1.00
2018.02.22 11:22:33.397,9.99085,9.99275,1.82,1.00
2018.02.22 11:22:33.900,9.99085,9.99275,1.82,1.00
2018.02.22 11:22:34.363,9.99085,9.99275,1.82,1.00
2018.02.22 11:22:34.911,9.99085,9.99275,1.82,1.00
2018.02.22 11:22:35.399,9.99084,9.99276,1.82,1.00
2018.02.22 11:22:35.911,9.99085,9.99275,1.82,1.00
2018.02.22 11:22:35.962,9.99082,9.99266,1.82,1.00
2018.02.22 11:22:36.267,9.99085,9.99275,1.82,1.00
2018.02.22 11:22:36.601,9.99085,9.99275,1.82,1.00
2018.02.22 11:22:36.653,9.99085,9.99275,1.82,1.00
2018.02.22 11:22:38.438,9.99062,9.99219,1.00,1.00
2018.02.22 11:22:38.540,9.99051,9.99219,1.82,1.00
2018.02.22 11:22:38.754,9.99061,9.99219,1.10,1.00
2018.02.22 11:22:42.025,9.99061,9.9922,1.10,1.00
2018.02.22 11:22:42.711,9.99043,9.99209,1.82,1.00
2018.02.22 11:22:43.027,9.99043,9.99189,1.37,1.00
2018.02.22 11:22:45.088,9.99035,9.99189,2.62,1.00
2018.02.22 11:23:02.113,9.99068,9.99189,1.10,1.00
2018.02.22 11:23:02.166,9.99085,9.99229,2.25,1.00
2018.02.22 11:23:02.218,9.99085,9.99239,2.25,1.00
2018.02.22 11:23:02.321,9.99092,9.99239,1.00,1.00
2018.02.22 11:23:03.128,9.99091,9.9924,1.00,1.00
2018.02.22 11:23:06.012,9.99091,9.9924,1.45,1.00
2018.02.22 11:23:06.064,9.99091,9.9924,1.00,1.00
2018.02.22 11:23:06.311,9.99092,9.99239,1.82,1.00
2018.02.22 11:23:06.363,9.99085,9.9926,3.07,1.00
2018.02.22 11:23:06.417,9.99092,9.99282,1.82,1.50
2018.02.22 11:23:06.469,9.99135,9.99303,2.32,1.00
2018.02.22 11:23:06.809,9.99162,9.99352,1.82,1.00
2018.02.22 11:23:06.962,9.99162,9.99314,1.82,1.98
2018.02.22 11:23:07.014,9.99172,9.99324,1.82,1.00
2018.02.22 11:23:07.066,9.99173,9.99324,1.82,1.00
2018.02.22 11:23:07.283,9.99173,9.99324,1.37,1.00
2018.02.22 11:23:07.446,9.9916,9.99328,1.82,1.00
2018.02.22 11:23:07.497,9.99161,9.99344,1.82,1.00
2018.02.22 11:23:07.620,9.99161,9.99335,1.82,1.50
2018.02.22 11:23:07.775,9.99155,9.99335,1.82,1.00
2018.02.22 11:23:07.826,9.99162,9.99335,1.10,1.00
2018.02.22 11:23:08.030,9.99155,9.99335,1.82,1.00
2018.02.22 11:23:08.336,9.99146,9.99335,1.82,1.00
2018.02.22 11:23:08.389,9.99146,9.99325,1.82,1.00
2018.02.22 11:23:08.937,9.99146,9.99325,1.82,1.00
2018.02.22 11:23:09.142,9.9914,9.99319,1.37,1.00
2018.02.22 11:23:10.043,9.9914,9.99312,1.00,1.00
2018.02.22 11:23:10.094,9.99125,9.99312,1.37,1.00
2018.02.22 11:23:10.145,9.99125,9.99302,1.37,1.00
2018.02.22 11:23:10.450,9.99119,9.99288,1.37,1.00
2018.02.22 11:23:11.030,9.99119,9.99285,1.37,1.00
2018.02.22 11:23:12.141,9.99094,9.99281,1.82,1.00
2018.02.22 11:23:12.368,9.99094,9.99272,1.82,1.00
2018.02.22 11:23:18.310,9.99094,9.99272,1.82,1.00
2018.02.22 11:23:18.362,9.99094,9.99272,1.82,1.00
2018.02.22 11:23:18.414,9.99082,9.99272,1.37,1.00
2018.02.22 11:23:18.467,9.99081,9.99273,1.82,1.00
2018.02.22 11:23:18.939,9.99082,9.99267,1.82,1.00
2018.02.22 11:23:20.198,9.99082,9.99267,1.82,1.00
2018.02.22 11:23:21.199,9.99081,9.99267,1.82,1.00
2018.02.22 11:23:39.209,9.99079,9.99267,1.45,1.00
2018.02.22 11:23:39.431,9.99079,9.99267,1.45,1.00
2018.02.22 11:23:39.870,9.99079,9.99267,1.45,1.00
2018.02.22 11:23:40.215,9.99079,9.99267,1.82,1.00
2018.02.22 11:23:40.471,9.99079,9.99267,1.82,1.00
2018.02.22 11:23:40.522,9.99079,9.99267,1.82,1.00
2018.02.22 11:23:40.828,9.99079,9.99267,1.82,1.00
2018.02.22 11:23:41.084,9.99079,9.99267,1.82,1.00
2018.02.22 11:23:42.059,9.99079,9.99267,1.82,1.00
2018.02.22 11:23:44.104,9.99079,9.99267,1.82,1.00
2018.02.22 11:23:44.420,9.99079,9.99267,1.82,1.00
2018.02.22 11:23:44.472,9.99079,9.99267,1.82,1.00
2018.02.22 11:23:44.589,9.99079,9.99267,1.82,1.00
2018.02.22 11:23:48.965,9.99078,9.99267,1.82,1.00
2018.02.22 11:23:49.482,9.99078,9.99267,1.82,1.00
2018.02.22 11:23:50.051,9.99075,9.99265,1.82,1.00
2018.02.22 11:23:51.261,9.99074,9.99266,1.82,1.50
2018.02.22 11:23:52.900,9.99085,9.99266,1.82,1.00
2018.02.22 11:23:53.394,9.99077,9.99266,1.82,1.00
2018.02.22 11:23:54.544,9.99118,9.99266,1.37,1.00
2018.02.22 11:23:54.786,9.99089,9.99266,1.82,1.00
2018.02.22 11:23:54.838,9.99077,9.99266,1.82,1.00
2018.02.22 11:24:00.069,9.9908,9.99248,1.82,1.00
2018.02.22 11:24:05.027,9.9908,9.99248,1.82,1.00
2018.02.22 11:24:06.093,9.9908,9.99248,1.82,1.00
2018.02.22 11:24:06.300,9.9908,9.99248,1.82,1.00
2018.02.22 11:24:06.351,9.9908,9.99248,1.82,1.00
2018.02.22 11:24:12.604,9.99093,9.99248,1.45,1.00
2018.02.22 11:24:12.655,9.99082,9.99248,1.82,1.00
2018.02.22 11:24:13.051,9.99093,9.99248,1.45,1.00
2018.02.22 11:24:13.102,9.99101,9.99248,1.45,1.00
2018.02.22 11:24:13.354,9.99093,9.99248,1.45,1.00
2018.02.22 11:24:13.934,9.99107,9.99273,1.82,1.00
2018.02.22 11:24:13.985,9.99137,9.99313,1.37,1.00
2018.02.22 11:24:14.088,9.99137,9.99313,1.82,1.00
2018.02.22 11:24:14.192,9.99137,9.99312,1.82,1.00
2018.02.22 11:24:14.244,9.99137,9.99312,1.82,1.00
2018.02.22 11:24:14.415,9.99137,9.99312,1.82,1.00
2018.02.22 11:24:14.466,9.99137,9.99312,1.82,1.00
2018.02.22 11:24:14.518,9.99136,9.99312,1.82,1.00
2018.02.22 11:24:14.569,9.99137,9.99315,1.82,1.00
2018.02.22 11:24:14.674,9.99142,9.99332,1.37,1.00
2018.02.22 11:24:14.726,9.99142,9.99326,1.37,1.00
2018.02.22 11:24:15.252,9.99137,9.99325,1.37,1.00
2018.02.22 11:24:15.568,9.99137,9.99302,1.37,1.00
2018.02.22 11:24:16.376,9.99161,9.99317,1.45,1.00
2018.02.22 11:24:16.428,9.99186,9.99349,1.45,1.00
2018.02.22 11:24:16.551,9.99196,9.9936,1.82,1.00
2018.02.22 11:24:16.603,9.99211,9.99384,1.82,1.00
2018.02.22 11:24:16.654,9.9921,9.99386,1.37,1.00
2018.02.22 11:24:16.706,9.99218,9.99396,1.45,1.00
2018.02.22 11:24:16.758,9.99218,9.99408,1.45,1.00
2018.02.22 11:24:16.861,9.99229,9.99409,1.45,1.00
2018.02.22 11:24:16.966,9.99237,9.99419,1.45,1.00
2018.02.22 11:24:17.018,9.99245,9.99419,1.82,1.00
2018.02.22 11:24:17.070,9.99245,9.99419,1.82,1.00
2018.02.22 11:24:17.377,9.99235,9.99419,1.82,1.00
2018.02.22 11:24:17.428,9.99235,9.99419,1.82,1.00
2018.02.22 11:24:17.479,9.99235,9.99419,1.82,1.00
2018.02.22 11:24:17.530,9.99229,9.99416,1.82,1.00
2018.02.22 11:24:17.581,9.99229,9.99404,1.37,1.00
2018.02.22 11:24:17.683,9.99229,9.99396,1.82,1.00
2018.02.22 11:24:17.937,9.99229,9.99404,1.37,1.00
2018.02.22 11:24:18.597,9.99214,9.99404,1.82,1.00
2018.02.22 11:24:20.317,9.99214,9.99404,1.82,1.00
2018.02.22 11:24:21.517,9.99214,9.99404,1.37,1.00
2018.02.22 11:24:21.601,9.99214,9.99404,1.82,1.00
2018.02.22 11:24:24.563,9.99214,9.99404,1.37,1.00
2018.02.22 11:24:30.050,9.99216,9.99406,1.37,1.50
2018.02.22 11:24:30.812,9.99216,9.99406,1.37,1.50
2018.02.22 11:24:31.290,9.99214,9.99398,1.37,1.00
2018.02.22 11:24:31.486,9.99189,9.99379,1.00,1.00
2018.02.22 11:24:31.640,9.99197,9.99386,1.00,1.00
2018.02.22 11:24:32.073,9.99189,9.99355,1.00,1.00
2018.02.22 11:24:32.341,9.99167,9.99357,1.82,1.00
2018.02.22 11:24:32.565,9.99176,9.99366,1.37,1.00
2018.02.22 11:24:32.668,9.99176,9.99366,1.82,1.00
2018.02.22 11:24:32.821,9.99181,9.99366,1.82,1.00
2018.02.22 11:24:32.873,9.99189,9.99368,1.12,1.00
2018.02.22 11:24:33.304,9.9918,9.99368,1.82,1.00
2018.02.22 11:24:33.415,9.9918,9.99368,1.82,1.00
2018.02.22 11:24:33.620,9.9918,9.99368,1.37,1.00
2018.02.22 11:24:34.165,9.9918,9.99368,1.37,1.00
2018.02.22 11:24:34.624,9.99176,9.9936,1.37,1.00
2018.02.22 11:24:34.977,9.99178,9.99368,1.37,1.50
2018.02.22 11:24:35.948,9.99169,9.99359,1.37,1.00
2018.02.22 11:24:37.386,9.99177,9.99365,1.37,1.00
2018.02.22 11:24:37.437,9.99171,9.99354,1.57,1.00
2018.02.22 11:24:38.022,9.9917,9.99355,1.82,1.00
2018.02.22 11:24:38.540,9.99171,9.99354,1.37,1.00
2018.02.22 11:24:38.875,9.99171,9.99354,1.82,1.00
2018.02.22 11:24:38.927,9.99171,9.99354,1.37,1.00
2018.02.22 11:24:39.172,9.99172,9.99362,1.37,1.00
2018.02.22 11:24:39.916,9.99172,9.99352,1.45,1.00
2018.02.22 11:24:40.018,9.99163,9.99352,1.45,1.00
2018.02.22 11:24:40.271,9.99164,9.99341,1.00,1.00
2018.02.22 11:24:40.322,9.99156,9.99341,1.45,1.00
2018.02.22 11:24:40.373,9.99157,9.99341,1.45,1.00
2018.02.22 11:24:41.087,9.99157,9.99341,1.45,1.00
2018.02.22 11:24:41.395,9.99157,9.99341,1.45,1.00
2018.02.22 11:24:41.767,9.99157,9.99341,1.45,1.00
2018.02.22 11:24:42.429,9.99166,9.99341,1.00,1.00
2018.02.22 11:24:42.481,9.99158,9.99341,1.45,1.00
2018.02.22 11:24:42.532,9.99158,9.99341,1.45,1.00
2018.02.22 11:24:43.465,9.99148,9.99338,1.45,1.00
2018.02.22 11:24:43.568,9.99148,9.99338,1.45,1.00
2018.02.22 11:24:43.875,9.99148,9.99338,1.45,1.00
2018.02.22 11:24:44.307,9.99148,9.99338,1.45,1.00
2018.02.22 11:24:44.409,9.99148,9.99338,1.45,1.00
2018.02.22 11:24:44.672,9.99148,9.99338,1.45,1.00
2018.02.22 11:24:45.478,9.99148,9.99338,1.45,1.00
2018.02.22 11:24:47.052,9.99148,9.99338,1.45,1.00
2018.02.22 11:24:50.052,9.99146,9.99336,1.45,1.00
2018.02.22 11:24:50.377,9.99146,9.99336,1.45,1.00
2018.02.22 11:24:51.379,9.99146,9.99334,1.45,1.00
2018.02.22 11:24:52.272,9.99146,9.99331,1.45,1.00
2018.02.22 11:24:52.375,9.99138,9.99328,1.45,1.00
2018.02.22 11:24:52.427,9.99138,9.99328,1.45,1.00
2018.02.22 11:24:52.479,9.99138,9.99328,1.45,1.00
2018.02.22 11:24:52.601,9.99147,9.99331,1.45,1.12
2018.02.22 11:24:52.653,9.99138,9.99328,1.45,1.00
2018.02.22 11:24:52.705,9.99138,9.99328,1.45,1.00
2018.02.22 11:24:52.757,9.99138,9.99314,1.45,1.00
2018.02.22 11:24:52.809,9.99138,9.99326,1.45,1.37
2018.02.22 11:24:52.861,9.99146,9.99326,1.45,1.37
2018.02.22 11:24:53.280,9.99146,9.99326,1.45,1.37
2018.02.22 11:24:53.383,9.99146,9.99326,1.00,1.00
2018.02.22 11:24:53.490,9.99138,9.99326,1.00,1.00
2018.02.22 11:24:53.778,9.99146,9.99326,1.45,1.00
2018.02.22 11:24:54.084,9.99146,9.99326,1.45,1.00
2018.02.22 11:24:54.426,9.99146,9.99326,1.45,1.00
2018.02.22 11:24:54.566,9.99146,9.99326,1.00,1.00
2018.02.22 11:24:55.361,9.99136,9.99326,1.00,1.50
2018.02.22 11:24:55.977,9.99136,9.99326,1.45,1.50
2018.02.22 11:24:56.165,9.99136,9.99326,1.00,1.50
2018.02.22 11:24:56.217,9.99136,9.9932,1.00,1.00
2018.02.22 11:24:56.524,9.99136,9.99311,1.45,1.00
2018.02.22 11:24:56.576,9.99136,9.99311,1.00,1.00
2018.02.22 11:24:57.145,9.99126,9.99311,1.45,1.00
2018.02.22 11:24:57.196,9.99126,9.99306,1.45,1.00
2018.02.22 11:24:57.504,9.99106,9.99296,1.95,1.00
2018.02.22 11:24:57.658,9.99118,9.99304,1.45,1.37
2018.02.22 11:24:57.709,9.99118,9.99304,1.45,1.37
2018.02.22 11:24:58.308,9.99118,9.99304,1.45,1.37
2018.02.22 11:24:58.411,9.99107,9.99297,1.45,1.00
2018.02.22 11:24:58.463,9.99107,9.99297,1.82,1.00
2018.02.22 11:24:59.288,9.99107,9.99297,1.45,1.00
2018.02.22 11:24:59.438,9.99107,9.99297,1.45,1.00
2018.02.22 11:24:59.490,9.99107,9.99297,1.45,1.00
2018.02.22 11:24:59.542,9.99096,9.99285,1.45,1.00
2018.02.22 11:24:59.874,9.99096,9.99285,1.45,1.00
2018.02.22 11:24:59.925,9.99096,9.99285,1.45,1.00
2018.02.22 11:25:00.038,9.99096,9.99285,1.45,1.00
2018.02.22 11:25:00.601,9.99096,9.99285,1.45,1.00
2018.02.22 11:25:00.730,9.99096,9.99285,1.45,1.00
2018.02.22 11:25:00.781,9.99096,9.99285,1.45,1.00
2018.02.22 11:25:00.833,9.99088,9.99278,1.45,1.00
2018.02.22 11:25:00.936,9.99088,9.99278,1.45,1.00
2018.02.22 11:25:02.957,9.99088,9.99278,1.45,1.00
2018.02.22 11:25:03.681,9.99088,9.99278,1.45,1.00
2018.02.22 11:25:03.840,9.99088,9.99278,1.45,1.00
2018.02.22 11:25:04.050,9.99088,9.99274,1.45,1.00
2018.02.22 11:25:04.203,9.99088,9.99274,1.45,1.00
2018.02.22 11:25:04.583,9.99088,9.99268,1.45,1.00
2018.02.22 11:25:04.715,9.99088,9.99278,1.45,1.37
2018.02.22 11:25:05.292,9.99088,9.99278,1.45,1.87
2018.02.22 11:25:05.394,9.99088,9.99268,1.45,1.00
2018.02.22 11:25:06.183,9.99088,9.99268,1.45,1.00
2018.02.22 11:25:10.024,9.99084,9.99268,1.45,1.00
2018.02.22 11:25:12.000,9.99093,9.99268,1.45,1.00
2018.02.22 11:25:12.103,9.99093,9.99268,1.45,1.00
2018.02.22 11:25:12.286,9.99085,9.99268,1.45,1.00
2018.02.22 11:25:12.697,9.99092,9.99268,1.45,1.00
2018.02.22 11:25:12.748,9.99083,9.99268,1.45,1.00
2018.02.22 11:25:13.007,9.99093,9.99268,1.45,1.00
2018.02.22 11:25:13.109,9.99093,9.99268,1.45,1.00
2018.02.22 11:25:13.292,9.99081,9.99268,1.45,1.00
2018.02.22 11:25:17.241,9.99083,9.99268,1.45,1.00
2018.02.22 11:25:18.101,9.99091,9.99268,1.45,1.00
2018.02.22 11:25:18.331,9.99091,9.99268,1.45,1.00
2018.02.22 11:25:18.543,9.99091,9.99268,1.45,1.00
2018.02.22 11:25:19.159,9.99091,9.99268,1.45,1.00
2018.02.22 11:25:19.536,9.99091,9.99268,1.45,1.00
2018.02.22 11:25:19.682,9.99091,9.99268,1.45,1.00
2018.02.22 11:25:20.463,9.99091,9.99281,1.45,1.37
2018.02.22 11:25:20.516,9.99091,9.99281,1.45,1.37
2018.02.22 11:25:20.831,9.99087,9.99273,1.45,1.00
2018.02.22 11:25:20.934,9.99087,9.99273,1.45,1.00
2018.02.22 11:25:21.084,9.99094,9.99284,1.45,1.37
2018.02.22 11:25:21.440,9.99094,9.99284,1.45,1.37
2018.02.22 11:25:21.631,9.99094,9.99284,1.45,1.37
2018.02.22 11:25:22.625,9.99094,9.99284,1.45,1.37
2018.02.22 11:25:22.943,9.99094,9.99284,1.45,1.00
2018.02.22 11:25:23.335,9.99094,9.99284,1.45,1.00
2018.02.22 11:25:23.438,9.99102,9.99291,1.45,1.37
2018.02.22 11:25:28.932,9.99173,9.993,1.20,1.00
2018.02.22 11:25:28.983,9.99211,9.99367,1.00,1.00
2018.02.22 11:25:29.034,9.99211,9.99384,1.45,1.00
2018.02.22 11:25:29.136,9.99228,9.99394,1.00,1.37
2018.02.22 11:25:29.238,9.99228,9.99394,1.45,1.00
2018.02.22 11:25:29.340,9.99228,9.99394,1.45,1.00
2018.02.22 11:25:29.644,9.99219,9.99394,1.45,1.00
2018.02.22 11:25:29.746,9.99209,9.99394,1.45,1.00
2018.02.22 11:25:29.798,9.992,9.9939,1.00,1.00
2018.02.22 11:25:29.849,9.992,9.9939,1.45,1.00
2018.02.22 11:25:30.056,9.9918,9.99372,1.45,1.50
2018.02.22 11:25:30.209,9.99181,9.99371,1.45,1.00
2018.02.22 11:25:30.301,9.99181,9.99371,1.00,1.00
2018.02.22 11:25:32.783,9.99181,9.99361,1.00,1.00
2018.02.22 11:25:33.087,9.9917,9.9936,1.45,1.00
2018.02.22 11:25:33.190,9.9917,9.9936,1.00,1.00
2018.02.22 11:25:33.293,9.9917,9.9936,1.45,1.00
2018.02.22 11:25:33.850,9.9917,9.9936,1.45,1.00
2018.02.22 11:25:34.176,9.9917,9.9935,1.45,1.00
2018.02.22 11:25:34.412,9.9917,9.9935,1.00,1.00
2018.02.22 11:25:34.464,9.99155,9.99345,1.45,1.00
2018.02.22 11:25:34.516,9.99155,9.99338,1.00,1.00
2018.02.22 11:25:34.619,9.99147,9.99337,1.00,1.00
2018.02.22 11:25:34.721,9.99156,9.99338,1.00,1.00
2018.02.22 11:25:34.919,9.99156,9.99346,1.00,1.00
2018.02.22 11:25:35.072,9.99143,9.99333,1.00,1.00
2018.02.22 11:25:35.377,9.99135,9.99325,1.45,1.00
2018.02.22 11:25:35.428,9.99135,9.99325,1.00,1.00
2018.02.22 11:25:35.969,9.99134,9.99326,1.00,1.50
2018.02.22 11:25:36.137,9.99125,9.99309,1.00,1.00
2018.02.22 11:25:36.447,9.99097,9.99287,1.45,1.00
2018.02.22 11:25:36.550,9.99104,9.99294,1.45,1.00
2018.02.22 11:25:37.662,9.99094,9.99284,1.45,1.00
2018.02.22 11:25:37.867,9.99105,9.99273,1.45,1.00
2018.02.22 11:25:41.111,9.99105,9.99273,1.45,1.00
2018.02.22 11:25:43.455,9.99106,9.99273,1.45,1.00
2018.02.22 11:25:43.557,9.99105,9.99273,1.45,1.00
2018.02.22 11:25:43.870,9.99105,9.99273,1.45,1.00
2018.02.22 11:25:43.921,9.99105,9.99273,1.45,1.00
2018.02.22 11:25:45.366,9.99105,9.99273,1.45,1.00
2018.02.22 11:25:46.881,9.99105,9.99273,1.45,1.00
2018.02.22 11:25:46.932,9.99105,9.99273,1.45,1.00
2018.02.22 11:25:48.076,9.99105,9.99273,1.45,1.00
2018.02.22 11:25:48.184,9.99105,9.99273,1.45,1.00
2018.02.22 11:25:48.392,9.99105,9.99273,1.45,1.00
2018.02.22 11:25:48.703,9.99105,9.99273,1.45,1.00
2018.02.22 11:25:48.957,9.99105,9.99273,1.45,1.00
2018.02.22 11:25:49.374,9.99105,9.99273,1.45,1.00
2018.02.22 11:25:49.768,9.99084,9.99271,1.45,1.00
2018.02.22 11:25:50.050,9.99081,9.99271,1.45,1.50
2018.02.22 11:25:50.353,9.99081,9.99248,1.45,1.00
2018.02.22 11:25:51.283,9.99081,9.99248,1.45,1.00
2018.02.22 11:25:51.730,9.99081,9.99248,1.45,1.00
2018.02.22 11:25:52.069,9.99081,9.99248,1.45,1.00
2018.02.22 11:25:54.313,9.99111,9.99271,1.45,1.00
2018.02.22 11:25:54.365,9.99135,9.99296,3.45,1.00
2018.02.22 11:25:54.489,9.99161,9.99338,1.45,1.00
2018.02.22 11:25:54.799,9.99161,9.99338,1.45,1.00
2018.02.22 11:25:55.118,9.99167,9.99338,1.00,1.00
2018.02.22 11:25:55.170,9.99167,9.9935,1.45,1.00
2018.02.22 11:25:55.221,9.99167,9.9935,1.45,1.00
2018.02.22 11:25:55.529,9.99167,9.9935,1.45,1.00
2018.02.22 11:25:56.003,9.99167,9.9935,1.45,1.00
2018.02.22 11:25:56.351,9.99176,9.99356,1.57,1.00
2018.02.22 11:25:56.453,9.99176,9.99356,1.45,1.00
2018.02.22 11:25:57.621,9.9918,9.99348,1.45,1.00
2018.02.22 11:25:58.312,9.9918,9.99348,1.45,1.00
2018.02.22 11:25:58.937,9.9918,9.99348,1.45,1.00
2018.02.22 11:25:59.134,9.9918,9.99348,1.45,1.00
2018.02.22 11:25:59.439,9.9918,9.99348,1.45,1.00
2018.02.22 11:26:00.534,9.9918,9.99348,1.45,1.00
2018.02.22 11:26:02.959,9.9918,9.99348,1.45,1.00
2018.02.22 11:26:07.075,9.9918,9.99348,1.00,1.00
2018.02.22 11:26:07.258,9.9918,9.99348,1.45,1.00
2018.02.22 11:26:07.594,9.9918,9.99348,1.45,1.00
2018.02.22 11:26:07.984,9.9918,9.99348,1.45,1.00
2018.02.22 11:26:08.401,9.9918,9.99348,1.45,1.00
2018.02.22 11:26:08.500,9.9918,9.99348,1.45,1.00
2018.02.22 11:26:08.603,9.9918,9.99348,1.45,1.00
2018.02.22 11:26:08.655,9.9918,9.99348,1.45,1.00
2018.02.22 11:26:09.400,9.9918,9.99348,1.45,1.00
2018.02.22 11:26:13.394,9.99181,9.99348,1.45,1.00
2018.02.22 11:26:14.381,9.9918,9.99348,1.45,1.00
2018.02.22 11:26:18.612,9.99181,9.99348,1.95,1.00
2018.02.22 11:26:18.664,9.99201,9.99381,1.45,1.00
2018.02.22 11:26:18.717,9.99182,9.99372,1.95,1.00
2018.02.22 11:26:18.820,9.99182,9.99348,1.45,1.00
2018.02.22 11:26:19.012,9.9918,9.99348,1.45,1.00
2018.02.22 11:26:19.338,9.9918,9.99348,1.45,1.00
2018.02.22 11:26:20.607,9.9918,9.99348,1.45,1.00
2018.02.22 11:26:20.836,9.9918,9.99348,1.45,1.00
2018.02.22 11:26:20.888,9.99211,9.9938,1.45,1.00
2018.02.22 11:26:20.941,9.99182,9.99372,1.45,1.00
2018.02.22 11:26:20.993,9.99181,9.99362,1.45,1.00
2018.02.22 11:26:21.096,9.9918,9.99348,1.45,1.00
2018.02.22 11:26:22.812,9.9926,9.99353,1.00,1.00
2018.02.22 11:26:22.864,9.99261,9.99391,1.00,1.00
2018.02.22 11:26:22.916,9.9927,9.99428,1.45,1.00
2018.02.22 11:26:22.968,9.9927,9.99437,1.45,1.00
2018.02.22 11:26:23.020,9.99284,9.99437,1.00,1.00
2018.02.22 11:26:23.327,9.99285,9.99449,2.32,1.00
2018.02.22 11:26:23.379,9.99302,9.99465,1.45,1.00
2018.02.22 11:26:23.514,9.99319,9.99493,1.00,1.00
2018.02.22 11:26:23.670,9.99308,9.99479,1.37,1.00
2018.02.22 11:26:23.979,9.99299,9.99463,1.37,1.00
2018.02.22 11:26:24.032,9.99268,9.99454,1.00,1.00
2018.02.22 11:26:24.085,9.99264,9.99449,1.00,1.00
2018.02.22 11:26:24.435,9.99257,9.99441,1.57,1.00
2018.02.22 11:26:25.198,9.99257,9.99441,1.57,1.00
2018.02.22 11:26:26.298,9.99248,9.99438,1.87,1.00
2018.02.22 11:26:26.886,9.99247,9.99439,1.87,1.00
2018.02.22 11:26:27.389,9.99247,9.9943,1.37,1.00
2018.02.22 11:26:27.441,9.99239,9.99429,1.37,1.00
2018.02.22 11:26:28.338,9.99248,9.99437,1.37,1.00
2018.02.22 11:26:28.440,9.99258,9.99441,1.00,1.00
2018.02.22 11:26:28.874,9.99245,9.99435,1.37,1.00
2018.02.22 11:26:29.216,9.99244,9.99433,1.37,1.00
2018.02.22 11:26:29.527,9.99241,9.99427,1.37,1.00
2018.02.22 11:26:30.052,9.99241,9.99429,1.37,1.00
2018.02.22 11:26:32.304,9.99239,9.99429,1.37,1.00
2018.02.22 11:26:35.657,9.99239,9.99429,1.37,1.00
2018.02.22 11:26:40.365,9.99239,9.99429,1.37,1.00
2018.02.22 11:26:40.980,9.99238,9.9943,1.37,1.00
2018.02.22 11:26:41.354,9.99237,9.99421,1.37,1.00
2018.02.22 11:26:42.593,9.99231,9.99421,1.37,1.00
2018.02.22 11:26:42.943,9.99231,9.99416,1.37,1.00
2018.02.22 11:26:43.697,9.99223,9.99405,1.37,1.00
2018.02.22 11:26:44.004,9.99223,9.99392,1.37,1.00
2018.02.22 11:26:45.275,9.99201,9.99393,1.82,1.00
2018.02.22 11:26:45.377,9.99201,9.99383,1.82,1.00
2018.02.22 11:26:45.686,9.99201,9.99375,1.82,1.00
2018.02.22 11:26:46.221,9.99201,9.99375,1.82,1.00
2018.02.22 11:26:48.042,9.99184,9.99376,2.32,1.00
2018.02.22 11:26:48.426,9.99203,9.99371,1.45,1.00
2018.02.22 11:26:50.009,9.99203,9.99371,1.82,1.00
2018.02.22 11:26:51.748,9.99203,9.99371,1.82,1.00
2018.02.22 11:26:51.850,9.99203,9.99371,1.82,1.00
2018.02.22 11:26:57.170,9.99165,9.99355,1.82,1.00
2018.02.22 11:26:57.222,9.99153,9.99326,1.82,1.00
2018.02.22 11:26:57.324,9.99153,9.99326,1.82,1.00
2018.02.22 11:26:57.671,9.99171,9.99326,1.10,1.00
2018.02.22 11:26:57.723,9.99153,9.99334,1.82,1.00
2018.02.22 11:26:58.473,9.99158,9.99326,1.82,1.00
2018.02.22 11:26:59.812,9.99158,9.99326,1.82,1.00
2018.02.22 11:26:59.864,9.99143,9.99308,1.82,1.00
2018.02.22 11:27:00.017,9.99112,9.99291,1.82,1.00
2018.02.22 11:27:00.120,9.99112,9.99291,1.82,1.00
2018.02.22 11:27:00.223,9.99112,9.99282,1.82,1.00
2018.02.22 11:27:00.380,9.99112,9.99291,1.82,1.00
2018.02.22 11:27:00.432,9.99112,9.99291,1.82,1.00
2018.02.22 11:27:01.251,9.99122,9.99283,1.10,1.00
2018.02.22 11:27:02.175,9.99104,9.99283,1.82,1.00
2018.02.22 11:27:06.648,9.99093,9.99283,1.82,1.00
2018.02.22 11:27:06.989,9.99093,9.99283,1.82,1.00
2018.02.22 11:27:08.182,9.99091,9.99273,1.82,1.00
2018.02.22 11:27:08.691,9.99091,9.99273,1.82,1.00
2018.02.22 11:27:08.819,9.99091,9.99273,1.82,1.00
2018.02.22 11:27:14.614,9.99091,9.99281,1.82,1.50
2018.02.22 11:27:14.666,9.99091,9.99281,1.82,1.50
2018.02.22 11:27:16.866,9.99092,9.99281,1.82,1.00
2018.02.22 11:27:18.796,9.99094,9.99281,1.82,1.00
2018.02.22 11:27:20.798,9.99098,9.99281,1.82,1.00
2018.02.22 11:27:22.799,9.99094,9.99281,1.82,1.00
2018.02.22 11:27:26.205,9.991,9.9929,1.82,1.50
2018.02.22 11:27:26.256,9.99117,9.9929,1.37,1.00
2018.02.22 11:27:26.601,9.99118,9.99273,1.82,1.00
2018.02.22 11:27:27.823,9.99105,9.99273,1.82,1.00
2018.02.22 11:27:30.053,9.99105,9.99273,1.82,1.00
2018.02.22 11:27:31.211,9.99105,9.99269,1.57,1.00
2018.02.22 11:27:31.263,9.99105,9.99273,1.45,1.50
2018.02.22 11:27:31.438,9.99091,9.9927,1.45,1.00
2018.02.22 11:27:31.541,9.99091,9.99251,1.45,1.00
2018.02.22 11:27:32.193,9.99091,9.99251,1.00,1.00
2018.02.22 11:27:32.294,9.99091,9.99251,1.45,1.00
2018.02.22 11:27:32.649,9.99091,9.99251,1.82,1.00
2018.02.22 11:27:35.714,9.9909,9.99251,1.82,1.00
2018.02.22 11:27:36.010,9.99091,9.99251,1.82,1.00
2018.02.22 11:27:36.271,9.99091,9.99251,1.82,1.00
2018.02.22 11:27:36.323,9.99091,9.99251,1.82,1.00
2018.02.22 11:27:36.602,9.99091,9.99251,1.82,1.00
2018.02.22 11:27:36.724,9.99091,9.99251,1.82,1.00
2018.02.22 11:27:36.990,9.9909,9.99251,1.82,1.00
2018.02.22 11:27:37.041,9.9909,9.99251,1.82,1.00
2018.02.22 11:27:37.143,9.99091,9.99251,1.82,1.00
2018.02.22 11:27:37.501,9.99091,9.99251,1.82,1.00
2018.02.22 11:27:37.654,9.99091,9.99251,1.82,1.00
2018.02.22 11:27:37.706,9.99091,9.99251,1.82,1.00
2018.02.22 11:27:38.333,9.99091,9.99251,1.82,1.00
2018.02.22 11:27:38.482,9.99091,9.99251,1.82,1.00
2018.02.22 11:27:41.570,9.9909,9.99251,1.82,1.00
2018.02.22 11:27:44.064,9.99091,9.99251,1.45,1.00
2018.02.22 11:27:44.117,9.99091,9.99251,1.45,1.00
2018.02.22 11:27:44.885,9.99083,9.99251,1.45,1.00
2018.02.22 11:27:45.186,9.99083,9.99251,1.00,1.00
2018.02.22 11:27:45.290,9.99083,9.99248,1.45,1.00
2018.02.22 11:27:45.342,9.99083,9.99251,1.00,1.00
2018.02.22 11:27:45.447,9.99065,9.99244,1.45,1.00
2018.02.22 11:27:45.499,9.99076,9.99244,1.00,1.00
2018.02.22 11:27:45.670,9.99062,9.99244,1.45,1.00
2018.02.22 11:27:45.889,9.99062,9.99223,1.45,1.00
2018.02.22 11:28:08.462,9.99061,9.99223,1.20,1.00
2018.02.22 11:28:08.565,9.9907,9.99223,1.00,1.00
2018.02.22 11:28:08.958,9.99062,9.99223,1.45,1.00
2018.02.22 11:28:10.050,9.99066,9.99223,1.00,1.00
2018.02.22 11:28:15.281,9.99066,9.99223,1.45,1.00
2018.02.22 11:28:15.548,9.99164,9.99299,1.45,1.00
2018.02.22 11:28:15.600,9.99192,9.99351,1.45,1.37
2018.02.22 11:28:15.652,9.99213,9.99364,1.45,1.00
2018.02.22 11:28:15.704,9.99213,9.99364,1.00,1.00
2018.02.22 11:28:15.755,9.99218,9.99364,1.00,1.00
2018.02.22 11:28:15.960,9.99213,9.99364,1.00,1.00
2018.02.22 11:28:16.600,9.99214,9.99364,1.00,1.00
2018.02.22 11:28:17.381,9.99214,9.99364,1.45,1.00
2018.02.22 11:28:18.617,9.99211,9.99364,1.00,1.00
2018.02.22 11:28:20.416,9.99211,9.99364,1.45,1.00
2018.02.22 11:28:21.041,9.99211,9.99364,1.00,1.00
2018.02.22 11:28:21.750,9.99211,9.99368,1.00,1.00
2018.02.22 11:28:23.463,9.99199,9.99368,1.00,1.00
2018.02.22 11:28:23.515,9.99174,9.99357,1.00,1.00
2018.02.22 11:28:23.567,9.99166,9.99346,1.00,1.00
2018.02.22 11:28:23.670,9.99138,9.99326,1.00,1.00
2018.02.22 11:28:23.722,9.99128,9.99318,1.00,1.00
2018.02.22 11:28:23.825,9.99136,9.99326,1.00,1.50
2018.02.22 11:28:24.245,9.9913,9.9932,1.00,1.00
2018.02.22 11:28:24.731,9.99122,9.99312,1.45,1.00
2018.02.22 11:28:25.039,9.99094,9.99284,1.45,1.00
2018.02.22 11:28:25.217,9.99094,9.99284,1.45,1.00
2018.02.22 11:28:25.320,9.99094,9.99284,1.45,1.00
2018.02.22 11:28:25.640,9.9909,9.99276,1.45,1.00
2018.02.22 11:28:25.983,9.99086,9.99276,1.45,1.00
2018.02.22 11:28:26.195,9.99086,9.99276,1.45,1.00
2018.02.22 11:28:26.455,9.99086,9.99276,1.45,1.00
2018.02.22 11:28:26.557,9.99086,9.99276,1.45,1.00
2018.02.22 11:28:27.002,9.99086,9.99272,1.45,1.00
2018.02.22 11:28:27.345,9.99086,9.99253,1.45,1.00
2018.02.22 11:28:27.938,9.99086,9.99253,1.45,1.00
2018.02.22 11:28:33.967,9.99079,9.99253,1.95,1.00
2018.02.22 11:28:34.364,9.99079,9.99253,1.95,1.00
2018.02.22 11:28:35.491,9.99079,9.99253,1.95,1.00
2018.02.22 11:28:51.091,9.99079,9.99253,1.00,1.00
2018.02.22 11:28:51.520,9.99079,9.99253,1.45,1.00
2018.02.22 11:28:52.030,9.99093,9.99253,1.45,1.00
2018.02.22 11:28:54.912,9.99111,9.99274,1.00,1.00
2018.02.22 11:28:54.964,9.99131,9.99308,1.00,1.00
2018.02.22 11:28:55.016,9.99118,9.99289,1.00,1.00
2018.02.22 11:28:55.152,9.9911,9.99289,1.00,1.00
2018.02.22 11:28:55.204,9.99096,9.9928,1.45,1.00
2018.02.22 11:28:55.615,9.99097,9.99248,1.45,1.00
2018.02.22 11:28:55.962,9.99086,9.99248,1.45,1.00
2018.02.22 11:28:56.068,9.99086,9.99248,1.45,1.00
2018.02.22 11:28:56.893,9.99086,9.99248,1.45,1.00
2018.02.22 11:29:02.686,9.99085,9.99248,1.45,1.00
2018.02.22 11:29:02.805,9.99085,9.99248,1.45,1.00
2018.02.22 11:29:02.907,9.99085,9.99248,1.45,1.00
2018.02.22 11:29:03.009,9.99085,9.99248,1.45,1.00
2018.02.22 11:29:03.138,9.99085,9.99248,1.45,1.00
2018.02.22 11:29:03.237,9.99085,9.99248,1.45,1.00
2018.02.22 11:29:03.340,9.99085,9.99248,1.45,1.00
2018.02.22 11:29:03.391,9.99099,9.99248,1.45,1.00
2018.02.22 11:29:03.839,9.9909,9.99248,1.45,1.00
2018.02.22 11:29:07.277,9.9909,9.99248,1.00,1.00
2018.02.22 11:29:08.666,9.99089,9.99248,1.00,1.00
2018.02.22 11:29:09.206,9.9909,9.99248,1.00,1.00
2018.02.22 11:29:10.243,9.99082,9.99248,1.00,1.00
2018.02.22 11:29:11.749,9.99081,9.99248,1.00,1.00
2018.02.22 11:29:16.764,9.9909,9.99248,1.00,1.00
2018.02.22 11:29:17.018,9.99082,9.99248,1.00,1.00
2018.02.22 11:29:20.687,9.9909,9.99248,1.00,1.00
2018.02.22 11:29:20.856,9.99082,9.99248,1.00,1.00
2018.02.22 11:29:23.676,9.9909,9.99248,1.00,1.00
2018.02.22 11:29:24.180,9.99089,9.99248,1.00,1.00
2018.02.22 11:29:30.050,9.99086,9.99248,1.00,1.00
2018.02.22 11:29:30.810,9.99135,9.99248,2.10,1.00
2018.02.22 11:29:30.861,9.99231,9.99329,1.00,1.00
2018.02.22 11:29:30.912,9.99233,9.99343,1.00,1.00
2018.02.22 11:29:30.964,9.99248,9.99383,1.00,1.00
2018.02.22 11:29:31.086,9.99256,9.99409,1.00,1.37
2018.02.22 11:29:31.189,9.99261,9.99413,1.00,1.00
2018.02.22 11:29:31.240,9.99261,9.99421,1.00,1.00
2018.02.22 11:29:31.291,9.99261,9.99432,1.00,1.37
2018.02.22 11:29:31.890,9.99261,9.99432,1.00,1.37
2018.02.22 11:29:37.305,9.99321,9.99479,1.00,1.00
2018.02.22 11:29:37.508,9.99362,9.99529,1.00,1.00
2018.02.22 11:29:37.559,9.9937,9.99539,1.00,1.00
2018.02.22 11:29:37.610,9.9937,9.99553,1.00,1.37
2018.02.22 11:29:38.020,9.99378,9.99563,1.00,1.37
2018.02.22 11:29:39.161,9.99378,9.99563,1.00,1.00
2018.02.22 11:29:39.736,9.99378,9.99552,1.00,1.00
2018.02.22 11:29:40.262,9.99376,9.99552,1.00,1.00
2018.02.22 11:29:40.416,9.99368,9.99552,1.00,1.00
2018.02.22 11:29:40.890,9.99376,9.99552,1.00,1.00
2018.02.22 11:29:41.778,9.99375,9.99554,1.00,1.00
2018.02.22 11:29:42.535,9.99376,9.99554,1.00,1.00
2018.02.22 11:29:48.464,9.99367,9.99554,1.00,1.00
2018.02.22 11:29:49.257,9.99368,9.99554,1.00,1.00
2018.02.22 11:29:50.052,9.9937,9.99554,1.00,1.00
2018.02.22 11:29:51.949,9.9937,9.99551,1.00,1.00
2018.02.22 11:29:56.790,9.9937,9.99549,1.00,1.00
2018.02.22 11:30:05.382,9.99369,9.99542,1.00,1.20
2018.02.22 11:30:06.338,9.99369,9.99537,1.00,1.20
2018.02.22 11:30:06.441,9.99362,9.99545,1.00,1.65
2018.02.22 11:30:10.037,9.99368,9.99534,1.00,1.20
2018.02.22 11:30:10.139,9.99358,9.99541,1.00,1.45
2018.02.22 11:30:11.582,9.99366,9.99534,1.00,1.65
2018.02.22 11:30:15.660,9.99358,9.99534,1.00,1.45
2018.02.22 11:30:16.937,9.99358,9.99517,1.50,1.20
2018.02.22 11:30:17.266,9.99366,9.99517,1.00,1.20
2018.02.22 11:30:30.025,9.9936,9.99517,1.00,1.20
2018.02.22 11:30:37.783,9.9936,9.99527,1.00,1.20
2018.02.22 11:30:37.834,9.9936,9.99517,1.00,1.20
2018.02.22 11:30:42.384,9.9936,9.99511,1.00,1.20
2018.02.22 11:30:43.335,9.9936,9.99511,1.60,1.20
2018.02.22 11:30:43.643,9.99476,9.99595,1.00,1.20
2018.02.22 11:30:43.694,9.99476,9.99601,1.00,1.20
2018.02.22 11:30:43.905,9.99476,9.99605,1.00,1.20
2018.02.22 11:30:44.403,9.99476,9.99602,1.00,1.20
2018.02.22 11:30:45.061,9.99476,9.99606,1.00,1.20
2018.02.22 11:30:45.163,9.99463,9.99602,1.00,1.20
2018.02.22 11:30:50.240,9.99463,9.99558,1.00,1.20
2018.02.22 11:30:50.344,9.99441,9.99557,1.00,1.20
2018.02.22 11:30:50.395,9.99397,9.99557,1.00,1.20
2018.02.22 11:30:50.447,9.99395,9.99555,1.00,1.00
2018.02.22 11:30:50.601,9.99355,9.99543,1.00,1.00
2018.02.22 11:30:51.114,9.99366,9.99543,1.00,1.00
2018.02.22 11:30:57.424,9.99366,9.99544,1.00,1.50
2018.02.22 11:30:58.123,9.99366,9.99543,1.00,1.00
2018.02.22 11:31:10.050,9.99366,9.99541,1.00,1.95
2018.02.22 11:31:15.506,9.99366,9.99544,1.00,1.20
2018.02.22 11:31:15.558,9.99375,9.9955,1.00,1.20
2018.02.22 11:31:15.815,9.9937,9.9955,1.00,1.20
2018.02.22 11:31:16.343,9.99366,9.99543,1.00,1.20
2018.02.22 11:31:16.793,9.99366,9.99538,1.00,1.20
2018.02.22 11:31:21.282,9.99366,9.99536,1.00,1.20
2018.02.22 11:31:26.416,9.99366,9.99538,1.00,1.20
2018.02.22 11:31:30.004,9.99366,9.99536,1.00,1.20
2018.02.22 11:31:37.126,9.99366,9.99532,1.00,1.20
2018.02.22 11:31:37.178,9.99366,9.99539,1.00,1.20
2018.02.22 11:31:37.479,9.99366,9.99534,1.00,1.20
2018.02.22 11:31:37.729,9.99366,9.9954,1.00,1.20
2018.02.22 11:31:38.848,9.99366,9.99533,1.00,1.20
2018.02.22 11:31:39.988,9.99366,9.99529,1.00,1.20
2018.02.22 11:31:40.986,9.99366,9.99481,1.00,1.20
2018.02.22 11:31:41.090,9.99356,9.99492,1.00,1.20
2018.02.22 11:31:41.141,9.99319,9.99498,1.00,1.20
2018.02.22 11:31:41.193,9.99313,9.99472,1.00,1.20
2018.02.22 11:31:41.296,9.99302,9.99472,1.00,1.20
2018.02.22 11:31:41.417,9.99315,9.99478,1.00,1.20
2018.02.22 11:31:41.469,9.99316,9.9948,1.00,1.00
2018.02.22 11:31:41.676,9.99304,9.9948,1.00,1.00
2018.02.22 11:31:41.728,9.99294,9.9947,1.50,1.00
2018.02.22 11:31:42.333,9.99302,9.99476,1.00,1.20
2018.02.22 11:31:42.486,9.99291,9.99467,1.00,1.00
2018.02.22 11:31:42.691,9.99294,9.99437,1.00,1.20
2018.02.22 11:31:42.809,9.99292,9.99455,1.00,1.20
2018.02.22 11:31:42.862,9.99292,9.99442,1.00,1.20
2018.02.22 11:31:42.965,9.99292,9.99464,1.00,1.20
2018.02.22 11:31:43.069,9.9928,9.99456,1.00,1.00
2018.02.22 11:31:43.172,9.99381,9.9946,1.00,1.00
2018.02.22 11:31:43.223,9.99391,9.99495,1.00,1.00
2018.02.22 11:31:43.275,9.99426,9.99534,1.00,1.00
2018.02.22 11:31:43.327,9.99426,9.9956,1.00,1.00
2018.02.22 11:31:43.379,9.99426,9.99565,1.00,1.00
2018.02.22 11:31:43.532,9.99426,9.99515,1.00,1.20
2018.02.22 11:31:43.635,9.99426,9.99517,1.00,1.20
2018.02.22 11:31:43.843,9.99426,9.99572,1.00,1.20
2018.02.22 11:31:43.998,9.99426,9.99512,1.00,1.20
2018.02.22 11:31:44.051,9.99416,9.99512,1.00,1.20
2018.02.22 11:31:44.104,9.99395,9.99498,1.00,1.20
2018.02.22 11:31:44.156,9.9936,9.99498,1.00,1.20
2018.02.22 11:31:44.209,9.99348,9.99502,1.00,1.20
2018.02.22 11:31:44.261,9.99345,9.99502,1.00,1.20
2018.02.22 11:31:44.312,9.99345,9.99472,1.00,1.20
2018.02.22 11:31:44.363,9.99324,9.9946,1.00,1.20
2018.02.22 11:31:44.414,9.99313,9.99454,1.00,1.20
2018.02.22 11:31:44.466,9.99303,9.99468,1.50,1.20
2018.02.22 11:31:44.567,9.99303,9.99448,1.00,1.20
2018.02.22 11:31:44.669,9.9928,9.99455,1.00,1.20
2018.02.22 11:31:44.720,9.99269,9.9943,1.00,1.20
2018.02.22 11:31:44.771,9.99269,9.99445,1.00,1.95
2018.02.22 11:31:44.823,9.99273,9.9943,1.00,1.20
2018.02.22 11:31:44.924,9.99273,9.99443,1.00,1.20
2018.02.22 11:31:45.094,9.99273,9.99436,1.00,1.20
2018.02.22 11:31:45.145,9.99273,9.99442,1.00,1.20
2018.02.22 11:31:45.342,9.99273,9.99436,1.00,1.20
2018.02.22 11:31:45.491,9.99273,9.99445,1.00,1.00
2018.02.22 11:31:46.710,9.99272,9.99445,1.00,1.00
2018.02.22 11:31:47.393,9.99273,9.99445,1.00,1.00
2018.02.22 11:31:47.670,9.99273,9.99405,1.00,1.20
2018.02.22 11:31:48.184,9.99272,9.99445,1.00,1.00
2018.02.22 11:31:48.513,9.9928,9.99456,1.00,1.37
2018.02.22 11:31:48.822,9.99426,9.99583,1.00,1.00
2018.02.22 11:31:48.874,9.99426,9.99593,1.00,1.37
2018.02.22 11:31:48.926,9.99428,9.99603,1.50,1.37
2018.02.22 11:31:49.029,9.99438,9.99614,1.00,1.00
2018.02.22 11:31:52.200,9.99442,9.99618,1.00,1.00
2018.02.22 11:31:57.030,9.99441,9.99617,1.00,1.00
2018.02.22 11:31:59.744,9.99441,9.99614,1.00,1.00
2018.02.22 11:32:07.248,9.9944,9.99614,1.00,1.00
2018.02.22 11:32:10.051,9.9944,9.99616,1.00,1.00
2018.02.22 11:32:12.101,9.99443,9.99619,1.00,1.50
2018.02.22 11:32:22.278,9.99441,9.99617,1.00,1.00
2018.02.22 11:32:23.047,9.99441,9.99617,1.00,1.37
2018.02.22 11:32:23.149,9.99432,9.99603,1.00,1.00
2018.02.22 11:32:23.200,9.99422,9.99594,1.00,1.00
2018.02.22 11:32:23.251,9.9941,9.99584,1.00,1.00
2018.02.22 11:32:23.303,9.994,9.99576,1.00,1.00
2018.02.22 11:32:23.355,9.99389,9.99565,1.00,1.00
2018.02.22 11:32:23.631,9.99354,9.99538,1.37,1.00
2018.02.22 11:32:23.683,9.99369,9.99538,1.00,1.00
2018.02.22 11:32:23.837,9.99336,9.99515,1.00,1.37
2018.02.22 11:32:24.044,9.99325,9.99504,1.00,1.00
2018.02.22 11:32:24.198,9.99325,9.99514,1.50,1.12
2018.02.22 11:32:24.778,9.99325,9.99506,1.00,1.00
2018.02.22 11:32:25.107,9.99303,9.99478,1.00,1.00
2018.02.22 11:32:25.158,9.99303,9.99492,1.50,1.37
2018.02.22 11:32:26.181,9.99303,9.99485,1.00,1.12
2018.02.22 11:32:26.677,9.99303,9.99475,1.00,1.00
2018.02.22 11:32:27.138,9.99293,9.99475,1.00,1.00
2018.02.22 11:32:27.733,9.99293,9.99468,1.00,1.00
2018.02.22 11:32:27.785,9.99282,9.9946,1.00,1.00
2018.02.22 11:32:27.967,9.9925,9.99415,1.00,1.00
2018.02.22 11:32:28.019,9.99244,9.99415,1.00,1.00
2018.02.22 11:32:28.070,9.99243,9.99426,1.00,1.00
2018.02.22 11:32:28.224,9.99248,9.99432,1.00,1.00
2018.02.22 11:32:28.275,9.99243,9.99416,1.00,1.00
2018.02.22 11:32:28.327,9.99243,9.99425,1.00,1.00
2018.02.22 11:32:28.379,9.99243,9.99405,1.00,1.00
2018.02.22 11:32:28.431,9.99232,9.99405,1.00,1.00
2018.02.22 11:32:28.484,9.99223,9.99397,1.00,1.00
2018.02.22 11:32:28.536,9.99213,9.99389,1.00,1.00
2018.02.22 11:32:28.836,9.99213,9.99398,1.00,1.00
2018.02.22 11:32:28.937,9.99221,9.99398,1.00,1.00
2018.02.22 11:32:29.453,9.99221,9.99399,1.00,1.00
2018.02.22 11:32:29.962,9.99221,9.99398,1.00,1.12
2018.02.22 11:32:30.428,9.9921,9.99391,1.00,1.00
2018.02.22 11:32:31.065,9.9921,9.99399,1.00,1.87
2018.02.22 11:32:31.395,9.9921,9.9939,1.00,1.00
2018.02.22 11:32:36.743,9.99202,9.9939,1.00,1.37
2018.02.22 11:32:38.540,9.99261,9.99419,1.00,1.37
2018.02.22 11:32:38.592,9.99297,9.99461,1.00,1.00
2018.02.22 11:32:38.644,9.99297,9.99473,1.00,1.37
2018.02.22 11:32:38.696,9.99282,9.99459,1.00,1.00
2018.02.22 11:32:38.748,9.99272,9.9944,1.00,1.00
2018.02.22 11:32:38.800,9.9925,9.99429,1.00,1.00
2018.02.22 11:32:38.852,9.99252,9.99417,1.00,1.00
2018.02.22 11:32:38.955,9.99242,9.99414,1.00,1.00
2018.02.22 11:32:39.006,9.99242,9.99405,1.00,1.00
2018.02.22 11:32:39.836,9.99242,9.99413,1.00,1.00
2018.02.22 11:32:39.888,9.99229,9.99404,1.00,1.00
2018.02.22 11:32:39.940,9.99218,9.99391,1.00,1.00
2018.02.22 11:32:40.118,9.99218,9.994,1.00,1.00
2018.02.22 11:32:40.272,9.99222,9.99407,1.00,1.00
2018.02.22 11:32:40.873,9.99218,9.99405,1.00,1.00
2018.02.22 11:32:42.168,9.99223,9.99405,1.00,1.00
2018.02.22 11:32:47.757,9.99228,9.99416,1.00,1.37
2018.02.22 11:32:48.840,9.99239,9.99417,1.00,1.00
2018.02.22 11:32:49.186,9.99246,9.99426,1.00,1.37
2018.02.22 11:32:50.087,9.9925,9.99426,1.00,1.12
2018.02.22 11:32:53.801,9.9925,9.99426,1.00,1.37
2018.02.22 11:32:55.328,9.99233,9.99407,1.00,1.00
2018.02.22 11:32:55.584,9.99233,9.99414,1.00,1.00
2018.02.22 11:32:57.200,9.99238,9.99414,1.00,1.00
2018.02.22 11:32:58.098,9.99238,9.99415,1.00,1.37
2018.02.22 11:32:58.408,9.99253,9.99437,1.00,1.00
2018.02.22 11:32:58.460,9.99253,9.99426,1.00,1.00
2018.02.22 11:32:58.643,9.99264,9.9945,1.00,1.37
2018.02.22 11:32:58.746,9.99264,9.99442,1.00,1.00
2018.02.22 11:32:59.092,9.99266,9.99453,1.00,1.37
2018.02.22 11:32:59.425,9.99279,9.99464,1.00,1.37
2018.02.22 11:32:59.906,9.99283,9.99464,1.00,1.37
2018.02.22 11:33:00.261,9.99291,9.99474,1.00,1.37
2018.02.22 11:33:00.390,9.99286,9.99473,1.00,1.37
2018.02.22 11:33:00.442,9.99314,9.99494,1.00,1.37
2018.02.22 11:33:01.598,9.99314,9.99497,1.00,1.37
2018.02.22 11:33:01.649,9.99322,9.99497,1.00,1.37
2018.02.22 11:33:02.258,9.99312,9.99497,1.00,1.37
2018.02.22 11:33:03.070,9.99312,9.99497,1.00,1.12
2018.02.22 11:33:04.614,9.99318,9.99502,1.00,1.37
2018.02.22 11:33:07.320,9.99312,9.995,1.50,1.37
2018.02.22 11:33:08.242,9.99312,9.99489,1.00,1.00
2018.02.22 11:33:08.293,9.99307,9.99489,1.00,1.00
2018.02.22 11:33:08.759,9.99301,9.99489,1.00,1.50
2018.02.22 11:33:08.810,9.99301,9.9948,1.00,1.00
2018.02.22 11:33:09.234,9.99236,9.99425,1.00,1.37
2018.02.22 11:33:09.336,9.99247,9.99427,1.00,1.37
2018.02.22 11:33:10.027,9.99236,9.99423,1.00,1.00
2018.02.22 11:33:10.283,9.99236,9.99415,1.00,1.00
2018.02.22 11:33:10.489,9.99227,9.99415,1.00,1.87
2018.02.22 11:33:12.180,9.99232,9.99415,1.00,1.37
2018.02.22 11:33:15.878,9.99232,9.99415,1.00,1.37
2018.02.22 11:33:15.930,9.99221,9.99407,1.00,1.37
2018.02.22 11:33:18.942,9.99221,9.99407,1.00,1.00
2018.02.22 11:33:18.994,9.99277,9.99407,1.67,1.00
2018.02.22 11:33:19.046,9.99342,9.99443,1.67,1.00
2018.02.22 11:33:19.098,9.99368,9.99526,1.00,1.00
2018.02.22 11:33:19.149,9.99367,9.99534,1.00,1.00
2018.02.22 11:33:19.202,9.99337,9.99522,1.00,1.00
2018.02.22 11:33:19.254,9.99313,9.99502,2.17,1.00
2018.02.22 11:33:19.305,9.99324,9.99503,1.00,1.00
2018.02.22 11:33:19.357,9.99324,9.99511,1.00,1.00
2018.02.22 11:33:19.408,9.99324,9.995,1.00,1.00
2018.02.22 11:33:19.459,9.99324,9.9951,1.00,1.00
2018.02.22 11:33:19.745,9.99334,9.99519,1.00,1.00
2018.02.22 11:33:19.796,9.99345,9.99532,1.00,1.00
2018.02.22 11:33:19.848,9.99355,9.99542,1.00,1.00
2018.02.22 11:33:20.235,9.99355,9.99534,1.00,1.00
2018.02.22 11:33:20.682,9.99355,9.99544,1.00,1.50
2018.02.22 11:33:20.733,9.99365,9.99544,1.00,1.00
2018.02.22 11:33:21.246,9.99365,9.99552,1.00,1.00
2018.02.22 11:33:21.399,9.99376,9.99552,1.00,1.00
2018.02.22 11:33:22.074,9.99376,9.99561,1.00,1.00
2018.02.22 11:33:22.250,9.99382,9.99565,1.00,1.00
2018.02.22 11:33:22.367,9.99387,9.99573,1.00,1.00
2018.02.22 11:33:22.859,9.99398,9.99582,1.00,1.00
2018.02.22 11:33:23.167,9.99409,9.9959,1.00,1.00
2018.02.22 11:33:27.258,9.9941,9.9959,1.00,1.00
2018.02.22 11:33:29.011,9.99419,9.99598,1.00,1.00
2018.02.22 11:33:32.544,9.99421,9.99598,1.00,1.00
2018.02.22 11:33:32.596,9.99421,9.99607,1.00,1.00
2018.02.22 11:33:32.699,9.9943,9.99607,1.00,1.00
2018.02.22 11:33:32.751,9.99432,9.99615,1.00,1.00
2018.02.22 11:33:32.853,9.99432,9.99607,1.00,1.00
2018.02.22 11:33:36.444,9.99432,9.99616,1.00,1.00
2018.02.22 11:33:37.428,9.99437,9.99616,1.00,1.00
2018.02.22 11:33:37.533,9.99445,9.99627,1.00,1.00
2018.02.22 11:33:37.585,9.99456,9.99645,1.37,1.00
2018.02.22 11:33:37.637,9.99466,9.99648,1.00,1.00
2018.02.22 11:33:37.944,9.99466,9.99638,1.00,1.00
2018.02.22 11:33:38.869,9.99466,9.99647,1.00,1.00
2018.02.22 11:33:42.290,9.99465,9.99647,1.00,1.00
2018.02.22 11:33:43.830,9.99477,9.99656,1.00,1.00
2018.02.22 11:33:44.035,9.99487,9.99673,1.00,1.00
2018.02.22 11:33:44.410,9.99489,9.99676,1.00,1.00
2018.02.22 11:33:44.463,9.99497,9.99679,1.00,1.00
2018.02.22 11:33:45.154,9.99497,9.99687,1.50,1.00
2018.02.22 11:33:48.702,9.99511,9.99696,1.00,1.00
2018.02.22 11:33:49.010,9.99521,9.99696,1.00,1.00
2018.02.22 11:33:49.262,9.99521,9.99704,1.00,1.00
2018.02.22 11:33:52.409,9.99531,9.99704,1.00,1.00
2018.02.22 11:33:52.834,9.99531,9.99712,1.00,1.00
2018.02.22 11:33:54.013,9.99531,9.99721,1.00,1.50
2018.02.22 11:33:54.591,9.99531,9.9972,1.00,1.00
2018.02.22 11:33:56.511,9.99541,9.9972,1.00,1.00
2018.02.22 11:33:57.229,9.99543,9.9972,1.00,1.00
2018.02.22 11:33:57.483,9.99543,9.99728,1.00,1.00
2018.02.22 11:33:57.586,9.99556,9.99739,1.00,1.00
2018.02.22 11:33:57.894,9.99556,9.99722,1.00,1.00
2018.02.22 11:33:58.475,9.99556,9.99736,1.00,1.00
2018.02.22 11:33:58.527,9.99556,9.99745,1.50,1.00
2018.02.22 11:33:58.578,9.99569,9.99746,1.00,1.00
2018.02.22 11:34:03.417,9.9958,9.99754,1.00,1.00
2018.02.22 11:34:03.520,9.9958,9.99763,1.00,1.00
2018.02.22 11:34:03.725,9.9958,9.99754,1.00,1.00
2018.02.22 11:34:04.083,9.99631,9.99754,1.00,1.00
2018.02.22 11:34:04.187,9.99586,9.99737,1.85,1.00
2018.02.22 11:34:04.239,9.99588,9.9971,1.37,1.00
2018.02.22 11:34:04.291,9.99568,9.99734,1.37,1.00
2018.02.22 11:34:04.343,9.99581,9.99734,1.00,1.00
2018.02.22 11:34:04.497,9.99575,9.9974,1.00,1.00
2018.02.22 11:34:04.600,9.99575,9.99752,1.00,1.00
2018.02.22 11:34:04.652,9.99575,9.99742,1.00,1.00
2018.02.22 11:34:04.704,9.99565,9.99743,1.37,1.00
2018.02.22 11:34:05.040,9.99565,9.99738,1.37,1.00
2018.02.22 11:34:05.482,9.99565,9.99738,1.00,1.00
2018.02.22 11:34:05.899,9.99565,9.99746,1.00,1.00
2018.02.22 11:34:06.002,9.99565,9.99735,1.00,1.00
2018.02.22 11:34:06.316,9.99565,9.99727,1.00,1.00
2018.02.22 11:34:06.367,9.99565,9.99735,1.00,1.00
2018.02.22 11:34:07.440,9.9956,9.99735,1.37,1.00
2018.02.22 11:34:08.958,9.9956,9.99735,1.00,1.00
2018.02.22 11:34:09.057,9.99553,9.99735,1.12,1.00
2018.02.22 11:34:11.992,9.99549,9.99724,1.00,1.00
2018.02.22 11:34:12.300,9.99542,9.99722,1.37,1.00
2018.02.22 11:34:22.470,9.99545,9.99722,1.00,1.00
2018.02.22 11:34:27.330,9.99544,9.99722,1.00,1.00
2018.02.22 11:34:27.586,9.99544,9.99722,1.60,1.00
2018.02.22 11:34:27.638,9.99576,9.99745,1.00,1.00
2018.02.22 11:34:27.691,9.99624,9.99789,1.00,1.00
2018.02.22 11:34:27.835,9.99624,9.99814,1.00,1.00
2018.02.22 11:34:27.886,9.99634,9.99824,1.00,1.00
2018.02.22 11:34:28.191,9.99643,9.99833,1.50,1.00
2018.02.22 11:34:28.502,9.99665,9.99853,1.00,1.00
2018.02.22 11:34:28.605,9.99681,9.99871,1.00,1.00
2018.02.22 11:34:28.708,9.99686,9.99862,1.00,1.00
2018.02.22 11:34:28.797,9.99676,9.99862,1.00,1.00
2018.02.22 11:34:28.848,9.99676,9.99854,1.00,1.00
2018.02.22 11:34:29.232,9.99676,9.99864,1.00,1.00
2018.02.22 11:34:29.386,9.99693,9.99877,1.00,1.00
2018.02.22 11:34:29.490,9.9971,9.999,1.00,1.00
2018.02.22 11:34:29.899,9.99709,9.99892,1.00,1.00
2018.02.22 11:34:33.280,9.99709,9.99893,1.00,1.00
2018.02.22 11:34:34.109,9.99709,9.99892,1.00,1.00
2018.02.22 11:34:38.061,9.99709,9.99893,1.00,1.00
2018.02.22 11:34:38.113,9.99712,9.99902,1.00,1.00
2018.02.22 11:34:42.409,9.99719,9.99902,1.00,1.00
2018.02.22 11:34:44.849,9.99721,9.99911,1.50,1.00
2018.02.22 11:34:44.951,9.9973,9.9992,1.50,1.37
2018.02.22 11:34:45.446,9.99739,9.99929,1.00,1.37
2018.02.22 11:34:45.866,9.99741,9.99929,1.00,1.37
2018.02.22 11:34:45.918,9.99741,9.99929,1.00,1.00
2018.02.22 11:34:45.969,9.99762,9.99943,1.00,1.00
2018.02.22 11:34:46.274,9.99762,9.99936,1.00,1.00
2018.02.22 11:34:46.441,9.99762,9.9995,1.00,1.00
2018.02.22 11:34:46.956,9.99763,9.9995,1.00,1.00
2018.02.22 11:34:47.008,9.99773,9.9996,1.00,1.00
2018.02.22 11:34:47.464,9.99782,9.99972,1.00,1.00
2018.02.22 11:34:48.038,9.99783,9.99972,1.00,1.00
2018.02.22 11:34:48.675,9.99794,9.99981,1.00,1.00
2018.02.22 11:34:49.032,9.99808,9.99991,1.00,1.00
2018.02.22 11:34:49.503,9.998,9.99992,1.00,1.00
2018.02.22 11:34:50.047,9.99801,9.99991,1.00,1.00
2018.02.22 11:34:50.098,9.99807,9.99997,1.00,1.00
2018.02.22 11:34:50.405,9.99815,10.00005,1.00,1.00
2018.02.22 11:34:50.706,9.99823,10.00009,1.00,1.12
2018.02.22 11:34:51.040,9.99709,9.99899,1.00,1.00
2018.02.22 11:34:51.091,9.99724,9.99914,1.00,1.00
2018.02.22 11:34:51.395,9.99732,9.99922,1.50,1.00
2018.02.22 11:34:51.700,9.99732,9.99912,1.00,1.00
2018.02.22 11:34:52.127,9.99732,9.99923,1.00,1.00
2018.02.22 11:34:52.230,9.99732,9.99922,1.87,1.00
2018.02.22 11:34:52.687,9.99742,9.99922,1.00,1.00
2018.02.22 11:34:53.125,9.99746,9.99936,1.00,1.00
2018.02.22 11:34:53.176,9.99752,9.99936,1.00,1.00
2018.02.22 11:34:55.052,9.99752,9.99936,1.37,1.00
2018.02.22 11:34:55.660,9.99752,9.99937,1.37,1.00
2018.02.22 11:34:56.141,9.99753,9.99943,1.37,1.00
2018.02.22 11:34:56.192,9.99763,9.99943,1.00,1.00
2018.02.22 11:34:57.413,9.99766,9.99943,1.00,1.00
2018.02.22 11:35:03.030,9.99754,9.99943,1.00,1.00
2018.02.22 11:35:03.081,9.99731,9.99914,1.00,1.37
2018.02.22 11:35:03.133,9.99739,9.99929,1.00,1.00
2018.02.22 11:35:03.186,9.99737,9.99913,1.00,1.00
2018.02.22 11:35:03.237,9.99737,9.99925,1.00,1.00
2018.02.22 11:35:03.340,9.99754,9.99939,1.00,1.00
2018.02.22 11:35:03.392,9.99754,9.99944,1.00,1.12
2018.02.22 11:35:03.444,9.99747,9.99933,1.00,1.00
2018.02.22 11:35:03.997,9.99751,9.99941,1.00,1.00
2018.02.22 11:35:04.267,9.99764,9.99954,1.00,1.00
2018.02.22 11:35:04.632,9.9977,9.99954,1.00,1.00
2018.02.22 11:35:05.209,9.99776,9.99966,1.00,1.37
2018.02.22 11:35:06.837,9.99775,9.99967,1.00,1.00
2018.02.22 11:35:07.559,9.99777,9.99967,1.00,1.00
2018.02.22 11:35:07.867,9.99799,9.99989,1.00,1.37
2018.02.22 11:35:08.187,9.99804,9.99989,1.00,1.00
2018.02.22 11:35:09.055,9.99807,9.99997,1.00,1.00
2018.02.22 11:35:10.051,9.99804,9.99996,1.50,1.00
2018.02.22 11:35:11.062,9.99805,9.99995,1.00,1.00
2018.02.22 11:35:30.050,9.99802,9.99992,1.00,1.00
2018.02.22 11:35:35.552,9.99816,9.99949,1.00,1.00
2018.02.22 11:35:35.603,9.99783,9.99949,1.00,1.00
2018.02.22 11:35:35.656,9.99766,9.99939,1.00,1.00
2018.02.22 11:35:35.708,9.99783,9.99938,1.37,1.00
2018.02.22 11:35:35.812,9.99764,9.99938,1.37,1.00
2018.02.22 11:35:35.863,9.99764,9.99929,1.37,1.00
2018.02.22 11:35:36.238,9.99745,9.9991,1.37,1.00
2018.02.22 11:35:36.290,9.99745,9.9992,1.37,1.00
2018.02.22 11:35:41.676,9.9974,9.9992,1.00,1.00
2018.02.22 11:35:42.480,9.99736,9.9992,1.00,1.00
2018.02.22 11:35:52.649,9.99734,9.9992,1.00,1.00
2018.02.22 11:35:53.184,9.99734,9.99921,1.00,1.00
2018.02.22 11:35:53.729,9.99734,9.99909,1.00,1.00
2018.02.22 11:35:53.780,9.9972,9.999,1.00,1.00
2018.02.22 11:35:53.832,9.99701,9.99889,1.00,1.00
2018.02.22 11:35:54.159,9.99701,9.99881,1.00,1.00
2018.02.22 11:35:55.033,9.99711,9.99889,1.00,1.00
2018.02.22 11:35:55.085,9.99711,9.99897,1.00,1.00
2018.02.22 11:35:55.137,9.99721,9.99897,1.00,1.00
2018.02.22 11:35:55.984,9.99721,9.9991,1.00,1.12
2018.02.22 11:35:57.510,9.99728,9.9991,1.00,1.12
2018.02.22 11:35:57.613,9.99731,9.99918,1.00,1.00
2018.02.22 11:35:57.664,9.99739,9.99925,1.00,1.00
2018.02.22 11:35:57.989,9.99747,9.99929,1.00,1.00
2018.02.22 11:35:58.091,9.99747,9.99935,1.50,1.00
2018.02.22 11:35:58.910,9.99755,9.99937,1.00,1.00
2018.02.22 11:35:59.013,9.99759,9.99946,1.00,1.00
2018.02.22 11:35:59.676,9.99755,9.99941,1.00,1.00
2018.02.22 11:36:02.811,9.99755,9.99942,1.00,1.12
2018.02.22 11:36:03.121,9.99736,9.99908,1.00,1.00
2018.02.22 11:36:03.173,9.99736,9.99916,1.00,1.00
2018.02.22 11:36:10.028,9.99736,9.99913,1.00,1.00
2018.02.22 11:36:29.655,9.99736,9.99905,1.00,1.00
2018.02.22 11:36:30.051,9.99736,9.99909,1.00,1.00
2018.02.22 11:36:30.534,9.99736,9.99901,1.00,1.00
2018.02.22 11:36:32.008,9.99736,9.99908,1.00,1.00
2018.02.22 11:36:32.959,9.99712,9.99892,1.00,1.00
2018.02.22 11:36:33.011,9.99712,9.999,1.00,1.00
2018.02.22 11:36:34.603,9.99722,9.99907,1.00,1.00
2018.02.22 11:36:34.965,9.99712,9.999,1.50,1.00
2018.02.22 11:36:35.190,9.99712,9.99892,1.50,1.00
2018.02.22 11:36:36.616,9.99712,9.99901,1.50,1.00
2018.02.22 11:36:37.790,9.99717,9.99901,1.00,1.00
2018.02.22 11:36:42.600,9.99717,9.99893,1.00,1.00
2018.02.22 11:36:47.762,9.99714,9.9989,1.00,1.00
2018.02.22 11:36:52.015,9.99713,9.99896,1.00,1.00
2018.02.22 11:36:53.577,9.99713,9.99888,1.00,1.00
2018.02.22 11:36:54.229,9.99713,9.9988,1.00,1.00
2018.02.22 11:36:54.948,9.99714,9.9988,1.00,1.00
2018.02.22 11:36:55.757,9.99714,9.99888,1.00,1.00
2018.02.22 11:36:56.605,9.99714,9.9988,1.00,1.00
2018.02.22 11:36:57.629,9.99712,9.9988,1.50,1.00
2018.02.22 11:37:00.028,9.9973,9.9988,1.00,1.00
2018.02.22 11:37:10.051,9.9973,9.99878,1.00,1.00
2018.02.22 11:37:15.161,9.9973,9.99879,1.00,1.00
2018.02.22 11:37:15.883,9.9973,9.99878,1.00,1.00
2018.02.22 11:37:30.045,9.9973,9.99872,1.00,1.00
2018.02.22 11:37:30.361,9.9973,9.9988,1.00,1.00
2018.02.22 11:37:31.972,9.9973,9.99872,1.00,1.00
2018.02.22 11:37:35.238,9.9973,9.99882,1.00,1.00
2018.02.22 11:37:36.346,9.9973,9.99873,1.00,1.00
2018.02.22 11:37:37.139,9.9973,9.99882,1.00,1.00
2018.02.22 11:37:38.573,9.9973,9.99871,1.00,1.00
2018.02.22 11:37:38.883,9.9973,9.99879,1.00,1.00
2018.02.22 11:37:39.938,9.9973,9.99877,1.00,1.00
2018.02.22 11:37:40.334,9.9973,9.99868,1.00,1.00
2018.02.22 11:37:40.788,9.9973,9.99876,1.00,1.00
2018.02.22 11:37:41.040,9.9973,9.99867,1.00,1.00
2018.02.22 11:37:46.585,9.9973,9.99878,1.00,1.00
2018.02.22 11:37:46.917,9.9973,9.99869,1.00,1.00
2018.02.22 11:37:48.961,9.9973,9.99861,1.00,1.00
2018.02.22 11:37:49.012,9.9973,9.9987,1.00,1.00
2018.02.22 11:37:49.599,9.9973,9.99861,1.00,1.00
2018.02.22 11:37:49.854,9.99685,9.99852,1.50,1.00
2018.02.22 11:37:49.906,9.99688,9.99852,1.00,1.00
2018.02.22 11:37:50.112,9.99688,9.99857,1.00,1.00
2018.02.22 11:37:50.265,9.99705,9.99857,1.00,1.00
2018.02.22 11:37:50.815,9.99705,9.99848,1.00,1.00
2018.02.22 11:37:51.094,9.99705,9.99855,1.00,1.00
2018.02.22 11:37:51.375,9.99705,9.99847,1.00,1.00
2018.02.22 11:37:51.517,9.99705,9.99857,1.00,1.00
2018.02.22 11:37:51.568,9.99705,9.99848,1.00,1.00
2018.02.22 11:37:53.159,9.99768,9.99892,1.00,1.50
2018.02.22 11:37:53.211,9.99771,9.9992,1.00,1.00
2018.02.22 11:37:53.263,9.99796,9.99928,1.00,1.00
2018.02.22 11:37:53.315,9.99751,9.99897,1.00,1.00
2018.02.22 11:37:53.366,9.99741,9.99889,1.00,1.00
2018.02.22 11:37:53.418,9.99728,9.99879,1.00,1.00
2018.02.22 11:37:53.655,9.99728,9.99871,1.00,1.00
2018.02.22 11:37:54.208,9.99728,9.9987,1.00,1.00
2018.02.22 11:37:56.902,9.99728,9.99871,1.00,1.00
2018.02.22 11:37:57.563,9.99728,9.9987,1.00,1.00
2018.02.22 11:38:07.142,9.99742,9.9987,1.37,1.00
2018.02.22 11:38:08.958,9.99742,9.99881,1.37,1.00
2018.02.22 11:38:09.319,9.99748,9.99881,1.00,1.00
2018.02.22 11:38:13.890,9.99748,9.99873,1.00,1.00
2018.02.22 11:38:13.994,9.99748,9.99882,1.00,1.00
2018.02.22 11:38:14.045,9.99748,9.99895,1.00,1.00
2018.02.22 11:38:14.097,9.9975,9.99903,1.00,1.00
2018.02.22 11:38:14.251,9.9975,9.9991,1.00,1.00
2018.02.22 11:38:14.303,9.9975,9.99901,1.00,1.00
2018.02.22 11:38:14.611,9.99771,9.99902,1.00,1.00
2018.02.22 11:38:14.764,9.99771,9.9991,1.00,1.00
2018.02.22 11:38:15.021,9.99771,9.99923,1.00,1.00
2018.02.22 11:38:15.072,9.99771,9.99911,1.00,1.00
2018.02.22 11:38:15.277,9.99771,9.99923,1.00,1.00
2018.02.22 11:38:15.329,9.99771,9.99908,1.00,1.00
2018.02.22 11:38:15.534,9.99771,9.99921,1.00,1.00
2018.02.22 11:38:15.631,9.99771,9.99912,1.00,1.00
2018.02.22 11:38:15.793,9.99771,9.9992,1.00,1.00
2018.02.22 11:38:15.844,9.99771,9.99911,1.00,1.00
2018.02.22 11:38:16.042,9.99771,9.99925,1.00,1.00
2018.02.22 11:38:16.093,9.99771,9.99915,1.00,1.00
2018.02.22 11:38:16.295,9.99771,9.99929,1.00,1.50
2018.02.22 11:38:16.449,9.99771,9.9992,1.00,1.00
2018.02.22 11:38:16.781,9.99771,9.99913,1.00,1.37
2018.02.22 11:38:17.334,9.99771,9.99913,1.00,1.00
2018.02.22 11:38:19.601,9.99771,9.9992,1.00,1.00
2018.02.22 11:38:19.652,9.99771,9.9991,1.00,1.00
2018.02.22 11:38:19.928,9.99771,9.99918,1.00,1.00
2018.02.22 11:38:19.980,9.99771,9.99929,1.00,1.50
2018.02.22 11:38:20.031,9.99771,9.99915,1.00,1.00
2018.02.22 11:38:20.276,9.99771,9.99922,1.00,1.00
2018.02.22 11:38:20.378,9.99843,9.99922,1.37,1.00
2018.02.22 11:38:20.429,9.99843,9.9993,1.37,1.00
2018.02.22 11:38:20.480,9.99843,9.99989,1.37,1.00
2018.02.22 11:38:20.531,9.99883,10.00001,1.37,1.00
2018.02.22 11:38:20.583,9.99883,10.00035,1.37,1.00
2018.02.22 11:38:20.634,9.99876,10.00035,1.00,1.00
2018.02.22 11:38:20.685,9.99876,10.00037,1.00,1.00
2018.02.22 11:38:20.736,9.99861,10.00037,1.37,1.00
2018.02.22 11:38:20.787,9.99861,10.00033,1.37,1.00
2018.02.22 11:38:21.109,9.99851,10.00006,1.00,1.00
2018.02.22 11:38:22.561,9.99828,9.99996,1.00,1.00
2018.02.22 11:38:22.612,9.99828,9.99987,1.00,1.00
2018.02.22 11:38:23.178,9.99827,9.99988,1.00,1.00
2018.02.22 11:38:25.103,9.99827,9.99995,1.00,1.00
2018.02.22 11:38:27.866,9.9982,9.99995,1.00,1.00
2018.02.22 11:38:28.956,9.9982,9.99996,1.00,1.00
2018.02.22 11:38:29.225,9.9982,9.99987,1.00,1.00
2018.02.22 11:38:30.464,9.9982,9.99996,1.00,1.00
2018.02.22 11:38:37.979,9.99822,9.99996,1.00,1.00
2018.02.22 11:38:42.889,9.99825,9.99996,1.00,1.00
2018.02.22 11:38:43.592,9.99825,9.99988,1.00,1.00
2018.02.22 11:38:48.804,9.99815,9.9998,1.00,1.00
2018.02.22 11:38:49.409,9.99811,9.9998,1.00,1.00
2018.02.22 11:38:50.020,9.99811,9.99983,1.00,1.00
2018.02.22 11:38:51.669,9.99861,9.99983,1.00,1.00
2018.02.22 11:38:51.772,9.9989,10.00048,1.00,1.00
2018.02.22 11:38:51.824,9.9989,10.00058,1.00,1.00
2018.02.22 11:38:51.875,9.99923,10.00058,1.00,1.00
2018.02.22 11:38:51.927,9.99923,10.00062,1.00,1.00
2018.02.22 11:38:52.030,9.99923,10.00065,1.00,1.00
2018.02.22 11:38:52.237,9.99923,10.0008,1.00,1.00
2018.02.22 11:38:52.289,9.99923,10.00084,1.00,1.00
2018.02.22 11:38:52.346,9.99911,10.00084,1.00,1.00
2018.02.22 11:38:52.398,9.99911,10.00076,1.00,1.00
2018.02.22 11:38:52.735,9.99911,10.00065,1.50,1.00
2018.02.22 11:38:55.929,9.99911,10.00066,1.00,1.00
2018.02.22 11:38:56.536,9.99911,10.00065,1.00,1.00
2018.02.22 11:39:01.032,9.99915,10.00065,1.00,1.00
2018.02.22 11:39:01.083,9.99906,10.00059,1.00,1.00
2018.02.22 11:39:01.185,9.99906,10.00065,1.00,1.00
2018.02.22 11:39:05.107,9.99906,10.00064,1.75,1.00
2018.02.22 11:39:05.164,9.99906,10.00064,1.00,1.00
2018.02.22 11:39:05.266,9.99906,10.00064,1.75,1.00
2018.02.22 11:39:05.469,9.99906,10.00065,1.00,1.00
2018.02.22 11:39:05.674,9.99926,10.00073,1.00,1.00
2018.02.22 11:39:05.726,9.99926,10.00086,1.00,1.00
2018.02.22 11:39:05.829,9.99916,10.00087,1.00,1.00
2018.02.22 11:39:05.881,9.99913,10.00065,1.00,1.00
2018.02.22 11:39:05.933,9.99911,10.00066,1.00,1.00
2018.02.22 11:39:06.138,9.99906,10.00065,1.00,1.00
2018.02.22 11:39:40.590,9.99911,10.00065,1.00,1.00
2018.02.22 11:39:41.753,9.9991,10.00066,1.00,1.00
2018.02.22 11:39:46.996,9.99911,10.00065,1.37,1.00
2018.02.22 11:39:47.838,9.99911,10.00065,1.00,1.00
2018.02.22 11:39:50.592,9.99911,10.00065,1.60,1.00
2018.02.22 11:39:50.947,9.99917,10.00065,1.00,1.00
2018.02.22 11:39:53.661,9.99919,10.00065,1.00,1.00
2018.02.22 11:40:01.491,9.99911,10.00066,1.00,1.00
2018.02.22 11:40:03.281,9.99912,10.00065,1.00,1.00
2018.02.22 11:40:04.104,9.9991,10.00065,1.00,1.00
2018.02.22 11:40:04.355,9.99912,10.00065,1.00,1.00
2018.02.22 11:40:05.847,9.99925,10.00072,1.00,1.00
2018.02.22 11:40:05.949,9.99917,10.00083,1.00,1.00
2018.02.22 11:40:06.000,9.99899,10.00066,1.00,1.00
2018.02.22 11:40:06.052,9.99885,10.00059,1.00,1.00
2018.02.22 11:40:06.103,9.99873,10.0004,1.00,1.00
2018.02.22 11:40:06.420,9.99873,10.00029,1.00,1.00
2018.02.22 11:40:06.472,9.99873,10.00038,1.00,1.00
2018.02.22 11:40:06.627,9.99863,10.00026,1.00,1.00
2018.02.22 11:40:06.992,9.99863,10.00017,1.00,1.00
2018.02.22 11:40:07.095,9.99853,10.00017,1.00,1.00
2018.02.22 11:40:07.147,9.99842,10.00004,1.00,1.00
2018.02.22 11:40:07.249,9.99842,10.00014,1.00,1.00
2018.02.22 11:40:07.401,9.99842,10.00006,1.00,1.00
2018.02.22 11:40:08.155,9.99832,9.99999,1.00,1.00
2018.02.22 11:40:08.313,9.99832,9.99991,1.00,1.00
2018.02.22 11:40:08.453,9.99832,9.99999,1.00,1.00
2018.02.22 11:40:08.504,9.99832,9.99991,1.00,1.00
2018.02.22 11:40:08.927,9.99821,9.99997,1.00,1.00
2018.02.22 11:40:09.928,9.99821,9.99997,1.37,1.00
2018.02.22 11:40:10.108,9.99821,9.9999,1.00,1.00
2018.02.22 11:40:10.216,9.99821,9.99997,1.00,1.00
2018.02.22 11:40:11.432,9.99821,9.99992,1.37,1.00
2018.02.22 11:40:11.715,9.99821,9.99992,1.00,1.00
2018.02.22 11:40:13.101,9.99818,9.99992,1.00,1.00
2018.02.22 11:40:14.735,9.99809,9.99984,1.00,1.00
2018.02.22 11:40:15.278,9.99808,9.99984,1.00,1.50
2018.02.22 11:40:15.329,9.99808,9.99976,1.00,1.00
2018.02.22 11:40:15.773,9.99808,9.99976,1.75,1.00
2018.02.22 11:40:15.924,9.99808,9.99976,1.00,1.00
2018.02.22 11:40:16.159,9.99808,9.99969,1.00,1.00
2018.02.22 11:40:16.618,9.99808,9.99977,1.00,1.00
2018.02.22 11:40:19.015,9.99808,9.99984,1.00,1.00
2018.02.22 11:40:19.068,9.99808,9.99977,1.00,1.00
2018.02.22 11:40:19.192,9.99808,9.99984,1.00,1.00
2018.02.22 11:40:20.138,9.99818,9.99985,1.00,1.00
2018.02.22 11:40:20.937,9.9982,9.99985,1.00,1.00
2018.02.22 11:40:22.114,9.9982,9.99995,1.00,1.00
2018.02.22 11:40:23.814,9.9982,9.99986,1.00,1.00
2018.02.22 11:40:28.064,9.99818,9.99986,1.00,1.00
2018.02.22 11:40:30.118,9.99818,9.99988,1.00,1.00
2018.02.22 11:40:31.234,9.99818,9.99994,1.00,1.00
2018.02.22 11:40:31.380,9.99838,9.99996,1.00,1.00
2018.02.22 11:40:31.432,9.99841,10.00017,1.00,1.00
2018.02.22 11:40:31.484,9.99841,10.00013,1.00,1.00
2018.02.22 11:40:31.639,9.99841,10.00017,1.00,1.00
2018.02.22 11:40:31.947,9.99841,10.00011,1.00,1.00
2018.02.22 11:40:33.186,9.99841,10.00004,1.00,1.00
2018.02.22 11:40:36.457,9.99841,9.99996,1.00,1.00
2018.02.22 11:40:38.220,9.99837,9.99996,1.00,1.00
2018.02.22 11:40:43.109,9.99831,10.00004,1.00,1.00
2018.02.22 11:40:50.051,9.99831,10.00006,1.00,1.00
2018.02.22 11:40:53.250,9.99832,10.00006,1.00,1.00
2018.02.22 11:40:54.153,9.99832,9.99999,1.00,1.00
2018.02.22 11:40:54.762,9.99832,9.99998,1.00,1.00
2018.02.22 11:40:57.167,9.99832,10.00008,1.00,1.00
2018.02.22 11:40:57.455,9.99832,10.0,1.00,1.00
2018.02.22 11:40:58.110,9.99831,10.0,1.00,1.00
2018.02.22 11:41:00.175,9.99831,10.00007,1.00,1.00
2018.02.22 11:41:05.641,9.99845,10.0002,1.00,1.00
2018.02.22 11:41:06.156,9.99845,10.00019,1.00,1.00
2018.02.22 11:41:08.280,9.99844,10.00019,1.00,1.00
2018.02.22 11:41:08.959,9.99844,10.0001,1.00,1.00
2018.02.22 11:41:10.056,9.99844,10.00012,1.00,1.00
2018.02.22 11:41:13.139,9.99842,10.00012,1.00,1.00
2018.02.22 11:41:23.286,9.99842,10.00012,1.37,1.00
2018.02.22 11:41:23.338,9.99858,10.00024,1.00,1.00
2018.02.22 11:41:23.389,9.99858,10.00033,1.00,1.00
2018.02.22 11:41:23.441,9.99876,10.00033,1.00,1.00
2018.02.22 11:41:23.817,9.99859,10.00033,1.00,1.00
2018.02.22 11:41:23.920,9.99858,10.00019,1.00,1.00
2018.02.22 11:41:24.125,9.99858,10.00029,1.00,1.00
2018.02.22 11:41:24.836,9.99858,10.00022,1.00,1.00
2018.02.22 11:41:29.084,9.99858,10.00021,1.00,1.00
2018.02.22 11:41:30.233,9.99858,10.00029,1.00,1.00
2018.02.22 11:41:30.345,9.99858,10.0002,1.00,1.00
2018.02.22 11:41:30.447,9.99833,9.99996,1.00,1.00
2018.02.22 11:41:30.498,9.99833,10.00003,1.00,1.00
2018.02.22 11:41:30.549,9.99833,10.00009,1.00,1.00
2018.02.22 11:41:32.569,9.99844,10.00012,1.00,1.00
2018.02.22 11:41:36.986,9.99844,10.00004,1.00,1.00
2018.02.22 11:41:37.437,9.99844,10.00013,1.00,1.00
2018.02.22 11:41:38.246,9.99844,10.00004,1.00,1.00
2018.02.22 11:41:38.349,9.99837,10.00004,1.00,1.00
2018.02.22 11:41:43.200,9.99834,10.00004,1.00,1.00
2018.02.22 11:41:46.450,9.99834,10.0001,1.00,1.00
2018.02.22 11:41:53.418,9.99839,10.00015,1.00,1.00
2018.02.22 11:41:57.836,9.99845,10.00015,1.00,1.00
2018.02.22 11:41:58.186,9.99845,10.00007,1.00,1.00
2018.02.22 11:41:59.476,9.99845,9.99999,1.00,1.00
2018.02.22 11:41:59.766,9.99845,10.00007,1.00,1.00
2018.02.22 11:42:04.226,9.99845,10.00007,1.00,1.37
2018.02.22 11:42:05.016,9.99845,10.00007,1.00,1.00
2018.02.22 11:42:07.321,9.99845,9.99999,1.00,1.00
2018.02.22 11:42:08.387,9.99845,10.00007,1.00,1.00
2018.02.22 11:42:10.050,9.99845,10.00005,1.00,1.00
2018.02.22 11:42:13.229,9.99845,9.99996,1.00,1.00
2018.02.22 11:42:17.929,9.99845,9.99988,1.00,1.00
2018.02.22 11:42:18.134,9.99845,9.99997,1.00,1.00
2018.02.22 11:42:20.238,9.99822,9.99997,1.00,1.00
2018.02.22 11:42:20.980,9.99822,9.99998,1.00,1.00
2018.02.22 11:42:21.700,9.99822,9.99997,1.00,1.00
2018.02.22 11:42:22.562,9.99822,9.99996,1.00,1.00
2018.02.22 11:42:22.614,9.99829,9.99998,1.00,1.00
2018.02.22 11:42:23.074,9.99832,10.00008,1.00,1.00
2018.02.22 11:42:23.125,9.99832,10.00005,1.00,1.00
2018.02.22 11:42:23.433,9.99832,9.99998,1.00,1.00
2018.02.22 11:42:24.012,9.99832,9.99997,1.00,1.00
2018.02.22 11:42:24.063,9.99822,9.99989,1.00,1.00
2018.02.22 11:42:24.115,9.9982,9.99989,1.00,1.00
2018.02.22 11:42:25.644,9.9982,9.99981,1.00,1.00
2018.02.22 11:42:26.300,9.99811,9.99981,1.00,1.00
2018.02.22 11:42:27.613,9.9981,9.99973,1.00,1.00
2018.02.22 11:42:28.326,9.99835,9.99973,1.12,1.00
2018.02.22 11:42:28.378,9.99861,10.00014,1.56,1.00
2018.02.22 11:42:28.518,9.99823,9.99994,1.00,1.00
2018.02.22 11:42:28.570,9.99813,9.99986,1.00,1.00
2018.02.22 11:42:30.053,9.99813,9.99981,1.00,1.00
2018.02.22 11:42:30.505,9.99802,9.9998,1.00,1.00
2018.02.22 11:42:30.608,9.99802,9.99966,1.00,1.00
2018.02.22 11:42:30.659,9.99791,9.99966,1.00,1.00
2018.02.22 11:42:30.814,9.9978,9.99956,1.00,1.00
2018.02.22 11:42:30.865,9.9978,9.99941,1.00,1.00
2018.02.22 11:42:30.916,9.9978,9.99949,1.00,1.00
2018.02.22 11:42:30.967,9.9978,9.99956,1.00,1.00
2018.02.22 11:42:31.512,9.99767,9.99945,1.00,1.50
2018.02.22 11:42:31.634,9.99767,9.99933,1.00,1.00
2018.02.22 11:42:31.689,9.99758,9.99925,1.00,1.00
2018.02.22 11:42:31.740,9.99758,9.99934,1.00,1.00
2018.02.22 11:42:32.621,9.99758,9.99926,1.00,1.00
2018.02.22 11:42:32.757,9.99747,9.99923,1.00,1.00
2018.02.22 11:42:32.808,9.99747,9.99917,1.00,1.00
2018.02.22 11:42:33.893,9.99737,9.99913,1.00,1.00
2018.02.22 11:42:33.945,9.99718,9.99892,1.00,1.00
2018.02.22 11:42:34.151,9.99716,9.99892,1.00,1.50
2018.02.22 11:42:34.560,9.99716,9.99892,1.60,1.00
2018.02.22 11:42:34.664,9.99817,9.99989,1.00,1.00
2018.02.22 11:42:34.716,9.99845,10.00001,1.00,1.00
2018.02.22 11:42:34.767,9.99846,10.00021,1.60,1.00
2018.02.22 11:42:34.819,9.99876,10.00021,1.00,1.00
2018.02.22 11:42:34.870,9.99876,10.00033,1.00,1.00
2018.02.22 11:42:35.022,9.99876,10.00041,1.00,1.00
2018.02.22 11:42:35.661,9.99846,10.00022,1.50,1.00
2018.02.22 11:42:35.712,9.99846,10.0001,1.00,1.00
2018.02.22 11:42:35.764,9.99821,10.00001,1.37,1.00
2018.02.22 11:42:35.916,9.99821,10.0,1.00,1.00
2018.02.22 11:42:37.403,9.99821,10.00001,1.00,1.00
2018.02.22 11:42:37.814,9.99819,9.99989,1.00,1.00
2018.02.22 11:42:38.017,9.99819,9.99995,1.00,1.00
2018.02.22 11:42:38.508,9.99822,9.99998,1.00,1.50
2018.02.22 11:42:39.361,9.99822,9.99997,1.00,1.00
2018.02.22 11:42:43.368,9.99821,9.99997,1.00,1.50
2018.02.22 11:42:57.375,9.99821,9.99995,1.00,1.00
2018.02.22 11:43:08.569,9.99823,9.99995,1.00,1.00
2018.02.22 11:43:10.051,9.99823,9.99991,1.00,1.00
2018.02.22 11:43:13.417,9.99822,9.99991,1.00,1.00
2018.02.22 11:43:15.027,9.99811,9.99987,1.50,1.00
2018.02.22 11:43:15.103,9.99811,9.99979,1.00,1.00
2018.02.22 11:43:15.154,9.99811,9.99987,1.00,1.00
2018.02.22 11:43:26.916,9.99811,9.99987,1.37,1.00
2018.02.22 11:43:27.197,9.99811,9.99987,1.00,1.00
2018.02.22 11:43:29.120,9.99812,9.99987,1.00,1.00
2018.02.22 11:43:29.171,9.99832,10.00008,1.00,1.00
2018.02.22 11:43:29.379,9.99823,9.99994,1.00,1.00
2018.02.22 11:43:29.430,9.9983,10.00005,1.00,1.00
2018.02.22 11:43:29.532,9.9983,10.0,1.00,1.00
2018.02.22 11:43:29.836,9.99847,10.00004,1.00,1.00
2018.02.22 11:43:30.151,9.99847,10.0,1.00,1.00
2018.02.22 11:43:30.526,9.99847,10.00005,1.00,1.00
2018.02.22 11:43:30.912,9.99847,9.99999,1.00,1.00
2018.02.22 11:43:31.333,9.99847,10.00005,1.00,1.00
2018.02.22 11:43:31.748,9.99847,9.99999,1.00,1.00
2018.02.22 11:43:32.898,9.99847,10.00005,1.00,1.00
2018.02.22 11:43:36.474,9.99847,10.0,1.00,1.00
2018.02.22 11:43:37.014,9.99847,10.00005,1.00,1.00
2018.02.22 11:43:38.628,9.99847,10.0,1.00,1.00
2018.02.22 11:43:43.488,9.99847,10.00008,1.00,1.00
2018.02.22 11:43:43.729,9.99834,10.00008,1.00,1.00
2018.02.22 11:43:43.832,9.99831,9.99999,1.00,1.50
2018.02.22 11:43:47.105,9.99833,10.00011,1.00,1.00
2018.02.22 11:43:47.209,9.99833,10.00008,1.00,1.00
2018.02.22 11:43:47.568,9.99823,9.99993,1.00,1.00
2018.02.22 11:43:48.281,9.99812,9.99984,1.00,1.00
2018.02.22 11:43:50.051,9.99812,9.99979,1.00,1.00
2018.02.22 11:43:53.658,9.99808,9.99979,1.00,1.00
2018.02.22 11:43:55.665,9.99808,9.99971,1.00,1.00
2018.02.22 11:43:55.808,9.99794,9.99963,1.00,1.00
2018.02.22 11:43:56.012,9.99794,9.9997,1.00,1.00
2018.02.22 11:43:56.063,9.99804,9.99984,1.00,1.00
2018.02.22 11:43:56.331,9.99801,9.99974,1.00,1.00
2018.02.22 11:43:56.755,9.99801,9.99977,1.00,1.00
2018.02.22 11:43:58.081,9.99801,9.99974,1.00,1.00
2018.02.22 11:43:58.473,9.99804,9.99974,1.00,1.00
2018.02.22 11:44:03.418,9.99804,9.99977,1.00,1.00
2018.02.22 11:44:03.470,9.99804,9.99977,1.37,1.00
2018.02.22 11:44:04.189,9.99804,9.99977,1.00,1.00
2018.02.22 11:44:06.950,9.99814,9.99982,1.00,1.00
2018.02.22 11:44:07.156,9.99814,9.9999,1.00,1.50
2018.02.22 11:44:07.363,9.99814,9.99982,1.00,1.00
2018.02.22 11:44:07.619,9.99804,9.99974,1.50,1.00
2018.02.22 11:44:07.825,9.99793,9.99957,1.00,1.00
2018.02.22 11:44:07.928,9.99793,9.99966,1.00,1.00
2018.02.22 11:44:08.689,9.99791,9.99966,1.00,1.00
2018.02.22 11:44:10.052,9.99791,9.99964,1.00,1.00
2018.02.22 11:44:15.190,9.9979,9.99964,1.00,1.00
2018.02.22 11:44:21.931,9.9979,9.99966,1.00,1.00
2018.02.22 11:44:23.719,9.99792,9.99968,1.00,1.00
2018.02.22 11:44:25.028,9.99803,9.99979,1.00,1.00
2018.02.22 11:44:25.824,9.99803,9.99979,1.37,1.00
2018.02.22 11:44:25.876,9.99812,9.99988,1.00,1.00
2018.02.22 11:44:28.542,9.99816,9.99992,1.00,1.50
2018.02.22 11:44:38.673,9.99824,10.0,1.00,1.00
2018.02.22 11:44:38.725,9.99824,10.00003,1.00,1.00
2018.02.22 11:44:41.513,9.99824,9.99996,1.00,1.00
2018.02.22 11:44:42.057,9.99824,10.00003,1.00,1.00
2018.02.22 11:44:43.571,9.99825,10.00008,1.00,1.50
2018.02.22 11:44:46.380,9.99825,9.99995,1.00,1.00
2018.02.22 11:44:50.032,9.99825,9.99998,1.00,1.00
2018.02.22 11:44:50.613,9.99824,9.9999,1.00,1.00
2018.02.22 11:44:50.665,9.99807,9.99979,1.00,1.00
2018.02.22 11:44:50.949,9.99807,9.99983,1.00,1.00
2018.02.22 11:44:51.000,9.99807,9.99979,1.00,1.00
2018.02.22 11:44:51.052,9.99808,9.99983,1.00,1.00
2018.02.22 11:44:51.780,9.99807,9.99983,1.00,1.00
2018.02.22 11:44:53.730,9.9981,9.99986,1.00,1.00
2018.02.22 11:45:00.403,9.9981,9.99983,1.00,1.00
2018.02.22 11:45:03.965,9.99799,9.99974,1.00,1.00
2018.02.22 11:45:04.018,9.99788,9.99964,1.00,1.50
2018.02.22 11:45:04.121,9.99788,9.99956,1.00,1.00
2018.02.22 11:45:04.358,9.99788,9.99964,1.00,1.00
2018.02.22 11:45:05.426,9.99788,9.99959,1.00,1.00
2018.02.22 11:45:06.420,9.99788,9.99964,1.00,1.00
2018.02.22 11:45:08.760,9.99789,9.99965,1.00,1.00
2018.02.22 11:45:11.784,9.99799,9.99975,1.00,1.00
2018.02.22 11:45:12.127,9.99804,9.99975,1.00,1.00
2018.02.22 11:45:13.669,9.99808,9.99984,1.00,1.00
2018.02.22 11:45:18.310,9.9982,9.99984,2.10,1.00
2018.02.22 11:45:18.362,9.99911,10.00047,1.00,1.00
2018.02.22 11:45:18.414,9.99916,10.00069,1.60,1.00
2018.02.22 11:45:18.465,9.99958,10.00108,1.00,1.00
2018.02.22 11:45:18.518,9.99961,10.00124,1.35,1.45
2018.02.22 11:45:18.569,9.99976,10.00126,1.00,1.00
2018.02.22 11:45:18.621,9.99966,10.00126,1.00,1.00
2018.02.22 11:45:18.673,9.99957,10.00126,1.00,1.00
2018.02.22 11:45:18.767,9.9995,10.00124,1.00,1.00
2018.02.22 11:45:18.819,9.99939,10.00115,1.00,1.00
2018.02.22 11:45:18.871,9.99928,10.00106,1.00,1.00
2018.02.22 11:45:22.769,9.99928,10.00104,1.00,1.00
2018.02.22 11:45:23.075,9.99914,10.0009,1.00,1.00
2018.02.22 11:45:23.915,9.99971,10.00078,3.75,1.00
2018.02.22 11:45:23.967,10.00019,10.00126,1.00,1.00
2018.02.22 11:45:24.019,10.00023,10.00195,1.00,1.00
2018.02.22 11:45:24.071,10.0005,10.0021,1.00,1.00
2018.02.22 11:45:24.122,9.99997,10.00173,1.00,1.00
2018.02.22 11:45:24.174,10.00012,10.00163,1.00,1.00
2018.02.22 11:45:24.226,10.00004,10.00176,1.00,1.00
2018.02.22 11:45:24.277,10.00003,10.00178,1.00,1.00
2018.02.22 11:45:24.432,9.99991,10.00169,1.00,1.00
2018.02.22 11:45:24.485,9.99991,10.00159,1.00,1.00
2018.02.22 11:45:25.344,9.99982,10.00158,1.00,1.00
2018.02.22 11:45:25.395,9.99982,10.00156,1.00,1.00
2018.02.22 11:45:25.446,9.99972,10.00148,1.00,1.50
2018.02.22 11:45:25.497,9.99951,10.00127,1.00,1.00
2018.02.22 11:45:27.297,9.99951,10.00123,1.00,1.00
2018.02.22 11:45:27.349,9.99941,10.00115,1.00,1.00
2018.02.22 11:45:27.401,9.99927,10.00097,1.00,1.00
2018.02.22 11:45:27.452,9.99916,10.00092,1.00,1.00
2018.02.22 11:45:27.504,9.99916,10.00087,1.00,1.00
2018.02.22 11:45:27.719,9.99916,10.00092,1.00,1.00
2018.02.22 11:45:28.282,9.99916,10.00085,1.00,1.00
2018.02.22 11:45:28.334,9.99903,10.00077,1.00,1.00
2018.02.22 11:45:28.437,9.99893,10.00069,1.00,1.50
2018.02.22 11:45:28.489,9.99878,10.00054,1.00,1.00
2018.02.22 11:45:28.541,9.99854,10.00044,1.00,1.00
2018.02.22 11:45:28.643,9.99858,10.00034,1.00,1.00
2018.02.22 11:45:28.798,9.99837,10.00027,1.00,1.00
2018.02.22 11:45:29.343,9.99844,10.0002,1.00,1.00
2018.02.22 11:45:33.739,9.99854,10.00032,1.00,1.00
2018.02.22 11:45:38.476,9.99845,10.00021,1.00,1.00
2018.02.22 11:45:38.979,9.99845,10.0002,1.00,1.00
2018.02.22 11:45:39.532,9.99996,10.00089,1.00,1.00
2018.02.22 11:45:39.772,10.00025,10.00155,1.00,1.00
2018.02.22 11:45:39.824,9.99997,10.00169,1.00,1.00
2018.02.22 11:45:39.876,10.00006,10.00161,1.00,1.00
2018.02.22 11:45:39.927,9.99964,10.0014,1.50,1.00
2018.02.22 11:45:40.030,9.99964,10.00137,1.00,1.00
2018.02.22 11:45:40.132,9.99939,10.00115,1.00,1.00
2018.02.22 11:45:40.235,9.99927,10.00103,1.00,1.00
2018.02.22 11:45:40.538,9.99919,10.00095,1.00,1.00
2018.02.22 11:45:41.111,9.99919,10.00078,1.00,1.00
2018.02.22 11:45:41.163,9.99895,10.0007,1.00,1.00
2018.02.22 11:45:41.215,9.99885,10.00061,1.00,1.50
2018.02.22 11:45:42.124,9.99885,10.00053,1.00,1.00
2018.02.22 11:45:42.176,9.99856,10.00042,1.37,1.00
2018.02.22 11:45:42.303,9.99851,10.00027,1.00,1.00
2018.02.22 11:45:42.607,9.99844,10.00016,1.00,1.00
2018.02.22 11:45:43.088,9.9984,10.00016,1.00,1.00
2018.02.22 11:45:43.293,9.99829,10.00005,1.00,1.00
2018.02.22 11:45:46.189,9.99819,9.99995,1.00,1.00
2018.02.22 11:45:46.812,9.99833,10.00006,1.00,1.00
2018.02.22 11:45:47.191,9.99842,10.00018,1.00,1.00
2018.02.22 11:45:47.767,9.99852,10.00028,1.00,1.00
2018.02.22 11:45:48.927,9.99862,10.00038,1.00,1.00
2018.02.22 11:45:49.976,9.99862,10.00033,1.00,1.00
2018.02.22 11:45:53.882,9.99855,10.00031,1.00,1.00
2018.02.22 11:45:58.829,9.99861,10.00037,1.00,1.00
2018.02.22 11:46:00.408,9.99866,10.00042,1.00,1.50
2018.02.22 11:46:01.393,9.99866,10.00032,1.00,1.00
2018.02.22 11:46:01.446,9.99866,10.00042,1.00,1.00
2018.02.22 11:46:01.497,9.99866,10.00034,1.00,1.00
2018.02.22 11:46:01.600,9.99866,10.00042,1.00,1.50
2018.02.22 11:46:01.653,9.99866,10.00033,1.00,1.00
2018.02.22 11:46:01.704,9.99871,10.00047,1.00,1.00
2018.02.22 11:46:01.985,9.99866,10.00042,1.00,1.00
2018.02.22 11:46:02.036,9.99852,10.00038,1.00,1.00
2018.02.22 11:46:02.188,9.99874,10.0005,1.00,1.00
2018.02.22 11:46:02.511,9.99957,10.00037,1.12,1.00
2018.02.22 11:46:02.563,10.00011,10.00125,1.00,1.00
2018.02.22 11:46:02.614,9.99976,10.00148,1.35,1.00
2018.02.22 11:46:02.667,10.0002,10.00151,1.35,1.00
2018.02.22 11:46:02.719,10.00035,10.00199,2.25,1.45
2018.02.22 11:46:02.771,10.00055,10.00214,1.00,1.45
2018.02.22 11:46:02.823,10.00081,10.00239,1.00,1.00
2018.02.22 11:46:02.932,10.00075,10.00255,1.00,1.00
2018.02.22 11:46:02.984,10.00056,10.00235,1.00,1.45
2018.02.22 11:46:03.035,10.00037,10.00226,1.37,1.45
2018.02.22 11:46:03.087,10.00036,10.00226,1.00,1.45
2018.02.22 11:46:03.139,10.00027,10.00217,1.50,1.00
2018.02.22 11:46:03.190,10.00027,10.0021,1.00,1.00
2018.02.22 11:46:03.243,10.00027,10.00217,1.50,1.00
2018.02.22 11:46:04.184,10.00027,10.00209,1.00,1.00
2018.02.22 11:46:04.504,10.00026,10.00201,1.00,1.00
2018.02.22 11:46:05.972,10.00015,10.00191,1.00,1.00
2018.02.22 11:46:06.175,10.00015,10.00185,1.00,1.00
2018.02.22 11:46:08.929,10.00008,10.00184,1.00,1.00
2018.02.22 11:46:11.503,10.00005,10.0018,1.00,1.00
2018.02.22 11:46:11.707,9.99986,10.00162,1.00,1.00
2018.02.22 11:46:11.758,9.99974,10.0015,1.00,1.00
2018.02.22 11:46:12.178,9.99978,10.0015,1.00,1.00
2018.02.22 11:46:12.229,9.99974,10.0015,1.00,1.00
2018.02.22 11:46:13.740,9.99976,10.00152,1.00,1.00
2018.02.22 11:46:14.398,9.99965,10.00141,1.00,1.00
2018.02.22 11:46:14.762,9.99962,10.0014,1.00,1.00
2018.02.22 11:46:14.865,9.99969,10.0014,1.00,1.00
2018.02.22 11:46:15.263,9.99962,10.0014,1.50,1.00
2018.02.22 11:46:19.257,9.99955,10.00131,1.00,1.00
2018.02.22 11:46:19.628,9.99958,10.00131,1.00,1.00
2018.02.22 11:46:20.394,9.99957,10.00131,1.00,1.00
2018.02.22 11:46:21.212,9.99958,10.00131,1.00,1.00
2018.02.22 11:46:21.813,9.99955,10.00131,1.00,1.00
2018.02.22 11:46:21.865,9.99952,10.00128,1.00,1.00
2018.02.22 11:46:24.013,9.99953,10.00129,1.00,1.00
2018.02.22 11:46:38.940,9.99952,10.00128,1.00,1.00
2018.02.22 11:46:41.347,9.99952,10.00128,1.37,1.00
2018.02.22 11:46:41.641,9.99952,10.00128,1.00,1.00
2018.02.22 11:46:46.180,9.99952,10.00127,1.00,1.00
2018.02.22 11:46:46.233,9.99952,10.00127,1.37,1.00
2018.02.22 11:46:46.335,9.99952,10.00128,1.00,1.00
2018.02.22 11:46:46.438,9.99963,10.00138,1.00,1.00
2018.02.22 11:46:47.132,9.99962,10.00138,1.00,1.00
2018.02.22 11:46:50.051,9.99967,10.00138,1.00,1.00
2018.02.22 11:46:54.018,9.99971,10.00147,1.00,1.00
2018.02.22 11:46:57.231,9.9996,10.00136,1.00,1.00
2018.02.22 11:46:57.537,9.99949,10.00125,1.00,1.00
2018.02.22 11:46:58.031,9.9996,10.00136,1.00,1.00
2018.02.22 11:46:58.879,9.99963,10.00139,1.00,1.00
2018.02.22 11:47:03.997,9.9997,10.00146,1.00,1.00
2018.02.22 11:47:09.005,9.99971,10.00149,1.00,1.00
2018.02.22 11:47:11.272,9.99971,10.00145,1.00,1.00
2018.02.22 11:47:11.735,9.99971,10.00149,1.00,1.00
2018.02.22 11:47:12.610,9.99962,10.00145,1.00,1.00
2018.02.22 11:47:13.909,9.99969,10.00145,1.00,1.00
2018.02.22 11:47:20.348,9.99973,10.00149,1.00,1.00
2018.02.22 11:47:21.691,9.9999,10.00166,1.00,1.00
2018.02.22 11:47:21.999,10.00005,10.00181,1.00,1.00
2018.02.22 11:47:22.543,10.0001,10.00181,1.00,1.00
2018.02.22 11:47:22.595,10.00016,10.00192,1.00,1.00
2018.02.22 11:47:24.030,10.00018,10.00194,1.00,1.00
2018.02.22 11:47:27.442,10.00018,10.0019,1.00,1.00
2018.02.22 11:47:27.493,10.00018,10.00194,1.00,1.00
2018.02.22 11:47:27.698,10.00026,10.00202,1.00,1.00
2018.02.22 11:47:28.675,10.00027,10.00202,1.00,1.00
2018.02.22 11:47:29.492,10.00026,10.00202,1.00,1.00
2018.02.22 11:47:29.999,10.00027,10.00203,1.00,1.00
2018.02.22 11:47:34.604,10.00031,10.00204,1.00,1.00
2018.02.22 11:47:39.025,10.00031,10.00206,1.00,1.00
2018.02.22 11:47:44.308,10.00022,10.00206,1.00,1.00
2018.02.22 11:47:44.677,10.00015,10.00205,1.00,1.00
2018.02.22 11:47:44.827,10.00024,10.00206,1.00,1.00
2018.02.22 11:47:50.051,10.0003,10.00206,1.00,1.00
2018.02.22 11:47:50.103,10.00017,10.00206,1.00,1.00
2018.02.22 11:47:50.382,10.00021,10.00206,1.00,1.00
2018.02.22 11:47:50.804,10.00029,10.00206,1.00,1.00
2018.02.22 11:47:51.377,10.00026,10.00206,1.00,1.00
2018.02.22 11:47:51.918,10.0003,10.00206,1.00,1.00
2018.02.22 11:47:54.089,10.0003,10.00208,1.00,1.00
2018.02.22 11:47:57.250,10.00026,10.00208,1.00,1.00
2018.02.22 11:47:58.950,10.00026,10.00203,1.00,1.00
2018.02.22 11:47:59.001,10.00021,10.00203,1.00,1.00
2018.02.22 11:47:59.052,10.00029,10.00203,1.00,1.00
2018.02.22 11:48:01.432,10.00027,10.00203,1.00,1.00
2018.02.22 11:48:01.484,10.00027,10.00198,1.00,1.00
2018.02.22 11:48:01.572,10.00022,10.00198,1.00,1.00
2018.02.22 11:48:02.350,10.00027,10.00198,1.00,1.00
2018.02.22 11:48:06.035,10.00022,10.00198,1.00,1.00
2018.02.22 11:48:06.331,10.00024,10.00198,1.00,1.00
2018.02.22 11:48:09.120,10.00024,10.00206,1.00,1.00
2018.02.22 11:48:09.298,10.00027,10.00206,1.00,1.00
2018.02.22 11:48:13.699,10.00014,10.00197,1.00,1.00
2018.02.22 11:48:13.801,10.00018,10.00206,1.00,1.00
2018.02.22 11:48:13.910,10.00027,10.00206,1.50,1.00
2018.02.22 11:48:14.261,10.00028,10.00204,1.00,1.00
2018.02.22 11:48:17.910,10.00036,10.00204,1.00,1.00
2018.02.22 11:48:20.717,10.00036,10.00216,1.00,1.00
2018.02.22 11:48:21.031,10.00045,10.00216,1.00,1.00
2018.02.22 11:48:21.622,10.00037,10.00216,1.00,1.00
2018.02.22 11:48:21.951,10.00029,10.00216,1.00,1.00
2018.02.22 11:48:22.002,10.00038,10.00216,1.00,1.00
2018.02.22 11:48:22.303,10.00069,10.0021,1.20,1.00
2018.02.22 11:48:22.355,10.00046,10.0021,1.00,1.00
2018.02.22 11:48:22.459,10.00069,10.0021,1.20,1.00
2018.02.22 11:48:22.511,10.00074,10.00219,1.20,1.00
2018.02.22 11:48:22.687,10.00077,10.00219,1.20,1.00
2018.02.22 11:48:22.738,10.00086,10.00232,1.20,1.00
2018.02.22 11:48:22.789,10.00086,10.00239,1.20,1.00
2018.02.22 11:48:22.840,10.00074,10.00239,1.20,1.00
2018.02.22 11:48:24.150,10.00074,10.00236,1.95,1.00
2018.02.22 11:48:29.709,10.00075,10.00236,1.20,1.00
2018.02.22 11:48:30.164,10.00116,10.00236,1.20,1.45
2018.02.22 11:48:30.216,10.00075,10.00236,1.20,1.95
2018.02.22 11:48:30.268,10.00116,10.00236,1.20,1.95
2018.02.22 11:48:30.460,10.00075,10.00236,1.20,1.45
2018.02.22 11:48:30.562,10.00077,10.00236,1.20,1.45
2018.02.22 11:48:31.538,10.00098,10.00236,1.20,1.45
2018.02.22 11:48:31.589,10.00077,10.00236,1.20,1.45
2018.02.22 11:48:32.063,10.00098,10.00236,1.20,1.45
2018.02.22 11:48:32.114,10.00077,10.00236,1.20,1.45
2018.02.22 11:48:32.789,10.00074,10.00236,1.20,1.45
2018.02.22 11:48:33.314,10.00075,10.00236,1.20,1.45
2018.02.22 11:48:33.365,10.0008,10.00236,1.20,1.45
2018.02.22 11:48:34.038,10.00074,10.00236,1.20,1.45
2018.02.22 11:48:34.279,10.00079,10.00236,1.20,1.45
2018.02.22 11:48:36.401,10.00076,10.00229,1.20,1.45
2018.02.22 11:48:36.811,10.00071,10.00231,1.20,1.45
2018.02.22 11:48:37.093,10.00073,10.00231,1.20,1.45
2018.02.22 11:48:37.261,10.00066,10.00231,1.00,1.45
2018.02.22 11:48:39.525,10.0007,10.00233,1.20,1.45
2018.02.22 11:48:39.627,10.00066,10.00233,1.00,1.45
2018.02.22 11:48:41.582,10.0007,10.00233,1.20,1.45
2018.02.22 11:48:41.684,10.00066,10.00233,1.00,1.45
2018.02.22 11:48:43.340,10.0007,10.00233,1.20,1.45
2018.02.22 11:48:43.669,10.00066,10.00233,1.00,1.45
2018.02.22 11:48:45.405,10.0007,10.00233,1.20,1.45
2018.02.22 11:48:45.457,10.00066,10.00233,1.00,1.45
2018.02.22 11:48:49.459,10.00098,10.00233,1.20,1.45
2018.02.22 11:48:49.510,10.00066,10.00233,1.00,1.45
2018.02.22 11:48:49.561,10.00078,10.00233,1.20,1.45
2018.02.22 11:48:49.612,10.00066,10.00233,1.00,1.45
2018.02.22 11:48:49.663,10.00078,10.00233,1.20,1.45
2018.02.22 11:48:50.023,10.001,10.00233,1.20,1.45
2018.02.22 11:48:50.076,10.00066,10.00233,1.00,1.45
2018.02.22 11:48:53.308,10.00082,10.00233,1.20,1.45
2018.02.22 11:48:53.658,10.00066,10.00233,1.00,1.45
2018.02.22 11:48:53.710,10.00083,10.00233,1.20,1.45
2018.02.22 11:48:54.725,10.00105,10.00233,1.20,1.45
2018.02.22 11:48:54.776,10.00083,10.00236,1.20,1.45
2018.02.22 11:48:55.306,10.00082,10.00236,1.20,1.45
2018.02.22 11:49:01.327,10.00066,10.00233,1.00,1.45
2018.02.22 11:49:02.985,10.00083,10.00233,1.20,1.45
2018.02.22 11:49:03.148,10.00066,10.00233,1.00,1.45
2018.02.22 11:49:03.426,10.001,10.00233,1.20,1.45
2018.02.22 11:49:03.478,10.00083,10.00233,1.20,1.45
2018.02.22 11:49:03.831,10.00066,10.00233,1.00,1.45
2018.02.22 11:49:04.254,10.0008,10.00233,1.20,1.45
2018.02.22 11:49:04.715,10.00083,10.00233,1.20,1.45
2018.02.22 11:49:05.244,10.00069,10.00233,1.00,1.45
2018.02.22 11:49:05.296,10.00082,10.00233,1.20,1.45
2018.02.22 11:49:07.108,10.00074,10.00233,1.20,1.45
2018.02.22 11:49:07.159,10.00083,10.00233,1.20,1.45
2018.02.22 11:49:07.624,10.00069,10.00233,1.00,1.45
2018.02.22 11:49:08.413,10.00083,10.00233,1.20,1.45
2018.02.22 11:49:10.015,10.00084,10.00234,1.20,1.45
2018.02.22 11:49:16.805,10.00053,10.00224,1.00,1.00
2018.02.22 11:49:16.912,10.00055,10.00224,1.00,1.00
2018.02.22 11:49:17.014,10.00067,10.00241,1.00,1.00
2018.02.22 11:49:17.115,10.00086,10.00238,1.00,1.00
2018.02.22 11:49:17.217,10.00066,10.00238,1.00,1.00
2018.02.22 11:49:17.272,10.00066,10.00225,1.00,1.00
2018.02.22 11:49:17.374,10.00056,10.00225,1.00,1.00
2018.02.22 11:49:17.527,10.00074,10.00225,1.20,1.00
2018.02.22 11:49:17.578,10.00069,10.00236,1.00,1.00
2018.02.22 11:49:17.630,10.00079,10.00236,1.00,1.00
2018.02.22 11:49:22.313,10.00092,10.00236,1.20,1.00
2018.02.22 11:49:22.415,10.00081,10.00236,1.20,1.00
2018.02.22 11:49:22.857,10.00098,10.00236,1.20,1.00
2018.02.22 11:49:22.909,10.0008,10.00236,1.20,1.00
2018.02.22 11:49:22.961,10.00094,10.00236,1.00,1.00
2018.02.22 11:49:23.467,10.00086,10.00236,1.20,1.00
2018.02.22 11:49:23.571,10.00081,10.00236,1.20,1.00
2018.02.22 11:49:23.623,10.00092,10.00236,1.00,1.00
2018.02.22 11:49:24.320,10.00092,10.00243,1.00,1.45
2018.02.22 11:49:26.317,10.00097,10.00243,1.20,1.45
2018.02.22 11:49:26.421,10.00084,10.00243,1.20,1.00
2018.02.22 11:49:26.473,10.00096,10.00243,1.00,1.00
2018.02.22 11:49:26.577,10.00089,10.00243,1.20,1.45
2018.02.22 11:49:26.672,10.00086,10.00243,1.00,1.45
2018.02.22 11:49:26.905,10.00098,10.00243,1.20,1.45
2018.02.22 11:49:26.957,10.00085,10.00243,1.20,1.45
2018.02.22 11:49:27.060,10.00079,10.00243,1.20,1.45
2018.02.22 11:49:27.500,10.00081,10.00243,1.00,1.45
2018.02.22 11:49:27.808,10.00086,10.00236,1.00,1.00
2018.02.22 11:49:28.147,10.00077,10.00236,1.00,1.45
2018.02.22 11:49:28.198,10.00077,10.00236,1.00,1.00
2018.02.22 11:49:28.249,10.00088,10.00236,1.20,1.00
2018.02.22 11:49:28.300,10.00077,10.00236,1.00,1.00
2018.02.22 11:49:28.413,10.00081,10.00236,1.20,1.00
2018.02.22 11:49:29.130,10.00081,10.00235,1.20,1.00
2018.02.22 11:49:29.479,10.00098,10.00245,1.20,1.00
2018.02.22 11:49:29.531,10.0009,10.00245,1.20,1.00
2018.02.22 11:49:29.582,10.00096,10.00236,1.00,1.00
2018.02.22 11:49:29.692,10.00086,10.00236,1.00,1.00
2018.02.22 11:49:29.743,10.00084,10.00236,1.20,1.00
2018.02.22 11:49:29.971,10.00088,10.00236,1.20,1.00
2018.02.22 11:49:30.022,10.0008,10.00236,1.20,1.00
2018.02.22 11:49:33.355,10.00082,10.00236,1.00,1.00
2018.02.22 11:49:33.406,10.0008,10.00236,1.20,1.00
2018.02.22 11:49:33.660,10.00086,10.00236,1.00,1.00
2018.02.22 11:49:33.763,10.00079,10.00236,1.20,1.00
2018.02.22 11:49:34.270,10.0008,10.00236,1.20,1.00
2018.02.22 11:49:34.924,10.00098,10.00236,1.20,1.00
2018.02.22 11:49:34.976,10.0008,10.00236,1.20,1.00
2018.02.22 11:49:35.078,10.00085,10.00236,1.00,1.00
2018.02.22 11:49:35.340,10.00081,10.00236,1.20,1.00
2018.02.22 11:49:36.091,10.00098,10.00236,1.20,1.00
2018.02.22 11:49:36.143,10.00081,10.00236,1.20,1.00
2018.02.22 11:49:37.265,10.00077,10.00236,1.00,1.00
2018.02.22 11:49:37.368,10.00083,10.00236,1.20,1.00
2018.02.22 11:49:37.886,10.00077,10.00236,1.95,1.00
2018.02.22 11:49:37.938,10.0015,10.00246,1.00,1.00
2018.02.22 11:49:37.990,10.00176,10.00303,1.20,1.45
2018.02.22 11:49:38.042,10.00176,10.00309,1.20,1.00
2018.02.22 11:49:38.093,10.00184,10.00309,1.20,1.00
2018.02.22 11:49:38.482,10.002,10.00314,1.95,1.00
2018.02.22 11:49:38.638,10.00191,10.00347,1.60,1.00
2018.02.22 11:49:38.690,10.00231,10.00359,1.20,1.50
2018.02.22 11:49:38.742,10.00231,10.00391,1.20,1.20
2018.02.22 11:49:38.794,10.0024,10.00398,1.20,1.56
2018.02.22 11:49:38.846,10.0024,10.00383,1.20,1.00
2018.02.22 11:49:38.897,10.0024,10.00357,1.20,1.00
2018.02.22 11:49:39.204,10.00209,10.00265,1.20,1.00
2018.02.22 11:49:39.255,10.00196,10.00265,1.20,1.00
2018.02.22 11:49:39.610,10.00167,10.00265,1.00,1.00
2018.02.22 11:49:40.473,10.00195,10.00265,1.20,1.00
2018.02.22 11:49:46.861,10.00152,10.00265,1.00,1.00
2018.02.22 11:49:46.914,10.00122,10.00265,1.00,1.45
2018.02.22 11:49:47.017,10.00111,10.00247,1.20,1.00
2018.02.22 11:49:47.068,10.00105,10.00247,1.00,1.45
2018.02.22 11:49:47.119,10.00089,10.00247,1.00,1.45
2018.02.22 11:49:47.221,10.00098,10.00247,1.20,1.45
2018.02.22 11:49:47.324,10.00089,10.00247,1.00,1.45
2018.02.22 11:49:47.377,10.00076,10.00233,1.00,1.00
2018.02.22 11:49:47.530,10.00076,10.00251,1.00,1.95
2018.02.22 11:49:48.958,10.00076,10.00234,1.20,1.00
2018.02.22 11:49:49.265,10.00123,10.00242,1.20,1.20
2018.02.22 11:49:49.573,10.00122,10.00234,1.20,1.45
2018.02.22 11:49:50.041,10.00125,10.00244,1.20,1.45
2018.02.22 11:49:50.093,10.00107,10.00244,1.20,1.45
2018.02.22 11:49:50.145,10.00096,10.00234,1.20,1.45
2018.02.22 11:49:50.197,10.00075,10.00234,1.00,1.45
2018.02.22 11:49:50.249,10.00093,10.00233,1.20,1.45
2018.02.22 11:49:50.351,10.00057,10.00233,1.00,1.45
2018.02.22 11:49:51.362,10.00081,10.00233,1.20,1.45
2018.02.22 11:49:51.464,10.00057,10.00233,1.00,1.45
2018.02.22 11:49:51.626,10.00081,10.00233,1.20,1.45
2018.02.22 11:49:51.677,10.00057,10.00233,1.00,1.45
2018.02.22 11:49:53.429,10.00067,10.00233,1.20,1.45
2018.02.22 11:49:53.933,10.00073,10.00233,1.20,1.45
2018.02.22 11:49:55.677,10.00085,10.00236,1.20,1.45
2018.02.22 11:49:55.982,10.00116,10.00235,1.20,1.00
2018.02.22 11:49:56.033,10.00085,10.00236,1.20,1.00
2018.02.22 11:49:56.137,10.00072,10.00236,1.00,1.00
2018.02.22 11:49:56.341,10.00111,10.0023,1.20,1.00
2018.02.22 11:49:56.650,10.00087,10.00233,1.20,1.00
2018.02.22 11:49:56.701,10.0009,10.00233,1.20,1.00
2018.02.22 11:49:56.804,10.00078,10.00244,1.00,1.00
2018.02.22 11:49:56.980,10.00128,10.00244,1.20,1.45
2018.02.22 11:49:57.033,10.0012,10.00246,1.20,1.00
2018.02.22 11:49:57.084,10.00098,10.00249,1.20,1.00
2018.02.22 11:49:57.187,10.00105,10.00249,1.20,1.00
2018.02.22 11:49:57.239,10.00105,10.00256,1.20,1.50
2018.02.22 11:49:57.292,10.00142,10.0027,1.20,1.00
2018.02.22 11:49:57.498,10.00226,10.00367,1.20,1.00
2018.02.22 11:49:57.601,10.00245,10.00379,1.00,1.00
2018.02.22 11:49:57.756,10.00254,10.00409,1.20,1.56
2018.02.22 11:49:57.808,10.0028,10.00409,1.20,1.11
2018.02.22 11:49:57.859,10.00254,10.00417,1.95,1.11
2018.02.22 11:49:57.911,10.00277,10.00405,1.20,1.11
2018.02.22 11:49:58.326,10.0028,10.00405,1.20,1.11
2018.02.22 11:50:00.675,10.00285,10.00413,1.20,1.11
2018.02.22 11:50:00.777,10.00272,10.00435,1.20,1.00
2018.02.22 11:50:00.828,10.00292,10.00454,1.00,1.00
2018.02.22 11:50:00.880,10.00299,10.00475,1.00,1.45
2018.02.22 11:50:00.931,10.00302,10.00475,1.00,1.45
2018.02.22 11:50:00.982,10.00304,10.00475,1.00,1.00
2018.02.22 11:50:01.085,10.00318,10.00475,1.20,1.00
2018.02.22 11:50:01.250,10.00317,10.00485,1.20,1.00
2018.02.22 11:50:01.301,10.00309,10.00485,1.00,1.00
2018.02.22 11:50:01.720,10.00311,10.0048,1.20,1.00
2018.02.22 11:50:02.025,10.00311,10.00474,1.20,1.00
2018.02.22 11:50:02.075,10.00305,10.00474,1.20,1.00
2018.02.22 11:50:02.177,10.00312,10.00474,1.20,1.00
2018.02.22 11:50:02.387,10.00304,10.00474,1.20,1.00
2018.02.22 11:50:03.168,10.00311,10.00474,1.20,1.00
2018.02.22 11:50:03.804,10.00305,10.00474,1.20,1.00
2018.02.22 11:50:03.907,10.00309,10.00474,1.20,1.00
2018.02.22 11:50:04.396,10.00311,10.00474,1.20,1.00
2018.02.22 11:50:05.007,10.00319,10.00487,1.95,1.37
2018.02.22 11:50:05.110,10.00309,10.00487,1.00,1.00
2018.02.22 11:50:05.161,10.0032,10.00496,1.00,1.00
2018.02.22 11:50:05.469,10.00322,10.0048,1.20,1.00
2018.02.22 11:50:05.623,10.00286,10.00462,1.00,1.00
2018.02.22 11:50:05.675,10.00299,10.00456,1.20,1.00
2018.02.22 11:50:05.984,10.00314,10.0044,1.20,1.00
2018.02.22 11:50:06.138,10.00279,10.0044,1.20,1.00
2018.02.22 11:50:06.292,10.00317,10.0044,1.20,1.00
2018.02.22 11:50:06.559,10.00323,10.00451,1.20,1.00
2018.02.22 11:50:06.610,10.00295,10.00463,1.20,1.50
2018.02.22 11:50:06.662,10.0029,10.00463,1.00,1.00
2018.02.22 11:50:06.713,10.00299,10.00469,1.00,1.00
2018.02.22 11:50:06.918,10.00299,10.00475,1.00,1.00
2018.02.22 11:50:06.970,10.00299,10.00473,1.00,1.00
2018.02.22 11:50:07.279,10.00301,10.00473,1.20,1.00
2018.02.22 11:50:07.546,10.00299,10.00473,1.00,1.00
2018.02.22 11:50:08.419,10.00306,10.00473,1.20,1.00
2018.02.22 11:50:08.711,10.00303,10.00473,1.20,1.00
2018.02.22 11:50:09.409,10.00303,10.00472,1.20,1.00
2018.02.22 11:50:10.613,10.00296,10.00472,1.00,1.00
2018.02.22 11:50:12.483,10.00302,10.00467,1.20,1.00
2018.02.22 11:50:12.843,10.00309,10.00472,1.20,1.00
2018.02.22 11:50:13.019,10.00296,10.00472,1.00,1.00
2018.02.22 11:50:14.270,10.00303,10.00479,1.00,1.00
2018.02.22 11:50:14.683,10.00309,10.00479,1.20,1.00
2018.02.22 11:50:14.844,10.0031,10.00482,1.20,1.00
2018.02.22 11:50:14.895,10.00314,10.0049,1.00,1.50
2018.02.22 11:50:15.050,10.00324,10.005,1.00,1.00
2018.02.22 11:50:15.358,10.00322,10.00489,1.20,1.50
2018.02.22 11:50:15.409,10.00315,10.00489,1.20,1.50
2018.02.22 11:50:15.563,10.00313,10.00489,1.00,1.00
2018.02.22 11:50:17.492,10.00313,10.00481,1.00,1.37
2018.02.22 11:50:19.498,10.00315,10.00481,1.20,1.37
2018.02.22 11:50:20.158,10.00313,10.00481,1.00,1.37
2018.02.22 11:50:20.455,10.00313,10.00489,1.00,1.50
2018.02.22 11:50:24.390,10.00311,10.00487,1.00,1.00
2018.02.22 11:50:24.728,10.00311,10.0048,1.00,1.00
2018.02.22 11:50:25.068,10.00311,10.00487,1.00,1.00
2018.02.22 11:50:25.491,10.00311,10.0048,1.00,1.37
2018.02.22 11:50:25.644,10.00312,10.00487,1.00,1.00
2018.02.22 11:50:25.982,10.00302,10.00478,1.50,1.00
2018.02.22 11:50:29.250,10.00303,10.00479,1.00,1.00
2018.02.22 11:50:34.868,10.00312,10.00416,1.00,1.45
2018.02.22 11:50:34.919,10.00221,10.00377,1.45,1.00
2018.02.22 11:50:34.970,10.00217,10.0038,1.45,1.00
2018.02.22 11:50:35.022,10.00226,10.00399,1.45,1.00
2018.02.22 11:50:35.073,10.00247,10.00423,1.00,1.00
2018.02.22 11:50:35.124,10.00256,10.00423,1.00,1.00
2018.02.22 11:50:35.226,10.00247,10.00423,1.00,1.00
2018.02.22 11:50:35.277,10.00241,10.00411,1.00,1.00
2018.02.22 11:50:35.328,10.00235,10.00411,1.00,1.00
2018.02.22 11:50:35.480,10.00241,10.00411,1.00,1.00
2018.02.22 11:50:35.755,10.00235,10.00411,1.00,1.00
2018.02.22 11:50:38.606,10.00224,10.004,1.45,1.00
2018.02.22 11:50:38.658,10.00209,10.00401,1.45,1.00
2018.02.22 11:50:38.873,10.00218,10.00405,1.00,1.45
2018.02.22 11:50:39.128,10.00226,10.00394,1.00,1.00
2018.02.22 11:50:44.280,10.00226,10.00396,1.00,1.00
2018.02.22 11:50:50.050,10.00229,10.00396,1.00,1.00
2018.02.22 11:50:52.979,10.00229,10.00404,1.00,1.00
2018.02.22 11:50:54.450,10.00229,10.00398,1.00,1.00
2018.02.22 11:51:01.005,10.00222,10.00398,1.00,1.00
2018.02.22 11:51:06.444,10.00222,10.00398,1.00,1.37
2018.02.22 11:51:06.496,10.00212,10.00387,1.00,1.00
2018.02.22 11:51:06.916,10.00212,10.00402,1.45,1.87
2018.02.22 11:51:07.277,10.00206,10.00388,1.45,1.37
2018.02.22 11:51:07.328,10.00206,10.00388,1.00,1.37
2018.02.22 11:51:07.480,10.00206,10.0038,1.00,1.00
2018.02.22 11:51:07.531,10.00195,10.00371,1.00,1.00
2018.02.22 11:51:07.938,10.00195,10.00371,1.00,1.37
2018.02.22 11:51:08.319,10.00172,10.00348,1.00,1.00
2018.02.22 11:51:08.370,10.00162,10.00338,1.00,1.00
2018.02.22 11:51:08.697,10.00164,10.00338,1.00,1.12
2018.02.22 11:51:09.288,10.00162,10.00338,1.00,1.87
2018.02.22 11:51:09.492,10.00156,10.00332,1.00,1.00
2018.02.22 11:51:09.943,10.00152,10.00328,1.45,1.00
2018.02.22 11:51:12.500,10.00145,10.00321,1.00,1.00
2018.02.22 11:51:12.552,10.00124,10.00294,1.00,1.00
2018.02.22 11:51:12.655,10.00095,10.00273,1.45,1.00
2018.02.22 11:51:12.757,10.00095,10.00262,1.45,1.00
2018.02.22 11:51:12.809,10.00095,10.00262,1.00,1.00
2018.02.22 11:51:12.861,10.00079,10.00254,1.45,1.00
2018.02.22 11:51:12.964,10.00056,10.00246,1.45,1.00
2018.02.22 11:51:13.015,10.00048,10.00238,1.45,1.00
2018.02.22 11:51:13.338,10.0006,10.00236,1.00,1.00
2018.02.22 11:51:13.874,10.00048,10.00224,1.45,1.00
2018.02.22 11:51:14.028,10.00027,10.00218,1.45,1.00
2018.02.22 11:51:14.080,10.00027,10.00217,1.95,1.00
2018.02.22 11:51:14.337,10.00007,10.00197,1.45,1.00
2018.02.22 11:51:14.388,10.00007,10.00197,1.45,1.00
2018.02.22 11:51:14.490,10.00016,10.002,1.00,1.12
2018.02.22 11:51:14.805,10.00001,10.00191,1.00,1.00
2018.02.22 11:51:14.857,10.00001,10.00191,1.45,1.00
2018.02.22 11:51:14.960,10.00001,10.00191,1.45,1.00
2018.02.22 11:51:15.774,10.00001,10.00177,1.45,1.00
2018.02.22 11:51:16.081,9.99958,10.00145,1.45,1.00
2018.02.22 11:51:16.235,9.99957,10.00147,1.45,1.37
2018.02.22 11:51:16.440,9.99957,10.00147,1.45,1.37
2018.02.22 11:51:16.808,9.99947,10.00135,1.45,1.00
2018.02.22 11:51:18.126,9.99944,10.00134,1.45,1.00
2018.02.22 11:51:18.604,9.99944,10.00134,1.45,1.37
2018.02.22 11:51:18.707,9.99936,10.00126,1.45,1.12
2018.02.22 11:51:18.758,9.99936,10.00126,1.45,1.12
2018.02.22 11:51:18.810,9.99932,10.00115,1.45,1.00
2018.02.22 11:51:19.155,9.9992,10.00107,1.45,1.00
2018.02.22 11:51:19.264,9.99924,10.00116,1.45,1.00
2018.02.22 11:51:19.879,9.99925,10.00115,1.45,1.00
2018.02.22 11:51:20.256,9.9993,10.00106,1.45,1.00
2018.02.22 11:51:21.161,9.9993,10.00106,1.45,1.00
2018.02.22 11:51:23.607,9.99919,10.00095,1.82,1.00
2018.02.22 11:51:23.914,9.99919,10.00095,1.45,1.00
2018.02.22 11:51:25.402,9.99919,10.00095,1.45,1.00
2018.02.22 11:51:25.454,9.99919,10.00095,1.45,1.00
2018.02.22 11:51:25.505,9.99919,10.00095,1.45,1.00
2018.02.22 11:51:25.658,9.99919,10.00093,1.45,1.00
2018.02.22 11:51:25.710,9.99919,10.00093,1.45,1.00
2018.02.22 11:51:29.418,9.99913,10.00089,1.45,1.00
2018.02.22 11:51:34.875,9.99913,10.00089,1.00,1.00
2018.02.22 11:51:34.928,9.99907,10.00085,1.45,1.00
2018.02.22 11:51:34.979,9.99907,10.00085,1.00,1.00
2018.02.22 11:51:35.031,9.99907,10.00085,1.45,1.00
2018.02.22 11:51:35.887,9.99907,10.00085,1.45,1.50
2018.02.22 11:51:35.990,9.99903,10.00079,1.20,1.00
2018.02.22 11:51:36.092,9.99903,10.00076,1.20,1.00
2018.02.22 11:51:36.298,9.99903,10.00079,1.20,1.00
2018.02.22 11:51:36.515,9.99903,10.00076,1.20,1.00
2018.02.22 11:51:36.851,9.99892,10.00067,1.45,1.00
2018.02.22 11:51:37.179,9.99876,10.00051,1.45,1.00
2018.02.22 11:51:37.384,9.99876,10.00052,1.45,1.00
2018.02.22 11:51:37.958,9.99876,10.00052,1.45,1.00
2018.02.22 11:51:38.267,9.99865,10.00043,1.45,1.00
2018.02.22 11:51:38.423,9.99857,10.00033,1.45,1.00
2018.02.22 11:51:38.526,9.99857,10.00033,1.45,1.00
2018.02.22 11:51:39.012,9.99857,10.00033,1.45,1.00
2018.02.22 11:51:39.540,9.99854,10.0003,1.45,1.00
2018.02.22 11:51:39.642,9.99854,10.0003,1.45,1.00
2018.02.22 11:51:39.848,9.99854,10.0003,1.45,1.00
2018.02.22 11:51:40.019,9.99854,10.00026,1.45,1.00
2018.02.22 11:51:40.374,9.99843,10.00019,1.45,1.00
2018.02.22 11:51:40.425,9.99843,10.00018,1.45,1.00
2018.02.22 11:51:40.527,9.99843,10.00019,1.45,1.00
2018.02.22 11:51:40.578,9.99845,10.00019,1.45,1.00
2018.02.22 11:51:41.086,9.99843,10.00019,1.45,1.00
2018.02.22 11:51:41.409,9.99836,10.00012,1.45,1.00
2018.02.22 11:51:41.511,9.99836,10.00012,1.45,1.00
2018.02.22 11:51:42.072,9.99836,10.00012,1.45,1.00
2018.02.22 11:51:42.175,9.99832,10.00008,1.45,1.00
2018.02.22 11:51:42.512,9.99843,10.00019,1.45,1.00
2018.02.22 11:51:44.763,9.99842,10.00018,1.45,1.00
2018.02.22 11:51:46.174,9.99842,10.00018,1.95,1.00
2018.02.22 11:51:47.672,9.99842,10.00018,1.95,1.00
2018.02.22 11:51:48.957,9.99854,10.0003,1.45,1.00
2018.02.22 11:51:49.808,9.99854,10.0003,1.45,1.00
2018.02.22 11:51:49.860,9.99852,10.00028,1.45,1.00
2018.02.22 11:51:50.172,9.99841,10.00013,1.45,1.00
2018.02.22 11:51:50.224,9.99841,10.00017,1.45,1.00
2018.02.22 11:51:51.046,9.99845,10.00019,1.45,1.00
2018.02.22 11:51:51.164,9.99819,9.99995,1.82,1.00
2018.02.22 11:51:51.418,9.9984,10.00012,1.45,1.00
2018.02.22 11:51:51.469,9.9984,10.00016,1.82,1.00
2018.02.22 11:51:51.520,9.99829,10.00003,1.82,1.00
2018.02.22 11:51:51.836,9.99829,10.00003,1.82,1.00
2018.02.22 11:51:52.568,9.99829,10.00002,1.82,1.00
2018.02.22 11:51:52.621,9.99846,10.00022,1.82,1.00
2018.02.22 11:51:52.877,9.99859,10.00035,1.45,1.50
2018.02.22 11:51:53.151,9.99845,10.00012,1.20,1.00
2018.02.22 11:51:53.509,9.99836,10.00012,1.82,1.00
2018.02.22 11:51:54.619,9.99844,10.00022,1.45,1.50
2018.02.22 11:51:54.670,9.99832,10.00004,1.82,1.00
2018.02.22 11:51:54.875,9.99849,10.00025,1.45,1.00
2018.02.22 11:51:55.827,9.99835,9.99997,1.20,1.00
2018.02.22 11:51:55.878,9.99836,10.00007,1.45,1.00
2018.02.22 11:51:55.929,9.9985,10.00026,1.82,1.00
2018.02.22 11:51:55.981,9.99821,9.99995,1.45,1.00
2018.02.22 11:51:56.082,9.9982,9.99995,1.82,1.00
2018.02.22 11:51:56.184,9.9984,10.00012,1.82,1.00
2018.02.22 11:51:56.235,9.9984,10.00016,1.82,1.00
2018.02.22 11:51:56.286,9.99843,10.00016,1.82,1.00
2018.02.22 11:51:56.337,9.99835,10.00004,1.82,1.00
2018.02.22 11:51:56.388,9.99848,10.00024,1.82,1.00
2018.02.22 11:51:56.934,9.99848,10.00024,1.82,1.00
2018.02.22 11:51:56.986,9.99848,10.00024,1.82,1.00
2018.02.22 11:51:57.527,9.99855,10.00013,1.20,1.00
2018.02.22 11:51:57.579,9.99855,10.00013,1.20,1.00
2018.02.22 11:51:57.631,9.99845,10.00017,1.45,1.00
2018.02.22 11:51:57.682,9.99855,10.00013,1.20,1.00
2018.02.22 11:51:57.786,9.99859,10.00021,1.82,1.00
2018.02.22 11:51:57.838,9.99865,10.00035,1.20,1.00
2018.02.22 11:51:57.890,9.99865,10.0002,1.20,1.00
2018.02.22 11:51:57.992,9.99865,10.00027,1.20,1.00
2018.02.22 11:51:58.044,9.99864,10.0004,1.82,1.00
2018.02.22 11:51:58.096,9.99864,10.0002,1.20,1.00
2018.02.22 11:51:58.148,9.99867,10.00041,1.82,1.00
2018.02.22 11:51:58.200,9.99855,10.00014,1.20,1.00
2018.02.22 11:51:58.303,9.99856,10.00032,1.82,1.00
2018.02.22 11:51:58.355,9.99837,10.00013,1.45,1.00
2018.02.22 11:51:58.406,9.99863,10.00039,1.45,1.00
2018.02.22 11:51:58.458,9.99841,10.00017,1.45,1.00
2018.02.22 11:51:58.562,9.99853,10.00026,1.45,1.00
2018.02.22 11:51:58.614,9.99853,10.00018,1.45,1.00
2018.02.22 11:51:58.666,9.99853,10.00029,1.45,1.00
2018.02.22 11:51:59.429,9.99857,10.00033,1.45,1.00
2018.02.22 11:51:59.722,9.99857,10.00033,1.82,1.00
2018.02.22 11:51:59.877,9.99865,10.00035,1.20,1.00
2018.02.22 11:51:59.928,9.99865,10.0002,1.20,1.00
2018.02.22 11:52:00.083,9.99865,10.00038,1.20,1.00
2018.02.22 11:52:00.135,9.99872,10.00048,1.82,1.00
2018.02.22 11:52:00.239,9.99884,10.0006,1.75,1.37
2018.02.22 11:52:00.394,9.9988,10.00056,1.75,1.00
2018.02.22 11:52:00.445,9.9989,10.00062,1.37,1.00
2018.02.22 11:52:00.548,9.9989,10.00066,1.37,1.00
2018.02.22 11:52:01.071,9.9989,10.00066,1.82,1.00
2018.02.22 11:52:01.355,9.9989,10.00066,1.95,1.00
2018.02.22 11:52:01.458,9.9989,10.00051,1.20,1.00
2018.02.22 11:52:01.510,9.99892,10.00068,1.37,1.00
2018.02.22 11:52:01.664,9.99893,10.00065,1.37,1.00
2018.02.22 11:52:01.716,9.99893,10.00057,1.82,1.00
2018.02.22 11:52:01.819,9.99893,10.00068,1.82,1.00
2018.02.22 11:52:02.895,9.99893,10.00066,1.45,1.00
2018.02.22 11:52:03.205,9.99893,10.00069,1.82,1.00
2018.02.22 11:52:03.257,9.99893,10.00069,1.82,1.00
2018.02.22 11:52:03.309,9.99904,10.00077,1.82,1.00
2018.02.22 11:52:03.431,9.99904,10.00077,1.37,1.00
2018.02.22 11:52:03.482,9.99904,10.00077,1.82,1.00
2018.02.22 11:52:03.542,9.99904,10.00077,1.37,1.00
2018.02.22 11:52:03.669,9.99904,10.00077,1.82,1.00
2018.02.22 11:52:03.721,9.99904,10.00077,1.37,1.00
2018.02.22 11:52:03.783,9.99904,10.00077,1.82,1.00
2018.02.22 11:52:03.862,9.99904,10.00077,1.37,1.00
2018.02.22 11:52:03.965,9.99904,10.00077,1.82,1.00
2018.02.22 11:52:04.023,9.99904,10.00077,1.37,1.00
2018.02.22 11:52:04.103,9.99904,10.00077,1.82,1.00
2018.02.22 11:52:04.411,9.99902,10.00078,1.75,1.00
2018.02.22 11:52:04.515,9.99908,10.00084,1.37,1.00
2018.02.22 11:52:04.566,9.99924,10.00062,1.10,1.00
2018.02.22 11:52:04.669,9.99896,10.0007,1.82,1.00
2018.02.22 11:52:04.721,9.99908,10.00084,1.82,1.00
2018.02.22 11:52:04.773,9.99908,10.00084,1.37,1.00
2018.02.22 11:52:04.824,9.99896,10.00072,1.20,1.00
2018.02.22 11:52:04.876,9.99896,10.00065,1.37,1.00
2018.02.22 11:52:05.192,9.99896,10.00072,1.82,1.50
2018.02.22 11:52:06.001,9.99898,10.00072,1.20,1.50
2018.02.22 11:52:06.052,9.99895,10.00037,1.20,1.00
2018.02.22 11:52:06.104,9.99895,10.00049,1.20,1.00
2018.02.22 11:52:06.156,9.99895,10.00035,1.20,1.00
2018.02.22 11:52:06.208,9.99899,10.0007,1.00,1.00
2018.02.22 11:52:06.260,9.9991,10.00084,1.00,1.00
2018.02.22 11:52:06.312,9.99899,10.00067,1.82,1.00
2018.02.22 11:52:06.466,9.99899,10.00075,1.82,1.00
2018.02.22 11:52:06.517,9.99909,10.00084,1.75,1.00
2018.02.22 11:52:06.569,9.99915,10.00076,1.20,1.00
2018.02.22 11:52:06.672,9.99909,10.00085,1.37,1.00
2018.02.22 11:52:06.724,9.99905,10.00064,1.20,1.00
2018.02.22 11:52:06.776,9.99899,10.00072,1.82,1.00
2018.02.22 11:52:06.828,9.99899,10.00075,1.82,1.00
2018.02.22 11:52:06.879,9.99899,10.00075,1.57,1.00
2018.02.22 11:52:06.931,9.99899,10.00072,1.57,1.00
2018.02.22 11:52:07.035,9.99887,10.00065,1.82,1.00
2018.02.22 11:52:07.087,9.99877,10.00053,1.45,1.00
2018.02.22 11:52:07.228,9.99889,10.00064,1.82,1.00
2018.02.22 11:52:07.280,9.99899,10.00075,1.00,1.00
2018.02.22 11:52:07.331,9.99899,10.00064,1.45,1.00
2018.02.22 11:52:07.383,9.99899,10.00064,1.45,1.00
2018.02.22 11:52:07.486,9.99899,10.00064,1.45,1.00
2018.02.22 11:52:07.691,9.99888,10.00064,1.82,1.00
2018.02.22 11:52:08.497,9.99888,10.00064,1.75,1.00
2018.02.22 11:52:08.549,9.99878,10.00054,1.45,1.00
2018.02.22 11:52:08.601,9.999,10.00073,1.00,1.00
2018.02.22 11:52:08.654,9.99888,10.00056,1.82,1.00
2018.02.22 11:52:08.757,9.99898,10.0007,1.75,1.00
2018.02.22 11:52:08.809,9.99905,10.00072,1.20,1.00
2018.02.22 11:52:08.860,9.99895,10.0004,1.20,1.00
2018.02.22 11:52:08.913,9.99906,10.00082,1.75,1.00
2018.02.22 11:52:08.964,9.99915,10.0004,1.20,1.00
2018.02.22 11:52:09.016,9.99905,10.00056,1.20,1.00
2018.02.22 11:52:09.117,9.99902,10.00056,1.37,1.00
2018.02.22 11:52:09.169,9.99908,10.00084,1.00,1.20
2018.02.22 11:52:09.221,9.99897,10.00072,1.45,1.00
2018.02.22 11:52:09.273,9.99884,10.0006,1.45,1.00
2018.02.22 11:52:09.325,9.99894,10.00062,1.20,1.00
2018.02.22 11:52:09.427,9.99894,10.0007,1.20,1.50
2018.02.22 11:52:09.991,9.99894,10.00062,1.45,1.00
2018.02.22 11:52:10.533,9.99895,10.00062,1.95,1.00
2018.02.22 11:52:10.687,9.99896,10.00072,1.00,1.00
2018.02.22 11:52:10.739,9.99895,10.00067,1.20,1.00
2018.02.22 11:52:10.841,9.99902,10.00078,1.82,1.50
2018.02.22 11:52:11.539,9.99902,10.00078,1.82,1.00
2018.02.22 11:52:11.886,9.99915,10.00078,1.20,1.50
2018.02.22 11:52:11.988,9.99911,10.00083,1.37,1.00
2018.02.22 11:52:12.040,9.99902,10.00058,1.82,1.00
2018.02.22 11:52:12.091,9.99901,10.00068,1.75,1.00
2018.02.22 11:52:12.142,9.99905,10.00058,1.20,1.00
2018.02.22 11:52:12.193,9.99906,10.00079,1.82,1.00
2018.02.22 11:52:12.295,9.99906,10.00069,1.82,1.00
2018.02.22 11:52:12.346,9.99894,10.00059,1.95,1.00
2018.02.22 11:52:12.397,9.99907,10.00083,1.00,1.00
2018.02.22 11:52:12.448,9.99895,10.00055,1.20,1.00
2018.02.22 11:52:12.499,9.99899,10.00074,1.00,1.00
2018.02.22 11:52:12.550,9.99865,10.00042,1.45,1.00
2018.02.22 11:52:12.601,9.99898,10.00074,1.00,1.00
2018.02.22 11:52:12.652,9.99888,10.00057,1.45,1.00
2018.02.22 11:52:12.703,9.99898,10.00074,1.37,1.00
2018.02.22 11:52:12.754,9.99898,10.00056,1.82,1.00
2018.02.22 11:52:12.806,9.99898,10.00073,1.37,1.00
2018.02.22 11:52:13.334,9.99898,10.00074,1.82,1.00
2018.02.22 11:52:13.867,9.99909,10.00074,1.37,1.00
2018.02.22 11:52:14.022,9.99915,10.00081,1.20,1.00
2018.02.22 11:52:14.074,9.99881,10.00052,1.45,1.00
2018.02.22 11:52:14.126,9.99909,10.00078,1.37,1.00
2018.02.22 11:52:14.179,9.99895,10.00038,1.20,1.00
2018.02.22 11:52:14.283,9.99915,10.00081,1.20,1.00
2018.02.22 11:52:14.385,9.99943,10.0009,1.10,1.00
2018.02.22 11:52:14.516,9.99912,10.00098,1.45,1.00
2018.02.22 11:52:14.569,9.99912,10.00076,1.45,1.00
2018.02.22 11:52:14.620,9.99912,10.00102,1.95,1.00
2018.02.22 11:52:14.672,9.99911,10.00069,1.82,1.00
2018.02.22 11:52:14.724,9.99925,10.00082,1.20,1.00
2018.02.22 11:52:14.777,9.99901,10.00063,1.82,1.00
2018.02.22 11:52:14.829,9.99903,10.00077,1.45,1.00
2018.02.22 11:52:14.881,9.99905,10.00063,1.20,1.00
2018.02.22 11:52:14.984,9.9991,10.00079,1.82,1.00
2018.02.22 11:52:15.036,9.99923,10.00099,1.75,1.00
2018.02.22 11:52:15.089,9.99925,10.0007,1.20,1.00
2018.02.22 11:52:15.245,9.99929,10.00096,1.37,1.00
2018.02.22 11:52:15.297,9.99925,10.00065,1.20,1.00
2018.02.22 11:52:15.349,9.99928,10.00098,1.37,1.00
2018.02.22 11:52:15.401,9.99906,10.00076,1.00,1.00
2018.02.22 11:52:15.453,9.99895,10.00064,1.20,1.00
2018.02.22 11:52:15.556,9.99927,10.00086,1.82,1.00
2018.02.22 11:52:15.608,9.99927,10.00095,1.37,1.00
2018.02.22 11:52:15.660,9.99914,10.00084,1.37,1.00
2018.02.22 11:52:15.816,9.99898,10.00074,1.45,1.00
2018.02.22 11:52:15.869,9.99898,10.00072,1.82,1.00
2018.02.22 11:52:15.972,9.9991,10.0008,1.45,1.00
2018.02.22 11:52:17.005,9.99902,10.00069,1.20,1.00
2018.02.22 11:52:17.159,9.99932,10.001,1.00,1.00
2018.02.22 11:52:17.211,9.99935,10.00081,1.20,1.00
2018.02.22 11:52:17.263,9.99926,10.00087,1.82,1.00
2018.02.22 11:52:17.314,9.99938,10.00108,1.82,1.00
2018.02.22 11:52:17.587,9.99938,10.00108,1.82,1.00
2018.02.22 11:52:18.098,9.99938,10.00108,1.82,1.00
2018.02.22 11:52:18.372,9.99938,10.00108,1.37,1.00
2018.02.22 11:52:18.424,9.99928,10.00096,1.00,1.00
2018.02.22 11:52:18.476,9.99939,10.00115,1.00,1.00
2018.02.22 11:52:18.528,9.99921,10.00092,1.75,1.00
2018.02.22 11:52:18.579,9.99905,10.0008,1.12,1.00
2018.02.22 11:52:18.733,9.99931,10.00107,1.00,1.00
2018.02.22 11:52:18.785,9.99935,10.0012,1.12,1.00
2018.02.22 11:52:18.972,9.9994,10.00117,1.00,1.00
2018.02.22 11:52:19.024,9.99945,10.00119,1.12,1.00
2018.02.22 11:52:19.127,9.9993,10.0012,1.75,1.00
2018.02.22 11:52:19.230,9.99945,10.00128,1.20,1.00
2018.02.22 11:52:19.333,9.99945,10.0012,1.20,1.00
2018.02.22 11:52:19.590,9.99927,10.00117,1.20,1.00
2018.02.22 11:52:19.642,9.99953,10.00119,1.45,1.00
2018.02.22 11:52:19.694,9.99946,10.00122,1.00,1.00
2018.02.22 11:52:19.745,9.99932,10.00108,1.75,1.00
2018.02.22 11:52:19.798,9.99953,10.00142,1.00,1.00
2018.02.22 11:52:19.850,9.99966,10.00142,1.37,1.00
2018.02.22 11:52:20.005,9.99942,10.00116,1.00,1.00
2018.02.22 11:52:20.058,9.99946,10.00119,1.20,1.00
2018.02.22 11:52:20.110,9.99966,10.0012,1.37,1.00
2018.02.22 11:52:20.163,9.99935,10.00107,1.20,1.00
2018.02.22 11:52:20.215,9.9996,10.0012,1.82,1.00
2018.02.22 11:52:20.267,9.99971,10.00136,1.37,1.00
2018.02.22 11:52:20.319,9.99965,10.00112,1.20,1.00
2018.02.22 11:52:20.473,9.99961,10.00137,1.37,1.00
2018.02.22 11:52:20.525,9.99965,10.00121,1.20,1.00
2018.02.22 11:52:20.629,9.99974,10.00143,1.82,1.00
2018.02.22 11:52:20.681,9.99974,10.00143,1.37,1.00
2018.02.22 11:52:20.890,9.99949,10.00122,1.00,1.00
2018.02.22 11:52:21.042,9.99974,10.00149,1.00,1.00
2018.02.22 11:52:21.094,9.99956,10.00121,1.82,1.00
2018.02.22 11:52:21.351,9.99969,10.00145,1.00,1.00
2018.02.22 11:52:21.404,9.99965,10.00113,1.00,1.00
2018.02.22 11:52:21.712,9.99975,10.00127,1.45,1.00
2018.02.22 11:52:21.764,9.99986,10.00161,1.75,1.00
2018.02.22 11:52:21.816,9.99944,10.0012,1.82,1.00
2018.02.22 11:52:21.919,9.9996,10.00124,1.82,1.00
2018.02.22 11:52:21.971,9.99991,10.0011,1.10,1.00
2018.02.22 11:52:22.125,9.99962,10.00135,1.37,1.00
2018.02.22 11:52:22.176,9.99975,10.00123,1.20,1.00
2018.02.22 11:52:22.382,9.99975,10.00143,1.20,1.00
2018.02.22 11:52:22.434,9.99978,10.00148,1.82,1.00
2018.02.22 11:52:22.486,9.99977,10.00155,1.82,1.87
2018.02.22 11:52:22.538,9.99992,10.00166,1.37,1.00
2018.02.22 11:52:22.590,9.99992,10.00166,1.37,1.00
2018.02.22 11:52:22.734,10.0,10.00176,1.75,1.45
2018.02.22 11:52:22.787,9.99995,10.00138,1.95,1.00
2018.02.22 11:52:22.890,10.0001,10.00172,1.82,1.00
2018.02.22 11:52:22.942,10.00021,10.00187,1.75,1.00
2018.02.22 11:52:22.993,10.00015,10.00171,1.95,1.00
2018.02.22 11:52:23.045,9.99984,10.0016,1.45,1.00
2018.02.22 11:52:23.097,10.00036,10.0021,1.00,1.00
2018.02.22 11:52:23.149,10.00032,10.002,1.00,1.00
2018.02.22 11:52:23.355,10.00002,10.00178,1.45,1.00
2018.02.22 11:52:23.407,9.9999,10.00166,1.45,1.00
2018.02.22 11:52:23.510,9.99995,10.00166,1.45,1.00
2018.02.22 11:52:24.013,9.9999,10.00166,1.45,1.00
2018.02.22 11:52:24.544,9.9999,10.00166,1.45,1.00
2018.02.22 11:52:24.596,10.0,10.00176,1.45,1.00
2018.02.22 11:52:26.033,10.0,10.00176,1.45,1.00
2018.02.22 11:52:29.539,10.00003,10.00181,1.45,1.00
2018.02.22 11:52:39.193,10.00003,10.00181,1.45,1.00
2018.02.22 11:52:39.611,10.00003,10.00181,1.45,1.00
2018.02.22 11:52:40.307,10.00006,10.00182,1.45,1.00
2018.02.22 11:52:42.597,10.00006,10.00182,1.45,1.00
2018.02.22 11:52:43.882,10.00006,10.00177,1.45,1.00
2018.02.22 11:52:44.387,10.00006,10.00182,1.45,1.00
2018.02.22 11:52:45.065,10.00007,10.00183,1.45,1.00
2018.02.22 11:52:50.051,10.00007,10.00183,1.00,1.00
2018.02.22 11:52:55.194,10.00007,10.00183,1.45,1.00
2018.02.22 11:52:55.504,9.99997,10.00167,1.45,1.00
2018.02.22 11:52:55.555,9.99997,10.00173,1.45,1.00
2018.02.22 11:52:55.657,9.99997,10.00173,1.45,1.00
2018.02.22 11:52:55.715,9.99997,10.00173,1.45,1.00
2018.02.22 11:52:56.257,9.99997,10.00173,1.45,1.00
2018.02.22 11:52:56.360,9.99997,10.00173,1.45,1.00
2018.02.22 11:52:56.514,9.99997,10.00173,1.00,1.00
2018.02.22 11:52:56.566,10.00009,10.00185,1.00,1.00
2018.02.22 11:52:59.549,10.00005,10.00183,1.50,1.00
2018.02.22 11:53:03.251,10.00009,10.00183,1.00,1.00
2018.02.22 11:53:03.600,10.00005,10.00183,1.00,1.00
2018.02.22 11:53:04.851,9.99991,10.00177,1.45,1.00
2018.02.22 11:53:05.461,9.99991,10.00177,1.00,1.00
2018.02.22 11:53:05.664,9.99986,10.0017,1.50,1.00
2018.02.22 11:53:05.766,9.99989,10.00177,1.00,1.00
2018.02.22 11:53:05.817,10.00005,10.00181,1.00,1.00
2018.02.22 11:53:08.221,10.00005,10.00175,1.00,1.00
2018.02.22 11:53:08.885,10.00005,10.00181,1.50,1.00
2018.02.22 11:53:09.141,10.00005,10.00177,1.00,1.00
2018.02.22 11:53:09.372,10.00005,10.00181,1.00,1.00
2018.02.22 11:53:09.719,10.00002,10.00178,1.00,1.00
2018.02.22 11:53:10.781,10.00012,10.0019,1.00,1.00
2018.02.22 11:53:11.090,10.00006,10.00182,1.00,1.00
2018.02.22 11:53:11.433,10.00017,10.00193,1.00,1.00
2018.02.22 11:53:11.767,10.00017,10.00188,1.00,1.00
2018.02.22 11:53:12.740,10.00017,10.00193,1.00,1.00
2018.02.22 11:53:14.263,10.00006,10.00184,1.00,1.50
2018.02.22 11:53:14.835,9.99994,10.00182,1.45,1.00
2018.02.22 11:53:17.677,9.99994,10.00182,1.45,1.00
2018.02.22 11:53:18.207,10.0001,10.00186,1.00,1.00
2018.02.22 11:53:19.304,10.0001,10.00185,1.00,1.00
2018.02.22 11:53:19.508,10.00018,10.00194,1.00,1.00
2018.02.22 11:53:20.963,10.0002,10.00196,1.00,1.00
2018.02.22 11:53:21.517,10.0002,10.00195,1.00,1.00
2018.02.22 11:53:22.273,10.00009,10.00185,1.00,1.50
2018.02.22 11:53:22.325,10.00009,10.00176,1.00,1.00
2018.02.22 11:53:22.429,9.99999,10.00175,1.00,1.00
2018.02.22 11:53:22.737,10.0001,10.00186,1.00,1.00
2018.02.22 11:53:24.737,10.00014,10.0019,1.00,1.00
2018.02.22 11:53:29.610,10.00012,10.00188,1.00,1.00
2018.02.22 11:53:30.966,10.00012,10.00186,1.00,1.00
2018.02.22 11:53:31.997,10.00012,10.00188,1.00,1.00
2018.02.22 11:53:39.780,10.0001,10.00186,1.00,1.00
2018.02.22 11:53:43.632,10.00011,10.00186,1.00,1.00
2018.02.22 11:53:44.240,10.00012,10.00186,1.00,1.00
2018.02.22 11:53:44.640,10.00015,10.00191,1.00,1.00
2018.02.22 11:53:51.384,10.00015,10.00185,1.00,1.00
2018.02.22 11:53:51.768,10.00015,10.00191,1.00,1.00
2018.02.22 11:53:54.850,10.00009,10.00185,1.00,1.00
2018.02.22 11:54:00.146,10.00009,10.00177,1.00,1.00
2018.02.22 11:54:00.513,10.00009,10.00185,1.00,1.00
2018.02.22 11:54:06.617,10.0001,10.00185,1.00,1.00
2018.02.22 11:54:07.227,10.00009,10.00185,1.00,1.00
2018.02.22 11:54:09.888,10.00013,10.00189,1.00,1.00
2018.02.22 11:54:19.875,10.00013,10.00184,1.00,1.00
2018.02.22 11:54:20.180,10.00002,10.00178,1.00,1.00
2018.02.22 11:54:23.368,10.00002,10.00171,1.00,1.00
2018.02.22 11:54:23.470,10.00002,10.00178,1.00,1.00
2018.02.22 11:54:24.870,10.00002,10.0018,1.00,1.00
2018.02.22 11:54:29.010,10.00002,10.0018,1.45,1.00
2018.02.22 11:54:29.778,10.00006,10.00182,1.20,1.00
2018.02.22 11:54:39.948,10.00003,10.00179,1.00,1.00
2018.02.22 11:54:50.160,10.00003,10.00174,1.45,1.00
2018.02.22 11:54:50.211,10.00003,10.00179,1.20,1.00
2018.02.22 11:54:50.315,10.00003,10.00179,1.45,1.00
2018.02.22 11:54:50.366,10.00003,10.00179,1.00,1.00
2018.02.22 11:54:50.417,10.00003,10.00179,1.45,1.00
2018.02.22 11:54:50.723,10.00003,10.00179,1.45,1.50
2018.02.22 11:54:50.876,10.00003,10.00179,1.45,1.00
2018.02.22 11:54:51.504,10.00003,10.00177,1.20,1.00
2018.02.22 11:54:51.607,10.00003,10.00177,1.45,1.00
2018.02.22 11:54:51.659,10.00003,10.00177,1.20,1.00
2018.02.22 11:54:52.017,10.00003,10.00179,1.20,1.00
2018.02.22 11:54:53.809,10.00007,10.00179,1.45,1.00
2018.02.22 11:54:53.862,10.00012,10.0019,1.45,1.00
2018.02.22 11:54:53.913,10.00014,10.0019,1.45,1.00
2018.02.22 11:54:54.243,10.00014,10.00188,1.45,1.00
2018.02.22 11:54:54.936,10.00006,10.00184,1.45,1.00
2018.02.22 11:55:05.682,10.00006,10.00184,1.45,1.00
2018.02.22 11:55:05.800,10.00006,10.0018,1.45,1.00
2018.02.22 11:55:08.936,10.00006,10.00181,1.00,1.00
2018.02.22 11:55:09.263,9.99996,10.00172,1.45,1.00
2018.02.22 11:55:09.821,9.99996,10.00172,1.00,1.00
2018.02.22 11:55:10.122,9.99996,10.00169,1.00,1.00
2018.02.22 11:55:12.981,9.99996,10.00161,1.00,1.00
2018.02.22 11:55:13.934,9.99975,10.00149,1.45,1.00
2018.02.22 11:55:14.137,9.99975,10.00157,1.45,1.00
2018.02.22 11:55:14.188,9.99975,10.00157,1.00,1.00
2018.02.22 11:55:14.823,9.99973,10.00157,1.00,1.00
2018.02.22 11:55:14.926,9.99973,10.00157,1.37,1.00
2018.02.22 11:55:14.978,9.99975,10.00165,1.00,1.00
2018.02.22 11:55:15.183,9.99973,10.00155,1.00,1.00
2018.02.22 11:55:15.658,9.99973,10.00145,1.00,1.00
2018.02.22 11:55:16.340,9.99973,10.00146,1.00,1.00
2018.02.22 11:55:16.812,9.99947,10.00123,1.45,1.00
2018.02.22 11:55:17.498,9.99947,10.00123,1.45,1.00
2018.02.22 11:55:18.092,9.99947,10.00123,1.45,1.00
2018.02.22 11:55:18.817,9.99947,10.00123,1.00,1.00
2018.02.22 11:55:20.066,9.99947,10.00119,1.00,1.00
2018.02.22 11:55:20.584,9.99937,10.00108,1.00,1.00
2018.02.22 11:55:20.635,9.99926,10.00099,1.00,1.00
2018.02.22 11:55:20.968,9.99926,10.00102,1.00,1.00
2018.02.22 11:55:23.218,9.99928,10.00091,1.75,1.00
2018.02.22 11:55:23.757,9.99915,10.00091,1.00,1.00
2018.02.22 11:55:25.039,9.99924,10.001,1.00,1.00
2018.02.22 11:55:25.556,9.99925,10.00101,1.00,1.00
2018.02.22 11:55:26.432,9.99925,10.00099,1.00,1.00
2018.02.22 11:55:26.586,9.99925,10.00101,1.50,1.00
2018.02.22 11:55:27.505,9.99925,10.00101,1.45,1.00
2018.02.22 11:55:28.478,9.99925,10.00101,1.45,1.00
2018.02.22 11:55:29.899,9.9993,10.00106,1.45,1.00
2018.02.22 11:55:32.431,9.9993,10.00107,1.45,1.00
2018.02.22 11:55:32.482,9.99938,10.00117,1.45,1.00
2018.02.22 11:55:32.534,9.99938,10.00119,1.45,1.00
2018.02.22 11:55:32.586,9.99938,10.00119,1.45,1.00
2018.02.22 11:55:35.742,9.99938,10.00119,1.45,1.00
2018.02.22 11:55:40.068,9.99943,10.00122,1.45,1.00
2018.02.22 11:55:44.217,9.99951,10.00125,1.45,1.00
2018.02.22 11:55:44.271,9.99951,10.00127,1.00,1.00
2018.02.22 11:55:44.353,9.99951,10.00127,1.45,1.00
2018.02.22 11:55:44.558,9.99945,10.00122,1.45,1.00
2018.02.22 11:55:44.866,9.99945,10.00123,1.45,1.00
2018.02.22 11:55:45.187,9.99947,10.00118,1.20,1.00
2018.02.22 11:55:45.510,9.99947,10.00123,1.45,1.00
2018.02.22 11:55:45.643,9.99947,10.00118,1.45,1.00
2018.02.22 11:55:46.146,9.99947,10.00118,1.00,1.00
2018.02.22 11:55:46.687,9.99947,10.00119,1.00,1.00
2018.02.22 11:55:47.188,9.99947,10.00118,1.00,1.00
2018.02.22 11:55:47.837,9.99947,10.00118,1.45,1.00
2018.02.22 11:55:48.616,9.99947,10.00118,1.00,1.00
2018.02.22 11:55:49.390,9.99947,10.00118,1.45,1.00
2018.02.22 11:55:49.696,9.99928,10.00104,1.45,1.00
2018.02.22 11:55:49.936,9.99928,10.00114,1.45,1.00
2018.02.22 11:55:50.606,9.99928,10.00113,1.45,1.00
2018.02.22 11:55:50.772,9.99928,10.00113,1.45,1.00
2018.02.22 11:55:51.626,9.99928,10.00105,1.45,1.00
2018.02.22 11:55:51.677,9.99928,10.00114,1.45,1.00
2018.02.22 11:55:51.728,9.99928,10.00106,1.45,1.00
2018.02.22 11:55:52.073,9.99928,10.00106,1.45,1.00
2018.02.22 11:55:52.225,9.99928,10.00116,1.45,1.00
2018.02.22 11:55:52.916,9.99928,10.00115,1.45,1.00
2018.02.22 11:55:54.099,9.99928,10.00115,1.45,1.00
2018.02.22 11:55:54.151,9.99933,10.00119,1.45,1.00
2018.02.22 11:55:54.203,9.99933,10.00119,1.45,1.00
2018.02.22 11:55:54.672,9.99928,10.00115,1.82,1.00
2018.02.22 11:55:55.059,9.99941,10.00122,1.45,1.00
2018.02.22 11:56:05.460,9.99946,10.00122,1.45,1.00
2018.02.22 11:56:06.411,9.99946,10.00122,1.00,1.00
2018.02.22 11:56:06.463,9.99954,10.0013,1.20,1.00
2018.02.22 11:56:07.235,9.99954,10.00129,1.45,1.00
2018.02.22 11:56:07.564,9.99954,10.0013,1.45,1.00
2018.02.22 11:56:07.889,9.99954,10.0013,1.00,1.00
2018.02.22 11:56:09.127,9.99954,10.0013,1.45,1.00
2018.02.22 11:56:09.230,9.99954,10.0013,1.00,1.00
2018.02.22 11:56:10.102,9.99955,10.00131,1.00,1.00
2018.02.22 11:56:10.207,9.99955,10.00129,1.00,1.00
2018.02.22 11:56:12.200,9.99957,10.00133,1.00,1.00
2018.02.22 11:56:13.149,9.99957,10.00133,1.45,1.00
2018.02.22 11:56:13.200,9.99957,10.00133,1.00,1.00
2018.02.22 11:56:14.939,9.99956,10.00132,1.00,1.00
2018.02.22 11:56:25.141,9.99955,10.00131,1.00,1.00
2018.02.22 11:56:38.878,9.99955,10.00131,1.60,1.00
2018.02.22 11:56:39.172,10.00047,10.00213,1.00,1.00
2018.02.22 11:56:39.224,10.00029,10.00204,1.00,1.00
2018.02.22 11:56:39.277,10.00031,10.00204,1.00,1.00
2018.02.22 11:56:39.610,10.00039,10.00193,1.00,1.00
2018.02.22 11:56:39.765,10.00043,10.00233,1.00,1.37
2018.02.22 11:56:39.818,10.00054,10.00212,1.00,1.00
2018.02.22 11:56:40.148,10.00071,10.00234,1.00,1.00
2018.02.22 11:56:40.200,10.00089,10.00234,1.00,1.00
2018.02.22 11:56:40.252,10.00092,10.00268,1.00,1.00
2018.02.22 11:56:40.458,10.00092,10.00259,1.00,1.00
2018.02.22 11:56:40.510,10.00081,10.00257,1.00,1.00
2018.02.22 11:56:40.613,10.00081,10.00257,1.45,1.00
2018.02.22 11:56:40.665,10.00081,10.00257,1.00,1.00
2018.02.22 11:56:40.819,10.00081,10.00257,1.45,1.00
2018.02.22 11:56:41.034,10.00056,10.00232,1.95,1.00
2018.02.22 11:56:41.137,10.00072,10.00248,1.00,1.00
2018.02.22 11:56:41.240,10.00066,10.00235,1.00,1.00
2018.02.22 11:56:41.342,10.00071,10.00247,1.00,1.00
2018.02.22 11:56:42.045,10.00058,10.00234,1.00,1.00
2018.02.22 11:56:45.013,10.00053,10.00229,1.00,1.00
2018.02.22 11:56:47.232,10.00053,10.00229,1.45,1.00
2018.02.22 11:56:48.581,10.00047,10.00223,1.00,1.00
2018.02.22 11:56:48.633,10.00042,10.00218,1.20,1.50
2018.02.22 11:56:49.807,10.00042,10.00217,1.00,1.00
2018.02.22 11:56:51.929,10.00033,10.00211,1.20,1.00
2018.02.22 11:56:51.981,10.00014,10.00204,1.45,1.00
2018.02.22 11:56:52.086,10.00034,10.0021,1.00,1.00
2018.02.22 11:56:52.137,10.00023,10.00209,1.45,1.00
2018.02.22 11:56:52.189,10.00033,10.00209,1.00,1.00
2018.02.22 11:56:53.269,10.00024,10.0021,1.45,1.00
2018.02.22 11:56:53.320,10.00013,10.00202,1.45,1.00
2018.02.22 11:56:53.802,10.00015,10.00202,1.45,1.00
2018.02.22 11:56:53.853,10.00021,10.0021,1.45,1.00
2018.02.22 11:56:54.486,10.00013,10.00203,1.95,1.00
2018.02.22 11:56:54.690,10.00021,10.0021,1.45,1.00
2018.02.22 11:56:55.170,10.00021,10.00205,1.45,1.00
2018.02.22 11:56:55.723,10.00026,10.00205,1.00,1.00
2018.02.22 11:56:56.518,10.00021,10.00205,1.45,1.00
2018.02.22 11:56:57.255,10.00021,10.00205,1.00,1.00
2018.02.22 11:56:57.306,10.00015,10.00202,1.45,1.00
2018.02.22 11:56:57.612,10.00021,10.00205,1.45,1.00
2018.02.22 11:57:04.836,10.00014,10.00203,1.45,1.00
2018.02.22 11:57:05.225,10.00024,10.00205,1.45,1.00
2018.02.22 11:57:05.972,10.00016,10.00205,1.45,1.00
2018.02.22 11:57:06.485,10.00032,10.00205,1.00,1.00
2018.02.22 11:57:06.826,10.00021,10.00205,1.45,1.00
2018.02.22 11:57:06.877,10.00031,10.00205,1.00,1.00
2018.02.22 11:57:07.200,10.0002,10.00205,1.45,1.00
2018.02.22 11:57:07.354,10.00031,10.00205,1.00,1.00
2018.02.22 11:57:10.051,10.00027,10.00205,1.45,1.00
2018.02.22 11:57:10.200,10.00027,10.00209,1.45,1.00
2018.02.22 11:57:14.996,10.00027,10.00209,1.20,1.00
2018.02.22 11:57:15.107,10.00027,10.00216,1.20,1.00
2018.02.22 11:57:15.265,10.00027,10.00216,1.45,1.00
2018.02.22 11:57:15.369,10.00019,10.00209,1.45,1.00
2018.02.22 11:57:15.472,10.00025,10.00201,1.00,1.00
2018.02.22 11:57:15.665,10.00031,10.00212,1.00,1.00
2018.02.22 11:57:15.870,10.00021,10.00211,1.45,1.00
2018.02.22 11:57:17.007,10.00027,10.00203,1.00,1.00
2018.02.22 11:57:17.161,10.00026,10.00211,1.00,1.00
2018.02.22 11:57:20.945,10.00029,10.00212,1.00,1.00
2018.02.22 11:57:21.048,10.0002,10.0021,1.45,1.00
2018.02.22 11:57:21.468,10.00027,10.00212,1.45,1.00
2018.02.22 11:57:24.277,10.00028,10.00212,1.45,1.00
2018.02.22 11:57:25.278,10.00028,10.00218,1.45,1.50
2018.02.22 11:57:25.329,10.00037,10.00218,1.00,1.00
2018.02.22 11:57:28.475,10.00029,10.00218,1.45,1.00
2018.02.22 11:57:30.036,10.00032,10.00218,1.45,1.00
2018.02.22 11:57:30.242,10.00024,10.00214,1.45,1.00
2018.02.22 11:57:31.228,10.00026,10.00202,1.00,1.00
2018.02.22 11:57:31.534,10.00014,10.0019,1.95,1.00
2018.02.22 11:57:31.637,10.00026,10.002,1.00,1.00
2018.02.22 11:57:31.842,10.00024,10.002,1.00,1.00
2018.02.22 11:57:32.502,10.00024,10.00198,1.00,1.00
2018.02.22 11:57:34.868,10.00024,10.00191,1.00,1.00
2018.02.22 11:57:36.033,10.00014,10.0019,1.20,1.50
2018.02.22 11:57:36.084,10.00011,10.00187,1.45,1.00
2018.02.22 11:57:38.011,10.00011,10.00187,1.00,1.00
2018.02.22 11:57:39.269,10.00011,10.0018,1.00,1.00
2018.02.22 11:57:39.489,10.00011,10.00187,1.00,1.00
2018.02.22 11:57:40.308,10.00013,10.00189,1.00,1.00
2018.02.22 11:57:40.613,10.00013,10.00182,1.00,1.00
2018.02.22 11:57:40.818,10.00013,10.00189,1.00,1.00
2018.02.22 11:57:41.319,10.00013,10.00189,1.45,1.00
2018.02.22 11:57:42.258,10.00013,10.00182,1.45,1.00
2018.02.22 11:57:43.761,10.00013,10.00182,1.00,1.00
2018.02.22 11:57:45.014,10.00003,10.00173,1.45,1.00
2018.02.22 11:57:45.322,9.99984,10.00158,1.45,1.00
2018.02.22 11:57:45.373,9.99984,10.00158,1.45,1.00
2018.02.22 11:57:45.526,9.99984,10.00168,1.45,1.00
2018.02.22 11:57:45.577,10.00002,10.0018,1.00,1.50
2018.02.22 11:57:45.969,10.00002,10.00169,1.00,1.00
2018.02.22 11:57:46.275,9.99985,10.0015,1.45,1.00
2018.02.22 11:57:46.522,9.99985,10.00158,1.45,1.00
2018.02.22 11:57:46.625,9.99985,10.00167,1.45,1.00
2018.02.22 11:57:47.245,9.99985,10.00157,1.45,1.00
2018.02.22 11:57:47.398,9.99985,10.00158,1.45,1.00
2018.02.22 11:57:47.449,9.99985,10.00157,1.45,1.00
2018.02.22 11:57:48.112,9.99985,10.0015,1.45,1.00
2018.02.22 11:57:49.998,9.99985,10.00159,1.45,1.00
2018.02.22 11:57:50.050,9.99985,10.00159,1.45,1.00
2018.02.22 11:57:50.102,9.99985,10.00171,1.45,1.00
2018.02.22 11:57:50.206,9.99985,10.00165,1.45,1.00
2018.02.22 11:57:50.538,9.99985,10.00147,1.45,1.00
2018.02.22 11:57:50.688,9.99985,10.00155,1.45,1.00
2018.02.22 11:57:51.889,9.99985,10.00147,1.45,1.00
2018.02.22 11:57:54.040,9.99985,10.00147,1.00,1.00
2018.02.22 11:57:54.091,9.99985,10.00156,1.00,1.00
2018.02.22 11:57:54.143,9.99985,10.00145,1.00,1.00
2018.02.22 11:57:54.410,9.99985,10.00153,1.00,1.00
2018.02.22 11:57:55.289,9.99981,10.00153,1.00,1.00
2018.02.22 11:57:55.975,9.99981,10.00154,1.00,1.00
2018.02.22 11:57:58.847,9.99981,10.00161,1.00,1.00
2018.02.22 11:57:59.336,9.99981,10.00151,1.00,1.00
2018.02.22 11:57:59.691,9.99981,10.00143,1.00,1.00
2018.02.22 11:57:59.794,9.99981,10.00151,1.00,1.00
2018.02.22 11:58:00.150,9.99977,10.00151,1.45,1.00
2018.02.22 11:58:02.057,9.99977,10.00149,1.45,1.00
2018.02.22 11:58:02.734,9.99977,10.0014,1.00,1.00
2018.02.22 11:58:03.929,9.99977,10.0013,1.45,1.00
2018.02.22 11:58:04.033,9.99977,10.0013,1.00,1.00
2018.02.22 11:58:04.300,9.99952,10.00118,1.45,1.00
2018.02.22 11:58:04.610,9.99935,10.00097,1.45,1.00
2018.02.22 11:58:04.766,9.99935,10.00111,1.45,1.00
2018.02.22 11:58:04.818,9.99935,10.00108,1.45,1.00
2018.02.22 11:58:05.053,9.99925,10.00101,1.45,1.00
2018.02.22 11:58:05.104,9.99936,10.00112,1.45,1.00
2018.02.22 11:58:05.704,9.99936,10.00111,1.45,1.00
2018.02.22 11:58:06.258,9.99936,10.0011,1.45,1.00
2018.02.22 11:58:07.320,9.99936,10.0011,1.45,1.00
2018.02.22 11:58:07.752,9.99925,10.00095,1.45,1.00
2018.02.22 11:58:08.253,9.99925,10.00101,1.45,1.00
2018.02.22 11:58:08.305,9.99925,10.00101,1.45,1.00
2018.02.22 11:58:08.356,9.99925,10.00101,1.45,1.00
2018.02.22 11:58:08.408,9.99925,10.00101,1.45,1.00
2018.02.22 11:58:08.578,9.99925,10.00098,1.45,1.00
2018.02.22 11:58:09.417,9.99915,10.00089,1.45,1.00
2018.02.22 11:58:09.469,9.99927,10.00098,1.45,1.00
2018.02.22 11:58:09.744,9.99918,10.0009,1.45,1.00
2018.02.22 11:58:10.393,9.99918,10.00089,1.45,1.00
2018.02.22 11:58:11.813,9.99918,10.00082,1.45,1.00
2018.02.22 11:58:11.915,9.99911,10.00081,1.45,1.00
2018.02.22 11:58:12.067,9.99911,10.00081,1.45,1.00
2018.02.22 11:58:12.600,9.99911,10.00073,1.45,1.00
2018.02.22 11:58:14.539,9.99911,10.00081,1.82,1.00
2018.02.22 11:58:14.591,9.99911,10.00087,1.82,1.00
2018.02.22 11:58:14.642,9.99911,10.00087,1.45,1.00
2018.02.22 11:58:14.815,9.99911,10.00081,1.45,1.00
2018.02.22 11:58:15.752,9.9991,10.00072,1.45,1.00
2018.02.22 11:58:16.077,9.99901,10.00073,1.45,1.00
2018.02.22 11:58:16.180,9.999,10.00073,1.45,1.00
2018.02.22 11:58:16.699,9.999,10.00072,1.45,1.00
2018.02.22 11:58:16.835,9.999,10.00072,1.45,1.00
2018.02.22 11:58:17.123,9.99899,10.00072,1.45,1.00
2018.02.22 11:58:17.276,9.99899,10.00075,1.45,1.00
2018.02.22 11:58:17.327,9.99899,10.00075,1.45,1.00
2018.02.22 11:58:17.429,9.99899,10.00075,1.45,1.00
2018.02.22 11:58:17.531,9.99899,10.00071,1.45,1.00
2018.02.22 11:58:17.582,9.99899,10.00071,1.45,1.00
2018.02.22 11:58:18.340,9.99899,10.00072,1.45,1.00
2018.02.22 11:58:19.000,9.99899,10.00071,1.45,1.00
2018.02.22 11:58:19.711,9.99899,10.00071,1.45,1.00
2018.02.22 11:58:20.702,9.99899,10.00071,1.45,1.00
2018.02.22 11:58:21.263,9.99899,10.00071,1.45,1.00
2018.02.22 11:58:23.449,9.99901,10.00077,1.45,1.00
2018.02.22 11:58:25.399,9.99906,10.00079,1.45,1.00
2018.02.22 11:58:28.398,9.99907,10.00079,1.45,1.00
2018.02.22 11:58:28.449,9.99906,10.0008,1.45,1.00
2018.02.22 11:58:28.961,9.99907,10.00079,1.45,1.00
2018.02.22 11:58:33.900,9.99909,10.00072,1.95,1.00
2018.02.22 11:58:34.446,9.99898,10.00071,1.45,1.00
2018.02.22 11:58:35.066,9.99884,10.0006,1.45,1.00
2018.02.22 11:58:36.153,9.99884,10.0006,1.45,1.00
2018.02.22 11:58:36.305,9.99884,10.0006,1.45,1.00
2018.02.22 11:58:37.483,9.99884,10.00054,1.45,1.00
2018.02.22 11:58:38.027,9.99884,10.0006,1.45,1.00
2018.02.22 11:58:38.144,9.99924,10.00086,1.45,1.00
2018.02.22 11:58:38.195,9.99924,10.00099,1.45,1.00
2018.02.22 11:58:38.599,9.99935,10.00099,1.45,1.00
2018.02.22 11:58:38.651,9.99935,10.00108,1.45,1.00
2018.02.22 11:58:39.174,9.99935,10.00108,1.45,1.00
2018.02.22 11:58:39.226,9.99935,10.00113,1.45,1.00
2018.02.22 11:58:39.554,9.99959,10.00113,1.20,1.00
2018.02.22 11:58:40.163,9.99935,10.00113,1.45,1.00
2018.02.22 11:58:40.429,9.99943,10.00118,1.45,1.50
2018.02.22 11:58:44.964,9.99943,10.00117,1.45,1.00
2018.02.22 11:58:45.559,9.99959,10.00118,1.20,1.00
2018.02.22 11:58:45.763,9.99944,10.00134,1.45,1.00
2018.02.22 11:58:45.814,9.99959,10.00135,1.20,1.00
2018.02.22 11:58:45.930,9.99938,10.00127,1.45,1.00
2018.02.22 11:58:46.436,9.99951,10.00128,1.45,1.00
2018.02.22 11:58:46.940,9.99951,10.00127,1.45,1.00
2018.02.22 11:58:50.051,9.99951,10.00125,1.45,1.00
2018.02.22 11:58:51.560,9.99951,10.00117,1.45,1.00
2018.02.22 11:58:51.837,9.99951,10.00125,1.45,1.00
2018.02.22 11:58:55.457,9.99945,10.00123,1.45,1.00
2018.02.22 11:58:56.455,9.99945,10.00123,1.45,1.00
2018.02.22 11:58:56.507,9.99939,10.00115,1.45,1.00
2018.02.22 11:58:56.661,9.99929,10.00094,1.20,1.00
2018.02.22 11:58:56.866,9.99929,10.00105,1.45,1.00
2018.02.22 11:58:56.918,9.99929,10.00105,1.45,1.00
2018.02.22 11:58:57.023,9.99929,10.001,1.45,1.00
2018.02.22 11:58:57.103,9.99929,10.001,1.00,1.00
2018.02.22 11:58:57.154,9.99917,10.00087,1.45,1.00
2018.02.22 11:58:57.459,9.99917,10.00083,1.45,1.00
2018.02.22 11:58:57.767,9.99917,10.00074,1.45,1.00
2018.02.22 11:58:58.120,9.99917,10.00078,1.45,1.00
2018.02.22 11:58:58.458,9.99906,10.00069,1.45,1.00
2018.02.22 11:59:02.491,9.99909,10.00069,1.20,1.00
2018.02.22 11:59:02.756,9.99904,10.00069,1.45,1.00
2018.02.22 11:59:03.296,9.99904,10.00062,1.45,1.00
2018.02.22 11:59:03.825,9.99884,10.0006,1.45,1.00
2018.02.22 11:59:04.281,9.99884,10.00055,1.45,1.00
2018.02.22 11:59:07.302,9.99873,10.00047,1.45,1.00
2018.02.22 11:59:07.764,9.99873,10.00047,1.45,1.00
2018.02.22 11:59:08.955,9.99873,10.00048,1.45,1.00
2018.02.22 11:59:10.174,9.99873,10.00045,1.45,1.00
2018.02.22 11:59:16.202,9.99868,10.00037,1.45,1.00
2018.02.22 11:59:16.305,9.99868,10.00037,1.45,1.00
2018.02.22 11:59:16.752,9.99858,10.00034,1.45,1.00
2018.02.22 11:59:17.016,9.99858,10.00026,1.45,1.00
2018.02.22 11:59:17.385,9.99858,10.00026,1.45,1.00
2018.02.22 11:59:17.704,9.99858,10.00026,1.45,1.00
2018.02.22 11:59:18.554,9.99858,10.00026,1.45,1.00
2018.02.22 11:59:18.657,9.99858,10.00026,1.45,1.00
2018.02.22 11:59:20.897,9.99861,10.00037,1.45,1.00
2018.02.22 11:59:25.009,9.99872,10.00046,1.45,1.00
2018.02.22 11:59:25.198,9.99872,10.00046,1.45,1.00
2018.02.22 11:59:25.548,9.99872,10.00036,1.45,1.00
2018.02.22 11:59:25.665,9.99872,10.00036,1.45,1.00
2018.02.22 11:59:26.155,9.99872,10.00037,1.45,1.00
2018.02.22 11:59:26.257,9.99859,10.00041,1.45,1.00
2018.02.22 11:59:26.482,9.99859,10.00023,1.45,1.00
2018.02.22 11:59:32.202,9.99859,10.00023,1.45,1.00
2018.02.22 11:59:32.254,9.99859,10.00023,1.45,1.00
2018.02.22 11:59:32.558,9.99859,10.00023,1.45,1.00
2018.02.22 11:59:33.222,9.99859,10.00023,1.45,1.00
2018.02.22 11:59:34.022,9.99859,10.00023,1.45,1.00
2018.02.22 11:59:34.574,9.99859,10.00023,1.45,1.00
2018.02.22 11:59:34.934,9.99875,10.00023,1.45,1.00
2018.02.22 11:59:35.101,9.99875,10.00053,1.82,1.00
2018.02.22 11:59:35.499,9.99875,10.00045,2.32,1.00
2018.02.22 11:59:35.711,9.99875,10.00045,1.95,1.50
2018.02.22 11:59:35.813,9.99888,10.00045,1.45,1.00
2018.02.22 11:59:36.069,9.99889,10.00045,1.45,1.00
2018.02.22 11:59:36.172,9.99889,10.00045,1.45,1.00
2018.02.22 11:59:36.869,9.99889,10.00045,1.45,1.00
2018.02.22 11:59:36.920,9.99889,10.00045,1.45,1.00
2018.02.22 11:59:37.086,9.99889,10.00045,1.00,1.00
2018.02.22 11:59:39.462,9.99875,10.00038,1.50,1.00
2018.02.22 11:59:39.514,9.99875,10.00029,1.00,1.00
2018.02.22 11:59:40.458,9.99867,10.00021,1.00,1.00
2018.02.22 11:59:40.510,9.99849,10.00021,1.00,1.00
2018.02.22 11:59:40.731,9.99852,10.00021,1.00,1.00
2018.02.22 11:59:41.117,9.99849,10.00021,1.00,1.00
2018.02.22 11:59:41.168,9.99843,10.0001,1.00,1.20
2018.02.22 11:59:41.472,9.99844,10.0001,1.00,1.65
2018.02.22 11:59:42.007,9.99841,10.0001,1.00,1.65
2018.02.22 11:59:42.215,9.99841,9.99996,1.00,1.00
2018.02.22 11:59:43.449,9.9984,9.99996,1.00,1.00
2018.02.22 11:59:43.501,9.99838,9.99996,1.00,1.00
2018.02.22 11:59:44.143,9.99839,9.99996,1.00,1.00
2018.02.22 11:59:59.089,9.99895,10.00011,1.00,1.20
2018.02.22 11:59:59.142,9.99895,10.00028,1.00,1.20
2018.02.22 11:59:59.194,9.99895,10.00032,1.00,1.20
2018.02.22 11:59:59.400,9.99894,10.00044,1.00,1.20
2018.02.22 11:59:59.452,9.99895,10.00016,1.00,1.20
2018.02.22 11:59:59.504,9.99895,10.00032,1.00,1.20
2018.02.22 11:59:59.557,9.99888,10.00016,1.00,1.20
2018.02.22 11:59:59.609,9.99888,10.00027,1.00,1.00
2018.02.22 11:59:59.662,9.99863,10.00027,1.00,1.00
2018.02.22 11:59:59.843,9.99878,10.00034,1.00,1.65
2018.02.22 11:59:59.894,9.99866,10.00046,1.00,1.45
2018.02.22 11:59:59.946,9.99876,10.00034,1.00,1.20
2018.02.22 11:59:59.998,9.99866,10.0005,1.00,1.65
