2015.03.17 16:00:00.164,9.19641,9.19899,1.19,1.75
2015.03.17 16:00:00.699,9.19641,9.19902,1.19,1.75
2015.03.17 16:00:02.358,9.19629,9.19902,1.19,1.75
2015.03.17 16:00:03.143,9.19623,9.19864,1.19,1.07
2015.03.17 16:00:03.294,9.19595,9.19864,1.29,1.75
2015.03.17 16:00:03.607,9.19639,9.19912,1.19,1.75
2015.03.17 16:00:05.736,9.19639,9.19912,1.19,1.75
2015.03.17 16:00:06.070,9.19659,9.19921,1.19,1.75
2015.03.17 16:00:06.447,9.19659,9.19824,1.19,1.00
2015.03.17 16:00:06.947,9.19659,9.19824,1.19,1.00
2015.03.17 16:00:08.500,9.19659,9.19824,1.19,1.00
2015.03.17 16:00:10.905,9.19659,9.19824,1.00,1.00
2015.03.17 16:00:11.411,9.19659,9.19834,1.00,1.00
2015.03.17 16:00:12.105,9.19678,9.19834,1.00,1.00
2015.03.17 16:00:12.359,9.19678,9.19844,1.25,1.00
2015.03.17 16:00:13.726,9.19678,9.19854,1.62,1.00
2015.03.17 16:00:14.879,9.19678,9.19854,1.56,1.00
2015.03.17 16:00:16.667,9.19695,9.19854,1.25,1.00
2015.03.17 16:00:17.349,9.19686,9.19854,1.56,1.00
2015.03.17 16:00:17.401,9.19706,9.19854,1.00,1.00
2015.03.17 16:00:17.714,9.19716,9.19854,1.00,1.00
2015.03.17 16:00:17.816,9.19706,9.19854,1.00,1.00
2015.03.17 16:00:18.837,9.19696,9.19854,1.10,1.00
2015.03.17 16:00:20.279,9.19695,9.19804,1.07,1.00
2015.03.17 16:00:20.482,9.19694,9.19855,1.07,1.00
2015.03.17 16:00:23.315,9.19694,9.19939,1.07,1.75
2015.03.17 16:00:23.746,9.19694,9.19965,1.37,1.75
2015.03.17 16:00:24.268,9.19694,9.19967,1.56,1.75
2015.03.17 16:00:25.718,9.19699,9.19975,1.94,1.75
2015.03.17 16:00:25.928,9.19699,9.19975,1.94,1.75
2015.03.17 16:00:26.295,9.19716,9.19976,1.94,1.75
2015.03.17 16:00:26.869,9.19716,9.19976,1.94,1.75
2015.03.17 16:00:27.479,9.19726,9.19959,1.75,1.75
2015.03.17 16:00:27.697,9.19728,9.19987,1.37,1.75
2015.03.17 16:00:27.899,9.19728,9.20002,1.75,1.94
2015.03.17 16:00:28.268,9.19728,9.20002,1.75,1.94
2015.03.17 16:00:28.578,9.19769,9.20002,1.00,1.75
2015.03.17 16:00:28.632,9.19749,9.20002,1.37,1.75
2015.03.17 16:00:28.683,9.19749,9.20012,1.75,1.75
2015.03.17 16:00:28.785,9.19753,9.20018,1.75,1.75
2015.03.17 16:00:29.655,9.19766,9.20047,1.75,1.94
2015.03.17 16:00:29.709,9.19773,9.20047,1.94,1.75
2015.03.17 16:00:30.022,9.19773,9.20047,1.94,1.75
2015.03.17 16:00:30.123,9.19773,9.20047,1.94,1.75
2015.03.17 16:00:31.421,9.19814,9.20047,1.75,1.75
2015.03.17 16:00:35.726,9.19814,9.20054,1.75,1.12
2015.03.17 16:00:37.953,9.19814,9.20053,1.75,1.00
2015.03.17 16:00:38.105,9.19814,9.20061,1.75,1.37
2015.03.17 16:00:38.206,9.19814,9.20061,1.75,1.00
2015.03.17 16:00:38.257,9.19814,9.20064,1.75,1.00
2015.03.17 16:00:38.358,9.19862,9.20087,1.75,1.00
2015.03.17 16:00:38.409,9.19862,9.2009,1.94,1.00
2015.03.17 16:00:38.460,9.19889,9.20154,1.19,1.50
2015.03.17 16:00:38.561,9.19893,9.20174,1.94,1.07
2015.03.17 16:00:38.612,9.19893,9.20185,1.94,1.00
2015.03.17 16:00:38.713,9.1992,9.20185,1.94,1.00
2015.03.17 16:00:38.764,9.1992,9.20197,1.94,1.00
2015.03.17 16:00:38.967,9.19933,9.20202,1.94,1.00
2015.03.17 16:00:39.018,9.19933,9.20202,1.94,1.00
2015.03.17 16:00:39.170,9.19933,9.20204,1.94,1.00
2015.03.17 16:00:39.272,9.19933,9.20204,1.94,1.00
2015.03.17 16:00:39.474,9.19974,9.20225,1.94,1.00
2015.03.17 16:00:39.525,9.19974,9.2024,1.94,1.37
2015.03.17 16:00:39.576,9.19974,9.20232,1.94,1.00
2015.03.17 16:00:39.677,9.19995,9.20232,1.94,1.00
2015.03.17 16:00:39.823,9.1996,9.2024,1.94,1.00
2015.03.17 16:00:39.874,9.19968,9.20244,1.94,1.00
2015.03.17 16:00:40.157,9.19968,9.20226,1.94,1.00
2015.03.17 16:00:40.462,9.20028,9.20244,1.31,1.50
2015.03.17 16:00:40.665,9.20046,9.20244,1.75,1.00
2015.03.17 16:00:40.867,9.20089,9.20244,1.00,1.00
2015.03.17 16:00:41.172,9.20094,9.20201,1.94,1.00
2015.03.17 16:00:41.523,9.20103,9.20324,1.94,3.00
2015.03.17 16:00:41.575,9.20103,9.20324,1.94,3.00
2015.03.17 16:00:41.879,9.20197,9.20334,1.00,1.91
2015.03.17 16:00:41.930,9.20197,9.20495,1.19,1.00
2015.03.17 16:00:42.272,9.20238,9.20495,1.19,1.00
2015.03.17 16:00:42.323,9.20276,9.20567,1.19,1.00
2015.03.17 16:00:42.426,9.20276,9.2057,1.19,1.00
2015.03.17 16:00:42.783,9.20291,9.20583,1.19,1.00
2015.03.17 16:00:42.834,9.20331,9.20583,1.00,1.00
2015.03.17 16:00:43.138,9.20331,9.20534,1.00,1.00
2015.03.17 16:00:43.239,9.20331,9.20547,1.00,1.00
2015.03.17 16:00:43.341,9.20331,9.20527,1.00,1.00
2015.03.17 16:00:43.393,9.20331,9.20547,1.00,1.00
2015.03.17 16:00:43.494,9.20331,9.20558,1.00,1.00
2015.03.17 16:00:43.596,9.20331,9.20542,1.00,1.00
2015.03.17 16:00:44.264,9.20331,9.20573,1.00,1.00
2015.03.17 16:00:44.416,9.20331,9.20577,1.00,1.00
2015.03.17 16:00:44.619,9.20331,9.20581,1.19,1.00
2015.03.17 16:00:44.821,9.20331,9.20562,1.19,1.00
2015.03.17 16:00:44.923,9.20331,9.20575,1.19,1.00
2015.03.17 16:00:45.413,9.20331,9.20556,1.19,1.00
2015.03.17 16:00:45.514,9.20331,9.20572,1.19,1.00
2015.03.17 16:00:45.818,9.20331,9.20574,1.19,1.00
2015.03.17 16:00:46.425,9.20331,9.20555,1.19,1.00
2015.03.17 16:00:46.728,9.20331,9.20545,1.19,1.00
2015.03.17 16:00:47.286,9.20331,9.20544,1.00,1.00
2015.03.17 16:00:47.590,9.20266,9.20394,1.50,1.00
2015.03.17 16:00:47.640,9.20266,9.20507,2.44,1.00
2015.03.17 16:00:47.691,9.20304,9.20507,1.00,1.00
2015.03.17 16:00:47.742,9.20304,9.20527,1.19,1.00
2015.03.17 16:00:47.793,9.20304,9.20535,1.19,1.00
2015.03.17 16:00:47.844,9.20304,9.2055,1.19,1.00
2015.03.17 16:00:47.895,9.20327,9.2055,1.00,1.00
2015.03.17 16:00:48.199,9.20327,9.20559,1.19,1.00
2015.03.17 16:00:48.250,9.20327,9.20563,1.19,1.00
2015.03.17 16:00:49.684,9.2028,9.20578,1.94,1.00
2015.03.17 16:00:49.888,9.20266,9.20557,2.44,1.00
2015.03.17 16:00:50.091,9.20266,9.20559,2.44,1.00
2015.03.17 16:00:50.193,9.20266,9.20539,2.44,1.00
2015.03.17 16:00:50.623,9.20266,9.20474,2.81,1.00
2015.03.17 16:00:51.452,9.20266,9.20474,1.31,1.00
2015.03.17 16:00:51.926,9.20239,9.20474,1.01,1.00
2015.03.17 16:00:51.977,9.20239,9.20474,1.01,1.00
2015.03.17 16:00:52.446,9.2023,9.20474,1.94,1.07
2015.03.17 16:00:52.598,9.20216,9.20474,1.94,1.07
2015.03.17 16:00:52.649,9.20216,9.20474,1.19,1.37
2015.03.17 16:00:52.700,9.20206,9.20364,1.50,1.00
2015.03.17 16:00:52.751,9.20202,9.20364,1.00,1.00
2015.03.17 16:00:52.802,9.20159,9.20364,1.94,1.00
2015.03.17 16:00:52.853,9.20146,9.20364,1.19,1.00
2015.03.17 16:00:53.005,9.20146,9.20364,1.94,1.00
2015.03.17 16:00:53.713,9.20116,9.20264,1.75,1.00
2015.03.17 16:00:53.764,9.20116,9.20264,1.00,1.00
2015.03.17 16:00:53.815,9.20106,9.20264,1.07,1.00
2015.03.17 16:00:53.967,9.20106,9.20264,1.00,1.00
2015.03.17 16:00:54.119,9.20063,9.20224,1.31,1.00
2015.03.17 16:00:54.169,9.20056,9.20224,1.94,1.00
2015.03.17 16:00:54.220,9.20056,9.20224,1.19,1.00
2015.03.17 16:00:54.487,9.20056,9.20234,1.19,1.00
2015.03.17 16:00:54.885,9.20105,9.20234,1.00,1.00
2015.03.17 16:00:55.436,9.20106,9.20224,1.00,1.00
2015.03.17 16:00:56.093,9.20136,9.20224,1.00,1.00
2015.03.17 16:00:57.151,9.20146,9.20224,1.00,1.00
2015.03.17 16:00:57.367,9.20126,9.20224,1.00,1.00
2015.03.17 16:00:59.367,9.20041,9.20224,1.19,1.00
2015.03.17 16:00:59.418,9.20041,9.20167,1.25,1.00
2015.03.17 16:00:59.520,9.20036,9.20164,1.00,1.00
2015.03.17 16:00:59.572,9.20016,9.20164,1.00,1.00
2015.03.17 16:00:59.623,9.20016,9.20224,1.00,1.00
2015.03.17 16:00:59.724,9.20041,9.20224,1.00,1.00
2015.03.17 16:01:00.345,9.20046,9.20224,1.00,1.00
2015.03.17 16:01:00.395,9.20046,9.20235,1.00,1.00
2015.03.17 16:01:00.497,9.20046,9.20235,1.37,1.00
2015.03.17 16:01:00.676,9.20046,9.20235,1.00,1.00
2015.03.17 16:01:01.029,9.20041,9.20235,1.75,1.00
2015.03.17 16:01:01.332,9.20046,9.20184,1.00,1.00
2015.03.17 16:01:04.296,9.20026,9.20184,1.00,1.00
2015.03.17 16:01:04.347,9.20026,9.20174,1.00,1.00
2015.03.17 16:01:05.080,9.20055,9.20174,1.00,1.00
2015.03.17 16:01:07.092,9.20006,9.20174,1.75,1.00
2015.03.17 16:01:07.194,9.20006,9.20174,1.00,1.50
2015.03.17 16:01:07.245,9.20006,9.20134,1.00,1.00
2015.03.17 16:01:07.396,9.19986,9.20134,1.75,1.00
2015.03.17 16:01:07.447,9.19986,9.20055,1.00,1.00
2015.03.17 16:01:08.163,9.19936,9.20054,1.75,1.00
2015.03.17 16:01:08.366,9.19936,9.20054,1.75,1.00
2015.03.17 16:01:08.417,9.19949,9.20104,1.75,1.07
2015.03.17 16:01:08.518,9.19949,9.20104,1.75,1.00
2015.03.17 16:01:08.670,9.19949,9.20094,1.75,1.00
2015.03.17 16:01:09.037,9.19949,9.20094,1.75,1.00
2015.03.17 16:01:09.845,9.19906,9.20054,1.75,1.00
2015.03.17 16:01:10.048,9.19906,9.20054,1.75,1.00
2015.03.17 16:01:10.149,9.19832,9.20054,1.00,1.00
2015.03.17 16:01:10.200,9.19826,9.19935,1.00,1.00
2015.03.17 16:01:10.353,9.19722,9.19934,1.75,1.00
2015.03.17 16:01:10.404,9.19715,9.20004,1.75,1.50
2015.03.17 16:01:10.455,9.19715,9.20004,1.75,1.69
2015.03.17 16:01:10.506,9.19715,9.19975,1.00,1.19
2015.03.17 16:01:10.557,9.19676,9.19946,2.25,1.19
2015.03.17 16:01:10.608,9.19676,9.19946,2.25,1.94
2015.03.17 16:01:10.923,9.19598,9.19854,1.94,1.00
2015.03.17 16:01:11.079,9.19607,9.19896,1.01,1.37
2015.03.17 16:01:11.879,9.19742,9.19974,1.19,1.75
2015.03.17 16:01:11.929,9.19757,9.2004,1.00,1.94
2015.03.17 16:01:12.486,9.19779,9.19964,1.75,1.75
2015.03.17 16:01:12.588,9.19779,9.19964,1.00,1.75
2015.03.17 16:01:13.527,9.19808,9.20042,1.00,1.31
2015.03.17 16:01:13.896,9.19752,9.19994,1.00,1.12
2015.03.17 16:01:13.998,9.19706,9.19982,1.37,1.94
2015.03.17 16:01:14.049,9.19706,9.19982,1.00,1.94
2015.03.17 16:01:14.251,9.19706,9.19968,1.00,1.75
2015.03.17 16:01:14.752,9.19707,9.19995,1.00,1.94
2015.03.17 16:01:15.974,9.19707,9.19995,1.19,1.94
2015.03.17 16:01:16.504,9.19716,9.19986,1.00,1.12
2015.03.17 16:01:17.164,9.19736,9.19995,1.00,1.94
2015.03.17 16:01:18.699,9.19736,9.19995,1.19,1.75
2015.03.17 16:01:19.605,9.19746,9.19995,1.00,1.75
2015.03.17 16:01:19.759,9.19746,9.20004,1.00,1.75
2015.03.17 16:01:20.381,9.19755,9.20004,1.00,1.75
2015.03.17 16:01:20.755,9.19755,9.20037,1.69,1.00
2015.03.17 16:01:20.806,9.19771,9.20063,1.25,1.94
2015.03.17 16:01:21.416,9.19784,9.20063,1.00,1.94
2015.03.17 16:01:21.905,9.19781,9.20076,1.00,1.94
2015.03.17 16:01:22.165,9.19781,9.20076,1.00,1.56
2015.03.17 16:01:22.266,9.19781,9.20076,1.19,1.37
2015.03.17 16:01:22.809,9.19813,9.20102,1.00,1.94
2015.03.17 16:01:23.200,9.19809,9.20098,1.19,1.94
2015.03.17 16:01:23.304,9.19819,9.20102,1.00,1.94
2015.03.17 16:01:23.616,9.19832,9.2006,1.00,1.00
2015.03.17 16:01:23.717,9.19785,9.20014,1.00,1.00
2015.03.17 16:01:23.935,9.19786,9.20024,1.00,1.00
2015.03.17 16:01:24.441,9.19785,9.20024,1.00,1.00
2015.03.17 16:01:24.779,9.19785,9.20022,1.00,1.00
2015.03.17 16:01:25.083,9.19785,9.20012,1.00,1.37
2015.03.17 16:01:25.134,9.19766,9.20012,1.19,1.37
2015.03.17 16:01:25.235,9.19766,9.20012,1.19,1.75
2015.03.17 16:01:25.454,9.19776,9.20003,1.25,1.75
2015.03.17 16:01:26.114,9.19759,9.20022,1.00,1.75
2015.03.17 16:01:26.229,9.19759,9.20022,1.00,1.75
2015.03.17 16:01:27.107,9.19759,9.20022,1.19,1.75
2015.03.17 16:01:27.158,9.19784,9.20022,1.00,1.75
2015.03.17 16:01:27.259,9.19786,9.2008,1.01,1.00
2015.03.17 16:01:27.985,9.19813,9.20106,1.19,1.94
2015.03.17 16:01:28.036,9.19852,9.20148,1.19,1.94
2015.03.17 16:01:28.342,9.19867,9.20165,1.00,1.94
2015.03.17 16:01:28.647,9.19884,9.20174,1.00,2.44
2015.03.17 16:01:29.596,9.19884,9.20174,1.19,2.44
2015.03.17 16:01:31.781,9.19884,9.20152,1.00,1.94
2015.03.17 16:01:35.274,9.19877,9.20117,1.00,1.75
2015.03.17 16:01:37.049,9.19884,9.20142,1.00,1.94
2015.03.17 16:01:37.252,9.19884,9.20142,1.00,1.94
2015.03.17 16:01:37.437,9.19877,9.20024,1.00,1.00
2015.03.17 16:01:37.539,9.19849,9.20024,1.19,1.00
2015.03.17 16:01:38.194,9.19849,9.20053,1.19,1.00
2015.03.17 16:01:38.348,9.19849,9.20128,1.19,1.75
2015.03.17 16:01:38.525,9.19849,9.20128,1.00,1.94
2015.03.17 16:01:39.109,9.1983,9.20122,1.19,1.94
2015.03.17 16:01:39.211,9.1983,9.20094,1.19,1.75
2015.03.17 16:01:39.656,9.19824,9.20092,1.19,1.75
2015.03.17 16:01:39.975,9.19824,9.20087,1.19,1.75
2015.03.17 16:01:41.295,9.19824,9.20087,1.00,1.94
2015.03.17 16:01:42.559,9.19824,9.20087,1.00,1.94
2015.03.17 16:01:43.661,9.19814,9.20087,1.00,2.00
2015.03.17 16:01:43.712,9.19816,9.20098,1.00,1.94
2015.03.17 16:01:44.033,9.19816,9.20112,1.75,1.94
2015.03.17 16:01:44.602,9.19836,9.20024,1.37,1.00
2015.03.17 16:01:44.915,9.19864,9.20024,1.00,1.00
2015.03.17 16:01:48.900,9.19864,9.20014,1.00,1.00
2015.03.17 16:01:51.081,9.19816,9.20014,1.75,1.00
2015.03.17 16:01:53.644,9.19809,9.20004,1.94,1.00
2015.03.17 16:01:54.156,9.19816,9.19984,1.94,1.00
2015.03.17 16:01:54.309,9.19816,9.19984,1.94,1.00
2015.03.17 16:01:54.410,9.19786,9.19974,2.25,1.00
2015.03.17 16:01:54.714,9.19746,9.19924,1.94,1.00
2015.03.17 16:01:54.765,9.19746,9.19924,1.19,1.00
2015.03.17 16:01:55.117,9.19766,9.19924,1.00,1.00
2015.03.17 16:01:55.170,9.19766,9.19934,1.00,1.00
2015.03.17 16:01:56.068,9.19756,9.19934,1.07,1.00
2015.03.17 16:01:56.119,9.19759,9.19934,1.00,1.00
2015.03.17 16:01:56.170,9.19759,9.19964,1.75,1.00
2015.03.17 16:01:57.159,9.19766,9.2001,1.56,1.00
2015.03.17 16:01:57.210,9.19766,9.20032,1.56,1.00
2015.03.17 16:01:58.783,9.19766,9.20032,1.56,1.00
2015.03.17 16:02:02.437,9.19791,9.20032,1.94,1.00
2015.03.17 16:02:03.622,9.19778,9.20032,1.01,1.00
2015.03.17 16:02:03.723,9.19778,9.20032,1.01,1.00
2015.03.17 16:02:04.105,9.19768,9.20032,1.01,1.10
2015.03.17 16:02:04.423,9.19768,9.20002,1.01,1.00
2015.03.17 16:02:04.526,9.19768,9.20002,1.01,1.00
2015.03.17 16:02:04.805,9.19768,9.20002,1.01,1.00
2015.03.17 16:02:05.336,9.19769,9.20002,1.94,1.00
2015.03.17 16:02:07.554,9.19771,9.20041,1.01,1.75
2015.03.17 16:02:07.707,9.19771,9.20041,1.01,1.75
2015.03.17 16:02:07.812,9.19771,9.20041,1.01,1.75
2015.03.17 16:02:07.922,9.19771,9.20041,1.01,2.25
2015.03.17 16:02:08.031,9.19771,9.20041,1.01,2.25
2015.03.17 16:02:08.132,9.19771,9.20041,1.01,2.25
2015.03.17 16:02:08.233,9.19768,9.20041,1.26,2.25
2015.03.17 16:02:09.703,9.19771,9.20041,1.01,1.75
2015.03.17 16:02:10.244,9.19768,9.20041,1.82,1.75
2015.03.17 16:02:10.295,9.19768,9.20041,1.82,1.75
2015.03.17 16:02:11.649,9.19806,9.20041,1.75,1.75
2015.03.17 16:02:17.306,9.19816,9.20041,1.75,1.75
2015.03.17 16:02:17.673,9.19816,9.20041,1.75,1.75
2015.03.17 16:02:19.169,9.19796,9.20041,1.94,1.75
2015.03.17 16:02:19.479,9.19786,9.20041,1.94,1.75
2015.03.17 16:02:19.983,9.19775,9.20041,1.75,1.94
2015.03.17 16:02:20.145,9.19775,9.20041,1.75,1.94
2015.03.17 16:02:20.246,9.19775,9.20041,1.75,1.94
2015.03.17 16:02:21.487,9.19796,9.20041,1.75,1.94
2015.03.17 16:02:21.690,9.19796,9.20046,1.75,1.94
2015.03.17 16:02:21.744,9.19796,9.20046,1.75,1.94
2015.03.17 16:02:21.795,9.19775,9.20046,1.87,1.56
2015.03.17 16:02:21.846,9.19778,9.20046,1.82,1.56
2015.03.17 16:02:21.947,9.19778,9.20046,1.82,1.56
2015.03.17 16:02:21.998,9.19778,9.20048,1.82,1.94
2015.03.17 16:02:23.098,9.19836,9.20009,1.75,1.00
2015.03.17 16:02:23.403,9.19776,9.19987,1.82,1.00
2015.03.17 16:02:23.454,9.19776,9.20037,1.82,1.75
2015.03.17 16:02:23.566,9.19783,9.20037,1.75,1.37
2015.03.17 16:02:23.668,9.19783,9.20037,1.75,1.37
2015.03.17 16:02:23.719,9.19783,9.20025,1.75,1.00
2015.03.17 16:02:24.077,9.19783,9.20037,1.75,1.37
2015.03.17 16:02:24.399,9.19783,9.20037,1.85,1.75
2015.03.17 16:02:28.043,9.19783,9.20037,1.82,1.75
2015.03.17 16:02:30.811,9.19786,9.20041,1.75,1.94
2015.03.17 16:02:31.412,9.19796,9.20041,1.75,1.94
2015.03.17 16:02:31.463,9.19796,9.20041,1.75,1.94
2015.03.17 16:02:31.871,9.19796,9.20041,1.75,1.75
2015.03.17 16:02:32.423,9.19796,9.20041,1.75,1.75
2015.03.17 16:02:32.474,9.19796,9.20041,1.75,1.75
2015.03.17 16:02:32.911,9.19796,9.20056,1.75,1.94
2015.03.17 16:02:33.325,9.19796,9.20056,1.75,1.94
2015.03.17 16:02:33.376,9.19783,9.20053,1.82,1.75
2015.03.17 16:02:35.648,9.19805,9.20053,1.75,1.75
2015.03.17 16:02:36.184,9.19805,9.20053,1.75,1.75
2015.03.17 16:02:43.004,9.19806,9.20056,1.75,1.00
2015.03.17 16:02:56.190,9.19806,9.20056,1.75,1.00
2015.03.17 16:02:56.855,9.19806,9.20056,1.75,1.00
2015.03.17 16:02:57.167,9.19796,9.20056,1.75,1.07
2015.03.17 16:03:01.473,9.19796,9.20056,1.75,1.07
2015.03.17 16:03:01.524,9.19796,9.20056,1.82,1.00
2015.03.17 16:03:01.575,9.19796,9.20056,1.82,1.00
2015.03.17 16:03:03.040,9.19786,9.20056,1.75,1.07
2015.03.17 16:03:03.608,9.19786,9.20056,1.75,1.75
2015.03.17 16:03:03.923,9.19786,9.20056,1.75,1.75
2015.03.17 16:03:04.415,9.19798,9.20066,1.00,1.94
2015.03.17 16:03:04.466,9.19798,9.20066,1.07,1.94
2015.03.17 16:03:04.603,9.19798,9.20082,1.37,1.94
2015.03.17 16:03:05.523,9.19843,9.20084,1.00,1.75
2015.03.17 16:03:06.813,9.19843,9.20084,1.00,1.75
2015.03.17 16:03:09.549,9.19843,9.20094,1.00,1.75
2015.03.17 16:03:09.760,9.19843,9.20094,1.00,1.75
2015.03.17 16:03:10.344,9.19827,9.20094,1.07,1.75
2015.03.17 16:03:10.446,9.19827,9.20094,1.82,1.75
2015.03.17 16:03:10.497,9.19827,9.20092,1.82,1.50
2015.03.17 16:03:10.548,9.19813,9.20092,1.94,1.75
2015.03.17 16:03:10.600,9.19813,9.20092,1.94,1.75
2015.03.17 16:03:10.902,9.19813,9.20092,1.94,1.75
2015.03.17 16:03:11.733,9.19813,9.20062,2.25,1.56
2015.03.17 16:03:11.837,9.19813,9.20062,2.25,1.56
2015.03.17 16:03:12.145,9.19846,9.20062,1.75,1.56
2015.03.17 16:03:12.196,9.19846,9.20062,1.75,1.19
2015.03.17 16:03:12.247,9.19846,9.20062,1.75,1.19
2015.03.17 16:03:12.638,9.19846,9.20062,1.75,1.19
2015.03.17 16:03:14.061,9.19903,9.20089,1.00,1.00
2015.03.17 16:03:14.824,9.19863,9.20089,1.75,1.00
2015.03.17 16:03:15.180,9.19863,9.20089,1.75,1.00
2015.03.17 16:03:15.282,9.19863,9.20089,1.75,1.00
2015.03.17 16:03:17.183,9.19861,9.20116,1.00,1.19
2015.03.17 16:03:17.234,9.19861,9.20116,1.00,1.56
2015.03.17 16:03:17.555,9.19861,9.20116,1.00,1.56
2015.03.17 16:03:17.911,9.19881,9.20116,1.00,1.56
2015.03.17 16:03:18.164,9.19868,9.20116,1.75,1.69
2015.03.17 16:03:18.215,9.19868,9.20104,1.75,1.37
2015.03.17 16:03:18.374,9.19868,9.20104,1.75,1.37
2015.03.17 16:03:18.583,9.19868,9.20109,1.75,1.62
2015.03.17 16:03:19.383,9.19868,9.20109,1.75,1.62
2015.03.17 16:03:19.750,9.19868,9.20104,1.75,1.00
2015.03.17 16:03:20.187,9.19868,9.20104,1.75,1.19
2015.03.17 16:03:21.488,9.19868,9.20104,1.75,1.19
2015.03.17 16:03:23.129,9.19868,9.20118,1.00,1.56
2015.03.17 16:03:23.184,9.19871,9.20118,1.00,1.56
2015.03.17 16:03:23.533,9.19871,9.20118,1.00,1.56
2015.03.17 16:03:23.842,9.19908,9.20118,1.00,1.56
2015.03.17 16:03:23.994,9.19853,9.20095,1.12,1.00
2015.03.17 16:03:24.493,9.19858,9.20095,1.75,1.19
2015.03.17 16:03:25.837,9.19858,9.20095,1.75,1.19
2015.03.17 16:03:25.889,9.19858,9.20095,1.75,1.00
2015.03.17 16:03:25.990,9.1986,9.20131,1.00,1.75
2015.03.17 16:03:26.041,9.1986,9.20131,1.07,1.00
2015.03.17 16:03:26.193,9.1986,9.20131,1.26,1.00
2015.03.17 16:03:26.497,9.19898,9.20131,1.00,1.00
2015.03.17 16:03:28.298,9.19919,9.20131,1.00,1.00
2015.03.17 16:03:28.582,9.19919,9.20175,1.00,1.00
2015.03.17 16:03:28.633,9.19919,9.20195,1.00,1.26
2015.03.17 16:03:28.684,9.19937,9.20212,1.19,1.37
2015.03.17 16:03:28.987,9.19932,9.2016,1.00,1.19
2015.03.17 16:03:29.038,9.19889,9.2016,1.00,1.19
2015.03.17 16:03:29.090,9.19878,9.2016,1.00,1.19
2015.03.17 16:03:29.142,9.19889,9.20135,1.00,1.19
2015.03.17 16:03:29.892,9.19889,9.20096,1.00,1.00
2015.03.17 16:03:31.859,9.19869,9.20096,1.37,1.00
2015.03.17 16:03:31.910,9.19869,9.20105,1.37,1.19
2015.03.17 16:03:32.222,9.19846,9.20065,1.75,1.00
2015.03.17 16:03:32.863,9.19846,9.2006,1.75,1.00
2015.03.17 16:03:33.669,9.19846,9.2004,1.75,1.00
2015.03.17 16:03:33.988,9.19846,9.20011,1.75,1.00
2015.03.17 16:03:35.351,9.19846,9.20011,1.75,1.00
2015.03.17 16:03:35.693,9.19812,9.20011,1.75,1.00
2015.03.17 16:03:35.795,9.19806,9.20011,1.75,1.00
2015.03.17 16:03:39.062,9.19806,9.20011,1.75,1.00
2015.03.17 16:03:41.707,9.19786,9.20011,1.75,1.00
2015.03.17 16:03:42.930,9.19721,9.19982,1.75,1.19
2015.03.17 16:03:42.981,9.19721,9.19982,1.75,1.19
2015.03.17 16:03:43.693,9.19721,9.19968,1.75,1.19
2015.03.17 16:03:44.099,9.19694,9.19952,1.75,1.00
2015.03.17 16:03:44.200,9.19694,9.19924,1.75,1.00
2015.03.17 16:03:44.636,9.19685,9.19925,1.00,1.00
2015.03.17 16:03:45.122,9.19666,9.19925,1.75,1.00
2015.03.17 16:03:45.455,9.19666,9.19923,1.75,1.00
2015.03.17 16:03:45.603,9.19676,9.19923,1.75,1.00
2015.03.17 16:03:46.228,9.19676,9.19923,1.75,1.19
2015.03.17 16:03:46.534,9.19676,9.19876,1.75,1.00
2015.03.17 16:03:46.883,9.19623,9.19889,1.94,1.00
2015.03.17 16:03:47.154,9.19617,9.19854,1.75,1.00
2015.03.17 16:03:47.308,9.19617,9.19854,2.25,1.00
2015.03.17 16:03:47.863,9.19617,9.19844,2.25,1.00
2015.03.17 16:03:48.069,9.19617,9.19854,2.25,1.00
2015.03.17 16:03:48.120,9.19643,9.19915,1.75,1.19
2015.03.17 16:03:48.171,9.19643,9.19915,1.75,1.19
2015.03.17 16:03:48.222,9.19669,9.19915,1.75,1.00
2015.03.17 16:03:48.273,9.19669,9.19951,1.75,1.19
2015.03.17 16:03:48.324,9.19669,9.19951,1.75,1.19
2015.03.17 16:03:48.526,9.19669,9.19901,1.75,1.00
2015.03.17 16:03:48.628,9.19636,9.1985,1.00,1.00
2015.03.17 16:03:48.679,9.19616,9.19784,1.50,1.00
2015.03.17 16:03:48.780,9.19588,9.19784,1.00,1.00
2015.03.17 16:03:48.831,9.19576,9.19784,1.00,1.00
2015.03.17 16:03:48.883,9.19576,9.19873,1.00,1.00
2015.03.17 16:03:48.988,9.19558,9.19856,1.50,1.00
2015.03.17 16:03:49.039,9.196,9.19866,1.00,1.00
2015.03.17 16:03:49.544,9.19578,9.19866,1.19,1.00
2015.03.17 16:03:49.764,9.19591,9.19884,1.19,1.69
2015.03.17 16:03:49.865,9.19605,9.19884,1.00,1.69
2015.03.17 16:03:50.613,9.19605,9.19894,1.19,1.00
2015.03.17 16:03:50.928,9.19592,9.1989,1.19,1.00
2015.03.17 16:03:52.122,9.19607,9.19894,1.19,1.00
2015.03.17 16:03:52.621,9.19618,9.19894,1.19,1.00
2015.03.17 16:03:54.671,9.19618,9.19894,1.19,1.00
2015.03.17 16:03:57.472,9.19618,9.19901,1.19,1.00
2015.03.17 16:03:58.649,9.19618,9.19901,1.19,1.00
2015.03.17 16:04:00.643,9.19618,9.19901,1.19,1.25
2015.03.17 16:04:02.252,9.19618,9.19884,1.19,1.00
2015.03.17 16:04:03.465,9.19618,9.19884,1.00,1.00
2015.03.17 16:04:03.668,9.19582,9.1988,1.19,1.00
2015.03.17 16:04:04.162,9.19598,9.19871,1.19,1.00
2015.03.17 16:04:04.760,9.19618,9.19884,1.00,1.37
2015.03.17 16:04:04.861,9.19618,9.19884,1.00,1.00
2015.03.17 16:04:05.850,9.19597,9.19872,1.19,1.00
2015.03.17 16:04:06.852,9.19596,9.19884,1.19,1.00
2015.03.17 16:04:06.954,9.19618,9.19884,1.00,1.00
2015.03.17 16:04:07.463,9.19618,9.19891,1.00,1.37
2015.03.17 16:04:07.716,9.19618,9.1988,1.00,1.00
2015.03.17 16:04:08.143,9.19583,9.1988,1.19,1.00
2015.03.17 16:04:08.244,9.19598,9.19871,1.19,1.00
2015.03.17 16:04:08.396,9.19583,9.1988,1.19,1.00
2015.03.17 16:04:08.499,9.19593,9.19866,1.19,1.00
2015.03.17 16:04:09.814,9.19586,9.19874,1.19,1.00
2015.03.17 16:04:11.831,9.19586,9.19858,1.00,1.19
2015.03.17 16:04:11.883,9.19593,9.19866,1.00,1.19
2015.03.17 16:04:12.187,9.19596,9.19836,1.00,1.00
2015.03.17 16:04:13.281,9.19575,9.19859,1.00,1.19
2015.03.17 16:04:13.484,9.19569,9.1986,1.19,1.19
2015.03.17 16:04:13.603,9.19569,9.19837,1.19,1.00
2015.03.17 16:04:14.213,9.19608,9.19837,1.00,1.00
2015.03.17 16:04:14.435,9.19588,9.19837,1.00,1.00
2015.03.17 16:04:15.614,9.19562,9.19837,1.19,1.00
2015.03.17 16:04:16.640,9.19562,9.19821,1.19,1.00
2015.03.17 16:04:17.699,9.19562,9.19821,1.00,1.00
2015.03.17 16:04:17.877,9.19566,9.19821,1.00,1.00
2015.03.17 16:04:18.182,9.19566,9.19829,1.00,1.75
2015.03.17 16:04:18.397,9.19562,9.19829,1.00,1.75
2015.03.17 16:04:18.712,9.19562,9.19829,1.00,1.00
2015.03.17 16:04:18.933,9.19555,9.19791,1.00,1.00
2015.03.17 16:04:20.058,9.19531,9.19791,1.19,1.00
2015.03.17 16:04:20.159,9.19548,9.19837,1.19,1.75
2015.03.17 16:04:20.416,9.19562,9.19826,1.19,1.37
2015.03.17 16:04:21.099,9.19562,9.19826,1.19,1.00
2015.03.17 16:04:21.645,9.19555,9.19825,1.19,1.00
2015.03.17 16:04:24.353,9.19576,9.19825,1.00,1.00
2015.03.17 16:04:26.413,9.19576,9.19826,1.00,1.00
2015.03.17 16:04:27.131,9.19576,9.19826,1.19,1.00
2015.03.17 16:04:27.440,9.19586,9.19826,1.00,1.00
2015.03.17 16:04:28.431,9.19565,9.19826,2.44,1.00
2015.03.17 16:04:28.482,9.19565,9.1985,2.44,1.00
2015.03.17 16:04:28.986,9.19583,9.1985,1.00,1.00
2015.03.17 16:04:29.398,9.19586,9.1985,1.00,1.00
2015.03.17 16:04:29.702,9.19566,9.19826,1.19,1.00
2015.03.17 16:04:31.445,9.19565,9.19826,1.19,1.00
2015.03.17 16:04:31.699,9.19576,9.19863,1.19,1.25
2015.03.17 16:04:31.938,9.19587,9.19862,1.00,1.00
2015.03.17 16:04:33.584,9.19601,9.19862,1.00,1.00
2015.03.17 16:04:33.991,9.19601,9.19862,1.19,1.00
2015.03.17 16:04:35.969,9.19601,9.19862,1.19,1.00
2015.03.17 16:04:37.963,9.19601,9.19862,1.19,1.00
2015.03.17 16:04:40.570,9.19601,9.19862,1.19,1.00
2015.03.17 16:04:41.971,9.19601,9.19862,1.19,1.00
2015.03.17 16:04:44.023,9.19601,9.19862,1.19,1.00
2015.03.17 16:04:45.996,9.19601,9.19862,1.19,1.00
2015.03.17 16:04:47.990,9.19601,9.19862,1.19,1.00
2015.03.17 16:04:49.996,9.19588,9.19862,1.19,1.00
2015.03.17 16:04:54.412,9.19601,9.19862,1.19,1.00
2015.03.17 16:04:58.743,9.19587,9.19862,1.76,1.00
2015.03.17 16:05:00.364,9.19587,9.19862,1.76,1.00
2015.03.17 16:05:00.415,9.19636,9.19875,1.19,1.50
2015.03.17 16:05:00.466,9.19636,9.19875,1.19,1.50
2015.03.17 16:05:00.773,9.19669,9.19875,1.19,1.50
2015.03.17 16:05:00.823,9.19669,9.19967,1.19,2.25
2015.03.17 16:05:01.568,9.19677,9.19967,1.26,1.00
2015.03.17 16:05:02.283,9.19678,9.19951,1.26,1.00
2015.03.17 16:05:03.975,9.19678,9.19951,1.26,1.00
2015.03.17 16:05:05.243,9.19678,9.19951,1.26,1.00
2015.03.17 16:05:05.690,9.19714,9.19975,1.00,1.37
2015.03.17 16:05:05.741,9.1972,9.19994,1.00,1.01
2015.03.17 16:05:06.343,9.1972,9.20018,1.00,1.94
2015.03.17 16:05:06.720,9.19716,9.19961,1.00,1.75
2015.03.17 16:05:06.879,9.19716,9.19961,1.00,1.00
2015.03.17 16:05:07.670,9.19716,9.19961,1.19,1.00
2015.03.17 16:05:08.045,9.19716,9.19961,1.19,1.75
2015.03.17 16:05:09.653,9.19716,9.19961,1.19,1.75
2015.03.17 16:05:11.579,9.19716,9.19961,1.19,1.00
2015.03.17 16:05:11.630,9.19707,9.19991,1.19,1.75
2015.03.17 16:05:11.731,9.19721,9.20003,1.00,1.01
2015.03.17 16:05:12.090,9.19721,9.20019,1.19,1.82
2015.03.17 16:05:12.403,9.19721,9.20019,1.19,1.82
2015.03.17 16:05:13.078,9.19726,9.19961,1.19,1.00
2015.03.17 16:05:13.833,9.19756,9.19961,1.00,1.75
2015.03.17 16:05:14.308,9.19756,9.19961,1.00,1.00
2015.03.17 16:05:14.409,9.19766,9.19961,1.00,1.00
2015.03.17 16:05:14.827,9.19756,9.19961,1.00,1.00
2015.03.17 16:05:15.041,9.19746,9.19961,1.00,1.00
2015.03.17 16:05:16.386,9.19756,9.19961,1.00,1.00
2015.03.17 16:05:16.801,9.19726,9.19961,1.00,1.00
2015.03.17 16:05:16.902,9.19726,9.19994,1.00,1.19
2015.03.17 16:05:16.953,9.19726,9.19994,1.00,1.94
2015.03.17 16:05:18.316,9.19746,9.19996,1.00,1.94
2015.03.17 16:05:18.850,9.19746,9.19961,1.00,1.00
2015.03.17 16:05:19.369,9.19756,9.19961,1.00,1.00
2015.03.17 16:05:22.629,9.19756,9.19996,1.00,1.00
2015.03.17 16:05:22.680,9.19736,9.19996,1.00,1.75
2015.03.17 16:05:23.019,9.19746,9.20034,1.19,1.87
2015.03.17 16:05:23.537,9.19746,9.20034,1.19,1.75
2015.03.17 16:05:23.589,9.19746,9.20001,1.19,1.00
2015.03.17 16:05:23.901,9.19756,9.20001,1.00,1.75
2015.03.17 16:05:24.053,9.19756,9.19992,1.00,1.00
2015.03.17 16:05:24.154,9.19756,9.19966,1.00,1.00
2015.03.17 16:05:24.279,9.19746,9.19966,1.00,1.00
2015.03.17 16:05:25.399,9.19756,9.19966,1.00,1.00
2015.03.17 16:05:27.401,9.19746,9.19966,1.00,1.00
2015.03.17 16:05:28.129,9.19726,9.19966,1.00,1.00
2015.03.17 16:05:28.231,9.19732,9.20026,1.19,1.12
2015.03.17 16:05:29.131,9.19766,9.20001,1.00,1.75
2015.03.17 16:05:29.389,9.19746,9.19992,1.19,1.75
2015.03.17 16:05:29.440,9.19746,9.19992,1.00,1.94
2015.03.17 16:05:29.541,9.19746,9.19966,1.00,1.00
2015.03.17 16:05:29.592,9.19736,9.19966,1.00,1.00
2015.03.17 16:05:34.846,9.19743,9.20012,1.00,1.01
2015.03.17 16:05:34.964,9.19729,9.20012,1.00,1.01
2015.03.17 16:05:35.340,9.19729,9.2002,1.00,1.01
2015.03.17 16:05:35.570,9.19729,9.2002,1.00,1.01
2015.03.17 16:05:35.621,9.19736,9.19989,1.00,1.75
2015.03.17 16:05:35.930,9.19736,9.19966,1.00,1.00
2015.03.17 16:05:36.600,9.19725,9.19966,1.00,1.00
2015.03.17 16:05:40.181,9.19727,9.19966,1.00,1.00
2015.03.17 16:05:40.232,9.19727,9.19991,1.00,1.01
2015.03.17 16:05:40.885,9.19733,9.20005,1.00,1.01
2015.03.17 16:05:41.089,9.19727,9.19987,1.00,1.56
2015.03.17 16:05:41.889,9.19726,9.19987,1.00,1.64
2015.03.17 16:05:41.940,9.19726,9.19961,1.00,1.00
2015.03.17 16:05:42.319,9.19716,9.19961,1.00,1.00
2015.03.17 16:05:51.258,9.19716,9.19961,1.00,1.07
2015.03.17 16:06:00.389,9.19726,9.19961,1.00,1.07
2015.03.17 16:06:03.934,9.19726,9.19961,1.00,1.37
2015.03.17 16:06:05.848,9.19764,9.19956,1.00,1.37
2015.03.17 16:06:10.515,9.19764,9.19956,1.00,1.94
2015.03.17 16:06:15.885,9.19744,9.19963,1.00,1.12
2015.03.17 16:06:16.041,9.19744,9.19964,1.00,1.75
2015.03.17 16:06:20.832,9.19743,9.19988,1.00,1.31
2015.03.17 16:06:21.419,9.19743,9.19999,1.00,1.31
2015.03.17 16:06:21.470,9.19765,9.19999,1.00,1.31
2015.03.17 16:06:21.788,9.19784,9.19999,1.00,1.31
2015.03.17 16:06:21.890,9.19749,9.19999,1.00,1.31
2015.03.17 16:06:22.299,9.19749,9.19975,1.00,1.37
2015.03.17 16:06:35.816,9.19749,9.19975,1.00,1.07
2015.03.17 16:06:36.271,9.19749,9.19981,1.00,1.19
2015.03.17 16:06:36.423,9.19766,9.20009,1.00,1.45
2015.03.17 16:06:36.628,9.19766,9.20009,1.00,1.37
2015.03.17 16:06:37.062,9.19785,9.20009,1.00,1.37
2015.03.17 16:06:37.602,9.19814,9.20009,1.00,1.37
2015.03.17 16:06:41.427,9.19814,9.20009,1.00,1.00
2015.03.17 16:06:41.730,9.19812,9.20037,1.00,1.01
2015.03.17 16:06:42.035,9.19839,9.20054,1.00,1.94
2015.03.17 16:06:42.178,9.19839,9.20054,1.00,1.19
2015.03.17 16:06:42.602,9.19839,9.20054,1.00,1.94
2015.03.17 16:06:46.649,9.19839,9.20044,1.00,1.00
2015.03.17 16:06:46.700,9.19839,9.20054,1.00,1.00
2015.03.17 16:06:47.390,9.19846,9.20054,1.00,1.00
2015.03.17 16:06:47.441,9.19846,9.20088,1.00,1.00
2015.03.17 16:06:47.492,9.19846,9.20104,1.00,1.00
2015.03.17 16:06:47.593,9.19847,9.20112,1.00,1.19
2015.03.17 16:06:47.644,9.19863,9.20112,1.00,1.19
2015.03.17 16:06:47.947,9.19887,9.20111,1.00,1.19
2015.03.17 16:06:48.648,9.19911,9.20111,1.00,1.19
2015.03.17 16:06:49.185,9.1993,9.20111,1.00,1.19
2015.03.17 16:06:49.833,9.19953,9.20111,1.00,1.19
2015.03.17 16:06:50.399,9.19979,9.20111,1.00,1.19
2015.03.17 16:06:51.850,9.19979,9.20111,1.00,1.00
2015.03.17 16:06:51.902,9.19976,9.20124,1.00,1.19
2015.03.17 16:06:52.479,9.20009,9.20129,1.00,1.26
2015.03.17 16:06:54.949,9.19979,9.20099,1.00,1.00
2015.03.17 16:06:55.722,9.19979,9.20099,1.00,1.75
2015.03.17 16:07:01.594,9.19974,9.20099,1.00,1.75
2015.03.17 16:07:02.238,9.19997,9.20128,1.00,1.94
2015.03.17 16:07:02.370,9.20003,9.20128,1.00,1.19
2015.03.17 16:07:03.483,9.20005,9.20128,1.00,1.19
2015.03.17 16:07:05.456,9.20002,9.20128,1.00,1.94
2015.03.17 16:07:17.137,9.19929,9.20121,1.00,1.94
2015.03.17 16:07:17.339,9.19929,9.2009,1.00,1.00
2015.03.17 16:07:17.685,9.19949,9.2009,1.00,1.00
2015.03.17 16:07:18.008,9.19974,9.2009,1.00,1.00
2015.03.17 16:07:19.089,9.19982,9.2009,1.00,1.00
2015.03.17 16:07:19.240,9.19982,9.20116,1.00,1.69
2015.03.17 16:07:19.443,9.19998,9.20116,1.00,1.69
2015.03.17 16:07:21.786,9.20004,9.20116,1.00,1.50
2015.03.17 16:07:30.686,9.20004,9.20104,1.00,1.00
2015.03.17 16:07:30.838,9.19882,9.20104,1.00,1.37
2015.03.17 16:07:30.916,9.19882,9.20104,1.00,1.75
2015.03.17 16:07:31.220,9.19911,9.2012,1.00,1.75
2015.03.17 16:07:32.072,9.19945,9.20124,1.00,1.75
2015.03.17 16:07:33.637,9.19957,9.20124,1.00,1.75
2015.03.17 16:07:33.789,9.19957,9.20124,1.00,1.75
2015.03.17 16:07:34.260,9.19978,9.20124,1.00,1.75
2015.03.17 16:07:35.676,9.19998,9.20124,1.00,1.75
2015.03.17 16:07:36.062,9.20012,9.20124,1.00,1.75
2015.03.17 16:07:36.367,9.20012,9.20124,1.00,1.75
2015.03.17 16:07:36.472,9.2002,9.20128,1.00,1.12
2015.03.17 16:07:36.574,9.20016,9.20132,1.00,1.12
2015.03.17 16:07:36.777,9.20016,9.20224,1.00,1.00
2015.03.17 16:07:36.878,9.20016,9.20252,1.00,1.37
2015.03.17 16:07:36.930,9.20021,9.20252,1.00,1.37
2015.03.17 16:07:36.981,9.20021,9.20252,1.00,1.37
2015.03.17 16:07:37.552,9.20041,9.20284,1.00,3.94
2015.03.17 16:07:37.906,9.20041,9.2027,1.00,1.37
2015.03.17 16:07:37.957,9.20041,9.20284,1.00,1.50
2015.03.17 16:07:38.008,9.20047,9.20302,1.00,1.19
2015.03.17 16:07:38.676,9.20068,9.20329,1.00,1.31
2015.03.17 16:07:38.879,9.20066,9.20329,1.19,1.12
2015.03.17 16:07:38.930,9.20067,9.20349,1.19,1.07
2015.03.17 16:07:38.981,9.20067,9.20364,1.19,1.69
2015.03.17 16:07:39.032,9.20084,9.20364,1.00,1.69
2015.03.17 16:07:39.343,9.20087,9.20364,1.00,1.69
2015.03.17 16:07:39.645,9.20106,9.20364,1.00,1.69
2015.03.17 16:07:40.172,9.20106,9.20364,1.19,1.50
2015.03.17 16:07:40.336,9.20129,9.20364,1.00,1.50
2015.03.17 16:07:40.437,9.20101,9.20364,1.19,1.50
2015.03.17 16:07:41.068,9.20124,9.20364,1.00,1.50
2015.03.17 16:07:41.615,9.20235,9.20364,1.00,1.50
2015.03.17 16:07:41.868,9.20235,9.2047,1.00,1.37
2015.03.17 16:07:41.970,9.20188,9.20452,1.19,1.07
2015.03.17 16:07:42.021,9.20188,9.20452,1.00,1.26
2015.03.17 16:07:42.123,9.20165,9.20354,1.00,1.00
2015.03.17 16:07:43.001,9.20165,9.20285,1.00,1.00
2015.03.17 16:07:43.313,9.20185,9.20285,1.00,1.00
2015.03.17 16:07:43.617,9.20176,9.20285,1.00,1.75
2015.03.17 16:07:43.922,9.20178,9.20285,1.00,1.75
2015.03.17 16:07:44.175,9.20094,9.20285,1.00,1.75
2015.03.17 16:07:44.703,9.20152,9.20285,1.00,1.94
2015.03.17 16:07:45.479,9.20167,9.20285,1.00,1.94
2015.03.17 16:07:48.878,9.20123,9.20285,1.00,1.75
2015.03.17 16:07:49.184,9.20123,9.20285,1.00,1.75
2015.03.17 16:07:49.522,9.20123,9.20282,1.00,1.75
2015.03.17 16:07:50.070,9.20123,9.20282,1.00,1.75
2015.03.17 16:07:51.837,9.20123,9.20282,1.00,1.94
2015.03.17 16:07:53.046,9.20123,9.20282,1.00,1.94
2015.03.17 16:07:53.438,9.20026,9.20224,1.00,1.26
2015.03.17 16:07:53.539,9.20026,9.20204,1.00,1.00
2015.03.17 16:07:53.640,9.19921,9.20204,1.00,1.19
2015.03.17 16:07:53.691,9.19906,9.20202,1.50,1.19
2015.03.17 16:07:55.648,9.19906,9.20202,1.50,1.19
2015.03.17 16:07:56.248,9.19908,9.20202,1.00,1.19
2015.03.17 16:07:57.624,9.19908,9.20202,1.00,1.19
2015.03.17 16:07:59.629,9.19908,9.20202,1.00,1.19
2015.03.17 16:08:02.401,9.19908,9.20202,1.00,1.19
2015.03.17 16:08:05.667,9.19908,9.20202,1.00,1.19
2015.03.17 16:08:07.673,9.19908,9.20202,1.00,1.19
2015.03.17 16:08:19.899,9.19908,9.20104,1.00,1.00
2015.03.17 16:08:20.358,9.19866,9.20104,1.00,1.00
2015.03.17 16:08:20.409,9.19866,9.20104,1.00,1.19
2015.03.17 16:08:20.561,9.19816,9.20084,1.00,1.00
2015.03.17 16:08:20.969,9.19786,9.20056,1.00,1.19
2015.03.17 16:08:21.888,9.19785,9.20056,1.00,1.19
2015.03.17 16:08:22.097,9.19761,9.20056,1.00,1.19
2015.03.17 16:08:22.607,9.19748,9.20044,1.19,1.29
2015.03.17 16:08:23.016,9.19748,9.20044,1.00,1.29
2015.03.17 16:08:23.335,9.19748,9.20032,1.00,1.56
2015.03.17 16:08:24.544,9.19748,9.20001,1.00,1.00
2015.03.17 16:08:27.200,9.19736,9.20001,1.50,1.00
2015.03.17 16:08:27.729,9.19725,9.20001,1.19,1.00
2015.03.17 16:08:29.471,9.19725,9.20001,1.00,1.19
2015.03.17 16:08:31.819,9.19721,9.20001,1.19,1.19
2015.03.17 16:08:31.921,9.19702,9.19984,1.19,1.00
2015.03.17 16:08:32.298,9.19702,9.19984,1.00,1.19
2015.03.17 16:08:32.349,9.19686,9.19974,1.50,1.19
2015.03.17 16:08:32.929,9.19676,9.19973,1.19,1.19
2015.03.17 16:08:33.030,9.1969,9.19974,1.00,1.39
2015.03.17 16:08:33.388,9.1969,9.19941,1.00,1.10
2015.03.17 16:08:33.710,9.19676,9.19941,1.69,1.10
2015.03.17 16:08:34.481,9.19676,9.19941,1.50,1.29
2015.03.17 16:08:35.362,9.19668,9.19941,1.00,1.29
2015.03.17 16:08:36.611,9.19668,9.19939,1.00,1.19
2015.03.17 16:08:38.719,9.19668,9.19928,1.00,1.19
2015.03.17 16:08:39.888,9.19646,9.19928,1.50,1.19
2015.03.17 16:08:39.939,9.19658,9.19928,1.00,1.19
2015.03.17 16:08:40.244,9.19646,9.19901,1.50,1.00
2015.03.17 16:08:40.564,9.19646,9.1989,1.50,1.00
2015.03.17 16:08:40.615,9.19593,9.1989,1.19,1.00
2015.03.17 16:08:40.819,9.19607,9.19901,1.19,1.00
2015.03.17 16:08:41.038,9.19607,9.19901,1.19,1.19
2015.03.17 16:08:44.686,9.19607,9.19901,1.00,1.69
2015.03.17 16:08:45.217,9.19593,9.19887,1.19,1.19
2015.03.17 16:08:45.948,9.19589,9.19887,1.19,1.19
2015.03.17 16:08:46.351,9.19603,9.19895,1.00,1.19
2015.03.17 16:08:47.272,9.19583,9.19881,1.19,1.19
2015.03.17 16:08:48.056,9.19583,9.19881,1.00,1.19
2015.03.17 16:08:50.038,9.19583,9.19881,1.00,1.19
2015.03.17 16:08:50.705,9.19589,9.19887,1.00,1.56
2015.03.17 16:08:51.550,9.19576,9.19874,1.19,1.26
2015.03.17 16:08:52.049,9.19576,9.19874,1.19,1.26
2015.03.17 16:08:54.560,9.19576,9.1987,1.19,1.32
2015.03.17 16:08:54.989,9.19563,9.19861,1.19,1.00
2015.03.17 16:08:56.869,9.19563,9.19861,1.19,1.00
2015.03.17 16:08:58.817,9.19577,9.19868,1.19,1.19
2015.03.17 16:08:58.918,9.19577,9.19868,1.19,1.19
2015.03.17 16:09:01.001,9.19564,9.19862,1.19,1.19
2015.03.17 16:09:03.495,9.19557,9.19855,1.19,1.00
2015.03.17 16:09:03.601,9.19579,9.19869,1.19,1.26
2015.03.17 16:09:03.705,9.1956,9.19858,1.19,1.00
2015.03.17 16:09:03.988,9.19578,9.19869,1.19,1.19
2015.03.17 16:09:05.255,9.19578,9.19869,1.00,1.19
2015.03.17 16:09:05.565,9.19594,9.19869,1.00,1.19
2015.03.17 16:09:05.616,9.19581,9.19869,1.00,1.56
2015.03.17 16:09:05.984,9.19568,9.19866,1.19,1.19
2015.03.17 16:09:07.127,9.19568,9.19866,1.19,1.19
2015.03.17 16:09:09.160,9.19566,9.19864,1.19,1.19
2015.03.17 16:09:09.585,9.19583,9.19851,1.00,1.00
2015.03.17 16:09:09.888,9.19548,9.19846,1.19,1.00
2015.03.17 16:09:10.209,9.19561,9.19841,1.19,1.00
2015.03.17 16:09:11.634,9.19561,9.19841,1.00,1.19
2015.03.17 16:09:13.210,9.19544,9.1984,1.19,1.19
2015.03.17 16:09:13.728,9.19544,9.1984,1.19,1.19
2015.03.17 16:09:13.896,9.19544,9.19816,1.19,1.00
2015.03.17 16:09:14.398,9.19542,9.19784,1.19,1.50
2015.03.17 16:09:14.731,9.19527,9.19771,1.19,1.00
2015.03.17 16:09:15.653,9.19503,9.19771,1.19,1.00
2015.03.17 16:09:17.549,9.19498,9.19731,1.56,1.00
2015.03.17 16:09:17.836,9.19498,9.19774,1.56,1.00
2015.03.17 16:09:17.937,9.19503,9.19774,1.19,1.00
2015.03.17 16:09:17.988,9.19503,9.19781,1.19,1.00
2015.03.17 16:09:19.328,9.19501,9.19771,1.94,1.00
2015.03.17 16:09:19.807,9.19501,9.19784,1.94,1.50
2015.03.17 16:09:20.211,9.19501,9.19784,1.19,1.50
2015.03.17 16:09:22.632,9.19516,9.19784,1.19,1.50
2015.03.17 16:09:24.418,9.19516,9.19784,1.19,1.50
2015.03.17 16:09:25.019,9.19501,9.19784,1.19,1.50
2015.03.17 16:09:25.171,9.195,9.1977,1.94,1.00
2015.03.17 16:09:25.489,9.19461,9.19728,1.94,1.00
2015.03.17 16:09:25.958,9.19465,9.19712,1.19,1.00
2015.03.17 16:09:26.161,9.19458,9.19737,1.19,1.00
2015.03.17 16:09:28.048,9.19455,9.19737,1.94,1.00
2015.03.17 16:09:29.159,9.19455,9.19723,1.94,1.00
2015.03.17 16:09:29.530,9.19455,9.19723,1.94,1.00
2015.03.17 16:09:29.682,9.19422,9.1971,1.19,1.00
2015.03.17 16:09:29.935,9.19412,9.19696,1.19,1.00
2015.03.17 16:09:29.986,9.19388,9.19667,1.19,1.00
2015.03.17 16:09:32.214,9.19398,9.19667,1.19,1.00
2015.03.17 16:09:32.687,9.19388,9.1967,1.94,1.00
2015.03.17 16:09:34.136,9.19386,9.1967,2.44,1.00
2015.03.17 16:09:34.187,9.19386,9.19634,1.69,1.00
2015.03.17 16:09:34.717,9.19386,9.19613,1.69,1.00
2015.03.17 16:09:35.381,9.19386,9.19627,1.69,1.00
2015.03.17 16:09:35.684,9.19386,9.19614,1.69,1.00
2015.03.17 16:09:36.528,9.19386,9.19614,1.69,1.00
2015.03.17 16:09:38.278,9.19346,9.19599,1.19,1.00
2015.03.17 16:09:38.635,9.19346,9.19599,1.19,1.00
2015.03.17 16:09:40.666,9.19356,9.19599,1.31,1.00
2015.03.17 16:09:42.815,9.19314,9.19578,1.94,1.00
2015.03.17 16:09:44.557,9.19314,9.19578,1.94,1.00
2015.03.17 16:09:45.104,9.19314,9.19595,1.94,1.00
2015.03.17 16:09:45.917,9.19314,9.1958,1.69,1.00
2015.03.17 16:09:47.165,9.19314,9.1958,1.56,1.00
2015.03.17 16:09:48.718,9.19293,9.19565,1.94,1.00
2015.03.17 16:09:49.124,9.19293,9.19546,1.19,1.00
2015.03.17 16:09:49.175,9.19293,9.19546,1.19,1.00
2015.03.17 16:09:49.428,9.19286,9.19522,1.69,1.00
2015.03.17 16:09:49.891,9.19286,9.19528,1.69,1.00
2015.03.17 16:09:49.942,9.19286,9.19541,1.69,1.00
2015.03.17 16:09:50.429,9.19286,9.19554,1.69,1.00
2015.03.17 16:09:51.227,9.19286,9.19554,1.69,1.00
2015.03.17 16:09:51.900,9.19247,9.19537,1.19,1.00
2015.03.17 16:09:52.204,9.19247,9.19537,1.19,1.00
2015.03.17 16:09:52.255,9.19226,9.19524,1.19,1.00
2015.03.17 16:09:52.558,9.1922,9.19518,1.19,1.00
2015.03.17 16:09:53.083,9.19219,9.19517,1.19,1.00
2015.03.17 16:09:53.387,9.19217,9.19499,1.19,1.00
2015.03.17 16:09:53.714,9.19217,9.19483,1.19,1.00
2015.03.17 16:09:53.821,9.19196,9.19452,1.69,1.00
2015.03.17 16:09:54.125,9.19196,9.19436,1.69,1.00
2015.03.17 16:09:54.625,9.19196,9.19436,1.69,1.00
2015.03.17 16:09:55.147,9.19158,9.19423,1.19,1.00
2015.03.17 16:09:57.412,9.19216,9.19423,1.19,1.00
2015.03.17 16:09:57.746,9.19216,9.19436,1.19,1.00
2015.03.17 16:09:58.473,9.19123,9.19421,1.94,1.00
2015.03.17 16:09:58.676,9.19136,9.19434,1.56,1.00
2015.03.17 16:09:59.514,9.19136,9.19434,1.94,1.00
2015.03.17 16:10:00.139,9.19129,9.19427,1.19,1.00
2015.03.17 16:10:00.759,9.19127,9.19425,1.19,1.00
2015.03.17 16:10:00.964,9.1914,9.19438,1.94,1.00
2015.03.17 16:10:01.065,9.19121,9.19419,1.94,1.00
2015.03.17 16:10:01.167,9.19135,9.19433,1.94,1.00
2015.03.17 16:10:01.670,9.19135,9.19433,1.94,1.00
2015.03.17 16:10:01.963,9.19148,9.19446,1.94,1.00
2015.03.17 16:10:02.455,9.19148,9.19446,1.94,1.00
2015.03.17 16:10:03.475,9.19148,9.19446,1.94,1.00
2015.03.17 16:10:06.049,9.19148,9.19446,1.94,1.00
2015.03.17 16:10:06.783,9.19137,9.19435,1.94,1.00
2015.03.17 16:10:07.873,9.19137,9.19435,1.94,1.00
2015.03.17 16:10:07.974,9.19108,9.19406,1.94,1.00
2015.03.17 16:10:08.379,9.19108,9.19406,1.19,1.00
2015.03.17 16:10:08.481,9.1908,9.19378,1.19,1.00
2015.03.17 16:10:08.684,9.19076,9.19344,1.69,1.00
2015.03.17 16:10:09.686,9.19076,9.19361,1.69,1.00
2015.03.17 16:10:09.944,9.19076,9.19345,1.69,1.00
2015.03.17 16:10:10.258,9.19076,9.19326,1.69,1.00
2015.03.17 16:10:10.364,9.19076,9.19326,1.69,1.00
2015.03.17 16:10:10.465,9.19076,9.19305,1.69,1.00
2015.03.17 16:10:12.997,9.19008,9.19305,1.94,1.00
2015.03.17 16:10:14.626,9.19016,9.19265,1.94,1.00
2015.03.17 16:10:14.727,9.19016,9.1926,1.00,1.00
2015.03.17 16:10:14.778,9.19016,9.19247,1.00,1.00
2015.03.17 16:10:15.032,9.18996,9.19247,1.19,1.00
2015.03.17 16:10:15.295,9.18986,9.19224,2.44,1.00
2015.03.17 16:10:15.626,9.18986,9.19224,1.50,1.00
2015.03.17 16:10:15.779,9.18986,9.19198,1.50,1.00
2015.03.17 16:10:16.099,9.18986,9.19179,1.50,1.00
2015.03.17 16:10:16.723,9.18886,9.19179,1.69,1.00
2015.03.17 16:10:16.879,9.18888,9.19159,1.19,1.00
2015.03.17 16:10:18.232,9.18888,9.19159,1.19,1.00
2015.03.17 16:10:18.718,9.18915,9.19159,1.19,1.00
2015.03.17 16:10:18.819,9.18915,9.1914,1.19,1.00
2015.03.17 16:10:21.374,9.18908,9.1914,1.19,1.00
2015.03.17 16:10:23.037,9.18908,9.1914,1.19,1.00
2015.03.17 16:10:23.734,9.18908,9.19127,1.19,1.00
2015.03.17 16:10:27.474,9.18906,9.19056,1.19,1.00
2015.03.17 16:10:27.524,9.18876,9.19041,1.25,1.00
2015.03.17 16:10:27.980,9.18816,9.19058,1.19,1.00
2015.03.17 16:10:28.082,9.18816,9.19073,1.19,1.00
2015.03.17 16:10:28.284,9.18776,9.19056,2.44,1.00
2015.03.17 16:10:28.588,9.18776,9.19043,2.44,1.00
2015.03.17 16:10:28.639,9.18776,9.19057,2.44,1.00
2015.03.17 16:10:29.364,9.18776,9.19057,2.44,1.00
2015.03.17 16:10:29.465,9.18776,9.1904,2.44,1.00
2015.03.17 16:10:30.165,9.18776,9.19009,2.44,1.00
2015.03.17 16:10:30.367,9.18776,9.19009,2.44,1.00
2015.03.17 16:10:30.865,9.18776,9.18994,2.44,1.00
2015.03.17 16:10:31.365,9.18776,9.18994,1.69,1.00
2015.03.17 16:10:33.508,9.18776,9.18994,1.69,1.00
2015.03.17 16:10:34.185,9.18776,9.18994,1.50,1.00
2015.03.17 16:10:34.236,9.18776,9.18964,1.50,1.00
2015.03.17 16:10:37.235,9.18776,9.18964,1.69,1.00
2015.03.17 16:10:37.641,9.18782,9.1907,1.94,1.00
2015.03.17 16:10:37.692,9.18802,9.191,1.19,1.00
2015.03.17 16:10:37.743,9.18831,9.191,1.19,1.00
2015.03.17 16:10:37.795,9.18851,9.19149,1.19,1.00
2015.03.17 16:10:39.196,9.18882,9.1918,1.19,1.00
2015.03.17 16:10:40.665,9.18986,9.19214,1.69,1.00
2015.03.17 16:10:40.716,9.18986,9.19264,1.69,1.00
2015.03.17 16:10:40.767,9.18986,9.1928,1.69,1.00
2015.03.17 16:10:41.422,9.19014,9.19314,1.31,1.50
2015.03.17 16:10:41.523,9.19014,9.19314,1.94,1.00
2015.03.17 16:10:41.684,9.1903,9.19328,1.19,1.00
2015.03.17 16:10:41.890,9.19056,9.19348,1.19,1.00
2015.03.17 16:10:41.941,9.19056,9.19354,1.19,1.00
2015.03.17 16:10:42.104,9.19069,9.19367,1.19,1.00
2015.03.17 16:10:42.205,9.19128,9.19387,1.19,1.00
2015.03.17 16:10:42.257,9.19128,9.19426,1.19,1.00
2015.03.17 16:10:42.308,9.19141,9.19439,1.19,1.00
2015.03.17 16:10:42.561,9.19141,9.19439,1.26,1.00
2015.03.17 16:10:42.612,9.1916,9.19458,1.19,1.00
2015.03.17 16:10:43.222,9.19174,9.19472,1.19,1.00
2015.03.17 16:10:43.380,9.19188,9.19486,1.19,1.00
2015.03.17 16:10:43.685,9.19213,9.19506,1.19,1.00
2015.03.17 16:10:43.736,9.19213,9.19511,1.19,1.00
2015.03.17 16:10:43.888,9.19246,9.19525,1.69,1.00
2015.03.17 16:10:44.732,9.19246,9.19543,1.69,1.00
2015.03.17 16:10:45.318,9.19258,9.19556,1.19,1.00
2015.03.17 16:10:45.931,9.19258,9.19556,1.19,1.00
2015.03.17 16:10:46.409,9.19271,9.19569,1.19,1.00
2015.03.17 16:10:47.090,9.19271,9.19569,1.94,1.00
2015.03.17 16:10:47.140,9.19286,9.19584,1.19,1.00
2015.03.17 16:10:47.191,9.19334,9.19604,1.00,1.00
2015.03.17 16:10:47.242,9.19334,9.19604,1.19,1.00
2015.03.17 16:10:47.293,9.19334,9.19632,1.19,1.00
2015.03.17 16:10:47.799,9.19356,9.19653,1.69,1.50
2015.03.17 16:10:48.052,9.19356,9.19653,1.69,1.00
2015.03.17 16:10:48.394,9.19356,9.19653,2.44,1.00
2015.03.17 16:10:48.495,9.19415,9.19694,1.94,1.00
2015.03.17 16:10:48.648,9.19504,9.19684,1.19,1.00
2015.03.17 16:10:48.901,9.19471,9.19654,1.19,1.00
2015.03.17 16:10:49.002,9.19456,9.19654,1.50,1.00
2015.03.17 16:10:49.205,9.19366,9.19654,1.69,1.00
2015.03.17 16:10:49.983,9.19398,9.19696,1.19,1.00
2015.03.17 16:10:51.643,9.19398,9.19696,1.19,1.00
2015.03.17 16:10:51.938,9.19426,9.19714,1.19,1.00
2015.03.17 16:10:52.475,9.19439,9.19714,1.19,1.00
2015.03.17 16:10:55.436,9.19476,9.19724,1.19,1.00
2015.03.17 16:10:55.774,9.1947,9.19714,1.19,1.00
2015.03.17 16:10:56.121,9.1947,9.19664,1.19,1.00
2015.03.17 16:10:56.172,9.1947,9.19664,1.19,1.00
2015.03.17 16:10:56.916,9.19446,9.19654,1.19,1.00
2015.03.17 16:10:57.223,9.19435,9.19594,1.19,1.00
2015.03.17 16:10:58.661,9.19406,9.19554,1.19,1.00
2015.03.17 16:10:58.713,9.19406,9.19554,1.00,1.00
2015.03.17 16:10:58.815,9.19386,9.19554,1.19,1.00
2015.03.17 16:10:58.866,9.19386,9.19565,1.19,1.00
2015.03.17 16:10:59.607,9.19416,9.19565,1.00,1.00
2015.03.17 16:10:59.658,9.19416,9.19664,1.00,1.00
2015.03.17 16:10:59.709,9.19416,9.19664,1.19,1.00
2015.03.17 16:11:00.035,9.19406,9.19654,1.19,1.00
2015.03.17 16:11:00.345,9.19425,9.19644,1.19,1.00
2015.03.17 16:11:02.164,9.19425,9.19644,1.19,1.00
2015.03.17 16:11:03.899,9.19406,9.19644,1.19,1.00
2015.03.17 16:11:03.949,9.19406,9.19594,1.19,1.00
2015.03.17 16:11:04.811,9.19406,9.19584,1.19,1.00
2015.03.17 16:11:04.963,9.19348,9.19524,1.00,1.00
2015.03.17 16:11:05.014,9.19317,9.19524,1.19,1.00
2015.03.17 16:11:07.425,9.19315,9.19524,1.19,1.00
2015.03.17 16:11:10.259,9.19315,9.19524,1.19,1.00
2015.03.17 16:11:10.632,9.19315,9.19514,1.19,1.00
2015.03.17 16:11:10.946,9.19326,9.19514,1.00,1.00
2015.03.17 16:11:11.678,9.19336,9.19514,1.00,1.00
2015.03.17 16:11:11.729,9.19336,9.19524,1.00,1.00
2015.03.17 16:11:11.792,9.19326,9.19524,1.00,1.00
2015.03.17 16:11:12.144,9.19315,9.19524,1.19,1.00
2015.03.17 16:11:12.393,9.19315,9.19514,1.19,1.00
2015.03.17 16:11:13.153,9.19326,9.19514,1.00,1.00
2015.03.17 16:11:13.484,9.19336,9.19524,1.00,1.00
2015.03.17 16:11:13.593,9.19315,9.19524,1.69,1.00
2015.03.17 16:11:13.644,9.19315,9.19524,1.69,1.00
2015.03.17 16:11:14.740,9.19315,9.19514,1.19,1.00
2015.03.17 16:11:15.637,9.19315,9.19514,1.00,1.00
2015.03.17 16:11:15.688,9.19326,9.19514,1.00,1.00
2015.03.17 16:11:16.633,9.19315,9.19514,1.00,1.00
2015.03.17 16:11:19.498,9.19234,9.19494,1.00,1.19
2015.03.17 16:11:19.549,9.19196,9.19494,1.19,1.19
2015.03.17 16:11:19.600,9.19186,9.19478,1.19,1.00
2015.03.17 16:11:20.208,9.19167,9.19465,1.19,1.00
2015.03.17 16:11:20.589,9.19166,9.19452,1.19,1.00
2015.03.17 16:11:20.690,9.19166,9.19452,1.19,1.19
2015.03.17 16:11:20.897,9.19136,9.19434,1.00,1.19
2015.03.17 16:11:21.404,9.19135,9.19416,1.50,1.19
2015.03.17 16:11:22.555,9.1914,9.19416,1.00,1.19
2015.03.17 16:11:23.293,9.19146,9.19416,1.00,1.19
2015.03.17 16:11:24.656,9.1914,9.19416,1.19,1.00
2015.03.17 16:11:25.363,9.1914,9.19416,1.19,1.00
2015.03.17 16:11:27.145,9.1914,9.19403,1.19,1.00
2015.03.17 16:11:27.406,9.1914,9.19403,1.19,1.00
2015.03.17 16:11:27.624,9.19156,9.19403,1.00,1.00
2015.03.17 16:11:27.827,9.19146,9.19403,1.00,1.00
2015.03.17 16:11:35.065,9.19155,9.19403,1.00,1.00
2015.03.17 16:11:35.420,9.19146,9.19403,1.00,1.00
2015.03.17 16:11:36.295,9.19146,9.19403,1.19,1.00
2015.03.17 16:11:37.341,9.19146,9.19401,1.19,1.00
2015.03.17 16:11:39.389,9.19146,9.19401,1.00,1.00
2015.03.17 16:11:41.841,9.19146,9.19414,1.00,1.25
2015.03.17 16:11:42.314,9.19146,9.19414,1.00,1.19
2015.03.17 16:11:48.734,9.19146,9.19414,1.00,1.19
2015.03.17 16:11:50.058,9.19146,9.194,1.00,1.00
2015.03.17 16:11:50.988,9.19146,9.19395,1.00,1.00
2015.03.17 16:11:52.133,9.19166,9.19395,1.00,1.00
2015.03.17 16:11:52.454,9.19176,9.19395,1.00,1.00
2015.03.17 16:11:52.797,9.19176,9.19384,1.00,1.00
2015.03.17 16:11:54.250,9.19186,9.19374,1.00,1.00
2015.03.17 16:11:54.873,9.19196,9.19374,1.00,1.00
2015.03.17 16:11:55.084,9.19176,9.19374,1.00,1.00
2015.03.17 16:11:55.187,9.19176,9.19385,1.00,1.00
2015.03.17 16:11:55.342,9.19186,9.19385,1.00,1.00
2015.03.17 16:11:55.743,9.19186,9.19374,1.00,1.00
2015.03.17 16:11:56.116,9.19175,9.19374,1.00,1.00
2015.03.17 16:11:56.324,9.19186,9.19374,1.00,1.00
2015.03.17 16:11:56.843,9.19166,9.19374,1.00,1.00
2015.03.17 16:11:56.944,9.19166,9.19364,1.00,1.00
2015.03.17 16:11:58.095,9.19176,9.19364,1.00,1.00
2015.03.17 16:11:58.367,9.19176,9.19374,1.00,1.00
2015.03.17 16:11:58.418,9.19186,9.19374,1.00,1.00
2015.03.17 16:11:58.601,9.19176,9.19374,1.00,1.00
2015.03.17 16:11:58.731,9.19176,9.19364,1.00,1.00
2015.03.17 16:11:59.635,9.19186,9.19364,1.00,1.00
2015.03.17 16:11:59.686,9.19186,9.19374,1.00,1.00
2015.03.17 16:12:00.381,9.19176,9.19364,1.00,1.00
2015.03.17 16:12:01.484,9.19176,9.19374,1.00,1.00
2015.03.17 16:12:02.383,9.19146,9.19374,1.00,1.00
2015.03.17 16:12:02.434,9.19146,9.19396,1.00,1.00
2015.03.17 16:12:02.594,9.19156,9.19396,1.00,1.00
2015.03.17 16:12:03.614,9.19168,9.19396,1.00,1.00
2015.03.17 16:12:08.824,9.19188,9.19413,1.00,1.00
2015.03.17 16:12:09.128,9.19275,9.19494,1.75,1.00
2015.03.17 16:12:09.330,9.1916,9.19434,1.19,1.00
2015.03.17 16:12:09.381,9.19156,9.19424,1.19,1.00
2015.03.17 16:12:10.707,9.19178,9.19444,1.19,1.00
2015.03.17 16:12:11.346,9.19178,9.19434,1.19,1.00
2015.03.17 16:12:11.632,9.19186,9.19434,1.19,1.00
2015.03.17 16:12:12.447,9.19178,9.19444,1.19,1.00
2015.03.17 16:12:13.145,9.19178,9.19434,1.19,1.00
2015.03.17 16:12:13.612,9.19178,9.19434,1.19,1.00
2015.03.17 16:12:14.092,9.19178,9.19444,1.19,1.00
2015.03.17 16:12:14.463,9.19178,9.19434,1.19,1.00
2015.03.17 16:12:14.791,9.19178,9.19424,1.19,1.00
2015.03.17 16:12:15.638,9.19178,9.19424,1.19,1.00
2015.03.17 16:12:17.865,9.19178,9.19394,1.19,1.50
2015.03.17 16:12:18.421,9.19178,9.19424,1.19,1.00
2015.03.17 16:12:18.678,9.19178,9.19424,1.19,1.00
2015.03.17 16:12:20.637,9.19178,9.19424,1.00,1.00
2015.03.17 16:12:21.212,9.19178,9.19419,1.00,1.00
2015.03.17 16:12:21.515,9.19178,9.19403,1.00,1.00
2015.03.17 16:12:23.209,9.19178,9.19403,1.19,1.00
2015.03.17 16:12:24.554,9.19178,9.19403,1.00,1.00
2015.03.17 16:12:24.656,9.19126,9.19403,1.50,1.19
2015.03.17 16:12:25.092,9.19126,9.19372,1.50,1.00
2015.03.17 16:12:25.416,9.19039,9.19337,1.19,1.00
2015.03.17 16:12:27.004,9.19039,9.19337,1.19,1.00
2015.03.17 16:12:27.412,9.19046,9.19304,1.00,1.00
2015.03.17 16:12:27.463,9.19046,9.19287,1.00,1.00
2015.03.17 16:12:27.778,9.19036,9.19267,2.44,1.00
2015.03.17 16:12:27.982,9.19036,9.19267,1.50,1.00
2015.03.17 16:12:28.033,9.19036,9.1925,1.50,1.00
2015.03.17 16:12:28.546,9.18952,9.1925,1.19,1.00
2015.03.17 16:12:28.597,9.18939,9.19237,1.19,1.00
2015.03.17 16:12:28.903,9.18906,9.19197,1.69,1.00
2015.03.17 16:12:29.183,9.18906,9.19197,1.69,1.00
2015.03.17 16:12:29.234,9.18906,9.19179,1.69,1.00
2015.03.17 16:12:30.202,9.18906,9.19162,1.69,1.00
2015.03.17 16:12:30.303,9.18906,9.19162,1.69,1.00
2015.03.17 16:12:30.506,9.18906,9.19142,2.44,1.00
2015.03.17 16:12:32.923,9.18906,9.19142,1.69,1.00
2015.03.17 16:12:34.922,9.18906,9.19142,1.50,1.00
2015.03.17 16:12:47.878,9.18906,9.19064,1.50,1.00
2015.03.17 16:12:48.193,9.18936,9.19064,1.00,1.00
2015.03.17 16:12:48.851,9.18916,9.19064,1.00,1.00
2015.03.17 16:12:49.841,9.18916,9.19064,1.19,1.00
2015.03.17 16:12:50.157,9.18912,9.19064,1.19,1.00
2015.03.17 16:12:50.208,9.18914,9.19174,1.19,1.00
2015.03.17 16:12:52.219,9.18967,9.19174,1.00,1.00
2015.03.17 16:12:52.539,9.18967,9.19174,1.19,1.00
2015.03.17 16:12:53.894,9.18934,9.19174,1.94,1.00
2015.03.17 16:12:53.945,9.18998,9.19253,1.94,1.00
2015.03.17 16:12:54.047,9.19006,9.19296,2.44,1.00
2015.03.17 16:12:55.383,9.19033,9.19316,1.19,1.00
2015.03.17 16:12:55.434,9.19033,9.19331,1.19,1.19
2015.03.17 16:12:55.690,9.19046,9.19304,1.19,1.00
2015.03.17 16:12:56.008,9.19059,9.19304,1.19,1.00
2015.03.17 16:12:56.670,9.19093,9.19294,1.00,1.00
2015.03.17 16:12:57.031,9.19123,9.19294,1.00,1.00
2015.03.17 16:12:58.132,9.19067,9.19365,1.94,1.00
2015.03.17 16:12:58.183,9.19067,9.19365,1.94,1.00
2015.03.17 16:12:58.285,9.19093,9.19391,1.19,1.00
2015.03.17 16:12:58.830,9.19106,9.19404,1.19,1.75
2015.03.17 16:12:59.366,9.19106,9.19404,1.19,1.75
2015.03.17 16:12:59.467,9.19106,9.19404,1.94,1.00
2015.03.17 16:12:59.518,9.19106,9.19404,1.19,1.75
2015.03.17 16:13:00.205,9.19138,9.19395,1.00,1.37
2015.03.17 16:13:00.908,9.19138,9.19395,1.00,1.75
2015.03.17 16:13:01.587,9.19141,9.19411,1.00,1.94
2015.03.17 16:13:01.825,9.19141,9.19411,1.00,1.19
2015.03.17 16:13:01.880,9.19167,9.19439,1.00,1.19
2015.03.17 16:13:02.184,9.19198,9.19444,1.00,1.19
2015.03.17 16:13:03.173,9.192,9.19444,1.00,1.19
2015.03.17 16:13:04.379,9.192,9.19444,1.00,1.00
2015.03.17 16:13:04.766,9.192,9.19444,1.75,1.00
2015.03.17 16:13:05.043,9.192,9.19444,1.00,1.00
2015.03.17 16:13:05.145,9.192,9.19434,1.00,1.00
2015.03.17 16:13:05.353,9.19168,9.19421,1.19,1.00
2015.03.17 16:13:05.404,9.19146,9.19421,2.86,1.00
2015.03.17 16:13:06.623,9.19146,9.19421,2.25,1.75
2015.03.17 16:13:07.128,9.19146,9.19403,1.87,1.00
2015.03.17 16:13:07.432,9.19146,9.19404,2.25,1.50
2015.03.17 16:13:07.744,9.19146,9.19404,2.25,1.50
2015.03.17 16:13:07.897,9.19146,9.19404,1.50,1.50
2015.03.17 16:13:08.511,9.19146,9.19404,1.50,1.87
2015.03.17 16:13:09.141,9.19196,9.19404,1.00,1.37
2015.03.17 16:13:09.192,9.19179,9.19404,1.00,1.37
2015.03.17 16:13:09.496,9.19159,9.19404,1.00,1.37
2015.03.17 16:13:10.516,9.19173,9.19463,1.00,1.94
2015.03.17 16:13:15.121,9.19173,9.19463,1.00,1.94
2015.03.17 16:13:18.331,9.19186,9.19463,1.75,1.19
2015.03.17 16:13:18.634,9.19202,9.19463,1.75,1.19
2015.03.17 16:13:18.937,9.19202,9.19463,1.75,1.19
2015.03.17 16:13:19.250,9.19214,9.19491,1.75,1.19
2015.03.17 16:13:19.426,9.19214,9.19491,1.75,1.19
2015.03.17 16:13:19.631,9.19214,9.19491,1.75,1.19
2015.03.17 16:13:21.093,9.19269,9.19491,1.00,1.00
2015.03.17 16:13:21.341,9.19269,9.19504,1.00,1.19
2015.03.17 16:13:21.442,9.19295,9.19573,1.75,1.19
2015.03.17 16:13:21.544,9.19324,9.19591,1.75,1.19
2015.03.17 16:13:21.645,9.19324,9.19608,1.75,1.19
2015.03.17 16:13:21.948,9.19324,9.19608,1.75,1.19
2015.03.17 16:13:22.262,9.19355,9.19624,1.00,1.19
2015.03.17 16:13:22.593,9.19376,9.19643,1.50,1.19
2015.03.17 16:13:23.753,9.19376,9.19629,1.50,1.19
2015.03.17 16:13:23.855,9.19376,9.19484,1.50,1.00
2015.03.17 16:13:24.108,9.19278,9.19484,1.00,1.00
2015.03.17 16:13:24.209,9.19218,9.19484,1.00,1.19
2015.03.17 16:13:26.576,9.19218,9.19484,1.00,1.19
2015.03.17 16:13:28.585,9.19218,9.19484,1.00,1.19
2015.03.17 16:13:30.598,9.19218,9.19484,1.00,1.19
2015.03.17 16:13:33.370,9.19218,9.19484,1.00,1.19
2015.03.17 16:13:35.605,9.19227,9.19484,1.00,1.19
2015.03.17 16:13:36.234,9.1924,9.19484,1.00,1.19
2015.03.17 16:13:36.933,9.19227,9.19484,1.00,1.19
2015.03.17 16:13:37.600,9.19227,9.19484,1.00,1.19
2015.03.17 16:13:39.392,9.19227,9.19484,1.00,1.19
2015.03.17 16:13:40.142,9.19223,9.19484,1.00,1.19
2015.03.17 16:13:41.404,9.19223,9.19484,1.00,1.19
2015.03.17 16:13:43.746,9.19223,9.19484,1.00,1.19
2015.03.17 16:13:43.854,9.19226,9.19484,1.00,1.19
2015.03.17 16:13:44.758,9.19224,9.19484,1.00,1.19
2015.03.17 16:13:45.432,9.19224,9.19484,1.00,1.00
2015.03.17 16:13:51.673,9.19226,9.19484,1.00,1.00
2015.03.17 16:13:56.387,9.19226,9.19484,1.00,1.19
2015.03.17 16:13:57.149,9.19213,9.19484,1.50,1.19
2015.03.17 16:13:58.370,9.19213,9.19484,1.50,1.19
2015.03.17 16:14:00.355,9.19213,9.19484,1.50,1.19
2015.03.17 16:14:00.699,9.19239,9.19494,1.00,1.19
2015.03.17 16:14:02.343,9.19258,9.19494,1.00,1.19
2015.03.17 16:14:02.771,9.19258,9.19494,1.00,1.00
2015.03.17 16:14:03.110,9.19266,9.19504,1.00,1.19
2015.03.17 16:14:03.212,9.19272,9.19531,1.00,1.00
2015.03.17 16:14:04.524,9.19303,9.19531,1.00,1.00
2015.03.17 16:14:06.797,9.19303,9.19531,1.00,1.75
2015.03.17 16:14:06.848,9.19272,9.19531,1.00,1.75
2015.03.17 16:14:06.898,9.19254,9.19484,1.00,1.19
2015.03.17 16:14:07.000,9.19223,9.19484,1.00,1.19
2015.03.17 16:14:07.101,9.19223,9.19484,1.00,1.19
2015.03.17 16:14:07.152,9.19206,9.19477,1.50,1.19
2015.03.17 16:14:09.223,9.19206,9.19456,1.50,1.19
2015.03.17 16:14:09.743,9.19206,9.19431,1.50,1.00
2015.03.17 16:14:10.104,9.19148,9.19431,1.19,1.00
2015.03.17 16:14:11.541,9.19148,9.19431,1.00,1.19
2015.03.17 16:14:13.338,9.1916,9.19428,1.00,1.00
2015.03.17 16:14:13.389,9.19231,9.19428,1.00,1.00
2015.03.17 16:14:13.440,9.19231,9.19464,1.00,1.00
2015.03.17 16:14:13.491,9.19256,9.19486,1.00,1.00
2015.03.17 16:14:13.541,9.19256,9.19514,1.00,2.44
2015.03.17 16:14:13.643,9.19256,9.19514,1.00,2.44
2015.03.17 16:14:13.694,9.19234,9.19464,1.00,1.19
2015.03.17 16:14:13.745,9.19218,9.19464,1.00,1.25
2015.03.17 16:14:13.795,9.19218,9.19447,1.00,1.00
2015.03.17 16:14:13.897,9.19129,9.19427,1.50,1.19
2015.03.17 16:14:14.614,9.19129,9.19427,1.87,1.19
2015.03.17 16:14:14.715,9.19129,9.19427,1.50,1.19
2015.03.17 16:14:16.833,9.19129,9.19421,1.87,1.19
2015.03.17 16:14:16.934,9.19138,9.19427,1.00,1.19
2015.03.17 16:14:17.092,9.19129,9.19427,2.25,1.19
2015.03.17 16:14:17.143,9.19129,9.19427,2.25,1.19
2015.03.17 16:14:17.476,9.19148,9.19427,1.00,1.19
2015.03.17 16:14:18.379,9.19148,9.19437,1.19,1.19
2015.03.17 16:14:20.335,9.19142,9.19438,1.00,1.19
2015.03.17 16:14:22.451,9.19142,9.19438,1.19,1.19
2015.03.17 16:14:22.502,9.19167,9.19438,1.00,1.19
2015.03.17 16:14:23.342,9.19141,9.19438,1.19,1.19
2015.03.17 16:14:24.252,9.19156,9.19439,1.00,1.19
2015.03.17 16:14:24.562,9.19156,9.19439,1.00,1.19
2015.03.17 16:14:27.374,9.19156,9.19439,1.00,1.19
2015.03.17 16:14:28.972,9.1917,9.19439,1.00,1.19
2015.03.17 16:14:31.254,9.1917,9.19441,1.00,1.19
2015.03.17 16:14:32.089,9.1917,9.19441,1.00,1.19
2015.03.17 16:14:34.414,9.1917,9.19441,1.00,1.19
2015.03.17 16:14:34.465,9.19183,9.19441,1.00,1.19
2015.03.17 16:14:35.387,9.19196,9.19441,1.00,1.19
2015.03.17 16:14:35.978,9.19208,9.19441,1.00,1.19
2015.03.17 16:14:36.079,9.19195,9.19441,1.00,1.19
2015.03.17 16:14:36.670,9.19212,9.19441,1.00,1.19
2015.03.17 16:14:37.186,9.19212,9.19441,1.00,1.00
2015.03.17 16:14:40.436,9.19246,9.1951,1.00,1.00
2015.03.17 16:14:40.487,9.19253,9.19517,1.00,1.94
2015.03.17 16:14:40.834,9.19253,9.19517,1.00,1.94
2015.03.17 16:14:41.686,9.1924,9.19514,1.00,2.00
2015.03.17 16:14:41.784,9.1924,9.19514,1.00,1.25
2015.03.17 16:14:41.886,9.19254,9.19514,1.00,1.25
2015.03.17 16:14:42.622,9.19278,9.19514,1.00,1.00
2015.03.17 16:14:45.776,9.19278,9.19514,1.00,1.75
2015.03.17 16:14:50.815,9.19278,9.19514,1.00,1.25
2015.03.17 16:14:52.097,9.19277,9.19514,1.00,1.25
2015.03.17 16:14:52.148,9.19297,9.19514,1.00,1.25
2015.03.17 16:14:52.249,9.19297,9.19564,1.00,1.64
2015.03.17 16:14:52.320,9.19297,9.19554,1.00,1.01
2015.03.17 16:14:52.802,9.19297,9.19564,1.00,1.94
2015.03.17 16:14:52.853,9.19297,9.19564,1.00,1.19
2015.03.17 16:14:52.903,9.19299,9.19564,1.00,1.19
2015.03.17 16:14:53.207,9.19266,9.19515,1.19,1.00
2015.03.17 16:14:53.410,9.19278,9.19524,1.00,1.00
2015.03.17 16:14:54.342,9.19278,9.19524,1.00,1.37
2015.03.17 16:14:54.393,9.19278,9.19514,1.00,1.00
2015.03.17 16:14:57.859,9.1928,9.19514,1.00,1.00
2015.03.17 16:14:57.909,9.1928,9.19544,1.00,1.19
2015.03.17 16:14:57.960,9.19302,9.19544,1.00,1.19
2015.03.17 16:15:00.362,9.19302,9.19544,1.00,2.00
2015.03.17 16:15:06.859,9.19302,9.19544,1.00,1.94
2015.03.17 16:15:09.649,9.19302,9.19544,1.00,1.94
2015.03.17 16:15:15.181,9.19302,9.19544,1.00,1.94
2015.03.17 16:15:19.190,9.19302,9.19544,1.00,1.94
2015.03.17 16:15:22.835,9.19302,9.19544,1.25,1.00
2015.03.17 16:15:22.886,9.19316,9.19564,1.00,1.00
2015.03.17 16:15:22.937,9.19316,9.19577,1.19,1.00
2015.03.17 16:15:23.038,9.19346,9.19636,2.25,1.00
2015.03.17 16:15:23.140,9.19358,9.19654,1.94,1.00
2015.03.17 16:15:23.912,9.19406,9.19684,1.00,1.19
2015.03.17 16:15:24.410,9.19406,9.19686,1.19,1.00
2015.03.17 16:15:24.461,9.19406,9.197,1.69,1.00
2015.03.17 16:15:24.563,9.19436,9.19714,1.00,1.19
2015.03.17 16:15:25.743,9.19458,9.19741,1.00,1.19
2015.03.17 16:15:26.250,9.19461,9.19756,1.00,1.19
2015.03.17 16:15:26.351,9.19474,9.19771,1.00,1.19
2015.03.17 16:15:26.632,9.19493,9.19766,1.00,1.19
2015.03.17 16:15:29.244,9.19534,9.19804,1.50,1.69
2015.03.17 16:15:29.548,9.1955,9.19814,1.00,1.56
2015.03.17 16:15:29.939,9.19579,9.19814,1.00,1.19
2015.03.17 16:15:30.254,9.19601,9.19814,1.00,1.19
2015.03.17 16:15:30.833,9.1962,9.19814,1.00,1.19
2015.03.17 16:15:31.403,9.1962,9.19814,1.00,1.19
2015.03.17 16:15:31.732,9.19641,9.19814,1.00,1.19
2015.03.17 16:15:32.049,9.19668,9.19814,1.00,1.19
2015.03.17 16:15:32.122,9.19609,9.19814,1.00,1.19
2015.03.17 16:15:32.562,9.19667,9.19814,1.00,1.19
2015.03.17 16:15:33.098,9.19667,9.19814,1.00,1.19
2015.03.17 16:15:33.599,9.19656,9.19814,1.00,1.19
2015.03.17 16:15:34.004,9.19556,9.19834,1.00,1.69
2015.03.17 16:15:35.218,9.19566,9.19834,1.00,1.69
2015.03.17 16:15:35.533,9.19617,9.19843,1.00,1.19
2015.03.17 16:15:35.684,9.19617,9.19834,1.00,1.19
2015.03.17 16:15:36.021,9.19639,9.19834,1.00,1.19
2015.03.17 16:15:36.341,9.19566,9.19834,1.00,1.19
2015.03.17 16:15:36.443,9.19536,9.19804,1.50,1.19
2015.03.17 16:15:36.747,9.19494,9.19782,1.00,1.94
2015.03.17 16:15:36.798,9.19489,9.19765,1.00,1.01
2015.03.17 16:15:36.849,9.19472,9.19705,1.00,1.19
2015.03.17 16:15:36.900,9.19416,9.19626,1.50,1.00
2015.03.17 16:15:37.231,9.19407,9.19569,1.00,1.00
2015.03.17 16:15:37.283,9.19295,9.19562,1.50,1.00
2015.03.17 16:15:37.384,9.19308,9.19569,1.00,1.00
2015.03.17 16:15:37.435,9.19308,9.19597,1.00,1.00
2015.03.17 16:15:37.486,9.19323,9.19597,1.00,1.00
2015.03.17 16:15:37.536,9.19323,9.19621,1.00,1.00
2015.03.17 16:15:37.587,9.1934,9.19625,1.00,1.00
2015.03.17 16:15:38.582,9.19357,9.19625,1.00,1.00
2015.03.17 16:15:39.741,9.19357,9.19651,1.00,1.00
2015.03.17 16:15:39.792,9.1937,9.19651,1.00,1.00
2015.03.17 16:15:40.474,9.19356,9.19651,1.00,1.00
2015.03.17 16:15:45.284,9.19356,9.1965,1.00,1.00
2015.03.17 16:15:45.658,9.1934,9.19635,1.00,1.00
2015.03.17 16:15:46.560,9.19353,9.1965,1.00,1.00
2015.03.17 16:15:48.610,9.19353,9.1965,1.00,1.37
2015.03.17 16:15:50.704,9.19353,9.19651,1.00,1.00
2015.03.17 16:15:58.717,9.19353,9.19651,1.00,1.19
2015.03.17 16:16:00.764,9.19353,9.19651,1.00,1.00
2015.03.17 16:16:07.221,9.19348,9.19643,1.00,1.00
2015.03.17 16:16:09.113,9.19345,9.19643,1.00,1.00
2015.03.17 16:16:09.268,9.19359,9.19654,1.00,1.00
2015.03.17 16:16:09.471,9.19344,9.19642,1.00,1.00
2015.03.17 16:16:12.647,9.19346,9.19644,1.00,1.00
2015.03.17 16:16:12.950,9.19359,9.19655,1.00,1.00
2015.03.17 16:16:13.298,9.19345,9.19643,1.00,1.00
2015.03.17 16:16:19.837,9.19336,9.1963,1.00,1.00
2015.03.17 16:16:21.754,9.19392,9.19658,1.00,1.00
2015.03.17 16:16:22.101,9.19392,9.1966,1.00,1.00
2015.03.17 16:16:22.205,9.19392,9.1966,1.00,1.19
2015.03.17 16:16:22.511,9.19413,9.1966,1.00,1.19
2015.03.17 16:16:22.926,9.19448,9.1966,1.00,1.19
2015.03.17 16:16:23.610,9.19448,9.19676,1.00,1.94
2015.03.17 16:16:23.661,9.19448,9.19676,1.00,1.19
2015.03.17 16:16:25.648,9.19434,9.19701,1.00,1.69
2015.03.17 16:16:25.799,9.19458,9.19701,1.00,1.69
2015.03.17 16:16:25.850,9.19458,9.19701,1.00,1.69
2015.03.17 16:16:27.669,9.19458,9.19701,1.00,2.44
2015.03.17 16:16:27.771,9.19458,9.19701,1.00,1.69
2015.03.17 16:16:27.821,9.19458,9.19701,1.00,1.69
2015.03.17 16:16:28.889,9.19458,9.19669,1.00,1.00
2015.03.17 16:16:29.064,9.1942,9.19687,1.00,1.19
2015.03.17 16:16:29.115,9.19434,9.19687,1.00,1.19
2015.03.17 16:16:29.418,9.19418,9.19687,1.00,1.19
2015.03.17 16:16:29.520,9.19414,9.19687,1.00,1.19
2015.03.17 16:16:29.831,9.19422,9.19687,1.00,1.19
2015.03.17 16:16:30.445,9.19422,9.19687,1.00,1.19
2015.03.17 16:16:32.045,9.1945,9.19687,1.00,1.19
2015.03.17 16:16:32.147,9.19433,9.19687,1.00,1.19
2015.03.17 16:16:32.358,9.19433,9.19667,1.00,1.00
2015.03.17 16:16:32.664,9.19433,9.19667,1.00,1.19
2015.03.17 16:16:34.438,9.19433,9.19667,1.00,1.19
2015.03.17 16:16:34.970,9.19416,9.19667,1.00,1.19
2015.03.17 16:16:36.334,9.19422,9.19667,1.00,1.19
2015.03.17 16:16:36.436,9.19435,9.19695,1.19,1.19
2015.03.17 16:16:36.487,9.19465,9.19724,1.00,1.19
2015.03.17 16:16:36.807,9.19478,9.19729,1.00,1.19
2015.03.17 16:16:38.355,9.19478,9.19729,1.00,1.19
2015.03.17 16:16:41.487,9.19478,9.19734,1.00,1.19
2015.03.17 16:16:43.368,9.19478,9.19737,1.19,1.19
2015.03.17 16:16:45.406,9.19478,9.19737,1.25,1.19
2015.03.17 16:16:50.637,9.19478,9.19737,1.00,1.19
2015.03.17 16:16:51.108,9.19486,9.19737,1.00,1.19
2015.03.17 16:16:51.745,9.19497,9.19737,1.00,1.19
2015.03.17 16:16:52.349,9.19545,9.19737,1.00,1.00
2015.03.17 16:16:52.401,9.19545,9.1976,1.00,1.00
2015.03.17 16:16:52.452,9.19551,9.19804,1.00,1.69
2015.03.17 16:16:52.953,9.19538,9.19804,1.00,1.19
2015.03.17 16:16:53.848,9.19529,9.19794,1.19,1.56
2015.03.17 16:16:54.114,9.19539,9.19802,1.00,1.19
2015.03.17 16:16:54.605,9.19539,9.19802,1.00,1.19
2015.03.17 16:16:56.078,9.19551,9.19802,1.00,1.19
2015.03.17 16:16:57.270,9.19551,9.19794,1.00,1.19
2015.03.17 16:16:59.123,9.19551,9.19802,1.00,1.56
2015.03.17 16:17:01.164,9.19551,9.19802,1.00,1.56
2015.03.17 16:17:03.143,9.19551,9.19802,1.00,1.19
2015.03.17 16:17:06.553,9.19551,9.19784,1.00,1.56
2015.03.17 16:17:06.807,9.19551,9.19794,1.00,1.56
2015.03.17 16:17:07.377,9.19551,9.19793,1.00,1.01
2015.03.17 16:17:07.478,9.19533,9.19793,1.00,1.01
2015.03.17 16:17:07.630,9.19536,9.19793,1.00,1.01
2015.03.17 16:17:08.193,9.19549,9.19802,1.00,1.94
2015.03.17 16:17:09.348,9.19549,9.19802,1.00,1.94
2015.03.17 16:17:13.863,9.19549,9.19802,1.00,1.94
2015.03.17 16:17:15.897,9.19549,9.19802,1.00,1.94
2015.03.17 16:17:17.877,9.19549,9.19802,1.00,1.94
2015.03.17 16:17:19.953,9.19549,9.19802,1.00,1.94
2015.03.17 16:17:21.939,9.19549,9.19802,1.00,1.94
2015.03.17 16:17:23.896,9.19549,9.19802,1.00,1.94
2015.03.17 16:17:25.903,9.19549,9.19802,1.00,1.26
2015.03.17 16:17:28.311,9.19549,9.19802,1.00,1.19
2015.03.17 16:17:28.722,9.19552,9.19802,1.00,1.19
2015.03.17 16:17:30.863,9.19552,9.19802,1.00,1.19
2015.03.17 16:17:32.835,9.19552,9.19802,1.00,1.19
2015.03.17 16:17:34.464,9.19556,9.19802,1.00,1.19
2015.03.17 16:17:34.566,9.19552,9.19814,1.00,1.19
2015.03.17 16:17:34.870,9.19552,9.19814,1.00,1.29
2015.03.17 16:17:35.147,9.19549,9.19804,1.00,1.26
2015.03.17 16:17:35.924,9.19556,9.19814,1.00,1.26
2015.03.17 16:17:37.181,9.19556,9.19814,1.00,1.26
2015.03.17 16:17:41.165,9.19556,9.19814,1.00,1.26
2015.03.17 16:17:54.014,9.19549,9.19704,1.00,1.00
2015.03.17 16:18:03.633,9.19551,9.19704,1.00,1.00
2015.03.17 16:18:03.683,9.19551,9.19822,1.00,2.44
2015.03.17 16:18:06.212,9.19551,9.19822,1.00,2.44
2015.03.17 16:18:07.282,9.19551,9.19822,1.00,2.44
2015.03.17 16:18:09.350,9.19556,9.19822,1.00,1.56
2015.03.17 16:18:09.663,9.19566,9.19822,1.00,1.56
2015.03.17 16:18:10.283,9.19566,9.19822,1.00,1.19
2015.03.17 16:18:12.262,9.19566,9.19822,1.00,1.19
2015.03.17 16:18:14.358,9.1958,9.19832,1.00,1.07
2015.03.17 16:18:14.460,9.19598,9.19858,1.00,1.00
2015.03.17 16:18:14.511,9.19598,9.19864,1.00,1.00
2015.03.17 16:18:14.663,9.19598,9.19874,1.37,1.69
2015.03.17 16:18:15.313,9.19598,9.19864,1.00,1.00
2015.03.17 16:18:15.364,9.19604,9.19864,1.00,1.00
2015.03.17 16:18:15.686,9.19578,9.19824,1.00,1.19
2015.03.17 16:18:15.737,9.19556,9.19824,1.50,1.56
2015.03.17 16:18:16.142,9.19576,9.19825,1.00,1.56
2015.03.17 16:18:16.457,9.19586,9.19825,1.00,1.19
2015.03.17 16:18:16.602,9.19563,9.19825,1.19,1.00
2015.03.17 16:18:16.653,9.19596,9.19825,1.50,1.00
2015.03.17 16:18:16.704,9.19596,9.19891,1.69,1.00
2015.03.17 16:18:16.755,9.19659,9.19891,1.00,1.00
2015.03.17 16:18:16.806,9.19659,9.19925,1.00,1.00
2015.03.17 16:18:16.857,9.19677,9.19937,1.00,1.19
2015.03.17 16:18:17.111,9.19696,9.19964,1.00,2.25
2015.03.17 16:18:17.531,9.19696,9.19964,1.00,2.32
2015.03.17 16:18:17.937,9.19696,9.19964,1.00,2.32
2015.03.17 16:18:18.492,9.19696,9.19964,1.00,1.07
2015.03.17 16:18:20.426,9.19756,9.20044,1.00,1.94
2015.03.17 16:18:20.477,9.19756,9.20044,1.00,1.94
2015.03.17 16:18:21.779,9.19771,9.20044,1.00,1.94
2015.03.17 16:18:22.722,9.19771,9.20037,1.19,1.29
2015.03.17 16:18:24.777,9.19787,9.20037,1.00,1.29
2015.03.17 16:18:25.093,9.19787,9.20037,1.00,1.10
2015.03.17 16:18:25.144,9.19826,9.20064,1.00,2.44
2015.03.17 16:18:25.246,9.19826,9.20064,1.25,1.57
2015.03.17 16:18:25.296,9.19833,9.20064,1.00,1.57
2015.03.17 16:18:25.448,9.19833,9.20064,1.00,1.50
2015.03.17 16:18:25.600,9.19833,9.20064,1.19,1.50
2015.03.17 16:18:25.651,9.19842,9.20104,1.00,1.00
2015.03.17 16:18:25.702,9.19876,9.2015,1.19,1.00
2015.03.17 16:18:25.753,9.19908,9.2015,1.00,1.00
2015.03.17 16:18:25.855,9.19908,9.20175,1.00,1.00
2015.03.17 16:18:25.956,9.19911,9.20175,1.00,1.00
2015.03.17 16:18:26.259,9.19911,9.20175,1.00,1.37
2015.03.17 16:18:26.567,9.19899,9.20141,1.00,1.00
2015.03.17 16:18:27.291,9.19919,9.20168,1.00,1.26
2015.03.17 16:18:28.572,9.19929,9.20179,1.00,1.26
2015.03.17 16:18:29.842,9.19929,9.20179,1.00,1.26
2015.03.17 16:18:30.341,9.19925,9.20179,1.00,1.07
2015.03.17 16:18:30.392,9.19935,9.20227,1.75,1.94
2015.03.17 16:18:30.728,9.19986,9.20227,1.00,1.94
2015.03.17 16:18:31.208,9.19993,9.20244,1.00,1.94
2015.03.17 16:18:31.259,9.19993,9.20244,1.00,1.94
2015.03.17 16:18:31.462,9.19977,9.20237,1.00,1.94
2015.03.17 16:18:31.513,9.19977,9.20237,1.00,1.69
2015.03.17 16:18:31.575,9.19977,9.20237,1.00,1.19
2015.03.17 16:18:31.740,9.19977,9.20237,1.19,1.19
2015.03.17 16:18:32.839,9.19964,9.20227,1.00,1.19
2015.03.17 16:18:35.614,9.19964,9.202,1.00,1.19
2015.03.17 16:18:37.826,9.19966,9.20237,1.50,1.19
2015.03.17 16:18:38.374,9.19983,9.20237,1.00,1.19
2015.03.17 16:18:38.621,9.19983,9.20237,1.00,1.19
2015.03.17 16:18:40.625,9.19983,9.20237,1.00,1.19
2015.03.17 16:18:42.626,9.19996,9.20238,1.00,1.19
2015.03.17 16:18:42.929,9.2,9.20267,1.00,1.19
2015.03.17 16:18:42.980,9.2,9.20267,1.25,1.19
2015.03.17 16:18:43.031,9.2002,9.20267,1.00,1.19
2015.03.17 16:18:43.716,9.20004,9.20267,1.00,1.19
2015.03.17 16:18:44.959,9.20004,9.20267,1.00,1.19
2015.03.17 16:18:45.685,9.20004,9.20267,1.07,1.19
2015.03.17 16:18:45.898,9.20004,9.20267,1.00,1.19
2015.03.17 16:18:47.290,9.20004,9.20267,1.00,1.56
2015.03.17 16:18:47.677,9.20006,9.20267,1.00,1.19
2015.03.17 16:18:50.691,9.20006,9.20267,1.19,1.19
2015.03.17 16:18:51.105,9.20039,9.20284,1.00,1.26
2015.03.17 16:18:51.206,9.20039,9.20287,1.19,1.00
2015.03.17 16:18:51.308,9.20058,9.20287,1.00,1.00
2015.03.17 16:18:51.631,9.20058,9.20285,1.00,1.00
2015.03.17 16:18:52.054,9.20058,9.20287,1.00,1.00
2015.03.17 16:18:52.307,9.20074,9.20314,1.00,1.69
2015.03.17 16:18:52.409,9.2009,9.20351,1.94,1.00
2015.03.17 16:18:52.460,9.20103,9.20411,1.19,1.94
2015.03.17 16:18:52.511,9.20148,9.20411,1.00,1.19
2015.03.17 16:18:52.662,9.20186,9.20434,1.00,1.19
2015.03.17 16:18:52.815,9.202,9.20434,1.00,1.19
2015.03.17 16:18:53.746,9.20184,9.20454,1.00,1.69
2015.03.17 16:18:54.943,9.20186,9.20454,1.00,1.19
2015.03.17 16:18:56.697,9.20186,9.20447,1.00,1.19
2015.03.17 16:18:58.842,9.20206,9.20447,1.00,1.19
2015.03.17 16:18:59.125,9.20193,9.20447,1.00,1.19
2015.03.17 16:18:59.429,9.20212,9.20464,1.00,1.56
2015.03.17 16:19:00.376,9.20198,9.20467,1.00,1.19
2015.03.17 16:19:01.557,9.20211,9.20467,1.00,1.19
2015.03.17 16:19:01.886,9.20211,9.20467,1.00,1.19
2015.03.17 16:19:02.349,9.20196,9.20467,1.00,1.19
2015.03.17 16:19:02.525,9.20197,9.20467,1.37,1.19
2015.03.17 16:19:02.627,9.20216,9.20467,1.07,1.00
2015.03.17 16:19:02.679,9.2022,9.20467,1.00,1.00
2015.03.17 16:19:02.781,9.20237,9.20523,1.19,1.00
2015.03.17 16:19:03.365,9.20237,9.20523,1.94,1.00
2015.03.17 16:19:03.671,9.20325,9.20545,1.00,1.69
2015.03.17 16:19:03.826,9.20325,9.20559,1.00,1.00
2015.03.17 16:19:03.877,9.20325,9.20587,1.00,1.19
2015.03.17 16:19:03.979,9.20335,9.20614,1.00,1.19
2015.03.17 16:19:04.132,9.20335,9.20614,1.94,1.19
2015.03.17 16:19:05.168,9.20333,9.20614,1.19,1.19
2015.03.17 16:19:06.160,9.20364,9.20614,1.00,1.19
2015.03.17 16:19:06.896,9.20364,9.20614,1.00,1.19
2015.03.17 16:19:08.300,9.20364,9.20614,1.00,1.19
2015.03.17 16:19:08.604,9.20296,9.20544,1.56,1.25
2015.03.17 16:19:08.705,9.20306,9.20581,1.00,1.19
2015.03.17 16:19:08.756,9.20309,9.20581,1.00,1.19
2015.03.17 16:19:09.526,9.20306,9.20479,1.00,1.00
2015.03.17 16:19:09.577,9.2018,9.20474,1.00,1.00
2015.03.17 16:19:10.452,9.2018,9.20479,1.00,1.00
2015.03.17 16:19:10.503,9.20193,9.20488,1.00,1.19
2015.03.17 16:19:10.656,9.20193,9.20488,1.00,1.00
2015.03.17 16:19:10.807,9.20209,9.20488,1.00,1.00
2015.03.17 16:19:11.111,9.20189,9.20384,1.00,1.00
2015.03.17 16:19:11.213,9.20168,9.20384,1.00,1.00
2015.03.17 16:19:11.314,9.20146,9.20384,1.50,1.00
2015.03.17 16:19:11.415,9.20104,9.20384,1.07,1.00
2015.03.17 16:19:11.466,9.20104,9.20374,1.00,1.00
2015.03.17 16:19:11.517,9.20092,9.20374,1.00,1.00
2015.03.17 16:19:11.619,9.2009,9.20372,1.00,1.00
2015.03.17 16:19:11.822,9.20077,9.20372,1.00,1.00
2015.03.17 16:19:12.125,9.20077,9.20372,1.00,1.19
2015.03.17 16:19:12.227,9.20063,9.20345,1.00,1.19
2015.03.17 16:19:12.328,9.20051,9.20345,1.00,1.19
2015.03.17 16:19:14.946,9.20051,9.20292,1.00,1.00
2015.03.17 16:19:14.997,9.20051,9.20324,1.00,1.00
2015.03.17 16:19:15.100,9.20051,9.20292,1.00,1.00
2015.03.17 16:19:16.914,9.20038,9.20292,1.00,1.00
2015.03.17 16:19:25.295,9.20038,9.20279,1.00,1.00
2015.03.17 16:19:25.346,9.20006,9.20279,1.50,1.00
2015.03.17 16:19:25.447,9.20006,9.2027,1.50,1.00
2015.03.17 16:19:26.135,9.19972,9.2027,1.00,1.00
2015.03.17 16:19:27.407,9.19985,9.20279,1.00,1.00
2015.03.17 16:19:31.103,9.19985,9.20272,1.00,1.00
2015.03.17 16:19:31.154,9.19972,9.2027,1.00,1.00
2015.03.17 16:19:31.308,9.19969,9.20257,1.00,1.00
2015.03.17 16:19:35.131,9.19976,9.20272,1.00,1.00
2015.03.17 16:19:35.515,9.19969,9.20256,1.00,1.00
2015.03.17 16:19:35.819,9.19969,9.20256,1.07,1.00
2015.03.17 16:19:36.648,9.19969,9.20256,1.12,1.00
2015.03.17 16:19:36.750,9.19969,9.20256,1.00,1.00
2015.03.17 16:19:38.524,9.19969,9.20256,1.07,1.00
2015.03.17 16:19:39.506,9.19969,9.20256,1.00,1.00
2015.03.17 16:19:48.619,9.19969,9.2023,1.00,1.00
2015.03.17 16:19:48.771,9.19946,9.20215,1.00,1.00
2015.03.17 16:19:48.872,9.19926,9.20215,1.19,1.00
2015.03.17 16:19:48.923,9.19926,9.20202,1.00,1.19
2015.03.17 16:19:49.195,9.19916,9.20202,1.00,1.19
2015.03.17 16:19:49.614,9.19926,9.20202,1.00,1.19
2015.03.17 16:19:49.927,9.19936,9.20202,1.00,1.19
2015.03.17 16:19:50.033,9.19926,9.20202,1.00,1.19
2015.03.17 16:19:50.183,9.19929,9.20202,1.00,1.69
2015.03.17 16:19:51.057,9.19936,9.20202,1.00,1.69
2015.03.17 16:19:51.502,9.19936,9.20202,1.00,1.69
2015.03.17 16:19:51.815,9.19929,9.20202,1.00,1.69
2015.03.17 16:19:53.492,9.19929,9.20202,1.00,1.69
2015.03.17 16:19:56.031,9.19929,9.20202,1.00,1.19
2015.03.17 16:19:57.501,9.19929,9.20202,1.00,1.19
2015.03.17 16:20:00.595,9.19936,9.20202,1.00,1.19
2015.03.17 16:20:01.555,9.19936,9.20202,1.00,1.19
2015.03.17 16:20:05.536,9.19936,9.20202,1.00,1.00
2015.03.17 16:20:05.874,9.19929,9.20202,1.00,1.00
2015.03.17 16:20:06.093,9.19936,9.20202,1.00,1.00
2015.03.17 16:20:06.533,9.19929,9.20202,1.00,1.00
2015.03.17 16:20:06.584,9.19926,9.20201,1.00,1.19
2015.03.17 16:20:06.888,9.19886,9.20124,2.25,1.19
2015.03.17 16:20:08.118,9.19886,9.20124,1.00,1.56
2015.03.17 16:20:08.851,9.19886,9.20117,1.00,1.26
2015.03.17 16:20:09.155,9.19906,9.20117,1.00,1.26
2015.03.17 16:20:09.408,9.19896,9.20117,1.00,1.19
2015.03.17 16:20:09.613,9.19886,9.20117,1.00,1.19
2015.03.17 16:20:09.878,9.19896,9.20117,1.00,1.19
2015.03.17 16:20:10.081,9.19866,9.20124,1.00,1.19
2015.03.17 16:20:10.132,9.19866,9.20054,1.00,1.00
2015.03.17 16:20:10.719,9.19886,9.20087,1.00,1.00
2015.03.17 16:20:10.770,9.19886,9.20094,1.00,1.00
2015.03.17 16:20:10.821,9.19886,9.2012,1.00,1.00
2015.03.17 16:20:10.872,9.19886,9.20115,1.00,1.19
2015.03.17 16:20:11.185,9.19866,9.20054,1.00,1.07
2015.03.17 16:20:11.504,9.19866,9.20048,1.00,1.26
2015.03.17 16:20:11.555,9.19816,9.20048,1.75,1.26
2015.03.17 16:20:13.690,9.19816,9.20048,1.75,1.19
2015.03.17 16:20:15.580,9.19814,9.20048,1.00,1.56
2015.03.17 16:20:15.631,9.19814,9.19934,1.00,1.00
2015.03.17 16:20:15.682,9.19753,9.19934,1.00,1.00
2015.03.17 16:20:15.783,9.19709,9.19934,1.00,1.00
2015.03.17 16:20:15.834,9.19696,9.19934,1.00,1.00
2015.03.17 16:20:15.885,9.1967,9.19924,1.00,1.00
2015.03.17 16:20:15.936,9.19666,9.19924,1.00,1.00
2015.03.17 16:20:16.088,9.19666,9.19923,1.00,1.19
2015.03.17 16:20:16.391,9.19616,9.19871,1.00,1.19
2015.03.17 16:20:17.391,9.19532,9.1982,1.00,1.19
2015.03.17 16:20:17.694,9.19548,9.1982,1.00,1.19
2015.03.17 16:20:18.870,9.19549,9.19822,1.00,1.19
2015.03.17 16:20:19.704,9.19549,9.19822,1.19,1.19
2015.03.17 16:20:22.465,9.19549,9.19822,1.00,1.19
2015.03.17 16:20:23.702,9.19549,9.19822,1.00,1.19
2015.03.17 16:20:25.359,9.19606,9.19822,1.00,1.19
2015.03.17 16:20:25.410,9.19606,9.19822,1.00,1.19
2015.03.17 16:20:25.769,9.19606,9.19822,1.00,1.00
2015.03.17 16:20:25.820,9.19617,9.19822,1.00,1.00
2015.03.17 16:20:28.344,9.19617,9.19834,1.00,1.00
2015.03.17 16:20:28.395,9.19648,9.19894,1.00,1.01
2015.03.17 16:20:28.445,9.19648,9.19904,1.00,1.26
2015.03.17 16:20:29.605,9.19675,9.19904,1.00,1.19
2015.03.17 16:20:31.405,9.19675,9.19902,1.00,1.19
2015.03.17 16:20:33.624,9.19675,9.19904,1.00,1.00
2015.03.17 16:20:33.675,9.19675,9.19924,2.25,1.69
2015.03.17 16:20:34.837,9.19771,9.19994,1.00,1.56
2015.03.17 16:20:34.889,9.19771,9.20069,1.00,1.26
2015.03.17 16:20:35.419,9.19769,9.20056,1.00,1.00
2015.03.17 16:20:36.360,9.19769,9.20042,1.50,1.00
2015.03.17 16:20:39.124,9.19793,9.20078,1.00,1.19
2015.03.17 16:20:39.428,9.19867,9.20104,1.00,1.69
2015.03.17 16:20:41.250,9.19867,9.20132,1.00,1.94
2015.03.17 16:20:43.236,9.19867,9.20132,1.00,1.94
2015.03.17 16:20:45.239,9.19867,9.20132,1.00,1.94
2015.03.17 16:20:45.578,9.19867,9.20109,1.00,1.19
2015.03.17 16:20:45.882,9.19808,9.20016,1.00,1.00
2015.03.17 16:20:45.933,9.19808,9.2004,1.00,1.00
2015.03.17 16:20:45.984,9.19794,9.2004,1.00,1.00
2015.03.17 16:20:46.085,9.19794,9.20074,1.00,1.50
2015.03.17 16:20:46.136,9.19794,9.19944,1.00,1.00
2015.03.17 16:20:46.187,9.19726,9.19944,1.75,1.00
2015.03.17 16:20:47.395,9.19748,9.19994,1.00,1.07
2015.03.17 16:20:47.449,9.19779,9.20015,1.00,1.50
2015.03.17 16:20:48.361,9.19779,9.20056,1.00,1.00
2015.03.17 16:20:49.660,9.19779,9.20048,1.00,1.00
2015.03.17 16:20:50.942,9.19779,9.20056,1.00,1.00
2015.03.17 16:20:51.695,9.19846,9.20083,1.00,1.19
2015.03.17 16:20:52.072,9.19846,9.20086,1.00,1.19
2015.03.17 16:20:53.115,9.19848,9.20114,1.00,2.44
2015.03.17 16:20:54.103,9.19848,9.20103,1.00,1.19
2015.03.17 16:20:56.073,9.19848,9.20103,1.00,1.19
2015.03.17 16:20:56.411,9.19869,9.20103,1.00,1.19
2015.03.17 16:20:56.723,9.19869,9.20114,1.00,1.69
2015.03.17 16:20:57.603,9.19866,9.20144,1.19,1.50
2015.03.17 16:20:57.654,9.19885,9.20144,1.00,1.00
2015.03.17 16:20:57.704,9.19885,9.20152,1.00,1.00
2015.03.17 16:20:57.755,9.19885,9.20162,1.00,1.00
2015.03.17 16:20:57.806,9.19885,9.20178,1.00,1.19
2015.03.17 16:20:58.358,9.19886,9.20178,1.00,1.19
2015.03.17 16:20:58.924,9.19905,9.20178,1.00,1.19
2015.03.17 16:21:00.153,9.19905,9.20178,1.00,1.00
2015.03.17 16:21:00.204,9.19934,9.20178,1.00,1.00
2015.03.17 16:21:01.634,9.19986,9.20178,1.00,1.00
2015.03.17 16:21:01.685,9.19986,9.20198,1.00,1.00
2015.03.17 16:21:01.736,9.19986,9.20214,1.00,1.69
2015.03.17 16:21:01.837,9.19986,9.20243,1.00,1.19
2015.03.17 16:21:01.940,9.19945,9.20243,1.00,1.19
2015.03.17 16:21:01.991,9.19938,9.20223,1.00,1.37
2015.03.17 16:21:02.092,9.19938,9.20223,1.00,1.07
2015.03.17 16:21:02.244,9.19938,9.20223,1.00,1.37
2015.03.17 16:21:02.831,9.1991,9.20192,1.00,1.07
2015.03.17 16:21:02.882,9.1991,9.20192,1.00,1.00
2015.03.17 16:21:04.163,9.19896,9.20189,1.50,1.00
2015.03.17 16:21:04.315,9.19896,9.20179,1.50,1.00
2015.03.17 16:21:04.632,9.19898,9.20173,1.00,1.00
2015.03.17 16:21:04.936,9.19898,9.20156,1.00,1.00
2015.03.17 16:21:05.088,9.19896,9.20156,1.50,1.07
2015.03.17 16:21:05.190,9.19861,9.20156,1.00,1.07
2015.03.17 16:21:05.291,9.19861,9.20156,1.00,1.12
2015.03.17 16:21:05.443,9.19861,9.20156,1.00,1.07
2015.03.17 16:21:05.494,9.19861,9.20129,1.00,1.00
2015.03.17 16:21:05.595,9.19841,9.20129,1.50,1.00
2015.03.17 16:21:07.895,9.19828,9.20126,1.00,1.00
2015.03.17 16:21:07.946,9.19828,9.20126,1.00,1.07
2015.03.17 16:21:08.183,9.19828,9.20126,1.00,1.00
2015.03.17 16:21:12.598,9.19828,9.20117,1.00,1.00
2015.03.17 16:21:12.800,9.19793,9.20087,1.00,1.00
2015.03.17 16:21:12.901,9.19779,9.20056,1.00,1.00
2015.03.17 16:21:13.003,9.19745,9.20041,1.00,1.00
2015.03.17 16:21:13.104,9.19743,9.20025,1.00,1.00
2015.03.17 16:21:13.206,9.19729,9.20025,1.00,1.00
2015.03.17 16:21:13.459,9.19729,9.20025,1.00,1.07
2015.03.17 16:21:14.739,9.19729,9.20025,1.00,1.07
2015.03.17 16:21:15.409,9.19729,9.20003,1.00,1.00
2015.03.17 16:21:17.820,9.19717,9.20003,1.00,1.00
2015.03.17 16:21:17.871,9.19717,9.19989,1.00,1.00
2015.03.17 16:21:17.922,9.19696,9.19975,1.19,1.00
2015.03.17 16:21:17.973,9.19682,9.19975,1.19,1.19
2015.03.17 16:21:18.024,9.19681,9.19959,1.19,1.00
2015.03.17 16:21:18.327,9.19666,9.19959,2.44,1.37
2015.03.17 16:21:18.378,9.19666,9.19959,1.50,1.56
2015.03.17 16:21:18.479,9.19636,9.19926,1.00,1.19
2015.03.17 16:21:18.530,9.19636,9.19906,1.00,1.37
2015.03.17 16:21:18.633,9.19608,9.19894,1.19,1.00
2015.03.17 16:21:18.684,9.19608,9.19894,1.00,1.19
2015.03.17 16:21:18.735,9.19606,9.19893,1.00,1.19
2015.03.17 16:21:18.836,9.19606,9.19893,1.00,1.56
2015.03.17 16:21:19.159,9.19615,9.19893,1.00,1.56
2015.03.17 16:21:19.392,9.19615,9.19893,1.00,1.26
2015.03.17 16:21:20.469,9.19615,9.19877,1.00,1.00
2015.03.17 16:21:22.003,9.19615,9.19877,1.00,1.07
2015.03.17 16:21:22.113,9.19615,9.19877,1.00,1.00
2015.03.17 16:21:35.011,9.19615,9.19877,1.00,1.07
2015.03.17 16:21:35.113,9.19615,9.19877,1.00,1.00
2015.03.17 16:21:38.224,9.19608,9.19877,1.00,1.00
2015.03.17 16:21:39.862,9.19606,9.19877,1.00,1.00
2015.03.17 16:21:43.371,9.19606,9.19877,1.00,1.19
2015.03.17 16:21:44.771,9.19612,9.19877,1.19,1.19
2015.03.17 16:21:46.749,9.19612,9.19877,1.19,1.19
2015.03.17 16:21:48.745,9.19612,9.19877,1.19,1.26
2015.03.17 16:21:51.783,9.19628,9.19877,1.00,1.19
2015.03.17 16:21:53.758,9.19628,9.19877,1.00,1.25
2015.03.17 16:21:54.120,9.19608,9.19877,1.19,1.25
2015.03.17 16:21:54.922,9.19622,9.19877,1.19,1.32
2015.03.17 16:21:55.762,9.19622,9.19877,1.19,1.26
2015.03.17 16:21:57.893,9.19622,9.19877,1.19,1.26
2015.03.17 16:21:59.805,9.19609,9.19877,1.19,1.19
2015.03.17 16:22:03.786,9.19622,9.19877,1.19,1.19
2015.03.17 16:22:05.921,9.19622,9.19877,1.19,1.19
2015.03.17 16:22:06.451,9.19642,9.19877,1.00,1.19
2015.03.17 16:22:07.903,9.19642,9.19877,1.00,1.00
2015.03.17 16:22:08.773,9.19629,9.19877,1.00,1.00
2015.03.17 16:22:11.909,9.19629,9.19877,1.25,1.19
2015.03.17 16:22:13.914,9.19615,9.19877,1.19,1.19
2015.03.17 16:22:15.922,9.19628,9.19877,1.19,1.25
2015.03.17 16:22:18.270,9.19615,9.19877,1.19,1.00
2015.03.17 16:22:19.934,9.19615,9.19877,1.19,1.19
2015.03.17 16:22:21.940,9.19615,9.19912,1.19,1.26
2015.03.17 16:22:24.760,9.19646,9.19909,1.50,1.26
2015.03.17 16:22:24.811,9.1972,9.19984,1.00,1.26
2015.03.17 16:22:25.161,9.1972,9.19984,1.19,1.07
2015.03.17 16:22:25.699,9.1972,9.19984,1.19,1.00
2015.03.17 16:22:25.902,9.1972,9.19994,1.19,1.94
2015.03.17 16:22:27.028,9.19734,9.19992,1.25,1.25
2015.03.17 16:22:27.854,9.19734,9.19992,1.19,1.00
2015.03.17 16:22:29.320,9.19734,9.19994,1.19,1.00
2015.03.17 16:22:29.371,9.19748,9.19994,1.19,1.00
2015.03.17 16:22:29.422,9.19775,9.20037,1.19,1.01
2015.03.17 16:22:29.523,9.19775,9.20055,1.19,1.26
2015.03.17 16:22:30.321,9.19781,9.20007,1.26,1.00
2015.03.17 16:22:30.625,9.19756,9.19999,1.00,1.19
2015.03.17 16:22:30.676,9.19756,9.19996,1.00,1.56
2015.03.17 16:22:30.828,9.19736,9.19986,1.00,1.56
2015.03.17 16:22:31.200,9.19736,9.19986,1.00,1.94
2015.03.17 16:22:31.413,9.19734,9.19979,1.00,1.31
2015.03.17 16:22:31.829,9.19736,9.19979,1.00,1.31
2015.03.17 16:22:43.102,9.19736,9.19979,1.00,1.31
2015.03.17 16:22:43.908,9.19736,9.19979,1.00,1.31
2015.03.17 16:22:44.251,9.19736,9.19979,1.00,1.31
2015.03.17 16:22:48.447,9.19735,9.19979,1.00,1.31
2015.03.17 16:22:49.189,9.19746,9.19979,1.00,1.31
2015.03.17 16:22:50.001,9.19746,9.19979,1.00,1.31
2015.03.17 16:22:50.393,9.19736,9.19979,1.00,1.31
2015.03.17 16:22:50.444,9.19736,9.19979,1.00,1.31
2015.03.17 16:22:50.750,9.19736,9.19979,1.00,1.31
2015.03.17 16:22:50.801,9.19736,9.19979,1.00,1.31
2015.03.17 16:22:51.051,9.19746,9.19979,1.00,1.31
2015.03.17 16:22:52.047,9.19756,9.19979,1.00,1.31
2015.03.17 16:22:53.465,9.19746,9.19979,1.00,1.31
2015.03.17 16:22:53.612,9.19766,9.19979,1.00,1.31
2015.03.17 16:22:53.772,9.19766,9.19984,1.00,1.69
2015.03.17 16:22:53.873,9.19716,9.19949,1.00,1.19
2015.03.17 16:22:53.924,9.19716,9.19949,1.00,1.94
2015.03.17 16:22:54.227,9.19666,9.19904,1.00,2.44
2015.03.17 16:22:54.538,9.19686,9.19903,1.00,1.94
2015.03.17 16:22:54.589,9.19676,9.19903,1.00,1.94
2015.03.17 16:22:55.132,9.19665,9.19904,1.00,2.44
2015.03.17 16:22:55.183,9.19665,9.19902,1.00,1.94
2015.03.17 16:22:55.346,9.19646,9.19902,1.00,1.94
2015.03.17 16:22:55.549,9.19646,9.19894,1.00,1.94
2015.03.17 16:22:55.650,9.19646,9.19878,1.00,1.94
2015.03.17 16:22:56.021,9.19656,9.19878,1.00,2.44
2015.03.17 16:22:56.591,9.19636,9.19878,1.00,1.94
2015.03.17 16:22:57.169,9.19636,9.1987,1.00,1.94
2015.03.17 16:22:57.556,9.19636,9.1987,1.00,1.94
2015.03.17 16:23:01.620,9.19626,9.19864,1.00,1.94
2015.03.17 16:23:04.021,9.19626,9.19864,1.00,1.94
2015.03.17 16:23:04.382,9.19636,9.19864,1.00,1.94
2015.03.17 16:23:05.014,9.19636,9.19864,1.00,1.94
2015.03.17 16:23:05.922,9.19636,9.19864,1.00,2.44
2015.03.17 16:23:06.129,9.19626,9.19864,1.00,3.19
2015.03.17 16:23:06.349,9.19616,9.19864,1.00,3.19
2015.03.17 16:23:06.560,9.19616,9.19858,1.00,1.94
2015.03.17 16:23:07.687,9.19598,9.19817,1.37,1.56
2015.03.17 16:23:07.738,9.19565,9.19817,1.00,1.56
2015.03.17 16:23:07.789,9.19565,9.19817,1.00,1.94
2015.03.17 16:23:08.093,9.19576,9.19817,1.00,1.94
2015.03.17 16:23:08.345,9.19566,9.19814,1.50,1.94
2015.03.17 16:23:08.699,9.19556,9.19814,1.75,1.94
2015.03.17 16:23:09.047,9.19556,9.19807,1.75,1.94
2015.03.17 16:23:09.352,9.19576,9.19807,1.00,1.94
2015.03.17 16:23:09.567,9.19576,9.19807,1.00,1.94
2015.03.17 16:23:10.709,9.19576,9.19807,1.00,1.94
2015.03.17 16:23:12.442,9.19566,9.19807,1.75,1.94
2015.03.17 16:23:13.413,9.19586,9.19807,1.00,1.94
2015.03.17 16:23:17.380,9.19586,9.19807,1.00,1.94
2015.03.17 16:23:18.110,9.19596,9.19806,1.00,1.94
2015.03.17 16:23:18.364,9.19596,9.19806,1.00,1.94
2015.03.17 16:23:19.351,9.19576,9.19806,1.00,1.94
2015.03.17 16:23:20.311,9.19596,9.19806,1.00,1.94
2015.03.17 16:23:22.108,9.19575,9.19806,1.00,1.94
2015.03.17 16:23:22.629,9.19596,9.19806,1.00,1.94
2015.03.17 16:23:23.429,9.19576,9.19811,1.00,1.94
2015.03.17 16:23:23.610,9.19586,9.19811,1.00,1.94
2015.03.17 16:23:24.103,9.19586,9.19811,1.00,1.56
2015.03.17 16:23:24.157,9.19586,9.19811,1.00,1.94
2015.03.17 16:23:24.483,9.19596,9.19811,1.00,1.94
2015.03.17 16:23:26.589,9.19595,9.19811,1.00,1.94
2015.03.17 16:23:26.809,9.19586,9.19811,1.00,1.94
2015.03.17 16:23:27.046,9.19586,9.19811,1.00,1.94
2015.03.17 16:23:27.411,9.19596,9.19811,1.00,1.94
2015.03.17 16:23:27.571,9.19576,9.19811,1.00,1.94
2015.03.17 16:23:27.791,9.19586,9.19811,1.00,1.94
2015.03.17 16:23:28.597,9.19576,9.19814,1.00,1.94
2015.03.17 16:23:31.521,9.19576,9.19814,1.00,1.94
2015.03.17 16:23:32.330,9.19566,9.19814,1.00,1.94
2015.03.17 16:23:32.635,9.19576,9.19815,1.00,1.94
2015.03.17 16:23:32.737,9.19576,9.19815,1.00,1.94
2015.03.17 16:23:33.501,9.19576,9.19823,1.00,1.94
2015.03.17 16:23:33.832,9.19586,9.19823,1.00,1.94
2015.03.17 16:23:46.295,9.19586,9.19822,1.00,1.94
2015.03.17 16:23:46.602,9.19606,9.19822,1.00,1.94
2015.03.17 16:23:46.810,9.19606,9.19822,1.00,1.56
2015.03.17 16:23:47.385,9.19596,9.19822,1.00,1.56
2015.03.17 16:23:47.805,9.19596,9.19822,1.00,1.94
2015.03.17 16:23:47.856,9.19576,9.19822,1.00,1.94
2015.03.17 16:23:48.053,9.19576,9.19822,1.00,1.94
2015.03.17 16:23:48.636,9.19576,9.19809,1.00,1.94
2015.03.17 16:23:53.621,9.19576,9.19812,1.00,1.94
2015.03.17 16:23:53.773,9.19576,9.19812,1.00,1.56
2015.03.17 16:23:55.614,9.19576,9.19812,1.00,1.56
2015.03.17 16:23:57.620,9.19576,9.19812,1.00,1.56
2015.03.17 16:23:58.591,9.19586,9.19812,1.00,1.56
2015.03.17 16:23:58.924,9.19596,9.19825,1.00,1.94
2015.03.17 16:23:59.607,9.19586,9.19824,1.00,1.94
2015.03.17 16:24:00.629,9.19586,9.19824,1.00,1.56
2015.03.17 16:24:03.596,9.19606,9.19824,1.00,1.26
2015.03.17 16:24:03.698,9.19586,9.19825,1.50,1.26
2015.03.17 16:24:03.850,9.19586,9.1984,1.50,1.56
2015.03.17 16:24:03.902,9.19606,9.1984,1.00,1.56
2015.03.17 16:24:04.437,9.19606,9.19844,1.00,2.06
2015.03.17 16:24:04.896,9.19616,9.19871,1.00,1.94
2015.03.17 16:24:05.261,9.19626,9.19871,1.00,1.94
2015.03.17 16:24:05.312,9.19616,9.19871,1.00,1.94
2015.03.17 16:24:05.840,9.19616,9.19871,1.00,2.06
2015.03.17 16:24:06.110,9.19606,9.19864,1.00,1.94
2015.03.17 16:24:06.315,9.19616,9.19844,1.00,1.94
2015.03.17 16:24:06.416,9.19616,9.19844,1.00,1.94
2015.03.17 16:24:06.522,9.19616,9.19844,1.00,1.56
2015.03.17 16:24:06.940,9.19616,9.19844,1.00,1.56
2015.03.17 16:24:06.991,9.19596,9.19844,1.00,1.56
2015.03.17 16:24:07.092,9.19596,9.19844,1.00,1.94
2015.03.17 16:24:08.649,9.19596,9.19844,1.00,1.94
2015.03.17 16:24:11.883,9.19599,9.1986,1.00,1.94
2015.03.17 16:24:11.934,9.19606,9.1986,1.00,1.94
2015.03.17 16:24:12.036,9.19606,9.19865,1.00,1.56
2015.03.17 16:24:12.599,9.19626,9.19865,1.00,1.56
2015.03.17 16:24:12.922,9.19616,9.19865,1.00,2.44
2015.03.17 16:24:13.539,9.19616,9.19865,1.00,2.44
2015.03.17 16:24:13.860,9.19616,9.19865,1.00,2.44
2015.03.17 16:24:14.113,9.19606,9.19865,1.00,2.44
2015.03.17 16:24:14.969,9.19606,9.19865,1.00,2.44
2015.03.17 16:24:15.079,9.19606,9.19865,1.00,2.44
2015.03.17 16:24:19.847,9.19626,9.19854,1.00,1.94
2015.03.17 16:24:19.967,9.19626,9.19854,1.00,1.26
2015.03.17 16:24:20.397,9.19616,9.19854,1.00,1.19
2015.03.17 16:24:20.603,9.19626,9.19854,1.00,1.19
2015.03.17 16:24:22.381,9.19626,9.19854,1.00,1.19
2015.03.17 16:24:23.780,9.19636,9.19854,1.00,1.19
2015.03.17 16:24:24.386,9.19636,9.19854,1.00,1.19
2015.03.17 16:24:26.116,9.19626,9.19865,1.00,1.26
2015.03.17 16:24:26.319,9.19636,9.19868,1.00,1.26
2015.03.17 16:24:26.819,9.19636,9.19868,1.00,1.19
2015.03.17 16:24:27.124,9.19626,9.19835,1.00,1.19
2015.03.17 16:24:27.428,9.19626,9.19834,1.00,1.19
2015.03.17 16:24:29.108,9.19586,9.19825,1.00,1.19
2015.03.17 16:24:29.209,9.19596,9.19834,1.00,1.19
2015.03.17 16:24:31.204,9.19596,9.1986,1.00,1.76
2015.03.17 16:24:32.167,9.19606,9.1986,1.50,1.76
2015.03.17 16:24:32.473,9.19626,9.1986,1.00,1.56
2015.03.17 16:24:33.174,9.19646,9.19858,1.00,1.56
2015.03.17 16:24:33.478,9.19646,9.19845,1.00,1.56
2015.03.17 16:24:33.579,9.19626,9.19845,1.00,1.69
2015.03.17 16:24:34.231,9.19626,9.19845,1.00,1.56
2015.03.17 16:24:34.587,9.19594,9.19845,1.00,2.06
2015.03.17 16:24:34.638,9.19586,9.19832,1.00,1.56
2015.03.17 16:24:34.689,9.19586,9.19832,1.00,1.94
2015.03.17 16:24:34.892,9.19576,9.19832,1.00,1.94
2015.03.17 16:24:35.145,9.19566,9.19815,1.00,1.56
2015.03.17 16:24:35.589,9.19576,9.19815,1.00,1.94
2015.03.17 16:24:36.326,9.19556,9.19815,1.00,1.94
2015.03.17 16:24:36.428,9.19556,9.19779,1.00,1.94
2015.03.17 16:24:36.530,9.19556,9.19774,1.00,1.56
2015.03.17 16:24:36.682,9.19556,9.19764,1.00,1.94
2015.03.17 16:24:36.884,9.19556,9.19762,1.00,2.06
2015.03.17 16:24:36.985,9.19556,9.19762,1.00,1.56
2015.03.17 16:24:38.094,9.19546,9.19752,1.00,1.56
2015.03.17 16:24:38.430,9.19546,9.19654,1.00,1.00
2015.03.17 16:24:38.633,9.19516,9.19654,1.00,1.00
2015.03.17 16:24:38.683,9.19516,9.19624,1.00,1.00
2015.03.17 16:24:39.101,9.19506,9.19614,1.00,1.00
2015.03.17 16:24:39.870,9.19496,9.19605,1.00,1.00
2015.03.17 16:24:40.072,9.19486,9.19605,1.00,1.00
2015.03.17 16:24:40.224,9.19486,9.19615,1.00,1.00
2015.03.17 16:24:41.089,9.19496,9.19615,1.00,1.00
2015.03.17 16:24:41.393,9.19496,9.19604,1.00,1.00
2015.03.17 16:24:46.589,9.19476,9.19604,1.00,1.00
2015.03.17 16:24:46.691,9.19476,9.19644,1.00,1.00
2015.03.17 16:24:47.477,9.19479,9.19644,1.00,1.00
2015.03.17 16:24:47.801,9.19516,9.19634,1.00,1.00
2015.03.17 16:24:48.109,9.19486,9.19624,1.00,1.00
2015.03.17 16:24:48.160,9.19486,9.19614,1.00,1.00
2015.03.17 16:24:48.910,9.19476,9.19604,1.00,1.00
2015.03.17 16:24:49.249,9.19466,9.19594,1.00,1.00
2015.03.17 16:24:50.517,9.19456,9.19594,1.00,1.00
2015.03.17 16:24:52.210,9.19456,9.19584,1.00,1.00
2015.03.17 16:24:52.417,9.19436,9.19574,1.00,1.00
2015.03.17 16:24:53.079,9.19446,9.19574,1.00,1.00
2015.03.17 16:24:53.401,9.19426,9.19564,1.00,1.00
2015.03.17 16:24:53.653,9.19426,9.19544,1.00,1.00
2015.03.17 16:24:53.974,9.19436,9.19544,1.00,1.00
2015.03.17 16:24:57.920,9.19408,9.19575,1.00,1.00
2015.03.17 16:24:58.173,9.19408,9.19564,1.00,1.00
2015.03.17 16:24:58.477,9.19426,9.19554,1.00,1.00
2015.03.17 16:24:58.810,9.19436,9.19554,1.00,1.00
2015.03.17 16:24:58.912,9.19336,9.19514,1.00,1.00
2015.03.17 16:24:59.064,9.19394,9.19514,1.00,1.00
2015.03.17 16:24:59.165,9.19394,9.19546,1.00,1.00
2015.03.17 16:24:59.216,9.19394,9.19554,1.00,1.00
2015.03.17 16:25:00.019,9.19334,9.19554,1.75,1.00
2015.03.17 16:25:00.120,9.19386,9.19524,1.00,1.00
2015.03.17 16:25:00.424,9.19396,9.19524,1.00,1.00
2015.03.17 16:25:04.591,9.19386,9.19524,1.00,1.00
2015.03.17 16:25:04.642,9.19386,9.19534,1.00,1.00
2015.03.17 16:25:04.810,9.19376,9.19534,1.00,1.00
2015.03.17 16:25:05.591,9.19386,9.19534,1.00,1.00
2015.03.17 16:25:05.939,9.19396,9.19524,1.00,1.00
2015.03.17 16:25:06.258,9.19396,9.19514,1.00,1.00
2015.03.17 16:25:09.147,9.19406,9.19514,1.00,1.00
2015.03.17 16:25:10.875,9.19396,9.19514,1.00,1.00
2015.03.17 16:25:10.926,9.19396,9.19534,1.00,1.00
2015.03.17 16:25:11.865,9.19406,9.19534,1.00,1.00
2015.03.17 16:25:12.176,9.19406,9.19524,1.00,1.00
2015.03.17 16:25:16.108,9.19396,9.19524,1.00,1.00
2015.03.17 16:25:16.210,9.19396,9.19544,1.00,1.00
2015.03.17 16:25:17.166,9.19406,9.19534,1.00,1.00
2015.03.17 16:25:17.568,9.19386,9.19534,1.00,1.00
2015.03.17 16:25:18.140,9.19396,9.19534,1.00,1.00
2015.03.17 16:25:18.567,9.19396,9.19524,1.00,1.00
2015.03.17 16:25:19.956,9.19396,9.19607,1.00,1.94
2015.03.17 16:25:21.939,9.19396,9.19607,1.00,1.94
2015.03.17 16:25:23.087,9.19379,9.19616,1.00,1.94
2015.03.17 16:25:24.073,9.19379,9.19616,1.00,1.94
2015.03.17 16:25:24.777,9.19386,9.19616,1.00,1.94
2015.03.17 16:25:25.088,9.19386,9.19616,1.00,1.94
2015.03.17 16:25:25.482,9.19396,9.19616,1.00,1.94
2015.03.17 16:25:28.077,9.19379,9.19616,1.00,1.94
2015.03.17 16:25:28.229,9.19379,9.19616,1.00,1.94
2015.03.17 16:25:28.280,9.19376,9.19616,1.00,1.94
2015.03.17 16:25:28.331,9.19386,9.19616,1.00,1.94
2015.03.17 16:25:29.033,9.19386,9.19616,1.00,1.94
2015.03.17 16:25:29.084,9.19376,9.19616,1.00,1.94
2015.03.17 16:25:29.300,9.19366,9.19616,1.00,1.94
2015.03.17 16:25:29.559,9.19366,9.19616,1.00,1.94
2015.03.17 16:25:34.294,9.19366,9.19606,1.00,1.94
2015.03.17 16:25:34.567,9.19359,9.19606,1.00,1.94
2015.03.17 16:25:45.738,9.19359,9.19615,1.00,1.94
2015.03.17 16:26:01.914,9.19346,9.19601,1.00,1.94
2015.03.17 16:26:01.965,9.19355,9.19601,1.00,1.94
2015.03.17 16:26:06.149,9.19356,9.19601,1.00,1.94
2015.03.17 16:26:06.590,9.19366,9.19612,1.00,1.94
2015.03.17 16:26:06.748,9.19366,9.19612,1.00,1.94
2015.03.17 16:26:07.678,9.19366,9.19612,1.00,1.94
2015.03.17 16:26:07.928,9.19396,9.19612,1.00,1.94
2015.03.17 16:26:08.511,9.19396,9.19612,1.00,1.69
2015.03.17 16:26:09.907,9.19406,9.19612,1.00,1.69
2015.03.17 16:26:11.667,9.19396,9.19615,1.00,1.94
2015.03.17 16:26:11.718,9.19396,9.19628,1.00,1.94
2015.03.17 16:26:11.870,9.19406,9.19628,1.00,1.94
2015.03.17 16:26:12.027,9.19406,9.19628,1.00,1.94
2015.03.17 16:26:12.660,9.19426,9.19628,1.00,1.94
2015.03.17 16:26:12.964,9.19416,9.19614,1.00,1.94
2015.03.17 16:26:13.015,9.19416,9.19614,1.00,1.94
2015.03.17 16:26:13.116,9.19406,9.19614,1.00,1.94
2015.03.17 16:26:13.456,9.19406,9.19614,1.00,1.94
2015.03.17 16:26:13.876,9.19396,9.19614,1.00,1.94
2015.03.17 16:26:14.028,9.19396,9.19614,1.00,1.94
2015.03.17 16:26:14.180,9.19406,9.19614,1.00,1.94
2015.03.17 16:26:14.730,9.19396,9.19614,1.00,1.94
2015.03.17 16:26:15.088,9.19396,9.19606,1.00,1.94
2015.03.17 16:26:16.344,9.19396,9.19606,1.00,1.56
2015.03.17 16:26:16.395,9.19405,9.19606,1.00,1.56
2015.03.17 16:26:16.782,9.19405,9.19606,1.00,1.56
2015.03.17 16:26:18.801,9.19405,9.19606,1.00,1.56
2015.03.17 16:26:18.944,9.19405,9.19606,1.00,1.94
2015.03.17 16:26:19.706,9.19405,9.19606,1.00,1.56
2015.03.17 16:26:20.767,9.19405,9.19606,1.00,1.56
2015.03.17 16:26:21.174,9.19405,9.19606,1.00,1.69
2015.03.17 16:26:21.536,9.19396,9.19606,1.00,1.69
2015.03.17 16:26:21.688,9.19396,9.19614,1.00,1.56
2015.03.17 16:26:21.894,9.19426,9.19614,1.00,1.56
2015.03.17 16:26:21.945,9.19426,9.19614,1.00,1.19
2015.03.17 16:26:23.876,9.19426,9.19622,1.00,1.19
2015.03.17 16:26:26.847,9.19406,9.19622,1.00,1.29
2015.03.17 16:26:26.898,9.19406,9.19608,1.00,1.26
2015.03.17 16:26:27.055,9.19396,9.19595,1.00,1.26
2015.03.17 16:26:27.106,9.19396,9.19614,1.00,1.94
2015.03.17 16:26:27.207,9.19396,9.19622,1.00,1.94
2015.03.17 16:26:28.026,9.19406,9.19613,1.00,1.94
2015.03.17 16:26:28.380,9.19396,9.19597,1.00,1.19
2015.03.17 16:26:28.582,9.19386,9.19597,1.00,1.56
2015.03.17 16:26:28.734,9.19386,9.19594,1.00,1.94
2015.03.17 16:26:29.116,9.19386,9.19584,1.00,1.94
2015.03.17 16:26:29.606,9.19376,9.19584,1.00,1.94
2015.03.17 16:26:30.797,9.19376,9.19584,1.00,1.94
2015.03.17 16:26:32.123,9.19385,9.19584,1.00,1.94
2015.03.17 16:26:32.296,9.19385,9.19584,1.00,1.56
2015.03.17 16:26:32.549,9.19396,9.19587,1.00,1.19
2015.03.17 16:26:32.751,9.19396,9.19592,1.00,1.19
2015.03.17 16:26:34.707,9.19396,9.19592,1.00,1.19
2015.03.17 16:26:35.620,9.19395,9.19598,1.00,1.19
2015.03.17 16:26:36.638,9.19426,9.19613,1.00,1.19
2015.03.17 16:26:37.086,9.19406,9.19609,1.00,1.19
2015.03.17 16:26:37.138,9.19406,9.19592,1.00,1.19
2015.03.17 16:26:38.382,9.19396,9.19584,1.00,1.19
2015.03.17 16:26:38.638,9.19376,9.19584,1.00,1.26
2015.03.17 16:26:38.740,9.19376,9.19584,1.00,1.94
2015.03.17 16:26:39.867,9.19386,9.19584,1.00,1.94
2015.03.17 16:26:39.947,9.19386,9.19584,1.00,1.56
2015.03.17 16:26:40.178,9.19386,9.19584,1.00,1.94
2015.03.17 16:26:40.347,9.19376,9.19579,1.00,1.94
2015.03.17 16:26:40.500,9.19376,9.19572,1.00,1.94
2015.03.17 16:26:40.737,9.19376,9.19572,1.00,1.94
2015.03.17 16:26:41.117,9.19366,9.19572,1.00,1.94
2015.03.17 16:26:41.168,9.19366,9.19572,1.00,1.19
2015.03.17 16:26:41.370,9.19356,9.19572,1.00,1.19
2015.03.17 16:26:41.573,9.19336,9.19572,1.00,1.94
2015.03.17 16:26:41.676,9.19336,9.19564,1.00,1.56
2015.03.17 16:26:41.979,9.19336,9.19556,1.00,1.94
2015.03.17 16:26:42.546,9.19326,9.19556,1.00,1.94
2015.03.17 16:26:42.597,9.19326,9.19556,1.00,1.94
2015.03.17 16:26:43.641,9.19326,9.19552,1.00,1.94
2015.03.17 16:26:45.635,9.19326,9.19552,1.00,1.94
2015.03.17 16:26:47.068,9.19316,9.19552,1.00,1.94
2015.03.17 16:26:47.327,9.19346,9.19563,1.00,1.94
2015.03.17 16:26:47.429,9.19346,9.19563,1.00,1.19
2015.03.17 16:26:47.975,9.19326,9.19563,1.00,1.56
2015.03.17 16:26:48.076,9.19346,9.19563,1.00,1.56
2015.03.17 16:26:48.408,9.19346,9.19563,1.00,1.94
2015.03.17 16:26:48.755,9.19376,9.19563,1.00,1.94
2015.03.17 16:26:48.856,9.19336,9.19563,1.00,1.94
2015.03.17 16:26:48.966,9.19336,9.19563,1.00,1.94
2015.03.17 16:26:49.838,9.19335,9.19563,1.00,1.94
2015.03.17 16:26:49.990,9.19335,9.19563,1.00,1.94
2015.03.17 16:26:50.387,9.19326,9.19554,1.00,1.94
2015.03.17 16:26:50.438,9.19326,9.19554,1.00,1.19
2015.03.17 16:26:50.854,9.19326,9.19554,1.00,1.19
2015.03.17 16:26:51.370,9.19326,9.19554,1.00,1.00
2015.03.17 16:26:51.422,9.19296,9.19554,1.56,1.00
2015.03.17 16:26:51.473,9.19296,9.19563,1.56,1.00
2015.03.17 16:26:52.199,9.19306,9.19595,1.19,1.19
2015.03.17 16:26:52.301,9.19334,9.19595,1.00,1.19
2015.03.17 16:26:53.073,9.19321,9.19595,1.00,1.19
2015.03.17 16:26:53.175,9.19344,9.19595,1.00,1.19
2015.03.17 16:26:53.557,9.19344,9.19595,1.00,1.19
2015.03.17 16:26:55.575,9.1934,9.19595,1.56,1.00
2015.03.17 16:26:55.677,9.19406,9.19642,1.00,1.19
2015.03.17 16:26:55.879,9.19367,9.1966,1.00,1.19
2015.03.17 16:26:55.930,9.19353,9.19624,1.00,1.00
2015.03.17 16:26:55.981,9.19326,9.19624,1.50,1.00
2015.03.17 16:26:56.031,9.19326,9.19609,1.00,1.00
2015.03.17 16:26:56.082,9.19311,9.19606,1.00,1.00
2015.03.17 16:26:57.127,9.19311,9.19606,1.00,1.19
2015.03.17 16:26:57.184,9.19298,9.19596,1.50,1.19
2015.03.17 16:26:57.948,9.19312,9.19606,1.00,1.19
2015.03.17 16:26:58.255,9.19299,9.19597,1.00,1.56
2015.03.17 16:26:58.756,9.19299,9.19597,1.00,1.26
2015.03.17 16:26:59.117,9.19299,9.19568,1.00,1.00
2015.03.17 16:26:59.168,9.19285,9.19568,1.00,1.00
2015.03.17 16:26:59.320,9.19285,9.19568,1.07,1.00
2015.03.17 16:26:59.422,9.19285,9.19568,1.00,1.00
2015.03.17 16:26:59.636,9.19266,9.19564,1.00,1.00
2015.03.17 16:26:59.839,9.1926,9.19546,1.00,1.00
2015.03.17 16:26:59.891,9.19248,9.1954,1.07,1.00
2015.03.17 16:27:00.144,9.19235,9.19533,1.07,1.00
2015.03.17 16:27:00.195,9.19235,9.19533,1.00,1.00
2015.03.17 16:27:00.688,9.1923,9.19509,1.07,1.00
2015.03.17 16:27:00.739,9.19215,9.19509,1.07,1.00
2015.03.17 16:27:00.998,9.19215,9.19509,1.00,1.00
2015.03.17 16:27:01.049,9.19233,9.19531,1.00,1.00
2015.03.17 16:27:01.201,9.19259,9.19531,1.00,1.00
2015.03.17 16:27:01.251,9.19259,9.19539,1.00,1.00
2015.03.17 16:27:02.433,9.19262,9.19539,1.00,1.00
2015.03.17 16:27:03.059,9.19259,9.19539,1.00,1.00
2015.03.17 16:27:04.714,9.19259,9.19539,1.00,1.19
2015.03.17 16:27:06.125,9.19259,9.19539,1.00,1.19
2015.03.17 16:27:06.766,9.19262,9.19532,1.00,1.19
2015.03.17 16:27:06.817,9.19262,9.19532,1.00,1.00
2015.03.17 16:27:07.962,9.19259,9.19532,1.00,1.00
2015.03.17 16:27:08.164,9.19231,9.19529,1.37,1.00
2015.03.17 16:27:08.266,9.19231,9.19529,1.00,1.00
2015.03.17 16:27:09.746,9.19231,9.19529,1.07,1.00
2015.03.17 16:27:12.846,9.19231,9.19525,1.07,1.00
2015.03.17 16:27:13.165,9.19231,9.19525,1.00,1.00
2015.03.17 16:27:13.697,9.19218,9.19516,1.00,1.00
2015.03.17 16:27:14.169,9.19198,9.19495,1.37,1.00
2015.03.17 16:27:14.473,9.19216,9.19464,1.10,1.00
2015.03.17 16:27:14.777,9.19226,9.19464,1.00,1.00
2015.03.17 16:27:15.138,9.19236,9.19464,1.00,1.00
2015.03.17 16:27:15.366,9.19216,9.19464,1.00,1.00
2015.03.17 16:27:15.820,9.19176,9.19464,2.25,1.00
2015.03.17 16:27:15.871,9.19176,9.19461,1.50,1.19
2015.03.17 16:27:16.031,9.19176,9.19461,1.50,1.00
2015.03.17 16:27:16.082,9.19176,9.19443,1.50,1.00
2015.03.17 16:27:16.183,9.19176,9.19459,1.50,1.00
2015.03.17 16:27:16.668,9.19176,9.19464,1.50,1.00
2015.03.17 16:27:17.347,9.19176,9.19464,1.50,1.19
2015.03.17 16:27:17.667,9.19176,9.19456,1.50,1.00
2015.03.17 16:27:18.005,9.19179,9.19452,1.00,1.00
2015.03.17 16:27:18.337,9.19179,9.19452,1.00,1.19
2015.03.17 16:27:18.882,9.19179,9.19436,1.00,1.19
2015.03.17 16:27:18.932,9.19176,9.19436,1.50,1.19
2015.03.17 16:27:18.983,9.19176,9.19403,1.50,1.19
2015.03.17 16:27:19.085,9.19116,9.19374,1.00,1.00
2015.03.17 16:27:19.136,9.19106,9.19374,1.00,1.00
2015.03.17 16:27:20.086,9.19095,9.19374,1.00,1.00
2015.03.17 16:27:20.307,9.19081,9.19374,1.00,1.10
2015.03.17 16:27:22.366,9.19066,9.19364,1.50,1.00
2015.03.17 16:27:24.597,9.19053,9.19351,1.00,1.00
2015.03.17 16:27:25.017,9.19039,9.19336,1.00,1.00
2015.03.17 16:27:25.422,9.19052,9.19336,1.00,1.00
2015.03.17 16:27:26.096,9.19066,9.19362,1.00,1.00
2015.03.17 16:27:26.198,9.19054,9.19348,1.00,1.00
2015.03.17 16:27:26.506,9.19037,9.19334,1.00,1.00
2015.03.17 16:27:28.727,9.19026,9.19319,2.25,1.00
2015.03.17 16:27:33.736,9.19034,9.19332,1.00,1.00
2015.03.17 16:27:40.176,9.19034,9.19331,1.00,1.00
2015.03.17 16:27:40.227,9.19034,9.19331,1.19,1.19
2015.03.17 16:27:40.569,9.19034,9.19302,1.26,1.00
2015.03.17 16:27:40.670,9.19034,9.19302,1.00,1.00
2015.03.17 16:27:40.948,9.19026,9.19302,1.50,1.00
2015.03.17 16:27:41.436,9.19031,9.19302,1.00,1.00
2015.03.17 16:27:44.226,9.19031,9.19329,1.00,1.00
2015.03.17 16:27:44.937,9.19026,9.19293,1.50,1.00
2015.03.17 16:27:45.397,9.19026,9.19284,1.50,1.00
2015.03.17 16:27:46.118,9.19026,9.19278,1.50,1.00
2015.03.17 16:27:46.220,9.19026,9.19284,1.50,1.00
2015.03.17 16:27:48.791,9.19009,9.19284,1.00,1.00
2015.03.17 16:27:49.966,9.19009,9.19284,1.00,1.19
2015.03.17 16:27:51.945,9.19009,9.19284,1.00,1.19
2015.03.17 16:27:52.046,9.19017,9.19306,1.00,1.00
2015.03.17 16:27:52.148,9.19031,9.19306,1.00,1.00
2015.03.17 16:27:52.451,9.19077,9.19314,1.00,1.50
2015.03.17 16:27:53.148,9.19077,9.19375,1.50,1.00
2015.03.17 16:27:53.256,9.1909,9.19384,1.00,1.00
2015.03.17 16:27:53.883,9.19077,9.19373,1.00,1.00
2015.03.17 16:27:53.986,9.19077,9.19373,1.19,1.00
2015.03.17 16:27:54.309,9.19097,9.19387,1.00,1.19
2015.03.17 16:27:54.929,9.19086,9.19381,1.19,1.19
2015.03.17 16:27:55.030,9.19108,9.19381,1.00,1.19
2015.03.17 16:27:56.008,9.191,9.19387,1.00,1.19
2015.03.17 16:27:56.329,9.19109,9.19387,1.00,1.19
2015.03.17 16:27:56.380,9.19109,9.19387,1.00,1.00
2015.03.17 16:27:58.350,9.19109,9.19387,1.00,1.19
2015.03.17 16:28:00.725,9.19109,9.19387,1.00,1.00
2015.03.17 16:28:01.877,9.19109,9.19398,1.00,1.19
2015.03.17 16:28:02.388,9.19109,9.19398,1.00,1.19
2015.03.17 16:28:04.394,9.19109,9.19398,1.00,1.19
2015.03.17 16:28:05.920,9.19139,9.19412,1.19,1.00
2015.03.17 16:28:06.346,9.19139,9.19412,1.19,1.00
2015.03.17 16:28:06.448,9.19136,9.19424,1.19,1.50
2015.03.17 16:28:06.499,9.19164,9.19424,1.00,1.50
2015.03.17 16:28:07.559,9.19164,9.19459,1.00,1.00
2015.03.17 16:28:11.467,9.19204,9.19482,1.00,1.00
2015.03.17 16:28:11.518,9.19204,9.19484,1.00,1.00
2015.03.17 16:28:12.154,9.19204,9.19502,1.00,1.00
2015.03.17 16:28:12.357,9.19265,9.19502,1.00,1.00
2015.03.17 16:28:12.509,9.19336,9.19601,1.00,1.19
2015.03.17 16:28:12.763,9.19326,9.19601,1.00,1.19
2015.03.17 16:28:13.218,9.19329,9.19594,1.00,1.26
2015.03.17 16:28:13.527,9.19329,9.19601,1.19,1.00
2015.03.17 16:28:13.629,9.19356,9.19601,1.00,1.00
2015.03.17 16:28:13.680,9.19371,9.19639,1.00,1.00
2015.03.17 16:28:13.781,9.19385,9.19654,1.00,1.50
2015.03.17 16:28:14.437,9.19385,9.19654,1.00,1.57
2015.03.17 16:28:15.073,9.19385,9.19654,1.00,1.50
2015.03.17 16:28:15.124,9.19363,9.19654,1.00,1.50
2015.03.17 16:28:15.978,9.19375,9.19654,1.00,1.50
2015.03.17 16:28:20.769,9.19385,9.19654,1.00,1.50
2015.03.17 16:28:21.073,9.19391,9.19654,1.00,1.50
2015.03.17 16:28:23.231,9.19407,9.19654,1.00,1.50
2015.03.17 16:28:24.105,9.19411,9.19654,1.00,1.50
2015.03.17 16:28:24.822,9.19421,9.19654,1.00,1.50
2015.03.17 16:28:25.752,9.19434,9.19654,1.00,1.50
2015.03.17 16:28:26.056,9.19448,9.19654,1.00,1.50
2015.03.17 16:28:26.506,9.19448,9.19746,1.00,1.37
2015.03.17 16:28:27.857,9.19448,9.19746,1.00,1.56
2015.03.17 16:28:29.895,9.19448,9.19746,1.00,1.56
2015.03.17 16:28:31.086,9.19448,9.19726,1.00,1.19
2015.03.17 16:28:32.241,9.19402,9.19594,1.00,1.00
2015.03.17 16:28:32.292,9.19366,9.19594,1.00,1.00
2015.03.17 16:28:32.393,9.19339,9.19594,1.00,1.00
2015.03.17 16:28:32.444,9.19339,9.19634,1.00,1.69
2015.03.17 16:28:32.495,9.19348,9.19634,1.00,1.69
2015.03.17 16:28:32.597,9.19348,9.19634,1.00,1.69
2015.03.17 16:28:32.647,9.19348,9.19524,1.00,1.00
2015.03.17 16:28:32.698,9.1931,9.19524,1.00,1.00
2015.03.17 16:28:32.749,9.1927,9.19524,1.00,1.00
2015.03.17 16:28:32.952,9.19256,9.19524,1.00,1.00
2015.03.17 16:28:33.386,9.19256,9.19521,1.00,1.00
2015.03.17 16:28:33.591,9.19246,9.19514,1.00,1.00
2015.03.17 16:28:33.855,9.19246,9.19491,1.00,1.00
2015.03.17 16:28:34.385,9.19246,9.19468,1.00,1.00
2015.03.17 16:28:34.604,9.19244,9.19481,1.00,1.00
2015.03.17 16:28:34.756,9.19248,9.19481,1.00,1.00
2015.03.17 16:28:34.807,9.19248,9.19515,1.00,1.00
2015.03.17 16:28:35.156,9.19248,9.19481,1.00,1.00
2015.03.17 16:28:35.832,9.19248,9.19535,1.00,1.50
2015.03.17 16:28:35.985,9.19261,9.19535,1.00,1.50
2015.03.17 16:28:36.306,9.19281,9.19535,1.00,1.50
2015.03.17 16:28:36.609,9.19308,9.19535,1.00,1.50
2015.03.17 16:28:36.916,9.19314,9.19535,1.00,1.50
2015.03.17 16:28:37.484,9.193,9.19535,1.00,1.50
2015.03.17 16:28:41.795,9.19296,9.19535,1.00,1.50
2015.03.17 16:28:41.897,9.19285,9.19535,1.00,1.50
2015.03.17 16:28:41.998,9.19269,9.19535,1.00,1.50
2015.03.17 16:28:42.099,9.19291,9.19535,1.00,1.50
2015.03.17 16:28:42.302,9.19275,9.19535,1.00,1.50
2015.03.17 16:28:44.324,9.19276,9.19522,1.00,1.00
2015.03.17 16:28:44.640,9.19257,9.19497,1.00,1.00
2015.03.17 16:28:45.402,9.19257,9.19523,1.00,1.00
2015.03.17 16:28:46.948,9.19241,9.19535,1.00,1.50
2015.03.17 16:28:47.831,9.19241,9.19481,1.00,1.00
2015.03.17 16:28:48.695,9.19241,9.19441,1.00,1.00
2015.03.17 16:28:48.746,9.19229,9.19441,1.00,1.00
2015.03.17 16:28:48.847,9.19216,9.19441,1.00,1.00
2015.03.17 16:28:50.845,9.19206,9.19441,1.19,1.00
2015.03.17 16:28:52.894,9.19201,9.19441,1.19,1.00
2015.03.17 16:28:53.850,9.19219,9.19441,1.00,1.00
2015.03.17 16:28:54.870,9.19219,9.19441,1.19,1.00
2015.03.17 16:28:56.839,9.19219,9.19441,1.19,1.00
2015.03.17 16:28:58.876,9.19216,9.19441,1.25,1.00
2015.03.17 16:28:59.134,9.192,9.19441,1.19,1.00
2015.03.17 16:28:59.185,9.19197,9.19485,1.26,1.00
2015.03.17 16:28:59.287,9.19212,9.1951,1.00,1.00
2015.03.17 16:28:59.337,9.19212,9.1951,1.37,1.00
2015.03.17 16:28:59.388,9.19225,9.19519,1.07,1.00
2015.03.17 16:28:59.634,9.19225,9.19519,1.00,1.00
2015.03.17 16:28:59.789,9.19211,9.19511,1.25,1.00
2015.03.17 16:29:01.635,9.19216,9.19511,1.00,1.00
2015.03.17 16:29:01.736,9.19225,9.19525,1.50,1.00
2015.03.17 16:29:03.180,9.1923,9.19525,1.19,1.00
2015.03.17 16:29:03.231,9.19251,9.19535,1.00,1.50
2015.03.17 16:29:03.282,9.19251,9.19535,1.12,1.50
2015.03.17 16:29:03.591,9.19251,9.19534,1.37,1.00
2015.03.17 16:29:03.743,9.19248,9.19532,1.00,1.00
2015.03.17 16:29:03.844,9.19248,9.19532,1.12,1.00
2015.03.17 16:29:03.946,9.19248,9.19532,1.07,1.00
2015.03.17 16:29:04.942,9.19224,9.19519,1.56,1.00
2015.03.17 16:29:05.050,9.19224,9.19519,1.56,1.00
2015.03.17 16:29:05.354,9.19257,9.19535,1.07,1.50
2015.03.17 16:29:05.506,9.19257,9.19535,1.07,1.50
2015.03.17 16:29:05.684,9.19257,9.19535,1.00,1.50
2015.03.17 16:29:06.045,9.19257,9.19535,1.07,1.50
2015.03.17 16:29:06.366,9.19257,9.19535,1.07,1.50
2015.03.17 16:29:06.720,9.19257,9.19527,1.07,1.00
2015.03.17 16:29:06.923,9.19257,9.19527,1.07,1.00
2015.03.17 16:29:07.958,9.1923,9.19526,1.37,1.00
2015.03.17 16:29:08.768,9.19259,9.19535,1.07,1.50
2015.03.17 16:29:08.971,9.19259,9.19527,1.07,1.00
2015.03.17 16:29:09.739,9.19264,9.19535,1.00,1.50
2015.03.17 16:29:09.943,9.19248,9.19535,1.00,1.50
2015.03.17 16:29:10.146,9.19263,9.19535,1.00,1.50
2015.03.17 16:29:10.471,9.19263,9.19535,1.07,1.50
2015.03.17 16:29:14.264,9.19263,9.19535,1.00,1.50
2015.03.17 16:29:16.899,9.1925,9.19535,1.00,1.50
2015.03.17 16:29:17.061,9.1925,9.19535,1.07,1.50
2015.03.17 16:29:17.364,9.1925,9.19535,1.37,1.50
2015.03.17 16:29:18.358,9.19276,9.19535,1.07,1.50
2015.03.17 16:29:18.460,9.19276,9.19535,1.00,1.50
2015.03.17 16:29:18.854,9.19276,9.19424,1.00,1.00
2015.03.17 16:29:18.905,9.19256,9.19424,1.07,1.00
2015.03.17 16:29:19.006,9.19226,9.19424,1.00,1.00
2015.03.17 16:29:19.410,9.19206,9.19424,1.07,1.00
2015.03.17 16:29:19.461,9.19206,9.19424,1.00,1.00
2015.03.17 16:29:20.337,9.19206,9.19424,1.00,1.19
2015.03.17 16:29:20.641,9.19145,9.19334,2.25,1.00
2015.03.17 16:29:21.134,9.19136,9.19334,1.00,1.00
2015.03.17 16:29:21.254,9.19126,9.19334,1.00,1.00
2015.03.17 16:29:21.349,9.19126,9.19334,1.75,1.00
2015.03.17 16:29:22.441,9.19177,9.19414,1.75,1.69
2015.03.17 16:29:22.492,9.19177,9.19414,1.75,1.50
2015.03.17 16:29:22.724,9.19177,9.19376,1.75,1.00
2015.03.17 16:29:23.051,9.19177,9.19376,1.75,1.00
2015.03.17 16:29:26.355,9.19177,9.19473,1.82,1.00
2015.03.17 16:29:27.685,9.19214,9.19411,1.75,1.00
2015.03.17 16:29:27.887,9.19214,9.19504,1.75,1.50
2015.03.17 16:29:27.989,9.19229,9.19504,1.00,1.50
2015.03.17 16:29:28.292,9.19257,9.19504,1.00,1.50
2015.03.17 16:29:28.650,9.19277,9.1955,1.00,1.00
2015.03.17 16:29:28.702,9.19277,9.19575,1.00,1.00
2015.03.17 16:29:29.235,9.19295,9.19575,1.00,1.00
2015.03.17 16:29:29.286,9.19295,9.1959,1.00,1.00
2015.03.17 16:29:29.489,9.1932,9.1959,1.07,1.00
2015.03.17 16:29:29.964,9.19332,9.19614,1.37,1.50
2015.03.17 16:29:30.015,9.19351,9.19614,1.00,1.50
2015.03.17 16:29:30.496,9.1936,9.19658,1.00,1.00
2015.03.17 16:29:30.605,9.19377,9.19659,1.00,1.00
2015.03.17 16:29:30.707,9.1938,9.19675,1.00,1.00
2015.03.17 16:29:30.758,9.1938,9.19662,1.00,1.00
2015.03.17 16:29:30.859,9.19383,9.19681,1.00,1.10
2015.03.17 16:29:30.961,9.19406,9.1969,1.00,1.07
2015.03.17 16:29:31.013,9.19407,9.19704,1.07,1.00
2015.03.17 16:29:31.064,9.1942,9.19717,1.00,1.00
2015.03.17 16:29:31.115,9.1942,9.19717,1.75,1.00
2015.03.17 16:29:31.437,9.19407,9.19704,1.75,1.00
2015.03.17 16:29:31.798,9.19407,9.19704,1.00,1.00
2015.03.17 16:29:31.899,9.19407,9.19575,1.00,1.00
2015.03.17 16:29:32.202,9.19231,9.19504,1.94,1.00
2015.03.17 16:29:32.253,9.19271,9.19522,1.75,1.00
2015.03.17 16:29:32.304,9.19302,9.19525,1.37,1.50
2015.03.17 16:29:32.608,9.19324,9.19525,1.37,1.50
2015.03.17 16:29:32.923,9.1933,9.19525,1.37,1.50
2015.03.17 16:29:32.974,9.1933,9.19525,1.37,1.50
2015.03.17 16:29:33.280,9.1933,9.19611,1.37,1.00
2015.03.17 16:29:34.503,9.1933,9.19611,1.75,1.00
2015.03.17 16:29:34.764,9.1933,9.19611,1.37,1.00
2015.03.17 16:29:34.919,9.1933,9.19628,1.37,1.00
2015.03.17 16:29:34.970,9.1933,9.19628,1.75,1.00
2015.03.17 16:29:36.019,9.19345,9.19632,1.37,1.00
2015.03.17 16:29:36.173,9.1935,9.19643,1.07,1.19
2015.03.17 16:29:36.325,9.19362,9.19651,1.00,1.19
2015.03.17 16:29:37.015,9.19356,9.19651,1.07,1.00
2015.03.17 16:29:37.253,9.19356,9.19651,1.37,1.00
2015.03.17 16:29:38.496,9.19356,9.19651,1.07,1.00
2015.03.17 16:29:45.447,9.19369,9.19651,1.00,1.00
2015.03.17 16:29:45.773,9.19369,9.19651,1.07,1.00
2015.03.17 16:29:45.875,9.19385,9.19674,1.00,1.50
2015.03.17 16:29:45.926,9.19396,9.19674,1.00,1.50
2015.03.17 16:29:46.230,9.19413,9.19674,1.00,1.50
2015.03.17 16:29:47.246,9.19399,9.19674,1.37,1.50
2015.03.17 16:29:47.732,9.19415,9.19674,1.00,1.50
2015.03.17 16:29:47.988,9.19415,9.19704,1.75,1.00
2015.03.17 16:29:48.039,9.19415,9.19713,1.75,1.00
2015.03.17 16:29:48.140,9.19438,9.19735,1.07,1.00
2015.03.17 16:29:48.241,9.19459,9.19746,1.00,1.00
2015.03.17 16:29:48.605,9.19465,9.19757,1.00,1.00
2015.03.17 16:29:48.756,9.19473,9.19771,1.00,1.26
2015.03.17 16:29:48.961,9.19473,9.19771,1.00,1.19
2015.03.17 16:29:49.286,9.19473,9.19761,1.00,1.00
2015.03.17 16:29:50.331,9.19465,9.19757,1.00,1.00
2015.03.17 16:29:51.428,9.19474,9.19761,1.00,1.00
2015.03.17 16:29:53.566,9.19465,9.19759,1.75,1.00
2015.03.17 16:29:53.617,9.19516,9.19761,1.75,1.00
2015.03.17 16:29:53.668,9.19516,9.19761,2.25,1.00
2015.03.17 16:29:53.921,9.19552,9.1985,1.75,1.37
2015.03.17 16:29:53.972,9.19552,9.1985,1.75,1.37
2015.03.17 16:29:54.022,9.19573,9.19869,1.00,1.07
2015.03.17 16:29:54.073,9.19573,9.19869,1.75,1.07
2015.03.17 16:29:54.376,9.19599,9.19888,1.00,1.75
2015.03.17 16:29:54.427,9.19603,9.19901,1.00,1.37
2015.03.17 16:29:54.895,9.19603,9.19892,1.75,1.07
2015.03.17 16:29:54.997,9.19603,9.19892,1.00,1.07
2015.03.17 16:29:55.161,9.19599,9.19883,1.37,1.00
2015.03.17 16:29:55.221,9.19599,9.19892,1.37,1.07
2015.03.17 16:29:56.483,9.19625,9.19894,1.00,1.00
2015.03.17 16:29:56.795,9.19625,9.19871,1.00,1.00
2015.03.17 16:29:56.847,9.19625,9.19909,1.00,1.07
2015.03.17 16:29:56.949,9.19642,9.19924,1.00,1.50
2015.03.17 16:29:57.051,9.19657,9.19924,1.00,1.50
2015.03.17 16:29:58.234,9.19673,9.19924,1.00,1.50
2015.03.17 16:29:58.712,9.19688,9.19924,1.00,1.50
2015.03.17 16:29:59.063,9.1972,9.19924,1.00,1.50
2015.03.17 16:29:59.569,9.1972,9.20011,1.00,1.00
2015.03.17 16:30:00.037,9.1972,9.20011,1.00,1.75
2015.03.17 16:30:00.513,9.1972,9.20011,1.00,1.10
2015.03.17 16:30:00.941,9.19733,9.20015,1.00,1.07
2015.03.17 16:30:01.246,9.19733,9.20012,1.00,1.75
2015.03.17 16:30:01.364,9.19719,9.20012,1.00,1.75
2015.03.17 16:30:02.019,9.19719,9.20012,1.00,1.75
2015.03.17 16:30:03.445,9.19732,9.20015,1.00,1.56
2015.03.17 16:30:03.968,9.19714,9.20011,1.00,1.56
2015.03.17 16:30:04.018,9.19714,9.20011,1.00,1.94
2015.03.17 16:30:04.787,9.19698,9.19992,1.00,1.75
2015.03.17 16:30:05.519,9.19712,9.19992,1.00,1.75
2015.03.17 16:30:05.569,9.19698,9.19992,1.00,1.75
2015.03.17 16:30:05.773,9.19698,9.19992,1.00,1.37
2015.03.17 16:30:08.345,9.19816,9.19996,1.00,1.37
2015.03.17 16:30:08.497,9.19816,9.20034,1.00,2.25
2015.03.17 16:30:08.699,9.19806,9.20034,1.00,2.25
2015.03.17 16:30:08.851,9.19806,9.19991,1.00,1.00
2015.03.17 16:30:08.902,9.19778,9.19991,1.00,1.00
2015.03.17 16:30:08.953,9.19726,9.19991,2.25,1.37
2015.03.17 16:30:09.156,9.19719,9.19991,1.00,1.37
2015.03.17 16:30:09.257,9.19723,9.19991,1.00,1.37
2015.03.17 16:30:09.308,9.19723,9.19991,1.00,1.07
2015.03.17 16:30:09.460,9.19708,9.19991,1.25,1.07
2015.03.17 16:30:10.616,9.19708,9.19999,1.00,1.37
2015.03.17 16:30:10.927,9.19708,9.19999,1.00,1.37
2015.03.17 16:30:11.277,9.19708,9.19999,1.10,1.07
2015.03.17 16:30:11.464,9.19708,9.19999,1.07,1.00
2015.03.17 16:30:11.968,9.19724,9.20022,1.00,1.37
2015.03.17 16:30:12.019,9.19724,9.20022,1.00,1.07
2015.03.17 16:30:12.071,9.19738,9.20034,1.00,2.81
2015.03.17 16:30:12.454,9.19738,9.20034,1.00,3.19
2015.03.17 16:30:12.686,9.19738,9.20034,1.00,3.19
2015.03.17 16:30:13.256,9.19738,9.20034,1.00,2.81
2015.03.17 16:30:13.745,9.19738,9.20034,1.00,2.51
2015.03.17 16:30:14.239,9.19738,9.20034,1.00,3.00
2015.03.17 16:30:14.561,9.19738,9.20034,1.00,3.00
2015.03.17 16:30:14.764,9.19726,9.20023,1.00,1.75
2015.03.17 16:30:14.917,9.19726,9.20023,1.00,1.75
2015.03.17 16:30:15.538,9.19726,9.19981,1.00,1.00
2015.03.17 16:30:17.071,9.19726,9.20018,1.00,1.94
2015.03.17 16:30:18.983,9.19725,9.19981,1.00,1.07
2015.03.17 16:30:20.705,9.19725,9.19981,1.00,1.75
2015.03.17 16:30:25.877,9.19725,9.19981,1.00,1.07
2015.03.17 16:30:31.924,9.19725,9.19981,1.00,1.37
2015.03.17 16:30:34.827,9.19715,9.19981,1.00,1.37
2015.03.17 16:30:35.333,9.1969,9.19979,1.00,1.37
2015.03.17 16:30:35.609,9.19677,9.19975,1.19,1.37
2015.03.17 16:30:35.710,9.19677,9.19975,1.19,1.75
2015.03.17 16:30:36.449,9.19697,9.19979,1.00,1.75
2015.03.17 16:30:37.145,9.19696,9.19979,1.00,1.94
2015.03.17 16:30:37.472,9.19698,9.19981,1.00,1.94
2015.03.17 16:30:39.906,9.19696,9.19981,1.00,1.75
2015.03.17 16:30:44.657,9.19676,9.19972,1.00,1.94
2015.03.17 16:30:45.169,9.19676,9.19972,1.00,1.94
2015.03.17 16:30:45.487,9.19693,9.19972,1.00,1.94
2015.03.17 16:30:45.539,9.19676,9.19972,1.00,1.94
2015.03.17 16:30:45.852,9.19689,9.19972,1.00,1.94
2015.03.17 16:30:46.373,9.19676,9.19972,1.00,1.94
2015.03.17 16:30:46.655,9.19694,9.19972,1.00,1.75
2015.03.17 16:30:47.055,9.19694,9.19934,1.00,1.00
2015.03.17 16:30:47.156,9.19675,9.19971,1.00,1.75
2015.03.17 16:30:49.962,9.19675,9.19971,1.00,1.75
2015.03.17 16:30:50.294,9.19675,9.19971,1.00,1.75
2015.03.17 16:30:50.446,9.19661,9.19961,1.00,1.75
2015.03.17 16:30:50.744,9.19661,9.19961,1.00,1.75
2015.03.17 16:30:54.243,9.19655,9.19947,1.00,1.75
2015.03.17 16:30:58.271,9.19646,9.19941,1.50,1.75
2015.03.17 16:30:58.582,9.19646,9.19929,1.50,1.75
2015.03.17 16:30:58.684,9.19646,9.19941,1.50,1.75
2015.03.17 16:30:59.930,9.19646,9.19941,1.50,1.75
2015.03.17 16:31:04.113,9.1963,9.19904,1.00,1.87
2015.03.17 16:31:04.214,9.19619,9.19904,1.00,1.50
2015.03.17 16:31:04.315,9.19629,9.19904,1.00,1.50
2015.03.17 16:31:05.249,9.19617,9.19895,1.00,1.75
2015.03.17 16:31:05.956,9.19617,9.19895,1.00,1.37
2015.03.17 16:31:06.194,9.19617,9.19895,1.00,1.00
2015.03.17 16:31:06.964,9.19617,9.19895,1.00,1.37
2015.03.17 16:31:07.267,9.19604,9.19895,1.00,1.75
2015.03.17 16:31:07.722,9.19604,9.19895,1.00,1.75
2015.03.17 16:31:08.382,9.19604,9.19856,1.00,1.00
2015.03.17 16:31:08.534,9.19591,9.19856,1.00,1.10
2015.03.17 16:31:08.693,9.19591,9.19856,1.00,1.50
2015.03.17 16:31:09.914,9.19591,9.19889,1.00,1.94
2015.03.17 16:31:10.016,9.1956,9.19858,1.00,1.94
2015.03.17 16:31:10.239,9.1956,9.19858,1.00,1.94
2015.03.17 16:31:10.471,9.1956,9.19858,1.00,1.94
2015.03.17 16:31:10.927,9.19542,9.19837,1.00,1.75
2015.03.17 16:31:11.328,9.19529,9.19827,1.50,1.75
2015.03.17 16:31:12.701,9.19542,9.19831,1.00,1.75
2015.03.17 16:31:14.204,9.19542,9.19831,1.00,1.75
2015.03.17 16:31:15.529,9.19529,9.19793,1.00,1.00
2015.03.17 16:31:15.833,9.19516,9.19684,1.50,1.00
2015.03.17 16:31:15.985,9.19436,9.19684,1.00,1.94
2015.03.17 16:31:16.187,9.19436,9.19652,1.00,1.31
2015.03.17 16:31:16.339,9.19426,9.19652,1.00,1.31
2015.03.17 16:31:16.441,9.19426,9.19655,1.00,1.31
2015.03.17 16:31:17.606,9.19406,9.19578,1.00,1.56
2015.03.17 16:31:17.657,9.19307,9.19578,1.00,1.56
2015.03.17 16:31:17.759,9.19296,9.19551,1.00,1.00
2015.03.17 16:31:18.129,9.1929,9.19551,1.00,1.00
2015.03.17 16:31:18.180,9.19275,9.19551,1.00,1.00
2015.03.17 16:31:19.520,9.19275,9.19551,1.00,1.75
2015.03.17 16:31:21.694,9.19262,9.19551,1.00,1.75
2015.03.17 16:31:28.168,9.19248,9.19546,1.00,1.75
2015.03.17 16:31:30.149,9.19248,9.19546,1.00,1.75
2015.03.17 16:31:30.301,9.19246,9.1953,1.50,1.37
2015.03.17 16:31:33.474,9.19246,9.19543,1.50,1.75
2015.03.17 16:31:35.044,9.19245,9.19534,1.00,2.25
2015.03.17 16:31:35.094,9.19232,9.1953,1.00,1.75
2015.03.17 16:31:37.307,9.19247,9.19534,1.00,2.25
2015.03.17 16:31:38.129,9.19234,9.19531,1.00,1.75
2015.03.17 16:31:39.646,9.19219,9.19512,1.50,1.12
2015.03.17 16:31:39.697,9.19219,9.19461,1.50,1.00
2015.03.17 16:31:39.798,9.19183,9.19461,1.37,1.75
2015.03.17 16:31:39.950,9.19152,9.19433,1.00,1.94
2015.03.17 16:31:40.002,9.19133,9.19431,1.00,1.94
2015.03.17 16:31:40.305,9.19117,9.19407,1.00,1.94
2015.03.17 16:31:40.934,9.19117,9.19407,1.00,1.94
2015.03.17 16:31:41.136,9.19101,9.19364,1.00,1.26
2015.03.17 16:31:41.188,9.19101,9.19364,1.00,1.94
2015.03.17 16:31:41.238,9.19099,9.19364,1.00,1.94
2015.03.17 16:31:41.441,9.19066,9.19349,1.50,1.94
2015.03.17 16:31:41.492,9.19066,9.19349,1.50,1.94
2015.03.17 16:31:41.543,9.19054,9.19344,1.00,2.44
2015.03.17 16:31:41.645,9.19041,9.19332,1.00,1.94
2015.03.17 16:31:41.696,9.19041,9.19332,1.00,1.94
2015.03.17 16:31:41.747,9.19034,9.19323,1.00,1.94
2015.03.17 16:31:41.949,9.19034,9.1932,1.00,1.31
2015.03.17 16:31:42.051,9.19021,9.19292,1.00,1.94
2015.03.17 16:31:42.253,9.19006,9.19292,1.00,1.94
2015.03.17 16:31:42.607,9.18992,9.1929,1.00,1.75
2015.03.17 16:31:42.709,9.19009,9.19292,1.00,1.75
2015.03.17 16:31:44.196,9.19028,9.19292,1.00,1.75
2015.03.17 16:31:44.247,9.19028,9.19292,1.00,1.00
2015.03.17 16:31:44.349,9.19028,9.19292,1.19,1.00
2015.03.17 16:31:44.654,9.19035,9.19292,1.00,1.37
2015.03.17 16:31:44.907,9.19035,9.1932,1.00,1.75
2015.03.17 16:31:44.958,9.19053,9.1932,1.00,1.75
2015.03.17 16:31:45.694,9.19053,9.1932,1.00,1.37
2015.03.17 16:31:45.745,9.19053,9.1932,1.19,1.37
2015.03.17 16:31:46.057,9.19053,9.1932,1.19,1.50
2015.03.17 16:31:46.260,9.19053,9.1932,1.19,1.69
2015.03.17 16:31:46.988,9.19029,9.1932,1.75,1.94
2015.03.17 16:31:47.194,9.19029,9.1932,1.00,1.94
2015.03.17 16:31:47.620,9.19042,9.1932,1.00,1.94
2015.03.17 16:31:47.671,9.19042,9.1932,1.00,1.94
2015.03.17 16:31:48.194,9.19042,9.193,1.00,1.75
2015.03.17 16:31:48.764,9.19042,9.193,1.00,1.75
2015.03.17 16:31:49.159,9.19027,9.1932,1.75,1.75
2015.03.17 16:31:49.783,9.19027,9.193,1.75,1.75
2015.03.17 16:31:55.863,9.19027,9.193,1.94,1.75
2015.03.17 16:31:58.448,9.19027,9.193,1.94,1.75
2015.03.17 16:31:59.876,9.19027,9.193,1.94,1.75
2015.03.17 16:32:01.881,9.19027,9.193,1.94,1.75
2015.03.17 16:32:03.096,9.1904,9.193,1.37,1.75
2015.03.17 16:32:03.912,9.1904,9.193,1.37,1.75
2015.03.17 16:32:04.138,9.1904,9.19324,1.37,1.75
2015.03.17 16:32:08.736,9.1904,9.193,1.00,1.75
2015.03.17 16:32:14.215,9.19027,9.193,1.00,1.75
2015.03.17 16:32:14.316,9.19014,9.193,1.25,1.75
2015.03.17 16:32:14.623,9.18999,9.19283,1.00,1.75
2015.03.17 16:32:14.842,9.18985,9.19283,1.00,2.25
2015.03.17 16:32:15.496,9.18985,9.19283,1.00,2.25
2015.03.17 16:32:15.705,9.18985,9.19283,1.07,1.87
2015.03.17 16:32:16.191,9.18985,9.19224,1.07,1.00
2015.03.17 16:32:16.495,9.18968,9.19194,1.00,1.00
2015.03.17 16:32:16.649,9.18956,9.19194,1.50,1.00
2015.03.17 16:32:16.750,9.18903,9.19194,1.00,1.00
2015.03.17 16:32:16.801,9.18903,9.19185,1.00,1.00
2015.03.17 16:32:16.852,9.18867,9.19165,1.07,1.00
2015.03.17 16:32:16.953,9.18866,9.19137,2.32,1.00
2015.03.17 16:32:17.841,9.18866,9.19106,2.32,1.00
2015.03.17 16:32:19.170,9.18866,9.19094,2.32,1.00
2015.03.17 16:32:19.221,9.18866,9.19094,2.25,1.00
2015.03.17 16:32:19.272,9.18866,9.19068,2.25,1.00
2015.03.17 16:32:19.938,9.18866,9.19004,1.50,1.00
2015.03.17 16:32:20.661,9.18836,9.19004,1.00,1.00
2015.03.17 16:32:20.814,9.18846,9.19004,1.00,1.00
2015.03.17 16:32:21.390,9.18839,9.19056,1.31,1.00
2015.03.17 16:32:21.491,9.18846,9.1907,1.50,1.00
2015.03.17 16:32:21.543,9.18846,9.1907,2.25,1.00
2015.03.17 16:32:21.593,9.18852,9.19119,1.75,1.00
2015.03.17 16:32:21.745,9.18852,9.19119,1.37,1.00
2015.03.17 16:32:21.846,9.18859,9.19119,1.12,1.00
2015.03.17 16:32:23.304,9.18918,9.19114,1.00,1.00
2015.03.17 16:32:25.968,9.18918,9.19114,1.19,1.00
2015.03.17 16:32:26.070,9.18918,9.19114,1.00,1.00
2015.03.17 16:32:26.121,9.18906,9.19114,1.31,1.00
2015.03.17 16:32:26.222,9.18906,9.19162,1.26,1.00
2015.03.17 16:32:26.273,9.18906,9.19162,1.94,1.00
2015.03.17 16:32:26.577,9.18927,9.19162,1.75,1.00
2015.03.17 16:32:26.678,9.18927,9.19188,1.75,1.00
2015.03.17 16:32:26.729,9.18927,9.19188,1.00,1.00
2015.03.17 16:32:26.962,9.18949,9.19188,1.00,1.00
2015.03.17 16:32:27.888,9.18988,9.19188,1.00,1.00
2015.03.17 16:32:32.392,9.18988,9.19197,1.00,1.00
2015.03.17 16:32:35.099,9.18988,9.19214,1.00,1.50
2015.03.17 16:32:42.341,9.18988,9.19214,1.19,1.00
2015.03.17 16:32:42.912,9.18988,9.19164,1.19,1.00
2015.03.17 16:32:43.216,9.18956,9.19154,1.56,1.00
2015.03.17 16:32:44.443,9.18958,9.19154,1.56,1.00
2015.03.17 16:32:47.108,9.18946,9.19154,1.31,1.00
2015.03.17 16:32:49.134,9.18938,9.19154,1.56,1.00
2015.03.17 16:32:49.854,9.18936,9.19104,1.76,1.00
2015.03.17 16:32:51.824,9.18936,9.19104,1.69,1.00
2015.03.17 16:32:53.868,9.18936,9.19104,1.69,1.00
2015.03.17 16:32:56.433,9.18936,9.19104,1.69,1.00
2015.03.17 16:32:58.577,9.18936,9.19104,1.69,1.00
2015.03.17 16:32:59.196,9.18914,9.19162,2.44,1.00
2015.03.17 16:32:59.407,9.18916,9.19165,1.56,1.00
2015.03.17 16:33:00.187,9.18912,9.19104,1.94,1.00
2015.03.17 16:33:00.681,9.18912,9.19104,1.94,1.00
2015.03.17 16:33:01.944,9.18922,9.19094,1.69,1.00
2015.03.17 16:33:03.457,9.18922,9.19094,1.26,1.00
2015.03.17 16:33:04.995,9.18922,9.19094,1.26,1.00
2015.03.17 16:33:05.096,9.18923,9.19094,1.01,1.00
2015.03.17 16:33:05.473,9.18929,9.19187,1.31,1.00
2015.03.17 16:33:05.524,9.18929,9.192,1.31,1.00
2015.03.17 16:33:10.692,9.18948,9.192,1.94,1.00
2015.03.17 16:33:12.747,9.18954,9.19213,1.31,1.00
2015.03.17 16:33:12.900,9.18961,9.19213,1.31,1.00
2015.03.17 16:33:13.765,9.18971,9.1923,1.12,1.00
2015.03.17 16:33:15.202,9.18946,9.1923,1.31,1.00
2015.03.17 16:33:16.038,9.18976,9.19244,1.12,1.00
2015.03.17 16:33:23.583,9.18962,9.19256,1.94,1.00
2015.03.17 16:33:23.685,9.18962,9.19214,1.94,1.00
2015.03.17 16:33:24.715,9.18962,9.1923,1.94,1.00
2015.03.17 16:33:24.766,9.18968,9.19243,1.56,1.00
2015.03.17 16:33:24.968,9.18977,9.19243,1.12,1.00
2015.03.17 16:33:25.325,9.18977,9.19243,1.12,1.00
2015.03.17 16:33:28.825,9.18968,9.19243,1.56,1.00
2015.03.17 16:33:28.926,9.18977,9.19243,1.12,1.00
2015.03.17 16:33:29.232,9.18968,9.19263,1.94,1.00
2015.03.17 16:33:29.622,9.18991,9.19259,1.12,1.00
2015.03.17 16:33:29.969,9.18974,9.19239,1.31,1.00
2015.03.17 16:33:30.070,9.18974,9.19239,1.31,1.00
2015.03.17 16:33:33.858,9.18972,9.19239,1.31,1.00
2015.03.17 16:33:33.909,9.18987,9.19239,1.12,1.00
2015.03.17 16:33:34.011,9.18987,9.19259,1.12,1.00
2015.03.17 16:33:44.116,9.1899,9.19275,1.37,1.00
2015.03.17 16:33:44.318,9.18999,9.19275,1.12,1.00
2015.03.17 16:33:45.627,9.1899,9.19275,1.56,1.00
2015.03.17 16:33:46.973,9.1899,9.19275,1.56,1.00
2015.03.17 16:33:48.021,9.1899,9.19275,1.94,1.00
2015.03.17 16:33:48.961,9.18999,9.19275,1.31,1.00
2015.03.17 16:33:49.492,9.18999,9.19275,1.31,1.00
2015.03.17 16:33:50.683,9.19026,9.19275,1.50,1.00
2015.03.17 16:34:09.393,9.19026,9.1926,1.50,1.00
2015.03.17 16:34:09.698,9.18946,9.19204,1.94,1.00
2015.03.17 16:34:10.459,9.18958,9.19231,1.75,1.00
2015.03.17 16:34:10.763,9.18976,9.19245,1.12,1.00
2015.03.17 16:34:11.067,9.18976,9.19245,1.12,1.00
2015.03.17 16:34:11.657,9.18984,9.19245,1.12,1.00
2015.03.17 16:34:11.759,9.18984,9.19262,1.12,1.00
2015.03.17 16:34:15.952,9.18989,9.19262,1.01,1.00
2015.03.17 16:34:16.257,9.18975,9.19247,1.31,1.00
2015.03.17 16:34:17.131,9.18986,9.19247,1.31,1.00
2015.03.17 16:34:17.182,9.18986,9.19261,1.31,1.00
2015.03.17 16:34:23.881,9.18984,9.19275,1.12,1.00
2015.03.17 16:34:24.745,9.18994,9.19275,1.12,1.00
2015.03.17 16:34:25.934,9.19001,9.19275,1.12,1.00
2015.03.17 16:34:26.150,9.18998,9.19275,1.75,1.00
2015.03.17 16:34:26.201,9.18996,9.19262,1.12,1.00
2015.03.17 16:34:27.412,9.18996,9.19284,1.31,1.00
2015.03.17 16:34:27.920,9.19026,9.19254,1.57,1.00
2015.03.17 16:34:28.224,9.19026,9.19248,1.57,1.00
2015.03.17 16:34:28.897,9.19026,9.19248,1.87,1.00
2015.03.17 16:34:28.998,9.19026,9.19261,1.87,1.00
2015.03.17 16:34:29.200,9.19026,9.19247,1.87,1.00
2015.03.17 16:34:29.352,9.19026,9.19247,1.50,1.00
2015.03.17 16:34:31.064,9.18954,9.19247,1.00,1.00
2015.03.17 16:34:31.115,9.18949,9.19232,1.00,1.00
2015.03.17 16:34:31.217,9.18932,9.1923,1.00,1.00
2015.03.17 16:34:31.318,9.18924,9.19214,1.00,1.00
2015.03.17 16:34:31.764,9.18916,9.19201,1.00,1.00
2015.03.17 16:34:32.067,9.18896,9.1917,2.25,1.00
2015.03.17 16:34:32.399,9.18898,9.19168,1.75,1.00
2015.03.17 16:34:33.405,9.18896,9.19168,2.25,1.00
2015.03.17 16:34:34.135,9.18908,9.19164,1.75,1.00
2015.03.17 16:34:34.472,9.18896,9.19144,2.25,1.00
2015.03.17 16:34:34.624,9.18896,9.19144,1.57,1.00
2015.03.17 16:34:34.675,9.18896,9.19055,1.57,1.00
2015.03.17 16:34:35.662,9.18896,9.19112,1.57,1.00
2015.03.17 16:34:35.712,9.18896,9.19131,2.25,1.00
2015.03.17 16:34:35.763,9.18896,9.19142,2.25,1.50
2015.03.17 16:34:35.965,9.18896,9.19142,2.25,1.50
2015.03.17 16:34:37.183,9.18896,9.19157,2.25,1.00
2015.03.17 16:34:38.386,9.18908,9.1917,1.75,1.00
2015.03.17 16:34:39.616,9.18908,9.19171,1.75,1.00
2015.03.17 16:34:41.738,9.18908,9.19167,1.94,1.00
2015.03.17 16:34:46.139,9.18896,9.19164,2.44,1.00
2015.03.17 16:34:46.190,9.18896,9.19164,2.44,1.00
2015.03.17 16:34:47.649,9.18908,9.19167,1.75,1.00
2015.03.17 16:34:47.700,9.18908,9.19167,1.75,1.00
2015.03.17 16:34:47.751,9.18896,9.19174,2.44,1.50
2015.03.17 16:34:48.263,9.18908,9.19174,1.75,1.50
2015.03.17 16:34:48.370,9.18908,9.19174,1.75,1.50
2015.03.17 16:34:48.421,9.18908,9.19159,1.75,1.00
2015.03.17 16:34:49.464,9.18908,9.19174,1.75,1.00
2015.03.17 16:34:49.928,9.18896,9.19161,2.25,1.00
2015.03.17 16:34:50.981,9.18896,9.19174,2.25,1.00
2015.03.17 16:34:51.390,9.18908,9.19164,1.75,1.00
2015.03.17 16:34:51.441,9.18908,9.19161,1.75,1.00
2015.03.17 16:34:52.460,9.18896,9.19174,2.44,1.00
2015.03.17 16:34:53.178,9.18896,9.19164,2.44,1.00
2015.03.17 16:34:53.229,9.18896,9.19154,2.44,1.00
2015.03.17 16:34:54.168,9.18896,9.19174,2.44,1.50
2015.03.17 16:34:54.219,9.18896,9.19174,2.44,1.00
2015.03.17 16:34:54.523,9.18908,9.19154,1.50,1.00
2015.03.17 16:34:56.094,9.19054,9.19315,1.00,1.00
2015.03.17 16:34:56.145,9.19069,9.19342,1.00,1.00
2015.03.17 16:34:56.246,9.19082,9.1937,1.00,1.26
2015.03.17 16:34:56.348,9.191,9.1937,1.00,1.26
2015.03.17 16:34:56.954,9.191,9.1937,1.00,1.07
2015.03.17 16:34:57.056,9.19114,9.1937,1.00,1.07
2015.03.17 16:34:57.208,9.19114,9.19395,1.00,1.87
2015.03.17 16:34:57.260,9.1914,9.19395,1.00,1.87
2015.03.17 16:34:57.412,9.19155,9.19395,1.00,1.50
2015.03.17 16:34:58.035,9.19168,9.19395,1.00,1.50
2015.03.17 16:34:58.339,9.19182,9.19395,1.00,1.50
2015.03.17 16:34:58.839,9.19196,9.19395,1.00,1.50
2015.03.17 16:34:59.331,9.19196,9.19443,1.00,1.00
2015.03.17 16:34:59.640,9.19196,9.19474,1.00,1.12
2015.03.17 16:34:59.742,9.19196,9.19474,1.00,1.00
2015.03.17 16:34:59.944,9.19196,9.19474,1.37,1.00
2015.03.17 16:35:01.133,9.19196,9.19441,1.37,1.00
2015.03.17 16:35:01.690,9.19208,9.19474,1.07,1.00
2015.03.17 16:35:02.903,9.19208,9.19474,1.07,1.19
2015.03.17 16:35:05.119,9.19208,9.19474,1.07,1.19
2015.03.17 16:35:06.871,9.19208,9.19474,1.07,1.19
2015.03.17 16:35:08.872,9.19208,9.19474,1.07,1.19
2015.03.17 16:35:10.901,9.19208,9.19474,1.07,1.19
2015.03.17 16:35:13.442,9.19208,9.19474,1.07,1.19
2015.03.17 16:35:14.331,9.19211,9.19474,1.07,1.00
2015.03.17 16:35:14.382,9.19232,9.19493,1.00,1.00
2015.03.17 16:35:14.686,9.19264,9.19494,1.00,1.50
2015.03.17 16:35:14.989,9.19277,9.19494,1.00,1.50
2015.03.17 16:35:15.040,9.19277,9.19532,1.00,1.00
2015.03.17 16:35:15.525,9.19264,9.19532,1.00,1.00
2015.03.17 16:35:21.210,9.1928,9.19532,1.00,1.00
2015.03.17 16:35:21.261,9.1928,9.19572,1.00,1.56
2015.03.17 16:35:21.363,9.19289,9.19572,1.00,1.56
2015.03.17 16:35:21.689,9.19313,9.19579,1.00,1.94
2015.03.17 16:35:23.341,9.19313,9.19579,1.00,1.75
2015.03.17 16:35:26.935,9.193,9.19581,1.00,1.75
2015.03.17 16:35:32.845,9.19318,9.19581,1.00,1.75
2015.03.17 16:35:37.026,9.19302,9.19581,1.00,1.75
2015.03.17 16:35:47.046,9.19289,9.19581,1.00,1.75
2015.03.17 16:35:49.107,9.19289,9.19581,1.00,1.00
2015.03.17 16:35:49.160,9.1934,9.19594,1.00,1.50
2015.03.17 16:35:49.262,9.19347,9.19638,1.00,1.07
2015.03.17 16:35:49.364,9.19357,9.19655,1.00,1.87
2015.03.17 16:35:59.365,9.19368,9.19655,1.00,1.37
2015.03.17 16:35:59.669,9.19383,9.19676,1.00,1.75
2015.03.17 16:36:00.248,9.19383,9.19676,1.00,1.75
2015.03.17 16:36:00.450,9.19383,9.19676,1.00,1.37
2015.03.17 16:36:01.660,9.19383,9.19676,1.75,1.00
2015.03.17 16:36:01.714,9.19411,9.19694,1.00,1.50
2015.03.17 16:36:01.765,9.19411,9.19687,1.00,1.00
2015.03.17 16:36:01.816,9.19388,9.19686,1.00,1.00
2015.03.17 16:36:01.917,9.19394,9.19694,1.00,2.25
2015.03.17 16:36:02.650,9.19394,9.19694,1.00,2.62
2015.03.17 16:36:02.701,9.19379,9.19677,1.00,1.00
2015.03.17 16:36:02.914,9.19379,9.19661,1.00,1.00
2015.03.17 16:36:03.217,9.19395,9.19661,1.00,1.00
2015.03.17 16:36:03.528,9.19409,9.19661,1.12,1.00
2015.03.17 16:36:04.855,9.19424,9.19661,1.37,1.00
2015.03.17 16:36:04.906,9.19424,9.19694,1.37,1.50
2015.03.17 16:36:05.183,9.1941,9.19694,1.37,1.50
2015.03.17 16:36:05.744,9.1941,9.19694,1.07,1.50
2015.03.17 16:36:12.552,9.1941,9.19654,1.32,1.00
2015.03.17 16:36:12.857,9.19408,9.19642,1.26,1.00
2015.03.17 16:36:13.014,9.19408,9.19642,1.19,1.00
2015.03.17 16:36:13.166,9.19346,9.19642,1.75,1.00
2015.03.17 16:36:13.217,9.19346,9.19618,1.50,1.00
2015.03.17 16:36:14.442,9.19306,9.19554,1.87,1.00
2015.03.17 16:36:14.958,9.19306,9.19554,2.25,1.00
2015.03.17 16:36:15.213,9.19306,9.19588,2.44,1.00
2015.03.17 16:36:15.264,9.19306,9.19591,2.44,1.00
2015.03.17 16:36:15.732,9.19318,9.19591,1.94,1.00
2015.03.17 16:36:16.143,9.19318,9.19577,1.94,1.00
2015.03.17 16:36:17.134,9.19306,9.19543,3.19,1.00
2015.03.17 16:36:17.439,9.19306,9.19484,1.50,1.00
2015.03.17 16:36:18.268,9.19306,9.19474,1.50,1.00
2015.03.17 16:36:18.319,9.19266,9.19474,1.00,1.00
2015.03.17 16:36:18.370,9.19246,9.19474,1.00,1.00
2015.03.17 16:36:18.420,9.19246,9.19464,1.00,1.00
2015.03.17 16:36:18.631,9.19227,9.19479,1.00,1.00
2015.03.17 16:36:18.732,9.19227,9.19433,1.00,1.00
2015.03.17 16:36:19.036,9.19227,9.19398,1.00,1.00
2015.03.17 16:36:19.087,9.19126,9.19398,1.00,1.00
2015.03.17 16:36:19.138,9.19106,9.19381,1.87,1.00
2015.03.17 16:36:19.239,9.19106,9.19381,1.50,1.00
2015.03.17 16:36:19.816,9.19136,9.19381,1.00,1.00
2015.03.17 16:36:20.123,9.19136,9.19294,1.00,1.00
2015.03.17 16:36:20.174,9.19116,9.19294,1.00,1.00
2015.03.17 16:36:21.173,9.19106,9.19308,1.50,1.00
2015.03.17 16:36:21.224,9.19106,9.19305,1.50,1.37
2015.03.17 16:36:21.274,9.19007,9.19289,1.00,1.00
2015.03.17 16:36:21.325,9.19,9.19268,1.00,1.00
2015.03.17 16:36:21.376,9.18985,9.19268,1.50,1.00
2015.03.17 16:36:21.528,9.18985,9.1925,1.50,1.00
2015.03.17 16:36:22.582,9.18985,9.19216,1.50,1.00
2015.03.17 16:36:22.633,9.18985,9.19241,1.50,1.00
2015.03.17 16:36:23.250,9.18947,9.19241,1.00,1.00
2015.03.17 16:36:23.454,9.18947,9.19241,1.37,1.00
2015.03.17 16:36:25.236,9.18947,9.19228,1.37,1.00
2015.03.17 16:36:26.034,9.18919,9.19215,1.75,1.00
2015.03.17 16:36:26.085,9.18919,9.19215,1.37,1.00
2015.03.17 16:36:26.136,9.18936,9.19234,1.10,1.00
2015.03.17 16:36:26.512,9.1892,9.1922,1.37,1.00
2015.03.17 16:36:27.700,9.18905,9.19184,1.00,1.00
2015.03.17 16:36:27.852,9.18903,9.19184,1.00,1.00
2015.03.17 16:36:28.005,9.18908,9.19184,1.00,1.00
2015.03.17 16:36:28.056,9.18908,9.19197,1.00,1.00
2015.03.17 16:36:32.354,9.18916,9.19197,1.00,1.00
2015.03.17 16:36:32.657,9.18896,9.19164,2.25,1.00
2015.03.17 16:36:32.968,9.18896,9.19165,2.32,1.00
2015.03.17 16:36:33.282,9.18917,9.19165,1.00,1.00
2015.03.17 16:36:34.123,9.18917,9.19172,1.00,1.00
2015.03.17 16:36:34.174,9.18896,9.19172,1.76,1.00
2015.03.17 16:36:34.858,9.18898,9.19184,1.26,1.00
2015.03.17 16:36:34.909,9.18918,9.19104,1.07,1.00
2015.03.17 16:36:35.010,9.18916,9.19104,1.00,1.00
2015.03.17 16:36:35.111,9.18906,9.19104,1.19,1.00
2015.03.17 16:36:35.911,9.18916,9.19104,1.00,1.00
2015.03.17 16:36:36.539,9.18916,9.19104,1.19,1.00
2015.03.17 16:36:37.838,9.18916,9.19104,1.00,1.00
2015.03.17 16:36:37.889,9.18898,9.19163,1.19,1.07
2015.03.17 16:36:37.940,9.18896,9.19183,1.69,1.00
2015.03.17 16:36:37.991,9.18896,9.19187,1.69,1.00
2015.03.17 16:36:38.093,9.18906,9.19187,1.82,1.00
2015.03.17 16:36:38.194,9.18906,9.19187,1.07,1.00
2015.03.17 16:36:38.296,9.18906,9.19187,1.82,1.00
2015.03.17 16:36:38.592,9.18896,9.19187,2.81,1.00
2015.03.17 16:36:39.851,9.18918,9.19195,1.00,1.00
2015.03.17 16:36:40.004,9.18918,9.19195,1.37,1.00
2015.03.17 16:36:40.301,9.18918,9.19195,1.00,1.00
2015.03.17 16:36:40.539,9.18918,9.19195,1.37,1.00
2015.03.17 16:36:40.741,9.18918,9.19195,1.00,1.00
2015.03.17 16:36:40.944,9.18918,9.19195,1.37,1.00
2015.03.17 16:36:41.258,9.18949,9.19214,1.94,1.00
2015.03.17 16:36:41.570,9.18968,9.19215,1.94,1.00
2015.03.17 16:36:41.881,9.18988,9.19214,1.31,1.00
2015.03.17 16:36:42.187,9.18986,9.19264,2.44,1.00
2015.03.17 16:36:42.892,9.19003,9.19264,1.94,1.00
2015.03.17 16:36:43.474,9.19025,9.19264,1.31,1.00
2015.03.17 16:36:43.901,9.19031,9.19264,1.31,1.00
2015.03.17 16:36:43.952,9.19031,9.19313,1.31,1.00
2015.03.17 16:36:44.053,9.19049,9.19328,1.31,1.00
2015.03.17 16:36:56.072,9.19078,9.19328,1.00,1.00
2015.03.17 16:36:56.123,9.19078,9.19345,1.00,1.00
2015.03.17 16:36:56.450,9.19078,9.19345,1.75,1.00
2015.03.17 16:36:56.603,9.19078,9.19353,1.75,1.00
2015.03.17 16:36:56.906,9.19078,9.19344,1.87,1.00
2015.03.17 16:36:57.412,9.19078,9.19344,1.75,1.00
2015.03.17 16:36:58.853,9.19086,9.19344,1.31,1.00
2015.03.17 16:36:58.903,9.19086,9.19364,1.31,1.00
2015.03.17 16:36:59.179,9.19086,9.19364,1.31,1.00
2015.03.17 16:36:59.980,9.19086,9.19364,1.31,1.00
2015.03.17 16:37:00.185,9.19086,9.19364,1.31,1.00
2015.03.17 16:37:01.193,9.19086,9.19364,1.31,1.00
2015.03.17 16:37:01.611,9.19086,9.19359,1.31,1.00
2015.03.17 16:37:01.699,9.19086,9.19359,1.31,1.00
2015.03.17 16:37:01.963,9.19086,9.19359,1.31,1.00
2015.03.17 16:37:02.183,9.19086,9.19359,1.31,1.00
2015.03.17 16:37:04.291,9.19086,9.19364,1.31,1.00
2015.03.17 16:37:04.493,9.19086,9.19364,1.31,1.00
2015.03.17 16:37:05.108,9.19086,9.19364,1.31,1.00
2015.03.17 16:37:05.439,9.19086,9.19364,1.31,1.00
2015.03.17 16:37:05.658,9.19086,9.19364,1.31,1.00
2015.03.17 16:37:06.912,9.19087,9.19364,1.31,1.00
2015.03.17 16:37:07.418,9.19087,9.19364,1.31,1.00
2015.03.17 16:37:07.677,9.19087,9.19364,1.31,1.00
2015.03.17 16:37:07.885,9.19087,9.19364,1.31,1.00
2015.03.17 16:37:09.003,9.19094,9.19364,1.31,1.00
2015.03.17 16:37:09.446,9.19078,9.19376,1.94,1.00
2015.03.17 16:37:09.501,9.19092,9.1939,1.75,1.00
2015.03.17 16:37:09.910,9.19098,9.19364,1.75,1.00
2015.03.17 16:37:09.961,9.19098,9.19364,1.75,1.00
2015.03.17 16:37:10.169,9.19098,9.19364,1.37,1.00
2015.03.17 16:37:10.938,9.19098,9.19364,1.75,1.00
2015.03.17 16:37:11.722,9.19098,9.19364,1.37,1.00
2015.03.17 16:37:13.630,9.19098,9.19364,1.94,1.00
2015.03.17 16:37:37.113,9.19095,9.19364,1.75,1.19
2015.03.17 16:37:37.417,9.19078,9.19262,1.00,1.00
2015.03.17 16:37:37.468,9.19078,9.19284,1.00,1.00
2015.03.17 16:37:37.570,9.19078,9.19305,1.00,1.50
2015.03.17 16:37:37.722,9.19078,9.19312,1.00,1.00
2015.03.17 16:37:38.046,9.19078,9.19339,1.00,1.00
2015.03.17 16:37:39.226,9.19078,9.19339,1.07,1.00
2015.03.17 16:37:39.277,9.19078,9.19354,1.07,1.00
2015.03.17 16:37:39.666,9.19077,9.19354,1.07,1.00
2015.03.17 16:37:39.717,9.19077,9.19366,1.07,1.00
2015.03.17 16:37:39.768,9.19096,9.19394,1.00,1.50
2015.03.17 16:37:39.920,9.19096,9.19364,1.00,1.00
2015.03.17 16:37:39.971,9.19088,9.19364,1.00,1.00
2015.03.17 16:37:40.022,9.19088,9.19364,1.37,1.00
2015.03.17 16:37:40.123,9.19088,9.19364,1.00,1.00
2015.03.17 16:37:40.325,9.19088,9.19364,1.37,1.00
2015.03.17 16:37:40.905,9.19088,9.19364,1.75,1.00
2015.03.17 16:37:41.618,9.19106,9.19364,1.50,1.00
2015.03.17 16:37:41.669,9.19106,9.19392,1.50,1.00
2015.03.17 16:37:41.770,9.19112,9.19394,1.00,1.00
2015.03.17 16:37:42.544,9.19112,9.19364,1.00,1.00
2015.03.17 16:37:42.595,9.19106,9.19364,1.87,1.00
2015.03.17 16:37:42.696,9.19106,9.19354,1.87,1.00
2015.03.17 16:37:42.747,9.19106,9.19354,1.50,1.00
2015.03.17 16:37:43.418,9.19106,9.19355,1.50,1.00
2015.03.17 16:37:44.667,9.19106,9.19344,1.50,1.00
2015.03.17 16:37:47.798,9.19106,9.19386,1.50,1.00
2015.03.17 16:37:48.417,9.19106,9.19364,1.50,1.00
2015.03.17 16:37:52.118,9.19106,9.19386,1.50,1.00
2015.03.17 16:37:52.425,9.19106,9.19386,1.57,1.00
2015.03.17 16:37:52.526,9.19106,9.19386,1.50,1.00
2015.03.17 16:37:52.889,9.19106,9.19364,1.50,1.00
2015.03.17 16:37:57.395,9.19106,9.19386,1.50,1.00
2015.03.17 16:37:57.547,9.19113,9.1939,1.00,1.00
2015.03.17 16:37:57.749,9.19113,9.19411,1.00,1.00
2015.03.17 16:37:57.851,9.19113,9.19406,1.00,1.00
2015.03.17 16:37:58.160,9.19106,9.19364,1.50,1.00
2015.03.17 16:37:58.464,9.19106,9.19154,1.50,1.00
2015.03.17 16:37:58.565,9.19026,9.1914,1.19,1.00
2015.03.17 16:37:58.616,9.19036,9.19174,1.19,1.00
2015.03.17 16:37:58.871,9.19026,9.19174,1.00,1.00
2015.03.17 16:37:59.073,9.19036,9.19174,1.00,1.00
2015.03.17 16:37:59.394,9.19026,9.19174,1.00,1.00
2015.03.17 16:37:59.497,9.19026,9.19174,1.26,1.00
2015.03.17 16:37:59.598,9.19026,9.19174,1.07,1.00
2015.03.17 16:37:59.650,9.19029,9.19284,1.10,1.00
2015.03.17 16:37:59.701,9.19029,9.19287,1.75,1.00
2015.03.17 16:37:59.802,9.19037,9.19315,1.75,1.00
2015.03.17 16:37:59.904,9.19053,9.19342,1.69,1.00
2015.03.17 16:38:01.440,9.19078,9.19342,1.37,1.00
2015.03.17 16:38:01.745,9.1919,9.19375,1.00,1.50
2015.03.17 16:38:02.051,9.19204,9.19401,1.00,1.37
2015.03.17 16:38:02.538,9.19231,9.19401,1.00,1.37
2015.03.17 16:38:03.100,9.19244,9.19401,1.00,1.37
2015.03.17 16:38:03.776,9.19257,9.19401,1.00,1.37
2015.03.17 16:38:04.486,9.19244,9.19401,1.00,1.37
2015.03.17 16:38:04.690,9.19231,9.19401,1.00,1.37
2015.03.17 16:38:06.821,9.19248,9.19401,1.00,1.37
2015.03.17 16:38:06.973,9.19248,9.19401,1.00,1.00
2015.03.17 16:38:07.125,9.19248,9.19474,1.00,2.25
2015.03.17 16:38:07.176,9.19248,9.19474,1.00,1.50
2015.03.17 16:38:07.227,9.19261,9.19474,1.00,1.50
2015.03.17 16:38:07.531,9.19103,9.19363,1.75,1.19
2015.03.17 16:38:07.835,9.19316,9.19484,1.00,2.81
2015.03.17 16:38:08.152,9.19316,9.19416,1.00,1.00
2015.03.17 16:38:08.253,9.19316,9.19484,1.00,1.76
2015.03.17 16:38:08.624,9.19269,9.19484,1.00,2.51
2015.03.17 16:38:08.675,9.19269,9.19484,1.00,2.32
2015.03.17 16:38:08.726,9.19314,9.19484,1.00,1.50
2015.03.17 16:38:09.709,9.1931,9.19484,1.00,1.50
2015.03.17 16:38:09.912,9.19321,9.19484,1.00,1.50
2015.03.17 16:38:10.689,9.19349,9.19484,1.00,1.50
2015.03.17 16:38:10.790,9.19349,9.19602,1.00,1.94
2015.03.17 16:38:11.252,9.19334,9.19587,1.00,1.94
2015.03.17 16:38:11.436,9.1932,9.19561,1.00,1.75
2015.03.17 16:38:11.487,9.1932,9.19561,1.00,1.75
2015.03.17 16:38:11.902,9.1932,9.19561,1.00,1.75
2015.03.17 16:38:12.674,9.1932,9.19561,1.00,1.75
2015.03.17 16:38:21.951,9.19347,9.19561,1.00,1.94
2015.03.17 16:38:22.052,9.19328,9.19561,1.00,1.94
2015.03.17 16:38:22.480,9.19342,9.19561,1.00,1.12
2015.03.17 16:38:22.582,9.19327,9.19561,1.00,1.00
2015.03.17 16:38:23.053,9.19327,9.19561,1.00,1.37
2015.03.17 16:38:24.455,9.19327,9.19592,1.00,1.75
2015.03.17 16:38:24.557,9.19327,9.1959,1.00,1.75
2015.03.17 16:38:24.608,9.19342,9.19604,1.00,2.32
2015.03.17 16:38:24.658,9.19342,9.19604,1.00,2.25
2015.03.17 16:38:24.760,9.19357,9.19604,1.00,2.25
2015.03.17 16:38:24.962,9.19342,9.19601,1.00,1.75
2015.03.17 16:38:27.277,9.19342,9.19601,1.00,1.94
2015.03.17 16:38:29.721,9.19342,9.19601,1.00,1.94
2015.03.17 16:38:30.535,9.19342,9.19565,1.00,1.01
2015.03.17 16:38:30.737,9.1933,9.19565,1.00,1.01
2015.03.17 16:38:34.770,9.1933,9.19594,1.00,1.75
2015.03.17 16:38:35.074,9.1933,9.19581,1.00,1.75
2015.03.17 16:38:35.176,9.1933,9.19581,1.00,1.75
2015.03.17 16:38:35.769,9.1933,9.19581,1.00,1.00
2015.03.17 16:38:35.820,9.19332,9.19581,1.00,1.00
2015.03.17 16:38:36.684,9.19346,9.19604,1.00,1.50
2015.03.17 16:38:36.735,9.19388,9.19604,1.00,1.50
2015.03.17 16:38:37.059,9.19403,9.19604,1.00,1.50
2015.03.17 16:38:37.764,9.19404,9.19604,1.00,1.50
2015.03.17 16:38:38.484,9.19428,9.19604,1.00,1.50
2015.03.17 16:38:38.637,9.19414,9.19604,1.00,1.50
2015.03.17 16:38:48.964,9.19401,9.19604,1.00,1.50
2015.03.17 16:38:53.218,9.19387,9.19604,1.00,1.50
2015.03.17 16:38:54.222,9.19408,9.19604,1.00,1.50
2015.03.17 16:38:58.398,9.19395,9.19604,1.00,1.50
2015.03.17 16:38:58.500,9.19382,9.19604,1.00,1.50
2015.03.17 16:38:59.220,9.19399,9.19604,1.00,1.50
2015.03.17 16:39:00.100,9.19446,9.19604,1.00,1.50
2015.03.17 16:39:00.454,9.19456,9.19604,1.00,1.50
2015.03.17 16:39:01.428,9.19393,9.19604,1.50,1.50
2015.03.17 16:39:02.234,9.19436,9.19604,1.00,1.50
2015.03.17 16:39:02.538,9.19446,9.19604,1.00,1.50
2015.03.17 16:39:03.368,9.19446,9.196,1.00,1.00
2015.03.17 16:39:03.419,9.1938,9.196,1.00,1.00
2015.03.17 16:39:04.499,9.19399,9.196,1.00,1.00
2015.03.17 16:39:08.917,9.19399,9.19603,1.00,1.00
2015.03.17 16:39:08.968,9.19399,9.19603,1.00,1.07
2015.03.17 16:39:09.019,9.19368,9.19603,1.00,1.07
2015.03.17 16:39:15.672,9.19368,9.19609,1.00,1.00
2015.03.17 16:39:15.723,9.19398,9.19609,1.00,1.00
2015.03.17 16:39:19.188,9.19398,9.19609,1.00,1.37
2015.03.17 16:39:19.878,9.19385,9.19609,1.00,1.37
2015.03.17 16:39:20.146,9.19372,9.19582,1.00,1.00
2015.03.17 16:39:20.410,9.19372,9.19582,1.00,1.37
2015.03.17 16:39:20.759,9.19354,9.19582,1.00,1.75
2015.03.17 16:39:26.879,9.19341,9.19569,1.00,1.37
2015.03.17 16:39:37.671,9.19354,9.19566,1.00,1.12
2015.03.17 16:39:38.498,9.19338,9.19566,1.00,1.12
2015.03.17 16:39:40.871,9.19351,9.19566,1.00,1.31
2015.03.17 16:39:56.440,9.19337,9.19562,1.00,1.07
2015.03.17 16:39:56.747,9.1935,9.19562,1.00,1.07
2015.03.17 16:39:59.837,9.19337,9.19562,1.00,1.07
2015.03.17 16:39:59.888,9.19337,9.19562,1.00,1.37
2015.03.17 16:40:15.401,9.19313,9.19549,1.00,1.12
2015.03.17 16:40:15.732,9.19313,9.19521,1.00,1.00
2015.03.17 16:40:17.266,9.193,9.19521,1.00,1.00
2015.03.17 16:40:20.734,9.193,9.19561,1.00,1.75
2015.03.17 16:40:20.785,9.19345,9.19561,1.00,1.75
2015.03.17 16:40:20.886,9.19336,9.19546,1.50,1.37
2015.03.17 16:40:20.987,9.19336,9.19553,1.50,1.07
2015.03.17 16:40:21.094,9.19346,9.19553,1.00,1.07
2015.03.17 16:40:21.514,9.19361,9.19553,1.00,1.07
2015.03.17 16:40:21.565,9.19361,9.19553,1.00,1.00
2015.03.17 16:40:23.307,9.19348,9.19553,1.00,1.00
2015.03.17 16:40:24.211,9.19364,9.19553,1.00,1.00
2015.03.17 16:40:25.413,9.19364,9.19571,1.00,1.07
2015.03.17 16:40:30.482,9.19364,9.19571,1.00,1.37
2015.03.17 16:40:30.735,9.1933,9.19579,1.00,1.75
2015.03.17 16:40:31.440,9.19345,9.19561,1.00,1.37
2015.03.17 16:40:31.650,9.19345,9.19561,1.00,1.10
2015.03.17 16:40:32.249,9.19346,9.19561,1.00,1.10
2015.03.17 16:40:34.218,9.19346,9.19541,1.00,1.00
2015.03.17 16:40:34.471,9.19307,9.19541,1.00,1.37
2015.03.17 16:40:39.712,9.19307,9.1952,1.00,1.00
2015.03.17 16:40:43.059,9.1932,9.1952,1.00,1.00
2015.03.17 16:40:43.110,9.1932,9.19541,1.00,1.37
2015.03.17 16:40:44.150,9.1932,9.19541,1.00,1.07
2015.03.17 16:40:44.202,9.19386,9.19584,1.00,1.56
2015.03.17 16:40:44.304,9.19386,9.19584,1.00,1.26
2015.03.17 16:40:44.455,9.19396,9.19614,1.00,1.94
2015.03.17 16:40:44.658,9.19415,9.19614,1.00,1.00
2015.03.17 16:40:44.809,9.19415,9.19641,1.00,1.31
2015.03.17 16:40:45.062,9.19434,9.19641,1.00,1.31
2015.03.17 16:40:46.661,9.19434,9.19631,1.00,1.00
2015.03.17 16:40:48.013,9.19421,9.19631,1.00,1.00
2015.03.17 16:40:50.182,9.19434,9.19631,1.00,1.00
2015.03.17 16:41:04.624,9.19421,9.19631,1.00,1.00
2015.03.17 16:41:12.055,9.19421,9.19626,1.00,1.00
2015.03.17 16:41:12.210,9.19402,9.19626,1.00,1.00
2015.03.17 16:41:12.457,9.19396,9.19626,1.00,1.07
2015.03.17 16:41:12.804,9.19396,9.19602,1.00,1.00
2015.03.17 16:41:13.149,9.19396,9.19592,1.00,1.00
2015.03.17 16:41:18.775,9.19396,9.19592,1.00,1.19
2015.03.17 16:41:20.749,9.19396,9.19592,1.00,1.26
2015.03.17 16:41:22.754,9.19396,9.19592,1.00,1.26
2015.03.17 16:41:24.948,9.19396,9.19592,1.00,1.26
2015.03.17 16:41:25.915,9.19396,9.19567,1.00,1.00
2015.03.17 16:41:26.241,9.19406,9.19567,1.00,1.00
2015.03.17 16:41:27.012,9.19406,9.19567,1.00,1.69
2015.03.17 16:41:28.972,9.19406,9.19567,1.00,1.69
2015.03.17 16:41:30.977,9.19406,9.19567,1.00,1.69
2015.03.17 16:41:32.983,9.19406,9.19561,1.00,1.19
2015.03.17 16:41:34.099,9.19406,9.19561,1.00,1.00
2015.03.17 16:41:34.201,9.19406,9.19586,1.00,1.19
2015.03.17 16:41:34.403,9.19416,9.19586,1.00,1.19
2015.03.17 16:41:34.926,9.19406,9.19586,1.00,1.19
2015.03.17 16:41:34.977,9.19406,9.19571,1.00,1.00
2015.03.17 16:41:36.098,9.19406,9.19571,1.00,1.19
2015.03.17 16:41:37.972,9.19406,9.19571,1.00,1.19
2015.03.17 16:41:38.304,9.19406,9.19497,1.00,1.00
2015.03.17 16:41:38.456,9.19366,9.19497,1.00,1.00
2015.03.17 16:41:38.893,9.19376,9.19497,1.00,1.00
2015.03.17 16:41:39.684,9.19366,9.19497,1.00,1.00
2015.03.17 16:41:40.056,9.19366,9.19467,1.00,1.00
2015.03.17 16:41:40.208,9.19336,9.19467,1.00,1.00
2015.03.17 16:41:40.360,9.19336,9.19467,1.00,1.19
2015.03.17 16:41:42.417,9.19366,9.19467,1.00,1.19
2015.03.17 16:41:43.334,9.19366,9.19454,1.00,1.00
2015.03.17 16:41:46.111,9.19386,9.19511,1.00,1.00
2015.03.17 16:41:46.162,9.19396,9.19511,1.00,1.00
2015.03.17 16:41:46.313,9.19396,9.1954,1.00,1.19
2015.03.17 16:41:47.384,9.19406,9.1954,1.00,1.19
2015.03.17 16:41:47.956,9.19406,9.1954,1.00,1.19
2015.03.17 16:41:48.112,9.19416,9.19564,1.00,1.69
2015.03.17 16:41:48.163,9.19416,9.19564,1.00,1.50
2015.03.17 16:41:48.214,9.19416,9.196,1.00,1.56
2015.03.17 16:41:48.470,9.19406,9.196,1.00,1.56
2015.03.17 16:41:50.188,9.19406,9.19592,1.00,1.56
2015.03.17 16:41:54.151,9.19406,9.19592,1.00,1.56
2015.03.17 16:41:56.155,9.19406,9.19592,1.00,1.56
2015.03.17 16:42:00.809,9.19406,9.19592,1.00,1.56
2015.03.17 16:42:02.774,9.19406,9.19592,1.00,1.56
2015.03.17 16:42:05.954,9.19406,9.19584,1.00,1.31
2015.03.17 16:42:06.884,9.19406,9.19584,1.00,1.31
2015.03.17 16:42:08.894,9.19406,9.19588,1.00,1.56
2015.03.17 16:42:12.898,9.19406,9.19588,1.00,1.56
2015.03.17 16:42:14.928,9.19406,9.19587,1.00,1.56
2015.03.17 16:42:16.909,9.19406,9.19587,1.00,1.56
2015.03.17 16:42:19.015,9.19406,9.19587,1.00,1.56
2015.03.17 16:42:20.918,9.19406,9.19587,1.00,1.56
2015.03.17 16:42:29.940,9.19406,9.19585,1.00,1.56
2015.03.17 16:42:32.512,9.19406,9.19585,1.00,1.56
2015.03.17 16:42:33.951,9.19406,9.19585,1.00,1.56
2015.03.17 16:42:35.955,9.19406,9.19584,1.00,1.31
2015.03.17 16:42:37.991,9.19406,9.19584,1.00,1.31
2015.03.17 16:42:39.967,9.19406,9.19584,1.00,1.31
2015.03.17 16:42:41.972,9.19406,9.19584,1.00,1.31
2015.03.17 16:42:43.976,9.19406,9.19584,1.00,1.56
2015.03.17 16:42:46.219,9.19406,9.19584,1.00,1.56
2015.03.17 16:42:47.990,9.19406,9.19587,1.00,1.56
2015.03.17 16:42:50.506,9.19406,9.19587,1.00,1.56
2015.03.17 16:42:52.549,9.19406,9.19587,1.00,1.56
2015.03.17 16:42:54.748,9.19406,9.19586,1.00,1.56
2015.03.17 16:42:56.514,9.19406,9.19586,1.00,1.56
2015.03.17 16:42:58.519,9.19406,9.19586,1.00,1.56
2015.03.17 16:43:00.523,9.19406,9.19586,1.00,1.56
2015.03.17 16:43:04.533,9.19406,9.19586,1.00,1.56
2015.03.17 16:43:06.537,9.19406,9.19586,1.00,1.56
2015.03.17 16:43:08.742,9.19406,9.19586,1.00,1.56
2015.03.17 16:43:10.545,9.19406,9.19586,1.00,1.56
2015.03.17 16:43:14.556,9.19406,9.19584,1.00,1.56
2015.03.17 16:43:20.572,9.19406,9.19585,1.00,1.56
2015.03.17 16:43:24.632,9.19406,9.19585,1.00,1.56
2015.03.17 16:43:27.523,9.19406,9.19587,1.00,1.56
2015.03.17 16:43:28.618,9.19406,9.19587,1.00,1.56
2015.03.17 16:43:30.628,9.19406,9.19587,1.00,1.56
2015.03.17 16:43:32.614,9.19406,9.19587,1.00,1.56
2015.03.17 16:43:34.670,9.19406,9.19583,1.00,1.31
2015.03.17 16:43:36.957,9.19406,9.19583,1.00,1.56
2015.03.17 16:44:01.720,9.19406,9.19591,1.00,1.69
2015.03.17 16:44:03.915,9.19406,9.19591,1.00,1.69
2015.03.17 16:44:10.143,9.19406,9.19592,1.00,1.94
2015.03.17 16:44:12.564,9.19406,9.19592,1.00,1.94
2015.03.17 16:44:14.174,9.19406,9.19592,1.00,1.94
2015.03.17 16:44:18.567,9.19406,9.19588,1.00,1.56
2015.03.17 16:44:20.573,9.19406,9.19588,1.00,1.56
2015.03.17 16:44:22.579,9.19406,9.19588,1.00,1.56
2015.03.17 16:44:25.087,9.19406,9.19586,1.00,1.56
2015.03.17 16:44:27.191,9.19406,9.19586,1.00,1.56
2015.03.17 16:44:29.219,9.19406,9.19587,1.00,1.56
2015.03.17 16:44:31.223,9.19406,9.19587,1.00,1.56
2015.03.17 16:44:34.113,9.19406,9.19587,1.00,1.56
2015.03.17 16:44:35.250,9.19406,9.19586,1.00,1.56
2015.03.17 16:44:37.481,9.19406,9.19586,1.00,1.56
2015.03.17 16:44:45.344,9.19406,9.19583,1.00,1.56
2015.03.17 16:44:47.749,9.19406,9.19583,1.00,1.56
2015.03.17 16:44:49.397,9.19406,9.19583,1.00,1.56
2015.03.17 16:44:51.360,9.19406,9.19582,1.00,1.56
2015.03.17 16:44:53.366,9.19406,9.19582,1.00,1.56
2015.03.17 16:44:55.387,9.19406,9.19582,1.00,1.56
2015.03.17 16:44:57.418,9.19406,9.19583,1.00,1.56
2015.03.17 16:44:59.385,9.19406,9.19583,1.00,1.56
2015.03.17 16:45:06.008,9.19406,9.19642,1.00,1.31
2015.03.17 16:45:08.012,9.19406,9.19642,1.00,1.31
2015.03.17 16:45:16.360,9.19406,9.19639,1.00,1.31
2015.03.17 16:45:18.495,9.19406,9.19639,1.00,1.31
2015.03.17 16:45:20.347,9.19406,9.19642,1.00,1.31
2015.03.17 16:45:22.935,9.19406,9.19633,1.00,1.31
2015.03.17 16:45:24.358,9.19406,9.19641,1.00,1.31
2015.03.17 16:45:26.363,9.19406,9.19636,1.00,1.31
2015.03.17 16:45:28.368,9.19406,9.19636,1.00,1.31
2015.03.17 16:45:30.374,9.19406,9.19636,1.00,1.31
2015.03.17 16:45:32.380,9.19406,9.19612,1.00,1.31
2015.03.17 16:45:36.389,9.19406,9.19639,1.00,1.31
2015.03.17 16:45:36.962,9.19416,9.19636,1.00,1.31
2015.03.17 16:45:40.933,9.19416,9.19639,1.00,1.31
2015.03.17 16:45:42.406,9.19416,9.19639,1.00,1.31
2015.03.17 16:45:42.577,9.19478,9.19651,1.00,1.31
2015.03.17 16:45:42.628,9.19478,9.19694,1.00,1.94
2015.03.17 16:45:42.679,9.19566,9.19704,1.00,1.31
2015.03.17 16:45:42.781,9.19566,9.19704,1.00,1.31
2015.03.17 16:45:42.831,9.19563,9.19637,1.00,1.01
2015.03.17 16:45:42.883,9.19493,9.19586,1.00,1.00
2015.03.17 16:45:42.934,9.19473,9.19586,1.00,1.00
2015.03.17 16:45:42.987,9.19467,9.19586,1.00,1.00
2015.03.17 16:45:43.038,9.19447,9.19586,1.00,1.00
2015.03.17 16:45:43.089,9.19433,9.19586,1.00,1.00
2015.03.17 16:45:49.833,9.1949,9.19637,1.00,1.01
2015.03.17 16:45:50.136,9.19488,9.19591,1.00,1.00
2015.03.17 16:45:50.237,9.19452,9.19591,1.00,1.00
2015.03.17 16:45:53.107,9.19569,9.19654,1.00,1.12
2015.03.17 16:45:53.209,9.19583,9.19692,1.00,1.31
2015.03.17 16:45:53.361,9.19576,9.19697,1.00,1.31
2015.03.17 16:45:54.779,9.19576,9.19727,1.00,1.01
2015.03.17 16:45:59.829,9.19576,9.19723,1.00,1.01
2015.03.17 16:45:59.880,9.19576,9.19723,1.00,1.01
2015.03.17 16:45:59.931,9.19606,9.19794,1.00,3.56
2015.03.17 16:46:00.873,9.19606,9.19764,1.00,1.01
2015.03.17 16:46:01.153,9.19616,9.19794,1.00,3.19
2015.03.17 16:46:02.880,9.19616,9.19776,1.00,1.94
2015.03.17 16:46:04.887,9.19616,9.19753,1.00,1.01
2015.03.17 16:46:06.191,9.19626,9.19776,1.00,1.94
2015.03.17 16:46:09.312,9.19626,9.19776,1.00,1.26
2015.03.17 16:46:10.174,9.19626,9.19776,1.00,1.26
2015.03.17 16:46:12.297,9.19636,9.19797,1.00,1.19
2015.03.17 16:46:13.150,9.19646,9.19797,1.00,1.19
2015.03.17 16:46:14.206,9.19646,9.19797,1.00,1.19
2015.03.17 16:46:14.717,9.19656,9.19816,1.00,1.19
2015.03.17 16:46:16.209,9.19656,9.19816,1.00,1.19
2015.03.17 16:46:18.226,9.19656,9.19816,1.00,1.19
2015.03.17 16:46:23.099,9.19656,9.19816,1.00,1.69
2015.03.17 16:46:25.205,9.19656,9.19816,1.00,1.94
2015.03.17 16:46:28.259,9.19656,9.19816,1.00,1.94
2015.03.17 16:46:32.223,9.19656,9.19816,1.00,1.94
2015.03.17 16:46:34.227,9.19656,9.19816,1.00,1.94
2015.03.17 16:46:36.231,9.19656,9.19816,1.00,1.94
2015.03.17 16:46:38.267,9.19656,9.19816,1.00,1.94
2015.03.17 16:46:38.860,9.19716,9.1984,1.00,1.75
2015.03.17 16:46:39.112,9.19712,9.19836,1.00,1.00
2015.03.17 16:46:39.214,9.19705,9.19836,1.00,1.00
2015.03.17 16:46:39.265,9.19677,9.19836,1.00,1.00
2015.03.17 16:46:39.846,9.19716,9.19836,1.00,1.00
2015.03.17 16:46:40.065,9.19676,9.19836,1.00,1.00
2015.03.17 16:46:40.218,9.19685,9.19836,1.00,1.00
2015.03.17 16:46:41.660,9.19676,9.19836,1.00,1.00
2015.03.17 16:46:41.865,9.19804,9.19924,1.00,2.44
2015.03.17 16:46:42.068,9.19806,9.19872,1.00,1.00
2015.03.17 16:46:42.169,9.19804,9.19841,1.00,1.00
2015.03.17 16:46:42.221,9.19724,9.19841,1.50,1.00
2015.03.17 16:46:42.272,9.19704,9.19841,1.00,1.19
2015.03.17 16:46:42.323,9.19698,9.19841,1.00,1.19
2015.03.17 16:46:43.166,9.19698,9.19841,1.00,1.00
2015.03.17 16:46:44.631,9.19812,9.19841,1.00,1.00
2015.03.17 16:46:44.733,9.19824,9.19982,1.00,1.94
2015.03.17 16:46:44.835,9.19824,9.19998,1.00,1.94
2015.03.17 16:46:46.365,9.19896,9.19998,1.00,1.07
2015.03.17 16:46:46.779,9.19896,9.20064,1.00,2.44
2015.03.17 16:46:54.723,9.19896,9.20061,1.00,1.94
2015.03.17 16:46:55.795,9.19901,9.20061,1.00,1.94
2015.03.17 16:46:56.668,9.19901,9.20061,1.00,1.94
2015.03.17 16:46:57.591,9.19901,9.20061,1.00,1.94
2015.03.17 16:46:57.692,9.19896,9.20061,1.00,1.94
2015.03.17 16:46:57.794,9.19896,9.20061,1.00,1.94
2015.03.17 16:46:58.408,9.19896,9.20061,1.00,1.94
2015.03.17 16:46:59.796,9.19896,9.20061,1.00,1.94
2015.03.17 16:47:01.801,9.19896,9.20061,1.00,1.94
2015.03.17 16:47:05.211,9.19896,9.20061,1.00,1.94
2015.03.17 16:47:08.118,9.19896,9.20061,1.00,1.94
2015.03.17 16:47:08.169,9.19839,9.20061,1.00,1.94
2015.03.17 16:47:08.220,9.19839,9.20061,1.00,1.94
2015.03.17 16:47:08.721,9.19839,9.20046,1.00,1.94
2015.03.17 16:47:10.096,9.19785,9.20016,1.00,2.00
2015.03.17 16:47:10.298,9.19795,9.20008,1.00,1.75
2015.03.17 16:47:10.668,9.19784,9.20008,1.00,1.75
2015.03.17 16:47:11.305,9.19784,9.19961,1.00,1.00
2015.03.17 16:47:11.519,9.19784,9.19961,1.00,1.37
2015.03.17 16:47:16.206,9.19789,9.20032,1.00,1.94
2015.03.17 16:47:17.129,9.19819,9.20064,1.00,2.44
2015.03.17 16:47:17.433,9.19896,9.20031,1.00,1.31
2015.03.17 16:47:18.998,9.19896,9.20036,1.00,1.31
2015.03.17 16:47:19.049,9.19896,9.20036,1.00,1.31
2015.03.17 16:47:20.064,9.19896,9.20027,1.00,1.31
2015.03.17 16:47:22.052,9.19896,9.20022,1.00,1.31
2015.03.17 16:47:24.450,9.19896,9.20064,1.00,2.44
2015.03.17 16:47:25.569,9.19896,9.20042,1.00,1.31
2015.03.17 16:47:27.592,9.19896,9.20042,1.00,1.31
2015.03.17 16:47:29.568,9.19896,9.20059,1.00,1.31
2015.03.17 16:47:31.615,9.19896,9.20059,1.00,1.31
2015.03.17 16:47:33.576,9.19896,9.20044,1.00,1.31
2015.03.17 16:47:35.088,9.19896,9.20044,1.00,1.31
2015.03.17 16:47:36.378,9.19896,9.20044,1.00,1.31
2015.03.17 16:47:37.324,9.19896,9.20044,1.00,1.31
2015.03.17 16:47:39.315,9.19896,9.20047,1.00,1.31
2015.03.17 16:47:39.467,9.19896,9.20047,1.00,1.31
2015.03.17 16:47:42.328,9.19896,9.20047,1.00,1.31
2015.03.17 16:47:43.330,9.19896,9.20047,1.00,1.31
2015.03.17 16:47:43.381,9.19827,9.20064,1.00,2.44
2015.03.17 16:47:43.432,9.19827,9.20064,1.00,2.44
2015.03.17 16:47:43.534,9.198,9.20054,1.00,1.31
2015.03.17 16:47:43.686,9.198,9.20054,1.00,2.06
2015.03.17 16:47:43.838,9.19774,9.20054,1.00,2.06
2015.03.17 16:47:44.347,9.198,9.20037,1.00,1.31
2015.03.17 16:47:46.408,9.198,9.20027,1.00,1.94
2015.03.17 16:47:46.739,9.198,9.20032,1.00,1.94
2015.03.17 16:47:47.148,9.19887,9.20032,1.00,1.94
2015.03.17 16:47:47.542,9.19916,9.20056,1.00,1.31
2015.03.17 16:47:47.858,9.19916,9.20056,1.00,1.31
2015.03.17 16:47:51.415,9.19916,9.20074,1.00,1.94
2015.03.17 16:47:53.335,9.19916,9.20074,1.00,1.75
2015.03.17 16:47:54.483,9.20038,9.20134,1.00,1.00
2015.03.17 16:47:54.536,9.20038,9.20274,1.00,2.44
2015.03.17 16:47:54.638,9.20038,9.20274,1.00,2.44
2015.03.17 16:47:54.898,9.20038,9.20224,1.00,2.21
2015.03.17 16:47:54.949,9.20006,9.20224,1.50,2.21
2015.03.17 16:47:55.050,9.20006,9.20201,1.00,1.19
2015.03.17 16:47:55.376,9.20006,9.20214,1.00,1.39
2015.03.17 16:47:55.579,9.20006,9.20214,1.00,1.39
2015.03.17 16:47:55.631,9.20006,9.20197,1.00,1.00
2015.03.17 16:47:55.935,9.19944,9.20163,1.00,1.75
2015.03.17 16:47:56.036,9.19915,9.20163,1.00,1.75
2015.03.17 16:47:56.391,9.19915,9.20163,1.00,1.82
2015.03.17 16:47:56.786,9.19933,9.20163,1.00,1.82
2015.03.17 16:47:58.078,9.19933,9.20164,1.00,2.32
2015.03.17 16:47:58.675,9.19933,9.20164,1.00,2.32
2015.03.17 16:47:59.895,9.19922,9.20164,1.00,2.32
2015.03.17 16:47:59.996,9.19922,9.20164,1.00,2.32
2015.03.17 16:48:00.887,9.19922,9.20164,1.00,2.32
2015.03.17 16:48:01.315,9.19922,9.20164,1.00,2.32
2015.03.17 16:48:01.417,9.19922,9.20164,1.00,2.32
2015.03.17 16:48:04.824,9.19923,9.20159,1.00,1.12
2015.03.17 16:48:05.095,9.19923,9.20159,1.00,1.12
2015.03.17 16:48:06.428,9.19923,9.20164,1.00,2.32
2015.03.17 16:48:07.342,9.19936,9.20164,1.00,1.57
2015.03.17 16:48:07.444,9.19965,9.20164,1.00,1.57
2015.03.17 16:48:07.951,9.19965,9.20164,1.00,1.50
2015.03.17 16:48:09.116,9.20136,9.20274,1.00,1.50
2015.03.17 16:48:09.169,9.20136,9.20362,1.00,1.75
2015.03.17 16:48:09.220,9.20116,9.20362,1.00,1.75
2015.03.17 16:48:09.271,9.20095,9.20362,1.00,1.00
2015.03.17 16:48:09.423,9.20095,9.20365,1.00,1.00
2015.03.17 16:48:09.487,9.20095,9.20365,1.00,1.75
2015.03.17 16:48:09.740,9.20095,9.20365,1.00,1.75
2015.03.17 16:48:10.261,9.20095,9.20365,1.00,1.75
2015.03.17 16:48:10.516,9.20124,9.20394,1.00,1.87
2015.03.17 16:48:10.567,9.20128,9.20394,1.00,1.87
2015.03.17 16:48:10.873,9.20153,9.20394,1.00,1.50
2015.03.17 16:48:11.182,9.20155,9.20394,1.00,2.25
2015.03.17 16:48:11.779,9.20188,9.20394,1.00,2.25
2015.03.17 16:48:11.829,9.20188,9.20394,1.00,1.50
2015.03.17 16:48:11.931,9.20218,9.20394,1.00,1.50
2015.03.17 16:48:12.235,9.20231,9.20394,1.00,1.50
2015.03.17 16:48:12.791,9.20218,9.20394,1.00,1.50
2015.03.17 16:48:12.842,9.20212,9.20374,1.00,1.48
2015.03.17 16:48:12.893,9.20136,9.20364,1.00,1.20
2015.03.17 16:48:12.944,9.20146,9.20364,1.00,1.20
2015.03.17 16:48:13.096,9.20146,9.20364,1.00,1.39
2015.03.17 16:48:13.199,9.20236,9.20364,1.00,1.39
2015.03.17 16:48:13.401,9.20236,9.20364,1.00,1.20
2015.03.17 16:48:13.452,9.20236,9.20388,1.00,1.00
2015.03.17 16:48:13.503,9.20236,9.20394,1.00,1.50
2015.03.17 16:48:14.602,9.20202,9.20394,1.00,1.50
2015.03.17 16:48:14.653,9.20211,9.20394,1.00,1.50
2015.03.17 16:48:16.647,9.20212,9.20394,1.00,1.50
2015.03.17 16:48:18.982,9.20208,9.20394,1.00,1.50
2015.03.17 16:48:19.083,9.20199,9.20394,1.00,1.50
2015.03.17 16:48:19.405,9.20206,9.20394,1.00,1.50
2015.03.17 16:48:19.506,9.20199,9.20394,1.00,1.50
2015.03.17 16:48:19.897,9.20209,9.20394,1.00,1.50
2015.03.17 16:48:19.999,9.20199,9.20394,1.00,1.50
2015.03.17 16:48:20.100,9.20193,9.20394,1.00,1.50
2015.03.17 16:48:20.407,9.20207,9.20394,1.00,1.50
2015.03.17 16:48:20.509,9.20193,9.20394,1.00,1.50
2015.03.17 16:48:28.433,9.20173,9.20394,1.00,1.50
2015.03.17 16:48:28.485,9.20171,9.20394,1.00,1.50
2015.03.17 16:48:28.637,9.20156,9.20394,1.19,1.50
2015.03.17 16:48:29.305,9.20146,9.20394,1.19,1.50
2015.03.17 16:48:29.999,9.20146,9.20385,1.19,1.00
2015.03.17 16:48:30.151,9.20101,9.20385,1.00,1.00
2015.03.17 16:48:30.202,9.20095,9.20392,1.00,1.00
2015.03.17 16:48:30.405,9.20095,9.20365,1.00,1.00
2015.03.17 16:48:30.557,9.20082,9.20365,1.19,1.00
2015.03.17 16:48:30.759,9.20082,9.20365,1.19,1.37
2015.03.17 16:48:31.539,9.20061,9.20338,1.19,1.07
2015.03.17 16:48:31.592,9.20061,9.20338,1.00,1.07
2015.03.17 16:48:31.643,9.20061,9.20338,1.00,1.75
2015.03.17 16:48:31.846,9.20046,9.20311,1.50,1.07
2015.03.17 16:48:32.048,9.20046,9.20311,1.00,1.75
2015.03.17 16:48:32.504,9.20046,9.20311,1.00,1.07
2015.03.17 16:48:32.944,9.20059,9.20311,1.00,1.07
2015.03.17 16:48:33.045,9.20059,9.20311,1.00,1.00
2015.03.17 16:48:36.598,9.20059,9.20301,1.19,1.00
2015.03.17 16:48:37.279,9.20059,9.20318,1.19,1.07
2015.03.17 16:48:37.950,9.20059,9.20318,1.00,1.07
2015.03.17 16:48:45.813,9.20059,9.20316,1.00,1.37
2015.03.17 16:48:46.268,9.20059,9.20316,1.00,1.00
2015.03.17 16:48:47.925,9.20059,9.20312,1.00,1.00
2015.03.17 16:48:48.233,9.20059,9.20312,1.00,1.37
2015.03.17 16:48:48.385,9.20039,9.20312,1.00,1.37
2015.03.17 16:48:48.436,9.20029,9.20312,1.00,1.37
2015.03.17 16:48:48.538,9.20029,9.20312,1.00,1.75
2015.03.17 16:48:48.690,9.20014,9.20312,1.00,2.25
2015.03.17 16:48:51.527,9.20009,9.20284,1.00,1.07
2015.03.17 16:48:51.730,9.20023,9.20284,1.00,1.07
2015.03.17 16:48:52.502,9.2001,9.20284,1.00,1.07
2015.03.17 16:48:52.604,9.20028,9.20284,1.00,1.07
2015.03.17 16:48:52.808,9.20011,9.20284,1.00,1.07
2015.03.17 16:48:54.049,9.20009,9.20284,1.00,1.07
2015.03.17 16:48:54.100,9.20029,9.20284,1.00,1.07
2015.03.17 16:48:54.201,9.20009,9.20284,1.50,1.07
2015.03.17 16:48:54.541,9.20023,9.20284,1.00,1.07
2015.03.17 16:48:54.857,9.20047,9.20284,1.00,1.00
2015.03.17 16:48:55.026,9.20047,9.20292,1.00,1.00
2015.03.17 16:48:55.437,9.20066,9.20304,1.00,2.25
2015.03.17 16:48:55.867,9.20075,9.20303,1.00,1.00
2015.03.17 16:48:56.392,9.20076,9.20303,1.00,1.00
2015.03.17 16:48:56.973,9.20028,9.20294,1.00,1.00
2015.03.17 16:48:57.074,9.20028,9.20292,1.00,1.00
2015.03.17 16:48:57.619,9.20048,9.20292,1.00,1.00
2015.03.17 16:48:57.922,9.20063,9.20292,1.00,1.00
2015.03.17 16:48:57.973,9.20063,9.20297,1.00,1.00
2015.03.17 16:48:58.733,9.20047,9.20297,1.00,1.00
2015.03.17 16:48:58.885,9.20047,9.20299,1.00,1.00
2015.03.17 16:48:58.936,9.20033,9.20299,1.00,1.07
2015.03.17 16:49:01.267,9.20021,9.20299,1.00,1.07
2015.03.17 16:49:01.469,9.20034,9.20299,1.00,1.07
2015.03.17 16:49:02.177,9.20019,9.20299,1.00,1.07
2015.03.17 16:49:02.228,9.20019,9.20299,1.00,1.37
2015.03.17 16:49:02.279,9.20004,9.20299,1.00,1.37
2015.03.17 16:49:02.381,9.20017,9.20299,1.00,1.37
2015.03.17 16:49:02.678,9.20004,9.20299,1.00,1.37
2015.03.17 16:49:03.787,9.20046,9.20276,1.00,1.00
2015.03.17 16:49:04.094,9.20034,9.20276,1.00,1.00
2015.03.17 16:49:04.246,9.20014,9.20276,1.00,1.00
2015.03.17 16:49:06.785,9.20011,9.20276,1.00,1.00
2015.03.17 16:49:07.286,9.19999,9.20276,1.00,1.00
2015.03.17 16:49:08.898,9.19999,9.2028,1.00,1.00
2015.03.17 16:49:11.100,9.19999,9.2028,1.19,1.00
2015.03.17 16:49:12.749,9.19999,9.2028,1.19,1.37
2015.03.17 16:49:12.900,9.19999,9.2028,1.19,1.00
2015.03.17 16:49:13.002,9.19999,9.2028,1.19,1.37
2015.03.17 16:49:13.807,9.19999,9.2028,1.00,1.37
2015.03.17 16:49:17.037,9.19999,9.20256,1.00,1.00
2015.03.17 16:49:17.814,9.19999,9.20256,1.19,1.00
2015.03.17 16:49:19.836,9.19999,9.20256,1.00,1.00
2015.03.17 16:49:23.898,9.19999,9.20268,1.00,1.00
2015.03.17 16:49:29.796,9.19999,9.20261,1.00,1.00
2015.03.17 16:49:30.852,9.19985,9.20261,1.00,1.00
2015.03.17 16:49:30.954,9.20005,9.20261,1.00,1.00
2015.03.17 16:49:31.257,9.2001,9.20261,1.00,1.00
2015.03.17 16:49:35.905,9.2001,9.20261,1.19,1.00
2015.03.17 16:49:37.895,9.2001,9.20261,1.19,1.00
2015.03.17 16:49:39.868,9.2001,9.20261,1.19,1.00
2015.03.17 16:49:40.257,9.19996,9.20263,1.19,1.00
2015.03.17 16:49:40.565,9.20012,9.20263,1.00,1.00
2015.03.17 16:49:42.823,9.20015,9.20263,1.00,1.00
2015.03.17 16:49:43.071,9.20001,9.20263,1.19,1.00
2015.03.17 16:49:43.407,9.20014,9.20263,1.00,1.00
2015.03.17 16:49:43.508,9.20002,9.20263,1.19,1.00
2015.03.17 16:49:44.095,9.19982,9.20067,1.00,1.00
2015.03.17 16:49:44.148,9.19916,9.20023,1.87,1.00
2015.03.17 16:49:44.249,9.19916,9.20081,1.50,1.87
2015.03.17 16:49:44.300,9.19916,9.20017,1.50,1.00
2015.03.17 16:49:44.351,9.19876,9.20017,1.00,1.00
2015.03.17 16:49:44.502,9.19876,9.20017,1.00,1.19
2015.03.17 16:49:44.690,9.19866,9.20066,1.19,1.94
2015.03.17 16:49:45.310,9.19866,9.20066,1.00,1.94
2015.03.17 16:49:45.462,9.19791,9.2001,1.00,1.75
2015.03.17 16:49:45.513,9.19771,9.19975,1.00,1.00
2015.03.17 16:49:45.564,9.19731,9.19975,1.00,1.75
2015.03.17 16:49:45.615,9.19712,9.19975,1.19,1.75
2015.03.17 16:49:45.953,9.19712,9.19975,1.00,1.94
2015.03.17 16:49:46.004,9.19712,9.19975,1.00,1.94
2015.03.17 16:49:48.763,9.19712,9.19901,1.00,1.00
2015.03.17 16:49:48.883,9.19698,9.19901,1.19,1.00
2015.03.17 16:49:50.510,9.19698,9.19901,1.19,1.00
2015.03.17 16:49:52.490,9.19698,9.19901,1.19,1.00
2015.03.17 16:49:54.115,9.19698,9.19901,1.19,1.00
2015.03.17 16:49:54.469,9.19679,9.19901,1.19,1.37
2015.03.17 16:49:54.520,9.19663,9.19901,1.19,1.37
2015.03.17 16:49:56.184,9.19637,9.19894,1.00,1.37
2015.03.17 16:49:56.440,9.19637,9.19894,1.00,1.37
2015.03.17 16:49:56.646,9.19637,9.19894,1.00,1.07
2015.03.17 16:49:56.697,9.19646,9.19894,1.00,1.07
2015.03.17 16:49:57.036,9.19652,9.19894,1.00,1.07
2015.03.17 16:49:57.411,9.19652,9.19894,1.00,1.37
2015.03.17 16:49:57.727,9.19639,9.19894,1.00,1.75
2015.03.17 16:49:58.399,9.19639,9.19893,1.00,1.37
2015.03.17 16:49:58.644,9.19639,9.19893,1.00,1.07
2015.03.17 16:49:58.694,9.19646,9.19893,1.00,1.07
2015.03.17 16:49:59.345,9.19653,9.19893,1.00,1.07
2015.03.17 16:49:59.666,9.19653,9.19893,1.00,1.75
2015.03.17 16:49:59.717,9.1964,9.19893,1.00,1.75
2015.03.17 16:50:00.406,9.1964,9.19893,1.00,1.37
2015.03.17 16:50:00.459,9.19655,9.19893,1.00,1.37
2015.03.17 16:50:00.941,9.19655,9.19893,1.00,1.07
2015.03.17 16:50:01.365,9.19655,9.19893,1.00,1.37
2015.03.17 16:50:01.953,9.19638,9.19893,1.00,1.75
2015.03.17 16:50:02.054,9.19625,9.19893,1.00,1.75
2015.03.17 16:50:08.770,9.19608,9.19861,1.00,1.00
2015.03.17 16:50:09.041,9.19621,9.19861,1.00,1.00
2015.03.17 16:50:10.127,9.19621,9.19883,1.00,1.37
2015.03.17 16:50:10.444,9.19631,9.19902,1.00,1.75
2015.03.17 16:50:16.155,9.19644,9.19902,1.00,1.75
2015.03.17 16:50:16.458,9.19644,9.19902,1.00,1.75
2015.03.17 16:50:17.425,9.19644,9.19902,1.00,1.75
2015.03.17 16:50:23.005,9.19696,9.19923,1.00,1.37
2015.03.17 16:50:49.104,9.19726,9.19924,1.00,1.87
2015.03.17 16:50:49.407,9.19888,9.19924,1.00,1.50
2015.03.17 16:50:50.554,9.19896,9.20017,1.00,1.94
2015.03.17 16:50:50.605,9.19896,9.20017,1.00,1.94
2015.03.17 16:50:52.684,9.19896,9.20017,1.00,1.94
2015.03.17 16:50:54.663,9.19896,9.20017,1.00,1.94
2015.03.17 16:50:56.645,9.19896,9.20017,1.00,1.94
2015.03.17 16:50:58.650,9.19896,9.20017,1.00,1.94
2015.03.17 16:51:00.054,9.19896,9.20017,1.00,1.94
2015.03.17 16:51:00.376,9.19896,9.20017,1.00,1.94
2015.03.17 16:51:00.691,9.19896,9.20017,1.00,1.94
2015.03.17 16:51:01.064,9.19895,9.20005,1.00,1.94
2015.03.17 16:51:02.741,9.19788,9.20005,1.19,1.94
2015.03.17 16:51:03.390,9.19788,9.20005,1.19,1.94
2015.03.17 16:51:04.778,9.19788,9.20005,1.19,1.94
2015.03.17 16:51:06.201,9.19788,9.20005,1.19,1.94
2015.03.17 16:51:06.418,9.19788,9.19984,1.00,1.94
2015.03.17 16:51:06.468,9.19718,9.19971,1.00,1.94
2015.03.17 16:51:06.519,9.19718,9.19961,1.00,1.94
2015.03.17 16:51:06.570,9.19643,9.19941,1.19,2.44
2015.03.17 16:51:07.039,9.19643,9.19941,1.19,2.44
2015.03.17 16:51:07.220,9.19643,9.19941,1.00,2.44
2015.03.17 16:51:07.321,9.19633,9.19928,1.00,1.69
2015.03.17 16:51:08.100,9.1963,9.19912,1.07,1.07
2015.03.17 16:51:09.214,9.1963,9.19911,1.26,1.07
2015.03.17 16:51:10.322,9.19684,9.19911,1.00,1.07
2015.03.17 16:51:11.092,9.19786,9.19968,1.00,1.75
2015.03.17 16:51:11.721,9.19786,9.19968,1.19,1.94
2015.03.17 16:51:14.587,9.19786,9.19968,1.19,1.94
2015.03.17 16:51:16.590,9.19786,9.19968,1.19,1.94
2015.03.17 16:51:17.092,9.19786,9.19968,1.19,1.94
2015.03.17 16:51:17.385,9.19786,9.19968,1.19,1.94
2015.03.17 16:51:19.096,9.19786,9.19968,1.19,1.94
2015.03.17 16:51:21.148,9.19786,9.19968,1.19,1.94
2015.03.17 16:51:22.304,9.19786,9.19968,1.19,1.94
2015.03.17 16:51:24.407,9.19786,9.19968,1.19,1.94
2015.03.17 16:51:26.413,9.19786,9.19968,1.19,1.94
2015.03.17 16:51:27.360,9.19786,9.19968,1.19,1.94
2015.03.17 16:51:29.318,9.19786,9.19968,1.19,1.94
2015.03.17 16:51:31.347,9.19786,9.19958,1.19,1.94
2015.03.17 16:51:33.327,9.19786,9.19958,1.19,1.94
2015.03.17 16:51:36.868,9.19786,9.19958,1.19,1.94
2015.03.17 16:51:38.338,9.19786,9.19958,1.19,1.94
2015.03.17 16:51:40.343,9.19786,9.19966,1.19,1.94
2015.03.17 16:51:44.379,9.19786,9.19966,1.19,1.94
2015.03.17 16:51:46.376,9.19786,9.19966,1.19,1.94
2015.03.17 16:51:47.566,9.19786,9.19966,1.19,1.94
2015.03.17 16:51:47.739,9.19786,9.19967,1.19,1.94
2015.03.17 16:51:49.562,9.19786,9.19967,1.19,1.94
2015.03.17 16:51:51.599,9.19786,9.19967,1.19,1.94
2015.03.17 16:51:53.570,9.19786,9.19967,1.19,1.94
2015.03.17 16:51:55.610,9.19786,9.19961,1.19,1.94
2015.03.17 16:51:57.608,9.19786,9.19961,1.19,1.94
2015.03.17 16:52:00.286,9.19786,9.19961,1.19,1.75
2015.03.17 16:52:00.387,9.19786,9.19957,1.19,1.75
2015.03.17 16:52:01.793,9.19786,9.19957,1.19,1.75
2015.03.17 16:52:03.012,9.19786,9.19957,1.19,1.94
2015.03.17 16:52:04.818,9.19786,9.19957,1.19,1.94
2015.03.17 16:52:06.834,9.19786,9.19957,1.19,1.94
2015.03.17 16:52:07.920,9.19786,9.19958,1.19,1.94
2015.03.17 16:52:09.031,9.19786,9.19958,1.19,1.75
2015.03.17 16:52:11.039,9.19786,9.19958,1.19,1.75
2015.03.17 16:52:12.839,9.19786,9.19958,1.19,1.94
2015.03.17 16:52:15.245,9.19786,9.19958,1.19,1.94
2015.03.17 16:52:17.752,9.19786,9.19956,1.19,1.94
2015.03.17 16:52:19.501,9.19786,9.19947,1.00,1.29
2015.03.17 16:52:22.188,9.19786,9.19947,1.00,1.00
2015.03.17 16:52:24.599,9.19786,9.19947,1.00,1.19
2015.03.17 16:52:26.578,9.19786,9.19947,1.00,1.00
2015.03.17 16:52:28.582,9.19786,9.19947,1.00,1.19
2015.03.17 16:52:28.721,9.19786,9.19947,1.00,1.00
2015.03.17 16:52:28.956,9.19786,9.19943,1.00,1.00
2015.03.17 16:52:36.674,9.19786,9.19956,1.00,1.94
2015.03.17 16:52:37.118,9.19786,9.19956,1.19,1.94
2015.03.17 16:52:37.628,9.19786,9.19956,1.00,1.94
2015.03.17 16:52:37.679,9.19726,9.19956,1.00,1.94
2015.03.17 16:52:37.831,9.19726,9.19928,1.00,1.37
2015.03.17 16:52:38.094,9.19647,9.19945,1.19,1.94
2015.03.17 16:52:38.564,9.1963,9.19928,1.19,1.75
2015.03.17 16:52:39.319,9.19601,9.19897,1.19,1.37
2015.03.17 16:52:39.752,9.19601,9.19884,1.19,1.00
2015.03.17 16:52:39.905,9.19574,9.19871,1.56,1.00
2015.03.17 16:52:39.956,9.19574,9.19871,1.37,1.00
2015.03.17 16:52:40.007,9.19574,9.19871,1.00,1.07
2015.03.17 16:52:40.209,9.19574,9.19854,1.00,1.00
2015.03.17 16:52:40.311,9.19565,9.19854,1.69,1.50
2015.03.17 16:52:40.726,9.19565,9.1984,1.69,1.00
2015.03.17 16:52:42.761,9.19546,9.1984,1.19,1.00
2015.03.17 16:52:44.717,9.19546,9.1984,1.19,1.00
2015.03.17 16:52:44.818,9.19524,9.19822,1.56,1.00
2015.03.17 16:52:44.920,9.19516,9.19797,1.94,1.00
2015.03.17 16:52:45.263,9.19506,9.19778,1.19,1.37
2015.03.17 16:52:46.046,9.19506,9.19765,1.00,1.07
2015.03.17 16:52:46.555,9.19506,9.19749,1.00,1.00
2015.03.17 16:52:46.824,9.19506,9.19764,1.00,1.07
2015.03.17 16:52:54.736,9.19506,9.19763,1.00,1.26
2015.03.17 16:52:55.504,9.19506,9.19763,1.00,1.56
2015.03.17 16:52:55.555,9.19498,9.19763,1.00,1.56
2015.03.17 16:53:01.052,9.19498,9.19761,1.19,1.56
2015.03.17 16:53:01.676,9.19516,9.19761,1.00,1.56
2015.03.17 16:53:01.778,9.19516,9.19761,1.00,1.19
2015.03.17 16:53:02.404,9.19533,9.19761,1.00,1.19
2015.03.17 16:53:04.585,9.19533,9.19761,1.00,1.19
2015.03.17 16:53:05.662,9.19533,9.19761,1.00,1.19
2015.03.17 16:53:08.187,9.19533,9.19755,1.00,1.19
2015.03.17 16:53:09.869,9.19533,9.19755,1.00,1.19
2015.03.17 16:53:11.895,9.19533,9.19755,1.00,1.19
2015.03.17 16:53:14.077,9.19533,9.19753,1.00,1.19
2015.03.17 16:53:16.081,9.19533,9.19753,1.00,1.19
2015.03.17 16:53:18.342,9.19533,9.19753,1.00,1.19
2015.03.17 16:53:20.091,9.19533,9.19749,1.00,1.19
2015.03.17 16:53:26.103,9.19533,9.19749,1.00,1.19
2015.03.17 16:53:28.106,9.19533,9.19748,1.00,1.19
2015.03.17 16:53:30.111,9.19533,9.19748,1.00,1.19
2015.03.17 16:53:32.237,9.19533,9.19749,1.00,1.19
2015.03.17 16:53:34.119,9.19533,9.19749,1.00,1.19
2015.03.17 16:53:34.519,9.19533,9.19749,1.25,1.00
2015.03.17 16:53:38.630,9.19533,9.19749,1.00,1.19
2015.03.17 16:53:41.538,9.19533,9.19749,1.00,1.19
2015.03.17 16:53:43.556,9.19533,9.19751,1.19,1.00
2015.03.17 16:53:45.544,9.19533,9.19751,1.19,1.00
2015.03.17 16:53:47.784,9.19533,9.19751,1.19,1.19
2015.03.17 16:53:49.681,9.19533,9.19767,1.19,1.19
2015.03.17 16:53:51.661,9.19533,9.19767,1.19,1.19
2015.03.17 16:53:53.665,9.19533,9.19769,1.19,1.19
2015.03.17 16:53:55.669,9.19533,9.19769,1.19,1.19
2015.03.17 16:53:57.673,9.19533,9.19769,1.19,1.19
2015.03.17 16:53:59.712,9.19533,9.19769,1.19,1.19
2015.03.17 16:54:01.681,9.19533,9.19777,1.19,1.26
2015.03.17 16:54:08.334,9.19546,9.19772,1.19,1.29
2015.03.17 16:54:10.323,9.19546,9.19772,1.19,1.29
2015.03.17 16:54:12.305,9.19546,9.19772,1.19,1.29
2015.03.17 16:54:17.321,9.19526,9.19764,1.69,1.26
2015.03.17 16:54:20.223,9.19526,9.19764,1.50,1.26
2015.03.17 16:54:22.685,9.19526,9.19764,1.50,1.26
2015.03.17 16:54:23.029,9.19526,9.19764,1.69,1.07
2015.03.17 16:54:23.233,9.19556,9.19765,1.00,1.00
2015.03.17 16:54:24.199,9.19556,9.19773,1.00,1.19
2015.03.17 16:54:24.530,9.19558,9.19773,1.00,1.19
2015.03.17 16:54:25.069,9.19558,9.19773,1.19,1.19
2015.03.17 16:54:27.816,9.19558,9.19773,1.19,1.19
2015.03.17 16:54:28.577,9.19558,9.19773,1.00,1.19
2015.03.17 16:54:28.627,9.19556,9.19773,1.00,1.19
2015.03.17 16:54:28.678,9.19506,9.19773,1.19,1.19
2015.03.17 16:54:29.645,9.19496,9.19773,1.19,1.87
2015.03.17 16:54:31.650,9.19497,9.19772,1.19,1.56
2015.03.17 16:54:33.654,9.19497,9.19772,1.19,1.56
2015.03.17 16:54:35.682,9.19497,9.19772,1.19,1.56
2015.03.17 16:54:37.667,9.19497,9.1976,1.19,1.26
2015.03.17 16:54:41.927,9.19497,9.1976,1.19,1.26
2015.03.17 16:54:43.677,9.19497,9.19763,1.19,1.26
2015.03.17 16:54:45.723,9.19497,9.19763,1.19,1.26
2015.03.17 16:54:47.685,9.19497,9.19759,1.19,1.26
2015.03.17 16:54:50.161,9.19497,9.19759,1.19,1.26
2015.03.17 16:54:51.693,9.19497,9.19759,1.19,1.26
2015.03.17 16:54:53.697,9.19497,9.19759,1.19,1.26
2015.03.17 16:54:55.841,9.19497,9.19759,1.19,1.26
2015.03.17 16:55:01.762,9.19497,9.19761,1.19,1.76
2015.03.17 16:55:14.663,9.19497,9.19752,1.19,1.25
2015.03.17 16:55:17.177,9.19497,9.19752,1.19,1.19
2015.03.17 16:55:18.670,9.19497,9.19752,1.19,1.19
2015.03.17 16:55:22.124,9.19497,9.19755,1.19,1.19
2015.03.17 16:55:23.591,9.19497,9.19755,1.19,1.19
2015.03.17 16:55:25.586,9.19497,9.19755,1.19,1.19
2015.03.17 16:55:27.608,9.19497,9.19754,1.19,1.19
2015.03.17 16:55:29.947,9.19497,9.19754,1.19,1.19
2015.03.17 16:55:32.041,9.19486,9.19751,1.19,1.19
2015.03.17 16:55:32.313,9.19486,9.19779,1.19,1.87
2015.03.17 16:55:32.414,9.19497,9.19779,1.19,1.37
2015.03.17 16:55:32.517,9.19508,9.19795,1.19,1.75
2015.03.17 16:55:32.619,9.19554,9.19795,1.19,1.00
2015.03.17 16:55:33.482,9.19554,9.19814,1.19,1.19
2015.03.17 16:55:33.533,9.19554,9.19814,1.19,1.00
2015.03.17 16:55:33.735,9.19554,9.19796,1.19,1.00
2015.03.17 16:55:35.611,9.19554,9.19796,1.19,1.00
2015.03.17 16:55:37.619,9.1956,9.19796,1.19,1.00
2015.03.17 16:55:39.767,9.1956,9.19796,1.19,1.00
2015.03.17 16:55:41.772,9.1956,9.19796,1.19,1.00
2015.03.17 16:55:42.330,9.1956,9.19796,1.19,1.00
2015.03.17 16:55:44.491,9.19571,9.19796,1.19,1.00
2015.03.17 16:55:46.338,9.19571,9.19796,1.19,1.00
2015.03.17 16:55:48.342,9.19571,9.19796,1.19,1.00
2015.03.17 16:55:50.381,9.19571,9.19796,1.19,1.00
2015.03.17 16:55:51.048,9.19571,9.19796,1.19,1.00
2015.03.17 16:55:53.063,9.19571,9.19796,1.19,1.00
2015.03.17 16:55:55.259,9.19571,9.19796,1.19,1.00
2015.03.17 16:55:56.432,9.19615,9.19796,1.00,1.00
2015.03.17 16:55:58.930,9.19589,9.19796,1.19,1.00
2015.03.17 16:55:59.869,9.19589,9.19796,1.00,1.00
2015.03.17 16:56:03.317,9.19589,9.19796,1.19,1.00
2015.03.17 16:56:05.342,9.19592,9.19796,1.00,1.00
2015.03.17 16:56:07.850,9.19592,9.19796,1.19,1.00
2015.03.17 16:56:10.135,9.19592,9.19796,1.00,1.00
2015.03.17 16:56:11.393,9.19591,9.19796,1.00,1.00
2015.03.17 16:56:15.828,9.19591,9.19796,1.19,1.00
2015.03.17 16:56:17.271,9.19599,9.19796,1.00,1.00
2015.03.17 16:56:19.877,9.19599,9.19796,1.19,1.00
2015.03.17 16:56:21.843,9.19599,9.19796,1.19,1.00
2015.03.17 16:56:23.893,9.19603,9.19796,1.19,1.00
2015.03.17 16:56:24.601,9.19603,9.19796,1.00,1.00
2015.03.17 16:56:26.001,9.19582,9.19796,1.00,1.00
2015.03.17 16:56:27.006,9.19589,9.19796,1.00,1.00
2015.03.17 16:56:34.198,9.19589,9.19835,1.00,1.00
2015.03.17 16:56:36.962,9.19589,9.1983,1.00,1.00
2015.03.17 16:56:37.841,9.19591,9.1983,1.00,1.00
2015.03.17 16:56:43.860,9.19586,9.1983,1.00,1.00
2015.03.17 16:56:48.852,9.19613,9.1983,1.00,1.00
2015.03.17 16:56:55.825,9.19593,9.1983,1.25,1.00
2015.03.17 16:56:55.929,9.19593,9.19843,1.25,1.07
2015.03.17 16:56:57.516,9.19593,9.19843,1.19,1.07
2015.03.17 16:56:59.519,9.19593,9.19843,1.19,1.07
2015.03.17 16:57:03.551,9.19612,9.19843,1.19,1.07
2015.03.17 16:57:06.144,9.19612,9.19843,1.19,1.07
2015.03.17 16:57:07.547,9.19612,9.19843,1.19,1.07
2015.03.17 16:57:09.565,9.19612,9.19843,1.19,1.07
2015.03.17 16:57:11.556,9.19612,9.19843,1.19,1.07
2015.03.17 16:57:13.604,9.19613,9.19843,1.19,1.07
2015.03.17 16:57:15.564,9.19613,9.19843,1.19,1.07
2015.03.17 16:57:17.549,9.19613,9.19846,1.19,1.37
2015.03.17 16:57:18.187,9.19613,9.19846,1.19,1.37
2015.03.17 16:57:19.574,9.19613,9.19846,1.19,1.37
2015.03.17 16:57:21.577,9.19613,9.19846,1.19,1.37
2015.03.17 16:57:23.873,9.19613,9.19846,1.19,1.37
2015.03.17 16:57:25.624,9.19613,9.19846,1.19,1.37
2015.03.17 16:57:25.873,9.19626,9.19846,1.00,1.37
2015.03.17 16:57:27.627,9.19626,9.19846,1.19,1.37
2015.03.17 16:57:28.264,9.19626,9.19846,1.19,1.37
2015.03.17 16:57:29.593,9.19626,9.19846,1.19,1.37
2015.03.17 16:57:31.697,9.19626,9.19846,1.19,1.37
2015.03.17 16:57:32.012,9.19626,9.19846,1.19,1.75
2015.03.17 16:57:32.817,9.1963,9.19846,1.00,1.75
2015.03.17 16:57:33.608,9.1963,9.19846,1.00,1.37
2015.03.17 16:57:33.718,9.1963,9.19846,1.00,1.75
2015.03.17 16:57:35.368,9.1963,9.19846,1.00,1.75
2015.03.17 16:57:35.709,9.1963,9.19846,1.00,1.75
2015.03.17 16:57:38.414,9.19618,9.19836,1.00,1.75
2015.03.17 16:57:38.857,9.19618,9.19836,1.19,1.75
2015.03.17 16:57:40.816,9.19618,9.19836,1.19,1.75
2015.03.17 16:57:42.821,9.19618,9.19836,1.19,1.75
2015.03.17 16:57:44.831,9.19618,9.1985,1.19,1.75
2015.03.17 16:57:46.368,9.19614,9.1985,1.19,1.75
2015.03.17 16:57:46.978,9.19614,9.1985,1.19,1.75
2015.03.17 16:57:47.081,9.19614,9.1985,1.00,1.75
2015.03.17 16:57:47.288,9.19614,9.1985,1.00,1.75
2015.03.17 16:57:50.911,9.19612,9.19836,1.00,1.75
2015.03.17 16:57:53.045,9.19612,9.19836,1.19,1.75
2015.03.17 16:57:54.855,9.19612,9.19836,1.19,1.37
2015.03.17 16:57:55.057,9.19615,9.19836,1.19,1.37
2015.03.17 16:57:56.961,9.19615,9.19851,1.19,1.75
2015.03.17 16:57:57.062,9.19615,9.19851,1.00,1.75
2015.03.17 16:57:57.264,9.19615,9.19851,1.00,1.75
2015.03.17 16:58:00.680,9.19611,9.19836,1.00,1.75
2015.03.17 16:58:03.874,9.19611,9.19836,1.19,1.75
2015.03.17 16:58:05.859,9.19616,9.19836,1.00,1.75
2015.03.17 16:58:05.960,9.19616,9.19836,1.00,1.37
2015.03.17 16:58:06.973,9.19616,9.19849,1.00,1.75
2015.03.17 16:58:07.882,9.19616,9.19849,1.19,1.75
2015.03.17 16:58:09.125,9.19616,9.19849,1.00,1.75
2015.03.17 16:58:09.468,9.19616,9.19836,1.00,1.37
2015.03.17 16:58:12.269,9.19616,9.19778,1.00,1.00
2015.03.17 16:58:12.319,9.19581,9.19778,1.00,1.00
2015.03.17 16:58:12.370,9.19581,9.19765,1.00,1.00
2015.03.17 16:58:12.421,9.19553,9.19765,1.19,1.00
2015.03.17 16:58:13.194,9.19553,9.19765,1.19,1.19
2015.03.17 16:58:16.069,9.19553,9.19765,1.19,1.19
2015.03.17 16:58:17.304,9.19553,9.19765,1.19,1.19
2015.03.17 16:58:17.630,9.19564,9.19765,1.00,1.19
2015.03.17 16:58:19.544,9.19564,9.19777,1.25,1.19
2015.03.17 16:58:21.330,9.19564,9.19777,1.00,1.19
2015.03.17 16:58:23.862,9.19553,9.1976,1.19,1.19
2015.03.17 16:58:24.420,9.19553,9.1976,1.00,1.00
2015.03.17 16:58:24.471,9.19537,9.1976,1.00,1.00
2015.03.17 16:58:26.469,9.19537,9.1976,1.00,1.19
2015.03.17 16:58:29.333,9.19537,9.1976,1.00,1.00
2015.03.17 16:58:30.386,9.19528,9.1976,1.00,1.00
2015.03.17 16:58:31.111,9.19528,9.19773,1.00,1.19
2015.03.17 16:58:31.705,9.19528,9.19773,1.00,1.00
2015.03.17 16:58:33.362,9.19528,9.19773,1.19,1.19
2015.03.17 16:58:35.347,9.19528,9.19773,1.19,1.19
2015.03.17 16:58:36.357,9.19551,9.19773,1.00,1.19
2015.03.17 16:58:38.374,9.19551,9.19773,1.00,1.19
2015.03.17 16:58:40.584,9.19551,9.19773,1.00,1.00
2015.03.17 16:58:41.679,9.19524,9.19773,1.00,1.00
2015.03.17 16:58:45.029,9.19524,9.1976,1.00,1.00
2015.03.17 16:58:45.261,9.19533,9.19781,1.00,1.26
2015.03.17 16:58:45.464,9.19533,9.19766,1.00,1.00
2015.03.17 16:58:48.075,9.19533,9.19778,1.00,1.29
2015.03.17 16:58:48.596,9.19533,9.19778,1.00,1.29
2015.03.17 16:58:50.583,9.19533,9.19778,1.00,1.29
2015.03.17 16:58:52.598,9.19533,9.19778,1.00,1.29
2015.03.17 16:58:53.394,9.19534,9.19778,1.00,1.29
2015.03.17 16:58:54.590,9.19534,9.19778,1.00,1.29
2015.03.17 16:58:58.720,9.19534,9.19763,1.00,1.19
2015.03.17 16:58:59.050,9.19546,9.19776,1.00,1.19
2015.03.17 16:58:59.701,9.19546,9.19776,1.19,1.19
2015.03.17 16:59:01.793,9.19546,9.19763,1.19,1.19
2015.03.17 16:59:03.739,9.19546,9.19763,1.00,1.19
2015.03.17 16:59:04.544,9.19537,9.19763,1.00,1.56
2015.03.17 16:59:06.217,9.19537,9.19763,1.00,1.56
2015.03.17 16:59:06.752,9.1953,9.19763,1.00,1.56
2015.03.17 16:59:07.718,9.1953,9.19763,1.00,1.56
2015.03.17 16:59:11.768,9.19527,9.19763,1.00,1.56
2015.03.17 16:59:13.169,9.19527,9.19763,1.19,1.19
2015.03.17 16:59:14.047,9.19527,9.19762,1.19,1.19
2015.03.17 16:59:16.035,9.19527,9.19762,1.19,1.19
2015.03.17 16:59:18.041,9.19527,9.19762,1.19,1.19
2015.03.17 16:59:20.045,9.19536,9.19762,1.19,1.19
2015.03.17 16:59:22.049,9.19536,9.19762,1.19,1.19
2015.03.17 16:59:24.355,9.19539,9.19762,1.19,1.19
2015.03.17 16:59:26.258,9.19539,9.19762,1.19,1.19
2015.03.17 16:59:28.438,9.19539,9.19762,1.19,1.19
2015.03.17 16:59:30.266,9.19539,9.19762,1.19,1.19
2015.03.17 16:59:32.527,9.19539,9.19762,1.19,1.19
2015.03.17 16:59:38.285,9.1954,9.19762,1.19,1.19
2015.03.17 16:59:39.619,9.1954,9.19762,1.00,1.00
2015.03.17 16:59:39.721,9.19537,9.19762,1.00,1.00
2015.03.17 16:59:41.690,9.19537,9.19762,1.00,1.19
2015.03.17 16:59:43.721,9.19537,9.19745,1.00,1.00
2015.03.17 16:59:45.738,9.19527,9.19745,1.00,1.00
2015.03.17 16:59:48.227,9.19527,9.19758,1.00,1.19
2015.03.17 16:59:50.294,9.19527,9.19758,1.00,1.19
2015.03.17 16:59:50.710,9.19527,9.19758,1.19,1.19
2015.03.17 16:59:52.731,9.1954,9.19758,1.19,1.19
2015.03.17 16:59:54.746,9.1954,9.19758,1.19,1.19
2015.03.17 16:59:56.721,9.1954,9.19771,1.19,1.29
2015.03.17 16:59:58.731,9.19538,9.19771,1.19,1.29
