2017.07.26 11:00:00.127,9.57481,9.57688,1.00,1.00
2017.07.26 11:00:00.443,9.57497,9.57694,1.00,1.00
2017.07.26 11:00:00.882,9.57512,9.5772,1.00,1.00
2017.07.26 11:00:01.085,9.57512,9.5772,1.00,1.37
2017.07.26 11:00:01.235,9.57522,9.57732,1.00,1.37
2017.07.26 11:00:01.373,9.57522,9.57624,1.00,1.00
2017.07.26 11:00:01.580,9.57431,9.57598,1.00,1.00
2017.07.26 11:00:01.631,9.57422,9.57598,1.00,1.00
2017.07.26 11:00:01.682,9.57422,9.57582,1.00,1.37
2017.07.26 11:00:01.834,9.57402,9.57582,1.00,1.37
2017.07.26 11:00:01.885,9.57385,9.57582,1.00,1.37
2017.07.26 11:00:01.936,9.57394,9.57581,1.00,1.37
2017.07.26 11:00:01.987,9.57385,9.57581,1.00,1.37
2017.07.26 11:00:02.235,9.57404,9.57556,1.00,1.00
2017.07.26 11:00:06.076,9.574,9.57552,1.00,1.00
2017.07.26 11:00:09.348,9.57394,9.57546,1.00,1.00
2017.07.26 11:00:09.654,9.57368,9.5752,1.00,1.00
2017.07.26 11:00:14.732,9.5737,9.57522,1.00,1.00
2017.07.26 11:00:22.820,9.5736,9.57512,1.00,1.00
2017.07.26 11:00:24.119,9.5737,9.57522,1.00,1.00
2017.07.26 11:00:27.110,9.57376,9.57541,1.00,1.00
2017.07.26 11:00:27.809,9.57371,9.57523,1.00,1.00
2017.07.26 11:00:29.805,9.57364,9.57516,1.00,1.00
2017.07.26 11:00:31.539,9.57361,9.57513,1.00,1.00
2017.07.26 11:00:36.090,9.5736,9.57512,1.00,1.00
2017.07.26 11:00:37.969,9.57341,9.57495,1.00,1.00
2017.07.26 11:00:38.172,9.57332,9.57484,1.00,1.00
2017.07.26 11:00:38.476,9.5732,9.57472,1.00,1.00
2017.07.26 11:00:39.170,9.57311,9.57463,1.00,1.00
2017.07.26 11:00:39.475,9.573,9.57452,1.00,1.00
2017.07.26 11:00:40.333,9.57299,9.57451,1.00,1.00
2017.07.26 11:00:40.712,9.57289,9.57441,1.00,1.00
2017.07.26 11:00:41.698,9.57288,9.5744,1.00,1.00
2017.07.26 11:00:51.117,9.57286,9.57438,1.00,1.00
2017.07.26 11:00:59.823,9.57286,9.5744,1.00,1.00
2017.07.26 11:01:06.166,9.57288,9.5744,1.00,1.00
2017.07.26 11:01:29.882,9.57287,9.57439,1.00,1.00
2017.07.26 11:01:33.572,9.57274,9.57426,1.00,1.00
2017.07.26 11:01:33.877,9.57249,9.57401,1.00,1.00
2017.07.26 11:01:36.207,9.57243,9.57395,1.00,1.00
2017.07.26 11:01:38.304,9.57256,9.57395,1.20,1.00
2017.07.26 11:01:38.710,9.57243,9.57395,1.00,1.00
2017.07.26 11:01:43.482,9.57233,9.57385,1.50,1.00
2017.07.26 11:01:44.032,9.57234,9.57385,1.00,1.00
2017.07.26 11:01:44.954,9.57238,9.5739,1.00,1.00
2017.07.26 11:01:58.378,9.57238,9.57389,1.00,1.00
2017.07.26 11:01:58.429,9.57234,9.57374,1.00,1.00
2017.07.26 11:01:58.531,9.57223,9.57375,1.00,1.00
2017.07.26 11:01:58.582,9.57201,9.57353,1.00,1.00
2017.07.26 11:01:58.902,9.57152,9.57304,1.00,1.00
2017.07.26 11:01:59.596,9.5714,9.57292,1.00,1.00
2017.07.26 11:01:59.901,9.57129,9.57281,1.00,1.00
2017.07.26 11:02:00.207,9.57119,9.57271,1.00,1.00
2017.07.26 11:02:00.565,9.57109,9.57261,1.00,1.00
2017.07.26 11:02:04.961,9.57109,9.57271,1.00,1.00
2017.07.26 11:02:09.388,9.57098,9.57262,1.00,1.00
2017.07.26 11:02:15.029,9.57098,9.5726,1.00,1.00
2017.07.26 11:02:21.338,9.57097,9.5726,1.00,1.00
2017.07.26 11:02:30.260,9.57074,9.57282,1.00,1.00
2017.07.26 11:02:31.226,9.57082,9.5729,1.00,1.00
2017.07.26 11:02:34.773,9.57109,9.57271,1.00,1.00
2017.07.26 11:02:34.927,9.57113,9.57288,1.00,1.00
2017.07.26 11:02:35.029,9.57131,9.57293,1.00,1.00
2017.07.26 11:02:36.347,9.57138,9.573,1.00,1.00
2017.07.26 11:02:39.337,9.57141,9.57304,1.00,1.00
2017.07.26 11:02:45.065,9.57144,9.57306,1.00,1.00
2017.07.26 11:02:51.357,9.5714,9.57303,1.00,1.00
2017.07.26 11:02:54.826,9.5715,9.57313,1.00,1.00
2017.07.26 11:02:55.795,9.57154,9.57317,1.00,1.00
2017.07.26 11:02:56.100,9.57161,9.57324,1.00,1.00
2017.07.26 11:02:59.469,9.57165,9.57324,1.00,1.00
2017.07.26 11:03:00.062,9.57169,9.57335,1.00,1.00
2017.07.26 11:03:02.104,9.5717,9.57339,1.00,1.00
2017.07.26 11:03:02.155,9.57174,9.57339,1.00,1.00
2017.07.26 11:03:02.499,9.57187,9.57349,1.00,1.00
2017.07.26 11:03:03.426,9.57192,9.57354,1.00,1.00
2017.07.26 11:03:03.846,9.57198,9.5736,1.00,1.00
2017.07.26 11:03:04.439,9.57202,9.57365,1.00,1.00
2017.07.26 11:03:06.435,9.572,9.57362,1.00,1.00
2017.07.26 11:03:10.239,9.57211,9.57373,1.00,1.00
2017.07.26 11:03:11.582,9.57225,9.57387,1.00,1.00
2017.07.26 11:03:15.100,9.5722,9.57382,1.00,1.00
2017.07.26 11:03:16.472,9.57214,9.57376,1.00,1.00
2017.07.26 11:03:17.825,9.57226,9.57388,1.00,1.00
2017.07.26 11:03:17.977,9.57231,9.57394,1.00,1.00
2017.07.26 11:03:21.467,9.57233,9.57397,1.00,1.00
2017.07.26 11:03:30.122,9.57233,9.57395,1.00,1.00
2017.07.26 11:03:31.537,9.57216,9.57396,1.00,1.00
2017.07.26 11:03:32.227,9.57216,9.57397,1.00,1.00
2017.07.26 11:03:33.158,9.57214,9.57397,1.00,1.00
2017.07.26 11:03:34.659,9.57222,9.57397,1.00,1.00
2017.07.26 11:03:34.863,9.57211,9.57397,1.00,1.00
2017.07.26 11:03:34.914,9.57203,9.57397,1.50,1.00
2017.07.26 11:03:35.104,9.57217,9.57397,1.00,1.00
2017.07.26 11:03:35.323,9.57209,9.57397,1.00,1.00
2017.07.26 11:03:36.447,9.57209,9.57389,1.00,1.00
2017.07.26 11:03:37.419,9.57205,9.57389,1.00,1.00
2017.07.26 11:03:37.623,9.57208,9.57389,1.00,1.00
2017.07.26 11:03:39.746,9.57216,9.57389,1.00,1.00
2017.07.26 11:03:41.048,9.57205,9.57389,1.00,1.00
2017.07.26 11:03:41.556,9.57206,9.57389,1.00,1.00
2017.07.26 11:03:42.632,9.57215,9.57389,1.00,1.00
2017.07.26 11:03:45.183,9.57215,9.5739,1.00,1.00
2017.07.26 11:03:48.902,9.57207,9.5739,1.50,1.00
2017.07.26 11:03:49.105,9.57218,9.5739,1.00,1.00
2017.07.26 11:03:51.506,9.57218,9.57393,1.00,1.00
2017.07.26 11:03:54.235,9.57226,9.57393,1.00,1.00
2017.07.26 11:03:55.933,9.57216,9.57393,1.00,1.00
2017.07.26 11:03:56.405,9.57226,9.57393,1.00,1.00
2017.07.26 11:04:00.182,9.57226,9.57395,1.00,1.00
2017.07.26 11:04:02.546,9.57229,9.57395,1.00,1.00
2017.07.26 11:04:02.857,9.57219,9.57395,1.00,1.00
2017.07.26 11:04:03.570,9.5722,9.57395,1.00,1.00
2017.07.26 11:04:04.340,9.57223,9.57395,1.00,1.00
2017.07.26 11:04:05.292,9.5723,9.57392,1.00,1.00
2017.07.26 11:04:15.212,9.57231,9.57394,1.00,1.00
2017.07.26 11:04:21.587,9.57227,9.5739,1.00,1.00
2017.07.26 11:04:36.568,9.57226,9.57388,1.00,1.00
2017.07.26 11:04:51.597,9.57225,9.57387,1.00,1.00
2017.07.26 11:05:05.491,9.57225,9.57384,1.00,1.00
2017.07.26 11:05:05.835,9.57198,9.57344,1.00,1.00
2017.07.26 11:05:06.626,9.57193,9.57344,1.00,1.00
2017.07.26 11:05:15.363,9.57194,9.57344,1.00,1.00
2017.07.26 11:05:21.655,9.57193,9.57344,1.00,1.00
2017.07.26 11:05:28.880,9.57204,9.57344,1.00,1.00
2017.07.26 11:05:30.409,9.57194,9.57344,1.00,1.00
2017.07.26 11:05:34.638,9.57194,9.57345,1.00,1.00
2017.07.26 11:05:35.168,9.57194,9.57344,1.00,1.00
2017.07.26 11:05:35.910,9.57196,9.57344,1.00,1.00
2017.07.26 11:05:36.735,9.57197,9.57344,1.00,1.00
2017.07.26 11:05:46.054,9.57197,9.57345,1.00,1.00
2017.07.26 11:05:46.591,9.57197,9.57344,1.00,1.00
2017.07.26 11:05:51.110,9.57206,9.57344,1.00,1.00
2017.07.26 11:05:54.615,9.57197,9.57344,1.00,1.00
2017.07.26 11:06:02.470,9.57197,9.57345,1.00,1.00
2017.07.26 11:06:03.995,9.57197,9.57344,1.00,1.00
2017.07.26 11:06:06.746,9.57196,9.57344,1.50,1.00
2017.07.26 11:06:07.297,9.57196,9.57345,1.50,1.00
2017.07.26 11:06:08.503,9.57196,9.57344,1.50,1.00
2017.07.26 11:06:15.451,9.57197,9.57344,1.00,1.00
2017.07.26 11:06:33.671,9.57197,9.5734,1.00,1.00
2017.07.26 11:06:36.221,9.57197,9.57344,1.00,1.00
2017.07.26 11:06:36.840,9.57196,9.57344,1.00,1.00
2017.07.26 11:06:37.479,9.57205,9.57344,1.00,1.00
2017.07.26 11:06:43.383,9.57205,9.57336,1.00,1.00
2017.07.26 11:06:43.887,9.57196,9.57336,1.00,1.00
2017.07.26 11:06:45.103,9.57186,9.5731,1.00,1.00
2017.07.26 11:06:45.306,9.57135,9.5727,1.00,1.00
2017.07.26 11:06:45.559,9.57119,9.5727,1.00,1.00
2017.07.26 11:06:45.935,9.57119,9.5726,1.00,1.00
2017.07.26 11:06:46.189,9.57119,9.5727,1.00,1.00
2017.07.26 11:06:46.241,9.57129,9.5727,1.00,1.00
2017.07.26 11:06:46.293,9.57129,9.5728,1.00,1.00
2017.07.26 11:06:47.744,9.57118,9.57272,1.00,1.00
2017.07.26 11:06:49.339,9.57118,9.57271,1.00,1.00
2017.07.26 11:06:49.666,9.57133,9.5728,1.00,1.00
2017.07.26 11:06:52.060,9.57133,9.57281,1.00,1.00
2017.07.26 11:06:52.111,9.57119,9.57271,1.00,1.00
2017.07.26 11:06:54.735,9.57133,9.5728,1.00,1.00
2017.07.26 11:06:55.023,9.57133,9.57285,1.00,1.00
2017.07.26 11:07:00.541,9.57138,9.57292,1.00,1.00
2017.07.26 11:07:02.263,9.57144,9.57296,1.00,1.00
2017.07.26 11:07:06.879,9.57143,9.57295,1.00,1.00
2017.07.26 11:07:15.586,9.57142,9.57294,1.00,1.00
2017.07.26 11:07:30.649,9.5714,9.57292,1.00,1.00
2017.07.26 11:07:36.975,9.57136,9.57292,1.00,1.00
2017.07.26 11:07:40.143,9.57135,9.573,1.00,1.00
2017.07.26 11:07:45.154,9.57135,9.57301,1.00,1.00
2017.07.26 11:07:45.607,9.57135,9.57304,1.00,1.00
2017.07.26 11:07:45.658,9.57139,9.57302,1.00,1.00
2017.07.26 11:07:46.736,9.57149,9.57312,1.00,1.00
2017.07.26 11:07:51.956,9.57149,9.57313,1.00,1.00
2017.07.26 11:08:00.666,9.57146,9.57308,1.00,1.00
2017.07.26 11:08:15.691,9.57141,9.57305,1.00,1.00
2017.07.26 11:08:22.030,9.57142,9.57305,1.00,1.00
2017.07.26 11:08:28.688,9.57142,9.57302,1.00,1.00
2017.07.26 11:08:29.575,9.57142,9.57305,1.00,1.00
2017.07.26 11:08:30.720,9.57137,9.57299,1.00,1.00
2017.07.26 11:08:36.038,9.57131,9.57293,1.00,1.00
2017.07.26 11:08:36.190,9.57121,9.573,1.00,1.00
2017.07.26 11:08:36.241,9.57121,9.57274,1.00,1.00
2017.07.26 11:08:36.394,9.57105,9.57268,1.00,1.00
2017.07.26 11:08:36.889,9.57105,9.57274,1.00,1.00
2017.07.26 11:08:37.430,9.57104,9.57266,1.00,1.00
2017.07.26 11:08:37.734,9.57093,9.57255,1.00,1.50
2017.07.26 11:08:38.921,9.57105,9.57272,1.00,1.00
2017.07.26 11:08:39.022,9.57105,9.57282,1.00,1.00
2017.07.26 11:08:40.468,9.57099,9.57262,1.00,1.00
2017.07.26 11:08:41.041,9.57111,9.5728,1.00,1.00
2017.07.26 11:08:42.126,9.57111,9.57289,1.00,1.00
2017.07.26 11:08:42.227,9.57111,9.57279,1.00,1.00
2017.07.26 11:08:44.103,9.57111,9.57287,1.00,1.00
2017.07.26 11:08:44.316,9.57111,9.57283,1.00,1.00
2017.07.26 11:08:45.799,9.57116,9.57283,1.00,1.00
2017.07.26 11:08:48.424,9.57116,9.5729,1.00,1.00
2017.07.26 11:08:49.263,9.57116,9.5727,1.00,1.00
2017.07.26 11:08:50.297,9.57116,9.57276,1.00,1.00
2017.07.26 11:08:50.449,9.57116,9.5728,1.00,1.00
2017.07.26 11:08:51.099,9.57119,9.5728,1.00,1.00
2017.07.26 11:08:51.830,9.57119,9.57281,1.00,1.00
2017.07.26 11:08:52.358,9.57119,9.5728,1.00,1.00
2017.07.26 11:08:53.537,9.57119,9.57281,1.00,1.00
2017.07.26 11:08:55.109,9.57119,9.5728,1.00,1.00
2017.07.26 11:08:58.975,9.57119,9.57278,1.00,1.00
2017.07.26 11:08:59.579,9.57119,9.57271,1.00,1.00
2017.07.26 11:09:00.238,9.57119,9.5727,1.00,1.00
2017.07.26 11:09:00.781,9.57113,9.5727,1.00,1.00
2017.07.26 11:09:00.941,9.57113,9.5728,1.00,1.00
2017.07.26 11:09:01.093,9.57113,9.57277,1.00,1.00
2017.07.26 11:09:02.066,9.57113,9.57286,1.00,1.00
2017.07.26 11:09:06.387,9.57113,9.5729,1.00,1.50
2017.07.26 11:09:06.923,9.57113,9.57289,1.00,1.00
2017.07.26 11:09:07.154,9.57118,9.5728,1.00,1.00
2017.07.26 11:09:07.582,9.57118,9.57278,1.00,1.00
2017.07.26 11:09:07.855,9.57103,9.57278,1.00,1.00
2017.07.26 11:09:08.007,9.57103,9.5727,1.00,1.00
2017.07.26 11:09:08.109,9.57103,9.5728,1.00,1.50
2017.07.26 11:09:08.311,9.57103,9.57272,1.00,1.00
2017.07.26 11:09:08.681,9.57103,9.5728,1.00,1.00
2017.07.26 11:09:09.456,9.57103,9.57281,1.00,1.00
2017.07.26 11:09:10.109,9.57111,9.57274,1.00,1.00
2017.07.26 11:09:10.657,9.57111,9.57273,1.00,1.00
2017.07.26 11:09:11.186,9.57111,9.57274,1.00,1.00
2017.07.26 11:09:13.927,9.57111,9.57266,1.00,1.00
2017.07.26 11:09:14.202,9.57111,9.57274,1.00,1.50
2017.07.26 11:09:14.491,9.57111,9.57266,1.00,1.00
2017.07.26 11:09:14.905,9.57111,9.57274,1.00,1.50
2017.07.26 11:09:15.293,9.57111,9.57266,1.00,1.00
2017.07.26 11:09:15.787,9.57109,9.57266,1.00,1.00
2017.07.26 11:09:15.940,9.57109,9.57272,1.00,1.00
2017.07.26 11:09:17.345,9.57109,9.57266,1.00,1.00
2017.07.26 11:09:17.544,9.57095,9.57266,1.00,1.00
2017.07.26 11:09:18.397,9.57095,9.57274,1.00,1.00
2017.07.26 11:09:18.713,9.57095,9.57266,1.00,1.00
2017.07.26 11:09:21.605,9.57095,9.57275,1.00,1.00
2017.07.26 11:09:22.006,9.57095,9.57266,1.00,1.00
2017.07.26 11:09:22.601,9.57096,9.57266,1.00,1.00
2017.07.26 11:09:22.756,9.57096,9.57278,1.00,1.00
2017.07.26 11:09:22.808,9.57096,9.5727,1.00,1.00
2017.07.26 11:09:23.231,9.57096,9.57262,1.00,1.00
2017.07.26 11:09:23.332,9.57096,9.57272,1.00,1.00
2017.07.26 11:09:23.535,9.57096,9.57263,1.00,1.00
2017.07.26 11:09:24.313,9.57096,9.57268,1.00,1.00
2017.07.26 11:09:27.529,9.57104,9.57267,1.00,1.00
2017.07.26 11:09:28.542,9.57088,9.57268,1.00,1.00
2017.07.26 11:09:29.692,9.571,9.57263,1.00,1.00
2017.07.26 11:09:31.017,9.57087,9.57265,1.00,1.00
2017.07.26 11:09:31.475,9.571,9.57263,1.00,1.00
2017.07.26 11:09:31.628,9.57086,9.57265,1.00,1.00
2017.07.26 11:09:32.074,9.57086,9.57257,1.00,1.00
2017.07.26 11:09:32.277,9.57086,9.57265,1.00,1.00
2017.07.26 11:09:32.583,9.57086,9.57255,1.00,1.00
2017.07.26 11:09:32.786,9.57086,9.57264,1.00,1.00
2017.07.26 11:09:35.271,9.57086,9.57256,1.00,1.00
2017.07.26 11:09:36.294,9.57086,9.57264,1.00,1.00
2017.07.26 11:09:36.395,9.57086,9.57255,1.00,1.00
2017.07.26 11:09:37.165,9.57093,9.57255,1.00,1.00
2017.07.26 11:09:38.697,9.57093,9.5726,1.00,1.00
2017.07.26 11:09:39.223,9.57094,9.57257,1.00,1.00
2017.07.26 11:09:39.842,9.57094,9.57255,1.00,1.00
2017.07.26 11:09:40.170,9.57094,9.57257,1.00,1.00
2017.07.26 11:09:40.396,9.57094,9.57255,1.00,1.00
2017.07.26 11:09:40.903,9.57094,9.57257,1.00,1.00
2017.07.26 11:09:42.374,9.57094,9.57255,1.00,1.00
2017.07.26 11:09:43.787,9.57094,9.57257,1.00,1.00
2017.07.26 11:09:44.403,9.57094,9.57256,1.00,1.00
2017.07.26 11:09:45.920,9.57093,9.57255,1.00,1.00
2017.07.26 11:09:48.116,9.57077,9.57256,1.00,1.00
2017.07.26 11:09:48.913,9.57077,9.57248,1.00,1.00
2017.07.26 11:09:49.249,9.57092,9.57248,1.00,1.00
2017.07.26 11:09:49.300,9.57092,9.57254,1.00,1.00
2017.07.26 11:09:49.450,9.57077,9.57256,1.00,1.00
2017.07.26 11:09:49.689,9.57077,9.57248,1.00,1.00
2017.07.26 11:09:50.020,9.5709,9.57253,1.00,1.00
2017.07.26 11:09:50.464,9.57077,9.5724,1.00,1.00
2017.07.26 11:09:51.726,9.57063,9.57225,1.00,1.00
2017.07.26 11:09:52.204,9.57073,9.57244,1.00,1.00
2017.07.26 11:09:53.214,9.57076,9.57243,1.00,1.00
2017.07.26 11:10:00.977,9.57079,9.57243,1.00,1.00
2017.07.26 11:10:07.233,9.57082,9.57244,1.00,1.00
2017.07.26 11:10:10.336,9.57082,9.57238,1.00,1.00
2017.07.26 11:10:10.574,9.57082,9.57244,1.00,1.00
2017.07.26 11:10:15.946,9.57079,9.57241,1.00,1.00
2017.07.26 11:10:22.283,9.5708,9.57243,1.00,1.00
2017.07.26 11:10:31.008,9.57084,9.57246,1.00,1.00
2017.07.26 11:10:35.187,9.57094,9.57256,1.00,1.00
2017.07.26 11:10:35.553,9.57082,9.57244,1.00,1.00
2017.07.26 11:10:37.189,9.57095,9.57258,1.00,1.50
2017.07.26 11:10:40.600,9.57095,9.57257,1.00,1.00
2017.07.26 11:10:42.809,9.57095,9.57258,1.00,1.00
2017.07.26 11:10:42.911,9.57095,9.57256,1.00,1.00
2017.07.26 11:10:43.299,9.57095,9.57258,1.00,1.00
2017.07.26 11:10:46.040,9.57097,9.57259,1.00,1.00
2017.07.26 11:10:48.493,9.57097,9.57258,1.00,1.00
2017.07.26 11:10:52.203,9.57097,9.5725,1.00,1.00
2017.07.26 11:10:52.357,9.5709,9.5725,1.00,1.00
2017.07.26 11:10:53.052,9.5709,9.57241,1.00,1.00
2017.07.26 11:10:53.609,9.5709,9.5725,1.00,1.00
2017.07.26 11:10:54.180,9.5709,9.57241,1.00,1.00
2017.07.26 11:10:54.505,9.5709,9.5725,1.00,1.00
2017.07.26 11:10:54.926,9.5709,9.57242,1.00,1.00
2017.07.26 11:10:55.277,9.57086,9.57242,1.00,1.00
2017.07.26 11:10:55.403,9.57086,9.57248,1.00,1.00
2017.07.26 11:10:56.245,9.57086,9.57243,1.00,1.00
2017.07.26 11:10:56.508,9.57086,9.57248,1.00,1.00
2017.07.26 11:10:56.609,9.57086,9.57243,1.00,1.00
2017.07.26 11:10:57.235,9.57086,9.57248,1.00,1.00
2017.07.26 11:10:57.509,9.57086,9.57242,1.00,1.00
2017.07.26 11:10:58.553,9.57086,9.57248,1.00,1.00
2017.07.26 11:10:58.611,9.57086,9.57242,1.00,1.00
2017.07.26 11:10:58.912,9.57086,9.57248,1.00,1.00
2017.07.26 11:11:01.027,9.57089,9.57251,1.00,1.00
2017.07.26 11:11:01.476,9.57089,9.57243,1.00,1.00
2017.07.26 11:11:04.114,9.57089,9.57252,1.00,1.00
2017.07.26 11:11:04.267,9.57089,9.57245,1.00,1.00
2017.07.26 11:11:04.423,9.57089,9.57252,1.00,1.00
2017.07.26 11:11:05.440,9.57089,9.57247,1.00,1.00
2017.07.26 11:11:05.541,9.57089,9.57252,1.00,1.00
2017.07.26 11:11:06.826,9.57089,9.57246,1.00,1.00
2017.07.26 11:11:07.352,9.57092,9.57246,1.00,1.00
2017.07.26 11:11:08.430,9.57092,9.57254,1.00,1.00
2017.07.26 11:11:08.531,9.57092,9.57247,1.00,1.00
2017.07.26 11:11:08.869,9.57092,9.57254,1.00,1.00
2017.07.26 11:11:08.994,9.57072,9.57246,1.00,1.00
2017.07.26 11:11:09.095,9.57088,9.57247,1.00,1.00
2017.07.26 11:11:09.198,9.57068,9.57235,1.00,1.00
2017.07.26 11:11:09.248,9.57068,9.57233,1.00,1.00
2017.07.26 11:11:10.339,9.57068,9.57225,1.00,1.00
2017.07.26 11:11:10.877,9.57068,9.57235,1.00,1.00
2017.07.26 11:11:11.683,9.57068,9.57246,1.00,1.50
2017.07.26 11:11:13.856,9.57068,9.57237,1.00,1.00
2017.07.26 11:11:16.107,9.57082,9.57237,1.00,1.00
2017.07.26 11:11:16.645,9.57082,9.57244,1.00,1.50
2017.07.26 11:11:16.900,9.57082,9.57233,1.00,1.00
2017.07.26 11:11:16.950,9.57082,9.57241,1.00,1.00
2017.07.26 11:11:17.052,9.57082,9.5723,1.00,1.00
2017.07.26 11:11:17.284,9.57082,9.5724,1.00,1.00
2017.07.26 11:11:17.832,9.57061,9.5724,1.00,1.00
2017.07.26 11:11:17.883,9.57061,9.5723,1.00,1.00
2017.07.26 11:11:20.806,9.57081,9.5723,1.00,1.00
2017.07.26 11:11:20.856,9.57081,9.5724,1.00,1.95
2017.07.26 11:11:21.354,9.57081,9.57232,1.00,1.00
2017.07.26 11:11:24.298,9.57081,9.57235,1.00,1.00
2017.07.26 11:11:27.165,9.57081,9.57227,1.00,1.00
2017.07.26 11:11:30.014,9.5706,9.57227,1.00,1.00
2017.07.26 11:11:30.415,9.5705,9.57224,1.00,1.00
2017.07.26 11:11:30.466,9.57044,9.57207,1.00,1.00
2017.07.26 11:11:30.807,9.57012,9.57174,1.00,1.50
2017.07.26 11:11:31.111,9.57027,9.57189,1.00,1.00
2017.07.26 11:11:31.449,9.57027,9.57181,1.00,1.00
2017.07.26 11:11:31.652,9.57022,9.57181,1.00,1.00
2017.07.26 11:11:36.192,9.57022,9.57184,1.00,1.00
2017.07.26 11:11:37.432,9.57028,9.57191,1.00,1.00
2017.07.26 11:11:46.155,9.57025,9.57194,1.00,1.00
2017.07.26 11:11:52.461,9.57026,9.57194,1.00,1.00
2017.07.26 11:11:54.679,9.57026,9.57184,1.00,1.00
2017.07.26 11:11:54.983,9.56956,9.57107,1.00,1.00
2017.07.26 11:11:55.136,9.56945,9.57107,1.00,1.00
2017.07.26 11:11:55.238,9.56945,9.57101,1.00,1.00
2017.07.26 11:11:55.723,9.5693,9.57092,1.00,1.00
2017.07.26 11:12:01.196,9.56935,9.57097,1.00,1.00
2017.07.26 11:12:07.489,9.56931,9.57093,1.00,1.00
2017.07.26 11:12:14.901,9.56922,9.57085,1.00,1.00
2017.07.26 11:12:15.003,9.56933,9.57095,1.00,1.00
2017.07.26 11:12:16.274,9.5694,9.57102,1.00,1.00
2017.07.26 11:12:21.442,9.56942,9.57104,1.00,1.00
2017.07.26 11:12:21.543,9.5695,9.57113,1.00,1.00
2017.07.26 11:12:22.535,9.56952,9.57114,1.00,1.00
2017.07.26 11:12:31.256,9.56959,9.57122,1.00,1.00
2017.07.26 11:12:34.716,9.56949,9.57112,1.00,1.00
2017.07.26 11:12:35.356,9.5694,9.57103,1.00,1.00
2017.07.26 11:12:35.704,9.56951,9.57113,1.00,1.00
2017.07.26 11:12:37.553,9.56955,9.57118,1.00,1.00
2017.07.26 11:12:46.283,9.56954,9.57116,1.00,1.00
2017.07.26 11:12:52.563,9.56955,9.57118,1.00,1.00
2017.07.26 11:12:56.721,9.56955,9.57116,1.00,1.00
2017.07.26 11:12:57.242,9.56955,9.57118,1.00,1.00
2017.07.26 11:13:01.293,9.56955,9.5712,1.00,1.00
2017.07.26 11:13:15.298,9.56946,9.57108,1.00,1.00
2017.07.26 11:13:16.298,9.56943,9.57105,1.00,1.00
2017.07.26 11:13:22.660,9.56947,9.57109,1.00,1.00
2017.07.26 11:13:28.247,9.56957,9.57119,1.00,1.00
2017.07.26 11:13:28.814,9.56942,9.57106,1.00,1.00
2017.07.26 11:13:30.600,9.56927,9.571,1.00,1.00
2017.07.26 11:13:37.702,9.56932,9.57099,1.00,1.00
2017.07.26 11:13:46.402,9.56931,9.57099,1.00,1.00
2017.07.26 11:13:52.706,9.56931,9.57093,1.00,1.00
2017.07.26 11:14:01.459,9.56931,9.57094,1.00,1.00
2017.07.26 11:14:07.722,9.56932,9.57094,1.00,1.00
2017.07.26 11:14:16.448,9.56929,9.57091,1.00,1.00
2017.07.26 11:14:22.757,9.5693,9.57092,1.00,1.00
2017.07.26 11:14:31.459,9.56929,9.57091,1.00,1.00
2017.07.26 11:14:36.714,9.56929,9.57086,1.00,1.00
2017.07.26 11:14:37.163,9.56929,9.57091,1.00,1.00
2017.07.26 11:14:37.786,9.56926,9.57089,1.00,1.00
2017.07.26 11:14:38.436,9.56936,9.57099,1.00,1.00
2017.07.26 11:14:38.857,9.56942,9.57105,1.00,1.00
2017.07.26 11:14:40.775,9.56932,9.57094,1.00,1.00
2017.07.26 11:14:41.492,9.56926,9.57089,1.00,1.00
2017.07.26 11:14:52.802,9.56921,9.57086,1.00,1.00
2017.07.26 11:14:59.718,9.56915,9.57079,1.00,1.00
2017.07.26 11:15:00.028,9.56878,9.57026,1.00,1.00
2017.07.26 11:15:00.130,9.56851,9.57014,1.00,1.00
2017.07.26 11:15:00.181,9.56839,9.56999,1.00,1.00
2017.07.26 11:15:00.232,9.56836,9.56999,1.00,1.00
2017.07.26 11:15:01.035,9.56846,9.5701,1.00,1.00
2017.07.26 11:15:01.531,9.56839,9.57002,1.00,1.00
2017.07.26 11:15:02.502,9.56837,9.56999,1.00,1.00
2017.07.26 11:15:04.947,9.56886,9.56999,1.00,1.00
2017.07.26 11:15:05.050,9.56856,9.57018,1.00,1.00
2017.07.26 11:15:05.101,9.56856,9.5701,1.00,1.00
2017.07.26 11:15:05.370,9.56835,9.56997,1.00,1.00
2017.07.26 11:15:07.854,9.56836,9.56998,1.00,1.00
2017.07.26 11:15:14.916,9.56851,9.57013,1.00,1.00
2017.07.26 11:15:16.549,9.56841,9.57004,1.00,1.00
2017.07.26 11:15:21.627,9.56839,9.57002,1.00,1.00
2017.07.26 11:15:23.559,9.56828,9.5699,1.00,1.00
2017.07.26 11:15:28.185,9.56837,9.57025,1.00,1.00
2017.07.26 11:15:30.347,9.56864,9.57025,1.00,1.00
2017.07.26 11:15:30.879,9.56864,9.57026,1.00,1.00
2017.07.26 11:15:31.570,9.56871,9.57034,1.00,1.00
2017.07.26 11:15:32.562,9.56875,9.57037,1.00,1.00
2017.07.26 11:15:37.894,9.56874,9.57036,1.00,1.00
2017.07.26 11:15:46.638,9.56867,9.5703,1.00,1.00
2017.07.26 11:15:52.914,9.56869,9.57031,1.00,1.00
2017.07.26 11:16:01.621,9.56866,9.57028,1.00,1.00
2017.07.26 11:16:07.961,9.56867,9.57029,1.00,1.00
2017.07.26 11:16:16.711,9.56859,9.57022,1.00,1.00
2017.07.26 11:16:18.618,9.56855,9.5702,1.00,1.00
2017.07.26 11:16:23.023,9.56848,9.5703,1.00,1.60
2017.07.26 11:16:23.577,9.56848,9.5703,1.00,1.00
2017.07.26 11:16:23.680,9.56848,9.5703,1.00,1.60
2017.07.26 11:16:25.940,9.56848,9.5703,1.00,1.00
2017.07.26 11:16:27.588,9.56848,9.5703,1.00,1.60
2017.07.26 11:16:28.135,9.56848,9.5703,1.00,1.60
2017.07.26 11:16:28.737,9.56848,9.5703,1.00,1.60
2017.07.26 11:16:30.792,9.56848,9.5703,1.00,1.60
2017.07.26 11:16:31.207,9.56848,9.5703,1.00,1.60
2017.07.26 11:16:31.525,9.56848,9.5703,1.00,1.60
2017.07.26 11:16:31.679,9.56844,9.57026,1.00,1.60
2017.07.26 11:16:32.255,9.56844,9.57026,1.00,1.60
2017.07.26 11:16:33.244,9.56844,9.57026,1.00,1.60
2017.07.26 11:16:33.566,9.56844,9.57026,1.00,1.60
2017.07.26 11:16:34.102,9.56844,9.57026,1.00,1.00
2017.07.26 11:16:38.004,9.56851,9.57014,1.00,1.00
2017.07.26 11:16:46.710,9.56851,9.57013,1.00,1.00
2017.07.26 11:16:53.034,9.5685,9.57012,1.00,1.00
2017.07.26 11:17:01.788,9.56844,9.57007,1.00,1.00
2017.07.26 11:17:08.064,9.56846,9.57009,1.00,1.00
2017.07.26 11:17:16.824,9.56848,9.5701,1.00,1.00
2017.07.26 11:17:22.307,9.56859,9.57021,1.00,1.00
2017.07.26 11:17:23.096,9.56852,9.57014,1.00,1.00
2017.07.26 11:17:24.020,9.56847,9.5701,1.00,1.00
2017.07.26 11:17:31.799,9.56848,9.57011,1.00,1.00
2017.07.26 11:17:34.705,9.56859,9.57022,1.00,1.00
2017.07.26 11:17:42.378,9.56852,9.57036,1.00,1.00
2017.07.26 11:17:46.830,9.56855,9.57043,1.00,1.00
2017.07.26 11:17:53.155,9.56859,9.57037,1.00,1.00
2017.07.26 11:17:56.561,9.56865,9.57037,1.00,1.00
2017.07.26 11:17:58.536,9.56874,9.57036,1.00,1.00
2017.07.26 11:17:58.935,9.56883,9.57036,1.00,1.00
2017.07.26 11:17:59.138,9.56874,9.57036,1.50,1.00
2017.07.26 11:18:01.905,9.56866,9.57041,1.00,1.00
2017.07.26 11:18:02.604,9.56866,9.57041,1.00,1.60
2017.07.26 11:18:02.946,9.56867,9.57029,1.00,1.00
2017.07.26 11:18:03.392,9.56863,9.57029,1.00,1.00
2017.07.26 11:18:03.443,9.56869,9.57029,1.00,1.00
2017.07.26 11:18:04.367,9.56863,9.57029,1.00,1.00
2017.07.26 11:18:05.756,9.56877,9.57029,1.00,1.00
2017.07.26 11:18:08.212,9.56871,9.5703,1.00,1.00
2017.07.26 11:18:09.547,9.56866,9.5703,1.00,1.00
2017.07.26 11:18:09.649,9.56863,9.57009,1.00,1.00
2017.07.26 11:18:09.751,9.56868,9.5702,1.00,1.00
2017.07.26 11:18:09.802,9.5685,9.57002,1.00,1.00
2017.07.26 11:18:10.705,9.56839,9.56991,1.00,1.00
2017.07.26 11:18:11.318,9.56828,9.5698,1.00,1.00
2017.07.26 11:18:11.622,9.56841,9.5699,1.00,1.00
2017.07.26 11:18:14.935,9.56848,9.57002,1.00,1.00
2017.07.26 11:18:17.650,9.5685,9.57002,1.00,1.00
2017.07.26 11:18:18.067,9.56848,9.57002,1.00,1.00
2017.07.26 11:18:22.283,9.5685,9.57002,1.00,1.00
2017.07.26 11:18:23.312,9.56847,9.56999,1.00,1.00
2017.07.26 11:18:29.992,9.56851,9.56999,1.00,1.00
2017.07.26 11:18:30.094,9.56847,9.56999,1.00,1.00
2017.07.26 11:18:30.901,9.56852,9.56999,1.00,1.00
2017.07.26 11:18:31.003,9.56847,9.56999,1.00,1.00
2017.07.26 11:18:31.941,9.56843,9.56995,1.00,1.00
2017.07.26 11:18:32.901,9.56844,9.56995,1.00,1.00
2017.07.26 11:18:33.507,9.56843,9.56995,1.00,1.00
2017.07.26 11:18:34.004,9.56845,9.56995,1.00,1.00
2017.07.26 11:18:34.106,9.56843,9.56995,1.00,1.00
2017.07.26 11:18:34.718,9.56852,9.56995,1.00,1.00
2017.07.26 11:18:34.877,9.56843,9.56995,1.00,1.00
2017.07.26 11:18:34.980,9.56846,9.56995,1.00,1.00
2017.07.26 11:18:35.920,9.56843,9.56995,1.00,1.00
2017.07.26 11:18:36.123,9.56849,9.56995,1.00,1.00
2017.07.26 11:18:38.028,9.56843,9.56995,1.00,1.00
2017.07.26 11:18:38.129,9.56848,9.56995,1.00,1.00
2017.07.26 11:18:38.259,9.56848,9.56998,1.00,1.00
2017.07.26 11:18:38.310,9.56846,9.56998,1.00,1.00
2017.07.26 11:18:39.118,9.56848,9.56998,1.00,1.00
2017.07.26 11:18:43.909,9.56846,9.56998,1.00,1.00
2017.07.26 11:18:48.434,9.5685,9.56998,1.00,1.00
2017.07.26 11:18:48.725,9.56856,9.57008,1.00,1.00
2017.07.26 11:18:53.274,9.56847,9.56999,1.00,1.00
2017.07.26 11:18:56.229,9.56846,9.56998,1.00,1.00
2017.07.26 11:18:58.028,9.56847,9.56998,1.00,1.00
2017.07.26 11:19:01.036,9.56846,9.56998,1.00,1.00
2017.07.26 11:19:02.449,9.56847,9.56998,1.00,1.00
2017.07.26 11:19:02.957,9.56846,9.56998,1.50,1.00
2017.07.26 11:19:04.738,9.56851,9.56998,1.00,1.00
2017.07.26 11:19:04.840,9.56846,9.56998,1.00,1.00
2017.07.26 11:19:06.343,9.56852,9.56998,1.00,1.00
2017.07.26 11:19:06.445,9.56846,9.56998,1.00,1.00
2017.07.26 11:19:06.546,9.56853,9.56998,1.00,1.00
2017.07.26 11:19:06.648,9.56846,9.56998,1.00,1.00
2017.07.26 11:19:08.268,9.56852,9.56998,1.00,1.00
2017.07.26 11:19:08.319,9.56852,9.57,1.00,1.00
2017.07.26 11:19:08.370,9.56848,9.57,1.00,1.00
2017.07.26 11:19:08.582,9.56852,9.57,1.00,1.00
2017.07.26 11:19:09.670,9.56848,9.57,1.00,1.00
2017.07.26 11:19:12.953,9.56853,9.57,1.00,1.00
2017.07.26 11:19:13.155,9.56848,9.57,1.00,1.00
2017.07.26 11:19:15.572,9.56831,9.56994,1.00,1.00
2017.07.26 11:19:16.154,9.56828,9.5698,1.00,1.00
2017.07.26 11:19:17.201,9.56825,9.56977,1.00,1.00
2017.07.26 11:19:19.527,9.56837,9.56989,1.00,1.00
2017.07.26 11:19:22.725,9.56841,9.56989,1.00,1.00
2017.07.26 11:19:22.877,9.56849,9.57001,1.00,1.00
2017.07.26 11:19:24.240,9.56868,9.5702,1.50,1.00
2017.07.26 11:19:24.552,9.5688,9.57032,1.00,1.00
2017.07.26 11:19:25.241,9.56895,9.57043,1.00,1.00
2017.07.26 11:19:27.373,9.56927,9.57079,1.00,1.00
2017.07.26 11:19:27.529,9.56964,9.57094,1.00,1.00
2017.07.26 11:19:27.681,9.56987,9.57137,1.00,1.00
2017.07.26 11:19:27.783,9.57006,9.57145,1.00,1.00
2017.07.26 11:19:27.885,9.5703,9.57179,1.00,1.00
2017.07.26 11:19:27.936,9.57065,9.57194,1.00,1.50
2017.07.26 11:19:28.191,9.57087,9.57228,1.00,1.00
2017.07.26 11:19:28.444,9.57087,9.57234,1.00,1.00
2017.07.26 11:19:32.029,9.57087,9.5724,1.00,1.00
2017.07.26 11:19:32.080,9.57087,9.57243,1.00,1.00
2017.07.26 11:19:32.131,9.57112,9.57243,1.00,1.00
2017.07.26 11:19:32.182,9.57112,9.57265,1.00,1.00
2017.07.26 11:19:32.233,9.57139,9.57265,1.00,1.00
2017.07.26 11:19:32.285,9.57139,9.57285,1.00,1.00
2017.07.26 11:19:32.388,9.57139,9.57291,1.00,1.00
2017.07.26 11:19:32.918,9.57139,9.5729,1.00,1.00
2017.07.26 11:19:33.246,9.57153,9.57291,1.00,1.00
2017.07.26 11:19:33.586,9.57122,9.57252,1.00,1.00
2017.07.26 11:19:33.926,9.57109,9.57233,1.00,1.00
2017.07.26 11:19:33.978,9.57093,9.57233,1.00,1.00
2017.07.26 11:19:34.080,9.57093,9.57236,1.00,1.00
2017.07.26 11:19:34.182,9.57096,9.57236,1.00,1.00
2017.07.26 11:19:34.329,9.57093,9.57236,1.00,1.00
2017.07.26 11:19:35.317,9.57093,9.57237,1.00,1.00
2017.07.26 11:19:36.704,9.57093,9.57247,1.00,1.00
2017.07.26 11:19:36.755,9.57121,9.57259,1.00,1.00
2017.07.26 11:19:36.806,9.57127,9.57272,1.00,1.00
2017.07.26 11:19:36.857,9.57127,9.57289,1.00,1.00
2017.07.26 11:19:36.959,9.57144,9.57301,1.00,1.00
2017.07.26 11:19:37.162,9.57162,9.57324,1.00,1.00
2017.07.26 11:19:37.213,9.57192,9.57327,1.00,1.00
2017.07.26 11:19:37.264,9.57192,9.57344,1.00,1.00
2017.07.26 11:19:37.315,9.57192,9.57346,1.00,1.00
2017.07.26 11:19:37.417,9.57215,9.57346,1.00,1.00
2017.07.26 11:19:37.468,9.57215,9.5736,1.00,1.00
2017.07.26 11:19:37.696,9.57229,9.5736,1.00,1.00
2017.07.26 11:19:38.164,9.57229,9.57371,1.00,1.00
2017.07.26 11:19:38.434,9.57229,9.57375,1.00,1.00
2017.07.26 11:19:38.739,9.57229,9.57379,1.00,1.00
2017.07.26 11:19:39.471,9.57229,9.57381,1.00,1.00
2017.07.26 11:19:40.196,9.57229,9.57388,1.00,1.00
2017.07.26 11:19:40.247,9.57246,9.57388,1.00,1.00
2017.07.26 11:19:43.195,9.57246,9.57392,1.00,1.00
2017.07.26 11:19:43.246,9.57246,9.574,1.00,1.00
2017.07.26 11:19:43.762,9.57246,9.57401,1.00,1.00
2017.07.26 11:19:44.755,9.57267,9.57412,1.00,1.50
2017.07.26 11:19:46.253,9.57267,9.57423,1.00,1.00
2017.07.26 11:19:46.525,9.57283,9.57423,1.00,1.00
2017.07.26 11:19:47.245,9.57283,9.57424,1.00,1.00
2017.07.26 11:19:52.291,9.57283,9.57436,1.00,1.00
2017.07.26 11:19:52.343,9.57297,9.57436,1.00,1.00
2017.07.26 11:19:53.751,9.57297,9.5744,1.00,1.00
2017.07.26 11:19:54.974,9.57297,9.57448,1.00,1.00
2017.07.26 11:19:55.292,9.57313,9.57448,1.00,1.00
2017.07.26 11:19:55.343,9.57313,9.57451,1.00,1.00
2017.07.26 11:19:56.362,9.57313,9.57463,1.00,1.00
2017.07.26 11:19:56.413,9.57338,9.57476,1.00,1.00
2017.07.26 11:19:56.465,9.57338,9.57484,1.00,1.00
2017.07.26 11:19:56.567,9.57357,9.57498,1.00,1.00
2017.07.26 11:19:57.947,9.57357,9.57513,1.00,1.00
2017.07.26 11:19:59.444,9.57374,9.57524,1.00,1.00
2017.07.26 11:20:00.967,9.57389,9.57534,1.00,1.00
2017.07.26 11:20:02.121,9.57389,9.57541,1.00,1.00
2017.07.26 11:20:02.478,9.57411,9.57557,1.00,1.50
2017.07.26 11:20:05.491,9.57411,9.57563,1.00,1.00
2017.07.26 11:20:05.644,9.57434,9.57568,1.00,1.00
2017.07.26 11:20:05.745,9.57435,9.57588,1.00,1.00
2017.07.26 11:20:05.848,9.57451,9.57595,1.00,1.00
2017.07.26 11:20:05.899,9.57451,9.57616,1.00,1.00
2017.07.26 11:20:06.043,9.57451,9.57618,1.00,1.00
2017.07.26 11:20:06.094,9.57479,9.57639,1.00,1.00
2017.07.26 11:20:06.400,9.57496,9.57639,1.00,1.00
2017.07.26 11:20:06.774,9.57496,9.5765,1.00,1.00
2017.07.26 11:20:07.485,9.57496,9.57653,1.00,1.00
2017.07.26 11:20:07.786,9.57496,9.57656,1.00,1.00
2017.07.26 11:20:08.158,9.57496,9.57645,1.00,1.00
2017.07.26 11:20:15.079,9.5751,9.57653,1.00,1.00
2017.07.26 11:20:15.689,9.57513,9.57665,1.00,1.00
2017.07.26 11:20:17.130,9.57515,9.57667,1.00,1.00
2017.07.26 11:20:17.435,9.57525,9.5767,1.00,1.00
2017.07.26 11:20:17.588,9.57525,9.57677,1.00,1.00
2017.07.26 11:20:17.730,9.57537,9.5768,1.00,1.00
2017.07.26 11:20:17.781,9.57532,9.57693,1.00,1.00
2017.07.26 11:20:17.832,9.57555,9.57717,1.50,1.00
2017.07.26 11:20:17.984,9.57586,9.5774,1.00,1.00
2017.07.26 11:20:18.714,9.57601,9.5774,1.00,1.00
2017.07.26 11:20:18.765,9.57601,9.57751,1.00,1.00
2017.07.26 11:20:19.411,9.57601,9.57764,1.00,1.00
2017.07.26 11:20:21.179,9.57612,9.57774,1.00,1.00
2017.07.26 11:20:23.484,9.57606,9.57768,1.00,1.00
2017.07.26 11:20:32.186,9.57617,9.57769,1.00,1.00
2017.07.26 11:20:38.519,9.57614,9.57766,1.00,1.00
2017.07.26 11:20:47.191,9.57607,9.57759,1.00,1.00
2017.07.26 11:20:54.114,9.57596,9.5775,1.00,1.00
2017.07.26 11:20:54.216,9.57585,9.57739,1.00,1.00
2017.07.26 11:20:54.521,9.57566,9.57714,1.00,1.00
2017.07.26 11:20:54.623,9.57562,9.57714,1.00,1.00
2017.07.26 11:20:54.776,9.57575,9.57727,1.00,1.00
2017.07.26 11:21:02.220,9.57577,9.57729,1.00,1.00
2017.07.26 11:21:04.257,9.57566,9.57718,1.00,1.00
2017.07.26 11:21:05.369,9.57563,9.57717,1.00,1.00
2017.07.26 11:21:17.282,9.57566,9.57718,1.00,1.00
2017.07.26 11:21:38.145,9.57555,9.57707,1.00,1.00
2017.07.26 11:21:38.640,9.57544,9.57696,1.00,1.00
2017.07.26 11:21:41.665,9.57555,9.57717,1.00,1.00
2017.07.26 11:21:41.716,9.57567,9.57725,1.00,1.00
2017.07.26 11:21:41.869,9.57569,9.57741,1.00,1.00
2017.07.26 11:21:42.025,9.57576,9.57741,1.00,1.00
2017.07.26 11:21:42.228,9.57569,9.57741,1.00,1.00
2017.07.26 11:21:42.558,9.57576,9.57741,1.00,1.00
2017.07.26 11:21:42.962,9.57593,9.5774,1.00,1.00
2017.07.26 11:21:43.145,9.57593,9.57755,1.00,1.00
2017.07.26 11:21:43.196,9.57576,9.57751,1.00,1.00
2017.07.26 11:21:43.248,9.57583,9.57751,1.00,1.00
2017.07.26 11:21:44.347,9.57585,9.57751,1.00,1.00
2017.07.26 11:21:44.975,9.57577,9.57751,1.00,1.00
2017.07.26 11:21:47.311,9.57577,9.5775,1.00,1.00
2017.07.26 11:21:48.162,9.57584,9.5775,1.00,1.00
2017.07.26 11:21:48.264,9.57577,9.5775,1.00,1.00
2017.07.26 11:21:48.717,9.57604,9.57766,1.00,1.00
2017.07.26 11:21:49.055,9.57615,9.57777,1.00,1.00
2017.07.26 11:21:53.643,9.57615,9.5778,1.00,1.50
2017.07.26 11:21:56.853,9.57625,9.57788,1.00,1.00
2017.07.26 11:21:58.098,9.57628,9.5779,1.00,1.00
2017.07.26 11:22:02.341,9.57629,9.57791,1.00,1.00
2017.07.26 11:22:03.123,9.57629,9.57781,1.00,1.00
2017.07.26 11:22:03.588,9.57621,9.57773,1.00,1.00
2017.07.26 11:22:03.689,9.57602,9.57771,1.00,1.00
2017.07.26 11:22:11.543,9.5761,9.57771,1.00,1.00
2017.07.26 11:22:11.905,9.57617,9.57771,1.00,1.00
2017.07.26 11:22:12.255,9.5764,9.57794,1.00,1.00
2017.07.26 11:22:12.559,9.57662,9.57814,1.00,1.00
2017.07.26 11:22:17.420,9.57659,9.57811,1.00,1.00
2017.07.26 11:22:21.462,9.5766,9.57811,1.00,1.00
2017.07.26 11:22:22.008,9.57659,9.57811,1.00,1.00
2017.07.26 11:22:23.475,9.57663,9.57811,1.00,1.00
2017.07.26 11:22:23.678,9.57659,9.57811,1.00,1.00
2017.07.26 11:22:23.729,9.57665,9.57817,1.00,1.00
2017.07.26 11:22:27.316,9.57654,9.57808,1.00,1.00
2017.07.26 11:22:28.368,9.57656,9.57808,1.00,1.00
2017.07.26 11:22:28.648,9.57654,9.57808,1.00,1.00
2017.07.26 11:22:30.292,9.57658,9.57808,1.00,1.00
2017.07.26 11:22:30.445,9.57654,9.57808,1.00,1.00
2017.07.26 11:22:30.981,9.57659,9.57808,1.00,1.00
2017.07.26 11:22:31.083,9.57654,9.57808,1.00,1.00
2017.07.26 11:22:32.170,9.57655,9.57808,1.00,1.00
2017.07.26 11:22:32.423,9.57654,9.5781,1.00,1.00
2017.07.26 11:22:34.069,9.57656,9.5781,1.00,1.00
2017.07.26 11:22:34.474,9.57654,9.5781,1.00,1.00
2017.07.26 11:22:35.490,9.57655,9.5781,1.00,1.00
2017.07.26 11:22:36.033,9.57654,9.5781,1.00,1.00
2017.07.26 11:22:38.726,9.57653,9.57809,1.00,1.00
2017.07.26 11:22:40.474,9.57653,9.57819,1.00,1.00
2017.07.26 11:22:41.189,9.57654,9.57819,1.00,1.00
2017.07.26 11:22:42.187,9.57653,9.57819,1.00,1.00
2017.07.26 11:22:43.378,9.57654,9.57819,1.00,1.00
2017.07.26 11:22:43.906,9.57653,9.57819,1.50,1.00
2017.07.26 11:22:44.539,9.57654,9.57819,1.00,1.00
2017.07.26 11:22:45.047,9.57653,9.57819,1.00,1.00
2017.07.26 11:22:45.820,9.57654,9.57819,1.00,1.00
2017.07.26 11:22:46.326,9.57658,9.57819,1.00,1.00
2017.07.26 11:22:46.492,9.57653,9.57819,1.00,1.00
2017.07.26 11:22:47.447,9.57654,9.57826,1.00,1.00
2017.07.26 11:22:47.498,9.5766,9.57826,1.00,1.00
2017.07.26 11:22:48.143,9.57654,9.57826,1.00,1.00
2017.07.26 11:22:49.139,9.57659,9.57826,1.00,1.00
2017.07.26 11:22:49.822,9.57654,9.57826,1.00,1.00
2017.07.26 11:22:49.923,9.57658,9.57826,1.00,1.00
2017.07.26 11:22:50.224,9.57654,9.57826,1.00,1.00
2017.07.26 11:22:51.353,9.57658,9.57826,1.00,1.00
2017.07.26 11:22:51.944,9.57654,9.57826,1.00,1.00
2017.07.26 11:22:53.333,9.57665,9.57826,1.00,1.00
2017.07.26 11:22:53.435,9.57656,9.57826,1.00,1.00
2017.07.26 11:22:54.168,9.57656,9.57827,1.00,1.00
2017.07.26 11:22:58.658,9.57654,9.57827,1.00,1.00
2017.07.26 11:22:58.873,9.57657,9.57827,1.00,1.00
2017.07.26 11:22:59.076,9.57654,9.57827,1.50,1.00
2017.07.26 11:22:59.594,9.57655,9.57827,1.00,1.00
2017.07.26 11:23:00.101,9.57654,9.57827,1.00,1.00
2017.07.26 11:23:00.153,9.57656,9.57827,1.00,1.00
2017.07.26 11:23:00.684,9.57654,9.57827,1.00,1.00
2017.07.26 11:23:00.842,9.57657,9.57827,1.00,1.00
2017.07.26 11:23:01.480,9.57654,9.57827,1.00,1.00
2017.07.26 11:23:02.556,9.57655,9.57827,1.00,1.00
2017.07.26 11:23:03.368,9.57654,9.57827,1.00,1.00
2017.07.26 11:23:03.700,9.57648,9.57811,1.00,1.00
2017.07.26 11:23:04.203,9.57649,9.57812,1.00,1.00
2017.07.26 11:23:08.835,9.57642,9.57806,1.00,1.00
2017.07.26 11:23:08.987,9.57647,9.57806,1.00,1.00
2017.07.26 11:23:09.038,9.57657,9.5782,1.00,1.00
2017.07.26 11:23:11.594,9.57647,9.57809,1.00,1.00
2017.07.26 11:23:13.099,9.57658,9.5782,1.00,1.00
2017.07.26 11:23:14.052,9.57659,9.57824,1.00,1.00
2017.07.26 11:23:16.101,9.57659,9.5782,1.00,1.00
2017.07.26 11:23:16.628,9.57659,9.57821,1.00,1.00
2017.07.26 11:23:17.853,9.57659,9.5782,1.00,1.00
2017.07.26 11:23:18.721,9.57659,9.57821,1.00,1.00
2017.07.26 11:23:19.256,9.57659,9.5782,1.00,1.00
2017.07.26 11:23:19.765,9.57659,9.57821,1.00,1.00
2017.07.26 11:23:20.799,9.57659,9.5782,1.00,1.00
2017.07.26 11:23:21.750,9.57643,9.57806,1.00,1.00
2017.07.26 11:23:22.527,9.57636,9.5781,1.00,1.00
2017.07.26 11:23:22.579,9.5763,9.5781,1.00,1.00
2017.07.26 11:23:22.919,9.5763,9.578,1.00,1.00
2017.07.26 11:23:23.173,9.5763,9.5781,1.00,1.00
2017.07.26 11:23:23.854,9.57629,9.5781,1.00,1.00
2017.07.26 11:23:26.334,9.57629,9.57811,1.00,1.00
2017.07.26 11:23:26.821,9.57629,9.578,1.00,1.00
2017.07.26 11:23:32.521,9.57628,9.578,1.00,1.00
2017.07.26 11:23:32.824,9.57633,9.578,1.00,1.00
2017.07.26 11:23:33.185,9.57628,9.578,1.00,1.00
2017.07.26 11:23:33.731,9.57628,9.57801,1.00,1.00
2017.07.26 11:23:34.411,9.57628,9.578,1.00,1.00
2017.07.26 11:23:37.407,9.57631,9.57794,1.00,1.00
2017.07.26 11:23:38.408,9.57636,9.57794,1.00,1.00
2017.07.26 11:23:38.846,9.57636,9.578,1.00,1.00
2017.07.26 11:23:38.897,9.57629,9.578,1.00,1.00
2017.07.26 11:23:39.872,9.57629,9.57805,1.00,1.00
2017.07.26 11:23:40.918,9.57636,9.57805,1.00,1.00
2017.07.26 11:23:41.875,9.57629,9.57805,1.00,1.00
2017.07.26 11:23:41.926,9.57635,9.57805,1.00,1.00
2017.07.26 11:23:42.888,9.57636,9.57798,1.00,1.00
2017.07.26 11:23:43.209,9.57643,9.57798,1.00,1.00
2017.07.26 11:23:43.912,9.57636,9.57798,1.50,1.00
2017.07.26 11:23:44.014,9.57642,9.57798,1.00,1.00
2017.07.26 11:23:47.550,9.57642,9.57803,1.00,1.00
2017.07.26 11:23:49.346,9.57641,9.57803,1.00,1.00
2017.07.26 11:23:50.759,9.57644,9.57803,1.00,1.00
2017.07.26 11:23:52.065,9.57641,9.57803,1.00,1.00
2017.07.26 11:23:54.002,9.57638,9.578,1.00,1.00
2017.07.26 11:23:54.404,9.5765,9.57814,1.00,1.00
2017.07.26 11:23:54.557,9.57644,9.57801,1.00,1.00
2017.07.26 11:23:54.658,9.57638,9.57801,1.00,1.00
2017.07.26 11:23:55.429,9.57634,9.57793,1.00,1.00
2017.07.26 11:23:55.481,9.5763,9.57793,1.00,1.00
2017.07.26 11:23:59.199,9.57637,9.57793,1.00,1.00
2017.07.26 11:23:59.303,9.5763,9.57793,1.00,1.00
2017.07.26 11:24:02.602,9.57633,9.57796,1.00,1.00
2017.07.26 11:24:02.704,9.57646,9.5781,1.00,1.00
2017.07.26 11:24:03.300,9.57635,9.57797,1.00,1.00
2017.07.26 11:24:08.906,9.5762,9.578,1.00,1.00
2017.07.26 11:24:09.571,9.57614,9.578,1.00,1.00
2017.07.26 11:24:10.002,9.5761,9.578,1.00,1.00
2017.07.26 11:24:11.006,9.5761,9.57801,1.00,1.50
2017.07.26 11:24:11.537,9.5761,9.578,1.00,1.00
2017.07.26 11:24:16.079,9.5761,9.57786,1.00,1.00
2017.07.26 11:24:16.476,9.57594,9.57756,1.00,1.00
2017.07.26 11:24:17.637,9.57592,9.57766,1.00,1.00
2017.07.26 11:24:17.688,9.57592,9.57754,1.00,1.00
2017.07.26 11:24:18.167,9.57606,9.5775,1.00,1.00
2017.07.26 11:24:18.504,9.57606,9.57761,1.00,1.00
2017.07.26 11:24:18.555,9.57617,9.5777,1.00,1.00
2017.07.26 11:24:18.918,9.57617,9.57779,1.00,1.00
2017.07.26 11:24:21.505,9.57617,9.5777,1.00,1.00
2017.07.26 11:24:23.936,9.57619,9.5777,1.00,1.00
2017.07.26 11:24:28.991,9.57619,9.57771,1.00,1.00
2017.07.26 11:24:29.573,9.57619,9.5777,1.00,1.00
2017.07.26 11:24:32.641,9.57621,9.5777,1.00,1.00
2017.07.26 11:24:35.806,9.57621,9.5778,1.00,1.00
2017.07.26 11:24:47.671,9.57622,9.5778,1.00,1.00
2017.07.26 11:24:50.739,9.57622,9.57785,1.00,1.00
2017.07.26 11:24:51.479,9.57632,9.57795,1.00,1.00
2017.07.26 11:24:51.784,9.57621,9.57727,1.00,1.00
2017.07.26 11:24:51.835,9.57585,9.57727,1.00,1.00
2017.07.26 11:24:51.931,9.57586,9.5771,1.00,1.00
2017.07.26 11:24:51.982,9.57536,9.57678,1.50,1.00
2017.07.26 11:24:52.287,9.57536,9.57655,1.00,1.00
2017.07.26 11:24:52.338,9.57504,9.57655,1.00,1.00
2017.07.26 11:24:52.846,9.57491,9.57643,1.00,1.00
2017.07.26 11:24:53.936,9.57501,9.57653,1.00,1.00
2017.07.26 11:24:55.114,9.57503,9.57655,1.00,1.00
2017.07.26 11:24:56.588,9.57506,9.57655,1.00,1.00
2017.07.26 11:24:56.639,9.57503,9.57655,1.00,1.00
2017.07.26 11:24:58.104,9.57506,9.57655,1.00,1.00
2017.07.26 11:24:58.156,9.57503,9.57655,1.00,1.00
2017.07.26 11:25:02.447,9.57489,9.57643,1.00,1.00
2017.07.26 11:25:02.498,9.57502,9.57654,1.00,1.00
2017.07.26 11:25:05.365,9.57489,9.57643,1.00,1.00
2017.07.26 11:25:05.416,9.57502,9.57654,1.00,1.00
2017.07.26 11:25:06.665,9.57486,9.57625,1.00,1.00
2017.07.26 11:25:07.132,9.57486,9.57635,1.00,1.00
2017.07.26 11:25:08.787,9.57485,9.57635,1.00,1.00
2017.07.26 11:25:09.073,9.57485,9.57637,1.50,1.00
2017.07.26 11:25:10.141,9.57486,9.57637,1.00,1.00
2017.07.26 11:25:10.702,9.57485,9.57637,1.00,1.00
2017.07.26 11:25:11.209,9.57476,9.57621,1.00,1.00
2017.07.26 11:25:11.513,9.57476,9.57609,1.00,1.00
2017.07.26 11:25:11.842,9.57476,9.57625,1.00,1.00
2017.07.26 11:25:12.998,9.57486,9.57625,1.00,1.00
2017.07.26 11:25:14.005,9.57476,9.57625,1.00,1.00
2017.07.26 11:25:17.730,9.57478,9.5763,1.00,1.00
2017.07.26 11:25:19.834,9.57484,9.57636,1.00,1.00
2017.07.26 11:25:21.590,9.57486,9.57636,1.00,1.00
2017.07.26 11:25:22.399,9.57484,9.57636,1.00,1.00
2017.07.26 11:25:23.657,9.57486,9.57636,1.00,1.00
2017.07.26 11:25:24.103,9.57486,9.57631,1.00,1.00
2017.07.26 11:25:24.720,9.57479,9.57631,1.00,1.00
2017.07.26 11:25:26.028,9.57486,9.57631,1.00,1.00
2017.07.26 11:25:27.040,9.57479,9.57631,1.00,1.00
2017.07.26 11:25:32.760,9.57481,9.57633,1.00,1.00
2017.07.26 11:25:34.170,9.57485,9.57651,1.00,2.10
2017.07.26 11:25:34.221,9.57485,9.57656,1.00,2.10
2017.07.26 11:25:34.424,9.57486,9.57656,1.00,2.10
2017.07.26 11:25:34.879,9.57486,9.57653,1.00,2.10
2017.07.26 11:25:35.775,9.57486,9.57657,1.00,2.10
2017.07.26 11:25:35.877,9.57486,9.57654,1.00,2.10
2017.07.26 11:25:35.963,9.57486,9.57654,1.00,2.10
2017.07.26 11:25:36.065,9.57486,9.57653,1.00,2.10
2017.07.26 11:25:36.167,9.57486,9.57656,1.00,2.10
2017.07.26 11:25:36.739,9.57486,9.57647,1.00,1.80
2017.07.26 11:25:36.790,9.57486,9.57647,1.00,1.80
2017.07.26 11:25:36.841,9.57486,9.57647,1.00,1.80
2017.07.26 11:25:37.853,9.57486,9.57647,1.50,2.10
2017.07.26 11:25:37.904,9.57486,9.57636,1.50,1.20
2017.07.26 11:25:38.881,9.57486,9.57636,1.00,1.80
2017.07.26 11:25:39.225,9.57487,9.57636,1.00,1.20
2017.07.26 11:25:39.429,9.57487,9.57648,1.00,1.60
2017.07.26 11:25:39.887,9.57476,9.57611,1.00,1.00
2017.07.26 11:25:40.378,9.5748,9.57636,1.00,1.50
2017.07.26 11:25:40.429,9.5748,9.57654,1.00,2.10
2017.07.26 11:25:41.365,9.57481,9.57654,1.00,2.10
2017.07.26 11:25:41.901,9.57481,9.57654,1.00,2.10
2017.07.26 11:25:42.429,9.57481,9.5765,1.00,2.10
2017.07.26 11:25:43.581,9.57481,9.5765,1.00,2.10
2017.07.26 11:25:43.865,9.57481,9.57651,1.00,2.10
2017.07.26 11:25:43.967,9.57481,9.57647,1.00,1.80
2017.07.26 11:25:44.468,9.57481,9.57646,1.00,1.80
2017.07.26 11:25:45.094,9.57481,9.57649,1.00,2.10
2017.07.26 11:25:45.544,9.5748,9.57632,1.00,1.00
2017.07.26 11:25:45.850,9.57391,9.57505,1.00,1.60
2017.07.26 11:25:46.060,9.57335,9.57487,1.50,1.00
2017.07.26 11:25:46.111,9.57326,9.5746,1.00,1.00
2017.07.26 11:25:46.314,9.57285,9.57428,1.00,1.00
2017.07.26 11:25:46.366,9.57276,9.57414,1.00,2.10
2017.07.26 11:25:46.569,9.57231,9.57374,1.00,1.00
2017.07.26 11:25:46.620,9.57216,9.57353,1.00,1.00
2017.07.26 11:25:46.722,9.57191,9.57353,1.00,1.37
2017.07.26 11:25:46.824,9.57193,9.57353,1.00,1.37
2017.07.26 11:25:46.978,9.57191,9.57353,1.00,1.97
2017.07.26 11:25:47.526,9.57191,9.57353,1.00,1.37
2017.07.26 11:25:47.695,9.57191,9.57353,1.00,1.37
2017.07.26 11:25:47.746,9.57202,9.57364,1.00,1.60
2017.07.26 11:25:47.797,9.57202,9.57364,1.00,1.60
2017.07.26 11:25:48.693,9.57202,9.57364,1.00,1.60
2017.07.26 11:25:48.795,9.57202,9.57364,1.00,1.35
2017.07.26 11:25:49.483,9.57202,9.57366,1.00,1.00
2017.07.26 11:25:51.764,9.57202,9.57366,1.00,1.60
2017.07.26 11:25:52.425,9.57202,9.57364,1.00,1.60
2017.07.26 11:25:53.095,9.57202,9.57364,1.00,1.60
2017.07.26 11:25:53.146,9.57202,9.57364,1.00,1.60
2017.07.26 11:25:53.521,9.57202,9.57366,1.00,1.60
2017.07.26 11:25:53.623,9.57202,9.57366,1.00,1.35
2017.07.26 11:25:53.674,9.57202,9.57366,1.00,1.60
2017.07.26 11:25:54.125,9.57208,9.5736,1.00,1.00
2017.07.26 11:26:02.833,9.57209,9.57363,1.00,1.00
2017.07.26 11:26:09.144,9.57212,9.57364,1.00,1.00
2017.07.26 11:26:11.259,9.57196,9.57342,1.00,1.00
2017.07.26 11:26:11.364,9.57206,9.57354,1.00,1.00
2017.07.26 11:26:11.416,9.57217,9.57369,1.00,1.00
2017.07.26 11:26:11.568,9.5722,9.57369,1.00,1.00
2017.07.26 11:26:11.670,9.57229,9.57381,1.00,1.00
2017.07.26 11:26:11.975,9.57236,9.57381,1.00,1.00
2017.07.26 11:26:12.178,9.57229,9.57381,1.00,1.00
2017.07.26 11:26:12.279,9.5724,9.57392,1.00,1.00
2017.07.26 11:26:17.856,9.57235,9.57389,1.00,1.00
2017.07.26 11:26:27.866,9.57231,9.57365,1.00,1.00
2017.07.26 11:26:27.968,9.57213,9.57365,1.00,1.00
2017.07.26 11:26:28.551,9.57214,9.57365,1.00,1.00
2017.07.26 11:26:30.216,9.57223,9.57375,1.00,1.00
2017.07.26 11:26:30.267,9.57234,9.57386,1.50,1.00
2017.07.26 11:26:30.755,9.5724,9.57386,1.00,1.00
2017.07.26 11:26:32.421,9.57249,9.57426,1.00,1.00
2017.07.26 11:26:32.472,9.57259,9.57437,1.00,1.00
2017.07.26 11:26:32.573,9.57263,9.57437,1.00,1.00
2017.07.26 11:26:32.878,9.57273,9.57425,1.00,1.00
2017.07.26 11:26:39.204,9.57272,9.57424,1.00,1.00
2017.07.26 11:26:47.927,9.57274,9.57426,1.00,1.00
2017.07.26 11:26:54.234,9.57273,9.57425,1.00,1.00
2017.07.26 11:27:02.989,9.57275,9.57429,1.00,1.00
2017.07.26 11:27:04.887,9.57284,9.57442,1.00,1.00
2017.07.26 11:27:09.298,9.57285,9.57449,1.00,1.00
2017.07.26 11:27:18.018,9.57296,9.57448,1.00,1.00
2017.07.26 11:27:18.192,9.57281,9.57435,1.00,1.00
2017.07.26 11:27:18.535,9.57295,9.57447,1.00,1.00
2017.07.26 11:27:24.295,9.57286,9.57451,1.00,1.00
2017.07.26 11:27:33.000,9.57299,9.57451,1.00,1.00
2017.07.26 11:27:48.075,9.57296,9.57448,1.00,1.00
2017.07.26 11:28:03.061,9.57294,9.57448,1.00,1.00
2017.07.26 11:28:04.791,9.57282,9.57434,1.00,1.00
2017.07.26 11:28:11.668,9.57283,9.57435,1.00,1.00
2017.07.26 11:28:21.928,9.57297,9.57449,1.00,1.00
2017.07.26 11:28:24.518,9.57302,9.57454,1.00,1.00
2017.07.26 11:28:33.151,9.57303,9.57455,1.00,1.00
2017.07.26 11:28:48.198,9.57305,9.57457,1.00,1.00
2017.07.26 11:28:52.174,9.57289,9.57441,1.00,1.00
2017.07.26 11:28:52.276,9.5727,9.57443,1.00,1.00
2017.07.26 11:28:52.662,9.57288,9.57442,1.00,1.00
2017.07.26 11:28:53.631,9.57292,9.57444,1.00,1.00
2017.07.26 11:28:54.670,9.57295,9.57447,1.00,1.00
2017.07.26 11:29:07.092,9.57284,9.57436,1.00,1.00
2017.07.26 11:29:09.504,9.57285,9.57437,1.00,1.00
2017.07.26 11:29:09.958,9.57288,9.57437,1.00,1.00
2017.07.26 11:29:10.059,9.57285,9.57437,1.00,1.00
2017.07.26 11:29:10.266,9.57287,9.57437,1.00,1.00
2017.07.26 11:29:11.007,9.57299,9.57451,1.00,1.00
2017.07.26 11:29:11.304,9.57288,9.5744,1.00,1.00
2017.07.26 11:29:16.974,9.57297,9.57451,1.00,1.00
2017.07.26 11:29:18.209,9.57301,9.57453,1.00,1.00
2017.07.26 11:29:19.974,9.57287,9.57439,1.00,1.00
2017.07.26 11:29:20.294,9.57299,9.57451,1.00,1.00
2017.07.26 11:29:24.535,9.57298,9.5745,1.00,1.00
2017.07.26 11:29:33.240,9.57295,9.57449,1.00,1.00
2017.07.26 11:29:39.583,9.573,9.57452,1.00,1.00
2017.07.26 11:29:48.309,9.57297,9.57449,1.00,1.00
2017.07.26 11:29:54.594,9.573,9.57452,1.00,1.00
2017.07.26 11:30:03.299,9.57299,9.57451,1.00,1.00
2017.07.26 11:30:08.309,9.57281,9.57416,1.00,1.12
2017.07.26 11:30:09.408,9.57281,9.57415,1.00,1.00
2017.07.26 11:30:09.635,9.57262,9.57404,1.00,1.12
2017.07.26 11:30:10.970,9.57262,9.57401,1.00,1.12
2017.07.26 11:30:11.021,9.57256,9.57401,1.00,1.12
2017.07.26 11:30:12.120,9.57256,9.57396,1.00,1.12
2017.07.26 11:30:12.171,9.57246,9.57396,1.00,1.12
2017.07.26 11:30:12.375,9.57228,9.57365,1.00,1.12
2017.07.26 11:30:12.478,9.57225,9.57365,1.00,1.12
2017.07.26 11:30:13.189,9.57237,9.57365,1.00,1.12
2017.07.26 11:30:14.028,9.57237,9.57363,1.00,1.12
2017.07.26 11:30:14.130,9.5722,9.57362,1.00,1.12
2017.07.26 11:30:15.240,9.57209,9.57345,1.00,1.12
2017.07.26 11:30:16.337,9.5721,9.57345,1.00,1.12
2017.07.26 11:30:16.655,9.5721,9.57342,1.00,1.37
2017.07.26 11:30:17.840,9.5721,9.57338,1.00,1.12
2017.07.26 11:30:18.329,9.57208,9.57338,1.00,1.12
2017.07.26 11:30:18.890,9.57199,9.57338,1.00,1.12
2017.07.26 11:30:18.941,9.57199,9.57331,1.00,1.12
2017.07.26 11:30:19.898,9.57198,9.57331,1.00,1.12
2017.07.26 11:30:20.401,9.57198,9.57332,1.00,1.12
2017.07.26 11:30:20.732,9.57198,9.5733,1.00,1.12
2017.07.26 11:30:21.619,9.57198,9.57327,1.00,1.12
2017.07.26 11:30:22.540,9.57198,9.57328,1.00,1.12
2017.07.26 11:30:23.064,9.57198,9.57327,1.00,1.12
2017.07.26 11:30:24.286,9.57209,9.57332,1.00,1.37
2017.07.26 11:30:24.590,9.57197,9.57332,1.00,1.37
2017.07.26 11:30:25.217,9.57197,9.5733,1.00,1.12
2017.07.26 11:30:25.585,9.57199,9.5733,1.00,1.12
2017.07.26 11:30:26.188,9.57208,9.5733,1.00,1.12
2017.07.26 11:30:26.418,9.57208,9.57334,1.00,1.12
2017.07.26 11:30:27.341,9.57209,9.57334,1.00,1.12
2017.07.26 11:30:28.716,9.57197,9.57334,1.00,1.12
2017.07.26 11:30:28.869,9.57197,9.57331,1.00,1.12
2017.07.26 11:30:29.775,9.57197,9.57332,1.00,1.12
2017.07.26 11:30:30.210,9.57197,9.57335,1.00,1.12
2017.07.26 11:30:30.364,9.57208,9.57335,1.00,1.12
2017.07.26 11:30:31.639,9.57208,9.57337,1.00,1.37
2017.07.26 11:30:32.185,9.57209,9.57337,1.00,1.37
2017.07.26 11:30:32.516,9.57198,9.57337,1.00,1.37
2017.07.26 11:30:32.940,9.57198,9.57332,1.00,1.12
2017.07.26 11:30:33.448,9.57208,9.57333,1.00,1.12
2017.07.26 11:30:33.953,9.57208,9.57332,1.00,1.12
2017.07.26 11:30:34.156,9.57209,9.57337,1.00,1.37
2017.07.26 11:30:34.926,9.57197,9.57337,1.00,1.37
2017.07.26 11:30:35.466,9.57197,9.57337,1.00,1.12
2017.07.26 11:30:36.808,9.57197,9.57332,1.00,1.12
2017.07.26 11:30:37.716,9.57186,9.57332,1.00,1.12
2017.07.26 11:30:37.767,9.5717,9.57322,1.00,1.00
2017.07.26 11:30:38.114,9.5717,9.57309,1.00,1.12
2017.07.26 11:30:39.552,9.5717,9.57304,1.00,1.12
2017.07.26 11:30:40.778,9.5717,9.573,1.00,1.12
2017.07.26 11:30:42.085,9.5717,9.57295,1.00,1.12
2017.07.26 11:30:42.188,9.57144,9.57295,1.00,1.12
2017.07.26 11:30:43.613,9.57144,9.57273,1.00,1.12
2017.07.26 11:30:43.716,9.57125,9.57273,1.00,1.12
2017.07.26 11:30:44.956,9.57125,9.5727,1.00,1.12
2017.07.26 11:30:45.229,9.57114,9.57266,1.00,1.00
2017.07.26 11:30:46.086,9.57114,9.57247,1.00,1.12
2017.07.26 11:30:46.624,9.57114,9.57248,1.00,1.12
2017.07.26 11:30:46.758,9.57101,9.57247,1.00,1.12
2017.07.26 11:30:47.644,9.57101,9.5724,1.00,1.12
2017.07.26 11:30:48.300,9.5709,9.5724,1.00,1.12
2017.07.26 11:30:49.122,9.5709,9.57228,1.00,1.12
2017.07.26 11:30:49.716,9.57079,9.57228,1.00,1.12
2017.07.26 11:30:50.392,9.57079,9.57229,1.00,1.12
2017.07.26 11:30:51.054,9.57079,9.57219,1.00,1.12
2017.07.26 11:30:51.105,9.57069,9.57219,1.00,1.12
2017.07.26 11:30:51.714,9.57069,9.5722,1.00,1.12
2017.07.26 11:30:52.482,9.57069,9.57212,1.00,1.12
2017.07.26 11:30:54.739,9.57066,9.57212,1.00,1.12
2017.07.26 11:30:57.113,9.57066,9.57213,1.00,1.12
2017.07.26 11:30:57.305,9.57066,9.57205,1.00,1.12
2017.07.26 11:30:57.902,9.57058,9.57205,1.00,1.12
2017.07.26 11:30:59.630,9.57058,9.57202,1.00,1.12
2017.07.26 11:31:01.939,9.57056,9.57202,1.00,1.12
2017.07.26 11:31:02.116,9.57056,9.57197,1.00,1.12
2017.07.26 11:31:02.768,9.57056,9.57201,1.00,1.37
2017.07.26 11:31:03.378,9.57056,9.572,1.00,1.37
2017.07.26 11:31:03.710,9.57055,9.57199,1.00,1.37
2017.07.26 11:31:07.774,9.57055,9.57196,1.00,1.37
2017.07.26 11:31:09.114,9.57055,9.57196,1.00,1.37
2017.07.26 11:31:09.560,9.57045,9.57196,1.00,1.37
2017.07.26 11:31:10.474,9.57045,9.57191,1.00,1.37
2017.07.26 11:31:10.525,9.57042,9.57191,1.00,1.37
2017.07.26 11:31:10.815,9.57027,9.57175,1.00,1.00
2017.07.26 11:31:10.917,9.57023,9.57175,1.00,1.00
2017.07.26 11:31:10.968,9.57023,9.57159,1.00,1.37
2017.07.26 11:31:11.517,9.57012,9.57159,1.00,1.37
2017.07.26 11:31:12.548,9.5701,9.57159,1.00,1.37
2017.07.26 11:31:13.466,9.5701,9.57151,1.00,1.37
2017.07.26 11:31:13.867,9.57001,9.57151,1.00,1.37
2017.07.26 11:31:15.063,9.57001,9.57148,1.00,1.05
2017.07.26 11:31:15.114,9.57001,9.57139,1.00,1.37
2017.07.26 11:31:15.165,9.56991,9.57139,1.00,1.37
2017.07.26 11:31:16.652,9.56991,9.57136,1.00,1.37
2017.07.26 11:31:16.914,9.56985,9.57136,1.00,1.37
2017.07.26 11:31:18.231,9.5698,9.57127,1.00,1.37
2017.07.26 11:31:19.234,9.56977,9.57127,1.00,1.37
2017.07.26 11:31:19.629,9.56977,9.57123,1.00,1.37
2017.07.26 11:31:19.978,9.56969,9.57121,1.00,1.37
2017.07.26 11:31:20.893,9.56991,9.57116,1.00,1.37
2017.07.26 11:31:21.323,9.56974,9.57117,1.00,1.37
2017.07.26 11:31:21.375,9.56968,9.57115,1.00,1.37
2017.07.26 11:31:21.426,9.56963,9.57115,1.00,1.37
2017.07.26 11:31:21.998,9.56974,9.57126,1.00,1.12
2017.07.26 11:31:25.378,9.56974,9.57126,1.00,1.12
2017.07.26 11:31:27.430,9.56974,9.57126,1.00,1.12
2017.07.26 11:31:29.107,9.56974,9.57126,1.00,1.12
2017.07.26 11:31:29.609,9.56984,9.57136,1.00,1.12
2017.07.26 11:31:30.400,9.56984,9.57136,1.00,1.12
2017.07.26 11:31:31.646,9.56984,9.57136,1.00,1.12
2017.07.26 11:31:42.664,9.56984,9.57136,1.00,1.12
2017.07.26 11:31:48.509,9.56981,9.57133,1.00,1.12
2017.07.26 11:31:50.240,9.56981,9.57133,1.00,1.12
2017.07.26 11:31:51.651,9.56981,9.57129,1.00,1.00
2017.07.26 11:31:51.702,9.5697,9.57118,1.00,1.12
2017.07.26 11:31:52.615,9.56984,9.57118,1.00,1.12
2017.07.26 11:31:52.995,9.56984,9.57111,1.00,1.12
2017.07.26 11:31:53.653,9.56966,9.57111,1.00,1.12
2017.07.26 11:31:53.907,9.56966,9.57113,1.00,1.12
2017.07.26 11:31:54.648,9.56966,9.57114,1.00,1.12
2017.07.26 11:31:55.308,9.56965,9.57114,1.00,1.12
2017.07.26 11:31:57.669,9.56965,9.57113,1.00,1.12
2017.07.26 11:31:58.656,9.56965,9.57106,1.00,1.12
2017.07.26 11:31:59.569,9.56965,9.57117,1.00,1.00
2017.07.26 11:32:00.461,9.5697,9.5714,1.00,1.00
2017.07.26 11:32:03.575,9.56974,9.5714,1.00,1.00
2017.07.26 11:32:18.570,9.56982,9.57136,1.00,1.00
2017.07.26 11:32:24.904,9.56979,9.57131,1.00,1.00
2017.07.26 11:32:33.599,9.56981,9.57133,1.00,1.00
2017.07.26 11:32:39.962,9.56978,9.5713,1.00,1.00
2017.07.26 11:32:51.282,9.56979,9.5713,1.00,1.00
2017.07.26 11:32:51.927,9.56978,9.5713,1.00,1.00
2017.07.26 11:33:03.660,9.56974,9.57128,1.00,1.00
2017.07.26 11:33:09.985,9.56973,9.57127,1.00,1.00
2017.07.26 11:33:24.800,9.56978,9.57147,1.00,1.00
2017.07.26 11:33:24.960,9.56977,9.57129,1.00,1.00
2017.07.26 11:33:33.742,9.56974,9.57126,1.00,1.00
2017.07.26 11:33:34.721,9.56977,9.57143,1.00,1.00
2017.07.26 11:33:35.496,9.56989,9.57141,1.00,1.00
2017.07.26 11:33:36.625,9.56978,9.5713,1.00,1.00
2017.07.26 11:33:36.676,9.56989,9.57143,1.00,1.00
2017.07.26 11:33:37.440,9.56978,9.5713,1.00,1.00
2017.07.26 11:33:39.513,9.5699,9.57142,1.00,1.00
2017.07.26 11:33:39.821,9.56979,9.57131,1.00,1.00
2017.07.26 11:33:46.200,9.56973,9.57125,1.00,1.00
2017.07.26 11:33:53.747,9.56986,9.57138,1.00,1.00
2017.07.26 11:33:54.064,9.56974,9.57126,1.00,1.00
2017.07.26 11:33:54.846,9.56974,9.57081,1.00,1.00
2017.07.26 11:33:54.897,9.56946,9.5708,1.00,1.00
2017.07.26 11:33:54.948,9.56945,9.57094,1.00,1.00
2017.07.26 11:33:54.999,9.56921,9.57075,1.00,1.00
2017.07.26 11:33:55.050,9.56939,9.57091,1.00,1.00
2017.07.26 11:33:55.102,9.56913,9.57067,1.00,1.00
2017.07.26 11:33:55.153,9.56897,9.57039,1.00,1.00
2017.07.26 11:33:55.204,9.56919,9.57071,1.00,1.00
2017.07.26 11:33:55.255,9.56919,9.57071,1.15,1.00
2017.07.26 11:33:55.306,9.56954,9.57106,1.15,1.00
2017.07.26 11:33:55.357,9.56954,9.57106,1.00,1.00
2017.07.26 11:33:56.160,9.56941,9.57093,1.00,1.00
2017.07.26 11:34:03.778,9.56944,9.57096,1.00,1.00
2017.07.26 11:34:10.139,9.56943,9.57095,1.00,1.00
2017.07.26 11:34:33.157,9.56934,9.57084,1.00,1.00
2017.07.26 11:34:33.208,9.56915,9.57067,1.00,1.00
2017.07.26 11:34:33.259,9.56909,9.5706,1.00,1.00
2017.07.26 11:34:33.508,9.56915,9.57089,1.00,1.00
2017.07.26 11:34:33.812,9.56923,9.57089,1.00,1.00
2017.07.26 11:34:33.914,9.56915,9.57089,1.00,1.00
2017.07.26 11:34:34.016,9.56923,9.57089,1.00,1.00
2017.07.26 11:34:34.800,9.56924,9.57089,1.00,1.00
2017.07.26 11:34:38.157,9.56915,9.57089,1.00,1.00
2017.07.26 11:34:38.208,9.56924,9.57089,1.00,1.00
2017.07.26 11:34:40.163,9.56935,9.57088,1.00,1.00
2017.07.26 11:34:46.848,9.56936,9.57088,1.00,1.00
2017.07.26 11:34:48.869,9.56935,9.57087,1.00,1.00
2017.07.26 11:35:03.900,9.56933,9.57085,1.00,1.00
2017.07.26 11:35:07.194,9.56944,9.57096,1.00,1.00
2017.07.26 11:35:08.046,9.56931,9.57083,1.00,1.00
2017.07.26 11:35:10.274,9.56934,9.57086,1.00,1.00
2017.07.26 11:35:10.802,9.5692,9.57087,1.00,1.00
2017.07.26 11:35:10.904,9.56909,9.57087,1.00,1.00
2017.07.26 11:35:11.403,9.56928,9.5708,1.00,1.00
2017.07.26 11:35:12.984,9.56948,9.571,1.00,1.00
2017.07.26 11:35:13.036,9.56948,9.57111,1.00,1.00
2017.07.26 11:35:13.188,9.5696,9.57122,1.00,1.00
2017.07.26 11:35:13.495,9.56998,9.5716,1.00,1.37
2017.07.26 11:35:13.902,9.57023,9.57187,1.00,1.00
2017.07.26 11:35:14.130,9.57007,9.57169,1.00,1.00
2017.07.26 11:35:14.412,9.57017,9.5718,1.00,1.00
2017.07.26 11:35:14.686,9.5703,9.57192,1.00,1.00
2017.07.26 11:35:14.893,9.57051,9.57214,1.00,1.00
2017.07.26 11:35:17.669,9.57062,9.57224,1.00,1.00
2017.07.26 11:35:18.930,9.57069,9.57232,1.00,1.00
2017.07.26 11:35:19.932,9.57072,9.57235,1.00,1.00
2017.07.26 11:35:25.255,9.57076,9.5724,1.00,1.00
2017.07.26 11:35:29.421,9.57078,9.57243,1.00,1.00
2017.07.26 11:35:40.286,9.57082,9.57245,1.00,1.00
2017.07.26 11:35:48.994,9.57085,9.57248,1.00,1.00
2017.07.26 11:35:52.308,9.57092,9.57257,1.00,1.00
2017.07.26 11:35:52.360,9.57104,9.57266,1.00,1.00
2017.07.26 11:35:55.447,9.57098,9.57262,1.00,1.00
2017.07.26 11:36:00.642,9.57111,9.57274,1.00,1.00
2017.07.26 11:36:01.652,9.57114,9.57276,1.00,1.00
2017.07.26 11:36:04.069,9.5711,9.57272,1.00,1.00
2017.07.26 11:36:14.038,9.57089,9.57273,1.00,1.00
2017.07.26 11:36:22.395,9.57099,9.57273,1.00,1.00
2017.07.26 11:36:22.508,9.57091,9.57273,1.00,1.00
2017.07.26 11:36:23.768,9.57091,9.57287,1.00,1.00
2017.07.26 11:36:23.870,9.57099,9.57287,1.00,1.00
2017.07.26 11:36:24.400,9.57097,9.57287,1.00,1.00
2017.07.26 11:36:25.407,9.57097,9.57286,1.00,1.00
2017.07.26 11:36:38.291,9.57107,9.57286,1.00,1.00
2017.07.26 11:36:38.595,9.57157,9.57319,1.00,1.00
2017.07.26 11:36:39.358,9.57167,9.57329,1.00,1.00
2017.07.26 11:36:40.421,9.57168,9.57331,1.00,1.00
2017.07.26 11:36:43.628,9.57177,9.57339,1.00,1.00
2017.07.26 11:36:43.780,9.57188,9.57351,1.00,1.00
2017.07.26 11:36:44.915,9.57202,9.57364,1.00,1.00
2017.07.26 11:36:49.111,9.57206,9.57368,1.00,1.00
2017.07.26 11:36:56.354,9.57216,9.57379,1.00,1.00
2017.07.26 11:37:02.168,9.57228,9.5739,1.00,1.00
2017.07.26 11:37:04.179,9.57226,9.57389,1.00,1.00
2017.07.26 11:37:05.547,9.57217,9.57379,1.00,1.00
2017.07.26 11:37:06.562,9.57214,9.57377,1.00,1.00
2017.07.26 11:37:07.052,9.57225,9.57387,1.00,1.00
2017.07.26 11:37:07.642,9.57225,9.57387,1.00,1.60
2017.07.26 11:37:07.781,9.57225,9.57387,1.00,1.00
2017.07.26 11:37:10.514,9.57224,9.57386,1.00,1.00
2017.07.26 11:37:15.012,9.57235,9.57397,1.00,1.00
2017.07.26 11:37:18.537,9.57245,9.57408,1.00,1.00
2017.07.26 11:37:19.491,9.57244,9.57406,1.00,1.00
2017.07.26 11:37:23.325,9.57232,9.57394,1.00,1.00
2017.07.26 11:37:25.177,9.57209,9.574,1.00,1.00
2017.07.26 11:37:25.380,9.572,9.574,1.00,1.00
2017.07.26 11:37:25.898,9.572,9.574,1.00,1.60
2017.07.26 11:37:26.175,9.572,9.574,1.00,1.60
2017.07.26 11:37:26.913,9.572,9.574,1.00,1.60
2017.07.26 11:37:28.156,9.572,9.574,1.00,1.60
2017.07.26 11:37:29.992,9.572,9.574,1.00,1.60
2017.07.26 11:37:30.302,9.572,9.574,1.00,1.60
2017.07.26 11:37:30.353,9.572,9.574,1.00,1.60
2017.07.26 11:37:30.455,9.572,9.574,1.00,1.60
2017.07.26 11:37:30.869,9.572,9.574,1.00,1.60
2017.07.26 11:37:31.407,9.572,9.574,1.00,1.60
2017.07.26 11:37:31.965,9.572,9.574,1.00,1.60
2017.07.26 11:37:32.477,9.572,9.574,1.00,1.60
2017.07.26 11:37:34.201,9.57205,9.57394,1.00,1.60
2017.07.26 11:37:37.101,9.57205,9.57394,1.00,1.00
2017.07.26 11:37:38.544,9.57208,9.57394,1.00,1.00
2017.07.26 11:37:38.747,9.57205,9.57394,1.00,1.00
2017.07.26 11:37:38.999,9.57207,9.57394,1.00,1.00
2017.07.26 11:37:40.049,9.57205,9.57394,1.00,1.00
2017.07.26 11:37:40.200,9.57205,9.57394,1.00,1.60
2017.07.26 11:37:40.251,9.57205,9.57394,1.00,1.60
2017.07.26 11:37:40.454,9.57205,9.57394,1.00,1.60
2017.07.26 11:37:40.790,9.5721,9.57392,1.00,1.60
2017.07.26 11:37:42.368,9.5721,9.57392,1.00,1.60
2017.07.26 11:37:43.562,9.5721,9.57392,1.00,1.00
2017.07.26 11:37:43.714,9.5721,9.57392,1.00,1.60
2017.07.26 11:37:44.043,9.5721,9.57392,1.00,1.60
2017.07.26 11:37:44.597,9.5721,9.57392,1.00,1.60
2017.07.26 11:37:44.842,9.5721,9.57392,1.00,1.60
2017.07.26 11:37:44.944,9.5721,9.57392,1.00,1.60
2017.07.26 11:37:46.236,9.5721,9.57392,1.00,1.60
2017.07.26 11:37:46.288,9.5721,9.57392,1.00,1.60
2017.07.26 11:37:46.340,9.5721,9.57392,1.00,1.60
2017.07.26 11:37:47.618,9.5721,9.57392,1.00,1.60
2017.07.26 11:37:47.933,9.5721,9.57392,1.00,1.60
2017.07.26 11:37:48.035,9.5721,9.57392,1.00,1.60
2017.07.26 11:37:48.087,9.5721,9.57392,1.00,1.60
2017.07.26 11:37:48.188,9.5721,9.57392,1.00,1.60
2017.07.26 11:37:48.240,9.5721,9.57392,1.00,1.60
2017.07.26 11:37:48.631,9.5721,9.57392,1.00,1.60
2017.07.26 11:37:48.910,9.5721,9.57392,1.00,1.60
2017.07.26 11:37:48.961,9.57226,9.57389,1.00,1.35
2017.07.26 11:37:49.426,9.57226,9.57389,1.00,1.60
2017.07.26 11:37:50.956,9.57226,9.57389,1.00,1.35
2017.07.26 11:37:51.943,9.57216,9.57401,1.00,1.60
2017.07.26 11:37:51.993,9.57216,9.57401,1.00,1.60
2017.07.26 11:37:52.044,9.57216,9.57401,1.00,1.60
2017.07.26 11:37:52.927,9.57216,9.57401,1.00,1.60
2017.07.26 11:37:52.978,9.57216,9.57401,1.00,1.60
2017.07.26 11:37:53.275,9.57216,9.57401,1.00,1.60
2017.07.26 11:37:53.378,9.57216,9.57401,1.00,1.60
2017.07.26 11:37:53.685,9.57216,9.57401,1.00,1.60
2017.07.26 11:37:54.224,9.57216,9.57401,1.00,1.35
2017.07.26 11:37:54.384,9.57216,9.57401,1.00,1.60
2017.07.26 11:37:54.435,9.57216,9.57401,1.00,1.60
2017.07.26 11:37:54.503,9.57216,9.57401,1.00,1.60
2017.07.26 11:37:54.554,9.57216,9.57401,1.00,1.60
2017.07.26 11:37:55.233,9.57216,9.57401,1.00,1.60
2017.07.26 11:37:55.530,9.57216,9.57401,1.00,1.60
2017.07.26 11:37:55.581,9.57218,9.57404,1.00,1.60
2017.07.26 11:37:55.735,9.57218,9.57404,1.00,1.60
2017.07.26 11:37:56.146,9.57218,9.57404,1.00,1.60
2017.07.26 11:37:56.247,9.57219,9.57404,1.00,1.60
2017.07.26 11:37:56.547,9.57218,9.57404,1.00,1.60
2017.07.26 11:37:56.840,9.57218,9.57404,1.00,1.60
2017.07.26 11:37:57.043,9.57218,9.57404,1.00,1.60
2017.07.26 11:37:58.033,9.57218,9.57404,1.00,1.60
2017.07.26 11:37:58.365,9.57229,9.57391,1.00,1.00
2017.07.26 11:37:59.070,9.5722,9.57406,1.00,1.60
2017.07.26 11:38:00.166,9.5722,9.57406,1.00,1.60
2017.07.26 11:38:00.318,9.5722,9.57406,1.00,1.60
2017.07.26 11:38:00.369,9.5722,9.57406,1.00,1.60
2017.07.26 11:38:00.778,9.5722,9.57406,1.00,1.60
2017.07.26 11:38:00.829,9.5722,9.57406,1.00,1.60
2017.07.26 11:38:01.928,9.5722,9.57406,1.00,1.60
2017.07.26 11:38:02.273,9.57231,9.57394,1.00,1.00
2017.07.26 11:38:04.290,9.57223,9.57401,1.00,1.00
2017.07.26 11:38:05.047,9.57223,9.57401,1.00,1.60
2017.07.26 11:38:05.098,9.57223,9.57401,1.00,1.00
2017.07.26 11:38:05.401,9.57223,9.57401,1.00,1.60
2017.07.26 11:38:05.452,9.57223,9.57401,1.00,1.00
2017.07.26 11:38:05.804,9.57223,9.57401,1.00,1.60
2017.07.26 11:38:05.855,9.57223,9.57401,1.00,1.00
2017.07.26 11:38:05.906,9.57223,9.57401,1.00,1.60
2017.07.26 11:38:05.957,9.57223,9.57401,1.00,1.00
2017.07.26 11:38:07.565,9.57223,9.57401,1.00,1.60
2017.07.26 11:38:08.355,9.57223,9.57401,1.00,1.00
2017.07.26 11:38:10.634,9.57237,9.57401,1.00,1.00
2017.07.26 11:38:13.253,9.57237,9.5739,1.00,1.00
2017.07.26 11:38:13.557,9.57219,9.5736,1.00,1.00
2017.07.26 11:38:14.399,9.57216,9.5736,1.00,1.00
2017.07.26 11:38:19.324,9.5721,9.5736,1.00,1.00
2017.07.26 11:38:24.337,9.5721,9.5735,1.00,1.00
2017.07.26 11:38:27.097,9.5721,9.5736,1.00,1.00
2017.07.26 11:38:34.320,9.57211,9.5736,1.00,1.00
2017.07.26 11:38:48.906,9.57211,9.57361,1.00,1.00
2017.07.26 11:38:49.855,9.57211,9.5736,1.00,1.00
2017.07.26 11:38:52.915,9.57211,9.57371,1.00,1.00
2017.07.26 11:38:56.397,9.57211,9.5737,1.00,1.00
2017.07.26 11:39:00.246,9.57211,9.5736,1.00,1.00
2017.07.26 11:39:06.536,9.57211,9.57361,1.00,1.00
2017.07.26 11:39:08.928,9.57211,9.5736,1.00,1.00
2017.07.26 11:39:10.430,9.57211,9.57361,1.00,1.00
2017.07.26 11:39:10.721,9.57209,9.57361,1.00,1.00
2017.07.26 11:39:13.715,9.57209,9.5736,1.00,1.00
2017.07.26 11:39:15.218,9.57209,9.57361,1.00,1.00
2017.07.26 11:39:16.821,9.57209,9.5736,1.00,1.00
2017.07.26 11:39:19.409,9.57211,9.5736,1.00,1.00
2017.07.26 11:39:25.735,9.5721,9.5736,1.00,1.00
2017.07.26 11:39:29.794,9.5721,9.57356,1.00,1.00
2017.07.26 11:39:30.191,9.5721,9.57346,1.00,1.00
2017.07.26 11:39:30.329,9.57187,9.57346,1.00,1.00
2017.07.26 11:39:30.380,9.57187,9.5735,1.00,1.00
2017.07.26 11:39:34.489,9.57197,9.57359,1.00,1.00
2017.07.26 11:39:40.765,9.57194,9.57357,1.00,1.00
2017.07.26 11:39:41.029,9.57206,9.57368,1.00,1.00
2017.07.26 11:39:41.766,9.57195,9.57357,1.00,1.00
2017.07.26 11:39:43.769,9.57206,9.57368,1.00,1.00
2017.07.26 11:39:45.352,9.57195,9.57357,1.00,1.00
2017.07.26 11:39:45.863,9.57216,9.57374,1.00,1.00
2017.07.26 11:39:45.915,9.57216,9.57378,1.00,1.00
2017.07.26 11:39:46.488,9.57216,9.57377,1.00,1.00
2017.07.26 11:39:46.997,9.57216,9.57376,1.00,1.00
2017.07.26 11:39:47.796,9.57216,9.57378,1.00,1.00
2017.07.26 11:39:49.485,9.57213,9.57376,1.00,1.00
2017.07.26 11:40:04.500,9.57214,9.57377,1.00,1.00
2017.07.26 11:40:10.162,9.57214,9.57377,1.00,1.60
2017.07.26 11:40:10.468,9.57214,9.57377,1.00,1.60
2017.07.26 11:40:10.844,9.57211,9.5738,1.00,1.60
2017.07.26 11:40:11.381,9.57211,9.5738,1.00,1.60
2017.07.26 11:40:11.432,9.57211,9.5738,1.00,1.60
2017.07.26 11:40:11.585,9.57211,9.5737,1.00,1.00
2017.07.26 11:40:11.910,9.57211,9.5738,1.00,2.10
2017.07.26 11:40:16.760,9.57211,9.5738,1.00,1.00
2017.07.26 11:40:17.930,9.57211,9.5738,1.00,1.60
2017.07.26 11:40:18.445,9.57211,9.5738,1.00,1.00
2017.07.26 11:40:18.901,9.57211,9.5738,1.00,1.60
2017.07.26 11:40:18.952,9.57211,9.5738,1.00,1.35
2017.07.26 11:40:19.030,9.57211,9.5738,1.00,1.60
2017.07.26 11:40:19.132,9.57211,9.5738,1.00,1.35
2017.07.26 11:40:19.580,9.5722,9.5738,1.00,1.00
2017.07.26 11:40:24.737,9.5722,9.57381,1.00,1.00
2017.07.26 11:40:25.042,9.5722,9.5737,1.00,1.00
2017.07.26 11:40:30.470,9.57204,9.57367,1.00,1.00
2017.07.26 11:40:34.141,9.57193,9.57324,1.00,1.00
2017.07.26 11:40:34.193,9.57182,9.57324,1.00,1.00
2017.07.26 11:40:34.244,9.57174,9.57324,1.00,1.00
2017.07.26 11:40:34.295,9.57174,9.57324,1.00,1.60
2017.07.26 11:40:34.346,9.5715,9.57312,1.00,1.60
2017.07.26 11:40:34.499,9.5715,9.573,1.00,1.60
2017.07.26 11:40:34.803,9.5715,9.57306,1.00,1.60
2017.07.26 11:40:34.905,9.5715,9.57306,1.00,1.00
2017.07.26 11:40:35.008,9.5715,9.57312,1.00,1.00
2017.07.26 11:40:35.266,9.57138,9.57303,1.00,1.00
2017.07.26 11:40:35.667,9.57151,9.57315,1.00,1.00
2017.07.26 11:40:39.792,9.57151,9.5731,1.00,1.00
2017.07.26 11:40:40.197,9.57151,9.573,1.00,1.00
2017.07.26 11:40:40.249,9.57141,9.573,1.00,1.00
2017.07.26 11:40:40.628,9.57124,9.57287,1.00,1.00
2017.07.26 11:40:40.680,9.57136,9.57298,1.00,1.00
2017.07.26 11:40:40.732,9.57148,9.57311,1.00,1.00
2017.07.26 11:40:41.037,9.57169,9.57331,1.00,1.00
2017.07.26 11:40:44.327,9.5718,9.57342,1.00,1.00
2017.07.26 11:40:48.758,9.57197,9.57359,1.00,1.00
2017.07.26 11:40:49.081,9.57186,9.57348,1.00,1.00
2017.07.26 11:40:49.802,9.57189,9.57351,1.00,1.00
2017.07.26 11:40:55.965,9.57184,9.57346,1.00,1.00
2017.07.26 11:41:04.653,9.57188,9.5735,1.00,1.00
2017.07.26 11:41:53.617,9.57197,9.57361,1.00,1.00
2017.07.26 11:41:53.748,9.57186,9.57348,1.00,1.00
2017.07.26 11:41:55.241,9.57186,9.57348,1.00,1.60
2017.07.26 11:41:55.545,9.57105,9.57251,1.00,1.60
2017.07.26 11:41:55.596,9.57086,9.57246,1.00,1.60
2017.07.26 11:41:55.648,9.57086,9.57246,1.00,1.60
2017.07.26 11:41:55.699,9.57083,9.5724,1.00,1.60
2017.07.26 11:41:55.751,9.57083,9.5724,1.00,1.00
2017.07.26 11:41:55.802,9.57083,9.5724,1.00,1.60
2017.07.26 11:41:56.193,9.57061,9.5722,1.00,1.60
2017.07.26 11:41:56.429,9.57061,9.57223,1.00,1.00
2017.07.26 11:41:56.582,9.57075,9.57239,1.00,1.00
2017.07.26 11:41:56.684,9.57088,9.5725,1.00,1.00
2017.07.26 11:41:56.989,9.5713,9.57292,1.00,1.00
2017.07.26 11:41:58.074,9.5714,9.57303,1.00,1.00
2017.07.26 11:41:58.629,9.5713,9.57293,1.00,1.00
2017.07.26 11:42:04.756,9.57122,9.57285,1.00,1.00
2017.07.26 11:42:05.977,9.57119,9.57282,1.00,1.00
2017.07.26 11:42:06.282,9.57111,9.57273,1.00,1.00
2017.07.26 11:42:07.143,9.57109,9.57271,1.00,1.00
2017.07.26 11:42:08.897,9.57099,9.57261,1.00,1.00
2017.07.26 11:42:09.662,9.57099,9.57191,1.00,1.00
2017.07.26 11:42:09.713,9.5708,9.57192,1.00,1.60
2017.07.26 11:42:09.764,9.57049,9.57174,1.00,1.00
2017.07.26 11:42:09.816,9.57049,9.57174,1.00,1.60
2017.07.26 11:42:09.867,9.57015,9.57174,1.00,1.60
2017.07.26 11:42:09.918,9.57015,9.57174,1.00,1.60
2017.07.26 11:42:10.021,9.57015,9.57174,1.00,1.00
2017.07.26 11:42:10.384,9.57015,9.57174,1.00,1.60
2017.07.26 11:42:10.720,9.57015,9.57174,1.00,1.60
2017.07.26 11:42:11.093,9.57014,9.57174,1.00,1.60
2017.07.26 11:42:11.278,9.57014,9.5717,1.00,1.35
2017.07.26 11:42:11.329,9.57014,9.57174,1.00,1.00
2017.07.26 11:42:11.380,9.57004,9.57166,1.00,1.00
2017.07.26 11:42:18.795,9.57003,9.57165,1.00,1.00
2017.07.26 11:42:19.794,9.57005,9.57167,1.00,1.00
2017.07.26 11:42:20.556,9.57005,9.57167,1.00,1.60
2017.07.26 11:42:22.033,9.57005,9.57167,1.00,1.60
2017.07.26 11:42:23.235,9.57005,9.57167,1.00,1.35
2017.07.26 11:42:25.082,9.57005,9.57167,1.00,1.60
2017.07.26 11:42:26.126,9.56997,9.57159,1.00,1.00
2017.07.26 11:42:29.653,9.56997,9.57159,1.00,1.60
2017.07.26 11:42:29.704,9.56986,9.57149,1.00,1.60
2017.07.26 11:42:29.755,9.56974,9.57136,1.00,1.00
2017.07.26 11:42:29.807,9.56968,9.57111,1.00,1.00
2017.07.26 11:42:29.858,9.56968,9.57126,1.00,1.60
2017.07.26 11:42:29.909,9.56963,9.57126,1.00,1.60
2017.07.26 11:42:29.961,9.56963,9.57126,1.00,1.00
2017.07.26 11:42:30.764,9.56952,9.57115,1.00,1.00
2017.07.26 11:42:31.068,9.56963,9.57125,1.00,1.00
2017.07.26 11:42:31.119,9.56973,9.57137,1.00,1.00
2017.07.26 11:42:33.107,9.56947,9.57109,1.00,1.00
2017.07.26 11:42:33.538,9.5697,9.57135,1.00,1.00
2017.07.26 11:42:34.807,9.56967,9.5713,1.00,1.00
2017.07.26 11:42:49.879,9.56972,9.57134,1.00,1.00
2017.07.26 11:42:56.198,9.56977,9.5714,1.00,1.00
2017.07.26 11:42:57.001,9.56962,9.57124,1.00,1.50
2017.07.26 11:42:57.305,9.56923,9.57074,1.00,1.00
2017.07.26 11:43:00.253,9.5691,9.57074,1.00,1.50
2017.07.26 11:43:04.900,9.56917,9.57074,1.00,1.00
2017.07.26 11:43:09.019,9.5691,9.5704,1.00,1.00
2017.07.26 11:43:09.070,9.569,9.5704,1.50,1.00
2017.07.26 11:43:09.121,9.569,9.5704,1.00,1.60
2017.07.26 11:43:09.223,9.56874,9.57024,1.00,1.60
2017.07.26 11:43:09.324,9.56867,9.57024,1.00,1.60
2017.07.26 11:43:09.375,9.56867,9.57024,1.00,1.60
2017.07.26 11:43:09.426,9.56867,9.57024,1.00,1.00
2017.07.26 11:43:09.681,9.56867,9.57029,1.00,1.00
2017.07.26 11:43:09.732,9.56881,9.57041,1.00,1.00
2017.07.26 11:43:09.891,9.56881,9.57044,1.00,2.70
2017.07.26 11:43:11.204,9.56873,9.57035,1.00,1.00
2017.07.26 11:43:19.923,9.56879,9.57042,1.00,1.00
2017.07.26 11:43:26.216,9.56874,9.57036,1.00,1.00
2017.07.26 11:43:34.920,9.56873,9.57035,1.00,1.00
2017.07.26 11:43:41.245,9.56868,9.5703,1.00,1.00
2017.07.26 11:43:45.431,9.56869,9.57046,1.00,1.00
2017.07.26 11:43:47.482,9.56864,9.57027,1.00,1.00
2017.07.26 11:43:48.539,9.56865,9.57046,1.00,1.00
2017.07.26 11:43:48.984,9.56867,9.57046,1.00,1.00
2017.07.26 11:43:49.987,9.56866,9.57046,1.00,1.00
2017.07.26 11:43:52.353,9.56866,9.57046,1.00,2.10
2017.07.26 11:43:52.700,9.56814,9.56976,1.00,1.60
2017.07.26 11:43:52.751,9.56814,9.56976,1.00,1.00
2017.07.26 11:43:52.854,9.56799,9.56961,1.00,1.00
2017.07.26 11:43:53.484,9.5681,9.56972,1.00,1.00
2017.07.26 11:43:54.496,9.5681,9.56973,1.00,1.00
2017.07.26 11:43:55.995,9.56821,9.56983,1.00,1.60
2017.07.26 11:43:56.046,9.56821,9.56983,1.00,1.35
2017.07.26 11:43:56.230,9.56821,9.56983,1.00,1.60
2017.07.26 11:43:56.798,9.56821,9.56983,1.00,1.60
2017.07.26 11:43:57.053,9.56821,9.56983,1.00,1.60
2017.07.26 11:43:57.303,9.56821,9.56983,1.00,1.60
2017.07.26 11:43:57.647,9.56821,9.56983,1.00,1.60
2017.07.26 11:43:57.698,9.56811,9.56973,1.00,1.60
2017.07.26 11:43:57.850,9.56811,9.56973,1.00,1.60
2017.07.26 11:43:57.902,9.56811,9.56973,1.00,1.00
2017.07.26 11:43:58.054,9.56811,9.56973,1.00,1.60
2017.07.26 11:43:58.486,9.56811,9.56973,1.00,1.35
2017.07.26 11:43:58.689,9.56811,9.56973,1.00,1.60
2017.07.26 11:43:58.823,9.56823,9.56985,1.00,1.00
2017.07.26 11:43:59.026,9.56833,9.56996,1.00,1.00
2017.07.26 11:43:59.077,9.56842,9.57007,1.00,1.00
2017.07.26 11:43:59.229,9.56856,9.57018,1.00,1.00
2017.07.26 11:43:59.281,9.56861,9.57024,1.00,1.00
2017.07.26 11:44:00.327,9.56877,9.57024,1.00,1.00
2017.07.26 11:44:01.813,9.56887,9.57024,1.00,1.00
2017.07.26 11:44:02.932,9.56876,9.57024,1.00,1.00
2017.07.26 11:44:05.013,9.56868,9.57024,1.00,1.00
2017.07.26 11:44:07.817,9.56868,9.57034,1.00,1.00
2017.07.26 11:44:07.868,9.56886,9.57034,1.00,1.00
2017.07.26 11:44:07.970,9.56886,9.57039,1.00,1.00
2017.07.26 11:44:08.582,9.56886,9.5704,1.00,1.00
2017.07.26 11:44:09.344,9.56886,9.57029,1.00,1.00
2017.07.26 11:44:11.347,9.56885,9.57029,1.00,1.00
2017.07.26 11:44:12.718,9.56869,9.57029,1.00,1.00
2017.07.26 11:44:14.567,9.56869,9.5703,1.00,1.00
2017.07.26 11:44:16.989,9.56869,9.57031,1.00,1.00
2017.07.26 11:44:17.040,9.56898,9.57067,1.55,1.50
2017.07.26 11:44:17.344,9.56918,9.57064,1.00,1.00
2017.07.26 11:44:18.038,9.56924,9.57064,1.00,1.00
2017.07.26 11:44:18.617,9.56919,9.57064,1.00,1.00
2017.07.26 11:44:19.353,9.56891,9.57064,1.00,1.00
2017.07.26 11:44:33.925,9.56899,9.57064,1.00,1.00
2017.07.26 11:44:35.244,9.56898,9.57064,1.00,1.00
2017.07.26 11:44:35.513,9.56898,9.57066,1.00,1.50
2017.07.26 11:44:35.564,9.56898,9.5706,1.50,1.00
2017.07.26 11:44:35.892,9.569,9.5706,1.00,1.00
2017.07.26 11:44:36.853,9.569,9.57059,1.00,1.00
2017.07.26 11:44:38.399,9.569,9.5706,1.00,1.00
2017.07.26 11:44:39.876,9.569,9.57059,1.00,1.00
2017.07.26 11:44:41.366,9.569,9.5706,1.00,1.00
2017.07.26 11:44:41.670,9.56902,9.5706,1.00,1.00
2017.07.26 11:44:44.490,9.56902,9.57059,1.00,1.00
2017.07.26 11:44:44.802,9.56914,9.57059,1.00,1.00
2017.07.26 11:44:45.768,9.56914,9.57059,1.00,1.34
2017.07.26 11:44:46.741,9.56914,9.57059,1.00,1.00
2017.07.26 11:44:49.278,9.56902,9.57059,1.00,1.00
2017.07.26 11:44:50.230,9.56903,9.57059,1.00,1.00
2017.07.26 11:44:53.066,9.5692,9.57082,1.00,1.00
2017.07.26 11:44:53.117,9.56953,9.57095,1.00,1.00
2017.07.26 11:44:53.219,9.56953,9.57107,1.00,1.00
2017.07.26 11:44:53.321,9.56953,9.57118,1.00,1.00
2017.07.26 11:44:53.372,9.56975,9.57125,1.00,1.00
2017.07.26 11:44:53.424,9.56975,9.57138,1.00,1.00
2017.07.26 11:44:53.475,9.56998,9.57154,1.00,1.00
2017.07.26 11:44:53.628,9.57,9.57161,1.00,1.00
2017.07.26 11:44:53.730,9.57022,9.57185,1.00,1.00
2017.07.26 11:44:56.417,9.57031,9.57193,1.00,1.00
2017.07.26 11:44:56.945,9.57015,9.57154,1.00,1.00
2017.07.26 11:44:56.996,9.5701,9.57154,1.00,1.00
2017.07.26 11:44:57.047,9.5701,9.5714,1.00,1.00
2017.07.26 11:44:57.098,9.57002,9.57139,1.00,1.00
2017.07.26 11:44:57.350,9.57002,9.57164,1.00,2.10
2017.07.26 11:44:57.452,9.57002,9.57164,1.00,1.50
2017.07.26 11:44:59.466,9.57002,9.57164,1.00,2.10
2017.07.26 11:45:00.136,9.57002,9.57164,1.00,2.10
2017.07.26 11:45:00.187,9.5699,9.57153,1.00,1.00
2017.07.26 11:45:05.122,9.56989,9.57151,1.00,1.00
2017.07.26 11:45:11.541,9.56988,9.5715,1.00,1.00
2017.07.26 11:45:14.379,9.56981,9.57151,1.00,1.00
2017.07.26 11:45:20.152,9.56981,9.57153,1.00,1.80
2017.07.26 11:45:30.575,9.56981,9.57154,1.00,1.00
2017.07.26 11:45:32.679,9.56981,9.57164,1.00,1.97
2017.07.26 11:45:32.730,9.56981,9.57164,1.00,1.97
2017.07.26 11:45:33.235,9.56981,9.57161,1.00,1.30
2017.07.26 11:45:33.628,9.56981,9.57164,1.00,1.97
2017.07.26 11:45:34.165,9.56983,9.57164,1.00,1.97
2017.07.26 11:45:34.744,9.56983,9.57164,1.00,1.97
2017.07.26 11:45:35.267,9.56983,9.5716,1.00,1.60
2017.07.26 11:45:35.317,9.56981,9.5716,1.00,1.60
2017.07.26 11:45:35.616,9.56981,9.5716,1.00,1.60
2017.07.26 11:45:35.717,9.56981,9.5716,1.00,1.60
2017.07.26 11:45:36.311,9.56981,9.5716,1.00,1.60
2017.07.26 11:45:36.558,9.56981,9.5716,1.00,1.60
2017.07.26 11:45:36.791,9.56981,9.5716,1.00,1.60
2017.07.26 11:45:36.841,9.56981,9.5716,1.00,1.60
2017.07.26 11:45:37.217,9.56981,9.5716,1.00,1.60
2017.07.26 11:45:37.516,9.56981,9.5716,1.00,1.60
2017.07.26 11:45:37.923,9.56983,9.5716,1.00,1.60
2017.07.26 11:45:38.199,9.56981,9.5716,1.00,1.60
2017.07.26 11:45:38.812,9.56981,9.5716,1.00,1.60
2017.07.26 11:45:39.279,9.56983,9.5716,1.00,1.60
2017.07.26 11:45:39.580,9.56981,9.5716,1.00,1.60
2017.07.26 11:45:40.248,9.56981,9.5716,1.00,1.60
2017.07.26 11:45:40.298,9.56981,9.5716,1.00,1.60
2017.07.26 11:45:40.782,9.56981,9.5716,1.00,1.60
2017.07.26 11:45:41.099,9.56981,9.5716,1.00,1.00
2017.07.26 11:45:41.302,9.56984,9.5716,1.00,1.00
2017.07.26 11:45:41.612,9.56981,9.57164,1.00,1.37
2017.07.26 11:45:47.204,9.56981,9.57164,1.00,1.37
2017.07.26 11:45:49.293,9.56991,9.57153,1.00,1.00
2017.07.26 11:45:50.240,9.56981,9.57157,1.00,1.00
2017.07.26 11:45:52.006,9.56982,9.57157,1.00,1.00
2017.07.26 11:45:53.408,9.56981,9.57157,1.00,1.00
2017.07.26 11:45:53.459,9.56981,9.57144,1.00,1.20
2017.07.26 11:45:54.639,9.56983,9.57144,1.00,1.20
2017.07.26 11:45:54.904,9.56983,9.57157,1.00,1.00
2017.07.26 11:45:54.955,9.56983,9.57144,1.00,1.20
2017.07.26 11:45:55.057,9.56981,9.57144,1.00,1.20
2017.07.26 11:45:55.899,9.56981,9.57157,1.00,1.00
2017.07.26 11:45:56.056,9.56981,9.57144,1.00,1.20
2017.07.26 11:45:56.516,9.56993,9.57144,1.00,1.20
2017.07.26 11:45:58.506,9.56993,9.57155,1.00,1.00
2017.07.26 11:45:58.986,9.56993,9.57144,1.00,1.20
2017.07.26 11:46:01.165,9.56993,9.57145,1.00,1.20
2017.07.26 11:46:01.373,9.56993,9.57155,1.00,1.00
2017.07.26 11:46:01.425,9.56993,9.57144,1.00,1.20
2017.07.26 11:46:03.263,9.56993,9.57155,1.00,1.00
2017.07.26 11:46:03.880,9.56993,9.57144,1.00,1.20
2017.07.26 11:46:03.931,9.56993,9.57155,1.00,1.00
2017.07.26 11:46:04.099,9.56993,9.57145,1.00,1.20
2017.07.26 11:46:04.151,9.56993,9.57155,1.00,1.00
2017.07.26 11:46:04.202,9.56993,9.57144,1.00,1.20
2017.07.26 11:46:04.304,9.56993,9.57155,1.00,1.00
2017.07.26 11:46:04.406,9.56993,9.57144,1.00,1.20
2017.07.26 11:46:04.662,9.56993,9.57155,1.00,1.00
2017.07.26 11:46:05.242,9.56985,9.57163,1.00,1.37
2017.07.26 11:46:05.900,9.56985,9.57144,1.00,1.20
2017.07.26 11:46:06.184,9.56985,9.57163,1.00,1.37
2017.07.26 11:46:06.235,9.56985,9.57144,1.00,1.20
2017.07.26 11:46:06.746,9.56985,9.57145,1.00,1.20
2017.07.26 11:46:06.874,9.56985,9.57163,1.00,1.37
2017.07.26 11:46:09.069,9.56985,9.57144,1.00,1.20
2017.07.26 11:46:09.120,9.56985,9.57163,1.00,1.37
2017.07.26 11:46:09.171,9.56985,9.57144,1.00,1.20
2017.07.26 11:46:09.294,9.56985,9.57163,1.00,1.37
2017.07.26 11:46:09.345,9.56985,9.57144,1.00,1.20
2017.07.26 11:46:10.872,9.56985,9.57163,1.00,1.37
2017.07.26 11:46:11.028,9.56985,9.57144,1.00,1.20
2017.07.26 11:46:11.180,9.56985,9.57163,1.00,1.37
2017.07.26 11:46:11.393,9.56985,9.57144,1.00,1.20
2017.07.26 11:46:11.545,9.56985,9.57163,1.00,1.37
2017.07.26 11:46:11.597,9.56999,9.57161,1.00,1.37
2017.07.26 11:46:11.903,9.56999,9.57144,1.00,1.20
2017.07.26 11:46:12.055,9.56999,9.57161,1.00,1.37
2017.07.26 11:46:20.300,9.56993,9.57156,1.00,1.00
2017.07.26 11:46:26.606,9.56993,9.57155,1.00,1.00
2017.07.26 11:46:27.503,9.56993,9.57144,1.00,1.20
2017.07.26 11:46:27.560,9.56993,9.57155,1.00,1.00
2017.07.26 11:46:27.662,9.56993,9.57145,1.00,1.20
2017.07.26 11:46:27.857,9.56993,9.57155,1.00,1.00
2017.07.26 11:46:31.301,9.56993,9.57144,1.00,1.20
2017.07.26 11:46:31.586,9.56993,9.57155,1.00,1.00
2017.07.26 11:46:31.637,9.56993,9.57144,1.00,1.20
2017.07.26 11:46:35.280,9.57001,9.57144,1.00,1.20
2017.07.26 11:46:36.758,9.57001,9.57164,1.00,1.50
2017.07.26 11:46:36.957,9.57001,9.57164,1.00,1.37
2017.07.26 11:46:43.524,9.56991,9.57153,1.00,1.37
2017.07.26 11:46:44.499,9.56988,9.5715,1.00,1.00
2017.07.26 11:46:49.733,9.56988,9.57146,1.00,1.37
2017.07.26 11:46:49.784,9.5698,9.57146,1.00,1.37
2017.07.26 11:46:49.835,9.56971,9.57146,1.50,1.37
2017.07.26 11:46:50.752,9.56972,9.57146,1.00,1.37
2017.07.26 11:46:56.662,9.56976,9.57152,1.00,1.37
2017.07.26 11:47:05.405,9.56978,9.57141,1.00,1.37
2017.07.26 11:47:09.687,9.56978,9.57141,1.00,1.00
2017.07.26 11:47:11.665,9.56986,9.57148,1.00,1.00
2017.07.26 11:47:12.158,9.56986,9.57144,1.00,1.20
2017.07.26 11:47:12.919,9.56986,9.57148,1.00,1.00
2017.07.26 11:47:14.927,9.56986,9.57144,1.00,1.20
2017.07.26 11:47:15.304,9.56986,9.57148,1.00,1.00
2017.07.26 11:47:15.703,9.56986,9.57144,1.00,1.20
2017.07.26 11:47:20.420,9.56985,9.57144,1.00,1.20
2017.07.26 11:47:25.899,9.56985,9.57148,1.00,1.00
2017.07.26 11:47:26.696,9.56988,9.5715,1.00,1.00
2017.07.26 11:47:27.025,9.56997,9.57159,1.00,1.37
2017.07.26 11:47:27.353,9.56997,9.57145,1.00,1.20
2017.07.26 11:47:28.068,9.56997,9.57144,1.00,1.20
2017.07.26 11:47:28.935,9.56985,9.57144,1.00,1.20
2017.07.26 11:47:29.041,9.56985,9.57148,1.00,1.00
2017.07.26 11:47:29.142,9.56985,9.57144,1.00,1.20
2017.07.26 11:47:29.325,9.56985,9.57148,1.00,1.00
2017.07.26 11:47:29.560,9.56985,9.57144,1.00,1.20
2017.07.26 11:47:29.707,9.56985,9.57148,1.00,1.00
2017.07.26 11:47:29.758,9.56985,9.57144,1.00,1.20
2017.07.26 11:47:30.430,9.56985,9.57148,1.00,1.00
2017.07.26 11:47:30.520,9.56985,9.57144,1.00,1.20
2017.07.26 11:47:30.846,9.56985,9.57148,1.00,1.00
2017.07.26 11:47:30.946,9.56985,9.57145,1.00,1.20
2017.07.26 11:47:31.831,9.56985,9.57148,1.00,1.00
2017.07.26 11:47:32.359,9.56985,9.57148,1.00,1.37
2017.07.26 11:47:35.401,9.56982,9.57145,1.00,1.00
2017.07.26 11:47:40.819,9.56982,9.57144,1.00,1.20
2017.07.26 11:47:41.326,9.56982,9.57145,1.00,1.95
2017.07.26 11:47:41.849,9.56983,9.57145,1.00,1.00
2017.07.26 11:47:42.392,9.56983,9.57144,1.00,1.20
2017.07.26 11:47:47.035,9.56983,9.57145,1.00,1.12
2017.07.26 11:47:47.576,9.56983,9.57145,1.00,1.37
2017.07.26 11:47:50.480,9.56979,9.57141,1.00,1.00
2017.07.26 11:47:53.163,9.56958,9.57135,1.00,1.37
2017.07.26 11:47:53.265,9.56958,9.57137,1.00,1.00
2017.07.26 11:47:53.519,9.56978,9.57137,1.00,1.00
2017.07.26 11:47:53.671,9.56978,9.57142,1.00,1.00
2017.07.26 11:47:56.800,9.56977,9.57136,1.00,1.00
2017.07.26 11:48:00.193,9.56977,9.57139,1.00,1.00
2017.07.26 11:48:20.528,9.56984,9.57146,1.00,1.87
2017.07.26 11:48:21.198,9.56984,9.57146,1.00,1.37
2017.07.26 11:48:24.442,9.56984,9.57146,1.00,1.00
2017.07.26 11:48:24.493,9.56987,9.5715,1.00,1.00
2017.07.26 11:48:24.697,9.56987,9.5715,1.00,1.37
2017.07.26 11:48:24.798,9.56987,9.5715,1.00,1.00
2017.07.26 11:48:24.900,9.56987,9.5715,1.00,1.37
2017.07.26 11:48:25.001,9.56987,9.5715,1.00,1.00
2017.07.26 11:48:26.819,9.56985,9.57149,1.00,1.00
2017.07.26 11:48:27.230,9.56985,9.57149,1.00,1.37
2017.07.26 11:48:28.053,9.56985,9.57149,1.00,1.00
2017.07.26 11:48:28.524,9.56967,9.57147,1.00,1.00
2017.07.26 11:48:28.635,9.56967,9.57144,1.00,1.00
2017.07.26 11:48:28.974,9.56971,9.57133,1.00,1.00
2017.07.26 11:48:29.025,9.56981,9.57144,1.00,1.50
2017.07.26 11:48:30.217,9.56986,9.57148,1.00,1.00
2017.07.26 11:48:35.570,9.56982,9.57145,1.00,1.00
2017.07.26 11:48:41.895,9.56979,9.57142,1.00,1.00
2017.07.26 11:48:56.925,9.56987,9.5715,1.00,1.00
2017.07.26 11:48:58.257,9.56987,9.57144,1.00,1.20
2017.07.26 11:48:59.052,9.56987,9.5715,1.00,1.00
2017.07.26 11:48:59.980,9.56989,9.57154,1.00,1.00
2017.07.26 11:49:00.179,9.56989,9.57144,1.00,1.20
2017.07.26 11:49:02.134,9.56989,9.57154,1.00,1.00
2017.07.26 11:49:02.234,9.56989,9.57144,1.00,1.20
2017.07.26 11:49:02.904,9.56989,9.57154,1.00,1.00
2017.07.26 11:49:05.630,9.56987,9.57149,1.00,1.00
2017.07.26 11:49:26.985,9.56989,9.57151,1.00,1.00
2017.07.26 11:49:40.203,9.56989,9.57144,1.00,1.20
2017.07.26 11:49:40.270,9.56989,9.57151,1.00,1.00
2017.07.26 11:49:41.966,9.56992,9.57154,1.00,1.00
2017.07.26 11:49:47.385,9.56982,9.57144,1.00,1.00
2017.07.26 11:49:50.500,9.56979,9.57141,1.00,1.00
2017.07.26 11:49:57.023,9.5698,9.57142,1.00,1.00
2017.07.26 11:50:05.749,9.56986,9.57148,1.00,1.00
2017.07.26 11:50:07.093,9.56991,9.57153,1.00,1.00
2017.07.26 11:50:11.598,9.56996,9.57159,1.00,1.00
2017.07.26 11:50:12.073,9.56985,9.57164,1.00,1.00
2017.07.26 11:50:12.723,9.56985,9.57159,1.00,1.00
2017.07.26 11:50:13.587,9.56984,9.57147,1.00,1.00
2017.07.26 11:50:13.918,9.56996,9.57158,1.00,1.00
2017.07.26 11:50:20.779,9.57,9.57162,1.00,1.00
2017.07.26 11:50:21.273,9.57,9.57159,1.00,1.00
2017.07.26 11:50:24.702,9.57,9.57162,1.00,1.00
2017.07.26 11:50:24.859,9.57,9.57159,1.00,1.00
2017.07.26 11:50:24.961,9.57,9.57162,1.00,1.00
2017.07.26 11:50:25.861,9.57,9.5716,1.00,1.00
2017.07.26 11:50:26.304,9.57,9.57162,1.00,1.00
2017.07.26 11:50:26.507,9.57,9.5716,1.00,1.00
2017.07.26 11:50:27.104,9.56999,9.5716,1.00,1.00
2017.07.26 11:50:27.342,9.56988,9.5715,1.00,1.00
2017.07.26 11:50:31.292,9.56988,9.57146,1.00,1.00
2017.07.26 11:50:31.393,9.56988,9.5715,1.00,1.00
2017.07.26 11:50:35.780,9.56984,9.57146,1.00,1.00
2017.07.26 11:50:40.604,9.56984,9.57144,1.00,1.00
2017.07.26 11:50:42.123,9.5698,9.57143,1.00,1.00
2017.07.26 11:50:49.605,9.56967,9.57147,1.00,1.37
2017.07.26 11:50:49.656,9.56967,9.57139,1.00,1.00
2017.07.26 11:50:49.966,9.56967,9.57131,1.00,1.00
2017.07.26 11:50:50.068,9.56958,9.57131,1.00,1.00
2017.07.26 11:50:50.119,9.56958,9.57138,1.00,1.37
2017.07.26 11:50:50.797,9.56947,9.57109,1.00,1.00
2017.07.26 11:50:53.860,9.56937,9.57099,1.00,1.00
2017.07.26 11:50:54.063,9.56945,9.57108,1.00,1.00
2017.07.26 11:50:54.204,9.56945,9.5712,1.00,1.00
2017.07.26 11:50:55.040,9.56942,9.57107,1.00,1.00
2017.07.26 11:50:55.737,9.56943,9.57116,1.00,1.00
2017.07.26 11:50:56.729,9.56941,9.57103,1.00,1.00
2017.07.26 11:50:57.086,9.56941,9.571,1.00,1.00
2017.07.26 11:50:57.137,9.56942,9.57119,1.00,1.00
2017.07.26 11:50:57.349,9.56939,9.57102,1.00,1.00
2017.07.26 11:50:57.603,9.56941,9.57106,1.00,1.00
2017.07.26 11:50:57.654,9.56941,9.57113,1.00,1.00
2017.07.26 11:50:58.862,9.56941,9.57124,1.00,1.37
2017.07.26 11:50:58.964,9.56939,9.57101,1.00,1.00
2017.07.26 11:50:59.116,9.56941,9.57112,1.00,1.00
2017.07.26 11:50:59.167,9.56941,9.5712,1.00,1.00
2017.07.26 11:50:59.219,9.56937,9.57099,1.00,1.00
2017.07.26 11:50:59.523,9.56954,9.57104,1.00,1.00
2017.07.26 11:50:59.574,9.56954,9.57124,1.00,1.00
2017.07.26 11:50:59.625,9.56954,9.57139,1.00,1.50
2017.07.26 11:50:59.970,9.56965,9.57128,1.00,1.00
2017.07.26 11:51:05.819,9.56971,9.57134,1.00,1.37
2017.07.26 11:51:12.194,9.5697,9.57133,1.00,1.37
2017.07.26 11:51:20.876,9.56969,9.57131,1.00,1.37
2017.07.26 11:51:27.208,9.5697,9.57132,1.00,1.37
2017.07.26 11:51:30.269,9.5697,9.57132,1.00,1.97
2017.07.26 11:51:30.574,9.56936,9.57064,1.00,1.00
2017.07.26 11:51:30.755,9.56904,9.57064,1.00,1.00
2017.07.26 11:51:35.880,9.56903,9.57064,1.00,1.00
2017.07.26 11:51:37.224,9.56903,9.57065,1.00,1.50
2017.07.26 11:51:38.098,9.56903,9.57064,1.00,1.00
2017.07.26 11:51:41.354,9.56903,9.57064,1.60,1.00
2017.07.26 11:51:41.405,9.56903,9.57064,1.35,1.00
2017.07.26 11:51:42.055,9.56903,9.57064,1.60,1.00
2017.07.26 11:51:42.531,9.56907,9.57064,1.00,1.00
2017.07.26 11:51:43.572,9.56907,9.57065,1.00,1.00
2017.07.26 11:51:44.126,9.56907,9.57064,1.00,1.00
2017.07.26 11:51:45.010,9.5691,9.57064,1.00,1.00
2017.07.26 11:51:45.111,9.56906,9.57064,1.00,1.00
2017.07.26 11:51:45.162,9.56909,9.57068,1.00,1.00
2017.07.26 11:51:46.318,9.56909,9.57076,1.50,1.00
2017.07.26 11:51:48.804,9.56909,9.57077,1.00,1.00
2017.07.26 11:51:49.348,9.56909,9.57076,1.00,1.00
2017.07.26 11:51:50.131,9.56909,9.57077,1.00,1.00
2017.07.26 11:51:52.414,9.56909,9.57076,1.50,1.00
2017.07.26 11:51:57.336,9.56909,9.57077,1.00,1.00
2017.07.26 11:51:57.758,9.56903,9.57065,1.00,1.00
2017.07.26 11:51:58.063,9.56866,9.57027,1.00,1.00
2017.07.26 11:51:58.115,9.56864,9.57027,1.00,1.00
2017.07.26 11:51:58.708,9.56877,9.57039,1.00,1.00
2017.07.26 11:52:00.160,9.56889,9.57051,1.00,1.00
2017.07.26 11:52:05.977,9.56891,9.57055,1.00,1.00
2017.07.26 11:52:12.314,9.56887,9.57049,1.00,1.00
2017.07.26 11:52:15.267,9.56887,9.57044,1.00,1.20
2017.07.26 11:52:16.460,9.56887,9.57049,1.00,1.00
2017.07.26 11:52:18.302,9.56887,9.57044,1.00,1.20
2017.07.26 11:52:18.352,9.56887,9.57049,1.00,1.00
2017.07.26 11:52:19.173,9.56887,9.57044,1.00,1.20
2017.07.26 11:52:19.430,9.56887,9.57049,1.00,1.00
2017.07.26 11:52:19.602,9.5688,9.57043,1.00,1.00
2017.07.26 11:52:21.241,9.56894,9.5704,1.00,1.00
2017.07.26 11:52:21.766,9.56894,9.57039,1.00,1.00
2017.07.26 11:52:22.270,9.56899,9.57039,1.00,1.00
2017.07.26 11:52:22.640,9.56899,9.57049,1.00,1.00
2017.07.26 11:52:24.208,9.56889,9.57049,1.00,1.00
2017.07.26 11:52:24.310,9.56889,9.57039,1.00,1.00
2017.07.26 11:52:25.760,9.56881,9.57039,1.00,1.00
2017.07.26 11:52:27.316,9.56879,9.57039,1.00,1.00
2017.07.26 11:52:30.554,9.56879,9.5704,1.00,1.00
2017.07.26 11:52:31.979,9.56879,9.57039,1.00,1.00
2017.07.26 11:52:33.533,9.56894,9.57039,1.00,1.00
2017.07.26 11:52:35.398,9.56894,9.5704,1.00,1.00
2017.07.26 11:52:36.049,9.56886,9.5704,1.00,1.00
2017.07.26 11:52:36.558,9.56881,9.57039,1.00,1.00
2017.07.26 11:52:37.956,9.56879,9.57039,1.00,1.00
2017.07.26 11:52:40.053,9.56879,9.5704,1.00,1.00
2017.07.26 11:52:40.752,9.56879,9.57039,1.00,1.00
2017.07.26 11:52:41.591,9.56883,9.57039,1.00,1.00
2017.07.26 11:52:42.175,9.56895,9.57049,1.00,1.00
2017.07.26 11:52:43.146,9.56897,9.57049,1.00,1.00
2017.07.26 11:52:46.013,9.56959,9.57074,1.00,1.00
2017.07.26 11:52:46.064,9.56959,9.57084,1.00,1.00
2017.07.26 11:52:46.115,9.56959,9.57076,1.00,1.00
2017.07.26 11:52:46.166,9.56955,9.57076,1.00,1.00
2017.07.26 11:52:46.217,9.56938,9.57076,1.00,1.00
2017.07.26 11:52:46.319,9.56927,9.57076,1.00,1.00
2017.07.26 11:52:46.471,9.56916,9.57074,1.00,1.50
2017.07.26 11:52:46.522,9.56916,9.57057,1.00,1.00
2017.07.26 11:52:46.573,9.56895,9.57057,1.00,1.00
2017.07.26 11:52:47.075,9.56894,9.57057,1.00,1.00
2017.07.26 11:52:47.506,9.5689,9.57055,1.00,1.00
2017.07.26 11:52:51.075,9.56889,9.57046,1.00,1.00
2017.07.26 11:52:57.355,9.56889,9.57049,1.00,1.00
2017.07.26 11:53:06.090,9.56889,9.57048,1.00,1.00
2017.07.26 11:53:10.442,9.5689,9.57048,1.00,1.00
2017.07.26 11:53:11.454,9.56891,9.57068,1.00,1.00
2017.07.26 11:53:12.504,9.56892,9.57069,1.00,1.00
2017.07.26 11:53:16.356,9.56892,9.57069,1.00,1.37
2017.07.26 11:53:17.878,9.56889,9.5705,1.00,1.00
2017.07.26 11:53:19.352,9.56889,9.57049,1.00,1.00
2017.07.26 11:53:21.139,9.56895,9.57057,1.00,1.00
2017.07.26 11:53:25.456,9.56898,9.5706,1.00,1.00
2017.07.26 11:53:27.414,9.56898,9.57061,1.00,1.00
2017.07.26 11:53:31.525,9.56889,9.57051,1.00,1.00
2017.07.26 11:53:36.147,9.56893,9.57055,1.00,1.00
2017.07.26 11:53:42.444,9.5689,9.57053,1.00,1.00
2017.07.26 11:53:48.941,9.56902,9.57064,1.00,1.00
2017.07.26 11:53:49.671,9.56891,9.57053,1.00,1.00
2017.07.26 11:53:50.256,9.56901,9.57064,1.00,1.00
2017.07.26 11:53:51.185,9.56903,9.57066,1.00,1.00
2017.07.26 11:53:57.523,9.56908,9.5707,1.00,1.00
2017.07.26 11:54:06.217,9.56908,9.57071,1.00,1.00
2017.07.26 11:54:06.764,9.56908,9.5707,1.00,1.00
2017.07.26 11:54:07.266,9.56908,9.57071,1.00,1.00
2017.07.26 11:54:18.697,9.56914,9.57071,1.00,1.00
2017.07.26 11:54:21.261,9.56914,9.57074,1.00,1.50
2017.07.26 11:54:25.464,9.56914,9.57075,1.00,1.50
2017.07.26 11:54:26.007,9.56914,9.57074,1.00,1.50
2017.07.26 11:54:26.571,9.56913,9.57074,1.00,2.25
2017.07.26 11:54:27.540,9.56908,9.57073,1.00,1.00
2017.07.26 11:54:36.288,9.5691,9.57072,1.00,1.00
2017.07.26 11:54:38.350,9.56913,9.57072,1.00,1.00
2017.07.26 11:54:42.564,9.56913,9.57074,1.00,3.45
2017.07.26 11:54:57.605,9.56913,9.57071,1.00,1.00
2017.07.26 11:54:59.449,9.56912,9.57071,1.00,1.00
2017.07.26 11:55:06.106,9.56913,9.57071,1.00,1.00
2017.07.26 11:55:12.188,9.56908,9.57071,1.00,1.00
2017.07.26 11:55:12.624,9.5691,9.57073,1.00,1.50
2017.07.26 11:55:13.210,9.5691,9.57072,1.00,1.00
2017.07.26 11:55:14.632,9.5691,9.57073,1.00,1.00
2017.07.26 11:55:15.243,9.5691,9.57072,1.00,1.00
2017.07.26 11:55:15.751,9.5691,9.57073,1.00,1.00
2017.07.26 11:55:16.082,9.56899,9.57024,1.00,1.00
2017.07.26 11:55:16.217,9.56878,9.57024,1.00,1.00
2017.07.26 11:55:16.646,9.56874,9.57024,1.00,1.00
2017.07.26 11:55:16.779,9.56872,9.57024,1.00,1.00
2017.07.26 11:55:17.651,9.5687,9.57024,1.00,1.00
2017.07.26 11:55:18.816,9.5687,9.57039,1.00,1.00
2017.07.26 11:55:18.867,9.5688,9.57039,1.00,1.00
2017.07.26 11:55:18.918,9.56885,9.57049,1.00,1.50
2017.07.26 11:55:18.969,9.56903,9.57049,1.00,1.50
2017.07.26 11:55:19.071,9.56903,9.57062,1.00,1.00
2017.07.26 11:55:19.780,9.56902,9.57062,1.00,1.00
2017.07.26 11:55:20.444,9.56899,9.57062,1.00,1.00
2017.07.26 11:55:21.337,9.56901,9.57063,1.00,1.00
2017.07.26 11:55:21.965,9.56901,9.57049,1.00,1.00
2017.07.26 11:55:27.704,9.56899,9.57049,1.00,1.00
2017.07.26 11:55:27.856,9.56899,9.57024,1.00,1.00
2017.07.26 11:55:27.958,9.56883,9.57024,1.00,1.00
2017.07.26 11:55:28.657,9.56879,9.57024,1.00,1.00
2017.07.26 11:55:32.591,9.56879,9.57034,1.00,1.00
2017.07.26 11:55:36.359,9.56874,9.57034,1.00,1.00
2017.07.26 11:55:37.342,9.56874,9.57039,1.00,1.00
2017.07.26 11:55:42.694,9.56875,9.57039,1.00,1.00
2017.07.26 11:55:43.684,9.56875,9.5704,1.00,1.50
2017.07.26 11:55:44.262,9.56875,9.57039,1.00,1.00
2017.07.26 11:55:47.836,9.56875,9.57039,1.00,1.07
2017.07.26 11:55:48.350,9.56875,9.57039,1.00,1.57
2017.07.26 11:55:51.390,9.56874,9.57039,1.00,1.57
2017.07.26 11:55:52.141,9.56874,9.57039,1.00,1.50
2017.07.26 11:55:52.343,9.56874,9.57039,1.00,1.07
2017.07.26 11:55:53.039,9.56874,9.57039,1.00,1.07
2017.07.26 11:55:53.627,9.56874,9.57032,1.00,1.07
2017.07.26 11:55:54.380,9.56874,9.57032,1.00,1.07
2017.07.26 11:55:55.964,9.56874,9.57035,1.00,1.07
2017.07.26 11:55:57.250,9.56874,9.5703,1.00,1.07
2017.07.26 11:55:57.733,9.5687,9.5703,1.00,1.07
2017.07.26 11:56:00.217,9.56872,9.57031,1.00,1.00
2017.07.26 11:56:00.319,9.56872,9.57039,1.00,1.00
2017.07.26 11:56:00.548,9.56872,9.57036,1.00,1.00
2017.07.26 11:56:01.616,9.56872,9.57039,1.00,1.00
2017.07.26 11:56:03.590,9.56872,9.5704,1.00,1.00
2017.07.26 11:56:03.641,9.56872,9.57036,1.00,1.00
2017.07.26 11:56:06.428,9.56879,9.57036,1.00,1.00
2017.07.26 11:56:06.479,9.56879,9.57039,1.00,1.00
2017.07.26 11:56:07.361,9.56879,9.57041,1.00,1.00
2017.07.26 11:56:07.412,9.56879,9.57039,1.00,1.00
2017.07.26 11:56:12.691,9.56872,9.56964,1.00,1.00
2017.07.26 11:56:12.742,9.5683,9.56964,1.00,1.50
2017.07.26 11:56:12.794,9.56836,9.56964,1.00,1.50
2017.07.26 11:56:13.098,9.56774,9.5693,1.00,1.10
2017.07.26 11:56:13.251,9.56774,9.56929,1.00,1.07
2017.07.26 11:56:13.786,9.56774,9.5693,1.00,1.07
2017.07.26 11:56:13.857,9.56763,9.56925,1.00,1.07
2017.07.26 11:56:14.067,9.56775,9.56937,1.00,1.50
2017.07.26 11:56:14.168,9.5679,9.56939,1.00,1.00
2017.07.26 11:56:17.162,9.5679,9.5694,1.00,1.00
2017.07.26 11:56:17.721,9.5679,9.56939,1.00,1.00
2017.07.26 11:56:21.463,9.56786,9.56939,1.00,1.00
2017.07.26 11:56:23.223,9.56778,9.56939,1.00,1.00
2017.07.26 11:56:24.744,9.56776,9.56939,1.00,1.00
2017.07.26 11:56:27.775,9.56775,9.56938,1.00,1.00
2017.07.26 11:56:28.303,9.56775,9.56938,1.00,1.07
2017.07.26 11:56:28.354,9.56775,9.56938,1.00,1.00
2017.07.26 11:56:32.677,9.56775,9.56938,1.00,1.07
2017.07.26 11:56:36.480,9.56773,9.56936,1.00,1.07
2017.07.26 11:56:40.400,9.56773,9.56936,1.00,1.00
2017.07.26 11:56:44.837,9.56773,9.56936,1.00,1.07
2017.07.26 11:56:45.827,9.5676,9.56924,1.00,1.00
2017.07.26 11:56:45.878,9.5675,9.56913,1.00,1.07
2017.07.26 11:56:45.929,9.56738,9.569,1.00,1.00
2017.07.26 11:56:46.133,9.56738,9.569,1.00,1.07
2017.07.26 11:56:46.439,9.56749,9.56909,1.00,1.00
2017.07.26 11:56:47.263,9.56749,9.56911,1.00,1.07
2017.07.26 11:56:49.090,9.56749,9.56911,1.00,1.00
2017.07.26 11:56:49.673,9.56749,9.56911,1.00,1.07
2017.07.26 11:56:51.510,9.56758,9.5692,1.00,1.07
2017.07.26 11:56:55.166,9.56759,9.56922,1.00,1.07
2017.07.26 11:56:58.037,9.56748,9.5691,1.00,1.10
2017.07.26 11:56:58.407,9.56757,9.56925,1.00,1.00
2017.07.26 11:56:58.508,9.56757,9.56925,1.00,1.07
2017.07.26 11:57:00.139,9.56757,9.56925,1.00,1.07
2017.07.26 11:57:00.240,9.56757,9.5692,1.00,1.00
2017.07.26 11:57:00.385,9.56757,9.56925,1.00,1.00
2017.07.26 11:57:00.437,9.56757,9.56925,1.00,1.07
2017.07.26 11:57:06.540,9.56761,9.56924,1.00,1.07
2017.07.26 11:57:08.040,9.56761,9.56924,1.00,1.07
2017.07.26 11:57:09.888,9.56761,9.56924,1.00,1.07
2017.07.26 11:57:12.914,9.56762,9.56924,1.00,1.07
2017.07.26 11:57:15.185,9.56762,9.56924,1.00,1.07
2017.07.26 11:57:15.698,9.56762,9.56924,1.00,1.07
2017.07.26 11:57:16.577,9.56762,9.56924,1.00,1.07
2017.07.26 11:57:17.779,9.56762,9.56924,1.00,1.07
2017.07.26 11:57:20.086,9.56762,9.56924,1.00,1.07
2017.07.26 11:57:20.630,9.56762,9.56924,1.00,1.07
2017.07.26 11:57:21.157,9.56762,9.56924,1.00,1.07
2017.07.26 11:57:21.570,9.56759,9.56919,1.00,1.07
2017.07.26 11:57:21.671,9.56759,9.56919,1.00,1.00
2017.07.26 11:57:21.723,9.56759,9.56924,1.00,1.00
2017.07.26 11:57:21.774,9.56759,9.56924,1.00,1.07
2017.07.26 11:57:23.318,9.56759,9.56921,1.00,1.10
2017.07.26 11:57:23.883,9.56759,9.56924,1.00,1.07
2017.07.26 11:57:26.922,9.56759,9.56924,1.00,1.00
2017.07.26 11:57:27.944,9.56769,9.56931,1.00,1.57
2017.07.26 11:57:28.499,9.56769,9.56931,1.00,1.07
2017.07.26 11:57:29.187,9.56769,9.56921,1.00,1.00
2017.07.26 11:57:29.722,9.56769,9.5693,1.00,1.07
2017.07.26 11:57:30.078,9.56753,9.56924,1.00,2.32
2017.07.26 11:57:30.183,9.56753,9.56894,1.00,1.07
2017.07.26 11:57:31.327,9.56737,9.56894,1.00,1.07
2017.07.26 11:57:31.628,9.56742,9.56895,1.00,1.07
2017.07.26 11:57:32.630,9.56742,9.56894,1.00,1.07
2017.07.26 11:57:34.587,9.56742,9.56895,1.00,1.07
2017.07.26 11:57:35.303,9.56742,9.56894,1.00,1.07
2017.07.26 11:57:39.127,9.56742,9.56895,1.00,1.07
2017.07.26 11:57:39.703,9.56742,9.56894,1.00,1.07
2017.07.26 11:57:42.925,9.5674,9.56894,1.00,1.07
2017.07.26 11:57:45.177,9.5674,9.56895,1.00,1.07
2017.07.26 11:57:45.695,9.5674,9.56894,1.00,1.07
2017.07.26 11:57:51.679,9.56745,9.56894,1.00,1.07
2017.07.26 11:57:56.066,9.56734,9.56894,1.00,1.45
2017.07.26 11:57:56.117,9.56723,9.56894,1.00,1.45
2017.07.26 11:57:57.962,9.56728,9.56888,1.00,1.37
2017.07.26 11:58:00.946,9.56728,9.56893,1.00,1.07
2017.07.26 11:58:00.997,9.5674,9.56902,1.00,1.50
2017.07.26 11:58:01.352,9.56753,9.56915,1.00,1.00
2017.07.26 11:58:01.511,9.56741,9.56905,1.00,1.00
2017.07.26 11:58:01.563,9.56758,9.56918,1.00,1.00
2017.07.26 11:58:01.887,9.56758,9.5689,1.00,1.20
2017.07.26 11:58:03.804,9.56758,9.56891,1.00,1.20
2017.07.26 11:58:04.391,9.56758,9.56885,1.00,1.07
2017.07.26 11:58:06.660,9.56753,9.5689,1.00,1.20
2017.07.26 11:58:11.020,9.56753,9.56916,1.00,1.00
2017.07.26 11:58:12.985,9.56757,9.56919,1.00,1.00
2017.07.26 11:58:16.564,9.56757,9.56915,1.00,1.00
2017.07.26 11:58:17.480,9.56757,9.56919,1.00,1.00
2017.07.26 11:58:18.782,9.56757,9.56917,1.00,1.00
2017.07.26 11:58:19.356,9.56757,9.56919,1.00,1.00
2017.07.26 11:58:20.860,9.56757,9.56917,1.00,1.00
2017.07.26 11:58:24.383,9.56757,9.56917,1.00,1.07
2017.07.26 11:58:24.966,9.56757,9.56917,1.00,1.07
2017.07.26 11:58:25.843,9.56757,9.56917,1.00,1.07
2017.07.26 11:58:28.015,9.56756,9.56917,1.00,1.07
2017.07.26 11:58:32.038,9.56756,9.56909,1.00,1.00
2017.07.26 11:58:32.570,9.56756,9.5691,1.00,1.10
2017.07.26 11:58:37.062,9.56756,9.56911,1.00,1.00
2017.07.26 11:58:37.609,9.56756,9.56918,1.00,1.07
2017.07.26 11:58:38.753,9.56756,9.56914,1.00,1.07
2017.07.26 11:58:39.255,9.56756,9.56918,1.00,1.07
2017.07.26 11:58:43.025,9.56756,9.56907,1.00,1.00
2017.07.26 11:58:43.364,9.56759,9.5692,1.00,1.07
2017.07.26 11:58:45.489,9.56759,9.56915,1.00,1.07
2017.07.26 11:58:46.103,9.56759,9.56922,1.00,1.07
2017.07.26 11:58:48.437,9.56759,9.56916,1.00,1.07
2017.07.26 11:58:48.775,9.56759,9.56908,1.00,1.00
2017.07.26 11:58:48.965,9.56759,9.5692,1.00,1.07
2017.07.26 11:58:49.516,9.56759,9.5692,1.00,1.07
2017.07.26 11:58:51.304,9.56759,9.5692,1.00,1.07
2017.07.26 11:58:51.975,9.56758,9.5692,1.00,1.57
2017.07.26 11:58:55.311,9.56758,9.5692,1.00,1.57
2017.07.26 11:58:56.010,9.56758,9.5692,1.00,1.57
2017.07.26 11:58:57.423,9.56758,9.56911,1.00,1.00
2017.07.26 11:58:57.483,9.56758,9.5692,1.00,1.00
2017.07.26 11:58:58.075,9.56759,9.56922,1.00,1.07
2017.07.26 11:58:58.920,9.56759,9.56922,1.00,1.07
2017.07.26 11:58:59.541,9.56759,9.56922,1.00,1.07
2017.07.26 11:59:01.341,9.56759,9.56922,1.00,1.07
2017.07.26 11:59:02.131,9.56759,9.56922,1.00,1.00
2017.07.26 11:59:02.356,9.56759,9.56922,1.00,1.07
2017.07.26 11:59:04.711,9.56759,9.56922,1.00,1.07
2017.07.26 11:59:05.908,9.56759,9.56922,1.00,1.07
2017.07.26 11:59:07.328,9.56759,9.56921,1.00,1.00
2017.07.26 11:59:13.155,9.56762,9.56924,1.00,1.00
2017.07.26 11:59:15.518,9.56762,9.56923,1.00,1.00
2017.07.26 11:59:16.263,9.56762,9.56922,1.00,1.00
2017.07.26 11:59:17.628,9.56762,9.56924,1.00,1.00
2017.07.26 11:59:19.950,9.56762,9.56923,1.00,1.00
2017.07.26 11:59:21.167,9.56762,9.56924,1.00,1.00
2017.07.26 11:59:21.576,9.56762,9.56921,1.00,1.00
2017.07.26 11:59:21.841,9.5676,9.56923,1.00,1.00
2017.07.26 11:59:24.479,9.5676,9.5692,1.00,1.00
2017.07.26 11:59:26.635,9.5676,9.5691,1.00,1.00
2017.07.26 11:59:26.946,9.5676,9.56919,1.00,1.00
2017.07.26 11:59:28.184,9.56756,9.56918,1.00,1.00
2017.07.26 11:59:29.891,9.56756,9.5691,1.00,1.00
2017.07.26 11:59:30.044,9.56756,9.56918,1.00,1.00
2017.07.26 11:59:30.875,9.56756,9.56915,1.00,1.00
2017.07.26 11:59:31.088,9.56756,9.56918,1.00,1.00
2017.07.26 11:59:32.785,9.56749,9.56912,1.00,1.00
2017.07.26 11:59:36.671,9.56749,9.56908,1.00,1.00
2017.07.26 11:59:36.855,9.56749,9.56912,1.00,1.00
2017.07.26 11:59:47.132,9.56749,9.56912,1.60,1.00
2017.07.26 11:59:47.183,9.56759,9.56922,1.00,1.07
2017.07.26 11:59:47.234,9.56759,9.56922,1.00,1.00
2017.07.26 11:59:47.285,9.56759,9.56924,1.00,1.50
2017.07.26 11:59:47.336,9.5677,9.56924,1.00,1.00
2017.07.26 11:59:47.388,9.56782,9.56943,1.00,1.00
2017.07.26 11:59:47.439,9.56787,9.56943,1.00,1.00
2017.07.26 11:59:47.692,9.56802,9.56964,1.00,1.00
2017.07.26 11:59:48.207,9.56789,9.56951,1.00,1.00
2017.07.26 11:59:48.566,9.56774,9.56941,1.00,1.00
2017.07.26 11:59:48.668,9.56764,9.56926,1.00,1.00
2017.07.26 11:59:49.014,9.56764,9.5692,1.00,1.00
2017.07.26 11:59:49.276,9.56764,9.56926,1.00,1.00
2017.07.26 11:59:49.378,9.56764,9.5692,1.00,1.00
2017.07.26 11:59:49.964,9.56764,9.56926,1.00,1.07
2017.07.26 11:59:51.870,9.56759,9.56921,1.00,1.10
2017.07.26 11:59:53.257,9.56759,9.56919,1.00,1.00
2017.07.26 11:59:53.644,9.56744,9.56919,1.00,1.00
2017.07.26 11:59:53.897,9.56744,9.56921,1.00,1.10
2017.07.26 11:59:57.151,9.56744,9.56921,1.00,1.07
2017.07.26 11:59:57.826,9.56744,9.56921,1.00,1.00
2017.07.26 11:59:58.244,9.56757,9.56919,1.00,1.00
